# File produced by Tripo

mtllib ReflectingAttack.mtl

# 7155 vertex positions
v 12.40906525 46.17050934 36.11356354
v 12.70086765 45.64068985 36.16008759
v 13.76754379 45.84820557 33.61998749
v 13.74096870 46.18595505 33.39382935
v 11.83044434 44.28244019 38.88764954
v 12.14693737 44.01700974 38.56890106
v 13.65870953 46.97536850 32.78650665
v 12.29948616 47.58581924 34.70106506
v 10.86672115 48.10640335 35.99636841
v 11.11248016 46.60356140 37.52323151
v 1.00555670 60.11657333 15.58206844
v 1.15464449 60.01398468 13.22702503
v 0.12971924 60.18618774 13.36542702
v -0.45703620 60.29433441 15.12977505
v 3.89695168 59.07521439 15.01581573
v 3.23458529 59.15789032 12.81396770
v -1.71038568 60.28869629 16.25885201
v -1.03846192 60.34169006 17.15124702
v -1.91986644 67.92999268 11.71799374
v -2.16158366 67.95944214 11.24275017
v -2.76047206 66.96434021 12.45018768
v -2.19160461 67.10874939 12.76825714
v -1.51140416 67.03487396 12.82735348
v -1.42927897 68.03015137 11.45089054
v -1.60192478 68.10533142 10.86665821
v -0.64712918 67.38174438 11.31292534
v -0.54641312 66.42356110 12.20482731
v -0.52819258 66.07415771 11.66592026
v -0.74220520 67.34766388 10.81736469
v -0.64712918 67.38174438 11.31292534
v -0.74220520 67.34766388 10.81736469
v -1.14163327 67.93699646 10.73896885
v -0.98833275 67.86218262 11.30735874
v -0.64712918 67.38174438 11.31292534
v -0.98833275 67.86218262 11.30735874
v -0.92121232 66.78211975 12.62194538
v -0.54641312 66.42356110 12.20482731
v -1.48519433 67.50919342 10.28567028
v -1.86979055 67.58655548 10.32014561
v -1.76852274 67.93768311 10.50211048
v -1.31198812 67.77326965 10.42094135
v -1.48519433 67.50919342 10.28567028
v -1.31198812 67.77326965 10.42094135
v -0.96244979 67.09599304 10.55536270
v -1.40477693 66.93289185 10.41243744
v -1.48519433 67.50919342 10.28567028
v -1.40477693 66.93289185 10.41243744
v -1.91778755 66.93205261 10.42990589
v -1.86979055 67.58655548 10.32014561
v -2.36495113 66.84619904 10.64846039
v -2.45667505 67.37168884 10.67985725
v -2.64697146 65.97431946 11.12693596
v -3.03879619 66.33364868 11.54819012
v -2.07337666 65.81808472 10.94092464
v -1.65458858 61.14730072 10.29631233
v -2.09440374 61.72763062 10.79370689
v -2.02345634 61.44975662 11.72494125
v -1.47670519 61.40262222 11.99220371
v -1.65458858 61.14730072 10.29631233
v -1.86380887 61.96853256 9.24567413
v -2.15104198 62.49929810 10.03733349
v -2.09440374 61.72763062 10.79370689
v -1.86027968 60.84538269 7.94040012
v -2.04542565 61.50596619 7.75160217
v -1.08826566 60.49892807 11.45031261
v -1.53339291 60.37937164 8.18145275
v -1.86027968 60.84538269 7.94040012
v -0.87241483 61.24958420 12.71271420
v -0.62855375 60.64591217 13.49489403
v -0.36614239 60.25307465 13.41341209
v -0.40672481 60.09695053 11.20003223
v -1.08826566 60.49892807 11.45031261
v -0.87241483 61.24958420 12.71271420
v -0.72509211 61.37601089 13.83885288
v -0.62855375 60.64591217 13.49489403
v 18.28963470 39.09957504 31.34321976
v 18.37906456 40.00621414 31.34325790
v 18.72830772 39.16847229 32.39778900
v 18.33195496 38.14493942 31.88487434
v 17.78383827 38.86309433 30.74647903
v 17.82641029 40.06784058 30.57901573
v 17.72733688 37.59661484 31.39512062
v 17.99998856 43.50739288 34.66172791
v 17.26557732 44.49074936 33.83316040
v 16.60619926 44.98051453 35.35776520
v 17.77342606 43.55379486 35.77075195
v 17.99998856 43.50739288 34.66172791
v 17.77342606 43.55379486 35.77075195
v 18.42915535 42.15210724 35.54736328
v 18.39570236 42.70254898 34.14896393
v 17.99998856 43.50739288 34.66172791
v 18.39570236 42.70254898 34.14896393
v 17.77647400 43.59666443 32.70609283
v 17.26557732 44.49074936 33.83316040
v 9.24944973 31.40670586 39.42976379
v 7.93004131 32.19523621 39.42466736
v 8.02718544 31.70266342 39.67409515
v 9.50174141 31.19223022 40.13311005
v 9.24944973 31.40670586 39.42976379
v 9.18887615 32.17112732 39.99974060
v 7.87896395 32.81137848 39.96929932
v 7.93004131 32.19523621 39.42466736
v 17.08270836 37.72903442 38.13346863
v 17.75550842 37.81536865 37.15561676
v 17.58947754 39.45860291 37.74308777
v 16.70343781 38.75484848 38.80458832
v 17.08270836 37.72903442 38.13346863
v 16.70343781 38.75484848 38.80458832
v 16.08831596 38.18548584 39.26016235
v 16.69436073 37.05151367 38.19430542
v 16.69436073 37.05151367 38.19430542
v 17.50532532 36.64429092 36.76182556
v 16.64326859 33.61908340 35.68222809
v 16.44855118 34.75531387 35.91934967
v 15.60218334 35.69752502 38.16426849
v 15.63311958 35.24888992 38.28113556
v 15.56784534 34.76931000 38.72966003
v 16.39514923 32.68022919 36.73915100
v 17.18868446 31.89139748 34.15039825
v 17.52300453 33.21742630 32.21569824
v 17.22351456 34.33588791 33.21763611
v 16.99286079 35.07982254 33.74469757
v 16.84200287 31.00054550 35.39925385
v -2.14963841 40.41832733 45.53626251
v -0.44834945 41.65993118 45.66595459
v -0.98003083 43.73329163 44.19423676
v -2.31963325 43.07965469 44.10085297
v -2.14963841 40.41832733 45.53626251
v -2.31963325 43.07965469 44.10085297
v -2.90465999 42.77310562 43.95788574
v -2.88103342 40.44941711 45.09461975
v -1.44912899 38.89883804 46.60054016
v 0.21258250 40.14967728 46.77223206
v -0.44834945 41.65993118 45.66595459
v -3.28247690 37.34025955 45.94561768
v -2.85512209 36.53473663 46.47645569
v -3.60169291 37.75301743 45.59682465
v 1.55574632 33.07044983 42.67573547
v 1.16790736 32.63072586 42.32072449
v 2.43349314 33.15207672 41.40028381
v 2.68768668 33.56738281 42.08587646
v 1.56414759 33.27694702 43.31668854
v 0.76215023 32.53310776 43.33074188
v 2.89076972 33.92282867 42.84596252
v 2.86416316 31.47461891 43.81747437
v 3.60778952 31.53907394 43.66461945
v 3.36342382 31.57280922 42.73725128
v 2.35475802 31.43047333 43.20926666
v 1.79092991 31.32406235 43.91210175
v 2.60151649 31.46056175 44.40579224
v 3.62015367 31.57794952 44.65042877
v 7.21555042 31.81833839 45.67659760
v 7.60164452 31.71056938 46.51278687
v 8.61667252 31.75232506 44.56891632
v 7.73009586 31.70242310 44.03594208
v 7.21555042 31.81833839 45.67659760
v 6.20694542 31.78959656 45.39309692
v 6.14354038 31.75460052 46.76192474
v 7.60164452 31.71056938 46.51278687
v 6.47770643 31.62853622 43.67257690
v 6.20694542 31.78959656 45.39309692
v 8.84662724 33.20481491 41.05988312
v 9.05333519 32.73717499 40.56335449
v 9.74406052 32.63343430 41.08414459
v 9.22760963 33.38722992 41.65718842
v 8.16544437 34.06445694 42.12860107
v 7.86662960 33.73836899 41.34549713
v 7.81980848 33.29815292 40.62765503
v 11.98789120 40.00656128 43.18115234
v 12.61316967 40.17094421 41.98635864
v 11.55634308 42.47067642 41.22901917
v 10.83676338 42.61637497 41.99160767
v 9.10527897 42.87078476 43.16686249
v 9.80275631 40.80641174 44.60533142
v 13.76134396 37.59859085 42.27995300
v 13.80629063 37.97473145 41.71392059
v 12.24170017 38.76099014 44.23133087
v 13.76714039 37.04255295 42.84220123
v 10.16525269 39.70379639 45.44568634
v 14.71864700 42.84737015 39.51656342
v 14.08547306 42.70949554 39.74454498
v 14.71328354 41.35277939 40.07368469
v 15.34526825 41.83878326 39.65617371
v 14.71864700 42.84737015 39.51656342
v 15.07948780 43.85419083 38.69827271
v 14.13202381 44.20694733 38.68521118
v 14.08547306 42.70949554 39.74454498
v 15.34526825 41.83878326 39.65617371
v 16.21877670 42.69523621 38.62348938
v 12.92253494 26.94622803 42.65268707
v 13.16975307 24.61676979 40.03132629
v 13.92442703 25.15261459 39.57027435
v 13.85302734 27.39559364 41.65084076
v 13.61113739 29.62859917 42.74189758
v 13.26766109 29.10751343 43.69493866
v 12.92253494 26.94622803 42.65268707
v 11.99084091 25.85663605 42.78001404
v 12.21764660 23.88880920 40.41761780
v 13.16975307 24.61676979 40.03132629
v 12.02746391 29.14490128 45.14759064
v 11.61200142 28.02312088 45.04013062
v 11.61200142 28.02312088 45.04013062
v 10.99427700 27.25923157 45.03690338
v 13.61113739 29.62859917 42.74189758
v 12.95203972 30.26168823 42.81130981
v 12.80689144 30.16970825 43.68331909
v 13.26766109 29.10751343 43.69493866
v 13.61113739 29.62859917 42.74189758
v 13.39693165 30.83778381 43.05899048
v 12.87005520 30.91282845 42.92865753
v 12.95203972 30.26168823 42.81130981
v 14.24969482 29.49010849 42.15306091
v 14.03482246 30.88084412 42.92375183
v 17.72610092 29.51728249 20.88881874
v 17.75338364 29.11869240 20.24633026
v 17.92106247 29.58359528 19.53837776
v 17.79933929 31.09169579 20.19926643
v 16.79091454 28.55896568 23.05733871
v 17.10045242 27.79015350 22.18778992
v 17.18014717 31.07147598 21.61092758
v 18.08882904 28.72256851 15.21119976
v 18.06874657 28.32032394 16.03123283
v 17.93119812 27.65283203 15.61911678
v 17.88084602 28.03307152 13.85668278
v 18.32209015 30.21383286 15.07521915
v 18.19974709 29.00885963 16.27812386
v 17.88916206 30.23288155 12.83156490
v 27.28702354 27.67706299 8.59670353
v 27.80660820 28.58226395 8.57139015
v 27.07271767 28.59007835 10.03728199
v 26.71562958 27.31471062 9.61981010
v 26.50492096 26.14225006 9.04504776
v 27.41119385 27.10507965 7.88205051
v 28.09250450 28.18840218 7.55628538
v 17.48580742 24.31763077 17.80373192
v 17.62787247 24.95890427 18.04863167
v 17.59574318 24.68725967 18.97875977
v 17.24311829 22.98741531 18.81171036
v 17.53855705 24.62227631 16.47357941
v 17.68437576 25.42206955 17.18613243
v 17.13449669 22.67173004 17.02820206
v 16.61032104 25.62269974 32.85810852
v 16.83290291 25.82893753 31.96563148
v 16.93620300 26.50352859 32.54061127
v 16.60441780 25.97232819 33.43665314
v 16.38527679 25.13823128 32.91185760
v 16.64439583 25.20607758 31.60256004
v 16.30280304 25.46440125 33.81629181
v 17.97649193 25.37635612 19.24985886
v 18.65327454 25.23739243 18.94739723
v 18.80575180 25.57804108 19.38439178
v 17.68262863 25.30208969 20.45484352
v 17.59574318 24.68725967 18.97875977
v 18.41065979 25.13242340 18.48857307
v 17.97649193 25.37635612 19.24985886
v 17.68262863 25.30208969 20.45484352
v 17.54647636 24.41973495 20.55526543
v 17.24985886 25.52583694 23.19309425
v 17.08128929 24.67937279 23.68722343
v 17.84672356 26.11240005 20.27908516
v 17.60335159 27.29785919 21.02926826
v 16.36540413 25.96405983 25.07614517
v 18.17477417 27.17005157 20.08288002
v 6.94136810 10.34219170 18.75305176
v 7.43451643 9.91638565 18.40384865
v 8.27241898 9.92954063 18.69013023
v 7.74717140 10.81531715 19.75479889
v 4.85857058 9.68144798 18.97047424
v 6.42780209 10.09435272 18.11127090
v 7.43451643 9.91638565 18.40384865
v 6.94136810 10.34219170 18.75305176
v 7.74717140 10.81531715 19.75479889
v 5.11625195 10.08612442 20.89431000
v 8.90370655 10.93047905 18.47857094
v 9.05511379 10.33791351 18.18549728
v 9.25821304 10.73120499 17.45059013
v 10.06143761 11.80380630 17.88822937
v 7.74717140 10.81531715 19.75479889
v 8.27241898 9.92954063 18.69013023
v 8.90370655 10.93047905 18.47857094
v 10.06143761 11.80380630 17.88822937
v 9.81589317 11.85989189 19.69463730
v 3.48749781 8.81988716 11.84858131
v 5.74883366 9.45273399 10.09983444
v 6.31931305 9.84781456 10.84851456
v 5.13850498 9.48376846 12.26929760
v 2.64331651 7.91400719 10.26730156
v 4.88300228 8.94648743 8.75851917
v -0.08804518 7.89013481 12.89642715
v -0.47603071 7.19777679 11.65742970
v 3.51332068 8.84536552 13.68965912
v 0.29116568 8.15708542 14.09295559
v 4.91297436 9.26130104 13.73125935
v 8.34819412 27.92079926 47.88412476
v 8.76465893 28.16836929 48.40402985
v 6.94955158 28.38249397 49.07769775
v 7.07121086 27.98282051 48.24466705
v 8.99073124 27.51994324 46.93125153
v 9.80288887 28.05744553 46.96433258
v 7.58700275 27.04896927 47.14379120
v -1.05145431 30.89956665 47.70072937
v -1.99203575 29.54565811 47.33389282
v -1.55494273 29.27065849 47.38033295
v -0.94162101 30.31147003 47.37298584
v -1.05145431 30.89956665 47.70072937
v -0.55958092 31.10074425 47.51439667
v 0.03627510 32.15286255 48.11453247
v -0.27027529 32.42035294 48.40066528
v -0.68874729 30.59944916 47.22417450
v -0.55958092 31.10074425 47.51439667
v -7.58695745 20.41062927 37.97877502
v -7.03146791 21.21753693 38.53388214
v -8.25609207 21.60106659 37.70492554
v -8.69066715 20.29426193 37.25126648
v -6.94398594 19.47973442 37.91578674
v -6.13137722 20.38835526 39.05827332
v -8.27030182 18.74858284 36.67642975
v -7.49470615 22.75222778 38.53366089
v -7.61912966 23.33632851 38.80857086
v -9.44753456 22.90494537 36.99782562
v -9.81130219 22.41580391 36.72301483
v -6.54372168 22.19149971 39.55874634
v -10.29336739 21.56100273 36.47783661
v -10.27584553 24.72097397 39.27743530
v -9.77366066 24.95933914 40.01034546
v -10.69935226 25.75018311 39.42434692
v -11.12375164 25.19863510 38.57316589
v -10.11769104 24.20569611 38.99550629
v -9.24263763 24.34061050 40.03051758
v -10.27584553 24.72097397 39.27743530
v -11.12375164 25.19863510 38.57316589
v -11.31061649 24.69872284 37.83312988
v -10.11769104 24.20569611 38.99550629
v -14.53158569 25.63097000 33.07789612
v -13.09730148 25.79561996 34.01696014
v -15.25365067 27.59919357 32.21821594
v -16.17099571 27.04914474 31.67231178
v -16.61127853 26.69165039 31.41519547
v -16.11373520 25.90260696 31.77865982
v -15.93323898 24.85936546 31.94166374
v -14.46282291 24.58551407 33.37342834
v -16.17679977 21.29779053 30.47879791
v -16.75298500 21.73202133 29.92636490
v -17.10297585 21.46117592 29.04956818
v -16.41873169 20.41160965 29.48078918
v -15.00100327 21.78770447 32.30664825
v -16.08620453 22.35670090 31.19845200
v -14.91090012 20.33951569 31.52228165
v -12.76138496 12.13087654 23.79900169
v -12.11378002 11.41513252 22.84268570
v -10.80402660 10.90706825 22.98703384
v -11.40223408 11.82218552 24.76036453
v -14.64882088 13.81113052 24.25017166
v -12.90705585 11.66566849 22.50470161
v -14.05290604 14.48957634 26.16485023
v -15.51747322 10.97830009 14.66059399
v -14.90080070 10.67459297 15.35153675
v -15.08680248 11.12651825 16.69215012
v -15.65371037 11.55880737 16.60155869
v -16.98377419 12.29299164 14.75638580
v -17.51567459 12.26679993 12.64613056
v -15.95462894 10.84328842 12.45794392
v -16.60016060 12.38774109 16.69430923
v -14.33920097 9.62344170 12.04646873
v -14.17652225 9.83153915 13.74101925
v -14.12595081 9.96716881 14.47536659
v -10.15803909 8.30084991 14.38721180
v -9.44086170 8.74341393 16.21877098
v -10.40471935 9.12318420 17.00992203
v -11.26667118 9.06135750 15.50602245
v -10.15997124 7.61486816 11.99927998
v -7.39900446 7.03306198 11.64581585
v -7.26785898 7.50450706 13.72094154
v -12.48074436 8.87722969 13.72774029
v -12.40530491 8.46734047 12.00611591
v -10.15803909 8.30084991 14.38721180
v -7.26785898 7.50450706 13.72094154
v -7.19254017 8.18877792 15.19378471
v -9.44086170 8.74341393 16.21877098
v -12.73837090 9.25566292 14.59080982
v -15.54695702 3.89386940 11.85516548
v -15.91242695 4.12750816 11.05821037
v -14.98100185 5.35275650 11.82541752
v -15.03410625 4.37680817 12.69100571
v -15.92657280 2.66577148 12.22355270
v -16.49129486 2.52094650 11.31663895
v -15.54695702 3.89386940 11.85516548
v -15.03410625 4.37680817 12.69100571
v -15.26811600 3.09786224 13.40627193
v -15.92657280 2.66577148 12.22355270
v -11.88354015 8.69672012 18.53708839
v -12.19630146 7.70180130 18.04355621
v -12.78337860 8.30840683 16.66333961
v -12.57049751 9.10240364 16.71100426
v -11.40117073 8.17644882 19.62309837
v -11.94217205 7.24121094 18.92820168
v -11.02326107 9.62994766 19.96270180
v -10.58403778 8.82262230 20.49931717
v -9.83807945 9.92203903 21.42356110
v -9.68353081 9.67500114 20.36463165
v -8.56662464 9.22006607 19.73251534
v -8.75020981 9.80999756 21.67733383
v -10.46486664 10.00091553 22.29077911
v -10.25740910 9.67967415 20.92145538
v -9.68353081 9.67500114 20.36463165
v -9.83807945 9.92203903 21.42356110
v -8.75020981 9.80999756 21.67733383
v -10.80402660 10.90706825 22.98703384
v -11.07349586 7.71615410 19.84897041
v -10.66854477 7.77780151 20.56688309
v -17.15778542 21.91999435 30.14945030
v -17.77939987 21.42885971 29.86399460
v -17.73390770 21.45957184 29.44485664
v -16.75298500 21.73202133 29.92636490
v -16.88472366 22.44934082 30.82860374
v -17.90888786 21.56909180 30.26666260
v -17.15778542 21.91999435 30.14945030
v -16.75298500 21.73202133 29.92636490
v -16.08620453 22.35670090 31.19845200
v -16.88472366 22.44934082 30.82860374
v -17.56921005 20.65350723 27.63143921
v -17.69548416 21.85163498 28.14443016
v -18.29913902 22.89166832 27.49944878
v -18.46545792 22.36037064 26.89330482
v -18.86144447 21.93591499 25.88615227
v -18.17241478 20.06974411 26.00611305
v -23.97217751 21.70341682 23.58878517
v -22.97014046 21.47501755 24.34376335
v -22.76466179 20.07590103 24.56972313
v -24.37868690 20.86235046 23.27903938
v -18.07517052 4.14325333 13.67987251
v -18.40048981 4.43623352 12.71126938
v -18.77815247 3.11331558 12.78209877
v -18.24323463 3.16020203 13.90152645
v -17.51851273 3.74109459 14.94196224
v -17.68684006 4.78680801 14.25987911
v -17.91809654 5.63885880 13.23511982
v -17.84138870 0.60413361 11.59962559
v -17.28857422 0.43120575 12.30250931
v -17.97096443 0.00000000 12.78931904
v -18.45189095 0.44849396 11.68735218
v -17.63969803 1.29141617 11.17129517
v -16.88803864 1.29239655 11.80795574
v -17.84138870 0.60413361 11.59962559
v -18.45189095 0.44849396 11.68735218
v -18.43608856 1.39778137 11.01480198
v -17.63969803 1.29141617 11.17129517
v -19.35194778 1.01265717 12.47169590
v -19.11686897 0.59734726 12.05319881
v -18.69143295 0.19449997 13.18887806
v -19.10482407 0.97856903 13.36230469
v -19.35194778 1.01265717 12.47169590
v -19.37800407 1.87126541 12.14136028
v -19.12068939 1.61085892 11.33443356
v -19.11686897 0.59734726 12.05319881
v -19.10482407 0.97856903 13.36230469
v -19.08947182 1.98303604 13.13250828
v -28.28561020 25.99640656 23.31937027
v -27.93017006 26.30355453 23.83787918
v -28.11409760 27.04155350 23.52945328
v -28.51887512 26.39469147 22.87821770
v -28.68211174 25.42331314 22.54453278
v -28.28688049 25.31748390 23.21158981
v -27.74000168 25.44122314 23.89205551
v -27.20022583 26.49193954 21.60112572
v -26.54264832 26.83741760 22.08062935
v -26.36105347 25.83613014 22.08760262
v -27.14260292 25.64719009 21.51785469
v -27.90099144 25.68190956 21.17386818
v -27.72494125 26.84817123 21.49097633
v -27.00841904 27.58958244 22.15447807
v -26.20449257 22.07913589 25.00142288
v -26.46490288 21.40464401 24.50496864
v -24.89645767 20.36361313 25.55300713
v -25.14185905 21.62875938 25.77836227
v -26.59428406 23.20882416 24.74526596
v -27.20886421 22.94045639 23.95184517
v -25.66082191 23.24047852 25.92658234
v -19.40292740 28.50988579 27.60088348
v -20.13345718 29.39360046 25.75004578
v -20.03988457 27.46253586 25.58371925
v -19.38375854 26.91518402 26.97595787
v -19.07774353 26.55159378 27.40839958
v -18.91287422 27.16091919 27.85382080
v -18.39987183 27.92313766 28.96210670
v -18.44517136 29.17425537 29.16257286
v -18.06188393 27.44317245 30.26260948
v -18.65415001 27.43250275 30.15008545
v -18.63973045 27.23681259 30.52646446
v -17.59697533 27.17380142 30.81320190
v -17.86506081 27.91873741 29.92140198
v -18.65727997 27.49183846 29.66479874
v -17.18684578 27.64220619 30.75538254
v -16.76184273 28.06355667 31.06895828
v -17.18684578 27.64220619 30.75538254
v -17.40497398 29.27341270 30.36409760
v -17.86506081 27.91873741 29.92140198
v -16.28031158 29.55719948 31.41999435
v -17.84760666 26.47414398 31.28890228
v -17.62496567 26.77297974 31.13417816
v -18.64363861 26.82891464 30.88801003
v -18.64957428 26.32315445 31.13793373
v -17.84760666 26.47414398 31.28890228
v -18.64957428 26.32315445 31.13793373
v -18.59814644 25.68815231 31.28810692
v -17.59253120 26.08917046 31.47736359
v -17.00370216 26.38705063 31.40937042
v -17.62496567 26.77297974 31.13417816
v -17.80785179 22.85623169 31.21538544
v -18.00968552 23.57064438 31.40447998
v -19.18198967 23.09561920 30.87205124
v -18.67217255 22.43221283 30.89138412
v -18.21711540 21.96185303 30.69659042
v -17.28085899 22.66254044 31.12174416
v -17.10312843 23.68540955 31.51713753
v -5.16008711 46.46139526 40.80546570
v -3.29085636 44.93328476 42.62496185
v -1.85546315 45.72629547 42.58905792
v -2.91195464 47.45287704 40.91723633
v -3.58589911 48.84478760 39.40618896
v -5.78159666 47.88822556 39.37742615
v -5.65750122 45.45166016 41.10990143
v -3.88624954 44.42546082 42.62281036
v -5.16008711 46.46139526 40.80546570
v -7.57970476 46.01429749 39.46965027
v -7.48508692 45.42841721 39.80562592
v -5.65750122 45.45166016 41.10990143
v -7.84371614 46.91240692 38.74191284
v -7.57970476 46.01429749 39.46965027
v -5.90708256 42.91779327 44.91280365
v -6.14687872 41.83131790 45.36264801
v -5.14815378 41.40175247 45.57169342
v -5.15934944 42.99498749 44.78124237
v -5.90708256 42.91779327 44.91280365
v -6.51747179 43.57938004 44.39198303
v -7.23042631 42.40084457 44.91502380
v -6.14687872 41.83131790 45.36264801
v -5.90708256 42.91779327 44.91280365
v -5.15934944 42.99498749 44.78124237
v -5.85734367 44.06789780 43.92551422
v -6.51747179 43.57938004 44.39198303
v -9.48538399 41.79720688 43.88259125
v -9.29012775 42.86611938 43.47075653
v -10.20418549 42.46238708 42.63646698
v -10.14225769 41.28647995 43.38838196
v -8.95279980 41.41433716 44.48184967
v -8.28734970 42.81221771 44.24095917
v -9.74310589 40.41265106 44.04054260
v -11.30774403 42.03474426 40.59574890
v -11.57319832 41.11888885 40.74378967
v -10.94446659 41.76487350 41.71902466
v -10.86053658 42.74381256 41.03067780
v -11.30774403 42.03474426 40.59574890
v -11.34954453 42.09213638 39.85771179
v -11.74705219 40.81366348 39.85110474
v -11.57319832 41.11888885 40.74378967
v -10.86053658 42.74381256 41.03067780
v -10.70985889 43.20314789 40.22575378
v -8.27543163 33.06726074 42.87102509
v -9.76576233 31.51275826 41.77181244
v -8.67526913 30.40176201 42.70163727
v -7.47267675 32.06712723 43.57527161
v -6.29236984 34.36447906 44.21464539
v -6.42855167 34.85863113 44.06844330
v -8.09257793 34.13551331 42.86798859
v -6.01958084 33.73152542 44.51440430
v -8.76970387 36.08774185 43.97392273
v -7.87339067 36.53230667 44.75931549
v -8.85278988 37.44212723 44.44585419
v -9.68953228 36.36742783 43.40829468
v -8.76970387 36.08774185 43.97392273
v -8.51974583 35.42954254 43.55373383
v -7.27058506 35.90835190 44.55928802
v -7.87339067 36.53230667 44.75931549
v -9.68953228 36.36742783 43.40829468
v -9.78960419 35.67111206 42.62598419
v -3.74869657 61.05541611 15.24331379
v -3.80610371 61.32439423 14.88024902
v -3.94255018 61.94893646 14.92623234
v -4.00837469 61.86808777 15.52088356
v -4.51789093 61.69708252 16.15589523
v -4.22629833 60.94103241 16.11959648
v -3.74869657 61.05541611 15.24331379
v -4.22629833 60.94103241 16.11959648
v -3.83734012 60.19462585 16.41139030
v -2.49483657 60.30139923 15.71795559
v -7.20293713 59.80625153 17.52905083
v -6.76413774 59.93679047 16.92891312
v -8.44104290 59.64492035 15.93341255
v -9.33474255 59.07953262 17.14200592
v -5.73786163 59.99168015 18.65257454
v -5.38223219 60.08367920 17.42359161
v -8.10770130 59.21957397 19.17947578
v -11.20024776 60.28646088 8.53895378
v -10.70044804 61.03788757 9.18576813
v -10.92478752 61.31989288 7.74122047
v -11.75355244 60.83584213 6.78564548
v -11.54894352 59.32398987 9.18076038
v -10.55720139 59.49553680 11.54173470
v -10.23177338 60.32517242 11.23827648
v -10.02591610 60.96006012 11.18862915
v -11.20024776 60.28646088 8.53895378
v -12.35043240 59.53570557 6.09224510
v -12.48924637 58.77929688 6.81078196
v -11.54894352 59.32398987 9.18076038
v -7.53962851 60.40389633 14.58092880
v -7.91068077 59.88713837 15.23267365
v -6.62063980 60.03318024 16.49765778
v -6.45829439 60.50744247 16.26149750
v -9.01837826 60.36797333 13.11474609
v -9.29370975 59.75677109 13.59893990
v -7.53962851 60.40389633 14.58092880
v -7.87912369 61.26282883 13.68245888
v -8.96655655 61.15296173 12.74345016
v -9.01837826 60.36797333 13.11474609
v -7.04782915 61.06325531 15.18695831
v -7.18730068 61.40881348 14.25310993
v -6.45829439 60.50744247 16.26149750
v -6.43482065 61.13453293 16.20067215
v -3.74869657 61.05541611 15.24331379
v -2.58559418 61.75717163 15.15891266
v -3.28854513 61.80153275 14.81016445
v -3.80610371 61.32439423 14.88024902
v -3.74869657 61.05541611 15.24331379
v -1.27759755 60.90588379 14.95009136
v -1.34857714 61.57563782 14.86030293
v -2.58559418 61.75717163 15.15891266
v -0.97222781 60.46237564 14.91058254
v -1.27759755 60.90588379 14.95009136
v -7.11027622 61.85026169 14.68642807
v -7.01827383 61.79735565 15.39792824
v -7.23504543 62.91662216 15.16055870
v -7.16734743 62.73180008 14.38909054
v -7.41691875 62.44122314 13.73755455
v -7.18730068 61.40881348 14.25310993
v -7.04782915 61.06325531 15.18695831
v -3.61969304 62.17269516 11.90878677
v -4.20999384 62.15584946 12.03694057
v -4.37619591 61.69421387 12.73973465
v -3.90653825 61.96734619 12.75687790
v -3.61969304 62.17269516 11.90878677
v -3.51573348 62.62759399 11.42872620
v -4.11227369 62.67572784 11.54827213
v -4.20999384 62.15584946 12.03694057
v -2.74382830 61.93835068 11.63714123
v -2.71687388 62.27165985 11.14235973
v -3.61969304 62.17269516 11.90878677
v -3.41689944 62.73342896 12.02238178
v -2.58571219 62.49559021 11.66085148
v -2.74382830 61.93835068 11.63714123
v -4.65581656 63.17242432 12.02694988
v -4.80869102 63.73128510 11.68609047
v -5.03727102 63.80591583 12.38992500
v -4.76243925 62.98784637 12.51976299
v -4.65581656 63.17242432 12.02694988
v -4.76243925 62.98784637 12.51976299
v -4.51437664 62.45774078 12.29413414
v -4.53343296 62.79640198 11.74863625
v -4.71921444 63.37817383 11.15174961
v -4.80869102 63.73128510 11.68609047
v -6.60385370 65.63536072 12.43567944
v -5.82175303 65.61494446 11.65159798
v -6.13212156 66.13027954 11.48745823
v -6.77827501 66.01245117 12.25221825
v -6.88921738 65.81461334 12.86254978
v -5.94501305 64.70748901 13.19820118
v -5.93686581 64.60784912 12.72742748
v -5.42254972 64.74145508 12.03281689
v -6.60385370 65.63536072 12.43567944
v -6.77827501 66.01245117 12.25221825
v -7.38639975 65.49236298 12.90382290
v -6.88921738 65.81461334 12.86254978
v -4.91849089 65.77754211 9.20448303
v -5.75568819 66.19570923 8.36968422
v -5.86507320 65.55854034 8.79275703
v -5.32239103 65.13838196 9.59852886
v -4.91849089 65.77754211 9.20448303
v -4.40786171 64.43276215 10.27183247
v -3.62945008 64.37754822 10.18384266
v -3.87224770 65.72524261 9.27269936
v -3.87224770 65.72524261 9.27269936
v -4.13668585 67.10156250 8.03815365
v -5.01646280 67.14393616 7.96417809
v -5.76646471 67.13256836 7.49555302
v -4.95566893 64.21822357 10.42504120
v -4.40786171 64.43276215 10.27183247
v -5.63581371 65.33726501 10.28915119
v -5.32239103 65.13838196 9.59852886
v -5.86507320 65.55854034 8.79275703
v -6.08168983 65.45446777 9.08757782
v -5.63581371 65.33726501 10.28915119
v -5.17204094 64.52549744 11.10131073
v -4.95566893 64.21822357 10.42504120
v -5.32239103 65.13838196 9.59852886
v -5.63581371 65.33726501 10.28915119
v -5.89513922 65.99720764 10.40583134
v -6.13212156 66.13027954 11.48745823
v -5.82175303 65.61494446 11.65159798
v -5.63581371 65.33726501 10.28915119
v -6.08168983 65.45446777 9.08757782
v -6.18060064 65.86528778 9.18927193
v -5.89513922 65.99720764 10.40583134
v -11.13101578 71.15769958 7.66784763
v -11.63197517 71.16801453 7.62359428
v -11.08592415 70.56645203 8.67021561
v -10.50506973 70.74517822 8.39426041
v -10.97726822 71.28123474 7.21575546
v -11.60940647 71.37805176 6.97885227
v -11.13101578 71.15769958 7.66784763
v -10.50506973 70.74517822 8.39426041
v -9.98130798 70.79100037 7.96286774
v -10.97726822 71.28123474 7.21575546
v -8.16656971 67.18383789 13.07543468
v -8.56781864 66.95781708 13.26430607
v -8.47884274 67.32151031 13.66661072
v -8.03721428 67.47758484 13.36997700
v -7.44461346 67.21189117 13.08615780
v -7.73247051 66.70419312 12.82068157
v -8.16656971 67.18383789 13.07543468
v -7.73247051 66.70419312 12.82068157
v -8.11483002 66.29547882 12.99743462
v -8.56781864 66.95781708 13.26430607
v -8.25762749 66.94241333 14.49411678
v -8.03853512 67.36794281 14.19351387
v -8.47884274 67.32151031 13.66661072
v -8.66101646 66.78315735 14.14578533
v -8.25762749 66.94241333 14.49411678
v -8.66101646 66.78315735 14.14578533
v -8.14224911 65.74031067 14.85024071
v -7.65360165 66.21170807 15.08701134
v -7.65360165 66.21170807 15.08701134
v -7.07365274 66.60990143 14.94706440
v -7.19811153 67.37370300 13.54015923
v -6.31549406 66.76675415 13.81005001
v -6.44755220 66.43685913 13.14889050
v -7.44461346 67.21189117 13.08615780
v -8.03721428 67.47758484 13.36997700
v -7.65605640 67.51637268 13.84757996
v -7.19811153 67.37370300 13.54015923
v -7.65605640 67.51637268 13.84757996
v -6.58025122 66.81565857 14.49405861
v -6.31549406 66.76675415 13.81005001
v -8.31543922 65.98326111 13.33475685
v -8.72710896 66.33771515 13.73812294
v -7.82735348 65.24365234 13.40230370
v -8.30431175 65.36099243 14.25422096
v -7.38639975 65.49236298 12.90382290
v -8.40992355 65.31838989 12.85655022
v -9.22283649 66.66441345 12.15293407
v -9.96527576 66.15840912 12.04123211
v -9.24244785 64.85681152 12.65164757
v -8.40992355 65.31838989 12.85655022
v -7.82735348 65.24365234 13.40230370
v -7.38639975 65.49236298 12.90382290
v -7.84113598 66.23700714 12.48573780
v -8.40992355 65.31838989 12.85655022
v -7.84113598 66.23700714 12.48573780
v -8.46542740 67.22007751 11.93098927
v -9.22283649 66.66441345 12.15293407
v -7.86222792 63.76452637 13.36506748
v -7.43577862 64.02770996 13.91215324
v -7.82735348 65.24365234 13.40230370
v -8.61157227 63.53295517 13.04176140
v -6.88921738 65.81461334 12.86254978
v -7.73247051 66.70419312 12.82068157
v -7.44461346 67.21189117 13.08615780
v -6.44755220 66.43685913 13.14889050
v -5.42392349 65.17256165 13.62427711
v -5.94501305 64.70748901 13.19820118
v -6.88921738 65.81461334 12.86254978
v -24.97522926 35.98812866 -3.64310503
v -24.81851959 37.34809113 -4.45467997
v -24.90674210 36.10361862 -6.14019251
v -25.08852005 34.66554642 -4.46938896
v -24.94321442 35.91174698 -2.31037712
v -24.73097420 37.99195480 -2.68878603
v -25.15314293 33.89998245 -2.72046113
v -24.34898758 36.55475998 -14.12393284
v -24.45194244 38.63580704 -11.46317291
v -23.78254509 40.85256958 -12.64720917
v -23.76428413 39.54619217 -15.22934723
v -23.42024994 38.76647568 -17.68771935
v -23.88244438 36.61118317 -17.28192902
v -23.96904182 33.99339294 -17.34115028
v -24.26448059 33.11929321 -14.76183987
v -14.78454876 57.55449677 -17.82929420
v -15.35052586 56.35753632 -18.13956261
v -15.97305489 57.21515656 -16.43971634
v -14.77836037 57.80105591 -16.46976280
v -16.29352379 57.25563812 -14.46320438
v -16.25200462 55.75303650 -16.58691978
v -15.72551918 54.27744675 -16.05760956
v -16.57880402 55.56138992 -14.40240479
v -16.26050377 58.64948273 -13.08967686
v -15.96036625 59.12186050 -14.60848999
v -15.60810852 57.86463928 -15.11200428
v -15.97305489 57.21515656 -16.43971634
v -15.49933147 60.09344482 -11.69106388
v -16.07248688 59.54620361 -12.11765766
v -15.44389820 59.43485641 -10.97014618
v -14.83050728 60.03105545 -11.01490974
v -15.31774807 60.81823730 -12.51109791
v -16.00720024 60.29089355 -13.61306190
v -14.56556225 60.73770523 -11.85581684
v -15.30460072 63.15895081 -9.44239044
v -15.65280533 62.56790924 -9.71410751
v -15.58722973 62.04219818 -8.60019207
v -15.01717567 63.07728195 -8.84286308
v -15.30460072 63.15895081 -9.44239044
v -15.00653267 63.72362900 -10.29136944
v -15.20011520 62.93875504 -10.90379429
v -15.65280533 62.56790924 -9.71410751
v -15.30460072 63.15895081 -9.44239044
v -15.01717567 63.07728195 -8.84286308
v -14.34157467 63.84249878 -9.61673260
v -15.00653267 63.72362900 -10.29136944
v -15.58722973 62.04219818 -8.60019207
v -15.43140984 62.48147583 -7.40280533
v -14.75394058 63.56746674 -8.04760933
v -15.01717567 63.07728195 -8.84286308
v -15.39303017 61.73935699 -10.21410561
v -15.85011768 61.11288452 -9.43031120
v -17.81529427 49.71690369 -14.07691002
v -16.86364555 50.69294739 -13.56598663
v -15.25531483 50.40305710 -15.08681393
v -15.60557747 49.78463745 -15.67468739
v -18.40388489 50.90016937 -11.06241035
v -17.63755226 51.56787872 -11.05203247
v -20.01798439 48.31177521 -13.20057487
v -19.96979713 49.54072571 -10.52609348
v -16.18120956 48.42277908 -17.11955833
v -18.23966789 47.89125443 -16.37901306
v -20.23354912 46.70695496 -15.55066872
v -23.27868080 49.23044205 -46.65776062
v -23.29561806 48.34722137 -46.46276855
v -24.01127052 48.40476227 -46.07532501
v -23.87021828 49.52444839 -46.29993439
v -23.27868080 49.23044205 -46.65776062
v -23.87021828 49.52444839 -46.29993439
v -23.23708916 50.18409348 -46.08028412
v -22.71618843 49.53685760 -46.61251831
v -22.71618843 49.53685760 -46.61251831
v -22.52858734 48.42822266 -46.48758698
v -23.08144188 50.44940186 -44.94124603
v -22.50751495 50.35118103 -45.53108215
v -23.23708916 50.18409348 -46.08028412
v -23.77822876 50.31213760 -45.20774078
v -23.08144188 50.44940186 -44.94124603
v -23.77822876 50.31213760 -45.20774078
v -23.96070480 50.23331451 -44.18991089
v -22.92653275 50.38441086 -44.19665527
v -22.92653275 50.38441086 -44.19665527
v -21.94767380 50.28291321 -44.64913177
v -24.65839195 22.76797485 -44.44161224
v -24.21551132 21.96800613 -44.90277863
v -23.92308807 21.32526588 -43.31002045
v -24.64049530 22.71160126 -43.34117126
v -24.80054665 25.03137207 -44.40027618
v -24.74221802 24.64100647 -45.51241302
v -24.39552498 24.17345238 -46.34335327
v -17.12067795 12.74548340 -31.71001816
v -17.05526543 12.07887268 -31.27188683
v -18.28023911 12.19225502 -31.21003723
v -17.94495964 13.37437248 -31.48626900
v -17.12067795 12.74548340 -31.71001816
v -16.44393921 13.55440331 -31.45505142
v -16.03559113 12.52940178 -31.01751137
v -17.05526543 12.07887268 -31.27188683
v -17.12067795 12.74548340 -31.71001816
v -17.94495964 13.37437248 -31.48626900
v -17.17121315 14.44134521 -31.06780434
v -16.44393921 13.55440331 -31.45505142
v -15.28938389 7.50661659 -26.20045853
v -14.73648071 7.63350296 -25.77969360
v -15.21435738 6.58681870 -25.25581551
v -15.84417152 7.10409355 -26.21489334
v -17.48039055 7.01107788 -24.90839005
v -16.86766052 6.48559380 -24.98419762
v -16.85832214 6.62180519 -23.75021553
v -17.83576584 7.49204636 -24.14444542
v -17.48039055 7.01107788 -24.90839005
v -17.83576584 7.49204636 -24.14444542
v -17.93081665 8.47337723 -24.66626549
v -17.59984207 7.74088097 -25.43035126
v -17.48039055 7.01107788 -24.90839005
v -17.59984207 7.74088097 -25.43035126
v -17.07361794 7.24810791 -25.84802055
v -16.86766052 6.48559380 -24.98419762
v -18.98155975 15.33049011 -13.08853245
v -17.55530167 14.41739273 -15.45391846
v -16.28730583 12.87453270 -15.00723839
v -17.17106819 13.18189049 -12.68088245
v -17.74104881 13.03486443 -9.46998310
v -19.20800209 14.86834717 -9.38768864
v -19.59412193 17.55315971 -15.43925476
v -18.51050758 16.24057198 -16.76605797
v -17.65656281 15.48517227 -30.09089279
v -18.65701866 14.15855217 -30.79060745
v -19.12273788 14.81980324 -29.88334656
v -18.36570549 15.94512558 -29.81085968
v -17.65656281 15.48517227 -30.09089279
v -18.36570549 15.94512558 -29.81085968
v -18.43424416 17.18063545 -30.31275749
v -17.60324669 16.88708496 -30.72397804
v -16.81790924 16.00505638 -30.05212021
v -16.46558571 15.11345863 -30.33266830
v -17.65656281 15.48517227 -30.09089279
v -17.60324669 16.88708496 -30.72397804
v -16.75504112 17.33694839 -30.36027145
v -16.81790924 16.00505638 -30.05212021
v -17.69335747 17.95487785 -30.04710770
v -17.62886047 18.22161484 -28.98690224
v -16.42663765 17.62522316 -29.24855804
v -16.75504112 17.33694839 -30.36027145
v -17.69335747 17.95487785 -30.04710770
v -18.43424416 17.18063545 -30.31275749
v -18.83769226 17.45844650 -29.00228691
v -17.62886047 18.22161484 -28.98690224
v -16.75504112 17.33694839 -30.36027145
v -17.60324669 16.88708496 -30.72397804
v -18.87389183 22.06897736 -21.03799438
v -17.97399139 22.39361954 -22.02522850
v -17.43830109 21.18696022 -21.32291794
v -17.90451431 20.52321815 -20.73232651
v -18.92236137 20.19103241 -19.75787163
v -20.27937317 21.61380005 -19.13636589
v -20.62617493 23.66653061 -20.53984261
v -18.16436958 19.28277397 -20.02545929
v -20.31589127 23.39897919 -45.69073486
v -20.76705933 22.46574020 -45.80851746
v -21.45213318 24.44552040 -47.04411316
v -20.92962074 25.13404465 -46.48268890
v -20.48629570 25.77044868 -45.61328125
v -19.80698586 23.49944687 -44.80570221
v -20.19958305 21.95595551 -44.40711975
v -5.04984331 35.03286743 -21.76243782
v -5.29363632 36.67143250 -21.78023338
v -3.51639605 37.70977020 -20.07630539
v -2.96883988 34.87211990 -20.15591812
v -7.14303350 33.30386734 -23.50270081
v -7.50268412 35.96697998 -23.35867882
v -5.01224089 32.11999512 -22.03774834
v -13.48860264 21.13696289 -22.82238770
v -14.20119762 20.28195572 -22.39512825
v -14.48350906 20.62863922 -22.40552521
v -13.81530952 22.12553024 -23.42481232
v -12.20165348 21.38887215 -23.14984512
v -13.76540947 20.04622078 -22.41122055
v -12.11809731 23.11920166 -24.18262863
v -10.54338837 8.23802567 -5.44392967
v -11.88319302 8.52364540 -5.66845846
v -11.00275612 8.78344536 -7.69077253
v -9.40526962 8.34999466 -6.62414312
v -9.75741768 7.86366081 -3.99826288
v -11.51533604 8.07048035 -3.45558095
v -7.88142633 7.93104172 -4.99605846
v -14.17243671 11.69834518 -15.04688168
v -14.24409199 11.62266922 -16.33007812
v -13.49075985 11.66039085 -16.77621269
v -12.96602154 11.81043053 -16.19628334
v -14.17243671 11.69834518 -15.04688168
v -12.96602154 11.81043053 -16.19628334
v -11.23437786 11.42956543 -14.71460819
v -12.38880634 11.04560280 -13.60636806
v -14.17243671 11.69834518 -15.04688168
v -16.06965446 12.63992119 -16.11111450
v -14.24409199 11.62266922 -16.33007812
v 10.53690720 0.89728165 4.64038754
v 10.39185333 0.70894623 5.41870165
v 9.72599983 1.38491821 5.18332243
v 10.09788609 1.49487686 4.24344206
v 11.19575310 0.91309357 4.44897699
v 11.23349094 0.53858566 5.52131367
v 10.53690720 0.89728165 4.64038754
v 10.09788609 1.49487686 4.24344206
v 10.82057762 1.72219086 3.74305320
v 11.19575310 0.91309357 4.44897699
v 7.98161077 4.71435165 6.82193470
v 7.88112736 5.07905197 5.90010118
v 8.54190159 3.59211731 5.67158270
v 8.55846786 3.69864464 6.97957706
v 7.83086681 5.45229530 8.24615860
v 7.54363203 6.46066666 7.55382490
v 8.20965290 4.34016800 8.92439365
v 11.38411045 4.20515251 6.63191366
v 11.59984589 3.35889816 6.73648405
v 11.66072464 3.40712738 5.50026608
v 11.35003662 4.46457481 5.64846373
v 11.03835011 5.62848473 6.31975079
v 11.22260475 4.78715897 7.34316540
v 11.40119076 3.76463318 7.94949627
v 12.10285378 1.80730820 4.83772564
v 11.93909740 2.45654297 4.59583569
v 12.04382420 2.53329086 5.57873392
v 12.21488953 1.67111588 5.62915659
v 11.94942760 0.90963364 5.57391644
v 11.85380363 1.32359314 4.51213884
v 12.10285378 1.80730820 4.83772564
v 11.85380363 1.32359314 4.51213884
v 11.55783558 2.10945129 3.86421371
v 11.93909740 2.45654297 4.59583569
v 25.79748535 28.75555801 5.94863272
v 26.05483818 28.34096718 5.36383057
v 25.26603508 27.53907394 6.23568726
v 25.09411812 28.56449127 6.66283751
v 25.60447693 29.62179947 7.19498539
v 26.18421555 29.60192871 6.11029339
v 26.61521149 29.34480667 5.32827806
v 28.86453819 29.24701309 5.76875734
v 28.67191696 29.62820244 5.18738937
v 28.64153099 30.51469040 5.79852533
v 28.85220528 29.72019005 6.32287836
v 28.69418526 28.76284218 6.57225418
v 28.74837685 28.43534088 5.71918440
v 28.86453819 29.24701309 5.76875734
v 28.74837685 28.43534088 5.71918440
v 28.50797081 28.49325562 4.87784863
v 28.67191696 29.62820244 5.18738937
v 27.38704300 29.88887978 4.95912457
v 27.12999535 28.99437714 4.74641848
v 27.10823631 30.29164124 5.44063473
v 28.04173851 29.93949509 4.84484625
v 27.83052063 28.73731422 4.50109816
v 27.89454079 30.78136444 5.47152615
v -11.87423992 55.72697067 -18.23076057
v -10.96970463 55.81076431 -17.48877907
v -12.52075768 54.58676147 -17.87232208
v -13.21193314 55.64653015 -18.72060585
v -11.87423992 55.72697067 -18.23076057
v -13.21193314 55.64653015 -18.72060585
v -13.24133110 57.36076736 -18.51777840
v -11.66525841 57.03390503 -17.85190010
v -11.02220917 49.36024857 -17.49622154
v -13.87560749 48.79333878 -17.57722473
v -13.35183716 50.00083160 -16.38951492
v -10.81949139 50.67428207 -16.12144470
v -11.02220917 49.36024857 -17.49622154
v -8.97369003 50.76497650 -15.85631943
v -7.91897058 49.55857086 -16.76397896
v -9.45217800 47.81996155 -18.79146576
v -10.81949139 50.67428207 -16.12144470
v -9.23858547 51.28395462 -15.35673141
v -13.66404247 58.53239822 -16.21370125
v -13.71075916 59.20106888 -16.65179825
v -12.17519093 58.56378174 -16.47549820
v -13.33890057 57.88462830 -17.07872391
v -6.78020144 63.80698395 5.85903931
v -7.34513187 64.38528442 5.49067593
v -7.50004053 64.42797852 6.81407928
v -6.82281351 64.31742096 6.33025503
v -6.78020144 63.80698395 5.85903931
v -6.71692467 63.78032684 5.27733326
v -6.86835575 64.33892822 4.78691483
v -7.34513187 64.38528442 5.49067593
v -6.78020144 63.80698395 5.85903931
v -6.82281351 64.31742096 6.33025503
v -6.67446995 64.04422760 5.44530916
v -6.71692467 63.78032684 5.27733326
v -6.74530888 64.92321777 7.24430704
v -6.74616194 65.26248169 6.97737741
v -6.81280041 64.81876373 6.09999514
v -6.67071009 64.46288300 5.31676817
v -3.04472780 60.31972504 4.97696733
v -3.96179509 61.19500732 2.96157837
v -4.50523996 61.57233429 3.77902603
v -3.10833573 60.97713470 5.77819920
v -2.21219993 59.72940826 5.13451529
v -3.06489491 59.30849457 2.29198813
v -3.54401517 59.85856247 1.89016008
v -0.91742587 59.90732956 8.08659458
v -4.50523996 61.57233429 3.77902603
v -3.96179509 61.19500732 2.96157837
v -4.02760220 62.20900345 1.47762108
v -4.37706470 62.80884933 2.40288281
v -5.12487030 62.28208923 3.89825296
v -5.22801018 61.81367874 4.80259657
v -4.07704306 61.64739990 5.07831287
v -4.50523996 61.57233429 3.77902603
v -4.37706470 62.80884933 2.40288281
v -4.85503054 63.30513000 2.91159964
v -5.12487030 62.28208923 3.89825296
v -7.94242001 66.39061737 2.43342686
v -7.02899313 65.80100250 2.31995654
v -7.67776632 66.64605713 0.87820351
v -8.52569962 66.49208069 1.33267200
v -7.94242001 66.39061737 2.43342686
v -8.75061226 67.34453583 1.89919710
v -8.95174217 67.59719849 2.71995449
v -8.10140800 66.63053131 3.46135330
v -8.52569962 66.49208069 1.33267200
v -8.90127945 67.00407410 1.19273710
v -7.67776632 66.64605713 0.87820351
v -6.33008909 66.70590973 0.64031911
v -6.28777504 67.21454620 -0.88445789
v -7.46250486 67.43418884 -0.49924895
v -7.02899313 65.80100250 2.31995654
v -6.12790108 65.59552765 2.28420186
v -7.67776632 66.64605713 0.87820351
v -8.82518482 66.18204498 0.21024886
v -9.08774853 66.07188416 0.53387630
v -8.52569962 66.49208069 1.33267200
v -8.66845989 66.91178894 -0.61700654
v -8.82518482 66.18204498 0.21024886
v -5.38632870 68.84079742 3.24884152
v -5.50609112 68.38266754 3.05156398
v -5.99189138 68.46577454 3.68565869
v -5.67094803 68.97949219 3.90014791
v -5.00803185 68.97717285 3.18972945
v -5.01902962 68.37972260 2.86899114
v -5.22921610 69.22672272 4.05827570
v -3.59906459 67.72994232 3.46514630
v -3.96997738 67.69255066 3.12793827
v -4.02299786 68.41952515 3.17506194
v -3.57031465 68.24322510 3.60594797
v -3.34727502 67.10954285 3.78890491
v -3.82146740 66.75401306 3.35494256
v -3.11985850 67.62616730 4.24124908
v -3.89531875 69.00616455 4.37860775
v -3.68513417 68.75492859 3.93766546
v -4.13292360 69.00137329 3.50724530
v -4.31083965 69.20858002 4.22441387
v -3.89531875 69.00616455 4.37860775
v -4.31083965 69.20858002 4.22441387
v -4.11168623 68.88926697 5.29854679
v -3.55846691 68.60331726 5.08360147
v -3.55846691 68.60331726 5.08360147
v -3.20219660 68.15450287 4.68649530
v -6.65533733 66.97143555 4.80262566
v -6.53675795 66.96415710 4.22617340
v -6.63720751 65.89845276 4.64955568
v -6.76705456 66.18211365 5.29369974
v -6.58074903 67.37828827 5.20551920
v -6.42781019 67.77700806 4.28892469
v -6.70642662 66.55654907 6.03152561
v -8.36450481 65.42494965 6.33085299
v -7.82385731 64.79093170 6.61519623
v -7.92431545 64.75821686 5.69574738
v -8.55040646 65.02903748 5.77435017
v -8.36450481 65.42494965 6.33085299
v -7.61296034 66.00688934 6.99335575
v -7.33716869 65.41558075 7.14808321
v -7.82385731 64.79093170 6.61519623
v -9.34217167 65.26937866 6.15501928
v -9.56468487 66.11003113 5.99284601
v -8.71955776 66.45263672 6.15963364
v -8.03374004 66.90678406 6.77297878
v -8.36450481 65.42494965 6.33085299
v -8.55040646 65.02903748 5.77435017
v -9.37263680 65.06652069 5.92297459
v -9.34217167 65.26937866 6.15501928
v -7.13830805 65.24760437 3.86047149
v -7.50861359 65.43841553 4.48525906
v -8.01360512 65.60602570 4.97895575
v -7.92431545 64.75821686 5.69574738
v -10.08991528 70.00651550 5.76485968
v -10.56609058 69.88517761 5.45898819
v -10.90084934 70.63236237 5.62392092
v -10.22001934 70.52374268 5.99152040
v -9.47297573 69.32524872 5.96808100
v -9.91990948 68.82339478 5.56748486
v -9.28850365 69.83074951 6.44732332
v -11.22222519 64.33306122 6.07977581
v -12.41541481 63.61258698 5.41974401
v -11.12993622 62.64866638 6.83749723
v -10.55606079 63.16575623 7.57090807
v -12.61537647 65.25404358 4.74901724
v -13.35725403 64.42548370 3.09753942
v -11.22222519 64.33306122 6.07977581
v -10.56084156 65.08824158 5.86593723
v -11.49285126 65.81310272 5.15169430
v -12.61537647 65.25404358 4.74901724
v -10.84988880 63.53290558 7.71280718
v -10.48106670 64.31616211 6.84907484
v -10.48106670 64.31616211 6.84907484
v -9.97182178 64.67738342 6.18874741
v -12.90271187 69.38272095 7.09159279
v -12.85411835 69.38398743 6.60110140
v -12.66008568 68.26388550 7.03723860
v -12.76414299 68.62625885 7.62650871
v -12.89625835 69.86069489 7.20780468
v -12.87609386 70.10726929 6.57294703
v -12.73791599 69.05495453 8.10548210
v -12.47342682 70.64552307 5.89814377
v -12.64608765 70.69718170 6.24458551
v -12.37250042 71.07606506 6.28480768
v -12.18912697 70.89118958 5.81804943
v -12.47342682 70.64552307 5.89814377
v -12.44042492 70.16576385 5.69428253
v -12.72032642 70.11663818 6.08992052
v -12.64608765 70.69718170 6.24458551
v -12.00943947 70.31412506 5.43765306
v -12.44042492 70.16576385 5.69428253
v -11.68150520 68.48960876 2.64086294
v -11.15096092 68.80593872 2.10228729
v -11.88052082 68.96640778 1.50195515
v -12.32936478 68.47723389 2.36160564
v -11.19072247 68.10905457 3.25665307
v -10.34662056 68.32575989 2.78473663
v -12.14751148 67.83936310 3.28081012
v -12.77193928 68.16613770 0.54697782
v -12.45000076 67.89529419 0.10992388
v -12.98317242 67.13359070 0.54335141
v -13.22847462 67.71691895 1.12861860
v -12.77193928 68.16613770 0.54697782
v -12.48846817 68.68172455 0.83750737
v -11.90958405 68.53833008 0.20609036
v -12.45000076 67.89529419 0.10992388
v -13.22847462 67.71691895 1.12861860
v -12.99035168 68.25906372 1.82228720
v -12.05205631 66.29707336 -0.03506455
v -12.52548885 66.63442993 0.17295495
v -12.00871658 67.37424469 -0.16401404
v -11.54264736 66.73237610 -0.26089710
v -11.74842262 65.62639618 0.02656098
v -12.56416607 65.78966522 0.44554603
v -11.06659031 65.98521423 -0.20347050
v -12.20010376 64.76651001 0.64962935
v -11.19583416 64.81460571 -0.06059037
v -11.58925056 65.17229462 -0.30611113
v -12.23396492 64.65825653 -0.10782442
v -12.20010376 64.76651001 0.64962935
v -12.23396492 64.65825653 -0.10782442
v -12.18078423 63.19546509 0.93102396
v -12.69249058 63.69724274 1.69241858
v -13.35725403 64.42548370 3.09753942
v -13.31571198 65.31314087 1.74857080
v -12.20010376 64.76651001 0.64962935
v -11.19583416 64.81460571 -0.06059037
v -13.31571198 65.31314087 1.74857080
v -13.25224113 66.25184631 1.14579773
v -11.19583416 64.81460571 -0.06059037
v -10.60116196 65.28677368 0.01448978
v -10.21084118 64.88934326 -0.06156100
v -10.53279972 64.92015076 -0.19359198
v -11.19583416 64.81460571 -0.06059037
v -10.53279972 64.92015076 -0.19359198
v -11.17669964 65.56450653 -0.62207747
v -11.58925056 65.17229462 -0.30611113
v -12.23396492 64.65825653 -0.10782442
v -12.97098160 63.77399826 -1.41091955
v -12.67881584 62.78981018 0.34037572
v -12.18078423 63.19546509 0.93102396
v -11.58925056 65.17229462 -0.30611113
v -12.61055946 66.15744019 -1.64387763
v -12.86532211 65.52681732 -2.34119010
v -10.21084118 64.88934326 -0.06156100
v -10.60116196 65.28677368 0.01448978
v -10.01752472 65.88352966 0.04223506
v -9.81935501 65.43580627 0.15081853
v -10.21084118 64.88934326 -0.06156100
v -9.81935501 65.43580627 0.15081853
v -9.78043461 65.33966064 -0.45126432
v -10.53279972 64.92015076 -0.19359198
v -10.80253792 66.03572845 -1.08986449
v -11.17669964 65.56450653 -0.62207747
v -9.78043461 65.33966064 -0.45126432
v -9.50759029 65.86013794 -1.18470895
v -10.43752956 66.39669800 -1.61490810
v -10.80253792 66.03572845 -1.08986449
v -9.78043461 65.33966064 -0.45126432
v -9.50759029 65.86013794 -1.18470895
v -9.78043461 65.33966064 -0.45126432
v -9.81935501 65.43580627 0.15081853
v -9.94948673 68.01878357 0.62423617
v -9.47261906 67.61940002 0.89375925
v -9.80846119 67.12893677 0.25522622
v -10.29526806 67.76695251 0.14202803
v -9.94948673 68.01878357 0.62423617
v -10.29526806 67.76695251 0.14202803
v -10.75944614 68.41455841 0.29974112
v -10.17255497 68.42581177 0.92775702
v -9.45936775 68.02610779 1.48917496
v -9.47261906 67.61940002 0.89375925
v -10.93610001 66.65223694 -8.33574390
v -10.85797596 67.15411377 -7.38961315
v -10.04707241 66.78912354 -7.71569538
v -10.46809578 66.67794037 -8.85022449
v -11.84936333 66.66806030 -8.17050076
v -11.89320564 67.47784424 -7.24339724
v -10.93610001 66.65223694 -8.33574390
v -10.46809578 66.67794037 -8.85022449
v -11.76767445 66.85024261 -9.16243076
v -11.84936333 66.66806030 -8.17050076
v -11.74542999 67.16047668 -2.35286498
v -12.70918465 66.79763794 -3.33212256
v -12.61055946 66.15744019 -1.64387763
v -11.84567451 66.43817139 -1.40644753
v -11.74542999 67.16047668 -2.35286498
v -11.84567451 66.43817139 -1.40644753
v -11.17669964 65.56450653 -0.62207747
v -11.01126003 67.31822968 -2.84617877
v -11.58925056 65.17229462 -0.30611113
v -11.17669964 65.56450653 -0.62207747
v -13.02564240 67.63940430 -4.59442377
v -13.64790058 67.72600555 -5.37945986
v -13.66115665 66.62237549 -4.02021122
v -12.26783276 67.88568115 -4.57256699
v -12.73927402 68.22267914 -5.98333836
v -10.08410931 56.84791565 -15.87796402
v -9.10705185 58.62314606 -13.90783215
v -8.80421734 56.62710953 -13.59229851
v -9.47839069 55.03122711 -15.17303753
v -10.07100391 59.40559387 -15.44180679
v -9.96362209 60.47344208 -13.83069038
v -10.96970463 55.81076431 -17.48877907
v -10.97875214 57.20171356 -16.59817123
v -8.64055920 65.43061829 -8.58597851
v -8.98596954 65.94730377 -8.35563660
v -8.37772655 65.92272949 -7.37446213
v -7.60987759 64.55797577 -7.15707445
v -9.86131001 64.80367279 -9.69997406
v -9.85737610 65.68692780 -9.71241283
v -8.98596954 65.94730377 -8.35563660
v -8.64055920 65.43061829 -8.58597851
v -7.60987759 64.55797577 -7.15707445
v -7.90683699 63.91915894 -8.83606815
v -8.06177998 67.55076599 -3.22192168
v -7.21739340 67.49531555 -3.46210623
v -7.95164061 66.65468597 -4.05315495
v -8.71276188 66.78170776 -3.21826029
v -9.05617142 66.58821106 -1.97979558
v -8.37852859 67.48869324 -1.88970709
v -8.06177998 67.55076599 -3.22192168
v -8.37852859 67.48869324 -1.88970709
v -7.22395706 67.75459290 -2.00159121
v -7.21739340 67.49531555 -3.46210623
v -6.30725431 67.32248688 -2.04448676
v -6.21380472 66.97459412 -3.02650189
v -7.21739340 67.49531555 -3.46210623
v -7.22395706 67.75459290 -2.00159121
v -7.46250486 67.43418884 -0.49924895
v -6.28777504 67.21454620 -0.88445789
v -5.61528683 66.61607361 -1.66907227
v -5.61528683 66.61607361 -1.66907227
v -6.28777504 67.21454620 -0.88445789
v -6.33008909 66.70590973 0.64031911
v -5.45599174 66.23348999 0.16255304
v -5.61528683 66.61607361 -1.66907227
v -5.45599174 66.23348999 0.16255304
v -4.93752718 65.59301758 -0.50321519
v -5.48972178 65.97625732 -2.60429287
v -5.61528683 66.61607361 -1.66907227
v -5.48972178 65.97625732 -2.60429287
v -6.56478262 66.38464355 -3.94730210
v -6.21380472 66.97459412 -3.02650189
v -5.82075310 65.31601715 -3.51693869
v -7.37433577 65.66204834 -4.16023254
v -6.56478262 66.38464355 -3.94730210
v -7.37433577 65.66204834 -4.16023254
v -8.57346439 65.92868042 -3.95092630
v -7.95164061 66.65468597 -4.05315495
v -6.56478262 66.38464355 -3.94730210
v -7.95164061 66.65468597 -4.05315495
v -8.57346439 65.92868042 -3.95092630
v -7.37433577 65.66204834 -4.16023254
v -7.92651987 65.58061218 -4.68605709
v -8.60228539 66.26962280 -4.61944675
v -8.57346439 65.92868042 -3.95092630
v -8.60228539 66.26962280 -4.61944675
v -9.44308662 66.81855774 -4.11262512
v -9.25731277 66.35997009 -3.25230169
v -8.57346439 65.92868042 -3.95092630
v -9.25731277 66.35997009 -3.25230169
v -10.27519417 67.15874481 -3.42140579
v -9.82730770 66.57407379 -2.34588933
v -9.82730770 66.57407379 -2.34588933
v -9.82730770 66.57407379 -2.34588933
v -10.43752956 66.39669800 -1.61490810
v -9.05617142 66.58821106 -1.97979558
v -9.43568897 67.28903198 -5.50624084
v -10.34573936 67.84823608 -4.99055004
v -11.31679344 68.02091980 -4.74581671
v -11.31679344 68.02091980 -4.74581671
v -10.34573936 67.84823608 -4.99055004
v -10.59710693 67.77210999 -6.45698977
v -11.63253021 68.23899078 -6.24502563
v -11.31679344 68.02091980 -4.74581671
v -11.63253021 68.23899078 -6.24502563
v -11.01126003 67.31822968 -2.84617877
v -11.63253021 68.23899078 -6.24502563
v -11.89320564 67.47784424 -7.24339724
v -12.94481182 67.52651978 -6.99120140
v -12.73927402 68.22267914 -5.98333836
v -11.84936333 66.66806030 -8.17050076
v -12.74913216 66.52896118 -7.52214146
v -13.69977093 66.26791382 -6.79062796
v -14.03201008 67.12959290 -6.24723005
v -13.64790058 67.72600555 -5.37945986
v -14.03201008 67.12959290 -6.24723005
v -13.69977093 66.26791382 -6.79062796
v -14.42964172 65.46149445 -5.72204208
v -14.55818653 66.23316956 -4.78124857
v -14.03201008 67.12959290 -6.24723005
v -14.55818653 66.23316956 -4.78124857
v -14.79317951 64.42328644 -4.05144691
v -13.99981403 65.10176849 -3.03416610
v -13.99981403 65.10176849 -3.03416610
v -12.86532211 65.52681732 -2.34119010
v -13.99981403 65.10176849 -3.03416610
v -14.79317951 64.42328644 -4.05144691
v -14.32330894 63.24797058 -2.12335420
v -14.32330894 63.24797058 -2.12335420
v -14.45413494 63.62371063 -5.23410749
v -14.60619164 62.32017899 -3.60646820
v -14.60619164 62.32017899 -3.60646820
v -14.40872097 61.05153275 -1.61687875
v -13.31679821 61.99832535 -0.58492100
v -13.74561405 60.20555878 0.15535137
v -12.85892010 61.00729370 1.23137391
v -12.40003109 61.51918030 1.96541810
v -12.40003109 61.51918030 1.96541810
v -12.62657356 62.12055206 2.77443480
v -12.67881584 62.78981018 0.34037572
v -12.85892010 61.00729370 1.23137391
v -12.52104187 60.06437683 2.62914872
v -12.45567989 60.68033600 3.73745298
v -12.53299332 61.39646530 5.11851215
v -11.96356583 62.10789490 6.21639729
v -13.03734589 62.80741882 3.99519968
v -12.43941975 60.10424042 5.07293081
v -11.75355244 60.83584213 6.78564548
v -12.53299332 61.39646530 5.11851215
v -11.96356583 62.10789490 6.21639729
v -12.43818569 59.43541718 3.49966836
v -12.65160656 58.88524628 4.09435415
v -12.43941975 60.10424042 5.07293081
v -12.35043240 59.53570557 6.09224510
v -13.32576180 58.90571213 1.88254666
v -13.33912086 58.34236145 2.26764965
v -12.65160656 58.88524628 4.09435415
v -13.33912086 58.34236145 2.26764965
v -13.64143181 57.84889221 2.53649092
v -12.99611759 58.30372620 4.57400227
v -12.99611759 58.30372620 4.57400227
v -14.21394253 57.38863373 2.87016773
v -13.66382027 57.80669403 4.97203922
v -13.04095364 58.18960571 7.34652042
v -12.48924637 58.77929688 6.81078196
v -12.18343353 58.57560730 9.79395771
v -11.54894352 59.32398987 9.18076038
v -14.39270210 57.22554779 5.44593143
v -13.81891155 57.55194473 7.93355179
v -13.07354832 57.92005157 10.43135643
v -12.08762264 58.25565720 12.79863358
v -11.20327473 58.90864182 12.12766552
v -14.94291782 56.50535965 8.66423416
v -14.39979172 56.75873566 11.27471161
v -13.56579018 56.94536591 13.75496006
v -12.64516544 57.23031616 16.09592819
v -10.86884499 58.62249756 14.93887329
v -16.00908661 55.02294922 12.11875057
v -15.33190918 55.10359955 14.62456226
v -14.60527611 55.19891739 17.00896454
v -13.84489918 55.31140137 19.31914711
v -11.58684349 57.48935699 18.25318718
v -17.08613396 53.04109955 15.31388283
v -16.42020988 53.03435516 17.73408318
v -15.70276642 53.05576324 20.10748482
v -14.84745312 52.99929047 22.38772774
v -12.97728729 55.34425354 21.52136803
v -18.07185745 50.76251221 18.30588341
v -17.33904839 50.64907074 20.67924118
v -16.58570480 50.52705383 23.00959015
v -15.73984241 50.31601715 25.22069931
v -13.98475170 52.87990570 24.59949303
v -18.78982353 48.09452438 21.05566406
v -18.11725044 47.92119217 23.43518448
v -17.18492508 47.58219528 25.61165619
v -17.18492508 47.58219528 25.61165619
v -16.28394890 47.15535355 27.86132050
v -14.82328701 49.97070312 27.32486534
v -15.73984241 50.31601715 25.22069931
v -18.11725044 47.92119217 23.43518448
v -19.14018822 45.06399536 23.53056335
v -18.16584396 44.67855453 25.72792053
v -17.28850555 44.22988892 28.02556038
v -16.08707619 43.46316910 29.94198418
v -15.09726906 46.51900482 29.71832657
v -19.15623283 41.71553802 25.71578598
v -18.31023407 41.27743912 27.92174721
v -16.92211342 40.68672180 29.64395142
v -15.72067642 40.44923401 30.48285103
v -15.09690666 43.13677597 30.80458450
v -19.02313423 38.32546997 27.80580902
v -17.53647614 37.98740768 29.46687508
v -16.42112350 37.83922195 30.38537025
v -15.55155468 37.77830505 30.96944618
v -14.90650845 40.38748932 31.10614395
v -17.97010612 35.12911606 29.32093239
v -17.01753235 35.16355515 30.37635612
v -16.15850639 35.20534897 31.04077530
v -15.26247025 35.25569534 31.52014542
v -14.79970646 37.75575256 31.53261948
v -17.50043678 32.06440353 30.51165581
v -16.43099976 32.25761795 30.99451447
v -15.52277279 32.50371170 31.64125824
v -14.66302967 32.68333435 32.24391174
v -14.70952892 35.34842300 32.36287689
v -15.18158722 29.90891266 32.04322815
v -14.24545765 30.20545387 32.76972198
v -14.24545765 30.20545387 32.76972198
v -14.57028294 30.28498650 34.04969025
v -14.90295792 32.78940201 33.41672516
v -14.66302967 32.68333435 32.24391174
v -13.99934101 27.81678009 33.07331848
v -13.66895866 28.00026894 34.32926941
v -13.66895866 28.00026894 34.32926941
v -13.88969135 28.05226517 35.54797363
v -13.88969135 28.05226517 35.54797363
v -13.33421803 28.49562836 36.72929382
v -14.26073933 30.56785583 35.42922974
v -14.57028294 30.28498650 34.04969025
v -13.88969135 28.05226517 35.54797363
v -13.66895866 28.00026894 34.32926941
v -12.68386555 25.92198944 36.19258881
v -12.54502678 26.29880524 37.22760010
v -12.54502678 26.29880524 37.22760010
v -12.03639507 26.85473633 38.22729492
v -11.24788857 27.60453796 39.54590607
v -12.55431652 29.13289452 38.16478729
v -10.03763962 26.50949860 40.56538391
v -9.04720974 27.79077530 42.04898834
v -10.09301567 28.77914238 41.23094177
v -9.13385582 25.69307518 41.08306885
v -8.19706821 27.09260750 42.53751373
v -7.06091595 28.93877602 43.78514099
v -7.83102798 29.55803299 43.33907318
v -8.47815895 25.12566757 41.28862762
v -7.53226948 26.69787025 42.72045898
v -6.45899296 28.60855484 43.90591431
v -6.45899296 28.60855484 43.90591431
v -5.43629456 30.33011627 44.59394073
v -6.06732178 30.67830658 44.55541992
v -7.06091595 28.93877602 43.78514099
v -7.53226948 26.69787025 42.72045898
v -6.94981289 26.53225327 42.67571259
v -5.89547396 28.41956711 43.86397552
v -4.93258095 30.07711029 44.54283142
v -4.10622168 31.70282745 45.19880676
v -4.60212517 31.94386292 45.24658203
v -5.41440821 28.27518082 43.84481049
v -4.47170925 29.81420135 44.54676056
v -3.60526776 31.46686554 45.19281769
v -2.80108738 33.00445175 46.18588257
v -3.21754241 33.34796906 46.22592926
v -3.60526776 31.46686554 45.19281769
v -4.47170925 29.81420135 44.54676056
v -4.05877686 29.49394226 44.77464294
v -3.27048564 31.09254837 45.48325348
v -2.47274184 32.61268616 46.34271240
v -2.80108738 33.00445175 46.18588257
v -2.37096238 32.25679016 46.88751984
v -1.24222803 33.83634949 47.67185211
v -1.34944570 34.27504349 47.30332947
v -1.64990807 34.70661545 47.25035095
v -3.14782310 30.71326637 46.02777100
v -3.64085698 29.26704979 45.25430298
v -3.39760232 28.93390274 45.80946350
v -2.97814298 30.33380890 46.65634155
v -2.20895433 31.92278671 47.42822266
v -1.85836029 31.47753716 47.84271240
v -0.80096865 32.96182251 48.48233032
v -1.12299442 33.44433975 48.16310120
v -2.64934182 29.94815254 47.15771484
v -3.10428715 28.44956017 46.36077118
v -2.61927915 28.02628326 46.65684509
v -1.99203575 29.54565811 47.33389282
v -2.64934182 29.94815254 47.15771484
v -1.85836029 31.47753716 47.84271240
v -3.91177344 26.99501610 45.05826569
v -3.38424182 26.52816010 45.28417969
v -2.62634563 26.01337051 45.36598969
v -1.96691871 27.66664886 46.66882324
v -2.61927915 28.02628326 46.65684509
v -1.96691871 27.66664886 46.66882324
v -1.96691871 27.66664886 46.66882324
v -2.62634563 26.01337051 45.36598969
v -1.71861553 25.50820541 45.40301514
v -1.22328472 27.23266220 46.73643494
v -1.96691871 27.66664886 46.66882324
v -1.22328472 27.23266220 46.73643494
v -1.02437174 28.79136276 47.58554077
v -1.55494273 29.27065849 47.38033295
v -0.67813981 29.87215424 47.62491608
v -0.94162101 30.31147003 47.37298584
v -1.02437174 28.79136276 47.58554077
v -0.07217183 26.78176308 46.85453796
v -0.11117405 28.20218277 47.70571899
v -0.11117405 28.20218277 47.70571899
v -0.05889592 29.32929993 48.02416229
v 0.13882162 30.05292130 47.89718628
v -0.41504461 30.34313965 47.46331787
v -0.05889592 29.32929993 48.02416229
v 1.24568152 27.77301598 47.78260803
v 1.02033079 28.83895302 48.24348450
v 1.03195572 29.74239159 48.28203583
v 0.13882162 30.05292130 47.89718628
v 1.03195572 29.74239159 48.28203583
v 1.18608189 30.38451385 48.04488373
v 0.35159120 30.54543877 47.62448883
v 0.13882162 30.05292130 47.89718628
v 2.62244415 28.74788857 48.51575470
v 2.41908956 29.51025772 48.66641235
v 2.39723992 30.17424393 48.53510284
v 1.18608189 30.38451385 48.04488373
v 2.39723992 30.17424393 48.53510284
v 2.50073695 30.70225525 48.17760468
v 1.38296723 30.85704803 47.67972565
v 2.39723992 30.17424393 48.53510284
v 2.41908956 29.51025772 48.66641235
v 4.37199450 29.28981400 49.69754791
v 4.24615860 30.14335632 49.73102570
v 4.24615860 30.14335632 49.73102570
v 4.21951485 30.84744835 49.33920288
v 4.28989553 31.25419044 48.67090607
v 2.63804412 31.14218330 47.71909332
v 4.21951485 30.84744835 49.33920288
v 4.24615860 30.14335632 49.73102570
v 6.89940166 29.79419899 49.66236877
v 6.79650545 30.52544212 49.45043945
v 6.79650545 30.52544212 49.45043945
v 6.62605953 31.14726639 48.96750641
v 6.41058159 31.47687149 48.34117889
v 4.38181114 31.39385033 47.91619873
v 6.62605953 31.14726639 48.96750641
v 6.79650545 30.52544212 49.45043945
v 9.08230209 30.25477791 48.69856262
v 8.85307789 30.91127968 48.24331665
v 8.48375607 31.25586319 47.58994293
v 6.41058159 31.47687149 48.34117889
v 8.48375607 31.25586319 47.58994293
v 8.05935955 31.45640564 47.07210541
v 6.21892405 31.55829239 47.60835266
v 10.30195332 30.59700012 46.36553955
v 9.92065716 31.22961235 45.84342957
v 9.35858059 31.62432480 45.22827911
v 8.05935955 31.45640564 47.07210541
v 9.35858059 31.62432480 45.22827911
v 9.92065716 31.22961235 45.84342957
v 10.86071491 31.33679199 44.15198517
v 10.02073669 31.51040649 43.49121094
v 9.06307220 31.53225327 42.85807800
v 9.35858059 31.62432480 45.22827911
v 8.61667252 31.75232506 44.56891632
v 10.34106064 31.28451729 42.36309814
v 9.20089531 31.37523842 41.69736481
v 7.94751310 31.56236458 41.34639740
v 7.93296480 31.56558228 42.45779419
v 6.40518427 31.72381973 41.37004852
v 6.50587416 31.61812592 42.35393524
v 6.50587416 31.61812592 42.35393524
v 6.40518427 31.72381973 41.37004852
v 4.58386230 31.75999260 41.56535339
v 4.81393862 31.64146042 42.45544434
v 4.89373064 31.58751297 43.55612946
v 6.47770643 31.62853622 43.67257690
v 4.89373064 31.58751297 43.55612946
v 4.81914997 31.67390060 44.87905884
v 4.81914997 31.67390060 44.87905884
v 4.62074327 31.76214218 46.15139008
v 4.81914997 31.67390060 44.87905884
v 3.62015367 31.57794952 44.65042877
v 3.39204717 31.64016342 45.55943298
v 4.62074327 31.76214218 46.15139008
v 3.39204717 31.64016342 45.55943298
v 2.32649565 31.47584534 45.06649780
v 2.04950142 31.49598312 45.81269073
v 3.08261085 31.62763596 46.34791565
v 4.47022104 31.62818909 47.10156250
v 2.83678722 31.48981857 47.10372162
v 1.79871190 31.43502235 46.55242920
v 1.57935071 31.22370720 47.20170593
v 1.01701605 31.31687546 46.21535492
v 0.78761607 31.16945839 46.82510376
v 0.56541699 30.89464951 47.26840210
v 0.23185696 31.08498192 46.57070160
v 0.04127432 30.89560318 46.97032928
v -0.17930098 30.64438629 47.25670624
v -0.26339713 30.93867874 46.79618073
v -0.44274995 30.75563812 47.06088257
v -0.68874729 30.59944916 47.22417450
v -0.41504461 30.34313965 47.46331787
v -0.44274995 30.75563812 47.06088257
v -0.26339713 30.93867874 46.79618073
v -0.06525302 31.39142227 46.95166016
v -0.27850407 31.23383713 47.29392242
v -0.44274995 30.75563812 47.06088257
v -0.27850407 31.23383713 47.29392242
v -0.68874729 30.59944916 47.22417450
v -0.06525302 31.39142227 46.95166016
v 0.50247049 32.08734131 47.19015503
v 0.34254342 32.04244995 47.69635010
v 1.33338630 32.91730881 47.41275787
v 1.29502952 32.92259979 48.02526855
v 1.09576142 33.18682098 48.54119110
v 2.52586102 33.68633652 48.22228241
v 2.43048978 34.04009247 48.75761414
v 1.09576142 33.18682098 48.54119110
v 2.43048978 34.04009247 48.75761414
v 2.24900103 34.58173752 49.10578156
v 0.79254889 33.64282227 48.87532043
v -0.27027529 32.42035294 48.40066528
v 0.03627510 32.15286255 48.11453247
v 2.02334666 35.18548965 49.23193359
v 0.44663695 34.18736267 48.98242950
v -0.80096865 32.96182251 48.48233032
v 0.44663695 34.18736267 48.98242950
v 2.02334666 35.18548965 49.23193359
v 1.82807124 35.75375366 49.01146698
v 0.19302675 34.72603226 48.73274231
v 0.19302675 34.72603226 48.73274231
v 1.82807124 35.75375366 49.01146698
v 1.71914804 36.18604279 48.60551453
v 0.09933100 35.16316605 48.30030060
v 0.09933100 35.16316605 48.30030060
v 1.71914804 36.18604279 48.60551453
v 1.58602238 36.70122528 48.33466339
v -0.04173625 35.65793991 47.98526764
v -0.04173625 35.65793991 47.98526764
v 1.58602238 36.70122528 48.33466339
v 1.42550433 37.24913788 48.37514496
v -0.26666272 36.16872406 47.96337128
v -0.26666272 36.16872406 47.96337128
v 1.14866042 37.98935318 48.34665680
v -0.61761659 36.86545563 47.90634918
v -2.09112191 35.23578644 47.23357391
v -1.64990807 34.70661545 47.25035095
v -2.09112191 35.23578644 47.23357391
v -0.61761659 36.86545563 47.90634918
v -0.95779258 37.71783066 47.42649078
v -2.45058370 35.85154343 46.94585419
v -3.66841698 33.78923798 46.15944672
v -3.21754241 33.34796906 46.22592926
v -4.00825214 34.28086090 45.94992828
v -5.14090681 32.36856842 45.16818237
v -4.60212517 31.94386292 45.24658203
v -3.66841698 33.78923798 46.15944672
v -4.38068390 34.90412140 45.60818481
v -5.65150642 33.04605103 44.85081482
v -6.79172325 31.29196167 44.14101410
v -6.06732178 30.67830658 44.55541992
v -5.14090681 32.36856842 45.16818237
v -4.69939327 35.48450470 45.26570129
v -3.82620955 37.99304581 45.42127228
v -4.90487146 35.88402176 45.05913544
v -4.90487146 35.88402176 45.05913544
v -3.82620955 37.99304581 45.42127228
v -4.24366188 38.31909561 45.43601227
v -5.19095993 36.30829239 44.96786499
v -5.19095993 36.30829239 44.96786499
v -4.68791389 38.67263412 45.69288635
v -5.67266703 36.73976898 45.20786285
v -6.85098171 35.50234985 44.25091553
v -6.42855167 34.85863113 44.06844330
v -6.10898352 37.12004471 45.44798279
v -7.27058506 35.90835190 44.55928802
v -6.85098171 35.50234985 44.25091553
v -8.18783092 34.90032196 43.03353882
v -6.85098171 35.50234985 44.25091553
v -8.18783092 34.90032196 43.03353882
v -9.69694328 35.24237442 41.96545410
v -9.69694328 35.24237442 41.96545410
v -9.76303768 34.62663651 41.43416595
v -9.76303768 34.62663651 41.43416595
v -10.86889458 36.16725922 40.94149017
v -10.83028412 35.75133514 40.30419159
v -10.83028412 35.75133514 40.30419159
v -11.13686180 35.41380692 39.93296814
v -10.15771866 34.14291382 41.16678619
v -11.88566208 34.74537659 39.24957275
v -11.09634781 33.14596558 40.37410736
v -12.85767460 33.87266541 37.83421326
v -12.33665085 31.91411400 38.73594666
v -11.33843994 30.16600418 40.03553009
v -13.44550133 31.01787567 36.83538818
v -13.92071724 33.23111343 36.00659180
v -14.69240952 32.95808792 34.66976166
v -13.97910309 35.66564941 35.78919220
v -14.61644173 35.53556824 34.46945953
v -14.69240952 32.95808792 34.66976166
v -14.61644173 35.53556824 34.46945953
v -14.92962360 35.44515610 33.33570099
v -14.26073933 30.56785583 35.42922974
v -14.33349133 38.05991745 34.71385956
v -14.71994209 37.98369217 33.43730164
v -14.63910770 37.84623337 32.46417999
v -14.70952892 35.34842300 32.36287689
v -14.44366169 40.37681580 33.85939026
v -14.50648308 40.35114288 32.76747894
v -14.24873447 40.30412674 31.77159691
v -14.79970646 37.75575256 31.53261948
v -14.63910770 37.84623337 32.46417999
v -14.17814541 42.98061371 33.52921295
v -13.98171139 42.96403122 32.43451691
v -14.24873447 40.30412674 31.77159691
v -13.98171139 42.96403122 32.43451691
v -14.23550797 43.05965042 31.37505150
v -14.23550797 43.05965042 31.37505150
v -13.17431068 45.72154617 33.04582977
v -13.44095898 45.76010132 31.90720177
v -13.44095898 45.76010132 31.90720177
v -14.13588524 46.03658676 31.00717545
v -12.04710770 48.39649200 32.05252075
v -12.76329899 48.84453964 30.68678284
v -13.71990967 49.38461304 29.10410309
v -13.71990967 49.38461304 29.10410309
v -12.76329899 48.84453964 30.68678284
v -11.05691051 51.34526062 30.26511002
v -12.05443287 52.03020096 28.56541443
v -13.06451797 52.56612778 26.67442131
v -14.82328701 49.97070312 27.32486534
v -10.03446960 54.29365540 27.95291138
v -10.97291851 54.82398224 25.85569572
v -12.02287292 55.23046112 23.75321388
v -8.80195427 56.83187485 25.01583290
v -9.82139874 57.29904175 22.70307350
v -10.65110683 57.54403687 20.36121178
v -7.37018108 58.92529678 21.56758690
v -6.46949768 58.30030823 24.16719055
v -4.08600807 59.14847565 23.31377220
v -5.02313566 59.77328110 20.62984276
v -1.64769948 59.58441925 22.48655891
v -2.55775285 60.12582397 19.93685532
v -3.21978688 60.28349304 18.24522018
v -0.17510131 60.15568924 19.10548973
v -1.03846192 60.34169006 17.15124702
v -1.71038568 60.28869629 16.25885201
v -3.36976385 60.22220612 17.10318375
v -2.49483657 60.30139923 15.71795559
v -3.83734012 60.19462585 16.41139030
v -5.30070877 60.16251373 16.92587662
v -5.30070877 60.16251373 16.92587662
v -5.32596445 60.70071411 16.61377144
v -5.32596445 60.70071411 16.61377144
v -5.32596445 60.70071411 16.61377144
v -4.22629833 60.94103241 16.11959648
v -4.51789093 61.69708252 16.15589523
v -5.43588018 61.43120575 16.48562622
v -5.32596445 60.70071411 16.61377144
v -5.43588018 61.43120575 16.48562622
v -4.83140326 62.58129120 16.10117149
v -5.64936161 62.32420731 16.32838058
v -6.50367498 62.03909302 16.08089638
v -6.43482065 61.13453293 16.20067215
v -6.50367498 62.03909302 16.08089638
v -5.64936161 62.32420731 16.32838058
v -6.02510309 63.48924255 16.09419060
v -6.77456856 63.17256927 15.82595825
v -7.23504543 62.91662216 15.16055870
v -7.01827383 61.79735565 15.39792824
v -6.74706030 64.97560120 15.67908478
v -7.38537741 64.53317261 15.40648746
v -7.74373770 64.18550873 14.74227715
v -8.30431175 65.36099243 14.25422096
v -7.74373770 64.18550873 14.74227715
v -8.30431175 65.36099243 14.25422096
v -7.82735348 65.24365234 13.40230370
v -7.43577862 64.02770996 13.91215324
v -6.74706030 64.97560120 15.67908478
v -6.02510309 63.48924255 16.09419060
v -5.28193092 63.74683762 15.90988922
v -6.05878067 65.32439423 15.53636360
v -7.07365274 66.60990143 14.94706440
v -7.65360165 66.21170807 15.08701134
v -6.05878067 65.32439423 15.53636360
v -5.28193092 63.74683762 15.90988922
v -4.73383951 63.90864563 15.39898682
v -5.50893068 65.48474884 15.03154182
v -7.07365274 66.60990143 14.94706440
v -4.52296782 63.93950653 14.68663692
v -5.24792433 65.43333435 14.32180119
v -5.24792433 65.43333435 14.32180119
v -4.52296782 63.93950653 14.68663692
v -4.73036385 63.85028076 13.96478844
v -5.24792433 65.43333435 14.32180119
v -5.42392349 65.17256165 13.62427711
v -4.35300779 62.85499573 14.16396141
v -4.84711647 62.73780441 13.64254189
v -5.28531742 63.61355591 13.47077465
v -4.15958881 62.84726334 14.87234497
v -3.94255018 61.94893646 14.92623234
v -4.14183187 61.98855591 14.26931477
v -4.15958881 62.84726334 14.87234497
v -4.52296782 63.93950653 14.68663692
v -4.73383951 63.90864563 15.39898682
v -4.30858803 62.76341629 15.53908157
v -4.30858803 62.76341629 15.53908157
v -4.83140326 62.58129120 16.10117149
v -4.51789093 61.69708252 16.15589523
v -4.00837469 61.86808777 15.52088356
v -4.03518200 61.51515961 14.26780701
v -4.34449625 61.46461487 13.53563786
v -4.61844349 62.00605011 13.72107124
v -3.80610371 61.32439423 14.88024902
v -4.61844349 62.00605011 13.72107124
v -4.34449625 61.46461487 13.53563786
v -4.37619591 61.69421387 12.73973465
v -4.72321701 62.16414261 12.93068981
v -4.61844349 62.00605011 13.72107124
v -4.72321701 62.16414261 12.93068981
v -5.05284595 62.73176575 13.03847408
v -4.84711647 62.73780441 13.64254189
v -5.05284595 62.73176575 13.03847408
v -4.51437664 62.45774078 12.29413414
v -5.42815590 63.59387207 12.96434212
v -5.05284595 62.73176575 13.03847408
v -5.42815590 63.59387207 12.96434212
v -5.42815590 63.59387207 12.96434212
v -5.93686581 64.60784912 12.72742748
v -5.94501305 64.70748901 13.19820118
v -5.28531742 63.61355591 13.47077465
v -4.34449625 61.46461487 13.53563786
v -4.00017786 61.87204742 13.53908157
v -4.03518200 61.51515961 14.26780701
v -3.78235602 61.84545898 14.24647999
v -3.78235602 61.84545898 14.24647999
v -3.28854513 61.80153275 14.81016445
v -3.01369953 62.73396301 14.76958847
v -3.60579515 62.75095367 14.23915768
v -3.90548182 62.72963715 13.54757881
v -4.00017786 61.87204742 13.53908157
v -3.43579006 63.83892822 14.02833366
v -3.75087214 63.79113007 13.34759331
v -3.90548182 62.72963715 13.54757881
v -3.75087214 63.79113007 13.34759331
v -3.67739153 63.73044586 12.61758900
v -3.84010458 62.73617554 12.77161503
v -3.90653825 61.96734619 12.75687790
v -4.00017786 61.87204742 13.53908157
v -3.20816922 63.61128998 11.94080544
v -3.41689944 62.73342896 12.02238178
v -3.61969304 62.17269516 11.90878677
v -3.33641529 64.94551086 12.30760956
v -2.89084172 64.68939209 11.73842049
v -3.20816922 63.61128998 11.94080544
v -2.89084172 64.68939209 11.73842049
v -2.24855018 64.47591400 11.41499138
v -2.43387699 63.36986542 11.58439636
v -2.58571219 62.49559021 11.66085148
v -3.41689944 62.73342896 12.02238178
v -1.56494355 64.36964417 11.42224121
v -1.66774213 63.19257355 11.65903950
v -1.77922654 62.22541046 11.75412464
v -1.77922654 62.22541046 11.75412464
v -2.02345634 61.44975662 11.72494125
v -2.74382830 61.93835068 11.63714123
v -2.58571219 62.49559021 11.66085148
v -1.66774213 63.19257355 11.65903950
v -1.07545710 63.14638901 12.11733723
v -1.15107930 62.11949539 12.19763756
v -1.47670519 61.40262222 11.99220371
v -0.72531772 63.22703552 12.83497143
v -0.78962541 62.15528488 12.92769909
v -0.87241483 61.24958420 12.71271420
v -0.78962541 62.15528488 12.92769909
v -0.72531772 63.22703552 12.83497143
v -0.75206774 63.42354965 13.66810417
v -0.77473170 62.28246689 13.86693764
v -1.24706435 63.65212250 14.33640575
v -1.31848538 62.48258591 14.66985798
v -1.34857714 61.57563782 14.86030293
v -1.31848538 62.48258591 14.66985798
v -1.24706435 63.65212250 14.33640575
v -2.02353048 63.81231308 14.62067509
v -2.20640278 62.66494370 14.98028278
v -2.81934929 63.86541748 14.49893570
v -3.01369953 62.73396301 14.76958847
v -2.20640278 62.66494370 14.98028278
v -2.58559418 61.75717163 15.15891266
v -1.79457486 65.43338013 13.92942429
v -2.53213000 65.48447418 13.86912346
v -2.81934929 63.86541748 14.49893570
v -2.53213000 65.48447418 13.86912346
v -3.11451483 65.38671112 13.50225544
v -3.11451483 65.38671112 13.50225544
v -2.53213000 65.48447418 13.86912346
v -2.76047206 66.96434021 12.45018768
v -3.05967093 66.68283844 12.01473904
v -3.42592382 65.19167328 12.93675518
v -3.42592382 65.19167328 12.93675518
v -3.05967093 66.68283844 12.01473904
v -3.03879619 66.33364868 11.54819012
v -3.05967093 66.68283844 12.01473904
v -2.42506003 67.72438049 10.94698906
v -2.42506003 67.72438049 10.94698906
v -2.45667505 67.37168884 10.67985725
v -2.42506003 67.72438049 10.94698906
v -2.16158366 67.95944214 11.24275017
v -1.60192478 68.10533142 10.86665821
v -2.45667505 67.37168884 10.67985725
v -1.79457486 65.43338013 13.92942429
v -1.79457486 65.43338013 13.92942429
v -2.02353048 63.81231308 14.62067509
v -1.24706435 63.65212250 14.33640575
v -1.11417091 65.23376465 13.66223431
v -1.51140416 67.03487396 12.82735348
v -1.11417091 65.23376465 13.66223431
v -0.67453104 64.91972351 13.12028503
v -0.67453104 64.91972351 13.12028503
v -0.62053531 64.60135651 12.45079517
v -0.62053531 64.60135651 12.45079517
v -0.96873748 64.40072632 11.82943344
v -0.85720652 65.83444977 11.22515202
v -0.52819258 66.07415771 11.66592026
v -1.56494355 64.36964417 11.42224121
v -1.42269409 65.75634003 10.95797157
v -0.85720652 65.83444977 11.22515202
v -1.42269409 65.75634003 10.95797157
v -1.40477693 66.93289185 10.41243744
v -0.96244979 67.09599304 10.55536270
v -0.74220520 67.34766388 10.81736469
v -1.42269409 65.75634003 10.95797157
v -3.33641529 64.94551086 12.30760956
v -0.17510131 60.15568924 19.10548973
v 0.83471227 59.57061768 21.72359848
v 3.33763981 59.12287140 20.94671440
v 2.16246867 59.78070068 18.23292542
v 0.83471227 59.57061768 21.72359848
v 5.88928843 58.07576370 20.07575226
v 4.90933323 58.64485931 17.56976128
v 8.33701134 56.53345871 19.19145775
v 7.52866459 57.09022522 16.76891899
v 6.66322327 57.38412476 14.36350441
v 9.77751064 55.06201172 16.01277542
v 9.06789494 55.47675323 13.60243225
v 8.22045994 55.68136597 11.20720863
v 5.87555933 57.59190369 12.01213741
v 7.28578091 55.83863068 8.75330544
v 5.02226305 57.71429443 9.57068825
v 2.59711003 59.19322968 10.35724735
v 3.99106717 57.75887299 6.96344090
v 1.81852102 59.10513306 7.58469057
v 0.67559296 59.59559631 7.80757475
v 1.18701267 59.81385040 10.72252369
v -0.16450769 59.85118866 7.94643497
v 0.30016479 60.06632996 10.88460541
v -0.38787574 59.43541336 4.93583441
v -1.31187248 59.51205444 5.06673574
v -1.41932905 59.07728577 2.17793036
v -2.24454451 59.05775452 2.30151510
v -2.58813190 58.38892365 -0.73484814
v -3.39697385 58.33901215 -0.69251275
v -4.19122076 58.44068909 -0.66082966
v -4.39066935 57.75615692 -3.73158264
v -5.07396603 57.96112823 -3.79456735
v -5.43319750 58.53198242 -3.99715257
v -4.71744251 59.06227112 -0.90769869
v -4.19122076 58.44068909 -0.66082966
v -4.71744251 59.06227112 -0.90769869
v -3.54401517 59.85856247 1.89016008
v -3.06489491 59.30849457 2.29198813
v -4.71744251 59.06227112 -0.90769869
v -5.43319750 58.53198242 -3.99715257
v -5.64042759 59.23503113 -4.35719967
v -4.90736818 59.80607986 -1.38677061
v -4.90736818 59.80607986 -1.38677061
v -3.85553885 60.54371643 0.98147511
v -3.85553885 60.54371643 0.98147511
v -3.04472780 60.31972504 4.97696733
v -3.54401517 59.85856247 1.89016008
v -5.05257416 60.66205597 -1.95675743
v -4.03253317 61.36869431 0.03154455
v -4.03253317 61.36869431 0.03154455
v -5.37709951 61.68072128 -2.95187855
v -4.48349667 62.39538574 -1.37518871
v -4.48349667 62.39538574 -1.37518871
v -4.20725441 63.25964355 -0.20290326
v -4.38000393 63.99361420 0.80217773
v -4.20725441 63.25964355 -0.20290326
v -6.05705357 63.41620636 -3.21543455
v -4.94224119 64.23110962 -2.34532738
v -4.94224119 64.23110962 -2.34532738
v -4.74507236 64.91653442 -1.39793646
v -4.93752718 65.59301758 -0.50321519
v -4.81420565 64.61917114 1.51297104
v -4.74507236 64.91653442 -1.39793646
v -6.68491411 64.82707214 -3.86171365
v -4.93752718 65.59301758 -0.50321519
v -7.28422785 64.44775391 -5.13516665
v -6.68491411 64.82707214 -3.86171365
v -7.28422785 64.44775391 -5.13516665
v -8.24121475 65.68421173 -5.95045424
v -7.92651987 65.58061218 -4.68605709
v -8.24121475 65.68421173 -5.95045424
v -8.37772655 65.92272949 -7.37446213
v -8.80039501 66.70707703 -7.15324497
v -8.73294735 66.51545715 -5.90069294
v -8.73294735 66.51545715 -5.90069294
v -8.80039501 66.70707703 -7.15324497
v -9.72300625 67.26725769 -6.77230835
v -9.43568897 67.28903198 -5.50624084
v -8.73294735 66.51545715 -5.90069294
v -9.51774597 66.12928009 -7.91063166
v -9.85737610 65.68692780 -9.71241283
v -10.07698441 66.50191498 -9.41623020
v -10.07698441 66.50191498 -9.41623020
v -11.69142914 65.49653625 -10.30301285
v -11.73822212 66.51702881 -10.21753216
v -11.73822212 66.51702881 -10.21753216
v -11.76767445 66.85024261 -9.16243076
v -11.73822212 66.51702881 -10.21753216
v -11.69142914 65.49653625 -10.30301285
v -13.31562996 65.17906189 -9.77623367
v -13.57649994 66.15507507 -9.67473888
v -11.73822212 66.51702881 -10.21753216
v -13.57649994 66.15507507 -9.67473888
v -13.17928982 66.61769104 -8.62266922
v -11.76767445 66.85024261 -9.16243076
v -13.17928982 66.61769104 -8.62266922
v -12.74913216 66.52896118 -7.52214146
v -14.70620918 65.43219757 -8.48993015
v -14.09746361 65.90439606 -7.61479568
v -14.09746361 65.90439606 -7.61479568
v -13.69977093 66.26791382 -6.79062796
v -14.09746361 65.90439606 -7.61479568
v -14.70620918 65.43219757 -8.48993015
v -14.87957668 64.27365112 -7.28138494
v -14.37437344 64.81163788 -6.49159908
v -14.90787888 62.98098755 -6.33048582
v -14.90787888 62.98098755 -6.33048582
v -15.43140984 62.48147583 -7.40280533
v -15.61205673 60.70101547 -6.16318607
v -14.78113842 61.38395691 -5.04897356
v -14.78113842 61.38395691 -5.04897356
v -15.35801601 59.23513794 -4.76074266
v -14.34526634 60.00442505 -3.29135942
v -14.34526634 60.00442505 -3.29135942
v -14.40872097 61.05153275 -1.61687875
v -15.01817799 58.31198120 -3.76560640
v -14.27372742 59.12837219 -1.84365237
v -14.27372742 59.12837219 -1.84365237
v -13.74561405 60.20555878 0.15535137
v -15.01817799 58.31198120 -3.76560640
v -14.80292606 57.69960785 -3.20358443
v -14.14167023 58.55212402 -0.98872697
v -13.45253944 59.53463364 1.30330539
v -13.45253944 59.53463364 1.30330539
v -12.52104187 60.06437683 2.62914872
v -14.00829411 58.00080109 -0.44669470
v -13.32576180 58.90571213 1.88254666
v -12.43818569 59.43541718 3.49966836
v -14.71520424 57.14449310 -2.84910727
v -14.78105259 56.63193512 -2.52998424
v -14.04255962 57.50311279 -0.10618260
v -14.04255962 57.50311279 -0.10618260
v -14.78105259 56.63193512 -2.52998424
v -15.10815334 56.24995422 -2.23516488
v -14.45785046 57.04253387 0.16160592
v -13.64143181 57.84889221 2.53649092
v -13.33912086 58.34236145 2.26764965
v -15.52938271 55.94283295 -1.99028111
v -14.93685150 56.69554520 0.39567798
v -14.21394253 57.38863373 2.87016773
v -16.07613564 55.57074738 -1.70690262
v -15.50514030 56.26348877 0.71889198
v -14.90942097 56.87486267 3.18799686
v -14.90942097 56.87486267 3.18799686
v -16.22946358 55.65409088 1.12348628
v -15.80786037 56.08322906 3.64404655
v -15.80786037 56.08322906 3.64404655
v -15.37877846 56.29697418 6.06093502
v -17.29972649 54.58584595 4.39771748
v -16.96119881 54.75413513 6.93437433
v -16.57704926 54.92303467 9.53591919
v -18.43537140 52.82990265 7.69881582
v -18.13491821 53.02174377 10.26348114
v -17.58213043 52.98434448 12.79455471
v -17.58213043 52.98434448 12.79455471
v -18.13491821 53.02174377 10.26348114
v -19.42882156 50.71350479 10.82671642
v -19.06860161 50.75839615 13.34641171
v -19.06860161 50.75839615 13.34641171
v -18.51070404 50.69555664 15.80086517
v -18.51070404 50.69555664 15.80086517
v -20.35854530 48.33238602 13.75479984
v -19.80795479 48.21631241 16.18954277
v -19.38724518 48.20722961 18.65486908
v -18.07185745 50.76251221 18.30588341
v -18.78982353 48.09452438 21.05566406
v -17.33904839 50.64907074 20.67924118
v -20.99110031 45.62284851 16.43931198
v -20.37923622 45.48365784 18.83072662
v -19.89250755 45.31898499 21.23246765
v -19.89250755 45.31898499 21.23246765
v -18.78982353 48.09452438 21.05566406
v -21.34316826 42.65108490 18.92005157
v -20.78238869 42.41678619 21.23250008
v -20.78238869 42.41678619 21.23250008
v -19.97579575 42.07695770 23.48773003
v -21.45529556 39.36503601 21.14716339
v -20.82006836 39.04219818 23.43604851
v -19.88266182 38.66495132 25.62496758
v -21.25959969 35.92423630 23.33520317
v -20.24668884 35.56061935 25.57793045
v -19.35490608 35.26408005 27.75041389
v -20.36121178 32.37490463 25.65612984
v -19.50407982 31.88444328 27.76609612
v -18.20865631 31.92222786 29.30960464
v -21.16276932 32.89231491 23.26604462
v -21.27956581 30.10165787 23.39535904
v -22.11061859 33.33345032 20.91426086
v -22.16343307 30.60739136 20.86702728
v -22.13473129 28.17549515 20.79160309
v -21.03771400 27.87697411 23.33942413
v -21.80027580 25.86808586 20.61118889
v -20.95135307 25.77676201 23.29301453
v -19.99987984 25.72404099 25.12163734
v -19.57114220 25.62985229 26.16209602
v -20.65042686 23.62965393 22.98825264
v -19.90325165 23.71352386 24.70258904
v -19.45038795 23.83804512 25.75530624
v -19.04203796 24.02835083 26.60736275
v -19.17765808 25.57697487 26.89566422
v -19.36894226 21.61685562 24.64716721
v -20.08750725 21.36590195 22.61007690
v -19.45948792 19.04902649 22.24921989
v -18.79512596 19.53519440 24.36677551
v -18.79512596 19.53519440 24.36677551
v -19.45948792 19.04902649 22.24921989
v -18.22448540 16.48293304 21.73252106
v -17.57360077 16.86840630 23.69981575
v -16.91883469 17.32723808 25.45236206
v -18.17241478 20.06974411 26.00611305
v -16.91883469 17.32723808 25.45236206
v -16.27465820 17.85381699 27.19368744
v -15.62983704 13.90365219 22.77528381
v -16.27465820 17.85381699 27.19368744
v -16.52290344 13.96170998 21.08243370
v -15.19035721 12.43161011 20.44789505
v -14.04121971 12.08280563 21.79717255
v -14.42700386 11.66177559 20.02099991
v -13.33725834 11.40311432 21.28166389
v -12.48507595 11.17014122 22.03376007
v -11.71769428 10.69033623 22.44290352
v -12.48507595 11.17014122 22.03376007
v -13.33725834 11.40311432 21.28166389
v -12.90466976 10.73872757 20.92594910
v -12.41990662 10.32104301 21.85241127
v -11.73675251 9.82365417 22.37146950
v -11.71769428 10.69033623 22.44290352
v -11.73675251 9.82365417 22.37146950
v -10.66157150 9.36696053 22.20243454
v -10.46486664 10.00091553 22.29077911
v -11.71769428 10.69033623 22.44290352
v -12.70109463 9.49137306 21.75359726
v -11.99701309 8.98533630 22.15486526
v -11.99701309 8.98533630 22.15486526
v -11.04132462 8.63071823 22.06702042
v -11.04132462 8.63071823 22.06702042
v -10.36953926 8.65778923 21.41192818
v -10.22179031 9.36427116 21.13587570
v -10.66157150 9.36696053 22.20243454
v -12.41663837 8.05970955 21.76419449
v -11.56083584 7.68697357 21.73685837
v -10.84401035 7.60338593 21.27543449
v -10.36953926 8.65778923 21.41192818
v -10.84401035 7.60338593 21.27543449
v -10.66854477 7.77780151 20.56688309
v -10.58403778 8.82262230 20.49931717
v -10.36953926 8.65778923 21.41192818
v -12.31974983 6.42420578 21.06661034
v -11.59130096 6.22683144 20.68201065
v -11.59130096 6.22683144 20.68201065
v -11.24501324 6.40821075 19.99661255
v -11.24501324 6.40821075 19.99661255
v -11.47804260 6.82472610 19.37973595
v -11.24501324 6.40821075 19.99661255
v -11.59130096 6.22683144 20.68201065
v -12.64114285 4.77100372 19.72891808
v -12.17316437 4.95500946 19.10576439
v -12.17316437 4.95500946 19.10576439
v -12.21980667 5.53023148 18.53896523
v -12.52273655 6.14278603 18.13962173
v -13.25226307 3.56468582 17.84686661
v -13.17022324 4.20376968 17.25155830
v -13.18746948 4.93094826 16.71786118
v -13.18746948 4.93094826 16.71786118
v -13.23542881 5.77527237 16.11058998
v -12.58322334 6.79836273 17.37000656
v -12.52273655 6.14278603 18.13962173
v -14.19112968 2.89709091 15.54040813
v -14.25554276 3.85489655 14.98051262
v -14.32119942 4.94390106 14.34432888
v -13.23542881 5.77527237 16.11058998
v -14.32743549 6.12696457 13.53984165
v -13.58493233 6.79926491 15.21028805
v -15.26811600 3.09786224 13.40627193
v -14.32119942 4.94390106 14.34432888
v -15.03410625 4.37680817 12.69100571
v -14.98100185 5.35275650 11.82541752
v -14.32743549 6.12696457 13.53984165
v -13.97991657 7.92904472 14.20630074
v -13.62423897 8.51247025 14.96687984
v -13.09395027 7.54722595 16.16670990
v -12.58322334 6.79836273 17.37000656
v -14.55859852 7.23716545 12.79941940
v -15.45071602 8.04570961 12.48517132
v -14.78448200 8.97980690 13.71237183
v -15.43258286 6.10746956 11.16915798
v -16.33003044 6.64406395 10.99156094
v -16.33003044 6.64406395 10.99156094
v -17.36139107 6.77311707 11.40068913
v -16.59237671 8.24210930 12.85793781
v -15.45071602 8.04570961 12.48517132
v -16.49162102 4.27851677 10.41174316
v -17.35912132 4.54033279 10.19666862
v -17.35912132 4.54033279 10.19666862
v -18.11862946 4.71357155 10.72449970
v -18.45273781 4.65983200 11.64321232
v -17.98919487 6.36496544 12.21117020
v -18.11862946 4.71357155 10.72449970
v -17.35912132 4.54033279 10.19666862
v -18.05157280 2.70665741 10.55615044
v -18.78326797 2.95883560 10.90597820
v -18.11862946 4.71357155 10.72449970
v -18.78326797 2.95883560 10.90597820
v -19.04041100 3.12762833 11.79575157
v -18.45273781 4.65983200 11.64321232
v -18.77815247 3.11331558 12.78209877
v -18.40048981 4.43623352 12.71126938
v -19.12068939 1.61085892 11.33443356
v -18.05157280 2.70665741 10.55615044
v -17.22392273 2.54178619 10.72864819
v -17.22392273 2.54178619 10.72864819
v -17.22392273 2.54178619 10.72864819
v -16.49129486 2.52094650 11.31663895
v -17.98919487 6.36496544 12.21117020
v -17.91809654 5.63885880 13.23511982
v -17.27651215 6.82829094 14.50488949
v -17.26641083 7.72005653 13.67881680
v -17.26641083 7.72005653 13.67881680
v -17.26641083 7.72005653 13.67881680
v -17.27651215 6.82829094 14.50488949
v -16.35776901 7.72791290 15.99748230
v -16.49952316 8.72822762 15.15373135
v -16.49952316 8.72822762 15.15373135
v -15.93912220 9.29464340 14.21624565
v -15.85250759 9.39282990 16.22625160
v -15.42192364 9.88008881 15.16296673
v -15.93912220 9.29464340 14.21624565
v -15.42192364 9.88008881 15.16296673
v -14.41613388 9.53279495 14.49387646
v -14.78448200 8.97980690 13.71237183
v -14.78448200 8.97980690 13.71237183
v -14.41613388 9.53279495 14.49387646
v -15.42192364 9.88008881 15.16296673
v -15.01666164 10.21102905 15.63954353
v -14.22986412 9.85375023 14.93239975
v -14.41613388 9.53279495 14.49387646
v -14.22986412 9.85375023 14.93239975
v -13.41271114 9.08569908 15.36722469
v -14.12375069 9.96735382 15.04485893
v -13.31892300 9.49045944 15.48451042
v -13.31892300 9.49045944 15.48451042
v -14.12375069 9.96735382 15.04485893
v -14.08247662 10.01506042 14.90705395
v -13.01590347 9.54938126 15.11653519
v -13.31892300 9.49045944 15.48451042
v -13.01590347 9.54938126 15.11653519
v -11.98822212 9.45638466 16.15739632
v -12.57049751 9.10240364 16.71100426
v -11.98822212 9.45638466 16.15739632
v -13.01590347 9.54938126 15.11653519
v -11.13975239 9.48960686 17.76399422
v -11.13975239 9.48960686 17.76399422
v -11.88354015 8.69672012 18.53708839
v -11.13975239 9.48960686 17.76399422
v -10.62332630 9.67604256 19.37467957
v -11.02326107 9.62994766 19.96270180
v -11.88354015 8.69672012 18.53708839
v -9.88538742 9.31219101 18.72234726
v -10.62332630 9.67604256 19.37467957
v -10.25740910 9.67967415 20.92145538
v -8.92010021 8.89256668 17.95014191
v -7.19254017 8.18877792 15.19378471
v -6.94160318 8.32701111 16.85833549
v -6.53257370 8.58847237 18.65826416
v -6.07418442 8.95385170 20.53401566
v -6.53257370 8.58847237 18.65826416
v -6.94160318 8.32701111 16.85833549
v -3.54820967 7.91389847 15.30112076
v -3.16757846 8.08308411 17.16039467
v -2.63924837 8.40673828 19.18437576
v -6.07418442 8.95385170 20.53401566
v -2.05170059 8.88154411 21.29891205
v -5.48542690 9.42586899 22.52710533
v 0.65814584 8.27489090 15.92749023
v 1.12354374 8.57115364 17.95752907
v 1.56961513 8.98855591 20.01925278
v 1.90933335 9.54105186 22.25248909
v -1.46381688 9.51836205 23.55128860
v 4.18174934 9.24026108 17.29345131
v 3.68389153 8.92345619 15.48850346
v 5.15407419 9.38176537 15.46883678
v 5.73391056 9.72676849 17.02912903
v 6.31122589 9.80271721 15.50228310
v 6.86575890 10.04604721 16.86110687
v 5.73391056 9.72676849 17.02912903
v 6.86575890 10.04604721 16.86110687
v 7.32458353 9.39916420 17.69891167
v 6.42780209 10.09435272 18.11127090
v 7.32458353 9.39916420 17.69891167
v 6.86575890 10.04604721 16.86110687
v 7.43850517 8.73424149 16.54655266
v 7.53127146 8.23140717 17.30851555
v 7.32458353 9.39916420 17.69891167
v 7.53127146 8.23140717 17.30851555
v 8.12424183 7.96995544 17.74266624
v 7.77841330 9.04372406 18.24161911
v 7.77841330 9.04372406 18.24161911
v 7.43451643 9.91638565 18.40384865
v 7.77841330 9.04372406 18.24161911
v 8.12424183 7.96995544 17.74266624
v 8.93907738 8.14174080 17.70433807
v 8.62664318 9.11784363 18.31085587
v 8.27241898 9.92954063 18.69013023
v 7.43451643 9.91638565 18.40384865
v 9.53976440 8.59227371 17.27705383
v 9.26880360 9.54966736 17.85513496
v 9.05511379 10.33791351 18.18549728
v 9.26880360 9.54966736 17.85513496
v 9.53976440 8.59227371 17.27705383
v 9.76125717 9.07117653 16.67541313
v 9.48419476 10.03968620 17.20007706
v 9.52876282 9.46339035 15.71587944
v 9.29935741 10.50787544 16.10761452
v 9.62635136 11.36911583 16.14717102
v 9.26187897 10.81632233 14.48099422
v 9.83700562 11.59519958 14.42641926
v 9.62635136 11.36911583 16.14717102
v 9.83700562 11.59519958 14.42641926
v 10.66700268 12.25834084 14.30183315
v 10.50390816 12.03494453 16.15300560
v 10.06143761 11.80380630 17.88822937
v 9.25821304 10.73120499 17.45059013
v 11.87571430 13.40264893 14.05684280
v 12.01621246 13.39181137 16.04644394
v 10.50390816 12.03494453 16.15300560
v 12.01621246 13.39181137 16.04644394
v 12.08233356 13.47993279 17.89106750
v 12.16154766 13.73186302 19.79516411
v 12.08233356 13.47993279 17.89106750
v 14.05865669 15.84142494 15.66275215
v 14.27349854 16.13084602 17.64009857
v 12.08233356 13.47993279 17.89106750
v 14.27349854 16.13084602 17.64009857
v 14.47492599 16.56283188 19.58622169
v 12.16154766 13.73186302 19.79516411
v 14.55975533 16.99074554 21.67902374
v 12.45409679 14.43346024 22.08235359
v 16.12870789 19.39625168 17.32865334
v 16.23910141 19.74273109 19.22754669
v 16.27826881 19.89317513 21.23279953
v 16.01695442 19.88463020 23.79699326
v 14.45881271 17.39830017 24.07794571
v 17.22037888 22.77587700 20.85427284
v 16.80242538 22.13557053 23.78822708
v 16.00559044 21.75405502 27.00142097
v 15.49803925 19.94095612 26.79150772
v 16.89258194 23.68004608 23.71636200
v 16.04172516 22.91006088 27.28168106
v 14.99078369 22.46422577 29.96028519
v 15.09824848 21.69873810 29.80958366
v 15.83484936 23.59296417 27.46961784
v 14.89447117 23.03000641 30.17738533
v 14.39733410 23.10221481 32.33566284
v 14.22500610 22.45797920 32.15838623
v 15.75838089 24.26747131 27.51133537
v 14.90496254 23.65728569 30.46126175
v 14.60130692 23.62027740 32.39816284
v 14.55145454 24.22436523 33.97193909
v 14.32867146 23.74255371 34.10507965
v 15.13656998 24.17990494 30.72914886
v 14.92281342 24.13188934 32.47977448
v 14.87103844 24.55534744 33.90039062
v 14.87103844 24.55534744 33.90039062
v 14.95405102 25.55952454 35.28687286
v 14.62063313 25.28806686 35.52156067
v 14.55145454 24.22436523 33.97193909
v 14.92281342 24.13188934 32.47977448
v 15.49890518 24.44392014 32.61417389
v 15.43840313 24.80149078 33.90628052
v 15.48046303 25.71292877 35.15781403
v 15.47284985 27.27254105 36.56446075
v 14.99754906 27.16784668 36.74540710
v 15.92326641 25.03405762 33.91936493
v 15.96288109 25.90443420 34.99938202
v 15.99178314 27.39382935 36.37863159
v 15.99178314 27.39382935 36.37863159
v 15.71087933 29.29574203 37.72333527
v 15.18054008 29.16892624 37.88758850
v 15.47284985 27.27254105 36.56446075
v 15.99178314 27.39382935 36.37863159
v 15.96288109 25.90443420 34.99938202
v 16.35474586 26.26188850 34.68750000
v 16.37567520 27.70487976 35.98326111
v 16.16171837 29.53036308 37.38389587
v 15.71087933 29.29574203 37.72333527
v 15.68458652 31.37909126 38.56678772
v 15.29293156 31.11703110 38.90929413
v 16.62143326 28.09730148 35.49617767
v 16.40291405 29.89611435 36.84685516
v 16.01127625 31.75160408 38.05845642
v 15.38477707 33.77529907 39.53473663
v 15.12069607 33.33775330 39.91842651
v 16.60931778 30.36186600 36.21753693
v 16.21870422 32.18771362 37.41809845
v 15.51002121 34.30005646 39.12079620
v 14.74757576 36.52755356 40.19783020
v 14.70999622 36.07828903 40.65195465
v 14.67322636 35.66554642 41.04201508
v 14.57570171 35.23503113 41.40637207
v 13.80629063 37.97473145 41.71392059
v 13.76134396 37.59859085 42.27995300
v 13.76714039 37.04255295 42.84220123
v 14.33519077 34.81282425 41.66540527
v 14.71742153 33.06739044 40.14078522
v 13.63711166 36.46519852 43.23795319
v 13.34838486 35.99381256 43.39505005
v 13.97580910 34.40716171 41.83451080
v 13.63711166 36.46519852 43.23795319
v 12.28099632 37.97688675 44.74471283
v 12.28099632 37.97688675 44.74471283
v 12.14484787 37.34804153 44.91413116
v 12.14484787 37.34804153 44.91413116
v 11.86396980 36.74634171 44.85099030
v 13.06387424 35.51961517 43.52549744
v 13.34838486 35.99381256 43.39505005
v 12.14484787 37.34804153 44.91413116
v 10.36810303 38.95163727 46.00691223
v 10.39820385 38.24930573 46.24752808
v 10.39820385 38.24930573 46.24752808
v 10.23332787 37.56816101 46.19915009
v 10.23332787 37.56816101 46.19915009
v 10.20277691 36.99847031 46.32847595
v 11.87195396 36.19115067 45.08492279
v 11.86396980 36.74634171 44.85099030
v 8.14139843 38.58499527 47.33606720
v 8.12694645 37.95248795 47.31062317
v 8.15890503 37.38849640 47.39890289
v 10.20277691 36.99847031 46.32847595
v 8.15890503 37.38849640 47.39890289
v 8.32902336 36.89579773 47.81821442
v 10.42772293 36.56080627 46.76142120
v 5.80065012 37.81368637 48.00266266
v 5.89449453 37.26564407 48.05112457
v 5.89449453 37.26564407 48.05112457
v 6.05307913 36.87378311 48.53315735
v 6.15900660 36.30403900 48.80902100
v 8.42859745 36.32395935 48.13191223
v 6.05307913 36.87378311 48.53315735
v 5.89449453 37.26564407 48.05112457
v 3.67275119 36.86077118 48.48281097
v 3.81057978 36.46933365 48.94115448
v 6.05307913 36.87378311 48.53315735
v 3.81057978 36.46933365 48.94115448
v 3.95288062 35.91360474 49.17802429
v 6.15900660 36.30403900 48.80902100
v 4.07587862 35.27120590 49.06437683
v 6.18603802 35.65424347 48.72943115
v 1.82807124 35.75375366 49.01146698
v 6.14866400 35.08909225 48.37998199
v 8.24216652 35.11835098 47.76720428
v 8.38317013 35.69151688 48.07917023
v 8.42859745 36.32395935 48.13191223
v 4.15317488 34.70919418 48.71614838
v 4.15317488 34.70919418 48.71614838
v 4.12960625 34.36537170 48.16512299
v 6.03977394 34.71833801 47.83278656
v 6.14866400 35.08909225 48.37998199
v 5.85351706 34.67691040 47.14649963
v 7.78877783 34.66608810 46.56008148
v 8.03328037 34.72914124 47.25025177
v 8.24216652 35.11835098 47.76720428
v 3.98080826 34.33415604 47.47979736
v 3.98080826 34.33415604 47.47979736
v 3.78235531 34.41181183 46.76026154
v 5.63576651 34.73704529 46.41166687
v 5.85351706 34.67691040 47.14649963
v 2.45200610 33.67773438 47.54213715
v 2.45200610 33.67773438 47.54213715
v 2.30762196 33.76670456 46.83644104
v 2.07521963 33.82437897 45.96708679
v 3.52862096 34.48875046 45.83867645
v 1.33338630 32.91730881 47.41275787
v 1.26095283 32.99324799 46.74108887
v 1.13401747 33.06425858 45.95193481
v 0.99303728 33.01664734 45.09269714
v 1.88760388 33.80041504 45.03251648
v 0.53907251 32.20476151 46.59481812
v 0.48255783 32.29359055 45.87165070
v 0.34366363 32.22966003 45.04022217
v 0.22519213 32.03685379 44.13197327
v 0.83929288 32.78882599 44.21990204
v -0.00718141 31.60362816 45.83846283
v -0.11961281 31.52645874 45.06555176
v 0.34366363 32.22966003 45.04022217
v -0.11961281 31.52645874 45.06555176
v -0.22874524 31.35828209 44.10331726
v 0.22519213 32.03685379 44.13197327
v -0.22874524 31.35828209 44.10331726
v 0.01532267 30.96817780 44.20354462
v 0.35518253 31.05307579 43.00074005
v -0.06375737 31.33974075 42.83284760
v -0.06375737 31.33974075 42.83284760
v 0.28197530 31.89941978 43.06671143
v -0.03707275 31.04282188 45.14817047
v 0.01532267 30.96817780 44.20354462
v -0.03707275 31.04282188 45.14817047
v 0.58879364 31.18686485 45.25247192
v 0.73080325 31.13361359 44.37046051
v 0.01532267 30.96817780 44.20354462
v -0.00718141 31.60362816 45.83846283
v -0.08029944 31.08445930 45.88004303
v -0.08029944 31.08445930 45.88004303
v 0.42086580 31.18671608 46.00173187
v -0.18251428 31.08005524 46.43528748
v 1.28674364 31.34339142 45.48395538
v 1.49334931 31.30982590 44.67106628
v 1.06896889 31.19237709 43.41691589
v 1.82236528 31.43035889 42.53070831
v 1.21541500 31.44203186 41.92824554
v 0.35518253 31.05307579 43.00074005
v 2.98058248 31.66122246 41.93504333
v 2.57733631 31.79078865 41.20703888
v 2.22070503 31.97651100 40.59061432
v 0.63534051 31.52159882 41.41130066
v -0.06375737 31.33974075 42.83284760
v 0.63534051 31.52159882 41.41130066
v 2.22070503 31.97651100 40.59061432
v 2.15268755 32.68597412 40.79740143
v 0.86905259 32.14440918 41.82053375
v 0.63534051 31.52159882 41.41130066
v 0.86905259 32.14440918 41.82053375
v 0.86905259 32.14440918 41.82053375
v 2.15268755 32.68597412 40.79740143
v 0.28197530 31.89941978 43.06671143
v 4.12248707 32.10639191 40.04538727
v 4.04532385 32.86216736 40.12657928
v 4.04532385 32.86216736 40.12657928
v 4.19847965 33.44013596 40.73347473
v 6.14230490 32.74627686 39.66146088
v 6.15497732 33.32851410 40.26444244
v 6.19854879 33.77466965 41.00746918
v 4.36065531 33.86394501 41.50224304
v 6.32432270 34.14377594 41.82227325
v 4.54613352 34.20617294 42.33525085
v 6.57420683 34.44888306 42.70880127
v 4.75276184 34.48018646 43.25266266
v 3.05133915 34.22366333 43.73281097
v 5.04830599 34.71084213 44.33103943
v 3.27807999 34.45582962 44.77517700
v 1.88760388 33.80041504 45.03251648
v 1.72076023 33.58823395 44.08950043
v 0.99303728 33.01664734 45.09269714
v 0.83929288 32.78882599 44.21990204
v 5.35992575 34.79226685 45.47693634
v 3.52862096 34.48875046 45.83867645
v 3.27807999 34.45582962 44.77517700
v 6.89738703 34.68876648 43.76280975
v 7.25960684 34.79343414 44.88195801
v 7.55535555 34.73619843 45.82023621
v 5.63576651 34.73704529 46.41166687
v 3.78235531 34.41181183 46.76026154
v 7.55535555 34.73619843 45.82023621
v 7.25960684 34.79343414 44.88195801
v 8.91943073 34.44637299 44.16464233
v 9.24133110 34.35866928 45.05898285
v 9.50051308 34.26612854 45.78549194
v 7.78877783 34.66608810 46.56008148
v 10.45534420 33.65358353 44.30773926
v 10.79624271 33.59284973 44.96255493
v 11.19142151 33.72318649 45.49584961
v 9.81076336 34.37259293 46.41142273
v 8.03328037 34.72914124 47.25025177
v 9.81076336 34.37259293 46.41142273
v 11.19142151 33.72318649 45.49584961
v 11.60509491 34.13265991 45.83116913
v 10.13011074 34.79843903 46.84524536
v 10.13011074 34.79843903 46.84524536
v 11.60509491 34.13265991 45.83116913
v 11.95404530 34.67875671 45.96947479
v 10.38535881 35.36933136 47.08051300
v 12.14677238 35.28780746 45.83965302
v 10.50450706 36.01091766 47.05724335
v 10.50450706 36.01091766 47.05724335
v 12.14677238 35.28780746 45.83965302
v 12.09565449 35.80564499 45.49104309
v 13.36296558 34.20668411 44.58309174
v 13.32081318 34.66219330 44.18269348
v 13.11861992 35.06459808 43.77782440
v 13.11861992 35.06459808 43.77782440
v 13.32081318 34.66219330 44.18269348
v 14.08372593 33.30995941 42.86485291
v 13.87208939 33.68141556 42.39496613
v 13.72789669 33.99272537 42.05553436
v 13.06387424 35.51961517 43.52549744
v 13.06387424 35.51961517 43.52549744
v 14.29622459 32.15021133 41.15812683
v 14.12199783 32.48229980 40.69019318
v 14.37833118 32.83716202 40.33148956
v 14.43427181 30.73485947 39.46331787
v 14.87593746 30.89347458 39.22846985
v 14.37833118 32.83716202 40.33148956
v 14.87593746 30.89347458 39.22846985
v 15.29293156 31.11703110 38.90929413
v 14.71742153 33.06739044 40.14078522
v 14.43427181 30.73485947 39.46331787
v 14.74729347 28.97321320 38.20172882
v 14.74729347 28.97321320 38.20172882
v 14.42655087 30.46443748 39.96128845
v 14.62909889 28.71249580 38.66757202
v 14.73501778 26.94414520 37.10707092
v 14.99754906 27.16784668 36.74540710
v 14.99754906 27.16784668 36.74540710
v 14.58290672 28.46565247 39.21170807
v 14.69368935 26.64097023 37.54808807
v 14.48055840 24.91983795 35.82168579
v 14.62063313 25.28806686 35.52156067
v 14.95405102 25.55952454 35.28687286
v 14.66846943 26.33382034 37.97622681
v 14.39834690 24.51880074 36.11237335
v 14.11982727 23.16588593 34.23939514
v 14.31131077 24.10399246 36.38963318
v 13.93542862 22.66721344 34.35507965
v 14.14744186 21.75260162 32.01560211
v 13.70069695 21.97014236 34.55424500
v 14.10125732 20.91578293 32.12316132
v 14.81675720 20.25656128 29.60139084
v 13.29840183 19.35502243 32.33492279
v 13.85235786 18.47484207 29.60576820
v 14.22057343 17.88612938 26.79038239
v 14.22057343 17.88612938 26.79038239
v 13.85235786 18.47484207 29.60576820
v 12.38914680 16.86018372 29.90513802
v 12.51391029 15.93333244 27.15532303
v 12.54402161 15.14749336 24.54590416
v 14.45881271 17.39830017 24.07794571
v 10.51993752 14.37475586 27.70640945
v 10.37739849 13.41091347 25.06742477
v 10.13238335 12.51278496 22.27848816
v 12.45409679 14.43346024 22.08235359
v 12.54402161 15.14749336 24.54590416
v 8.06350708 12.25556374 25.63183594
v 7.83601665 11.39078712 22.63369942
v 5.51826334 11.53517914 26.35099220
v 5.21556234 10.68870926 23.59061813
v 2.73666096 11.16421318 27.25510216
v 2.22257257 10.27625656 24.73724937
v -0.14653251 11.19330978 28.25970840
v -0.84640920 10.29128838 25.88658142
v -2.99527812 11.65195656 29.28302383
v -3.88272905 10.78447914 26.98906898
v -4.68433619 10.03796387 24.71305084
v -4.68433619 10.03796387 24.71305084
v -3.88272905 10.78447914 26.98906898
v -6.80748415 11.72092819 28.08141518
v -7.73084784 11.00522041 25.83663559
v -8.49276924 10.37137413 23.61394691
v -5.48542690 9.42586899 22.52710533
v -10.61079121 12.55116844 26.99401474
v -9.53928185 13.26641083 29.08960724
v -11.94896984 15.48754120 30.01720810
v -13.24261665 15.11081696 28.08665848
v -13.83069992 18.13406181 30.89347076
v -15.37534428 18.19102287 28.92948914
v -15.37534428 18.19102287 28.92948914
v -13.83069992 18.13406181 30.89347076
v -11.93447685 18.13668823 33.01973724
v -12.78711891 20.07838821 33.81798553
v -10.35312557 15.92816353 32.05934906
v -11.93447685 18.13668823 33.01973724
v -8.70319939 16.55296326 34.05684662
v -9.96935463 18.36013603 34.98783112
v -8.21982479 14.01423454 31.18868637
v -6.82051516 14.88764381 33.25865936
v -5.46256065 15.92657280 35.27210999
v -7.15782404 17.31385994 35.95869446
v -5.71543932 12.57502365 30.27966881
v -4.53715611 13.56882095 32.46245575
v -3.36031604 14.76539230 34.62120819
v -2.29644728 16.17614555 36.77410126
v -4.31501532 17.16263771 37.25305939
v -3.36031604 14.76539230 34.62120819
v -4.53715611 13.56882095 32.46245575
v -2.01857924 12.67604256 31.59377670
v -1.01486731 13.93032455 33.90637207
v -0.05787504 15.43264198 36.22595215
v -2.29644728 16.17614555 36.77410126
v 0.76803911 17.23806953 38.40014648
v -1.44748795 17.91324425 38.70785522
v 1.44602180 13.51178741 33.13104248
v 2.27364755 15.05352020 35.60032654
v 3.03804374 16.93499756 37.95753479
v 3.61191010 18.99131584 40.02555847
v 1.32991576 19.16546440 40.32094574
v 4.60483456 15.06556702 34.97367096
v 5.27235365 17.02602196 37.44960022
v 5.84953976 19.18746185 39.67360687
v 6.28062820 21.17987442 41.81437683
v 4.02094364 20.86555672 42.07269287
v 7.41128016 17.48567772 36.91506195
v 8.02989864 19.70724869 39.26808929
v 8.51566696 21.80795860 41.47885132
v 8.66463757 23.73903084 43.50138855
v 6.43775988 23.13129425 43.73749542
v 10.08812428 20.56256294 38.77497864
v 10.58080578 22.79419136 40.98557281
v 10.59213257 24.70701599 43.15166473
v 9.96564674 26.36234665 45.18506622
v 8.30809689 25.56885338 45.41594696
v 5.59840059 26.74212646 47.36315155
v 6.21946478 25.03356934 45.63687134
v 3.54730892 26.48488235 47.30044556
v 4.06153393 24.66585541 45.78913879
v 4.20330048 22.75937653 43.93811035
v 1.89707649 24.53266907 45.76200104
v 1.92370808 22.68280029 44.04473114
v 1.71353507 20.92443085 42.23737335
v -0.32170218 23.12624168 43.92803955
v -0.59466976 21.42531013 42.27164459
v -0.93693620 19.70122910 40.52938843
v -2.80038595 22.15173340 42.29218292
v -3.09155345 20.41659164 40.67171478
v -3.48680782 18.77926636 38.95509338
v -3.48680782 18.77926636 38.95509338
v -3.09155345 20.41659164 40.67171478
v -4.51884985 20.94422913 40.65853119
v -4.96210575 19.49648666 39.13702393
v -5.86932850 18.25041771 37.65605164
v -4.31501532 17.16263771 37.25305939
v -5.86932850 18.25041771 37.65605164
v -4.96210575 19.49648666 39.13702393
v -6.94398594 19.47973442 37.91578674
v -8.27030182 18.74858284 36.67642975
v -5.70136261 21.49450684 40.36029053
v -6.13137722 20.38835526 39.05827332
v -5.70136261 21.49450684 40.36029053
v -5.24482584 23.10611534 42.01913452
v -5.81565952 23.62639618 41.58989716
v -4.17598486 22.63339615 42.24670410
v -5.24482584 23.10611534 42.01913452
v -4.17598486 22.63339615 42.24670410
v -3.52849317 24.36828995 43.85525513
v -4.46495104 24.90279198 43.72074890
v -2.80038595 22.15173340 42.29218292
v -4.17598486 22.63339615 42.24670410
v -2.80038595 22.15173340 42.29218292
v -2.35911250 23.82321548 43.87065125
v -3.52849317 24.36828995 43.85525513
v -0.59466976 21.42531013 42.27164459
v -0.32170218 23.12624168 43.92803955
v -0.13067353 24.91344452 45.53779602
v 1.92370808 22.68280029 44.04473114
v 1.89707649 24.53266907 45.76200104
v 1.57804942 26.44619560 47.08557129
v 4.06153393 24.66585541 45.78913879
v 3.54730892 26.48488235 47.30044556
v 3.02869678 27.75979042 48.04439545
v 5.59840059 26.74212646 47.36315155
v 5.00121832 27.97932816 48.34725189
v 4.64956999 28.64023209 49.12609100
v 4.64956999 28.64023209 49.12609100
v 2.62244415 28.74788857 48.51575470
v 4.64956999 28.64023209 49.12609100
v 5.00121832 27.97932816 48.34725189
v 4.64956999 28.64023209 49.12609100
v 6.94955158 28.38249397 49.07769775
v 6.93691349 29.03123474 49.61100006
v 4.37199450 29.28981400 49.69754791
v 6.93691349 29.03123474 49.61100006
v 9.07458496 28.75720978 48.83485413
v 9.07458496 28.75720978 48.83485413
v 9.16001797 29.49659348 48.88607788
v 9.16001797 29.49659348 48.88607788
v 9.07458496 28.75720978 48.83485413
v 10.43104362 28.60860825 47.05603790
v 10.75913429 29.31357765 47.00653839
v 9.16001797 29.49659348 48.88607788
v 10.75913429 29.31357765 47.00653839
v 10.64310360 30.03569031 46.79319000
v 9.08230209 30.25477791 48.69856262
v 12.02746391 29.14490128 45.14759064
v 11.89513397 30.11561775 45.00858307
v 11.48861694 30.84058762 44.67980957
v 12.17071056 30.84123421 43.42967224
v 11.48861694 30.84058762 44.67980957
v 12.17071056 30.84123421 43.42967224
v 11.33237839 31.17330170 42.96481323
v 10.86071491 31.33679199 44.15198517
v 12.36504078 30.70122528 42.67528534
v 11.60445118 30.95110703 42.21958160
v 10.62067509 31.07028008 41.49253082
v 10.62067509 31.07028008 41.49253082
v 11.60445118 30.95110703 42.21958160
v 11.65326023 31.28393936 41.94461060
v 10.89173508 31.31578636 40.97237396
v 9.50174141 31.19223022 40.13311005
v 9.37883091 31.25835609 40.75316620
v 9.37883091 31.25835609 40.75316620
v 9.50174141 31.19223022 40.13311005
v 8.02718544 31.70266342 39.67409515
v 7.99146843 31.62144279 40.43349457
v 6.15108824 32.08216476 39.77994537
v 6.28136969 31.89542389 40.50511932
v 7.99146843 31.62144279 40.43349457
v 6.28136969 31.89542389 40.50511932
v 7.94751310 31.56236458 41.34639740
v 6.15108824 32.08216476 39.77994537
v 4.12248707 32.10639191 40.04538727
v 4.35048008 31.94062424 40.74716949
v 6.15108824 32.08216476 39.77994537
v 8.02718544 31.70266342 39.67409515
v 7.93004131 32.19523621 39.42466736
v 6.14230490 32.74627686 39.66146088
v 11.65326023 31.28393936 41.94461060
v 11.60445118 30.95110703 42.21958160
v 12.36504078 30.70122528 42.67528534
v 12.31579685 31.09909058 42.62873840
v 11.65326023 31.28393936 41.94461060
v 12.31579685 31.09909058 42.62873840
v 11.88451385 31.89248466 43.04545593
v 11.32154369 31.99999619 42.30509186
v 10.66365623 31.97660637 41.37481689
v 10.89173508 31.31578636 40.97237396
v 11.32670021 32.75592041 43.57944489
v 10.86647511 32.83917618 42.81217957
v 10.34142113 32.77259827 41.92989349
v 9.92003727 31.91285515 40.42716980
v 10.11592197 33.68696213 43.44586945
v 9.67231750 33.61091614 42.53236389
v 8.51199913 34.35673523 43.12835693
v 6.89738703 34.68876648 43.76280975
v 8.51199913 34.35673523 43.12835693
v 8.16544437 34.06445694 42.12860107
v 12.42871189 31.78321838 43.51464844
v 11.75157261 32.71171951 44.16429901
v 12.97629452 31.83669090 43.76896667
v 12.22155762 32.84955597 44.60541534
v 12.22155762 32.84955597 44.60541534
v 12.97629452 31.83669090 43.76896667
v 13.54015732 32.07817841 43.80368805
v 12.70548153 33.20657730 44.81392670
v 12.22155762 32.84955597 44.60541534
v 12.70548153 33.20657730 44.81392670
v 13.95302677 32.51210403 43.69006348
v 13.14355087 33.68311310 44.81922913
v 13.14355087 33.68311310 44.81922913
v 13.95302677 32.51210403 43.69006348
v 14.16496849 32.93646240 43.31845093
v 13.36296558 34.20668411 44.58309174
v 12.14677238 35.28780746 45.83965302
v 11.95404530 34.67875671 45.96947479
v 14.49790573 31.09661674 42.57104492
v 14.61526108 31.49581337 42.13664246
v 14.49567890 31.83427811 41.63230896
v 14.80626678 29.89953423 41.02925873
v 14.65416813 30.20014191 40.46792603
v 14.49567890 31.83427811 41.63230896
v 14.65416813 30.20014191 40.46792603
v 14.42655087 30.46443748 39.96128845
v 14.29622459 32.15021133 41.15812683
v 14.58850479 28.20507812 39.77645874
v 14.73489380 29.59104538 41.63303375
v 14.60695648 27.89930534 40.41905212
v 14.65199852 26.02527237 38.44336700
v 14.35403156 27.62029266 41.04154205
v 14.44522095 25.60530472 39.00328827
v 14.19718742 23.54093361 36.77724457
v 13.72914600 22.88167191 37.32380676
v 13.23911095 20.83677292 34.98404694
v 13.23911095 20.83677292 34.98404694
v 13.72914600 22.88167191 37.32380676
v 12.88938046 22.27245712 37.77700043
v 12.33148003 19.97694969 35.41683960
v 12.22394276 18.12684822 32.71214294
v 13.29840183 19.35502243 32.33492279
v 11.11719418 19.18915367 35.81356049
v 10.78599834 17.07517815 33.21301270
v 10.61677265 15.53494263 30.41256714
v 8.95562172 16.13264656 33.78752899
v 8.58663177 14.51021767 31.01319695
v 8.30890179 13.26862526 28.32190895
v 6.33346367 13.82002449 31.65732574
v 5.88875961 12.57146263 29.00113106
v 3.92672634 13.49872398 32.35974884
v 3.30520916 12.22105408 29.79612541
v 0.62716937 12.24470520 30.67876816
v 6.86143303 15.43227005 34.37955475
v 9.37208080 18.32215881 36.30036926
v 11.83275127 21.56093979 38.20162964
v 13.92442703 25.15261459 39.57027435
v 14.24969482 29.49010849 42.15306091
v 14.03482246 30.88084412 42.92375183
v 14.49790573 31.09661674 42.57104492
v 12.87005520 30.91282845 42.92865753
v 13.39693165 30.83778381 43.05899048
v 12.95203972 30.26168823 42.81130981
v 12.87005520 30.91282845 42.92865753
v 12.36504078 30.70122528 42.67528534
v 10.43104362 28.60860825 47.05603790
v -5.01838589 25.34581757 43.43388367
v -4.30373955 27.44409943 44.66414642
v -5.33390522 25.72750664 43.10453033
v -6.26306725 24.09380341 41.11728668
v -5.63067055 26.04481125 42.80732727
v -6.48913574 24.39165878 40.98328400
v -5.98700428 26.28873062 42.61403656
v -6.84732914 24.68293381 40.94559479
v -6.48913574 24.39165878 40.98328400
v -6.84732914 24.68293381 40.94559479
v -7.83079147 23.63761139 39.03485107
v -7.61912966 23.33632851 38.80857086
v -7.83079147 23.63761139 39.03485107
v -6.84732914 24.68293381 40.94559479
v -7.36529541 24.78417969 41.06130981
v -8.35860538 23.83173752 39.44284821
v -7.83079147 23.63761139 39.03485107
v -8.35860538 23.83173752 39.44284821
v -9.57941818 23.78979492 37.87792969
v -9.33182430 23.51559830 37.27304077
v -7.83079147 23.63761139 39.03485107
v -9.33182430 23.51559830 37.27304077
v -11.00205231 24.46414375 36.22274017
v -11.53561687 24.15465164 35.45078278
v -11.53561687 24.15465164 35.45078278
v -11.80127525 23.45692825 35.25026703
v -14.61283398 23.46278000 33.12683105
v -12.30474472 22.85037804 35.08902740
v -12.73682880 21.68757820 34.49671173
v -10.51433659 20.05071259 35.94557953
v -9.96935463 18.36013603 34.98783112
v -15.83701897 23.63031006 31.92894173
v -16.52738953 24.83798218 31.69040871
v -16.47162056 23.69828224 31.54548836
v -16.88472366 22.44934082 30.82860374
v -16.47162056 23.69828224 31.54548836
v -16.52738953 24.83798218 31.69040871
v -17.31072044 24.64989471 31.65719986
v -16.88472366 22.44934082 30.82860374
v -18.31190300 24.35184860 31.44154167
v -16.70732498 25.76036453 31.61083603
v -17.46883774 25.45261765 31.62704849
v -18.47757912 25.04089737 31.38557816
v -18.47757912 25.04089737 31.38557816
v -19.75555420 24.53636932 30.67042923
v -19.55446625 23.79496956 30.76631546
v -18.31190300 24.35184860 31.44154167
v -18.59814644 25.68815231 31.28810692
v -19.80853653 25.28298950 30.65022469
v -21.35039902 25.01605606 29.62436295
v -21.22975731 23.96218681 29.60655594
v -18.64957428 26.32315445 31.13793373
v -19.74759865 25.99812698 30.64686012
v -21.25696754 25.84790802 29.70096588
v -22.90380096 25.87990189 28.59582329
v -23.05920601 24.90271378 28.59177589
v -19.66436386 26.64331245 30.53762245
v -21.13181114 26.58725739 29.78549194
v -22.83246422 26.67302704 28.73470879
v -24.59232521 26.82375145 27.37211990
v -24.63884544 25.95146561 27.29368782
v -20.98850250 27.21644592 29.76084137
v -22.70995522 27.43005753 28.81325340
v -24.52541351 27.66554642 27.46577644
v -26.20128632 27.73704529 25.81075287
v -26.17866707 26.86156845 25.79828262
v -24.52541351 27.66554642 27.46577644
v -22.70995522 27.43005753 28.81325340
v -22.36715317 27.93855476 28.48407745
v -24.17059708 28.31424141 27.19295120
v -25.91662979 28.43622589 25.54089165
v -26.20128632 27.73704529 25.81075287
v -25.91662979 28.43622589 25.54089165
v -27.21558380 28.20745087 24.09089279
v -27.38212585 27.49581146 24.45566368
v -23.63290787 28.36419678 26.59556961
v -25.32671928 28.55323982 24.98545647
v -26.65126610 28.40657997 23.55595970
v -27.21558380 28.20745087 24.09089279
v -27.61012268 27.95170975 22.47992516
v -28.06619644 27.67623138 23.05106354
v -26.65126610 28.40657997 23.55595970
v -25.32671928 28.55323982 24.98545647
v -24.79515648 28.09982491 24.46381760
v -26.06964684 27.98238754 23.11113548
v -27.00841904 27.58958244 22.15447807
v -27.61012268 27.95170975 22.47992516
v -24.43610001 27.37173462 24.02944946
v -25.64616776 27.18976974 22.88234138
v -26.06964684 27.98238754 23.11113548
v -25.64616776 27.18976974 22.88234138
v -24.43610001 27.37173462 24.02944946
v -24.31165695 26.34752846 23.75067902
v -25.47396088 26.12537384 22.80278206
v -24.24006081 25.25168228 23.58619118
v -25.38257408 24.95549774 22.75781250
v -26.17165756 24.57785416 22.13196564
v -24.81413269 23.19838333 22.93399239
v -25.60873795 22.74566269 22.32492065
v -26.32199097 22.42489624 21.88065338
v -26.93038177 24.33086395 21.57430458
v -26.99455833 22.08462524 21.58170509
v -27.69656563 24.17818832 21.18226624
v -27.69656563 24.17818832 21.18226624
v -26.99455833 22.08462524 21.58170509
v -27.67166328 21.81895828 21.54567337
v -28.44400215 24.03972244 21.15844345
v -28.58552551 25.67895508 21.26601601
v -27.90099144 25.68190956 21.17386818
v -28.58552551 25.67895508 21.26601601
v -28.34110832 27.02796364 21.69787025
v -27.72494125 26.84817123 21.49097633
v -27.90099144 25.68190956 21.17386818
v -28.58552551 25.67895508 21.26601601
v -28.44400215 24.03972244 21.15844345
v -28.77786636 23.99945641 21.77227592
v -28.86453819 25.57506561 21.85994911
v -28.62827682 26.80396271 22.28707123
v -28.34110832 27.02796364 21.69787025
v -28.68211174 25.42331314 22.54453278
v -28.51887512 26.39469147 22.87821770
v -28.62827682 26.80396271 22.28707123
v -28.06619644 27.67623138 23.05106354
v -28.62827682 26.80396271 22.28707123
v -28.06619644 27.67623138 23.05106354
v -27.61012268 27.95170975 22.47992516
v -28.57689857 24.05967522 22.49221039
v -28.08109474 21.88246155 22.07155228
v -27.97620773 22.21369171 22.73224068
v -28.57689857 24.05967522 22.49221039
v -27.97620773 22.21369171 22.73224068
v -27.65516090 22.58177185 23.32130241
v -28.12183380 24.17621613 23.17034912
v -27.52910805 24.36103058 23.82181168
v -26.80644035 24.63035202 24.59866524
v -27.02825546 25.72702217 24.66630173
v -25.91577148 24.81795311 25.75523567
v -26.07553291 25.94280243 25.73791313
v -27.26116180 26.63363266 24.65175247
v -24.61912918 24.86102295 27.23086929
v -24.34861755 23.23585510 27.15014076
v -22.78372383 23.45990372 28.33757782
v -23.72184563 21.48888397 27.01263237
v -22.34066772 21.94658279 28.48352051
v -20.88697433 22.92662239 29.66959572
v -21.82748222 20.98823929 28.64537048
v -20.50110245 22.15520096 29.92751122
v -19.18198967 23.09561920 30.87205124
v -21.37884140 20.25438499 28.84900475
v -19.95829964 21.54155350 30.09645271
v -18.67217255 22.43221283 30.89138412
v -20.84840775 19.67908478 28.84622955
v -19.42779922 21.05424500 30.05374336
v -19.95829964 21.54155350 30.09645271
v -19.42779922 21.05424500 30.05374336
v -20.84840775 19.67908478 28.84622955
v -20.25368690 19.26574516 28.66507912
v -18.95527267 20.70684433 29.79599190
v -17.90888786 21.56909180 30.26666260
v -18.95527267 20.70684433 29.79599190
v -20.25368690 19.26574516 28.66507912
v -19.69732666 19.16930389 28.20153999
v -18.59517097 20.51411819 29.33751297
v -18.59517097 20.51411819 29.33751297
v -19.69732666 19.16930389 28.20153999
v -19.53294754 19.54754829 27.59617233
v -18.51664734 20.58786201 28.73468781
v -17.73390770 21.45957184 29.44485664
v -17.77939987 21.42885971 29.86399460
v -18.51664734 20.58786201 28.73468781
v -19.53294754 19.54754829 27.59617233
v -19.78391647 20.18408966 27.15652466
v -18.75073624 20.92287445 28.06725311
v -18.75073624 20.92287445 28.06725311
v -17.92441368 21.59193802 28.86594200
v -17.92441368 21.59193802 28.86594200
v -19.21914101 21.60247803 27.55883598
v -18.39859390 22.02130318 28.14499855
v -17.92441368 21.59193802 28.86594200
v -18.39859390 22.02130318 28.14499855
v -17.69548416 21.85163498 28.14443016
v -17.10297585 21.46117592 29.04956818
v -17.92441368 21.59193802 28.86594200
v -17.10297585 21.46117592 29.04956818
v -19.88282585 22.56404686 27.07576370
v -19.05389214 22.90179634 27.68676758
v -19.05389214 22.90179634 27.68676758
v -18.29913902 22.89166832 27.49944878
v -20.36503220 23.89875031 26.72803497
v -19.51373863 24.10158157 27.31419754
v -19.51373863 24.10158157 27.31419754
v -18.73192978 24.25434494 27.27573967
v -18.73192978 24.25434494 27.27573967
v -19.68603134 25.36787415 27.17012405
v -19.11738205 25.47526932 27.44244766
v -18.73192978 24.25434494 27.27573967
v -19.11738205 25.47526932 27.44244766
v -19.17765808 25.57697487 26.89566422
v -19.04203796 24.02835083 26.60736275
v -18.73192978 24.25434494 27.27573967
v -19.64929581 26.32845688 27.46743774
v -19.17142105 26.32070923 27.65000343
v -19.17142105 26.32070923 27.65000343
v -19.07774353 26.55159378 27.40839958
v -19.17142105 26.32070923 27.65000343
v -19.64929581 26.32845688 27.46743774
v -19.56143379 26.99397659 27.98318481
v -19.03553963 26.90185547 28.11302376
v -19.03553963 26.90185547 28.11302376
v -18.91287422 27.16091919 27.85382080
v -19.48789787 27.42168045 28.66657639
v -18.76063728 27.35346222 28.93061829
v -18.76063728 27.35346222 28.93061829
v -18.39987183 27.92313766 28.96210670
v -19.50588989 27.56345177 29.33161736
v -18.65727997 27.49183846 29.66479874
v -18.76063728 27.35346222 28.93061829
v -18.39987183 27.92313766 28.96210670
v -19.50588989 27.56345177 29.33161736
v -20.58401299 27.71521950 28.77812004
v -20.75933266 27.60772705 29.36050797
v -19.54101181 27.46146393 29.87447548
v -20.44823837 27.53137398 28.12411118
v -20.58401299 27.71521950 28.77812004
v -21.67119217 27.67347717 27.25832939
v -21.95993233 28.00011253 27.90215302
v -20.38977242 27.05339813 27.52816200
v -21.47612381 27.09342957 26.68791580
v -22.83221817 27.25625229 25.42917252
v -23.18149948 27.92296982 26.00314903
v -21.47612381 27.09342957 26.68791580
v -20.38977242 27.05339813 27.52816200
v -20.40053940 26.29955673 27.07171249
v -21.37377548 26.27977180 26.23401833
v -22.72046089 26.32464790 25.03577805
v -22.83221817 27.25625229 25.42917252
v -21.25871849 25.23521233 25.85541153
v -22.61216545 25.28115845 24.76126099
v -21.24487877 23.78023911 25.97714233
v -22.47299576 23.63679886 24.90356064
v -23.77374649 23.44414139 23.77337646
v -21.81191826 21.76409531 25.23195839
v -20.72102356 22.19565773 26.23403549
v -20.22350121 21.00452423 26.72820663
v -21.42405701 20.31974792 25.51063156
v -21.25828743 19.32584190 25.78436279
v -23.00769234 19.17710686 24.39350319
v -24.90015793 20.29141235 22.86941338
v -21.19848442 18.48848915 25.97451782
v -23.35874748 18.40307617 24.20509720
v -25.43900871 19.79063988 22.55094528
v -25.43900871 19.79063988 22.55094528
v -23.35874748 18.40307617 24.20509720
v -23.83255386 17.79685593 24.25392342
v -26.09835815 19.38006210 22.51794624
v -26.09835815 19.38006210 22.51794624
v -27.67166328 21.81895828 21.54567337
v -26.09835815 19.38006210 22.51794624
v -23.83255386 17.79685593 24.25392342
v -24.46480560 17.92329597 24.76891899
v -26.59126091 19.52473640 23.05031967
v -26.09835815 19.38006210 22.51794624
v -26.59126091 19.52473640 23.05031967
v -28.08109474 21.88246155 22.07155228
v -24.65931511 18.61445236 25.05475616
v -26.73248672 20.07324219 23.59051704
v -27.97620773 22.21369171 22.73224068
v -28.08109474 21.88246155 22.07155228
v -26.73248672 20.07324219 23.59051704
v -24.65931511 18.61445236 25.05475616
v -24.79371834 19.42109299 25.30587769
v -26.64435768 20.72552490 24.07961273
v -22.62289238 18.49997139 27.13084030
v -23.02677345 19.24946213 27.16932678
v -23.32763863 20.18381500 27.07688522
v -22.62289238 18.49997139 27.13084030
v -22.12770462 17.97333145 26.85859871
v -20.25368690 19.26574516 28.66507912
v -20.84840775 19.67908478 28.84622955
v -22.12770462 17.97333145 26.85859871
v -24.46480560 17.92329597 24.76891899
v -23.83255386 17.79685593 24.25392342
v -21.52451324 17.90243340 26.38932419
v -21.52451324 17.90243340 26.38932419
v -21.19848442 18.48848915 25.97451782
v -20.37696266 25.28103638 26.62067223
v -20.40053940 26.29955673 27.07171249
v -23.63290787 28.36419678 26.59556961
v -21.95993233 28.00011253 27.90215302
v -20.98850250 27.21644592 29.76084137
v -19.60127068 27.14373970 30.30234146
v -19.60127068 27.14373970 30.30234146
v -19.66436386 26.64331245 30.53762245
v -28.77786636 23.99945641 21.77227592
v -27.00841904 27.58958244 22.15447807
v -18.64363861 26.82891464 30.88801003
v -18.00968552 23.57064438 31.40447998
v -16.70732498 25.76036453 31.61083603
v -16.11373520 25.90260696 31.77865982
v -16.61127853 26.69165039 31.41519547
v -11.00205231 24.46414375 36.22274017
v -9.92395496 23.91020584 38.47695160
v -11.15055180 24.54471207 37.07012177
v -12.46449757 26.01237297 35.17493439
v -13.09730148 25.79561996 34.01696014
v -13.99934101 27.81678009 33.07331848
v -12.46449757 26.01237297 35.17493439
v -8.85651684 24.02930069 39.80720520
v -9.24263763 24.34061050 40.03051758
v -7.90313387 24.85468292 41.23343658
v -8.47815895 25.12566757 41.28862762
v -8.85651684 24.02930069 39.80720520
v -7.90313387 24.85468292 41.23343658
v -7.90313387 24.85468292 41.23343658
v -8.47815895 25.12566757 41.28862762
v -6.44675016 26.43761826 42.59848785
v -6.94981289 26.53225327 42.67571259
v -6.44675016 26.43761826 42.59848785
v -5.98700428 26.28873062 42.61403656
v -5.98700428 26.28873062 42.61403656
v -4.98853922 28.05877686 43.99490356
v -4.98853922 28.05877686 43.99490356
v -5.41440821 28.27518082 43.84481049
v -4.64010954 27.78227806 44.29696655
v -5.71543932 12.57502365 30.27966881
v -6.80748415 11.72092819 28.08141518
v 7.86662960 33.73836899 41.34549713
v 7.81980848 33.29815292 40.62765503
v 7.87896395 32.81137848 39.96929932
v 7.93004131 32.19523621 39.42466736
v -0.18251428 31.08005524 46.43528748
v 0.02763607 31.54421043 46.47862244
v 0.02763607 31.54421043 46.47862244
v 0.50247049 32.08734131 47.19015503
v -0.06525302 31.39142227 46.95166016
v 0.22519213 32.03685379 44.13197327
v 3.67275119 36.86077118 48.48281097
v 3.54587960 37.37433624 48.29757690
v 1.71914804 36.18604279 48.60551453
v 5.75235701 38.51665878 48.15074921
v 3.45290565 38.01990128 48.49395752
v 5.62639856 39.21681976 47.90221405
v 3.27339220 38.82341766 48.35950470
v 3.27339220 38.82341766 48.35950470
v 5.62639856 39.21681976 47.90221405
v 5.37743092 39.96900940 47.26711273
v 2.98440194 39.69051743 47.72703552
v 3.27339220 38.82341766 48.35950470
v 2.98440194 39.69051743 47.72703552
v 0.79523569 38.93451309 47.71788025
v 1.14866042 37.98935318 48.34665680
v 2.48017192 40.90658188 46.76573944
v 0.21258250 40.14967728 46.77223206
v 0.79523569 38.93451309 47.71788025
v 1.14866042 37.98935318 48.34665680
v 2.48017192 40.90658188 46.76573944
v 4.94270468 41.15758133 46.29492188
v 4.28177929 42.96600342 44.90818787
v 1.78671181 42.54978180 45.51982117
v 1.78671181 42.54978180 45.51982117
v 3.53261471 44.99515533 43.28922272
v 1.04224026 44.46040344 43.92063141
v 1.04224026 44.46040344 43.92063141
v 2.79766369 46.94345093 41.58169556
v 0.26073554 46.44066620 42.23086548
v 0.26073554 46.44066620 42.23086548
v 2.79766369 46.94345093 41.58169556
v 2.11873388 48.70584106 39.90278625
v -0.45582616 48.19569397 40.54801941
v 1.44523418 50.34376144 38.26793671
v -1.11558723 49.71453476 38.95285034
v 0.71909094 51.87069702 36.59059143
v -1.83850074 51.19334412 37.32375336
v -4.23730946 50.29799652 37.73393250
v -2.58067775 52.62399292 35.53020477
v -4.93497610 51.73954010 35.88674164
v -7.08031082 50.60636902 35.89336395
v -6.37961102 49.26752472 37.73881531
v -9.05033684 49.18535233 35.59231567
v -8.36660576 48.06243896 37.35441589
v -10.88582802 47.45954132 35.06988525
v -10.19533920 46.66518402 36.67150879
v -9.64340591 45.83070755 37.88206482
v -9.64340591 45.83070755 37.88206482
v -9.27416706 45.20405197 38.47698212
v -7.84371614 46.91240692 38.74191284
v -10.19533920 46.66518402 36.67150879
v -11.88038826 45.02509308 35.67885590
v -11.22945309 44.48600388 36.90542603
v -10.78574467 44.05521393 37.59050751
v -10.44633102 43.72583771 37.97709656
v -9.03908253 44.75895309 38.78900146
v -12.79490471 42.81974792 36.02058411
v -12.08083820 42.54050446 36.94592285
v -11.59733677 42.30490494 37.47819519
v -11.23352432 42.10468292 37.84643555
v -10.17754269 43.47003174 38.27122498
v -13.21186256 40.59912491 36.40976715
v -12.49128628 40.58421707 37.22170258
v -11.94422054 40.50558853 37.73998260
v -11.59175873 40.43432999 38.11080170
v -10.91852760 41.92018509 38.24813080
v -12.97451878 38.44554138 37.22344971
v -12.29777431 38.63980103 37.95726013
v -11.87513065 38.75878525 38.38179016
v -11.87513065 38.75878525 38.38179016
v -11.70466614 38.92436218 38.93627930
v -11.54775429 40.50114059 38.66639709
v -11.59175873 40.43432999 38.11080170
v -12.26839256 36.64017487 38.45167542
v -11.67049789 37.02274323 39.01998901
v -11.46020699 37.26993942 39.47237396
v -11.70466614 38.92436218 38.93627930
v -11.46020699 37.26993942 39.47237396
v -11.58122063 37.54595566 40.11373901
v -11.82872295 39.12289810 39.53631592
v -10.83028412 35.75133514 40.30419159
v -10.86889458 36.16725922 40.94149017
v -11.88690281 39.35841751 40.19239044
v -11.68741417 40.65162659 39.22773743
v -11.63931465 37.86901093 40.82271576
v -11.43089485 38.39226151 41.68609619
v -11.66527367 39.79616547 41.10448456
v -10.95964527 36.56349182 41.65464020
v -11.63931465 37.86901093 40.82271576
v -10.95964527 36.56349182 41.65464020
v -10.79096508 37.16617966 42.49847412
v -11.43089485 38.39226151 41.68609619
v -9.92660046 38.40950394 43.79054260
v -10.65909767 39.41638184 43.02680969
v -9.78960419 35.67111206 42.62598419
v -10.96434975 40.56703949 42.34414673
v -11.66527367 39.79616547 41.10448456
v -8.94509125 39.57014084 44.73537445
v -7.78365040 38.62912750 45.24862671
v -6.80090570 40.16724777 45.59722900
v -8.03089333 40.90710831 45.13202667
v -8.03089333 40.90710831 45.13202667
v -6.80090570 40.16724777 45.59722900
v -7.23042631 42.40084457 44.91502380
v -7.23042631 42.40084457 44.91502380
v -5.73540258 39.44810486 45.89460754
v -7.78365040 38.62912750 45.24862671
v -6.70845890 37.66889191 45.55522919
v -5.15332460 39.02152252 45.86203766
v -6.70845890 37.66889191 45.55522919
v -7.87339067 36.53230667 44.75931549
v -4.07339716 40.89048767 45.35559082
v -4.56462669 41.14124298 45.51067352
v -4.56462669 41.14124298 45.51067352
v -4.07339716 40.89048767 45.35559082
v -4.14367008 42.77910614 44.43414307
v -4.61721325 42.90758896 44.63797760
v -5.14815378 41.40175247 45.57169342
v -4.94743443 44.22411728 43.28615570
v -5.35490084 44.20722198 43.59358215
v -6.38639545 45.03198624 42.05761719
v -6.70691395 44.94876862 42.46448517
v -5.35490084 44.20722198 43.59358215
v -6.70691395 44.94876862 42.46448517
v -7.08666658 44.71430969 42.93404388
v -5.85734367 44.06789780 43.92551422
v -7.63942289 44.07278061 43.58953857
v -8.26301479 44.92689896 41.34441376
v -8.52057648 44.68414688 41.85971069
v -8.90667534 44.06194687 42.63376617
v -9.29012775 42.86611938 43.47075653
v -8.28734970 42.81221771 44.24095917
v -9.78023720 44.11571121 40.91302490
v -10.02120018 43.55846024 41.73625946
v -10.20418549 42.46238708 42.63646698
v -10.70985889 43.20314789 40.22575378
v -10.86053658 42.74381256 41.03067780
v -10.02120018 43.55846024 41.73625946
v -9.58367538 44.31521225 40.35862732
v -9.78023720 44.11571121 40.91302490
v -9.58367538 44.31521225 40.35862732
v -10.56896591 43.33487320 39.63763428
v -10.70985889 43.20314789 40.22575378
v -9.36791039 44.42033386 39.85193634
v -10.40071774 43.37102890 39.12916565
v -11.13143730 42.00224304 38.72293091
v -11.27152538 42.06401825 39.23000336
v -11.34954453 42.09213638 39.85771179
v -11.27152538 42.06401825 39.23000336
v -11.13143730 42.00224304 38.72293091
v -10.15769291 43.34425354 38.64352417
v -10.91852760 41.92018509 38.24813080
v -10.91852760 41.92018509 38.24813080
v -9.10823250 44.45314026 39.36985779
v -10.15769291 43.34425354 38.64352417
v -9.10823250 44.45314026 39.36985779
v -8.92395878 44.52708435 38.96224213
v -10.17754269 43.47003174 38.27122498
v -10.15769291 43.34425354 38.64352417
v -7.72027254 45.09206009 40.41726685
v -7.47397804 45.10885620 40.01114655
v -8.92395878 44.52708435 38.96224213
v -7.47397804 45.10885620 40.01114655
v -6.07482815 45.04452515 41.62304688
v -5.79288578 45.17992401 41.27621460
v -7.48508692 45.42841721 39.80562592
v -4.55349207 44.17097473 42.91488647
v -4.10773802 44.24754333 42.61579132
v -3.20403266 42.66365814 43.92452240
v -2.90465999 42.77310562 43.95788574
v -4.10773802 44.24754333 42.61579132
v -4.55349207 44.17097473 42.91488647
v -3.70858121 42.65883636 44.12621307
v -3.20403266 42.66365814 43.92452240
v -3.65201974 40.70457840 45.11830902
v -3.14097953 40.51036072 44.99721527
v -3.14097953 40.51036072 44.99721527
v -2.88103342 40.44941711 45.09461975
v -3.14097953 40.51036072 44.99721527
v -3.65201974 40.70457840 45.11830902
v -3.14097953 40.51036072 44.99721527
v -6.07482815 45.04452515 41.62304688
v -8.00069427 45.05221176 40.86936951
v -6.38639545 45.03198624 42.05761719
v -8.00069427 45.05221176 40.86936951
v -7.72027254 45.09206009 40.41726685
v -9.36791039 44.42033386 39.85193634
v -10.95964527 36.56349182 41.65464020
v -13.05281353 36.12170410 37.38795471
v -13.75685024 38.17145920 35.99966431
v -13.94344139 40.44827271 35.17577362
v -14.33349133 38.05991745 34.71385956
v -13.66239643 42.96000671 34.72861481
v -14.44366169 40.37681580 33.85939026
v -13.94344139 40.44827271 35.17577362
v -12.63724613 45.48639679 34.36009216
v -14.17814541 42.98061371 33.52921295
v -13.66239643 42.96000671 34.72861481
v -10.88582802 47.45954132 35.06988525
v -12.63724613 45.48639679 34.36009216
v -11.49257755 48.01208878 33.47410583
v -13.17431068 45.72154617 33.04582977
v -12.63724613 45.48639679 34.36009216
v -9.74163246 50.09159851 33.82688904
v -10.41774082 50.82236481 32.06533051
v -12.04710770 48.39649200 32.05252075
v -11.49257755 48.01208878 33.47410583
v -13.17431068 45.72154617 33.04582977
v -7.80513573 51.79911804 34.00361633
v -8.47942352 52.78385544 31.99577141
v -9.10910130 53.47159195 29.90469170
v -6.31861830 54.26504135 31.78523827
v -6.94243097 55.11333847 29.48632240
v -7.84247494 56.10241318 27.32205582
v -4.71656132 56.38527679 29.04112625
v -5.55816650 57.45530319 26.68167305
v -2.36311674 57.20418930 28.44122696
v -3.17606711 58.28560638 25.96409035
v 0.10197794 57.60832214 27.67524719
v -0.71495527 58.67919922 25.18275261
v 2.59182096 57.60533142 26.78771210
v 1.77452064 58.68817520 24.35726166
v 1.77452064 58.68817520 24.35726166
v 2.59182096 57.60533142 26.78771210
v 5.02763891 57.19539642 25.82163811
v 4.25840473 58.23362732 23.45413589
v 3.33763981 59.12287140 20.94671440
v 0.83471227 59.57061768 21.72359848
v 7.35970497 56.30454254 24.77859879
v 6.70413399 57.26725006 22.49053001
v 5.88928843 58.07576370 20.07575226
v 9.54035282 54.93981934 23.75287437
v 9.02003860 55.78233337 21.54046249
v 6.70413399 57.26725006 22.49053001
v 9.02003860 55.78233337 21.54046249
v 11.52870941 53.07035065 22.82625580
v 11.20874405 53.94247437 20.69683838
v 11.20874405 53.94247437 20.69683838
v 10.58442497 54.62074280 18.38055611
v 13.07970810 51.68941116 19.95591354
v 12.48310471 52.33849335 17.65737343
v 11.74495888 52.80516052 15.30929375
v 14.17127705 49.87622833 16.97693062
v 13.47402191 50.38011169 14.62822151
v 12.76201057 50.77607346 12.22265816
v 11.05560303 53.21502304 12.90029144
v 11.89985847 51.05508804 9.79288673
v 10.25252724 53.51898575 10.45932007
v 10.90001583 51.25432587 7.36445284
v 9.25944614 53.69395065 7.98942089
v 9.73222733 51.30391693 4.95632124
v 8.16333675 53.81370163 5.45985031
v 6.20679474 55.98391724 6.18348742
v 6.82155037 53.69476318 3.00768614
v 4.93154478 55.95437622 3.61911917
v 2.78171611 57.77658844 4.24979973
v 3.51152444 55.74925613 1.09885788
v 1.40071774 57.54544067 1.64736819
v -0.33888182 58.61923981 2.01279855
v 0.76319206 58.93983459 4.73189783
v -0.00143544 57.23291016 -1.08320975
v -1.48186719 58.09244537 -0.87727243
v -1.37107718 56.65709686 -3.69850636
v -2.66850924 57.17959976 -3.61445141
v -3.55406237 57.53018951 -3.64887214
v -3.66160679 56.34431458 -6.19231462
v -4.44540882 56.72961807 -6.25904799
v -5.18237495 56.93771744 -6.25787020
v -5.43694687 55.72443390 -8.28835392
v -6.07945967 56.05043030 -8.24410534
v -6.63189268 56.34138489 -8.26352787
v -5.81240034 57.24165726 -6.33699417
v -5.81240034 57.24165726 -6.33699417
v -6.63189268 56.34138489 -8.26352787
v -6.98042870 56.81045151 -8.52867126
v -6.04317570 57.73852921 -6.63707399
v -5.43319750 58.53198242 -3.99715257
v -5.07396603 57.96112823 -3.79456735
v -7.09689856 57.38099670 -8.88895321
v -6.21364975 58.31388855 -7.05620670
v -5.64042759 59.23503113 -4.35719967
v -7.20157433 58.07589340 -9.22777748
v -6.48669577 58.94992828 -7.53054094
v -5.92390680 59.94510269 -4.82237005
v -6.94704056 59.88297653 -8.16676140
v -6.28646564 60.80248260 -5.55327606
v -7.75308371 61.38079071 -8.91765499
v -6.83609438 62.21334839 -7.10054731
v -6.55222607 62.76490021 -4.85826635
v -8.80317402 63.14188766 -10.04139709
v -8.01242638 60.73294067 -10.49752045
v -8.94150448 62.36513519 -11.64427567
v -8.80317402 63.14188766 -10.04139709
v -8.94150448 62.36513519 -11.64427567
v -10.37967682 63.44321442 -12.69118214
v -10.05169487 64.48081970 -11.25531387
v -9.86131001 64.80367279 -9.69997406
v -7.90683699 63.91915894 -8.83606815
v -12.39550591 63.66164398 -12.85978508
v -12.07857323 64.74405670 -11.90187359
v -11.85125542 64.96417236 -10.64847660
v -11.85125542 64.96417236 -10.64847660
v -11.85125542 64.96417236 -10.64847660
v -12.07857323 64.74405670 -11.90187359
v -13.93487644 64.37043762 -11.43672276
v -13.43359947 64.56455994 -10.39222813
v -11.85125542 64.96417236 -10.64847660
v -13.43359947 64.56455994 -10.39222813
v -13.31562996 65.17906189 -9.77623367
v -11.69142914 65.49653625 -10.30301285
v -14.34157467 63.84249878 -9.61673260
v -14.27093983 64.49467468 -8.97764492
v -14.27093983 64.49467468 -8.97764492
v -14.70620918 65.43219757 -8.48993015
v -14.27093983 64.49467468 -8.97764492
v -14.34157467 63.84249878 -9.61673260
v -13.93487644 64.37043762 -11.43672276
v -12.07857323 64.74405670 -11.90187359
v -12.39550591 63.66164398 -12.85978508
v -14.14560318 63.33979797 -12.14842129
v -15.20011520 62.93875504 -10.90379429
v -15.00653267 63.72362900 -10.29136944
v -14.14560318 63.33979797 -12.14842129
v -12.39550591 63.66164398 -12.85978508
v -12.59255791 62.47021484 -12.99562263
v -14.03478718 62.32617569 -12.25348473
v -14.90906811 62.03268433 -11.25182724
v -15.20011520 62.93875504 -10.90379429
v -13.76031876 61.53796005 -12.16431713
v -14.50694752 61.23841095 -11.42243099
v -14.90906811 62.03268433 -11.25182724
v -14.50694752 61.23841095 -11.42243099
v -15.04933071 60.87599182 -10.67904949
v -14.56556225 60.73770523 -11.85581684
v -14.83050728 60.03105545 -11.01490974
v -15.04933071 60.87599182 -10.67904949
v -14.83050728 60.03105545 -11.01490974
v -15.44389820 59.43485641 -10.97014618
v -15.56551170 60.20781708 -10.20648003
v -15.56551170 60.20781708 -10.20648003
v -15.44389820 59.43485641 -10.97014618
v -15.91502666 58.62812805 -11.09178543
v -15.73567390 59.08846664 -9.74886322
v -16.03067017 59.61124039 -8.57902718
v -16.03067017 59.61124039 -8.57902718
v -15.31876469 60.11935043 -7.38605118
v -15.58722973 62.04219818 -8.60019207
v -15.85011768 61.11288452 -9.43031120
v -15.69059277 57.79691315 -9.53719330
v -15.96799374 58.08137131 -7.83119726
v -15.96799374 58.08137131 -7.83119726
v -15.38530731 58.54761505 -6.35543060
v -15.38530731 58.54761505 -6.35543060
v -15.35801601 59.23513794 -4.76074266
v -15.61205673 60.70101547 -6.16318607
v -15.31876469 60.11935043 -7.38605118
v -15.85694695 56.96894836 -7.36119604
v -15.32827282 57.58832550 -5.61727142
v -15.74072838 56.31677246 -7.01254845
v -15.23197746 56.97804260 -5.14370489
v -15.68108940 55.78033447 -6.81501770
v -15.14285755 56.44198608 -4.82585526
v -15.66670322 55.23297882 -6.66365004
v -15.18733788 55.88838959 -4.56735611
v -15.87119865 54.81189728 -6.50469494
v -15.50316906 55.52141953 -4.44760942
v -15.18733788 55.88838959 -4.56735611
v -15.50316906 55.52141953 -4.44760942
v -15.87119865 54.81189728 -6.50469494
v -16.35667038 54.40088654 -6.33313370
v -16.03384399 55.14495850 -4.24367571
v -16.86991310 53.98807907 -6.21266270
v -16.54293442 54.78430176 -3.98405099
v -17.42382812 53.46822739 -6.02433538
v -17.08173561 54.28401566 -3.71171474
v -16.67890739 55.08592606 -1.37614453
v -18.20112610 53.36589432 -3.20914698
v -17.93503952 53.92856979 -0.70942020
v -17.67226028 54.37883759 1.84498239
v -17.67226028 54.37883759 1.84498239
v -16.22946358 55.65409088 1.12348628
v -19.33711052 52.14331055 0.09645593
v -19.13282967 52.51795959 2.63019872
v -19.13282967 52.51795959 2.63019872
v -18.83846283 52.74504852 5.17314816
v -18.83846283 52.74504852 5.17314816
v -19.13282967 52.51795959 2.63019872
v -20.38141060 50.44111633 3.33232808
v -20.10818672 50.61497116 5.82279491
v -19.83972549 50.72677612 8.32188225
v -18.43537140 52.82990265 7.69881582
v -21.22247314 48.30546570 6.34991884
v -21.11015701 48.44371033 8.81419182
v -20.74025345 48.39248276 11.26943684
v -21.94366264 45.87464142 9.17619038
v -21.57653236 45.78869629 11.55664253
v -21.40795135 45.73609924 14.01564884
v -22.58689117 43.16345215 11.78860760
v -22.27451897 43.01663971 14.17091656
v -21.86235237 42.85353088 16.55896568
v -22.97403526 40.19284439 14.20537472
v -22.41687393 39.91574478 16.50692558
v -21.95513916 39.65424728 18.83027458
v -21.45529556 39.36503601 21.14716339
v -23.04970932 37.01173782 16.40827560
v -22.52332497 36.66356659 18.70594215
v -21.88725090 36.28878403 21.01321983
v -21.25959969 35.92423630 23.33520317
v -20.82006836 39.04219818 23.43604851
v -22.82386398 33.73743057 18.54115295
v -22.11061859 33.33345032 20.91426086
v -21.16276932 32.89231491 23.26604462
v -23.23680878 34.09722519 16.18004608
v -23.39116096 31.32120132 16.01469612
v -22.81410789 31.00114250 18.39048576
v -22.16343307 30.60739136 20.86702728
v -23.42817688 28.62366676 15.85913563
v -22.80200958 28.42587471 18.27441978
v -22.13473129 28.17549515 20.79160309
v -23.07367134 26.08348465 15.69826603
v -22.66387558 25.96392822 18.13366127
v -21.80027580 25.86808586 20.61118889
v -22.63212585 23.57609558 15.56834602
v -22.02230453 23.55174255 17.93830109
v -21.50613785 23.51849747 20.45705223
v -20.65042686 23.62965393 22.98825264
v -20.95135307 25.77676201 23.29301453
v -21.56089783 21.07555008 17.84621048
v -20.93873978 21.16528702 20.22624016
v -21.50613785 23.51849747 20.45705223
v -20.93873978 21.16528702 20.22624016
v -20.65087509 18.65737343 17.65334129
v -19.96536255 18.82648659 19.90904617
v -19.45948792 19.04902649 22.24921989
v -20.08750725 21.36590195 22.61007690
v -19.96536255 18.82648659 19.90904617
v -20.65087509 18.65737343 17.65334129
v -19.48606300 16.23670387 17.37980270
v -18.93960571 16.29455757 19.60517120
v -18.02772141 13.98318672 17.01229095
v -17.33605003 14.04258537 19.11204720
v -16.07509613 12.53361893 18.68880463
v -15.35033321 11.84074402 18.44564819
v -14.76575470 11.28207588 18.25916481
v -13.83919048 10.99534607 19.66162491
v -12.90466976 10.73872757 20.92594910
v -13.83919048 10.99534607 19.66162491
v -14.76575470 11.28207588 18.25916481
v -14.54973412 10.55181694 18.19264030
v -13.67862415 10.19226265 19.49711227
v -13.06585312 9.85684967 20.80007362
v -13.93285847 9.39927292 19.42297935
v -13.34131718 9.02581215 20.52807999
v -13.05381870 8.57580566 21.35610580
v -12.41663837 8.05970955 21.76419449
v -13.86392879 8.04204369 19.97296333
v -13.60969448 7.48505592 20.65135956
v -13.08596134 6.88647652 21.06756210
v -13.08596134 6.88647652 21.06756210
v -14.48829842 6.23404121 19.56273460
v -14.08055782 5.56147385 20.06562424
v -14.08055782 5.56147385 20.06562424
v -13.36136341 5.01954842 20.10000038
v -13.36136341 5.01954842 20.10000038
v -12.31974983 6.42420578 21.06661034
v -13.36136341 5.01954842 20.10000038
v -15.27857113 4.19529724 18.82279396
v -14.57806301 3.57266235 18.89610100
v -14.57806301 3.57266235 18.89610100
v -13.80151367 3.31579208 18.50633049
v -13.25226307 3.56468582 17.84686661
v -15.80940437 2.18907547 17.43338013
v -15.00907707 1.93820953 16.96444511
v -14.44408607 2.23153305 16.24779892
v -14.44408607 2.23153305 16.24779892
v -14.19112968 2.89709091 15.54040813
v -13.17022324 4.20376968 17.25155830
v -13.25226307 3.56468582 17.84686661
v -16.20905876 0.79550552 15.37993813
v -15.63071442 1.17021942 14.66069126
v -15.63071442 1.17021942 14.66069126
v -15.37540054 2.00825500 14.00665665
v -15.37540054 2.00825500 14.00665665
v -16.54660988 0.61982346 13.36688423
v -16.20090294 1.50671768 12.80356979
v -16.20090294 1.50671768 12.80356979
v -15.92657280 2.66577148 12.22355270
v -16.20905876 0.79550552 15.37993813
v -17.18886185 0.15857697 13.98821259
v -17.18886185 0.15857697 13.98821259
v -16.98571777 1.04099274 15.87819290
v -17.95509529 0.35793304 14.45836067
v -17.18886185 0.15857697 13.98821259
v -17.95509529 0.35793304 14.45836067
v -17.97096443 0.00000000 12.78931904
v -17.95509529 0.35793304 14.45836067
v -16.98571777 1.04099274 15.87819290
v -17.55491638 1.79782486 15.90171623
v -18.43748093 1.18743896 14.54805851
v -18.43748093 1.18743896 14.54805851
v -17.61310005 2.75881195 15.48476696
v -18.40545654 2.17235184 14.25335312
v -19.08947182 1.98303604 13.13250828
v -19.10482407 0.97856903 13.36230469
v -16.46430397 2.90490341 17.39166451
v -16.66900444 3.77999496 16.84746933
v -16.80779648 4.70908928 16.18239021
v -15.50888634 4.94182777 18.18700981
v -15.94431496 5.84086990 17.65215683
v -16.05311775 6.71644592 16.80483437
v -17.01989937 5.76230812 15.35917473
v -14.79768467 6.91669273 19.00953484
v -15.13341236 7.69554710 18.28079224
v -15.46528816 8.53181839 17.19915962
v -14.41788578 8.63538933 19.11936378
v -14.97602272 9.23601913 17.79870033
v -15.35974407 9.89174461 16.76515198
v -15.85250759 9.39282990 16.22625160
v -14.69355011 9.86012840 18.10256386
v -15.00614548 10.33782959 16.87248611
v -15.35974407 9.89174461 16.76515198
v -15.00614548 10.33782959 16.87248611
v -14.75102425 10.36193275 15.72675037
v -15.35974407 9.89174461 16.76515198
v -15.01666164 10.21102905 15.63954353
v -15.42192364 9.88008881 15.16296673
v -15.85250759 9.39282990 16.22625160
v -14.75102425 10.36193275 15.72675037
v -15.00614548 10.33782959 16.87248611
v -14.85098553 10.80525398 16.82189560
v -14.71993351 10.57184029 15.53965473
v -14.75102425 10.36193275 15.72675037
v -14.71993351 10.57184029 15.53965473
v -14.12375069 9.96735382 15.04485893
v -14.71993351 10.57184029 15.53965473
v -14.85098553 10.80525398 16.82189560
v -14.08247662 10.01506042 14.90705395
v -14.54973412 10.55181694 18.19264030
v -14.76575470 11.28207588 18.25916481
v -15.08680248 11.12651825 16.69215012
v -14.69355011 9.86012840 18.10256386
v -15.80940437 2.18907547 17.43338013
v -20.02460480 16.20524788 15.19662666
v -18.58596420 14.00155640 14.94441509
v -20.50669098 16.19668961 13.00374508
v -19.04700661 14.08019257 12.81317806
v -20.95272636 16.23412132 10.67198086
v -19.53968430 14.19446754 10.49408054
v -18.00845718 12.41639137 10.32207966
v -19.99184227 14.43187332 7.93758583
v -18.49988365 12.65798950 7.71595049
v -16.92294693 10.95902252 7.53864050
v -16.40029907 10.85816002 10.16477585
v -15.04368401 9.49319077 7.34300280
v -14.60052681 9.48684120 9.93457603
v -12.97191048 8.22066689 7.09011269
v -12.55996037 8.23348427 9.73148441
v -10.69094849 7.33396912 6.70236301
v -10.25836086 7.35956955 9.44229698
v -8.25190067 6.81603241 6.10873556
v -7.70105648 6.83295631 8.93920040
v -7.70105648 6.83295631 8.93920040
v -8.25190067 6.81603241 6.10873556
v -5.72466803 6.63424492 5.25476646
v -4.90900517 6.61886024 8.13221169
v -4.26066208 6.76252747 10.91112041
v -7.39900446 7.03306198 11.64581585
v -3.91786075 7.00478745 12.80573368
v -2.17700434 6.77325439 6.95079374
v -1.19659078 6.92318726 9.71953392
v 0.30716163 7.31599998 5.53716946
v 1.57239747 7.50060272 8.21471500
v 1.57239747 7.50060272 8.21471500
v 0.30716163 7.31599998 5.53716946
v 2.44283009 8.30864334 4.06208897
v 3.72022200 8.51887131 6.66526365
v 3.72022200 8.51887131 6.66526365
v 4.34233093 9.71522903 2.55466557
v 5.53001022 9.91512871 5.02140474
v 6.58712387 10.22245598 7.09566164
v 4.88300228 8.94648743 8.75851917
v 7.53909779 10.61272812 8.85281658
v 5.74883366 9.45273399 10.09983444
v 7.25629711 11.48425674 3.38403058
v 8.20560265 11.67703438 5.41718721
v 9.04132462 11.95918655 7.15996218
v 8.84806728 11.37300110 9.94317341
v 8.25324821 10.91151810 10.35040283
v 7.54411030 10.48526382 10.27313995
v 9.95394135 12.45203972 8.73095417
v 9.91874504 13.79869270 3.78435922
v 10.77443409 14.04708862 5.65720415
v 11.66072178 14.41516685 7.48098660
v 12.48208904 14.83292198 9.36313725
v 10.79678154 12.92910194 10.27634907
v 12.37244034 16.64430809 4.30502415
v 13.32200336 16.90150642 6.33274221
v 13.97048283 17.39544106 8.50730419
v 14.67850304 17.81339073 10.74880886
v 13.17104816 15.21636963 11.41994667
v 13.97048283 17.39544106 8.50730419
v 13.32200336 16.90150642 6.33274221
v 14.29740715 19.59033012 5.38090372
v 15.10633755 19.97575378 7.72859669
v 15.66106415 20.47786713 10.11775589
v 14.67850304 17.81339073 10.74880886
v 16.29666328 21.07040024 12.57698536
v 15.33116436 18.26464844 13.02842045
v 15.50654507 22.58443260 6.96794462
v 16.32324600 22.94384575 9.48901749
v 17.02945518 23.47356796 12.19684315
v 17.40962791 24.14483833 14.69939423
v 16.80717850 21.86407471 14.94003868
v 16.56534958 25.33343124 8.86920738
v 17.25625229 25.68925095 11.80759525
v 17.63640213 26.02263260 14.21297741
v 17.76671410 26.23117065 15.65402699
v 17.42924309 27.82812691 11.13166714
v 16.73848724 27.70294952 8.21521282
v 16.72157860 30.30762291 7.56982899
v 17.42661095 30.23628998 10.17451859
v 17.42661095 30.23628998 10.17451859
v 16.72157860 30.30762291 7.56982899
v 16.50302505 33.24869537 6.88270760
v 17.26062012 33.14149094 9.25653934
v 17.26062012 33.14149094 9.25653934
v 17.77299690 33.05572891 11.73130417
v 18.17481995 32.66028595 14.24023628
v 16.73640251 36.20952606 8.73642063
v 17.36185074 36.03140259 11.13438988
v 17.87459183 35.75171661 13.56695557
v 18.23145103 35.35584259 15.98400307
v 18.31012917 32.44547272 16.30478477
v 16.76805687 39.03036118 10.88984966
v 17.30172157 38.69700241 13.31230831
v 17.75843239 38.27749634 15.80149078
v 18.01200867 37.83452225 18.07806206
v 18.10637856 34.81394196 18.07235146
v 16.75063705 41.69964218 13.31312180
v 17.09679985 41.21210480 15.78785896
v 17.47217941 40.69906998 18.08668518
v 17.01563263 40.15173721 19.85021782
v 17.55127525 37.49250412 19.57171249
v 16.33979797 44.19847488 15.94942665
v 16.59496117 43.44124222 18.36695671
v 16.58231544 42.72894287 20.28897476
v 15.98586655 42.38605118 21.30620193
v 16.46088028 39.86642838 20.97093582
v 15.92790318 46.41663361 18.74477386
v 15.93016624 45.41220474 20.82709503
v 15.68335819 44.97082520 22.10258865
v 15.26062012 44.72088242 23.04104805
v 15.50072670 42.24768066 22.26058197
v 14.80317783 48.29783630 21.37610817
v 14.78350735 47.60590744 22.97894669
v 14.70419979 47.08319092 24.22095299
v 14.96628094 46.70354462 25.47234726
v 15.66920567 44.50087738 24.02039337
v 14.70419979 47.08319092 24.22095299
v 14.78350735 47.60590744 22.97894669
v 13.37665844 50.02962494 23.83872414
v 13.45826149 49.29302597 25.41903305
v 14.70419979 47.08319092 24.22095299
v 13.45826149 49.29302597 25.41903305
v 13.94461632 48.68487930 27.01007271
v 14.96628094 46.70354462 25.47234726
v 13.94461632 48.68487930 27.01007271
v 14.29657841 47.75172424 28.73952484
v 15.28219795 46.15063095 27.06096649
v 12.19307423 51.38972473 26.62333107
v 12.65916538 50.39331818 28.47331047
v 13.94461632 48.68487930 27.01007271
v 12.65916538 50.39331818 28.47331047
v 13.07985210 49.19660568 30.29013062
v 14.29657841 47.75172424 28.73952484
v 13.43663406 47.97402954 31.83302116
v 14.54524326 46.84604645 30.12529755
v 11.09561539 51.73143387 29.81237221
v 11.57518482 50.33270645 31.67467880
v 11.99567890 48.87712860 33.36016083
v 9.83449745 51.18090820 32.85203552
v 10.38872814 49.59996796 34.52719116
v 7.81188107 51.75285721 33.87799072
v 8.48533630 50.16120529 35.56945038
v 9.10812855 48.57466888 37.10398865
v 9.63942528 46.90455627 38.63594818
v 6.28499746 50.52691269 36.57046509
v 6.94740391 48.88013077 38.16803741
v 7.59767199 47.11816406 39.74244690
v 8.30439377 45.12560272 41.42156982
v 10.11759377 44.87417603 40.40720367
v 4.59058189 48.93172073 39.11389160
v 5.25752163 47.15375137 40.75621033
v 5.96972752 45.17977905 42.43605042
v 6.72332191 43.04743195 44.10660553
v 7.38103390 41.12215424 45.55560303
v 7.78058481 39.96763611 46.47634125
v 8.03726196 39.25943756 47.07832336
v 8.14139843 38.58499527 47.33606720
v 5.75235701 38.51665878 48.15074921
v 2.11873388 48.70584106 39.90278625
v 3.91430306 50.59439087 37.46914673
v 1.44523418 50.34376144 38.26793671
v 5.58119631 52.13294220 34.87252808
v 3.19549251 52.19348907 35.77162933
v 0.71909094 51.87069702 36.59059143
v 4.83780766 53.64844513 33.05088806
v 2.41350222 53.67998123 33.96459961
v 3.19549251 52.19348907 35.77162933
v 2.41350222 53.67998123 33.96459961
v -0.07599259 53.32070160 34.83179474
v 1.62620366 55.10578156 32.06223297
v -0.87805325 54.71281433 32.92884064
v -3.30946064 54.00862122 33.55857086
v -1.62675846 56.02403641 30.79198837
v -4.00859547 55.28891754 31.38217545
v -5.63803244 53.08223343 33.91243744
v 0.86335403 56.40625000 29.97535515
v 0.86335403 56.40625000 29.97535515
v 1.62620366 55.10578156 32.06223297
v 4.09140730 55.08612823 31.13022995
v 3.35318494 56.42403030 29.06183052
v 3.35318494 56.42403030 29.06183052
v 6.44606400 54.72960663 30.12930489
v 5.75037241 56.04628754 28.06048012
v 8.61010933 54.01747513 29.03034782
v 7.96511984 55.21973419 26.95146561
v 10.58010578 52.97048187 27.86739540
v 9.97418690 53.95251465 25.83138466
v 12.19307423 51.38972473 26.62333107
v 11.70905209 52.13031387 24.76907921
v 13.31313801 50.85396194 22.03638649
v 14.80317783 48.29783630 21.37610817
v 14.69651699 49.18154907 19.31225967
v 13.07970810 51.68941116 19.95591354
v 14.69651699 49.18154907 19.31225967
v 15.42881584 47.17884827 16.38560486
v 14.17127705 49.87622833 16.97693062
v 14.69651699 49.18154907 19.31225967
v 15.91602230 44.77549362 13.55370998
v 14.79078960 47.68312454 14.02788734
v 15.42881584 47.17884827 16.38560486
v 14.79078960 47.68312454 14.02788734
v 14.79078960 47.68312454 14.02788734
v 15.91602230 44.77549362 13.55370998
v 15.15458488 45.14253235 11.21502686
v 14.07375050 48.06850052 11.64557552
v 14.07375050 48.06850052 11.64557552
v 14.44073105 45.46282196 8.83686447
v 13.27733135 48.35683441 9.24245930
v 13.27733135 48.35683441 9.24245930
v 13.50202274 45.67646790 6.50022459
v 12.33702374 48.59291840 6.84157705
v 12.33702374 48.59291840 6.84157705
v 12.48813915 45.86457825 4.15059423
v 11.22679710 48.68136597 4.47889996
v 11.22679710 48.68136597 4.47889996
v 11.27213669 45.90936661 1.84501863
v 10.05603409 48.72011948 2.07480788
v 10.05603409 48.72011948 2.07480788
v 8.71564293 51.35456467 2.41799998
v 8.86821747 48.67375183 -0.33478868
v 7.26266527 51.14399719 0.06372577
v 5.47258711 53.55974197 0.55974704
v 5.85730934 50.93232346 -2.26428413
v 4.13502550 53.35440063 -1.91657364
v 2.13108230 55.49138641 -1.46335626
v 2.67335176 52.96741867 -4.27975416
v 0.62965137 54.94812775 -3.89836717
v 1.21000183 52.43893433 -6.54605341
v -0.70309180 54.35027695 -6.29665565
v -2.54664493 55.77162552 -6.20370102
v -1.99594533 53.57469940 -8.59163761
v -3.60356116 54.85047150 -8.50858498
v -4.67061901 55.37834167 -8.37541866
v -4.66353559 53.72203827 -10.43114090
v -5.55683756 54.28795242 -10.24386024
v -6.27722263 54.69397354 -10.10542297
v -6.39956093 53.15200806 -12.12705326
v -6.98847628 53.57044220 -11.88443279
v -7.51640320 53.93257141 -11.67097950
v -6.90441608 55.01618195 -9.99003601
v -8.02148247 54.35955811 -11.51240444
v -7.41364813 55.36800385 -9.92195320
v -7.41364813 55.36800385 -9.92195320
v -8.02148247 54.35955811 -11.51240444
v -8.21440411 54.96651077 -11.54794884
v -7.70952511 55.93791199 -10.06547832
v -8.26742363 55.68069458 -11.69311142
v -7.76092720 56.53044891 -10.35147572
v -8.47413063 56.44361115 -11.89187241
v -7.85880804 57.24454880 -10.66861725
v -8.67383957 57.56713486 -12.13281250
v -8.01777267 58.30117798 -11.09315872
v -7.46222305 59.13637543 -9.70704746
v -8.55821323 59.96058655 -11.82209778
v -9.25504589 59.28726578 -12.48584175
v -10.29978371 60.47236633 -12.75619984
v -9.56875992 61.34901428 -12.61036301
v -11.36592293 61.37598801 -12.88713264
v -10.96784210 62.15482712 -13.14550877
v -10.37967682 63.44321442 -12.69118214
v -10.96784210 62.15482712 -13.14550877
v -11.36592293 61.37598801 -12.88713264
v -12.60313034 61.71098709 -12.74029064
v -12.59255791 62.47021484 -12.99562263
v -12.39550591 63.66164398 -12.85978508
v -12.60313034 61.71098709 -12.74029064
v -11.36592293 61.37598801 -12.88713264
v -11.34891987 61.38780975 -13.82036018
v -12.77900410 61.70684433 -13.42529678
v -12.60313034 61.71098709 -12.74029064
v -12.77900410 61.70684433 -13.42529678
v -13.98787308 61.37804031 -12.68403149
v -13.76031876 61.53796005 -12.16431713
v -13.04220200 62.00749969 -14.71685791
v -14.59165001 61.66583252 -13.63533306
v -13.98787308 61.37804031 -12.68403149
v -14.56556225 60.73770523 -11.85581684
v -14.50694752 61.23841095 -11.42243099
v -13.76031876 61.53796005 -12.16431713
v -14.59165001 61.66583252 -13.63533306
v -13.04220200 62.00749969 -14.71685791
v -13.52698708 61.13254547 -16.60420227
v -15.27376270 61.04931641 -15.22643948
v -15.27376270 61.04931641 -15.22643948
v -13.71075916 59.20106888 -16.65179825
v -15.11496830 59.42848587 -15.87344074
v -15.27376270 61.04931641 -15.22643948
v -15.11496830 59.42848587 -15.87344074
v -16.00720024 60.29089355 -13.61306190
v -15.11496830 59.42848587 -15.87344074
v -13.71075916 59.20106888 -16.65179825
v -13.66404247 58.53239822 -16.21370125
v -14.72709084 58.36781311 -15.62556362
v -15.60810852 57.86463928 -15.11200428
v -15.96036625 59.12186050 -14.60848999
v -14.72709084 58.36781311 -15.62556362
v -15.60810852 57.86463928 -15.11200428
v -13.52698708 61.13254547 -16.60420227
v -13.04220200 62.00749969 -14.71685791
v -11.27428150 61.39625549 -15.21031284
v -11.47561264 59.82644653 -16.68936348
v -13.52698708 61.13254547 -16.60420227
v -11.47561264 59.82644653 -16.68936348
v -12.17519093 58.56378174 -16.47549820
v -13.71075916 59.20106888 -16.65179825
v -11.47561264 59.82644653 -16.68936348
v -11.27428150 61.39625549 -15.21031284
v -12.17519093 58.56378174 -16.47549820
v -9.96362209 60.47344208 -13.83069038
v -10.07100391 59.40559387 -15.44180679
v -10.29978371 60.47236633 -12.75619984
v -10.29978371 60.47236633 -12.75619984
v -9.25504589 59.28726578 -12.48584175
v -9.10705185 58.62314606 -13.90783215
v -9.96362209 60.47344208 -13.83069038
v -9.25504589 59.28726578 -12.48584175
v -8.67383957 57.56713486 -12.13281250
v -8.80421734 56.62710953 -13.59229851
v -9.10705185 58.62314606 -13.90783215
v -8.47413063 56.44361115 -11.89187241
v -8.64737892 55.30655670 -13.39612579
v -8.26742363 55.68069458 -11.69311142
v -8.73681355 54.49448013 -13.17100430
v -8.64737892 55.30655670 -13.39612579
v -8.73681355 54.49448013 -13.17100430
v -9.82457447 53.18584824 -14.30624008
v -9.62500095 53.79916000 -14.59537601
v -9.62500095 53.79916000 -14.59537601
v -9.82457447 53.18584824 -14.30624008
v -11.27513504 52.38531113 -14.87418175
v -11.23571110 52.72458267 -15.20941734
v -11.16463757 53.32015228 -15.83554840
v -9.47839069 55.03122711 -15.17303753
v -13.15047073 52.25405884 -15.20478058
v -13.41283798 52.73187256 -15.85606575
v -13.88347244 53.53005981 -16.82775116
v -11.52024841 53.97438049 -16.86499596
v -11.16463757 53.32015228 -15.83554840
v -11.52024841 53.97438049 -16.86499596
v -11.52024841 53.97438049 -16.86499596
v -13.88347244 53.53005981 -16.82775116
v -14.70966721 54.70410156 -17.77478218
v -12.52075768 54.58676147 -17.87232208
v -11.52024841 53.97438049 -16.86499596
v -10.08410931 56.84791565 -15.87796402
v -14.70966721 54.70410156 -17.77478218
v -15.35052586 56.35753632 -18.13956261
v -15.35052586 56.35753632 -18.13956261
v -13.21193314 55.64653015 -18.72060585
v -15.72551918 54.27744675 -16.05760956
v -16.25200462 55.75303650 -16.58691978
v -13.41283798 52.73187256 -15.85606575
v -15.22772217 53.25055695 -15.11081791
v -15.22772217 53.25055695 -15.11081791
v -16.28406715 54.29921341 -13.85375786
v -13.15047073 52.25405884 -15.20478058
v -14.81173992 52.55619049 -14.47427177
v -15.22772217 53.25055695 -15.11081791
v -14.81173992 52.55619049 -14.47427177
v -15.90135956 53.40155792 -13.19784164
v -16.28406715 54.29921341 -13.85375786
v -15.90135956 53.40155792 -13.19784164
v -16.06400108 54.35843658 -11.24824715
v -16.28334618 55.23064423 -11.64227772
v -14.51785946 52.11054230 -14.07924843
v -15.47757721 52.71439362 -12.81654930
v -15.47757721 52.71439362 -12.81654930
v -15.79388523 53.65647888 -10.96468735
v -15.62552738 54.54512787 -8.78883743
v -15.70549297 55.19372940 -8.95254421
v -15.39415455 52.14756775 -12.69335079
v -15.81534386 52.98689651 -10.85404587
v -15.91705036 53.91233826 -8.67094898
v -15.91705036 53.91233826 -8.67094898
v -15.81534386 52.98689651 -10.85404587
v -16.42489433 52.54975510 -10.88520622
v -16.42592812 53.52759933 -8.63261414
v -16.96468735 52.11688232 -10.95197678
v -17.03404045 53.07707977 -8.55195332
v -17.69448090 52.57161713 -8.46682549
v -18.55994034 51.80110168 -8.25495052
v -18.52396774 52.72827911 -5.70697737
v -19.99157715 50.51214218 -7.75811481
v -19.88949585 51.22162247 -5.07124090
v -19.62772369 51.74415207 -2.45562100
v -19.62772369 51.74415207 -2.45562100
v -19.88949585 51.22162247 -5.07124090
v -21.12440300 49.23987579 -4.28178549
v -20.91279793 49.77623749 -1.70188904
v -20.91279793 49.77623749 -1.70188904
v -20.73983383 50.21103668 0.83782154
v -20.73983383 50.21103668 0.83782154
v -19.33711052 52.14331055 0.09645593
v -22.02575302 47.68107986 -0.98875922
v -21.79988861 48.02275085 1.48390245
v -21.51094627 48.21565247 3.93011618
v -22.71147346 45.71482849 2.06302238
v -22.47802925 45.84365845 4.42853212
v -22.26277924 45.90147018 6.79956245
v -23.20363617 43.34568787 4.82157898
v -23.05916786 43.34223938 7.11317158
v -22.91656113 43.29559708 9.46075344
v -23.65101624 40.69186783 7.30205631
v -23.50387001 40.56745911 9.56629944
v -23.26342964 40.39209747 11.86275578
v -24.09227943 37.79942703 9.56519794
v -23.85826302 37.58261490 11.82015896
v -23.41210175 37.30534363 14.08879566
v -24.03758812 34.69033051 11.65077400
v -23.77836609 34.42411804 13.90538788
v -24.18973351 31.81478882 11.45858860
v -23.86035538 31.57739258 13.70653820
v -24.19737625 29.03154373 11.25100040
v -23.82561874 28.84003639 13.54406738
v -23.88937378 26.33967018 11.04622459
v -23.61865425 26.18272781 13.33867168
v -23.61460876 23.66502190 10.92017174
v -23.14400291 23.61551666 13.22080708
v -22.78440475 21.12428474 10.81966400
v -22.56236458 21.06193352 13.15301895
v -21.97469330 21.08378029 15.47833443
v -21.70078850 18.53881645 13.12089062
v -21.19151878 18.59299088 15.39207363
v -21.19151878 18.59299088 15.39207363
v -21.70078850 18.53881645 13.12089062
v -21.96393776 18.60394287 10.78474140
v -20.95272636 16.23412132 10.67198086
v -20.50669098 16.19668961 13.00374508
v -23.09982681 21.19063950 8.46795273
v -22.30919266 18.70449638 8.36324692
v -21.17160416 16.48579216 8.17942047
v -22.48111916 18.99996376 5.84488392
v -21.54299545 16.78602791 5.55811596
v -21.17160416 16.48579216 8.17942047
v -21.54299545 16.78602791 5.55811596
v -20.41230583 14.73659325 5.26415873
v -21.80635834 17.21159363 2.85914803
v -20.67600822 15.13488388 2.55302334
v -19.24541092 13.26300430 2.35503435
v -18.98966408 12.87289619 5.05088282
v -17.69469452 11.50337029 2.21824861
v -17.35573578 11.18772507 4.87603045
v -15.94598579 9.96730042 2.09296107
v -15.51305103 9.68198204 4.69900036
v -14.04292774 8.66455650 1.89852834
v -13.49542809 8.39188957 4.45201015
v -11.97261906 7.73616028 1.54072309
v -11.29209232 7.47586441 4.05311394
v -9.77480412 7.25667191 0.97066724
v -8.96973228 6.96713257 3.44455123
v -7.55553865 7.08653259 0.17341051
v -6.61057138 6.80198097 2.61204052
v -5.72466803 6.63424492 5.25476646
v -6.61057138 6.80198097 2.61204052
v -7.55553865 7.08653259 0.17341051
v -5.38955021 7.23374748 -0.81442338
v -4.28781414 6.96892929 1.57164884
v -3.23035717 6.79899979 4.15096521
v -2.07748079 7.47063446 0.37595129
v -0.89541882 7.33284378 2.87267733
v -0.89541882 7.33284378 2.87267733
v -2.07748079 7.47063446 0.37595129
v -0.02385923 8.41342735 -0.89003199
v 1.21704698 8.30443192 1.50566494
v 1.85111797 9.78700447 -2.16408014
v 3.13414598 9.67723656 0.11596730
v 3.59942412 11.47792435 -3.42056966
v 4.92964220 11.36231041 -1.23634374
v 6.10787106 11.38618660 1.10869169
v 6.49345064 13.45864105 -2.39232612
v 7.78227329 13.37302971 -0.27838862
v 8.93038177 13.57108688 1.81763113
v 9.10539627 15.92095184 -1.59594822
v 10.28131390 16.11532784 0.37932467
v 11.39217472 16.36392403 2.32807612
v 11.23309803 18.81879997 -0.91353053
v 12.37987137 19.02550507 1.09100640
v 13.40396690 19.28744316 3.18662858
v 14.29740715 19.59033012 5.38090372
v 13.40396690 19.28744316 3.18662858
v 12.37987137 19.02550507 1.09100640
v 12.70792770 21.96282959 0.09634119
v 13.91684532 22.09433937 2.19024014
v 14.76445580 22.30130005 4.50909853
v 14.29740715 19.59033012 5.38090372
v 14.76445580 22.30130005 4.50909853
v 13.83496475 25.05346298 1.44838786
v 14.99277687 25.03818512 3.72850990
v 14.99277687 25.03818512 3.72850990
v 15.90431690 25.10850143 6.21167469
v 15.90431690 25.10850143 6.21167469
v 15.03934097 27.81667519 3.07901692
v 15.96817589 27.70398331 5.57337856
v 15.96817589 27.70398331 5.57337856
v 14.91829586 30.65047073 2.52561426
v 15.91817665 30.43731499 4.99859142
v 16.73848724 27.70294952 8.21521282
v 14.74360752 33.65039062 2.02413917
v 15.74169445 33.41476059 4.45347452
v 14.07769394 36.73444748 1.80095911
v 15.04681015 36.53292847 4.12624264
v 16.05985451 36.36414719 6.37827682
v 16.73640251 36.20952606 8.73642063
v 14.35975075 39.68980408 3.96585560
v 15.30816650 39.50594711 6.22436953
v 16.11227608 39.29541779 8.56442165
v 16.11227608 39.29541779 8.56442165
v 14.58057785 42.64085007 6.26335192
v 15.41529465 42.40444183 8.59819984
v 15.41529465 42.40444183 8.59819984
v 16.04565239 42.07737350 10.95934105
v 16.04565239 42.07737350 10.95934105
v 16.75063705 41.69964218 13.31312180
v 13.46677113 42.80099106 4.01822138
v 13.33524990 39.87346268 1.68765676
v 12.44683743 42.96180725 1.69388962
v 12.15981770 40.00064850 -0.57898617
v 11.06737328 42.93140411 -0.49584034
v 10.05440712 45.90497208 -0.48339337
v 9.70931435 42.88801956 -2.77546692
v 8.68900967 45.75923157 -2.78336287
v 7.39413118 48.42420578 -2.59194613
v 8.86821747 48.67375183 -0.33478868
v 7.21006250 45.53140259 -5.01289415
v 5.95007706 48.17829514 -4.88717318
v 7.39413118 48.42420578 -2.59194613
v 5.95007706 48.17829514 -4.88717318
v 4.44851875 50.68137741 -4.62180710
v 4.44851875 50.68137741 -4.62180710
v 4.41336489 47.79784393 -7.07219744
v 2.86235595 50.17934799 -6.78897095
v 2.86235595 50.17934799 -6.78897095
v 2.89512420 47.26093292 -9.23555660
v 1.48537552 49.64670944 -9.06077099
v 1.48537552 49.64670944 -9.06077099
v -0.18167993 51.77857208 -8.79791451
v -0.01860671 48.83784485 -11.21195602
v -1.52921283 50.98052216 -11.04082203
v -3.21383357 52.73934174 -10.77643776
v -3.01030636 50.03456497 -13.20746517
v -4.64045000 51.60163116 -12.72824669
v -5.76670027 52.65371323 -12.38559151
v -6.23092604 50.63894653 -14.80064392
v -7.19446468 51.63399506 -14.26356697
v -7.63493347 52.11405945 -13.93120193
v -9.45864964 51.66543579 -14.97362900
v -8.01186943 52.52763748 -13.60039425
v -9.65459824 52.00979614 -14.60305786
v -8.33859921 52.88143921 -13.30820370
v -9.83384132 52.34902191 -14.24191189
v -8.70256519 53.27957916 -13.03143406
v -8.70256519 53.27957916 -13.03143406
v -9.83384132 52.34902191 -14.24191189
v -9.94627190 52.76102448 -14.09600544
v -8.82940388 53.80970001 -13.01891327
v -8.82940388 53.80970001 -13.01891327
v -8.21440411 54.96651077 -11.54794884
v -9.94627190 52.76102448 -14.09600544
v -11.16142273 51.73761749 -14.91968822
v -11.29080772 52.07801819 -14.66373825
v -9.94627190 52.76102448 -14.09600544
v -11.29080772 52.07801819 -14.66373825
v -11.29080772 52.07801819 -14.66373825
v -12.93435478 51.64386749 -14.68237877
v -13.01072502 51.96077728 -14.82718658
v -11.27513504 52.38531113 -14.87418175
v -11.29080772 52.07801819 -14.66373825
v -11.16142273 51.73761749 -14.91968822
v -12.95231247 51.36874008 -14.95655251
v -12.93435478 51.64386749 -14.68237877
v -14.68036842 51.32813263 -14.24126244
v -14.43299103 51.70051956 -13.93820572
v -11.04476070 51.42456818 -15.29120731
v -13.03180790 51.00322342 -15.34700775
v -14.96890831 50.90357590 -14.62709999
v -13.15905094 50.55223083 -15.82681274
v -16.31710052 51.22364044 -13.25410175
v -15.85905647 51.67242813 -12.96964836
v -15.39415455 52.14756775 -12.69335079
v -10.90746307 51.08462524 -15.68174171
v -10.90746307 51.08462524 -15.68174171
v -11.04476070 51.42456818 -15.29120731
v -14.43299103 51.70051956 -13.93820572
v -15.39415455 52.14756775 -12.69335079
v -15.47757721 52.71439362 -12.81654930
v -14.51785946 52.11054230 -14.07924843
v -13.01072502 51.96077728 -14.82718658
v -4.58047724 48.99845123 -15.40034103
v -6.19826078 47.75944519 -17.51964760
v -2.99165916 47.03279495 -15.82671642
v -4.69657230 45.73983383 -17.94197655
v -6.42689943 44.20970154 -19.91576958
v -7.87758446 46.09447098 -19.56781578
v -7.87758446 46.09447098 -19.56781578
v -6.42689943 44.20970154 -19.91576958
v -8.11620140 42.68837738 -21.66724968
v -9.54041958 44.25315857 -21.43849945
v -9.54041958 44.25315857 -21.43849945
v -11.14881516 45.52135849 -20.98756790
v -11.01039982 42.68592072 -23.04702950
v -12.49810886 43.59049988 -22.78281403
v -14.08506393 44.12876892 -22.36568832
v -12.84254360 46.43012619 -20.27236366
v -12.84254360 46.43012619 -20.27236366
v -14.08506393 44.12876892 -22.36568832
v -15.79593754 44.29824448 -21.87796593
v -14.92404556 46.44726944 -19.84544182
v -17.48321342 44.20257950 -21.29680824
v -16.88082504 46.26431274 -19.26631546
v -19.05243111 43.83000946 -20.64330101
v -18.71052551 45.81412888 -18.57489395
v -20.45392990 43.12044144 -19.89527321
v -20.40787315 44.87231445 -17.76744461
v -21.65347290 42.06541443 -19.11531639
v -21.80888557 43.44341278 -16.88222504
v -21.80913544 44.99598694 -14.59459209
v -21.70463943 46.45600891 -12.20339680
v -21.80913544 44.99598694 -14.59459209
v -21.80888557 43.44341278 -16.88222504
v -22.88639641 41.65568924 -16.01605606
v -22.91149521 42.98879242 -13.62204456
v -22.81071854 44.36751556 -11.16135406
v -21.70463943 46.45600891 -12.20339680
v -22.62908363 45.56855774 -8.64260769
v -21.51184082 47.64521027 -9.62934780
v -23.71915627 42.27530670 -10.14568043
v -23.45740700 43.43398285 -7.67582273
v -23.32084084 44.35499954 -5.19308853
v -22.42391586 46.48825073 -6.05406666
v -24.27500343 40.11871338 -9.05895901
v -24.16580963 41.33119583 -6.69889641
v -23.92610741 42.19638062 -4.33005524
v -23.75888443 42.77094269 -2.00472164
v -23.06066895 44.97243881 -2.73172283
v -24.66726685 39.31770325 -5.64702082
v -24.41130638 40.07088470 -3.47041392
v -24.22619247 40.50133896 -1.35216200
v -24.07326126 40.70741272 0.78373581
v -23.64022255 43.13550186 0.29788855
v -24.65762329 38.19927216 -0.80940598
v -24.48889732 38.22871399 1.14500117
v -24.42222404 38.16325760 3.14637280
v -24.00037766 40.77790070 2.92465496
v -24.85668755 35.78912354 -0.64436197
v -24.82195282 35.62102509 1.26551986
v -24.82474709 35.45569229 3.19703364
v -24.64611244 35.28043365 5.23122835
v -24.30884171 38.07162094 5.24086475
v -24.96703911 33.01643753 1.05529511
v -24.96920967 32.73846817 3.00069785
v -24.74024582 32.47649002 5.04204369
v -24.64387131 32.24602127 7.13392973
v -24.47377396 35.11226654 7.32044363
v -24.85223579 30.02120018 2.63962936
v -24.75138855 29.68267250 4.70313168
v -24.52989960 29.43494034 6.82572365
v -24.35499954 29.22514343 8.99903202
v -24.49337578 32.03735352 9.26816559
v -24.38849640 26.95980835 4.29976320
v -24.35113144 26.69648933 6.52676153
v -24.08040428 26.49593735 8.75723934
v -23.80398178 24.01672745 6.25537682
v -23.87145805 23.78182602 8.56223965
v -23.38163376 21.37228775 6.08100271
v -24.09874725 24.27873421 3.95276642
v -23.47596741 21.76391220 3.61132240
v -22.65522003 19.41831779 3.21984601
v -23.72277451 22.31022835 1.09740162
v -23.02509117 19.94933701 0.57502556
v -22.03807831 17.71250343 0.11829700
v -21.80635834 17.21159363 2.85914803
v -23.16174889 20.69631767 -2.03978395
v -22.11430931 18.36931610 -2.59159350
v -21.03994942 16.04332161 -3.00523114
v -20.83503342 15.60680199 -0.20802952
v -22.03807831 17.71250343 0.11829700
v -20.83503342 15.60680199 -0.20802952
v -21.03994942 16.04332161 -3.00523114
v -19.56465149 14.04573822 -3.21333575
v -19.47843170 13.63115501 -0.39458728
v -18.08865738 12.23148918 -3.28989601
v -17.94998169 11.87057304 -0.48510545
v -16.57888985 10.63176727 -3.29315591
v -16.32751083 10.28986549 -0.54333174
v -14.93952560 9.38520432 -3.27521944
v -14.55981159 9.00866318 -0.64360243
v -13.21178436 8.55190659 -3.28654671
v -12.65323925 8.11343765 -0.86617309
v -10.64694977 7.60849953 -1.30727673
v -8.59682178 7.43544006 -2.04674387
v -6.57307959 7.55593681 -3.01512671
v -8.59682178 7.43544006 -2.04674387
v -6.57307959 7.55593681 -3.01512671
v -6.57307959 7.55593681 -3.01512671
v -7.88142633 7.93104172 -4.99605846
v -6.10393620 8.28081894 -6.06820583
v -4.63089371 7.98897362 -4.08350468
v -3.30093455 7.69703102 -1.93881738
v -5.38955021 7.23374748 -0.81442338
v -4.28781414 6.96892929 1.57164884
v -2.75580716 8.75916481 -5.20698833
v -1.33370161 8.58391190 -3.11971736
v -0.99605209 9.95192719 -6.32542801
v 0.49564797 9.88151169 -4.30794668
v 0.67301232 11.45972633 -7.43007660
v 2.24893332 11.44753456 -5.50980663
v 2.05697489 13.48556900 -8.35518646
v 3.68386602 13.57043266 -6.49198484
v 5.16383219 13.53234863 -4.52124500
v 4.85888338 15.88587570 -7.43490267
v 6.34441614 15.94961548 -5.48925686
v 7.79799223 15.87278938 -3.55735683
v 7.06641006 18.66940308 -6.44174290
v 8.56324196 18.70118523 -4.64219046
v 9.90516472 18.74115944 -2.80632043
v 9.90516472 18.74115944 -2.80632043
v 8.56324196 18.70118523 -4.64219046
v 8.96844387 21.73684692 -5.68665171
v 10.18275070 21.83335686 -3.76843214
v 11.48674583 21.87409973 -1.89096928
v 11.23309803 18.81879997 -0.91353053
v 10.15433407 25.01368141 -4.74694824
v 11.49824047 25.03488922 -2.82819843
v 12.77628803 25.04563522 -0.80439079
v 11.38562679 28.18346596 -3.69849825
v 12.70238590 28.09282112 -1.55304241
v 13.86234760 27.96211815 0.72251093
v 12.41076756 31.11616707 -2.10578156
v 13.64392853 30.89408112 0.20089716
v 12.03437424 34.09578323 -2.49757361
v 13.35483170 33.88570786 -0.22100644
v 11.44453430 37.11957550 -2.70834398
v 12.79443359 36.94088745 -0.44230062
v 10.60412598 40.01587677 -2.75505686
v 9.98295307 37.17293167 -4.94999504
v 9.22357368 40.00845337 -5.11495686
v 8.19232082 42.74695206 -5.03739452
v 7.48348761 39.80999756 -7.21933937
v 6.67379236 42.54974747 -7.28913689
v 5.66770506 45.21189117 -7.21719503
v 5.05908489 42.19458771 -9.46928406
v 4.07506800 44.75553894 -9.39365673
v 3.46308017 41.67407227 -11.68613052
v 2.56024671 44.17772293 -11.67808628
v 1.43676496 46.60719681 -11.49500751
v 0.90224475 43.41984940 -13.87190247
v -0.08373596 45.82773972 -13.79528236
v 1.43676496 46.60719681 -11.49500751
v -0.08373596 45.82773972 -13.79528236
v -1.47397101 47.98083496 -13.47523880
v -0.01860671 48.83784485 -11.21195602
v -1.47397101 47.98083496 -13.47523880
v -1.77616954 44.82554245 -15.98464012
v -2.99165916 47.03279495 -15.82671642
v -0.86953437 42.44190216 -15.95485401
v -2.53023982 41.27932358 -18.07244301
v -3.45452881 43.61830521 -18.15464783
v -4.69657230 45.73983383 -17.94197655
v -4.27816439 39.92854309 -20.07364273
v -5.29048729 42.11376953 -19.99884605
v -6.04350948 38.79750443 -21.77518845
v -6.95721674 40.84157181 -21.76879311
v -8.00695992 37.98741531 -23.24576569
v -8.74949932 39.81779099 -23.22782326
v -9.76281357 41.41844940 -23.18964767
v -10.38212013 39.23264694 -24.82700348
v -11.21409225 40.55797958 -24.58155632
v -9.76281357 41.41844940 -23.18964767
v -11.21409225 40.55797958 -24.58155632
v -12.22602558 41.55510330 -24.30371475
v -11.01039982 42.68592072 -23.04702950
v -12.27508736 40.26419830 -26.09518814
v -12.99088383 41.16066360 -25.60685158
v -13.94056511 41.73116302 -25.09968758
v -13.41180992 42.30324936 -24.10533905
v -15.11009693 42.03899384 -24.54856300
v -14.75861645 42.82326889 -23.75006294
v -14.75861645 42.82326889 -23.75006294
v -15.11009693 42.03899384 -24.54856300
v -16.59954453 42.23521805 -24.02262878
v -16.31781387 43.02717590 -23.23526382
v -18.18666077 42.15427017 -23.61635590
v -17.92616081 42.92839813 -22.73895073
v -19.53927803 41.84600067 -23.25389481
v -19.35750008 42.54236221 -22.26892662
v -20.60981178 41.34704971 -22.86094093
v -20.51066208 41.90516663 -21.72366714
v -21.49556160 40.64840317 -22.67318535
v -21.49783134 41.09075165 -21.12408066
v -22.24586868 39.68772507 -22.58373451
v -22.32596016 39.93632126 -20.62232780
v -22.62259483 40.60437012 -18.35796738
v -22.88639641 41.65568924 -16.01605606
v -22.62259483 40.60437012 -18.35796738
v -22.32596016 39.93632126 -20.62232780
v -23.01359177 38.40308762 -20.25454140
v -22.24586868 39.68772507 -22.58373451
v -22.77971077 38.40869904 -22.65460205
v -23.12909508 36.79888153 -22.81920815
v -23.37590790 36.56879044 -20.09012222
v -23.26840210 34.85796738 -23.02711296
v -23.52242470 34.47717285 -20.13377571
v -23.22219086 32.87282181 -23.22784615
v -23.45796967 32.29436874 -20.35094070
v -23.76826096 31.49251366 -17.73486328
v -24.06447220 30.31585693 -15.29228687
v -23.02070427 30.23414421 -20.69852638
v -23.17636299 29.21850777 -18.29747200
v -23.41440773 27.85486984 -16.00145340
v -23.56291962 26.30410004 -13.82349300
v -24.19909477 28.86047363 -12.90247726
v -22.52920723 27.19591331 -18.99012184
v -22.80367279 25.54020691 -16.95615578
v -22.70930862 23.84236145 -14.89086342
v -22.63021278 22.22052765 -12.71377754
v -23.47381592 24.84100151 -11.64045525
v -21.92565346 23.37567139 -18.06048393
v -21.64502907 21.52332306 -16.14400864
v -21.36666679 19.74597168 -13.92955112
v -21.03315926 18.17136765 -11.55627632
v -22.44095230 20.89775467 -10.38274288
v -20.11309624 19.59388542 -17.47967720
v -19.59412193 17.55315971 -15.43925476
v -18.98155975 15.33049011 -13.08853245
v -20.11309624 19.59388542 -17.47967720
v -21.64502907 21.52332306 -16.14400864
v -21.92565346 23.37567139 -18.06048393
v -19.03662109 18.27603340 -18.48355484
v -19.03662109 18.27603340 -18.48355484
v -18.51050758 16.24057198 -16.76605797
v -18.20943832 17.47672462 -19.01045799
v -18.20943832 17.47672462 -19.01045799
v -17.94296265 15.46867561 -17.68006897
v -17.79534531 16.59148979 -19.76895905
v -17.72202301 14.71155739 -18.58561516
v -17.25134277 13.24413300 -17.57520485
v -17.21504974 13.88243294 -16.63345718
v -17.55530167 14.41739273 -15.45391846
v -17.21504974 13.88243294 -16.63345718
v -17.25134277 13.24413300 -17.57520485
v -16.33387375 12.04668808 -16.85184097
v -16.06965446 12.63992119 -16.11111450
v -17.21504974 13.88243294 -16.63345718
v -17.60413933 12.58367348 -18.75316429
v -17.01917648 11.44242477 -17.98997498
v -15.86759567 10.46470451 -17.45754051
v -14.93021202 11.15626144 -16.66471863
v -16.33387375 12.04668808 -16.85184097
v -14.93021202 11.15626144 -16.66471863
v -14.24409199 11.62266922 -16.33007812
v -16.06965446 12.63992119 -16.11111450
v -14.93021202 11.15626144 -16.66471863
v -15.86759567 10.46470451 -17.45754051
v -14.52455330 10.13748550 -17.54196548
v -13.84636974 11.09163666 -17.04418945
v -14.93021202 11.15626144 -16.66471863
v -13.84636974 11.09163666 -17.04418945
v -14.52455330 10.13748550 -17.54196548
v -13.56648445 10.46845055 -18.04966927
v -13.22090149 11.43297768 -17.55146599
v -12.90184307 11.97660446 -17.14588547
v -12.90184307 11.97660446 -17.14588547
v -11.97806644 12.07807732 -16.55448532
v -13.49075985 11.66039085 -16.77621269
v -13.22090149 11.43297768 -17.55146599
v -12.78619957 12.03076172 -18.08339119
v -12.19720268 12.57784271 -17.54192543
v -11.03313351 12.60251427 -17.10482979
v -8.93147850 12.68653679 -16.24592781
v -10.09107399 11.94852829 -15.50790596
v -11.70549202 13.24338722 -18.14868355
v -10.28028774 13.40921974 -17.76578522
v -7.87779903 13.66818619 -17.02869987
v -5.24248171 14.14499474 -15.73833370
v -6.31543636 12.76341438 -14.93380737
v -9.73988533 14.48192978 -18.52500153
v -7.13550520 15.02721786 -17.80124664
v -4.42442179 15.72959328 -16.60596657
v -1.97132730 16.52120781 -15.09912968
v -2.79367709 14.62762070 -14.25078297
v -6.73263645 16.49655151 -18.63555717
v -3.98910141 17.41387558 -17.51702118
v -1.55681551 18.47825432 -16.00672150
v -1.55681551 18.47825432 -16.00672150
v 0.61268073 19.39888954 -14.37861347
v 0.24939381 17.15098953 -13.54585171
v -1.97132730 16.52120781 -15.09912968
v -3.98910141 17.41387558 -17.51702118
v -3.84790468 19.24053001 -18.45560455
v -1.46389592 20.50944901 -16.98459435
v 0.63303506 21.65465164 -15.33197975
v 2.71763349 22.65658760 -13.77895832
v 2.68020272 20.17680740 -12.78494930
v -1.72234285 22.67116928 -17.84976196
v 0.38062572 24.04581261 -16.28702545
v 2.24057198 25.25204468 -14.63434601
v 3.88664651 26.30389023 -12.83971500
v 4.34224844 23.56212044 -11.96498680
v -0.15313917 26.55585861 -17.17119598
v 1.63530803 27.94592857 -15.47971249
v 3.38920307 29.09312439 -13.85228539
v 4.89719105 30.01698685 -12.02157688
v 5.51617289 27.09380913 -11.14497280
v 0.93759745 30.69885063 -16.38258934
v 2.58656955 31.94147491 -14.64679813
v 4.19103861 32.89993668 -12.82178593
v 5.77428102 33.64157867 -10.92272377
v 6.46309614 30.71792793 -10.25070095
v 1.73167312 34.80720901 -15.33591747
v 3.40678859 35.70812225 -13.40695953
v 5.06367254 36.35061264 -11.34528351
v 6.64704132 36.82329559 -9.23138809
v 7.36738968 34.04895020 -8.87588978
v 2.61840796 38.40792084 -13.73265266
v 4.28788614 39.07199097 -11.59276676
v 5.95659494 39.56388474 -9.46446133
v 8.37166214 37.07372284 -7.14255905
v 10.49895191 34.24355316 -4.63866520
v 9.06280994 34.25136566 -6.84409761
v 11.04026985 31.23905182 -4.28162241
v 9.54074287 31.26427841 -6.35606575
v 7.96482944 31.15066147 -8.29818630
v 9.85087681 28.18729782 -5.62138891
v 8.38426399 28.05175018 -7.47968531
v 6.94450045 27.71175957 -9.31496716
v 8.76047897 24.89902878 -6.58141422
v 7.41120815 24.63866425 -8.39844990
v 5.92683887 24.16594505 -10.20552826
v 7.59325552 21.57343674 -7.52934122
v 5.99777412 21.29661942 -9.27236462
v 4.48035049 20.84552765 -11.08285904
v 5.64824724 18.48761940 -8.35094166
v 4.00030136 18.21486855 -10.10157394
v 2.28600407 17.69853020 -11.87378216
v 2.28600407 17.69853020 -11.87378216
v 4.00030136 18.21486855 -10.10157394
v 3.21818662 15.71227455 -9.25530815
v 1.41477978 15.42505074 -11.00781536
v -0.57034767 15.03960991 -12.69836903
v 0.24939381 17.15098953 -13.54585171
v 0.29936802 13.30042267 -10.17432880
v -1.69324577 13.12368011 -11.86240196
v -3.87314606 12.90284920 -13.45296192
v -3.07836962 11.54280853 -10.92134380
v -5.20563269 11.50093269 -12.58997250
v -7.54391718 11.57566071 -14.19038105
v -6.61543036 10.30415916 -11.71608353
v -8.91056156 10.72696495 -13.31345844
v -8.13159561 9.48670769 -10.65531635
v -10.25678921 10.12651253 -12.12122154
v -9.64067650 9.05692863 -9.32055378
v -11.61996746 9.68389893 -10.50191212
v -10.25678921 10.12651253 -12.12122154
v -11.61996746 9.68389893 -10.50191212
v -13.66165924 10.58790398 -11.47298050
v -12.38880634 11.04560280 -13.60636806
v -13.66165924 10.58790398 -11.47298050
v -14.51919651 10.20346260 -8.94903278
v -16.21037292 11.41787148 -9.29926014
v -15.38380337 11.68384171 -12.30527020
v -12.38880634 11.04560280 -13.60636806
v -11.61996746 9.68389893 -10.50191212
v -12.71044731 9.34010506 -8.43338776
v -13.31831360 8.98426437 -5.91831493
v -14.96042728 9.80044365 -6.12230492
v -9.64067650 9.05692863 -9.32055378
v -16.53925896 11.03857803 -6.23650742
v -17.97974968 12.64983177 -6.25080013
v -19.49581909 14.44752121 -6.15503931
v -21.01955414 16.62453079 -5.81270790
v -21.00045395 17.28452492 -8.66992569
v -21.00045395 17.28452492 -8.66992569
v -21.01955414 16.62453079 -5.81270790
v -22.24062347 19.04726601 -5.26783848
v -22.31256676 19.85482788 -7.87917423
v -21.03315926 18.17136765 -11.55627632
v -23.21114731 21.52038193 -4.60435486
v -23.23005295 22.42979813 -7.06079054
v -23.31819725 23.51353455 -9.40100384
v -23.98468590 24.95753098 -6.18864393
v -24.04185486 26.08928108 -8.42651367
v -24.21277809 27.38985825 -10.65316296
v -24.51924133 28.54853821 -7.45056868
v -24.76375389 29.87778473 -9.71478844
v -24.60621452 31.49719048 -12.07555008
v -24.97965240 32.25537109 -8.70985699
v -24.80303955 34.17639923 -11.16465950
v -25.08013725 34.34206390 -7.56050539
v -24.83451653 36.24754715 -9.57564449
v -24.80884361 37.98949814 -7.70712852
v -25.15650940 32.88218689 -5.51756811
v -25.01313400 30.81519318 -6.48894453
v -24.90126991 29.68206406 -4.32436037
v -25.09402657 31.84316635 -3.47114491
v -24.36600876 27.41548729 -5.24146652
v -24.41149902 26.37839127 -3.02139688
v -24.82638931 28.73189163 -2.18219805
v -23.98530960 23.95934677 -3.85852671
v -23.83828926 23.08507919 -1.39684272
v -24.30908585 25.49199486 -0.73722261
v -24.24471474 24.76734161 1.59304690
v -24.47977829 27.36056709 2.12619710
v -24.63793755 27.98103714 -0.04409412
v -24.93640327 30.47823143 0.58616072
v -25.04381561 31.06806755 -1.43381310
v -25.14302444 33.38679886 -0.85824984
v -7.78780937 8.61569405 -7.87463284
v -9.40526962 8.34999466 -6.62414312
v -11.00275612 8.78344536 -7.69077253
v -6.14606524 9.18746185 -8.98646069
v -4.35839939 8.98635101 -7.14624786
v -4.57296944 10.20484161 -9.97896099
v -2.69427514 10.09826279 -8.19421291
v -1.11689508 11.52073288 -9.22288990
v 5.64824724 18.48761940 -8.35094166
v 7.06641006 18.66940308 -6.44174290
v 1.66090143 40.94034195 -13.72649193
v 0.95673275 37.56129837 -15.83499146
v 0.16374229 40.11481476 -16.07331848
v -0.78916293 36.50152206 -17.85488510
v -1.56134450 39.01318741 -18.12301445
v 0.03488344 33.60770035 -17.18074989
v -1.60425591 31.99098778 -19.14177704
v -0.79619831 29.13597488 -18.10063553
v -2.81936288 27.14273834 -19.73209190
v -3.67157793 29.65416336 -20.72475624
v -4.99655390 25.00544739 -21.06949425
v -5.75144148 27.06131554 -22.02989388
v -6.90982819 28.95308113 -23.03313637
v -7.82792425 24.69305038 -22.99940681
v -8.72457981 26.37951660 -23.85202599
v -9.95321369 27.75552559 -24.68699265
v -8.53523445 30.10857391 -24.26970100
v -11.08966732 28.72091675 -25.93095207
v -10.27390671 30.81524658 -25.70388412
v -9.67306995 33.26800919 -25.54811287
v -11.66821575 31.10931778 -27.61676788
v -11.48500729 33.32012177 -27.48936462
v -11.46487427 35.46458817 -27.20249176
v -9.60258675 35.56572723 -25.22492599
v -11.54293060 37.41830826 -26.89155960
v -9.88909817 37.54209900 -24.99398613
v -11.79846191 39.02572632 -26.52447319
v -13.10578537 37.55946732 -28.93341255
v -13.06281185 39.18450165 -28.45221329
v -13.21560001 40.38990784 -27.88877678
v -12.27508736 40.26419830 -26.09518814
v -11.79846191 39.02572632 -26.52447319
v -10.38212013 39.23264694 -24.82700348
v -14.46091366 39.58035660 -30.61398125
v -14.43928719 40.77989960 -29.90667915
v -13.21560001 40.38990784 -27.88877678
v -14.43928719 40.77989960 -29.90667915
v -14.67203617 41.76414871 -29.17583466
v -13.66651440 41.29406357 -27.18261528
v -15.29013062 42.39645767 -28.39920425
v -14.44126320 41.87867355 -26.41385269
v -16.21039391 42.75667953 -27.64007187
v -15.50176716 42.26093292 -25.70232010
v -15.50176716 42.26093292 -25.70232010
v -16.21039391 42.75667953 -27.64007187
v -17.46965790 42.89705658 -26.96688843
v -16.90457344 42.35091400 -25.10157585
v -16.90457344 42.35091400 -25.10157585
v -16.59954453 42.23521805 -24.02262878
v -18.94391823 42.79367828 -26.53060150
v -18.50977516 42.26256561 -24.64904976
v -18.18666077 42.15427017 -23.61635590
v -16.59954453 42.23521805 -24.02262878
v -20.21456337 42.54138184 -26.37955284
v -19.88186836 42.04657364 -24.35776520
v -19.53927803 41.84600067 -23.25389481
v -21.25082970 42.15431213 -26.53525925
v -21.04273605 41.67253494 -24.23777390
v -20.60981178 41.34704971 -22.86094093
v -22.08008385 41.52347183 -26.82374954
v -21.95379066 40.98058701 -24.37882233
v -21.49556160 40.64840317 -22.67318535
v -21.95379066 40.98058701 -24.37882233
v -22.08008385 41.52347183 -26.82374954
v -22.59289360 40.60614395 -27.24417686
v -22.57971954 40.00802612 -24.69827843
v -22.57971954 40.00802612 -24.69827843
v -22.24586868 39.68772507 -22.58373451
v -22.86557961 39.56410217 -27.74527931
v -22.91393471 38.87459183 -25.09169197
v -23.00370026 38.01043320 -28.40595436
v -23.08861542 37.36876297 -25.56050873
v -23.05220985 35.89853668 -29.01724815
v -23.18372345 35.35298920 -26.00484467
v -23.03996849 33.74371338 -29.24605560
v -23.20236015 33.30664062 -26.22059822
v -22.98895454 31.66368484 -29.22739029
v -23.14935493 31.28207970 -26.25217628
v -23.00739479 30.92627335 -23.36562920
v -22.95545387 29.77039528 -26.18455505
v -22.68621254 29.33938789 -23.49851227
v -22.33666039 28.50745010 -21.17875671
v -22.11649132 27.94484901 -23.78589630
v -21.60464478 26.97525406 -21.73089600
v -21.84506798 25.32765961 -19.82989311
v -21.84506798 25.32765961 -19.82989311
v -21.60464478 26.97525406 -21.73089600
v -20.80004120 25.73360443 -22.37260628
v -20.80004120 25.73360443 -22.37260628
v -21.60464478 26.97525406 -21.73089600
v -22.11649132 27.94484901 -23.78589630
v -21.17332077 26.96795654 -24.17241669
v -21.17332077 26.96795654 -24.17241669
v -20.07554626 26.32563400 -24.55232048
v -19.58116913 24.64274216 -22.87514114
v -19.00612068 25.97620010 -24.87689781
v -18.60948563 24.33572197 -23.42510033
v -17.90852356 25.80142593 -25.25197029
v -17.54806519 24.26926804 -23.96561241
v -17.14528084 22.65597153 -22.79300308
v -16.75923347 21.58187103 -21.95259094
v -16.48348808 24.40927505 -24.51983452
v -16.16702652 22.90718842 -23.48289680
v -15.91846848 21.80264282 -22.53267670
v -15.88559437 20.85577774 -21.98859406
v -16.59362602 20.62379074 -21.66585732
v -15.15742111 23.24419785 -24.08117676
v -14.99730396 21.92359543 -22.96729279
v -15.14251137 20.85931396 -22.26451874
v -15.14251137 20.85931396 -22.26451874
v -15.71551704 20.19874191 -22.97703362
v -16.36307335 20.21761322 -22.79874229
v -15.88559437 20.85577774 -21.98859406
v -15.14251137 20.85931396 -22.26451874
v -14.48350906 20.62863922 -22.40552521
v -15.15142059 19.99398804 -23.06211090
v -15.71551704 20.19874191 -22.97703362
v -15.15142059 19.99398804 -23.06211090
v -14.48350906 20.62863922 -22.40552521
v -14.20119762 20.28195572 -22.39512825
v -14.75409412 19.68684578 -23.05077171
v -14.75409412 19.68684578 -23.05077171
v -15.11801052 19.11665535 -24.40011406
v -15.61080265 19.54841805 -24.38416100
v -16.27670670 19.75890160 -24.30409050
v -16.01612091 18.52157593 -26.13040543
v -16.89546013 18.71011353 -26.03870201
v -16.27670670 19.75890160 -24.30409050
v -16.89546013 18.71011353 -26.03870201
v -17.73558426 18.44330597 -25.74370384
v -17.01284981 19.66065788 -24.09396744
v -18.24320793 17.73659897 -25.41105652
v -17.65525627 19.20390129 -23.78839874
v -17.02297592 19.99999809 -22.53818321
v -16.59362602 20.62379074 -21.66585732
v -17.02297592 19.99999809 -22.53818321
v -17.65525627 19.20390129 -23.78839874
v -17.95300484 18.31250191 -23.40538597
v -17.55844307 19.45091438 -22.23171425
v -17.55844307 19.45091438 -22.23171425
v -17.13590431 20.20414352 -21.39116287
v -17.13590431 20.20414352 -21.39116287
v -17.13590431 20.20414352 -21.39116287
v -17.75400162 18.73450089 -21.92879105
v -17.53755951 19.58247375 -21.11406136
v -17.53755951 19.58247375 -21.11406136
v -17.82757759 17.37866020 -21.44392014
v -17.77223206 18.36526299 -20.60213089
v -18.16436958 19.28277397 -20.02545929
v -17.90451431 20.52321815 -20.73232651
v -17.88165665 15.60603142 -20.61809158
v -18.32813644 16.09645081 -22.46431732
v -18.35299110 14.35408211 -21.76563644
v -18.35226440 12.98647308 -21.03467560
v -17.84933853 13.89127731 -19.57819748
v -17.94848251 11.95276642 -20.47525024
v -17.60413933 12.58367348 -18.75316429
v -17.94848251 11.95276642 -20.47525024
v -18.35226440 12.98647308 -21.03467560
v -19.00211143 11.89098167 -22.85561752
v -18.66859245 10.91266632 -22.24651146
v -18.07979965 10.16893005 -21.75842667
v -17.73416710 10.84640503 -19.68301964
v -17.72770882 9.05528069 -21.00719643
v -16.84977150 9.72002220 -18.93946648
v -16.84977150 9.72002220 -18.93946648
v -17.72770882 9.05528069 -21.00719643
v -16.32967758 8.01160622 -20.46473694
v -15.39494610 9.01404381 -18.66380501
v -14.52455330 10.13748550 -17.54196548
v -15.86759567 10.46470451 -17.45754051
v -15.39494610 9.01404381 -18.66380501
v -16.32967758 8.01160622 -20.46473694
v -14.64127350 8.01939011 -20.62417412
v -14.02507114 9.25675011 -19.01505852
v -13.53651905 8.91486359 -21.21726418
v -13.22334862 10.08943939 -19.63256264
v -14.02507114 9.25675011 -19.01505852
v -13.22334862 10.08943939 -19.63256264
v -13.02581787 11.15727425 -18.69305992
v -13.56648445 10.46845055 -18.04966927
v -12.78619957 12.03076172 -18.08339119
v -13.22090149 11.43297768 -17.55146599
v -12.95708847 11.07932854 -20.34869194
v -12.78481674 11.99754143 -19.35842323
v -12.46001339 12.79912758 -18.62088776
v -12.46001339 12.79912758 -18.62088776
v -12.77744198 12.89962769 -20.07083702
v -12.28963852 13.62034225 -19.31111145
v -12.28963852 13.62034225 -19.31111145
v -11.32930946 14.08504486 -18.92053223
v -12.32175636 14.65689468 -20.05624390
v -11.17739964 15.14382553 -19.74683952
v -9.42856693 15.69618034 -19.36902618
v -11.27887821 16.30403328 -20.56256866
v -9.36050034 16.90789032 -20.35776138
v -6.63782167 17.99968910 -19.54762840
v -3.84790468 19.24053001 -18.45560455
v -9.47483540 18.23403740 -21.27335930
v -6.68654823 19.56529236 -20.47477531
v -3.97590184 21.10581970 -19.41244125
v -3.97590184 21.10581970 -19.41244125
v -6.68654823 19.56529236 -20.47477531
v -6.84634399 21.15143204 -21.38304520
v -4.43396521 23.01744080 -20.17930603
v -2.21324158 24.86960411 -18.74176788
v -7.18138552 22.90258408 -22.18641853
v -9.57908344 19.64657402 -22.09427834
v -9.74348164 21.14152145 -22.67834282
v -9.79479694 22.79855728 -23.55279350
v -9.79479694 22.79855728 -23.55279350
v -9.74348164 21.14152145 -22.67834282
v -11.98906422 19.99891663 -22.61225510
v -9.79479694 22.79855728 -23.55279350
v -12.20165348 21.38887215 -23.14984512
v -12.11809731 23.11920166 -24.18262863
v -10.37285519 24.48094940 -24.33826065
v -10.37285519 24.48094940 -24.33826065
v -12.11809731 23.11920166 -24.18262863
v -12.56667805 24.66750717 -25.07565117
v -11.25628757 25.98709869 -25.04376984
v -13.16969681 25.99438095 -25.83211708
v -12.07720566 27.13745117 -25.97011185
v -12.07720566 27.13745117 -25.97011185
v -13.16969681 25.99438095 -25.83211708
v -13.72108269 26.86256027 -27.04850006
v -12.74618053 27.87301254 -27.36938477
v -12.01955986 29.32682037 -27.57953835
v -11.08966732 28.72091675 -25.93095207
v -13.67402172 28.30811310 -29.03962898
v -13.32500648 29.59477997 -29.36378479
v -12.01955986 29.32682037 -27.57953835
v -13.32500648 29.59477997 -29.36378479
v -13.25821877 31.23984909 -29.53316307
v -14.57774353 29.61236572 -31.37371635
v -14.69720078 31.31256485 -31.68537140
v -14.80072689 33.40362930 -31.82206535
v -13.25257683 33.37819672 -29.52173996
v -14.79744911 35.57741547 -31.73681259
v -13.20170307 35.51082993 -29.33386040
v -14.64127731 37.77094269 -31.30676842
v -16.31332970 35.46502304 -34.14110565
v -16.26974106 37.92784119 -33.77323151
v -15.92905998 40.17787552 -33.01509094
v -17.87607002 37.87304688 -36.20038605
v -17.56290817 40.65231323 -35.39782715
v -17.13263702 42.48097229 -34.56182098
v -15.71447372 41.52612305 -32.24364471
v -16.79757118 43.55006027 -33.95262909
v -15.77540779 42.47795105 -31.51991844
v -14.67203617 41.76414871 -29.17583466
v -15.77540779 42.47795105 -31.51991844
v -16.79757118 43.55006027 -33.95262909
v -16.92601776 44.42175674 -33.23092651
v -16.26472664 43.19829559 -30.79830551
v -15.77540779 42.47795105 -31.51991844
v -16.26472664 43.19829559 -30.79830551
v -16.26472664 43.19829559 -30.79830551
v -16.92601776 44.42175674 -33.23092651
v -17.80354691 44.86451721 -32.60266113
v -17.18095207 43.51878357 -30.19779778
v -17.18095207 43.51878357 -30.19779778
v -18.95396614 44.96534348 -32.15619659
v -18.29257202 43.62116241 -29.69238663
v -17.18095207 43.51878357 -30.19779778
v -18.29257202 43.62116241 -29.69238663
v -18.95396614 44.96534348 -32.15619659
v -20.18244171 44.90484238 -31.84336472
v -19.54683876 43.59242630 -29.33374786
v -21.33418274 44.75986481 -31.63190651
v -20.64995766 43.42240906 -29.18554688
v -22.29792213 44.32667542 -31.67899132
v -21.62428856 43.09517288 -29.18733978
v -21.62428856 43.09517288 -29.18733978
v -22.29792213 44.32667542 -31.67899132
v -22.79738235 43.51265717 -32.11934662
v -22.31717491 42.39355087 -29.48043823
v -22.31717491 42.39355087 -29.48043823
v -22.31717491 42.39355087 -29.48043823
v -22.79738235 43.51265717 -32.11934662
v -22.86693192 42.64844513 -32.68705750
v -22.70546722 41.49226379 -29.98280525
v -22.83285904 41.42019272 -33.39096069
v -22.89397621 40.46922684 -30.58917999
v -22.89270592 39.32936096 -34.38459015
v -22.95430183 38.70668030 -31.40313530
v -22.82726288 36.54633713 -35.01544952
v -22.96867752 36.33815384 -32.05897522
v -23.02809143 33.96017075 -35.16330719
v -23.02693558 34.01615906 -32.25698853
v -23.16880417 32.06999207 -34.94003296
v -23.03265190 31.94746208 -32.13745880
v -22.88728714 30.30008125 -34.54668427
v -22.80378151 30.04034424 -31.76444435
v -22.86402512 29.95864105 -28.98946571
v -22.56675720 28.49264336 -31.29421043
v -22.51069260 28.67821693 -28.73084259
v -22.45002556 28.54553986 -26.15292549
v -22.45002556 28.54553986 -26.15292549
v -22.51069260 28.67821693 -28.73084259
v -21.87470627 27.65214729 -28.51092720
v -21.62617111 27.56364822 -26.21589661
v -20.98576164 26.94672203 -28.41224289
v -20.58632851 26.91804123 -26.36652756
v -20.07554626 26.32563400 -24.55232048
v -19.97379303 26.51733971 -28.46572495
v -19.50231552 26.53871536 -26.59202003
v -19.00612068 25.97620010 -24.87689781
v -18.87767792 26.26796341 -28.65925217
v -18.40306854 26.35559273 -26.87961960
v -17.90852356 25.80142593 -25.25197029
v -18.40306854 26.35559273 -26.87961960
v -18.87767792 26.26796341 -28.65925217
v -17.75551987 26.21861458 -28.99043465
v -17.28160858 26.32621765 -27.26867104
v -17.28160858 26.32621765 -27.26867104
v -16.82137489 25.78515244 -25.70501328
v -16.82137489 25.78515244 -25.70501328
v -16.82137489 25.78515244 -25.70501328
v -17.28160858 26.32621765 -27.26867104
v -16.24439049 26.42660141 -27.70162582
v -15.76989746 25.92465401 -26.16736031
v -15.76989746 25.92465401 -26.16736031
v -15.42147446 24.73085403 -25.02886391
v -14.75137997 26.24479675 -26.64354515
v -14.31703472 25.22753143 -25.47943687
v -13.97710609 23.79100418 -24.64446259
v -13.16969681 25.99438095 -25.83211708
v -12.56667805 24.66750717 -25.07565117
v -14.31703472 25.22753143 -25.47943687
v -14.75137997 26.24479675 -26.64354515
v -15.25617790 26.72843552 -28.15384293
v -14.36617374 27.33134842 -28.61244202
v -15.81620979 26.69683075 -29.90893936
v -15.07620525 27.35127640 -30.45504570
v -14.64572525 28.36280632 -30.97753906
v -15.83489895 26.98291779 -32.41015625
v -15.66676712 28.05135345 -33.01123047
v -14.64572525 28.36280632 -30.97753906
v -15.66676712 28.05135345 -33.01123047
v -15.78368282 29.39846802 -33.54168701
v -13.67402172 28.30811310 -29.03962898
v -16.79576874 27.45452690 -35.03622437
v -17.18897247 29.22493362 -35.65119171
v -17.37409019 31.29627228 -36.30128479
v -16.02761650 31.30200768 -34.03431702
v -17.56029701 33.06943893 -36.57292175
v -16.21166229 33.31523514 -34.23919678
v -17.88176918 35.16218948 -36.54412842
v -18.45946884 32.67757416 -39.04360199
v -18.98276138 34.63509369 -39.08335876
v -18.95400810 37.62199020 -38.85983276
v -18.95400810 37.62199020 -38.85983276
v -18.98276138 34.63509369 -39.08335876
v -19.56788826 33.96213531 -41.75476837
v -19.44924355 37.34835052 -41.56068420
v -18.98124886 40.97491837 -40.77525330
v -18.53291130 40.83565521 -38.02706146
v -18.53291130 40.83565521 -38.02706146
v -18.59741592 43.79855347 -39.65380859
v -18.10945702 43.22898865 -36.99826813
v -18.10945702 43.22898865 -36.99826813
v -18.66963768 45.34195328 -38.82192230
v -17.80581474 44.57469177 -36.32276154
v -17.80581474 44.57469177 -36.32276154
v -18.66963768 45.34195328 -38.82192230
v -18.22411346 46.39330673 -38.32703400
v -17.56207085 45.58606720 -35.76644897
v -16.92601776 44.42175674 -33.23092651
v -17.56207085 45.58606720 -35.76644897
v -18.22411346 46.39330673 -38.32703400
v -18.68713570 47.41033173 -37.64591980
v -18.31249619 46.24172211 -35.09599304
v -20.02598190 47.62199402 -37.08013153
v -19.53955078 46.35414886 -34.61942291
v -19.53955078 46.35414886 -34.61942291
v -20.02598190 47.62199402 -37.08013153
v -21.50864601 47.59053421 -36.63027954
v -20.85923576 46.31592178 -34.25051880
v -22.90748787 47.30897903 -36.38332367
v -22.11236954 46.11088181 -34.03307343
v -23.77898788 46.34778214 -36.67790222
v -23.08135605 45.44329453 -34.17029572
v -23.08135605 45.44329453 -34.17029572
v -23.77898788 46.34778214 -36.67790222
v -23.41406631 45.48947906 -37.19372559
v -23.25296211 44.51497650 -34.67939758
v -22.29792213 44.32667542 -31.67899132
v -23.78924179 44.61839294 -37.60687256
v -23.12354851 43.64514923 -35.22030640
v -23.12354851 43.64514923 -35.22030640
v -23.78924179 44.61839294 -37.60687256
v -24.22307205 43.16270447 -38.33320618
v -23.32901955 42.33567810 -36.01084900
v -23.32901955 42.33567810 -36.01084900
v -24.38309860 40.36336136 -39.54081726
v -23.48950005 39.85529327 -37.12599182
v -23.48950005 39.85529327 -37.12599182
v -24.29456139 36.58095169 -40.41220856
v -23.38031960 36.50750732 -37.86127472
v -23.38031960 36.50750732 -37.86127472
v -24.29456139 36.58095169 -40.41220856
v -24.11064529 33.28056717 -40.49057007
v -23.49650955 33.52489471 -37.85173798
v -24.30227089 31.48634338 -40.10880280
v -23.76954460 31.86181450 -37.53411865
v -24.06887054 30.34194946 -39.78017426
v -23.31241417 30.56641388 -37.27148438
v -23.64229584 28.44352531 -39.11679077
v -23.07440567 28.43917656 -36.51943207
v -22.60561752 28.33817863 -33.85382080
v -22.86988640 26.28626633 -35.58575439
v -22.41936111 26.79949188 -33.22260284
v -22.13064575 27.33827591 -30.85146523
v -21.87470627 27.65214729 -28.51092720
v -22.13064575 27.33827591 -30.85146523
v -22.41936111 26.79949188 -33.22260284
v -21.91070366 25.79369354 -32.72814941
v -21.36489105 26.53770065 -30.57983971
v -20.96120453 25.14709854 -32.51552582
v -20.40312004 26.04515839 -30.50418091
v -19.86597824 24.87933731 -32.60203552
v -19.34892845 25.77949524 -30.60123444
v -19.34892845 25.77949524 -30.60123444
v -19.86597824 24.87933731 -32.60203552
v -18.77364922 24.83661652 -32.87224579
v -18.25400352 25.71795082 -30.88134384
v -17.77581787 24.99787331 -33.28648376
v -17.27574730 25.87661743 -31.29929352
v -16.72541809 26.34518433 -29.41115952
v -16.24439049 26.42660141 -27.70162582
v -16.43676949 26.27357101 -31.81394958
v -15.81620979 26.69683075 -29.90893936
v -15.25617790 26.72843552 -28.15384293
v -16.98708344 25.44899750 -33.83241272
v -16.43676949 26.27357101 -31.81394958
v -16.98708344 25.44899750 -33.83241272
v -16.66893196 26.31270027 -34.46740723
v -16.66893196 26.31270027 -34.46740723
v -16.98708344 25.44899750 -33.83241272
v -17.53071594 24.38725662 -36.00077820
v -17.40899658 25.50131226 -36.62271881
v -16.66893196 26.31270027 -34.46740723
v -17.40899658 25.50131226 -36.62271881
v -17.77451324 27.08923721 -37.24811554
v -15.83489895 26.98291779 -32.41015625
v -17.92753029 24.90146255 -38.93984985
v -18.42941284 27.03845978 -39.64910889
v -19.02441978 29.27406120 -40.48238373
v -18.21984673 29.25102997 -38.00838470
v -18.21984673 29.25102997 -38.00838470
v -19.02441978 29.27406120 -40.48238373
v -19.07888603 30.65889740 -41.05615997
v -18.47856903 31.11878014 -38.61649323
v -18.47856903 31.11878014 -38.61649323
v -19.02982521 31.90355873 -41.53154755
v -18.45946884 32.67757416 -39.04360199
v -19.45828247 29.87576675 -43.42241669
v -19.74193001 31.12710953 -43.86266327
v -19.02982521 31.90355873 -41.53154755
v -19.74193001 31.12710953 -43.86266327
v -20.19226837 33.58954239 -44.26247406
v -19.56788826 33.96213531 -41.75476837
v -20.59400749 30.51832771 -45.95392609
v -20.94930458 33.51543808 -46.29959106
v -20.93342590 37.61505890 -46.30413818
v -20.19165993 37.39666367 -44.31830597
v -20.19226837 33.58954239 -44.26247406
v -20.19165993 37.39666367 -44.31830597
v -20.76840401 41.30987167 -45.25892639
v -19.80475426 41.14663315 -43.31916809
v -18.98124886 40.97491837 -40.77525330
v -19.44924355 37.34835052 -41.56068420
v -20.27306366 44.50951385 -44.03174591
v -19.36249542 44.24827576 -42.10774231
v -18.59741592 43.79855347 -39.65380859
v -20.11971474 46.61147308 -43.32543182
v -19.25686264 46.10297394 -41.29145813
v -19.36249542 44.24827576 -42.10774231
v -19.25686264 46.10297394 -41.29145813
v -19.87076950 47.80336380 -42.96081543
v -19.05493355 47.15603638 -40.80728912
v -19.79439354 49.02259064 -42.44893646
v -19.17450523 48.30790329 -40.15267181
v -19.05493355 47.15603638 -40.80728912
v -19.17450523 48.30790329 -40.15267181
v -18.68713570 47.41033173 -37.64591980
v -18.22411346 46.39330673 -38.32703400
v -19.17450523 48.30790329 -40.15267181
v -19.79439354 49.02259064 -42.44893646
v -20.96038628 49.51876068 -41.71778870
v -20.47317505 48.68357086 -39.49063873
v -20.47317505 48.68357086 -39.49063873
v -20.96038628 49.51876068 -41.71778870
v -22.42810822 49.58255005 -41.21162415
v -22.03638840 48.70205307 -39.00610352
v -23.85190392 49.38296509 -41.06368256
v -23.52573967 48.45175934 -38.78105164
v -24.67215347 48.38812256 -41.37166595
v -24.31101418 47.38367081 -39.13549042
v -24.31101418 47.38367081 -39.13549042
v -24.67215347 48.38812256 -41.37166595
v -24.32487679 47.41140366 -41.78630829
v -23.85704041 46.42440796 -39.73432922
v -24.73036003 46.25504684 -42.15935516
v -24.54183006 45.51308060 -40.04225922
v -23.85704041 46.42440796 -39.73432922
v -24.54183006 45.51308060 -40.04225922
v -23.78924179 44.61839294 -37.60687256
v -23.41406631 45.48947906 -37.19372559
v -25.01610756 44.20089722 -42.89055634
v -24.84123230 43.77626419 -40.80445099
v -24.22307205 43.16270447 -38.33320618
v -25.08891869 41.01176834 -44.21006775
v -24.94313049 40.69684601 -42.13902283
v -24.38309860 40.36336136 -39.54081726
v -25.10571861 37.28332520 -45.20780182
v -24.90122223 36.92417526 -43.07844543
v -24.98627663 33.35696793 -45.28591919
v -24.60185814 33.24078369 -43.06256104
v -24.97961617 30.45671844 -44.94703674
v -24.75717735 30.89326096 -42.62981415
v -25.20463753 29.04714966 -44.54540253
v -24.79210472 29.67344284 -42.21602631
v -24.61061096 27.74759865 -43.99677277
v -24.15771103 28.24776077 -41.68773651
v -24.66968918 25.38594055 -42.76017761
v -24.32158661 25.69092178 -40.41780090
v -23.64725685 25.91400146 -37.93865204
v -24.11862564 23.44914627 -39.51865387
v -23.34485435 24.09994125 -37.16255188
v -23.64725685 25.91400146 -37.93865204
v -23.34485435 24.09994125 -37.16255188
v -22.51592064 24.89897728 -34.92554474
v -22.86988640 26.28626633 -35.58575439
v -22.51592064 24.89897728 -34.92554474
v -21.91070366 25.79369354 -32.72814941
v -22.47510719 22.83899879 -36.80640411
v -21.67838860 23.92375946 -34.55892944
v -22.51592064 24.89897728 -34.92554474
v -21.67838860 23.92375946 -34.55892944
v -22.47510719 22.83899879 -36.80640411
v -21.24160194 22.15778732 -36.79425049
v -20.49280930 23.48280716 -34.57746124
v -20.49280930 23.48280716 -34.57746124
v -21.24160194 22.15778732 -36.79425049
v -19.94624710 22.03251648 -37.10211182
v -19.28842735 23.42563438 -34.86419678
v -18.81388855 22.42178345 -37.63711548
v -18.24134827 23.68539047 -35.35939026
v -18.24134827 23.68539047 -35.35939026
v -18.81388855 22.42178345 -37.63711548
v -18.07764244 23.41545868 -38.30503082
v -17.53071594 24.38725662 -36.00077820
v -18.07764244 23.41545868 -38.30503082
v -18.81388855 22.42178345 -37.63711548
v -19.51173019 21.55448914 -40.00431824
v -18.69353294 22.67748260 -40.64746857
v -18.69353294 22.67748260 -40.64746857
v -18.48714066 24.49785042 -41.31183624
v -17.92753029 24.90146255 -38.93984985
v -19.43878555 22.15498161 -42.77383423
v -19.15973663 24.04072571 -43.39154053
v -18.48714066 24.49785042 -41.31183624
v -19.15973663 24.04072571 -43.39154053
v -19.95244026 26.42211723 -44.24164581
v -19.16562080 26.90319061 -42.08522034
v -20.33089638 28.24883842 -45.14202118
v -19.78462982 28.85268402 -42.85163879
v -19.78462982 28.85268402 -42.85163879
v -20.33089638 28.24883842 -45.14202118
v -20.13730621 29.24812698 -45.69924164
v -20.81009865 27.62556648 -46.65776062
v -20.67743301 28.78489304 -47.27803802
v -20.13730621 29.24812698 -45.69924164
v -20.67743301 28.78489304 -47.27803802
v -21.20585632 30.29751396 -47.33026123
v -19.45828247 29.87576675 -43.42241669
v -21.61331558 30.27678871 -48.15583801
v -21.75671005 33.56130600 -48.33796692
v -21.42557716 33.52598572 -47.50333405
v -21.15413666 28.47309875 -48.31838226
v -21.80549431 28.26065826 -49.12242889
v -22.09389114 30.33203125 -48.80529022
v -20.81009865 27.62556648 -46.65776062
v -21.21540642 27.08703995 -47.63318634
v -21.71975136 26.51446152 -48.31905365
v -22.41755295 26.08905411 -48.58677673
v -22.62003708 28.07916641 -49.53746796
v -21.71975136 26.51446152 -48.31905365
v -21.45213318 24.44552040 -47.04411316
v -22.12779999 24.10679626 -47.27781677
v -22.41755295 26.08905411 -48.58677673
v -22.12779999 24.10679626 -47.27781677
v -22.94888306 23.96004105 -47.25514221
v -23.26709557 25.90437698 -48.53157806
v -22.41755295 26.08905411 -48.58677673
v -22.12779999 24.10679626 -47.27781677
v -21.58250999 21.82644653 -46.05997467
v -21.58250999 21.82644653 -46.05997467
v -22.54369354 21.50908852 -46.00424194
v -23.47723007 21.56519318 -45.60632324
v -23.72443390 23.95661926 -46.94676208
v -22.54369354 21.50908852 -46.00424194
v -21.58250999 21.82644653 -46.05997467
v -20.98911858 21.03123283 -44.25206757
v -21.97853851 20.53457260 -44.01843262
v -21.97853851 20.53457260 -44.01843262
v -23.01834297 20.64760208 -43.66986084
v -23.01834297 20.64760208 -43.66986084
v -22.60000229 20.60983276 -41.49725342
v -23.72023392 21.45388412 -41.45378876
v -23.92308807 21.32526588 -43.31002045
v -24.21551132 21.96800613 -44.90277863
v -23.47723007 21.56519318 -45.60632324
v -21.97853851 20.53457260 -44.01843262
v -21.35782814 20.47054863 -41.78621674
v -21.35782814 20.47054863 -41.78621674
v -20.67333221 21.00879288 -39.45158386
v -22.00797272 21.17047691 -39.14692688
v -22.60000229 20.60983276 -41.49725342
v -21.35782814 20.47054863 -41.78621674
v -20.25425148 21.01165771 -42.23635101
v -20.25425148 21.01165771 -42.23635101
v -19.51173019 21.55448914 -40.00431824
v -20.19958305 21.95595551 -44.40711975
v -19.43878555 22.15498161 -42.77383423
v -22.00797272 21.17047691 -39.14692688
v -23.23917961 21.98414230 -39.16645050
v -23.23917961 21.98414230 -39.16645050
v -24.11862564 23.44914627 -39.51865387
v -24.11862564 23.44914627 -39.51865387
v -24.56669998 23.02069092 -41.74425507
v -24.56669998 23.02069092 -41.74425507
v -24.64049530 22.71160126 -43.34117126
v -20.76705933 22.46574020 -45.80851746
v -24.39552498 24.17345238 -46.34335327
v -24.73329735 26.28938675 -47.67074585
v -24.09054947 25.96044540 -48.19367218
v -24.21551132 21.96800613 -44.90277863
v -25.15737343 28.03739548 -48.47824860
v -24.46637344 27.94588470 -49.23802185
v -23.55187035 27.98960304 -49.56089783
v -24.30276108 30.28064919 -48.91394043
v -23.56776619 30.27565575 -49.18522644
v -23.55187035 27.98960304 -49.56089783
v -23.56776619 30.27565575 -49.18522644
v -22.78070831 30.30475426 -49.16867828
v -22.62003708 28.07916641 -49.53746796
v -22.78070831 30.30475426 -49.16867828
v -23.75442696 33.61600494 -49.73102570
v -22.87325478 33.60789871 -49.70867920
v -22.87325478 33.60789871 -49.70867920
v -22.15167999 33.60768890 -49.14365387
v -23.02822495 38.01582336 -49.70937347
v -22.28848267 37.99408340 -49.23554993
v -21.78635788 37.89513397 -48.51390076
v -22.25049210 42.01609039 -48.12390900
v -21.92321014 41.77959442 -47.32151031
v -21.49015427 41.53327942 -46.49240875
v -21.42220688 37.77155304 -47.63150787
v -21.43446732 44.78314972 -45.94116974
v -20.96665001 44.63482666 -45.21656036
v -21.28421974 47.03052139 -45.45330048
v -20.83151436 46.90273285 -44.66240692
v -21.19594002 48.49786377 -45.45716858
v -20.57860756 48.27748108 -44.48585510
v -21.24342728 49.64269257 -45.28227997
v -20.54908752 49.43601608 -44.17209625
v -20.54908752 49.43601608 -44.17209625
v -21.24342728 49.64269257 -45.28227997
v -21.47158813 50.02353668 -43.42720795
v -20.96038628 49.51876068 -41.71778870
v -19.79439354 49.02259064 -42.44893646
v -21.47158813 50.02353668 -43.42720795
v -21.94767380 50.28291321 -44.64913177
v -22.71433449 50.11306763 -42.94378662
v -23.96981239 49.95379639 -42.89261627
v -24.62551498 49.43633270 -44.40116882
v -24.74479103 49.06036758 -43.12467194
v -24.74479103 49.06036758 -43.12467194
v -24.62551498 49.43633270 -44.40116882
v -24.63106537 48.31351089 -44.51352692
v -24.59200096 47.98714066 -43.33839417
v -24.71853256 46.83057785 -44.55095673
v -24.74656105 46.63670349 -43.57463074
v -24.84987640 44.60208511 -45.04466248
v -24.94694138 44.42505646 -44.18799591
v -24.93276978 41.58337784 -46.54116821
v -25.01649475 41.32975388 -45.63064575
v -25.20320511 37.70000458 -47.66905212
v -25.19396210 37.52825546 -46.71788788
v -25.01576614 33.52619934 -47.57312012
v -24.99593353 33.44577789 -46.61368561
v -25.01053238 30.26723480 -47.43338776
v -25.00676727 30.26367569 -46.43417358
v -25.41906166 28.29708862 -47.42073059
v -25.40640259 28.64649200 -46.20095062
v -24.99599457 26.79608154 -46.84747314
v -24.92278481 27.29843140 -45.69915771
v -25.15737343 28.03739548 -48.47824860
v -24.73329735 26.28938675 -47.67074585
v -24.82633591 30.28024864 -48.30558014
v -24.97272110 33.57126999 -48.49458313
v -24.53961182 33.60881042 -49.30804443
v -24.30276108 30.28064919 -48.91394043
v -24.82633591 30.28024864 -48.30558014
v -24.30276108 30.28064919 -48.91394043
v -24.46637344 27.94588470 -49.23802185
v -25.15737343 28.03739548 -48.47824860
v -25.06672478 37.83406067 -48.54943085
v -24.62267303 37.95482635 -49.27404022
v -24.53961182 33.60881042 -49.30804443
v -24.62267303 37.95482635 -49.27404022
v -23.87212372 38.01415253 -49.70735931
v -23.87212372 38.01415253 -49.70735931
v -24.62267303 37.95482635 -49.27404022
v -24.69463921 42.11626434 -48.23142242
v -23.86220551 42.26668930 -48.77570343
v -23.87212372 38.01415253 -49.70735931
v -23.86220551 42.26668930 -48.77570343
v -22.90690613 42.19962692 -48.70764160
v -23.02822495 38.01582336 -49.70937347
v -22.90690613 42.19962692 -48.70764160
v -23.46633148 45.10237885 -46.74613190
v -22.65191269 45.08845520 -46.83560944
v -22.65191269 45.08845520 -46.83560944
v -21.95351791 44.96120071 -46.55430603
v -22.52306366 47.10404205 -46.44380188
v -21.81083488 47.09969330 -46.11310577
v -22.52858734 48.42822266 -46.48758698
v -21.84691429 48.55234528 -46.16814423
v -22.71618843 49.53685760 -46.61251831
v -21.95925903 49.70054626 -46.12741089
v -21.95925903 49.70054626 -46.12741089
v -22.71618843 49.53685760 -46.61251831
v -22.52306366 47.10404205 -46.44380188
v -23.34223557 47.09296417 -46.36602783
v -22.52306366 47.10404205 -46.44380188
v -23.34223557 47.09296417 -46.36602783
v -24.07415009 47.05008316 -45.98057556
v -24.18800354 45.00498199 -46.44856262
v -24.07415009 47.05008316 -45.98057556
v -24.18800354 45.00498199 -46.44856262
v -24.68043518 44.80124664 -45.80921936
v -24.55807304 46.96870422 -45.31550598
v -24.07415009 47.05008316 -45.98057556
v -24.69463921 42.11626434 -48.23142242
v -24.89486122 41.85816574 -47.39100647
v -24.45996284 48.44954681 -45.40620422
v -24.01127052 48.40476227 -46.07532501
v -24.38615990 49.58974075 -45.46324158
v -23.87021828 49.52444839 -46.29993439
v -24.38615990 49.58974075 -45.46324158
v -24.62551498 49.43633270 -44.40116882
v -23.96070480 50.23331451 -44.18991089
v -23.77822876 50.31213760 -45.20774078
v -19.43878555 22.15498161 -42.77383423
v -9.57908344 19.64657402 -22.09427834
v -11.71283245 18.82789612 -22.08691025
v -12.92844582 18.35056305 -21.92979050
v -13.24506283 19.36933517 -22.27628708
v -13.24506283 19.36933517 -22.27628708
v -12.92844582 18.35056305 -21.92979050
v -14.05913830 17.68385696 -22.34990311
v -14.18261242 18.69168854 -22.73846436
v -14.44377041 19.26696587 -22.98444939
v -13.76540947 20.04622078 -22.41122055
v -14.61851025 17.84730721 -23.80374527
v -14.75907135 18.53177834 -24.18284225
v -15.11801052 19.11665535 -24.40011406
v -14.72106647 16.64531708 -25.36050224
v -15.11939907 17.36741829 -25.66753197
v -15.48700333 17.96961975 -25.95685768
v -15.34734535 16.16530418 -27.68032074
v -15.76472378 16.94268608 -27.84646034
v -15.48700333 17.96961975 -25.95685768
v -15.76472378 16.94268608 -27.84646034
v -16.35831833 17.67942047 -27.84778595
v -16.35831833 17.67942047 -27.84778595
v -16.17756844 16.41364288 -29.25225639
v -16.42663765 17.62522316 -29.24855804
v -17.38341331 17.98401070 -27.68625641
v -17.38341331 17.98401070 -27.68625641
v -17.62886047 18.22161484 -28.98690224
v -18.83769226 17.45844650 -29.00228691
v -18.43458748 17.65606880 -27.51347542
v -17.38341331 17.98401070 -27.68625641
v -18.43458748 17.65606880 -27.51347542
v -18.43458748 17.65606880 -27.51347542
v -18.83769226 17.45844650 -29.00228691
v -18.72490692 16.25279045 -28.83968163
v -18.61623955 16.66250420 -27.36149788
v -18.24320793 17.73659897 -25.41105652
v -17.73558426 18.44330597 -25.74370384
v -19.32742310 15.24742126 -28.67528534
v -19.19976616 15.77523804 -27.07367897
v -18.41276550 16.62107277 -25.06993484
v -19.65866852 14.62825203 -26.57650566
v -19.13217163 15.66171646 -24.64759445
v -18.06727219 17.38227463 -23.01120758
v -19.01198196 14.37354088 -24.16833115
v -19.35740662 13.24074936 -26.03581429
v -19.01664352 11.97708321 -25.33354950
v -18.95378685 12.99785995 -23.56184387
v -19.19283485 10.89938927 -24.56950378
v -19.00211143 11.89098167 -22.85561752
v -19.19367218 11.14154625 -26.71477127
v -19.18664932 9.97484207 -25.92312622
v -18.75975609 9.04743195 -25.23503304
v -18.94993401 9.93990326 -23.96974564
v -18.66859245 10.91266632 -22.24651146
v -18.94993401 9.93990326 -23.96974564
v -18.75975609 9.04743195 -25.23503304
v -17.93081665 8.47337723 -24.66626549
v -18.09308624 9.37356758 -23.55912399
v -18.07979965 10.16893005 -21.75842667
v -18.66859245 10.91266632 -22.24651146
v -18.09308624 9.37356758 -23.55912399
v -18.01633072 8.30849266 -22.86692619
v -17.72770882 9.05528069 -21.00719643
v -18.07979965 10.16893005 -21.75842667
v -18.01633072 8.30849266 -22.86692619
v -16.82715988 7.21955299 -22.25855827
v -16.82715988 7.21955299 -22.25855827
v -16.85832214 6.62180519 -23.75021553
v -15.62272453 6.47011185 -23.80459976
v -15.18230152 7.08760643 -22.31924438
v -14.51465225 7.01851845 -24.25452995
v -13.91504002 7.86735535 -22.95338631
v -13.91504002 7.86735535 -22.95338631
v -14.51465225 7.01851845 -24.25452995
v -14.18009281 8.28510094 -25.02118111
v -13.64145565 9.14789009 -23.81830025
v -13.17298698 10.13484573 -21.93702316
v -13.53651905 8.91486359 -21.21726418
v -13.80027962 10.13792801 -24.52816010
v -13.51384830 11.15537453 -22.57258987
v -13.07968235 12.09828758 -21.09024048
v -13.32654858 12.02673531 -23.38439560
v -13.38828373 13.12823296 -21.83936691
v -13.07968235 12.09828758 -21.09024048
v -13.38828373 13.12823296 -21.83936691
v -13.02152729 13.93524742 -20.79205704
v -12.77744198 12.89962769 -20.07083702
v -12.32175636 14.65689468 -20.05624390
v -12.28963852 13.62034225 -19.31111145
v -13.60220528 14.29126167 -22.53762627
v -13.34899998 15.10679817 -21.36831665
v -12.48950577 15.81816292 -20.72418213
v -12.48950577 15.81816292 -20.72418213
v -13.71148872 16.47920609 -21.92784691
v -12.70567513 17.15342712 -21.34189796
v -12.70567513 17.15342712 -21.34189796
v -11.50156879 17.55921173 -21.39307976
v -11.50156879 17.55921173 -21.39307976
v -12.70567513 17.15342712 -21.34189796
v -11.71283245 18.82789612 -22.08691025
v -9.57908344 19.64657402 -22.09427834
v -13.93317127 15.66483116 -23.13165092
v -14.30205154 16.83502007 -23.48770523
v -14.30205154 16.83502007 -23.48770523
v -13.93317127 15.66483116 -23.13165092
v -13.95388889 14.62780190 -24.74650955
v -14.10595036 15.85086441 -25.08746910
v -14.10595036 15.85086441 -25.08746910
v -14.26578140 13.60942268 -26.76157188
v -14.34353447 14.77245522 -27.24481392
v -14.10595036 15.85086441 -25.08746910
v -14.34353447 14.77245522 -27.24481392
v -14.66283798 15.58639145 -27.57573318
v -14.72106647 16.64531708 -25.36050224
v -14.66283798 15.58639145 -27.57573318
v -14.34353447 14.77245522 -27.24481392
v -14.72623730 13.92833138 -29.15293694
v -15.13893127 14.85002136 -29.44367599
v -15.13893127 14.85002136 -29.44367599
v -15.87528419 15.49799347 -29.30528259
v -15.34734535 16.16530418 -27.68032074
v -15.11939907 17.36741829 -25.66753197
v -15.70383739 14.29550743 -30.63448143
v -16.46558571 15.11345863 -30.33266830
v -15.87528419 15.49799347 -29.30528259
v -16.46558571 15.11345863 -30.33266830
v -15.70383739 14.29550743 -30.63448143
v -15.24928284 13.29937172 -30.36399651
v -16.44393921 13.55440331 -31.45505142
v -17.17121315 14.44134521 -31.06780434
v -14.74521828 12.80508232 -28.48371696
v -15.25995445 12.23665237 -29.56130409
v -15.24928284 13.29937172 -30.36399651
v -15.25995445 12.23665237 -29.56130409
v -16.00040817 11.81214905 -30.08924294
v -16.03559113 12.52940178 -31.01751137
v -16.00040817 11.81214905 -30.08924294
v -14.91104031 10.71984100 -28.50748253
v -15.62333393 10.21107292 -29.15110588
v -15.62333393 10.21107292 -29.15110588
v -16.56970596 9.91562080 -29.32124138
v -16.95866203 11.71465683 -30.18758774
v -17.05526543 12.07887268 -31.27188683
v -17.89842606 11.73920250 -30.07807922
v -18.28023911 12.19225502 -31.21003723
v -16.95866203 11.71465683 -30.18758774
v -16.56970596 9.91562080 -29.32124138
v -17.58428383 9.84831810 -29.13826561
v -17.89842606 11.73920250 -30.07807922
v -18.54425430 10.01955605 -28.64452744
v -18.74717712 11.97418594 -29.60386848
v -16.25253296 8.53414917 -28.23482895
v -17.26477814 8.50583458 -28.06268501
v -18.13729286 8.69539452 -27.60237312
v -18.83936310 9.17847633 -26.92591476
v -19.12074280 10.48870468 -27.82390404
v -18.13729286 8.69539452 -27.60237312
v -17.26477814 8.50583458 -28.06268501
v -16.80619240 7.97196960 -26.80287933
v -17.47226715 8.11317635 -26.53464317
v -18.20076752 8.44784546 -26.07787132
v -18.83936310 9.17847633 -26.92591476
v -19.18664932 9.97484207 -25.92312622
v -17.07361794 7.24810791 -25.84802055
v -17.59984207 7.74088097 -25.43035126
v -17.47226715 8.11317635 -26.53464317
v -16.80619240 7.97196960 -26.80287933
v -16.48736191 7.06287193 -26.10326385
v -16.10740852 7.99657822 -26.91656303
v -15.84417152 7.10409355 -26.21489334
v -16.48736191 7.06287193 -26.10326385
v -16.06663895 6.31824493 -25.06610680
v -16.06663895 6.31824493 -25.06610680
v -16.06663895 6.31824493 -25.06610680
v -15.62272453 6.47011185 -23.80459976
v -16.06663895 6.31824493 -25.06610680
v -15.21435738 6.58681870 -25.25581551
v -16.10740852 7.99657822 -26.91656303
v -16.80619240 7.97196960 -26.80287933
v -17.26477814 8.50583458 -28.06268501
v -16.25253296 8.53414917 -28.23482895
v -15.30253601 8.86654663 -28.07958412
v -15.35852337 8.19516563 -26.84252548
v -14.67159176 8.65815353 -26.51251793
v -14.46649742 9.41801262 -27.53888321
v -13.84510994 10.12195396 -26.59768677
v -14.14733791 9.29981232 -25.76126099
v -14.46649742 9.41801262 -27.53888321
v -15.30253601 8.86654663 -28.07958412
v -14.43015289 11.34640884 -27.45987129
v -13.84510994 10.12195396 -26.59768677
v -13.90605545 12.11224937 -25.97550964
v -13.42470264 10.89167595 -25.19820213
v -14.26578140 13.60942268 -26.76157188
v -13.42470264 10.89167595 -25.19820213
v -14.14733791 9.29981232 -25.76126099
v -13.84510994 10.12195396 -26.59768677
v -13.90605545 12.11224937 -25.97550964
v -13.57446384 13.21415329 -24.12095261
v -13.60220528 14.29126167 -22.53762627
v -14.14733791 9.29981232 -25.76126099
v -14.18009281 8.28510094 -25.02118111
v -14.73648071 7.63350296 -25.77969360
v -14.67159176 8.65815353 -26.51251793
v -19.12074280 10.48870468 -27.82390404
v -19.53568459 12.63612747 -27.61531639
v -19.34700584 12.23987579 -28.78980255
v -19.34700584 12.23987579 -28.78980255
v -18.83936310 9.17847633 -26.92591476
v -19.94847107 14.06548119 -28.25763321
v -19.86462212 13.54933739 -29.62679100
v -19.34700584 12.23987579 -28.78980255
v -19.86462212 13.54933739 -29.62679100
v -19.32713890 12.83841896 -30.65342522
v -18.74717712 11.97418594 -29.60386848
v -19.32713890 12.83841896 -30.65342522
v -19.86462212 13.54933739 -29.62679100
v -19.32713890 12.83841896 -30.65342522
v -18.65701866 14.15855217 -30.79060745
v -18.28023911 12.19225502 -31.21003723
v -17.89842606 11.73920250 -30.07807922
v -19.12273788 14.81980324 -29.88334656
v -14.74521828 12.80508232 -28.48371696
v -14.72623730 13.92833138 -29.15293694
v -14.18009281 8.28510094 -25.02118111
v -14.51465225 7.01851845 -24.25452995
v -19.32742310 15.24742126 -28.67528534
v -18.72490692 16.25279045 -28.83968163
v -18.43424416 17.18063545 -30.31275749
v -18.36570549 15.94512558 -29.81085968
v -6.84634399 21.15143204 -21.38304520
v -24.22749901 34.91500854 9.45192051
v -24.09848976 37.93790436 7.35646057
v -23.92147064 40.78901291 5.10465384
v -23.38741684 43.26993942 2.54845071
v -22.84879494 45.42083359 -0.31362116
v -22.24841690 47.18292618 -3.49807549
v -21.37380219 48.61215591 -6.95231390
v -21.37380219 48.61215591 -6.95231390
v -21.12440300 49.23987579 -4.28178549
v -21.51184082 47.64521027 -9.62934780
v -15.72885323 55.83053589 -9.19060040
v -15.65206337 56.58478546 -9.42084789
v -16.29842758 56.29176331 -11.85852051
v -16.15361214 57.49023438 -11.71782112
v 9.24340630 52.68212891 31.00127029
v 7.14188814 53.30816650 32.07158661
v 11.12352943 44.56644440 39.65627289
v 12.03368950 42.31591797 40.61891174
v 12.85264778 40.29401779 41.40616608
v 13.08125496 40.40818024 40.87049103
v 12.27119255 42.23719406 40.27712250
v 13.30119038 40.52688599 40.54001617
v 12.59181118 42.17700577 39.94003296
v 12.37843800 43.96128082 38.52063751
v 12.37843800 43.96128082 38.52063751
v 12.59181118 42.17700577 39.94003296
v 13.02835464 42.35616684 39.85749817
v 12.92203808 44.11927032 38.62187958
v 13.59144783 45.52301788 36.47319031
v 13.04652405 45.43748093 36.27029419
v 13.04652405 45.43748093 36.27029419
v 14.60974693 45.76422119 34.19569397
v 14.11062145 45.69268036 33.85903168
v 14.11062145 45.69268036 33.85903168
v 14.11062145 45.69268036 33.85903168
v 14.60974693 45.76422119 34.19569397
v 15.47144127 45.12918472 32.41383362
v 14.96515751 45.03573608 32.12860107
v 14.68645191 45.22284698 31.79791069
v 13.76754379 45.84820557 33.61998749
v 15.57078075 44.00100708 30.88465500
v 15.45277691 44.22249222 30.48722267
v 14.68645191 45.22284698 31.79791069
v 15.45277691 44.22249222 30.48722267
v 15.50811768 44.55453491 30.04152298
v 14.70782089 45.56415558 31.51912498
v 13.74096870 46.18595505 33.39382935
v 13.76754379 45.84820557 33.61998749
v 15.51415348 44.99228287 29.36353683
v 14.68407726 46.11506271 31.01765060
v 14.70782089 45.56415558 31.51912498
v 14.68407726 46.11506271 31.01765060
v 15.43778515 45.53497696 28.39520454
v 14.54524326 46.84604645 30.12529755
v 16.23172569 43.58452988 28.01456261
v 16.28116989 43.99261475 26.70085907
v 16.26487350 44.33358002 25.20207024
v 16.79186630 41.88394165 25.18840790
v 16.46394348 41.99202728 24.01856041
v 16.26487350 44.33358002 25.20207024
v 16.46394348 41.99202728 24.01856041
v 15.66294956 42.08565140 23.27940941
v 15.66920567 44.50087738 24.02039337
v 16.26487350 44.33358002 25.20207024
v 15.66920567 44.50087738 24.02039337
v 14.96628094 46.70354462 25.47234726
v 15.28219795 46.15063095 27.06096649
v 16.41396904 39.62721634 23.56061554
v 15.87311268 39.60549164 22.77626610
v 15.66294956 42.08565140 23.27940941
v 15.87311268 39.60549164 22.77626610
v 16.02976036 39.72132111 21.82254601
v 16.24497604 37.10351181 22.41081810
v 16.61705971 37.16242599 21.50095367
v 17.07153511 37.27085876 20.62397575
v 17.10873032 34.12540054 21.30570793
v 17.54997063 34.10078049 20.28784752
v 17.92626953 34.32505798 19.32825661
v 17.95937347 31.54960823 19.20069313
v 18.18299866 32.13233948 18.08759880
v 18.02766418 30.06180763 18.99914932
v 18.14547157 30.53153610 18.11363602
v 18.39463425 30.64148331 16.68507195
v 18.11174965 29.87481689 18.19001961
v 18.21888733 29.66017342 17.15039635
v 18.24148941 29.40775108 18.22056580
v 18.16148376 29.24052429 17.39328384
v 18.15558815 28.68093681 16.73359680
v 18.15558815 28.68093681 16.73359680
v 18.16148376 29.24052429 17.39328384
v 18.57911110 29.29580498 17.26827621
v 18.51321220 28.75732040 16.62681770
v 18.41956520 28.11774063 16.30811691
v 18.08241653 28.14833260 16.46567726
v 18.08241653 28.14833260 16.46567726
v 18.08241653 28.14833260 16.46567726
v 18.41956520 28.11774063 16.30811691
v 18.29847145 27.35529709 16.30352974
v 17.97252655 27.49031067 16.31226158
v 17.97252655 27.49031067 16.31226158
v 17.97252655 27.49031067 16.31226158
v 18.29847145 27.35529709 16.30352974
v 18.16188240 26.48429298 16.63689995
v 17.82104301 26.45504189 16.45576286
v 17.82104301 26.45504189 16.45576286
v 17.82104301 26.45504189 16.45576286
v 18.16188240 26.48429298 16.63689995
v 18.05884933 25.71809006 17.26742363
v 17.68437576 25.42206955 17.18613243
v 18.05884933 25.71809006 17.26742363
v 18.16188240 26.48429298 16.63689995
v 18.53307724 26.30789185 16.14726639
v 18.51974869 25.51715088 16.67794037
v 18.05884933 25.71809006 17.26742363
v 18.51974869 25.51715088 16.67794037
v 18.81787109 25.00452423 17.25294876
v 18.20736885 25.27262878 17.91862488
v 18.20736885 25.27262878 17.91862488
v 17.62787247 24.95890427 18.04863167
v 19.25231552 24.86143684 17.84853935
v 18.41065979 25.13242340 18.48857307
v 18.41065979 25.13242340 18.48857307
v 17.59574318 24.68725967 18.97875977
v 19.51655579 24.74633598 16.15725708
v 20.16163254 24.61113739 16.62336159
v 19.25231552 24.86143684 17.84853935
v 20.16163254 24.61113739 16.62336159
v 20.83303261 24.98389816 16.90295410
v 19.72720337 25.08416939 18.27925110
v 21.36032104 25.65520096 17.06252098
v 20.11751175 25.57816315 18.58744621
v 20.11751175 25.57816315 18.58744621
v 21.36032104 25.65520096 17.06252098
v 21.71338081 26.43512726 17.24127388
v 20.38980484 26.30315399 18.83164787
v 20.11751175 25.57816315 18.58744621
v 20.38980484 26.30315399 18.83164787
v 19.12191963 26.24100876 19.63243675
v 18.80575180 25.57804108 19.38439178
v 17.84672356 26.11240005 20.27908516
v 17.68262863 25.30208969 20.45484352
v 20.49393272 27.17556763 19.00205040
v 19.28670692 27.17482567 19.72276115
v 18.17477417 27.17005157 20.08288002
v 20.42514420 28.13667297 18.98398399
v 19.29452515 28.17733765 19.58086586
v 18.35238838 28.39184570 19.72837448
v 18.35238838 28.39184570 19.72837448
v 17.85169220 28.76221085 19.97603035
v 17.60335159 27.29785919 21.02926826
v 18.17477417 27.17005157 20.08288002
v 19.29452515 28.17733765 19.58086586
v 19.19839478 28.90162468 19.20676041
v 18.38944626 28.97542763 19.27913857
v 18.00892067 29.22604179 19.41116333
v 18.00892067 29.22604179 19.41116333
v 17.85169220 28.76221085 19.97603035
v 18.36180687 29.29075241 18.80064392
v 18.07243538 29.60149193 18.91192055
v 18.07243538 29.60149193 18.91192055
v 18.36180687 29.29075241 18.80064392
v 18.36180687 29.29075241 18.80064392
v 18.38944626 28.97542763 19.27913857
v 19.19839478 28.90162468 19.20676041
v 18.96863747 29.38607788 18.68219185
v 18.73277664 29.52454376 18.02201843
v 18.24148941 29.40775108 18.22056580
v 19.83230782 29.57889557 18.22559547
v 19.48098183 29.75643921 17.48873329
v 18.73277664 29.52454376 18.02201843
v 19.48098183 29.75643921 17.48873329
v 19.19701958 29.53297615 16.76260948
v 18.24148941 29.40775108 18.22056580
v 20.43412018 29.95405769 16.65743637
v 20.08539391 29.59357834 15.94999886
v 19.79761314 28.89005661 15.42815113
v 19.00748062 28.91806602 16.15956688
v 19.49960136 28.01675034 15.05473709
v 18.81667328 28.11068344 15.82310963
v 19.33570862 27.04946899 15.02720165
v 18.66347885 27.20495987 15.81873131
v 18.29847145 27.35529709 16.30352974
v 18.66347885 27.20495987 15.81873131
v 19.33570862 27.04946899 15.02720165
v 19.20196533 26.10918999 15.24980640
v 18.66347885 27.20495987 15.81873131
v 18.53307724 26.30789185 16.14726639
v 18.16188240 26.48429298 16.63689995
v 18.29847145 27.35529709 16.30352974
v 19.20196533 26.10918999 15.24980640
v 19.33570862 27.04946899 15.02720165
v 20.28447914 26.78762817 13.58371258
v 20.13655663 25.73446083 13.73459244
v 20.01150513 24.78483582 13.98023701
v 19.15281296 25.29148483 15.63878918
v 19.15281296 25.29148483 15.63878918
v 19.15281296 25.29148483 15.63878918
v 20.01150513 24.78483582 13.98023701
v 20.43677711 24.11466980 14.42658710
v 21.25479507 24.16207886 11.69375801
v 21.70209503 23.35460281 12.03517818
v 20.43677711 24.11466980 14.42658710
v 21.70209503 23.35460281 12.03517818
v 22.56822968 23.43695831 12.50394535
v 21.25341988 24.03902817 14.83036041
v 21.25341988 24.03902817 14.83036041
v 23.28257942 24.17991638 12.81643200
v 22.01352310 24.61455917 15.01065731
v 23.86252022 25.23500633 13.00860023
v 22.61916351 25.48331833 15.09819508
v 22.61916351 25.48331833 15.09819508
v 23.86252022 25.23500633 13.00860023
v 24.37801933 26.52015877 13.34181690
v 23.07533646 26.50937653 15.30432415
v 24.74108887 27.81976128 13.85961914
v 23.36418724 27.57221985 15.74117661
v 21.86780930 27.30756378 17.50869560
v 20.49393272 27.17556763 19.00205040
v 23.18472099 28.61850548 15.99544144
v 21.69037819 28.27389717 17.67074776
v 20.42514420 28.13667297 18.98398399
v 21.69037819 28.27389717 17.67074776
v 23.18472099 28.61850548 15.99544144
v 22.98514557 29.60194016 16.23507309
v 21.38620567 29.16503906 17.67777824
v 20.18439102 28.97581482 18.72359657
v 20.42514420 28.13667297 18.98398399
v 20.91310120 29.83434296 17.35424042
v 19.83230782 29.57889557 18.22559547
v 18.96863747 29.38607788 18.68219185
v 22.43355560 30.36599350 16.03992081
v 20.91310120 29.83434296 17.35424042
v 22.43355560 30.36599350 16.03992081
v 21.77516174 30.32558823 15.37071514
v 20.43412018 29.95405769 16.65743637
v 24.03838921 31.01854134 14.27915287
v 23.20768738 30.83234596 13.56779766
v 21.77516174 30.32558823 15.37071514
v 23.20768738 30.83234596 13.56779766
v 22.46399498 30.15945625 12.81837654
v 21.22312164 29.76714897 14.68347645
v 21.82006454 29.23787689 12.19179153
v 20.79223061 28.94217682 14.09423542
v 21.48689270 28.02805710 11.79359341
v 20.37376213 27.93861961 13.61548901
v 20.37376213 27.93861961 13.61548901
v 21.48689270 28.02805710 11.79359341
v 21.45626640 26.57011032 11.63629532
v 19.49960136 28.01675034 15.05473709
v 22.82257271 28.10400581 9.78899193
v 22.62842751 26.65780067 9.56268978
v 22.76673889 25.28944778 9.39947605
v 21.33341789 25.28804588 11.63012123
v 22.89661407 24.14153671 9.20831108
v 21.25479507 24.16207886 11.69375801
v 22.89661407 24.14153671 9.20831108
v 22.76673889 25.28944778 9.39947605
v 24.33948898 25.86585426 7.32464266
v 24.67851830 24.91496277 7.04706001
v 25.35348320 24.34888649 7.27935791
v 23.47697258 23.35514450 9.42480087
v 21.70209503 23.35460281 12.03517818
v 21.25479507 24.16207886 11.69375801
v 23.47697258 23.35514450 9.42480087
v 25.35348320 24.34888649 7.27935791
v 26.00769234 24.52405548 7.86602068
v 24.26121140 23.53513718 9.99092770
v 23.47697258 23.35514450 9.42480087
v 24.26121140 23.53513718 9.99092770
v 26.00769234 24.52405548 7.86602068
v 26.34477806 25.22233009 8.48296738
v 24.81193352 24.32072639 10.50104141
v 24.81193352 24.32072639 10.50104141
v 26.34477806 25.22233009 8.48296738
v 25.20006180 25.42435455 10.94325066
v 23.28257942 24.17991638 12.81643200
v 25.61643791 26.77422333 11.45056820
v 25.99608421 28.18844414 11.96632576
v 27.32444191 29.76906204 10.23558140
v 26.20885468 29.47125816 12.35180283
v 24.75917435 29.03165054 14.25388432
v 26.18617630 30.61547470 12.55979443
v 24.62366486 30.15911293 14.50206470
v 22.98514557 29.60194016 16.23507309
v 24.62366486 30.15911293 14.50206470
v 26.18617630 30.61547470 12.55979443
v 25.56234360 31.48485756 12.29206562
v 24.03838921 31.01854134 14.27915287
v 27.50486565 30.86426926 10.38887119
v 26.94086075 31.71379852 10.14278889
v 25.56234360 31.48485756 12.29206562
v 26.94086075 31.71379852 10.14278889
v 25.93418884 31.58441925 9.59298325
v 24.61622047 31.25740433 11.58193111
v 24.61622047 31.25740433 11.58193111
v 25.93418884 31.58441925 9.59298325
v 25.11539650 30.77260208 9.01136017
v 23.75815582 30.51014519 10.79136467
v 24.58888435 29.51279259 8.49935150
v 23.19880104 29.33963776 10.15445518
v 24.00918579 28.28244019 7.89187241
v 22.82257271 28.10400581 9.78899193
v 24.00918579 28.28244019 7.89187241
v 25.09411812 28.56449127 6.66283751
v 25.26603508 27.53907394 6.23568726
v 24.06278610 26.98418427 7.62326574
v 24.06278610 26.98418427 7.62326574
v 25.26603508 27.53907394 6.23568726
v 25.68096733 26.74597931 5.81143427
v 24.33948898 25.86585426 7.32464266
v 26.05483818 28.34096718 5.36383057
v 26.55795860 27.83105850 4.87771940
v 27.27001953 27.38595200 4.62726879
v 26.25271416 26.04222107 5.51692438
v 28.01330376 27.14041519 4.97100544
v 26.98660851 25.61135483 5.71690845
v 26.98660851 25.61135483 5.71690845
v 28.01330376 27.14041519 4.97100544
v 28.29144478 27.27231026 5.81577730
v 27.43078804 25.86336517 6.41851234
v 27.43078804 25.86336517 6.41851234
v 28.29144478 27.27231026 5.81577730
v 28.23856735 27.68190002 6.68555069
v 27.47047043 26.47055054 7.16805983
v 26.00769234 24.52405548 7.86602068
v 28.48807716 29.24744797 7.41769791
v 28.08645439 29.66109657 8.55277920
v 28.68693542 30.26447678 7.18221283
v 28.29973602 30.73675919 8.46359921
v 27.50486565 30.86426926 10.38887119
v 28.39015770 31.16484642 6.75339222
v 27.85413170 31.62210464 8.16816044
v 28.29973602 30.73675919 8.46359921
v 27.85413170 31.62210464 8.16816044
v 27.85413170 31.62210464 8.16816044
v 28.39015770 31.16484642 6.75339222
v 27.50793648 31.33600426 6.40670633
v 26.90477562 31.60715866 7.78774118
v 27.85413170 31.62210464 8.16816044
v 26.90477562 31.60715866 7.78774118
v 26.90477562 31.60715866 7.78774118
v 27.50793648 31.33600426 6.40670633
v 26.67912483 30.62164497 6.27185726
v 26.10020256 30.84733963 7.46606159
v 28.64153099 30.51469040 5.79852533
v 27.89454079 30.78136444 5.47152615
v 28.01330376 27.14041519 4.97100544
v 28.50797081 28.49325562 4.87784863
v 28.01330376 27.14041519 4.97100544
v 27.27001953 27.38595200 4.62726879
v 27.83052063 28.73731422 4.50109816
v 27.12999535 28.99437714 4.74641848
v 27.83052063 28.73731422 4.50109816
v 26.55795860 27.83105850 4.87771940
v 16.59593391 34.27319336 22.34561539
v 16.63891220 31.28971672 22.85589981
v 16.40975380 31.53082466 23.98700714
v 16.94631004 29.08350182 25.54967880
v 16.30064392 28.75925446 24.48846436
v 16.59486008 34.42228317 23.37709618
v 16.59486008 34.42228317 23.37709618
v 17.36445427 34.48771667 24.07851982
v 17.49419403 31.73364067 24.65342522
v 16.40975380 31.53082466 23.98700714
v 16.55644608 37.15187836 23.36634064
v 16.55644608 37.15187836 23.36634064
v 17.10776329 37.21936417 24.16094780
v 17.10776329 37.21936417 24.16094780
v 17.34720230 37.28776550 25.42743111
v 17.56959534 34.66976929 25.27486420
v 17.36445427 34.48771667 24.07851982
v 16.93469048 39.64217758 24.47705650
v 16.93469048 39.64217758 24.47705650
v 17.17259407 39.66404343 25.89134407
v 17.18332100 39.74096298 27.36787605
v 17.45886040 37.44878769 26.88584137
v 16.85045624 41.83010101 26.66755486
v 16.74764252 41.67498016 27.96511841
v 16.64072990 41.51024628 28.74218369
v 17.06421471 39.79937363 28.34511566
v 16.17711258 43.25416946 28.83501434
v 16.11626816 42.97338867 29.42835236
v 16.04707146 42.73831940 29.86774445
v 16.55618286 41.36511612 29.29554367
v 15.57078075 44.00100708 30.88465500
v 16.70520592 41.33993149 29.87741089
v 16.79269600 39.91872406 29.66041946
v 16.91084099 39.86367798 29.09601402
v 16.55618286 41.36511612 29.29554367
v 16.04707146 42.73831940 29.86774445
v 16.48137093 42.72991180 30.32195091
v 16.70520592 41.33993149 29.87741089
v 17.01906967 42.76935577 30.66937065
v 17.24076080 41.37577820 30.24975204
v 16.48137093 42.72991180 30.32195091
v 16.04707146 42.73831940 29.86774445
v 16.06647110 44.07427216 31.14869308
v 16.59492683 44.07802582 31.49957657
v 17.01906967 42.76935577 30.66937065
v 17.11857986 43.97358704 31.93809319
v 17.54699898 42.71025467 31.14028168
v 15.98014259 45.11278152 32.75812531
v 16.49945068 44.98902130 33.16593933
v 15.10756207 45.72750092 34.55838013
v 15.65802574 45.55949402 34.89477539
v 16.60619926 44.98051453 35.35776520
v 15.65802574 45.55949402 34.89477539
v 15.10756207 45.72750092 34.55838013
v 14.14328671 45.49527359 36.68560028
v 14.76191235 45.35343933 36.88617706
v 15.65802574 45.55949402 34.89477539
v 14.76191235 45.35343933 36.88617706
v 15.84914017 44.80469894 37.13980103
v 17.12902069 43.39991760 37.27639771
v 17.98110580 41.72600937 36.99811554
v 18.42915535 42.15210724 35.54736328
v 17.09997368 41.10989380 38.33666229
v 16.11624908 40.32918167 39.36488342
v 17.09997368 41.10989380 38.33666229
v 16.11624908 40.32918167 39.36488342
v 18.40879440 40.11273193 36.41845703
v 17.98110580 41.72600937 36.99811554
v 18.41582298 38.46421432 35.68975830
v 18.77354813 39.35111618 34.30310059
v 18.75915146 40.79585266 34.98538971
v 18.72015953 40.38609695 32.89327240
v 18.66556740 41.62926865 33.43528748
v 18.33486938 41.14274597 31.48155975
v 18.14669418 42.42256927 31.94385338
v 17.77647400 43.59666443 32.70609283
v 18.14669418 42.42256927 31.94385338
v 18.33486938 41.14274597 31.48155975
v 17.77505302 41.35432053 30.71037674
v 17.54699898 42.71025467 31.14028168
v 18.14669418 42.42256927 31.94385338
v 17.27792168 40.00774002 30.12507629
v 17.18618202 38.60236740 30.36650467
v 17.03735352 38.35098648 29.87105942
v 16.79269600 39.91872406 29.66041946
v 17.03735352 38.35098648 29.87105942
v 17.18618202 38.60236740 30.36650467
v 17.07287979 37.18101501 30.97787666
v 17.25448799 36.81114960 30.47196960
v 17.45866203 36.26053619 29.61300087
v 17.25884247 38.07349014 29.13135338
v 17.57601166 35.62228012 28.42427826
v 17.40208435 37.75786591 28.18584251
v 17.59825706 34.96540451 26.68957138
v 17.65280724 33.58591843 29.17702293
v 17.71827316 32.61815262 27.29158401
v 17.74593925 32.11885452 25.87932777
v 17.73676109 30.66973686 28.69394875
v 17.77695847 29.92167664 27.39650917
v 17.74242783 29.38302994 26.34461403
v 17.49419403 31.73364067 24.65342522
v 17.60686684 28.23305893 29.32284546
v 17.58683586 27.54805756 28.44814110
v 17.74242783 29.38302994 26.34461403
v 17.58683586 27.54805756 28.44814110
v 17.23950577 26.98479271 27.63151360
v 16.94631004 29.08350182 25.54967880
v 17.74242783 29.38302994 26.34461403
v 16.94631004 29.08350182 25.54967880
v 17.23950577 26.98479271 27.63151360
v 17.20074654 26.39408684 30.42930794
v 16.99580193 25.78266525 29.88038254
v 16.99580193 25.78266525 29.88038254
v 16.49468231 25.39733887 29.41418076
v 16.45363235 26.86679840 27.10755539
v 16.30064392 28.75925446 24.48846436
v 15.85069466 25.17965698 28.98727798
v 16.03534126 26.47056961 26.18618774
v 16.45363235 26.86679840 27.10755539
v 16.03534126 26.47056961 26.18618774
v 15.85069466 25.17965698 28.98727798
v 15.55101490 24.75321960 28.37269402
v 15.55101490 24.75321960 28.37269402
v 15.66220570 24.53963470 31.01313782
v 15.13656998 24.17990494 30.72914886
v 15.66220570 24.53963470 31.01313782
v 15.13656998 24.17990494 30.72914886
v 16.22912407 24.76126480 31.28144455
v 16.22912407 24.76126480 31.28144455
v 15.98871613 24.68478012 32.77088928
v 16.64439583 25.20607758 31.60256004
v 16.38527679 25.13823128 32.91185760
v 16.30280304 25.46440125 33.81629181
v 16.64439583 25.20607758 31.60256004
v 17.28732872 27.15921211 31.17578125
v 17.30982208 28.05708313 32.24575043
v 16.96273232 27.32470322 33.44482422
v 17.60993576 29.10969543 30.49986839
v 17.53447914 30.38757706 32.28948975
v 17.18872452 29.33603096 33.80937195
v 17.67374992 31.86122513 30.51300049
v 17.55300140 34.60357666 30.65280151
v 17.33896828 35.43416977 31.56560135
v 17.14432144 35.99232101 32.10964966
v 17.57112503 36.44403076 32.51431274
v 17.16801643 35.65080261 34.14631653
v 17.14432144 35.99232101 32.10964966
v 17.07287979 37.18101501 30.97787666
v 17.72733688 37.59661484 31.39512062
v 17.57112503 36.44403076 32.51431274
v 17.16801643 35.65080261 34.14631653
v 17.77923965 36.17507172 34.56718445
v 17.05978394 36.00023651 36.43336487
v 16.50794029 35.46215439 36.11640167
v 16.50794029 35.46215439 36.11640167
v 17.16801643 35.65080261 34.14631653
v 18.19367599 36.98857498 32.98018646
v 17.77923965 36.17507172 34.56718445
v 18.19367599 36.98857498 32.98018646
v 18.70118523 37.96870804 33.60621643
v 18.28369522 37.03342056 35.07180786
v 17.77923965 36.17507172 34.56718445
v 18.33195496 38.14493942 31.88487434
v 18.33195496 38.14493942 31.88487434
v 18.72830772 39.16847229 32.39778900
v 18.28369522 37.03342056 35.07180786
v 17.50532532 36.64429092 36.76182556
v 16.27060318 36.56721497 38.15533447
v 15.81037807 36.18595123 38.06646729
v 15.81037807 36.18595123 38.06646729
v 15.60219383 37.82374573 39.39466858
v 15.11387253 37.51089859 39.41903687
v 15.11387253 37.51089859 39.41903687
v 14.82760715 37.18396378 39.57527924
v 14.77679443 36.90625000 39.81765747
v 14.82760715 37.18396378 39.57527924
v 15.11387253 37.51089859 39.41903687
v 14.47506523 39.10793686 40.18146515
v 14.10053635 38.81278992 40.37663269
v 14.10053635 38.81278992 40.37663269
v 13.94396496 38.57297134 40.76437378
v 13.88175011 38.33412933 41.14599609
v 13.94396496 38.57297134 40.76437378
v 14.10053635 38.81278992 40.37663269
v 13.88175011 38.33412933 41.14599609
v 13.74208832 40.76754761 40.31781006
v 13.30119038 40.52688599 40.54001617
v 14.94763565 39.41589355 40.09297180
v 14.20817184 41.02809906 40.24278259
v 13.56117916 42.56689453 39.83850098
v 13.02835464 42.35616684 39.85749817
v 12.59181118 42.17700577 39.94003296
v 13.56117916 42.56689453 39.83850098
v 14.08547306 42.70949554 39.74454498
v 14.13202381 44.20694733 38.68521118
v 13.51368904 44.22530365 38.68103790
v 15.47582436 39.78405762 39.90924072
v 15.60219383 37.82374573 39.39466858
v 16.11624908 40.32918167 39.36488342
v 16.27060318 36.56721497 38.15533447
v 16.69436073 37.05151367 38.19430542
v 16.87735939 28.62124825 34.81227875
v 16.65282631 26.72641945 34.22599030
v 17.07287979 37.18101501 30.97787666
v 18.37906456 40.00621414 31.34325790
v 16.79186630 41.88394165 25.18840790
v 16.24497604 37.10351181 22.41081810
v 15.82631016 18.78630447 15.27188587
v 14.05865669 15.84142494 15.66275215
v 13.69226265 15.53975868 13.57211494
v 13.69226265 15.53975868 13.57211494
v 11.46933556 13.27693367 12.05709839
v 15.33116436 18.26464844 13.02842045
v 10.41675854 12.27155876 12.46338940
v 9.75350571 11.92085648 10.99191475
v 9.72468758 11.67209435 12.71748829
v 9.22680092 11.44431686 11.41762257
v 8.63160896 11.10672569 10.76177979
v 8.91695499 11.06826591 11.73939705
v 8.58816528 10.87654495 11.08406353
v 8.32548618 10.72646141 10.78891850
v 8.29095554 10.86848068 10.66082954
v 8.00772476 10.57968712 10.61738586
v 7.96524525 10.65692329 10.55638599
v 8.00772476 10.57968712 10.61738586
v 8.32548618 10.72646141 10.78891850
v 8.41782761 10.63406372 10.65511227
v 8.02655315 10.51544189 10.50011063
v 7.54428911 10.25823021 10.62174225
v 7.55727243 10.44369888 10.60817051
v 7.55727243 10.44369888 10.60817051
v 7.55727243 10.44369888 10.60817051
v 7.54428911 10.25823021 10.62174225
v 7.16416216 9.86380577 11.35503674
v 6.79422522 10.10571480 11.22213173
v 7.55727243 10.44369888 10.60817051
v 6.79422522 10.10571480 11.22213173
v 7.54411030 10.48526382 10.27313995
v 6.79422522 10.10571480 11.22213173
v 7.16416216 9.86380577 11.35503674
v 7.08662748 9.54971313 12.55085468
v 6.21211100 9.84848976 12.51108360
v 6.21211100 9.84848976 12.51108360
v 7.22345352 9.33043861 14.04852676
v 6.11769867 9.70905685 13.93274689
v 6.11769867 9.70905685 13.93274689
v 7.28544807 9.13775253 15.48999691
v 6.31122589 9.80271721 15.50228310
v 7.28544807 9.13775253 15.48999691
v 7.22345352 9.33043861 14.04852676
v 7.41259289 8.16336632 13.82190418
v 7.63872290 7.77343750 15.01191521
v 7.66005993 7.23614311 15.79572296
v 7.43850517 8.73424149 16.54655266
v 6.86575890 10.04604721 16.86110687
v 7.98428154 6.22578049 13.80441761
v 8.04358387 5.59210396 14.34262657
v 8.35824585 4.97913361 14.82237434
v 7.88874960 6.73344803 16.38409233
v 7.88874960 6.73344803 16.38409233
v 8.35824585 4.97913361 14.82237434
v 9.11903763 4.82312775 15.12169933
v 8.57043076 6.51669121 16.72045517
v 8.12424183 7.96995544 17.74266624
v 7.53127146 8.23140717 17.30851555
v 8.57043076 6.51669121 16.72045517
v 9.11903763 4.82312775 15.12169933
v 9.89516163 5.15387726 15.02044201
v 9.36284924 6.77529526 16.62078857
v 8.57043076 6.51669121 16.72045517
v 9.36284924 6.77529526 16.62078857
v 9.36284924 6.77529526 16.62078857
v 9.89516163 5.15387726 15.02044201
v 10.44884300 5.72420883 14.64901066
v 9.95070457 7.27263069 16.22370529
v 8.93907738 8.14174080 17.70433807
v 10.49373436 6.40240097 14.05914688
v 10.11025143 7.85623169 15.62058067
v 10.23963070 7.05898094 13.42614174
v 9.87715244 8.34938240 14.89707947
v 10.16436005 7.86142731 12.63291359
v 9.80574226 8.93836975 13.78813553
v 9.46121407 9.89960480 14.23940372
v 9.69404888 9.43033600 12.44782925
v 9.44021225 10.21254349 12.81698322
v 9.17890167 11.02713203 12.86118889
v 9.18662071 10.56740189 11.71327496
v 8.91695499 11.06826591 11.73939705
v 9.17890167 11.02713203 12.86118889
v 9.26187897 10.81632233 14.48099422
v 9.57060719 10.03630829 11.43132019
v 9.18662071 10.56740189 11.71327496
v 9.57060719 10.03630829 11.43132019
v 9.09817028 10.44254684 10.77322388
v 8.79652214 10.68267441 11.03244877
v 8.58816528 10.87654495 11.08406353
v 8.91695499 11.06826591 11.73939705
v 8.55263424 10.52471733 10.36556816
v 8.41782761 10.63406372 10.65511227
v 8.32548618 10.72646141 10.78891850
v 9.40236759 10.05994034 10.03274345
v 8.69304848 10.25482750 9.64285088
v 8.55263424 10.52471733 10.36556816
v 8.69304848 10.25482750 9.64285088
v 7.90337133 10.03609085 9.54684925
v 8.00788879 10.37759209 10.20400620
v 7.33473253 9.33383751 9.85649586
v 7.43269968 9.96757507 10.41265678
v 7.43269968 9.96757507 10.41265678
v 7.33473253 9.33383751 9.85649586
v 7.30029392 8.46876144 10.61252785
v 7.19780588 9.26286507 11.14801788
v 7.16416216 9.86380577 11.35503674
v 7.54428911 10.25823021 10.62174225
v 7.54919004 7.65149879 11.77867889
v 7.37793255 8.58680534 12.36195469
v 7.08662748 9.54971313 12.55085468
v 7.65219784 6.86867523 13.00059223
v 7.72251654 6.53395271 10.34668541
v 7.91615725 5.47081757 11.23805237
v 8.11443424 4.59398842 11.79778385
v 8.49428654 3.34726334 9.48603153
v 8.72971821 2.46681213 10.00692368
v 8.43778610 3.91107559 12.30170250
v 8.43778610 3.91107559 12.30170250
v 8.72971821 2.46681213 10.00692368
v 9.36405945 1.93503952 10.49064445
v 8.90397167 3.34192276 12.79340076
v 8.04358387 5.59210396 14.34262657
v 10.21557903 1.80708313 10.81104279
v 9.70607948 3.18526459 13.09350681
v 9.70607948 3.18526459 13.09350681
v 10.21557903 1.80708313 10.81104279
v 11.07219791 2.17765045 10.86299419
v 10.51625824 3.54511642 13.04936504
v 10.51625824 3.54511642 13.04936504
v 11.07219791 2.17765045 10.86299419
v 11.54355812 2.93455887 10.60697746
v 11.01179028 4.22703552 12.70280838
v 11.43375301 3.77371979 10.14535904
v 10.97604942 5.00900459 12.13756084
v 11.17703438 4.66297340 9.59224510
v 10.82009506 5.81804466 11.50560570
v 10.95245838 5.79821396 8.76738071
v 10.59692669 6.81423569 10.71375275
v 10.74812508 6.91808510 7.83945370
v 10.42163372 7.89625359 9.89039707
v 10.03243923 8.68506622 11.61643791
v 10.14302635 8.79756737 9.20183372
v 9.84354115 9.49843788 10.70725918
v 9.84354115 9.49843788 10.70725918
v 10.14302635 8.79756737 9.20183372
v 9.59257889 9.47663498 8.63591099
v 10.33607006 7.72013283 7.11034679
v 9.76608086 8.32646751 6.52080011
v 8.82745075 8.44239044 6.26942587
v 8.75232029 9.69849777 8.30305862
v 8.75232029 9.69849777 8.30305862
v 8.82745075 8.44239044 6.26942587
v 7.94746494 8.07791138 6.42178822
v 7.87075090 9.35316658 8.34912300
v 7.87075090 9.35316658 8.34912300
v 7.94746494 8.07791138 6.42178822
v 7.48075390 7.33937836 6.91987371
v 7.38053513 8.53152466 8.81603909
v 7.38053513 8.53152466 8.81603909
v 7.40355444 7.55244446 9.50056076
v 8.29578209 6.21047592 4.50067091
v 7.91170216 5.59486389 5.16082621
v 7.91170216 5.59486389 5.16082621
v 8.29578209 6.21047592 4.50067091
v 9.11492825 4.13296509 3.96115112
v 8.66101551 3.80194092 4.71641064
v 8.66101551 3.80194092 4.71641064
v 9.55050755 2.59225082 3.92402315
v 9.22231865 2.43999100 4.89509010
v 9.22231865 2.43999100 4.89509010
v 9.15751362 2.40285873 6.01315069
v 9.72599983 1.38491821 5.18332243
v 9.50998974 1.42992401 6.38184309
v 9.24668789 1.70279694 7.89710903
v 8.91061878 2.63402557 7.45745850
v 9.24668789 1.70279694 7.89710903
v 9.50998974 1.42992401 6.38184309
v 10.17370129 0.73487473 6.65955448
v 9.86940956 1.06483078 8.30116558
v 11.06269169 0.52615356 6.86163378
v 10.71965504 0.90250778 8.61417580
v 10.71965504 0.90250778 8.61417580
v 11.06269169 0.52615356 6.86163378
v 11.86102104 0.86973953 6.94642735
v 11.54440689 1.25700378 8.72080517
v 11.54440689 1.25700378 8.72080517
v 11.86102104 0.86973953 6.94642735
v 12.18461323 1.67162704 6.89938879
v 11.95962811 2.04309082 8.56552887
v 12.01507092 2.56518936 6.80705738
v 11.81097794 2.90221405 8.28231430
v 11.23349094 0.53858566 5.52131367
v 11.94942760 0.90963364 5.57391644
v 9.72599983 1.38491821 5.18332243
v 10.31370544 2.88856506 3.39814067
v 9.80658913 4.46906090 3.61971951
v 9.80658913 4.46906090 3.61971951
v 10.57758713 4.67593384 3.87624073
v 11.14217472 3.20922852 3.61635113
v 10.31370544 2.88856506 3.39814067
v 9.13946533 6.63562775 4.28159809
v 9.13946533 6.63562775 4.28159809
v 10.09789562 6.65027428 4.62331486
v 10.67476463 6.22259331 5.37624693
v 11.15688610 4.67173767 4.62261295
v 10.09789562 6.65027428 4.62331486
v 9.13946533 6.63562775 4.28159809
v 10.67476463 6.22259331 5.37624693
v 11.15688610 4.67173767 4.62261295
v 11.55343819 3.40774918 4.48136997
v 11.55343819 3.40774918 4.48136997
v 10.67476463 6.22259331 5.37624693
v 10.33607006 7.72013283 7.11034679
v 9.13946533 6.63562775 4.28159809
v 8.29578209 6.21047592 4.50067091
v 10.82057762 1.72219086 3.74305320
v 7.53909779 10.61272812 8.85281658
v -3.74698567 7.68569946 13.97445107
v -16.07248688 59.54620361 -12.11765766
v 15.68458652 31.37909126 38.56678772
v 15.12069607 33.33775330 39.91842651
v 15.92326641 25.03405762 33.91936493
v -10.62332630 9.67604256 19.37467957
v -10.25740910 9.67967415 20.92145538
v -10.22179031 9.36427116 21.13587570
v -11.02326107 9.62994766 19.96270180
v -10.25740910 9.67967415 20.92145538
v -10.46486664 10.00091553 22.29077911
v -10.22179031 9.36427116 21.13587570
v -10.36953926 8.65778923 21.41192818
v -10.46486664 10.00091553 22.29077911
v -4.81420565 64.61917114 1.51297104
v -5.38769197 65.16223907 1.96701312
v -5.40721750 63.88495636 3.24738216
v -4.38000393 63.99361420 0.80217773
v -4.93752718 65.59301758 -0.50321519
v -5.97984409 64.40587616 3.41262388
v -6.08157778 63.65310669 4.09620047
v -5.61776686 63.02909470 3.98520041
v -6.12790108 65.59552765 2.28420186
v -6.18726540 63.23768616 4.65691566
v -5.81562185 62.53362656 4.61675119
v -5.22801018 61.81367874 4.80259657
v -5.81562185 62.53362656 4.61675119
v -6.18726540 63.23768616 4.65691566
v -6.00993299 63.33627701 4.74575377
v -5.49114132 62.77773285 4.69484949
v -4.71380663 62.37353516 4.73899031
v -5.22801018 61.81367874 4.80259657
v -3.69440460 62.16048813 5.11474085
v -4.07704306 61.64739990 5.07831287
v -4.71380663 62.37353516 4.73899031
v -5.49114132 62.77773285 4.69484949
v -5.19158411 63.36888123 4.30720568
v -4.34779978 63.12086868 4.47399426
v -4.34779978 63.12086868 4.47399426
v -3.46990490 63.09927368 4.94097948
v -2.72975469 63.35344696 5.74957371
v -2.77934623 62.19104767 6.05996132
v -4.25540352 64.19821167 4.00272322
v -3.48471880 64.36119080 4.42377901
v -2.84318399 64.73493195 5.08312273
v -2.44898343 65.29568481 5.86121321
v -2.25136733 63.82221222 6.75176048
v -3.63212729 65.61895752 3.82442570
v -3.06054807 66.05801392 4.35700560
v -2.76288533 66.63130188 4.96484327
v -2.76288533 66.63130188 4.96484327
v -2.77733088 67.23210907 5.55806541
v -2.39599967 65.91058350 6.62070847
v -2.44898343 65.29568481 5.86121321
v -3.11985850 67.62616730 4.24124908
v -3.20219660 68.15450287 4.68649530
v -2.73992872 66.46463776 7.29332447
v -2.45179105 64.94602966 8.45609379
v -2.14811230 64.39270782 7.67790794
v -2.25136733 63.82221222 6.75176048
v -3.12762475 67.76293182 6.09022951
v -3.12762475 67.76293182 6.09022951
v -3.73667765 68.12699890 6.47272873
v -3.36092949 66.87920380 7.78711033
v -2.73992872 66.46463776 7.29332447
v -2.77733088 67.23210907 5.55806541
v -3.20219660 68.15450287 4.68649530
v -4.13668585 67.10156250 8.03815365
v -3.05433154 65.40631104 9.01202774
v -2.45179105 64.94602966 8.45609379
v -4.45355940 68.27626038 6.65736532
v -4.45355940 68.27626038 6.65736532
v -5.20027828 68.21176147 6.63014841
v -4.69772434 68.98166656 5.34525728
v -4.69772434 68.98166656 5.34525728
v -5.30151844 68.92151642 5.26346779
v -5.83004999 68.71424866 5.02971077
v -5.86667633 68.03289795 6.33880568
v -4.74494696 69.28631592 4.15820217
v -5.22921610 69.22672272 4.05827570
v -5.67094803 68.97949219 3.90014791
v -4.11168623 68.88926697 5.29854679
v -4.31083965 69.20858002 4.22441387
v -4.74494696 69.28631592 4.15820217
v -4.58398628 69.04878235 3.29614878
v -5.00803185 68.97717285 3.18972945
v -5.22921610 69.22672272 4.05827570
v -4.02299786 68.41952515 3.17506194
v -4.50713778 68.41106415 2.91889381
v -5.01902962 68.37972260 2.86899114
v -4.50713778 68.41106415 2.91889381
v -4.49427080 67.57121277 2.88234591
v -5.08863783 67.51614380 2.84990859
v -5.01902962 68.37972260 2.86899114
v -5.08863783 67.51614380 2.84990859
v -4.49427080 67.57121277 2.88234591
v -4.42989016 66.55004120 3.09226990
v -5.11574554 66.46560669 3.06597352
v -5.76301336 66.52080536 3.25998569
v -5.68047237 67.57610321 3.05491352
v -5.50609112 68.38266754 3.05156398
v -5.01902962 68.37972260 2.86899114
v -6.26328421 66.72505188 3.70222950
v -6.15500355 67.73782349 3.57816911
v -5.68047237 67.57610321 3.05491352
v -6.15500355 67.73782349 3.57816911
v -6.15500355 67.73782349 3.57816911
v -6.26328421 66.72505188 3.70222950
v -6.22575426 68.31568909 4.66645384
v -5.99189138 68.46577454 3.68565869
v -6.34347296 67.72956848 5.79264641
v -6.22575426 68.31568909 4.66645384
v -6.34347296 67.72956848 5.79264641
v -6.22575426 68.31568909 4.66645384
v -5.83004999 68.71424866 5.02971077
v -6.37691355 66.93035889 6.79417038
v -6.37691355 66.93035889 6.79417038
v -6.75197792 65.80728912 6.62939405
v -6.37448359 66.14918518 7.51079655
v -6.37691355 66.93035889 6.79417038
v -6.37448359 66.14918518 7.51079655
v -5.75568819 66.19570923 8.36968422
v -5.76646471 67.13256836 7.49555302
v -6.39972258 65.63760376 7.88475704
v -6.39972258 65.63760376 7.88475704
v -5.86507320 65.55854034 8.79275703
v -6.46837139 65.36023712 8.10535812
v -6.39972258 65.63760376 7.88475704
v -6.46837139 65.36023712 8.10535812
v -6.08168983 65.45446777 9.08757782
v -5.86507320 65.55854034 8.79275703
v -6.46837139 65.36023712 8.10535812
v -6.74530888 64.92321777 7.24430704
v -7.07138252 65.02322388 7.35186577
v -6.67907000 65.64872742 8.16262245
v -6.46837139 65.36023712 8.10535812
v -6.67907000 65.64872742 8.16262245
v -7.07138252 65.02322388 7.35186577
v -6.82512331 66.03005981 8.10884094
v -6.34178877 66.42547607 9.23712826
v -7.09828901 66.62303162 7.93693352
v -6.68967056 67.14497375 8.97419262
v -6.34178877 66.42547607 9.23712826
v -6.68967056 67.14497375 8.97419262
v -6.65025663 67.49720001 9.95949936
v -6.20758247 66.66932678 10.27841759
v -6.20758247 66.66932678 10.27841759
v -6.20758247 66.66932678 10.27841759
v -6.65025663 67.49720001 9.95949936
v -7.03941870 67.63746643 10.81068325
v -6.53495455 66.80508423 11.21679020
v -5.89513922 65.99720764 10.40583134
v -7.68959570 67.55250549 11.47577190
v -7.16368246 66.71160889 11.92812252
v -8.46542740 67.22007751 11.93098927
v -7.84113598 66.23700714 12.48573780
v -7.38639975 65.49236298 12.90382290
v -7.81266069 68.73244476 10.05168533
v -8.48293686 68.67254639 10.64282799
v -9.26482487 68.41551208 11.03082466
v -9.26482487 68.41551208 11.03082466
v -8.48293686 68.67254639 10.64282799
v -9.55382061 69.91012573 9.44035721
v -10.26074505 69.66267395 9.75080204
v -10.97507668 69.32472229 9.89225578
v -10.05628967 68.00608063 11.17893600
v -9.22283649 66.66441345 12.15293407
v -8.46542740 67.22007751 11.93098927
v -11.60077858 68.90994263 9.82931614
v -10.79044628 67.52173615 11.09929371
v -10.05628967 68.00608063 11.17893600
v -10.79044628 67.52173615 11.09929371
v -11.60077858 68.90994263 9.82931614
v -12.08647823 68.41641235 9.53916645
v -11.37214470 66.98551178 10.71995258
v -10.60013199 65.58971405 11.57068062
v -11.73139858 66.45114899 10.06928635
v -11.09792328 65.03376770 10.79178047
v -10.57722950 63.74021530 11.14123821
v -9.91890049 64.30821228 12.08627701
v -10.20413589 62.57591248 11.22330952
v -9.38036537 63.06151581 12.37743473
v -10.03292561 61.69404984 11.19983196
v -9.10184097 62.03479385 12.55472755
v -8.19655609 62.30850983 13.32301903
v -7.41691875 62.44122314 13.73755455
v -10.69344521 62.39776993 9.75384331
v -10.61229420 61.62697601 9.51804543
v -10.03292561 61.69404984 11.19983196
v -10.61229420 61.62697601 9.51804543
v -10.70044804 61.03788757 9.18576813
v -10.02591610 60.96006012 11.18862915
v -10.69344521 62.39776993 9.75384331
v -10.80066681 62.51153564 8.56315994
v -10.58913994 61.78339386 8.24470043
v -10.92478752 61.31989288 7.74122047
v -10.55606079 63.16575623 7.57090807
v -11.12993622 62.64866638 6.83749723
v -10.58913994 61.78339386 8.24470043
v -10.92487049 63.41118240 9.88364887
v -11.08283997 63.29260254 8.75660706
v -10.84988880 63.53290558 7.71280718
v -11.37072945 64.62493896 9.74647903
v -11.46071243 64.39616394 8.69794750
v -11.26805592 64.32999420 7.75775814
v -11.87047958 65.66819763 8.31062508
v -11.66357803 65.49824524 7.43478155
v -11.26805592 64.32999420 7.75775814
v -11.66357803 65.49824524 7.43478155
v -11.17092419 65.52530670 6.71403027
v -10.75144577 64.58971405 6.90005207
v -10.48106670 64.31616211 6.84907484
v -10.84988880 63.53290558 7.71280718
v -10.44746399 65.78308105 6.17887306
v -10.06113720 65.03324890 6.33883095
v -9.97182178 64.67738342 6.18874741
v -9.56468487 66.11003113 5.99284601
v -9.34217167 65.26937866 6.15501928
v -10.06113720 65.03324890 6.33883095
v -9.97182178 64.67738342 6.18874741
v -11.54090023 66.70638275 6.30688858
v -10.81115437 66.83818054 5.86395073
v -9.99079990 67.15858459 5.69666290
v -11.23932648 68.10853577 5.52658463
v -10.54583549 68.40205383 5.41398096
v -9.99079990 67.15858459 5.69666290
v -10.54583549 68.40205383 5.41398096
v -9.22518635 67.59112549 5.88696384
v -8.63225460 68.09838867 6.38844776
v -8.27403641 68.69157410 7.01570654
v -7.52716970 67.47663879 7.60514975
v -8.22466850 69.27473450 7.66515446
v -7.24397564 68.07174683 8.45855522
v -7.24397564 68.07174683 8.45855522
v -8.22466850 69.27473450 7.66515446
v -8.44883633 69.73547363 8.32377720
v -7.36488724 68.52703857 9.29291153
v -6.65025663 67.49720001 9.95949936
v -6.68967056 67.14497375 8.97419262
v -7.36488724 68.52703857 9.29291153
v -8.44883633 69.73547363 8.32377720
v -8.91592121 69.94990540 8.93595219
v -9.58710194 70.64440918 7.46381140
v -9.55382061 69.91012573 9.44035721
v -9.58710194 70.64440918 7.46381140
v -9.34051418 70.30131531 6.94266605
v -10.36820698 70.92580414 6.37010384
v -10.63049793 71.18882751 6.80452776
v -10.97726822 71.28123474 7.21575546
v -9.98130798 70.79100037 7.96286774
v -11.38491726 71.36882019 6.47421074
v -11.60940647 71.37805176 6.97885227
v -11.12754059 71.11955261 5.98908949
v -11.73965836 71.08404541 5.81767416
v -11.95197582 71.32949066 6.32749701
v -10.22001934 70.52374268 5.99152040
v -10.90084934 70.63236237 5.62392092
v -11.48168564 70.50920105 5.41484880
v -11.48168564 70.50920105 5.41484880
v -11.73965836 71.08404541 5.81767416
v -11.48168564 70.50920105 5.41484880
v -11.11286259 69.58150482 5.26212311
v -11.48168564 70.50920105 5.41484880
v -11.11286259 69.58150482 5.26212311
v -11.68637562 69.32537079 5.33032227
v -12.00943947 70.31412506 5.43765306
v -12.22825146 69.20199585 5.64190817
v -12.44042492 70.16576385 5.69428253
v -11.89008713 67.98849487 5.90387154
v -12.38862514 68.04196167 6.43429089
v -12.62582588 69.24048615 6.09927797
v -12.05190468 66.77727509 6.92949152
v -12.05190468 66.77727509 6.92949152
v -12.32323933 67.02911377 7.68350554
v -12.38862514 68.04196167 6.43429089
v -12.40502834 67.42166138 8.42360115
v -11.88867092 65.99210358 9.22731876
v -11.73139858 66.45114899 10.06928635
v -12.35328579 67.90303040 9.05760193
v -11.88867092 65.99210358 9.22731876
v -11.37072945 64.62493896 9.74647903
v -12.35328579 67.90303040 9.05760193
v -12.51971912 69.49512482 8.45987415
v -12.73791599 69.05495453 8.10548210
v -12.15293503 69.92003632 8.69897366
v -12.46428776 70.65231323 7.63640261
v -12.74592972 70.27563477 7.46423101
v -12.89625835 69.86069489 7.20780468
v -12.74592972 70.27563477 7.46423101
v -12.46428776 70.65231323 7.63640261
v -12.49735737 71.01316071 6.83583069
v -12.75942135 70.61692047 6.71308136
v -12.75942135 70.61692047 6.71308136
v -12.49735737 71.01316071 6.83583069
v -12.09084225 71.28455353 6.91041136
v -11.95197582 71.32949066 6.32749701
v -12.49735737 71.01316071 6.83583069
v -12.46428776 70.65231323 7.63640261
v -12.06753159 70.96372986 7.69169331
v -12.09084225 71.28455353 6.91041136
v -12.15293503 69.92003632 8.69897366
v -11.65847015 70.27473450 8.76969528
v -11.38491726 71.36882019 6.47421074
v -11.95197582 71.32949066 6.32749701
v -12.62582588 69.24048615 6.09927797
v -12.72032642 70.11663818 6.08992052
v -9.28850365 69.83074951 6.44732332
v -8.27403641 68.69157410 7.01570654
v -10.92487049 63.41118240 9.88364887
v -7.50004053 64.42797852 6.81407928
v -7.07138252 65.02322388 7.35186577
v -6.74530888 64.92321777 7.24430704
v -6.82281351 64.31742096 6.33025503
v -7.50004053 64.42797852 6.81407928
v -6.81395149 65.39702606 5.79090929
v -6.66791868 65.05909729 5.05316114
v -6.31975746 64.74903870 4.43842411
v -6.34369230 64.10649872 4.76029587
v -6.32035875 65.61654663 4.07787085
v -6.32035875 65.61654663 4.07787085
v -5.77809334 65.38901520 3.63960791
v -5.75786161 64.45256042 4.04265022
v -6.31975746 64.74903870 4.43842411
v -5.05198622 64.24231720 3.88907766
v -5.83418655 63.71925735 4.43937254
v -6.34369230 64.10649872 4.76029587
v -5.08457375 65.30240631 3.45121145
v -4.33161879 65.37255859 3.49651909
v -4.25540352 64.19821167 4.00272322
v -4.33161879 65.37255859 3.49651909
v -4.42989016 66.55004120 3.09226990
v -6.00993299 63.33627701 4.74575377
v -6.39505816 63.78530502 4.95682526
v -6.39505816 63.78530502 4.95682526
v -6.00993299 63.33627701 4.74575377
v -6.18726540 63.23768616 4.65691566
v -6.46778059 63.68315125 4.86354113
v -6.39505816 63.78530502 4.95682526
v -6.46778059 63.68315125 4.86354113
v -6.71692467 63.78032684 5.27733326
v -6.67446995 64.04422760 5.44530916
v -6.39505816 63.78530502 4.95682526
v -6.46778059 63.68315125 4.86354113
v -6.51922512 64.09394073 4.34594488
v -6.58441544 64.80048370 3.55731392
v -2.85188270 64.06213379 9.89128113
v -2.26199818 63.60394287 9.32932281
v -2.72364163 63.00497055 10.56693268
v -2.15104198 62.49929810 10.03733349
v -2.26199818 63.60394287 9.32932281
v -2.00362897 63.04641724 8.52232647
v -2.13831186 62.50286484 7.36932421
v -2.13831186 62.50286484 7.36932421
v -2.04542565 61.50596619 7.75160217
v -2.89365292 61.40144348 6.10547400
v -1.86027968 60.84538269 7.94040012
v -3.10833573 60.97713470 5.77819920
v -2.89365292 61.40144348 6.10547400
v -3.47984886 63.32416916 10.89047623
v -2.09440374 61.72763062 10.79370689
v -4.13948536 63.35680771 11.01037216
v -4.71921444 63.37817383 11.15174961
v -4.53343296 62.79640198 11.74863625
v -0.94162101 30.31147003 47.37298584
v -0.67813981 29.87215424 47.62491608
v -9.94146347 59.27408600 14.20837212
v -10.55720139 59.49553680 11.54173470
v -12.41541481 63.61258698 5.41974401
v -13.03734589 62.80741882 3.99519968
v -13.66115665 66.62237549 -4.02021122
v -12.70918465 66.79763794 -3.33212256
v -10.56103039 68.78602600 1.46465290
v -9.75730038 68.30079651 2.12580776
v -9.75730038 68.30079651 2.12580776
v -10.56103039 68.78602600 1.46465290
v -11.15096092 68.80593872 2.10228729
v -10.34662056 68.32575989 2.78473663
v -9.49005413 67.63119507 3.48694706
v -8.95174217 67.59719849 2.71995449
v -11.19072247 68.10905457 3.25665307
v -10.30651379 67.38638306 4.03765535
v -9.45111275 66.55316162 4.75284243
v -8.62524033 66.65810394 4.24326134
v -8.10140800 66.63053131 3.46135330
v -8.79354477 65.69734192 5.34933424
v -10.44653225 66.25518036 5.06824350
v -9.74712753 65.52608490 5.61384487
v -9.37263680 65.06652069 5.92297459
v -8.55040646 65.02903748 5.77435017
v -9.74712753 65.52608490 5.61384487
v -10.44653225 66.25518036 5.06824350
v -9.37263680 65.06652069 5.92297459
v -9.45111275 66.55316162 4.75284243
v -10.30651379 67.38638306 4.03765535
v -11.34286213 67.04042053 4.26411247
v -12.44670486 66.69620514 4.06475115
v -13.00992966 67.50865936 2.89368081
v -12.44670486 66.69620514 4.06475115
v -13.00992966 67.50865936 2.89368081
v -13.44892979 66.91477203 2.07387996
v -13.38507462 66.12826538 3.15944123
v -12.61537647 65.25404358 4.74901724
v -11.49285126 65.81310272 5.15169430
v -13.38507462 66.12826538 3.15944123
v -13.44892979 66.91477203 2.07387996
v -13.25224113 66.25184631 1.14579773
v -12.61537647 65.25404358 4.74901724
v -13.00992966 67.50865936 2.89368081
v -12.99035168 68.25906372 1.82228720
v -12.99035168 68.25906372 1.82228720
v -11.27350140 68.88674164 0.74357402
v -11.88052082 68.96640778 1.50195515
v -11.15096092 68.80593872 2.10228729
v -11.36051559 67.99124146 -0.15145636
v -11.90958405 68.53833008 0.20609036
v -11.27350140 68.88674164 0.74357402
v -11.88052082 68.96640778 1.50195515
v -11.36051559 67.99124146 -0.15145636
v -10.86751175 67.26808167 -0.24617802
v -11.36051559 67.99124146 -0.15145636
v -12.00871658 67.37424469 -0.16401404
v -11.36051559 67.99124146 -0.15145636
v -10.75944614 68.41455841 0.29974112
v -10.86751175 67.26808167 -0.24617802
v -10.39847660 66.54190063 -0.15256858
v -11.06659031 65.98521423 -0.20347050
v -11.54264736 66.73237610 -0.26089710
v -9.37096119 66.52162170 0.44525689
v -9.08774853 66.07188416 0.53387630
v -8.90127945 67.00407410 1.19273710
v -8.52569962 66.49208069 1.33267200
v -10.60116196 65.28677368 0.01448978
v -12.98317242 67.13359070 0.54335141
v -12.45000076 67.89529419 0.10992388
v -12.48846817 68.68172455 0.83750737
v -3.20219660 68.15450287 4.68649530
v -3.68513417 68.75492859 3.93766546
v -4.13292360 69.00137329 3.50724530
v -13.33890057 57.88462830 -17.07872391
v -12.17519093 58.56378174 -16.47549820
v -11.66525841 57.03390503 -17.85190010
v -13.24133110 57.36076736 -18.51777840
v -14.78454876 57.55449677 -17.82929420
v -14.77836037 57.80105591 -16.46976280
v -13.24133110 57.36076736 -18.51777840
v -13.21193314 55.64653015 -18.72060585
v 28.67191696 29.62820244 5.18738937
v 28.04173851 29.93949509 4.84484625
v 28.04173851 29.93949509 4.84484625
v 11.55783558 2.10945129 3.86421371
v 11.85380363 1.32359314 4.51213884
v 11.19575310 0.91309357 4.44897699
v 10.82057762 1.72219086 3.74305320
v 11.94942760 0.90963364 5.57391644
v 11.23349094 0.53858566 5.52131367
v -7.16734743 62.73180008 14.38909054
v -8.72710896 66.33771515 13.73812294
v -8.72710896 66.33771515 13.73812294
v -8.66101646 66.78315735 14.14578533
v -8.47884274 67.32151031 13.66661072
v -8.56781864 66.95781708 13.26430607
v -8.03853512 67.36794281 14.19351387
v -7.65605640 67.51637268 13.84757996
v -8.03721428 67.47758484 13.36997700
v -5.17204094 64.52549744 11.10131073
v -4.95566893 64.21822357 10.42504120
v -2.02345634 61.44975662 11.72494125
v -0.97222781 60.46237564 14.91058254
v -0.36614239 60.25307465 13.41341209
v -0.62855375 60.64591217 13.49489403
v -0.97222781 60.46237564 14.91058254
v -0.45703620 60.29433441 15.12977505
v -1.27759755 60.90588379 14.95009136
v -10.23177338 60.32517242 11.23827648
v -17.28085899 22.66254044 31.12174416
v -18.21711540 21.96185303 30.69659042
v -17.00370216 26.38705063 31.40937042
v -16.61127853 26.69165039 31.41519547
v -17.59697533 27.17380142 30.81320190
v -19.11686897 0.59734726 12.05319881
v -18.45189095 0.44849396 11.68735218
v 9.92003727 31.91285515 40.42716980
v 9.18887615 32.17112732 39.99974060
v 9.24944973 31.40670586 39.42976379
v 9.50174141 31.19223022 40.13311005
v 10.89173508 31.31578636 40.97237396
v 10.66365623 31.97660637 41.37481689
v -1.14163327 67.93699646 10.73896885
v -1.31198812 67.77326965 10.42094135
v -1.76852274 67.93768311 10.50211048
v -1.60192478 68.10533142 10.86665821
v -1.42927897 68.03015137 11.45089054
v -1.42927897 68.03015137 11.45089054

# 7155 UV coordinates
vt 0.89378202 0.46482730 0.00000000
vt 0.89760667 0.46247122 0.00000000
vt 0.90802246 0.47984320 0.00000000
vt 0.90693486 0.48270357 0.00000000
vt 0.89260292 0.43896648 0.00000000
vt 0.89619833 0.44002879 0.00000000
vt 0.90440774 0.48983765 0.00000000
vt 0.89006835 0.47959936 0.00000000
vt 0.87673050 0.47257769 0.00000000
vt 0.88143587 0.45687756 0.00000000
vt 0.46132362 0.56551403 0.00000000
vt 0.44622993 0.57310086 0.00000000
vt 0.44352856 0.56608486 0.00000000
vt 0.45311865 0.55752182 0.00000000
vt 0.46730193 0.58808148 0.00000000
vt 0.45039999 0.58979404 0.00000000
vt 0.45596644 0.54727209 0.00000000
vt 0.46437362 0.54855418 0.00000000
vt 0.76280671 0.93841469 0.00000000
vt 0.76538473 0.93535280 0.00000000
vt 0.76921368 0.94746482 0.00000000
vt 0.76428223 0.94858295 0.00000000
vt 0.75947767 0.94867724 0.00000000
vt 0.75964552 0.93587136 0.00000000
vt 0.76185572 0.93186295 0.00000000
vt 0.19776455 0.92085367 0.00000000
vt 0.20344099 0.92853057 0.00000000
vt 0.19911236 0.93077415 0.00000000
vt 0.19418155 0.92087984 0.00000000
vt 0.03053474 0.31251052 0.00000000
vt 0.02677139 0.31260976 0.00000000
vt 0.02632301 0.30785120 0.00000000
vt 0.03054300 0.30846250 0.00000000
vt 0.91811591 0.33952153 0.00000000
vt 0.92174459 0.33701351 0.00000000
vt 0.92171162 0.34993044 0.00000000
vt 0.91705161 0.34944913 0.00000000
vt 0.23775952 0.29588255 0.00000000
vt 0.23774882 0.29827520 0.00000000
vt 0.23481673 0.29757103 0.00000000
vt 0.23541872 0.29473451 0.00000000
vt 0.82356673 0.92098308 0.00000000
vt 0.82525891 0.91901290 0.00000000
vt 0.82773751 0.92424119 0.00000000
vt 0.82460266 0.92537993 0.00000000
vt 0.97428113 0.83002561 0.00000000
vt 0.97525442 0.83426565 0.00000000
vt 0.97172511 0.83405662 0.00000000
vt 0.97145605 0.82945961 0.00000000
vt 0.96813142 0.83525300 0.00000000
vt 0.96665692 0.83198071 0.00000000
vt 0.96596718 0.84262097 0.00000000
vt 0.96147180 0.84184319 0.00000000
vt 0.97066253 0.84317231 0.00000000
vt 0.41753963 0.55998003 0.00000000
vt 0.41971180 0.55369711 0.00000000
vt 0.42588133 0.55276978 0.00000000
vt 0.42961368 0.55541474 0.00000000
vt 0.82623857 0.25096843 0.00000000
vt 0.82351863 0.24184288 0.00000000
vt 0.83093095 0.24237268 0.00000000
vt 0.83215833 0.25019860 0.00000000
vt 0.81052411 0.24323720 0.00000000
vt 0.81239402 0.23868431 0.00000000
vt 0.42667875 0.56286073 0.00000000
vt 0.40335307 0.56952322 0.00000000
vt 0.40096435 0.56634295 0.00000000
vt 0.43645880 0.55761975 0.00000000
vt 0.44199678 0.55944330 0.00000000
vt 0.44208211 0.56280941 0.00000000
vt 0.42718092 0.56914186 0.00000000
vt 0.19352587 0.97305304 0.00000000
vt 0.20325474 0.96803343 0.00000000
vt 0.21153264 0.96767920 0.00000000
vt 0.20822194 0.97282624 0.00000000
vt 0.86815232 0.19686230 0.00000000
vt 0.87011760 0.19025058 0.00000000
vt 0.87618792 0.19804688 0.00000000
vt 0.86969817 0.20458086 0.00000000
vt 0.86196190 0.19732609 0.00000000
vt 0.86328155 0.18826260 0.00000000
vt 0.86306083 0.20734613 0.00000000
vt 0.43516597 0.94004339 0.00000000
vt 0.44451323 0.93410659 0.00000000
vt 0.45041001 0.94415557 0.00000000
vt 0.43644258 0.94752604 0.00000000
vt 0.26930657 0.92385852 0.00000000
vt 0.27518466 0.93015850 0.00000000
vt 0.26585883 0.93471074 0.00000000
vt 0.26202282 0.92431015 0.00000000
vt 0.10558864 0.97858042 0.00000000
vt 0.10567094 0.98605806 0.00000000
vt 0.09414772 0.98684943 0.00000000
vt 0.09655476 0.97553051 0.00000000
vt 0.00230430 0.57856727 0.00000000
vt 0.00380790 0.56711960 0.00000000
vt 0.00660444 0.57023442 0.00000000
vt 0.00660444 0.58118999 0.00000000
vt 0.52946258 0.98396212 0.00000000
vt 0.52812928 0.97789049 0.00000000
vt 0.53560823 0.96989352 0.00000000
vt 0.53716046 0.97521281 0.00000000
vt 0.25386932 0.97311968 0.00000000
vt 0.24927956 0.96613252 0.00000000
vt 0.26166913 0.96157306 0.00000000
vt 0.26320505 0.97242850 0.00000000
vt 0.15327729 0.97650379 0.00000000
vt 0.15300180 0.96735072 0.00000000
vt 0.15938148 0.96862841 0.00000000
vt 0.15818143 0.97981536 0.00000000
vt 0.25040743 0.97745597 0.00000000
vt 0.24067958 0.97014719 0.00000000
vt 0.62928700 0.85303366 0.00000000
vt 0.63519895 0.84665835 0.00000000
vt 0.65420932 0.84952897 0.00000000
vt 0.65330398 0.85284781 0.00000000
vt 0.65455651 0.85766947 0.00000000
vt 0.63302273 0.86327600 0.00000000
vt 0.61235172 0.85827649 0.00000000
vt 0.60417157 0.84229636 0.00000000
vt 0.61515707 0.83885759 0.00000000
vt 0.62157071 0.83613241 0.00000000
vt 0.61761534 0.86901820 0.00000000
vt 0.77609277 0.37398812 0.00000000
vt 0.76063275 0.37567297 0.00000000
vt 0.75588775 0.35931665 0.00000000
vt 0.76701170 0.35725310 0.00000000
vt 0.93193728 0.33027616 0.00000000
vt 0.91180062 0.33938599 0.00000000
vt 0.91050988 0.33517215 0.00000000
vt 0.92712265 0.32636249 0.00000000
vt 0.94677097 0.32799250 0.00000000
vt 0.94752914 0.34122998 0.00000000
vt 0.93271518 0.34343040 0.00000000
vt 0.94486421 0.31059036 0.00000000
vt 0.95280027 0.30943590 0.00000000
vt 0.94009048 0.31055903 0.00000000
vt 0.82658899 0.63400894 0.00000000
vt 0.82421166 0.62948120 0.00000000
vt 0.83629715 0.62754446 0.00000000
vt 0.83680397 0.63391310 0.00000000
vt 0.82519954 0.63892663 0.00000000
vt 0.81847930 0.63503367 0.00000000
vt 0.83666164 0.64047599 0.00000000
vt 0.92976141 0.83976597 0.00000000
vt 0.93263125 0.83514369 0.00000000
vt 0.93787467 0.83977276 0.00000000
vt 0.93214977 0.84524602 0.00000000
vt 0.92616296 0.84691131 0.00000000
vt 0.92551851 0.83965462 0.00000000
vt 0.92679095 0.83181632 0.00000000
vt 0.67514336 0.96385509 0.00000000
vt 0.67805505 0.97006786 0.00000000
vt 0.66413116 0.96737576 0.00000000
vt 0.66390771 0.95971471 0.00000000
vt 0.92960548 0.80382001 0.00000000
vt 0.92894119 0.81161553 0.00000000
vt 0.92029989 0.80764329 0.00000000
vt 0.92494887 0.79860944 0.00000000
vt 0.66573119 0.95064789 0.00000000
vt 0.67678708 0.95655602 0.00000000
vt 0.52584648 0.96715385 0.00000000
vt 0.52674168 0.97231573 0.00000000
vt 0.52041578 0.97314239 0.00000000
vt 0.52110165 0.96514666 0.00000000
vt 0.52466923 0.95561469 0.00000000
vt 0.52979505 0.95944983 0.00000000
vt 0.53316170 0.96449769 0.00000000
vt 0.90268844 0.39398363 0.00000000
vt 0.90809923 0.40259925 0.00000000
vt 0.89380646 0.41639116 0.00000000
vt 0.88736165 0.41166714 0.00000000
vt 0.87341315 0.40381393 0.00000000
vt 0.88331103 0.38660368 0.00000000
vt 0.92486537 0.39044905 0.00000000
vt 0.92468375 0.39560112 0.00000000
vt 0.90728796 0.38231781 0.00000000
vt 0.92607796 0.38455930 0.00000000
vt 0.88840574 0.37696847 0.00000000
vt 0.15374942 0.93238342 0.00000000
vt 0.15868802 0.93102431 0.00000000
vt 0.15904298 0.94166106 0.00000000
vt 0.15284611 0.94094288 0.00000000
vt 0.44906196 0.98247153 0.00000000
vt 0.45242029 0.97316557 0.00000000
vt 0.45952994 0.97491074 0.00000000
vt 0.45183390 0.98626184 0.00000000
vt 0.44032630 0.98451167 0.00000000
vt 0.44009227 0.97275352 0.00000000
vt 0.65393394 0.92688233 0.00000000
vt 0.62784594 0.93274862 0.00000000
vt 0.62612915 0.92647791 0.00000000
vt 0.64817840 0.91903567 0.00000000
vt 0.66380358 0.90847087 0.00000000
vt 0.66847187 0.91573977 0.00000000
vt 0.75904948 0.76670444 0.00000000
vt 0.75061452 0.76212823 0.00000000
vt 0.75578219 0.74048376 0.00000000
vt 0.76453429 0.74219161 0.00000000
vt 0.67925882 0.92241043 0.00000000
vt 0.67477697 0.93005729 0.00000000
vt 0.74497485 0.78347528 0.00000000
vt 0.73956311 0.77972740 0.00000000
vt 0.64105773 0.76862103 0.00000000
vt 0.64697206 0.77227598 0.00000000
vt 0.64426291 0.77782816 0.00000000
vt 0.63622689 0.77580941 0.00000000
vt 0.52714294 0.55968422 0.00000000
vt 0.53669250 0.56081766 0.00000000
vt 0.53736991 0.56455159 0.00000000
vt 0.53230798 0.56425422 0.00000000
vt 0.52507848 0.55430526 0.00000000
vt 0.53652799 0.55585533 0.00000000
vt 0.51560289 0.82696670 0.00000000
vt 0.50987130 0.82731795 0.00000000
vt 0.50676453 0.82153636 0.00000000
vt 0.51678014 0.81407434 0.00000000
vt 0.52719253 0.84223741 0.00000000
vt 0.51835889 0.84381616 0.00000000
vt 0.52655441 0.82005030 0.00000000
vt 0.47488469 0.81190109 0.00000000
vt 0.47883597 0.81743807 0.00000000
vt 0.47377679 0.82061177 0.00000000
vt 0.46358275 0.81204534 0.00000000
vt 0.47927421 0.80124372 0.00000000
vt 0.48288733 0.81356037 0.00000000
vt 0.46490082 0.79395831 0.00000000
vt 0.69245112 0.08860094 0.00000000
vt 0.68557018 0.09120748 0.00000000
vt 0.68313748 0.07943006 0.00000000
vt 0.69348782 0.07964572 0.00000000
vt 0.70330071 0.08141617 0.00000000
vt 0.69793695 0.09297328 0.00000000
vt 0.69022781 0.09832411 0.00000000
vt 0.47630993 0.85087770 0.00000000
vt 0.48016480 0.84728813 0.00000000
vt 0.48533374 0.85236520 0.00000000
vt 0.47827807 0.86352235 0.00000000
vt 0.46860379 0.84415978 0.00000000
vt 0.47612619 0.84114695 0.00000000
vt 0.46543431 0.85955924 0.00000000
vt 0.58125073 0.89598471 0.00000000
vt 0.57592714 0.89118427 0.00000000
vt 0.58211696 0.88858211 0.00000000
vt 0.58636171 0.89570177 0.00000000
vt 0.58001530 0.89970428 0.00000000
vt 0.57139945 0.89431077 0.00000000
vt 0.58725697 0.90082520 0.00000000
vt 0.66342360 0.36767447 0.00000000
vt 0.66598368 0.36287346 0.00000000
vt 0.66948605 0.36538634 0.00000000
vt 0.66527975 0.37645262 0.00000000
vt 0.65787351 0.36678290 0.00000000
vt 0.66270429 0.36082697 0.00000000
vt 0.48933378 0.84819329 0.00000000
vt 0.49726695 0.85331810 0.00000000
vt 0.49479997 0.85969055 0.00000000
vt 0.51653802 0.86202300 0.00000000
vt 0.51683009 0.86957777 0.00000000
vt 0.49894765 0.84711659 0.00000000
vt 0.50846958 0.84227556 0.00000000
vt 0.53133756 0.86701465 0.00000000
vt 0.50126332 0.83896679 0.00000000
vt 0.09906650 0.01553827 0.00000000
vt 0.09703694 0.02078151 0.00000000
vt 0.09136576 0.02201478 0.00000000
vt 0.09136576 0.01091202 0.00000000
vt 0.74296492 0.53826654 0.00000000
vt 0.75682813 0.53699327 0.00000000
vt 0.76272148 0.54023594 0.00000000
vt 0.75897735 0.54301089 0.00000000
vt 0.76249009 0.55269969 0.00000000
vt 0.74002606 0.55273545 0.00000000
vt 0.02252570 0.44515017 0.00000000
vt 0.02024332 0.44069117 0.00000000
vt 0.02598931 0.43759930 0.00000000
vt 0.03218584 0.44431168 0.00000000
vt 0.01483535 0.45350435 0.00000000
vt 0.01442407 0.44269165 0.00000000
vt 0.77420515 0.54690945 0.00000000
vt 0.78516388 0.54815483 0.00000000
vt 0.77854407 0.55973101 0.00000000
vt 0.75190914 0.48603493 0.00000000
vt 0.77335757 0.48097509 0.00000000
vt 0.77582520 0.48829430 0.00000000
vt 0.76316899 0.49415612 0.00000000
vt 0.74908787 0.47102427 0.00000000
vt 0.77032018 0.46883264 0.00000000
vt 0.72285831 0.48300102 0.00000000
vt 0.72256726 0.47181839 0.00000000
vt 0.74702638 0.49825308 0.00000000
vt 0.72256923 0.49246776 0.00000000
vt 0.75722480 0.50257957 0.00000000
vt 0.71434605 0.79558671 0.00000000
vt 0.71616018 0.80061865 0.00000000
vt 0.70204735 0.80229974 0.00000000
vt 0.70459872 0.79572922 0.00000000
vt 0.72083408 0.78921729 0.00000000
vt 0.72717047 0.79277533 0.00000000
vt 0.70982111 0.78636736 0.00000000
vt 0.55006737 0.67436379 0.00000000
vt 0.53996515 0.68191063 0.00000000
vt 0.53773534 0.67888850 0.00000000
vt 0.54521382 0.67356426 0.00000000
vt 0.79144669 0.65491116 0.00000000
vt 0.79567105 0.65528041 0.00000000
vt 0.79974192 0.66385150 0.00000000
vt 0.79723561 0.66604859 0.00000000
vt 0.54706603 0.67129463 0.00000000
vt 0.55110204 0.67032260 0.00000000
vt 0.80447066 0.72716498 0.00000000
vt 0.81275266 0.72503096 0.00000000
vt 0.80991226 0.73595029 0.00000000
vt 0.79891604 0.73516655 0.00000000
vt 0.79970860 0.72113228 0.00000000
vt 0.81098151 0.71535832 0.00000000
vt 0.78807664 0.73031425 0.00000000
vt 0.82175791 0.73286152 0.00000000
vt 0.82610410 0.73425961 0.00000000
vt 0.81358171 0.74959606 0.00000000
vt 0.80867302 0.75070500 0.00000000
vt 0.82332641 0.72151268 0.00000000
vt 0.80114681 0.75080919 0.00000000
vt 0.95358133 0.19024585 0.00000000
vt 0.95739651 0.19605573 0.00000000
vt 0.94740093 0.19527930 0.00000000
vt 0.94496018 0.18748859 0.00000000
vt 0.95558828 0.18675189 0.00000000
vt 0.96262515 0.19435239 0.00000000
vt 0.69438684 0.35759529 0.00000000
vt 0.69552290 0.36666155 0.00000000
vt 0.69033426 0.37013030 0.00000000
vt 0.69033676 0.35694739 0.00000000
vt 0.80789822 0.80156147 0.00000000
vt 0.81518692 0.79124516 0.00000000
vt 0.81665903 0.81639844 0.00000000
vt 0.80921799 0.82104927 0.00000000
vt 0.80504328 0.82290459 0.00000000
vt 0.80209243 0.81594789 0.00000000
vt 0.79611260 0.81041479 0.00000000
vt 0.80201340 0.79585940 0.00000000
vt 0.76778370 0.80525160 0.00000000
vt 0.76765525 0.81214619 0.00000000
vt 0.76248711 0.81698173 0.00000000
vt 0.75846612 0.80788660 0.00000000
vt 0.77915156 0.79292488 0.00000000
vt 0.77707112 0.80530494 0.00000000
vt 0.76754737 0.79092598 0.00000000
vt 0.57552207 0.28189120 0.00000000
vt 0.56846797 0.28943026 0.00000000
vt 0.55809355 0.28811309 0.00000000
vt 0.56562263 0.27420416 0.00000000
vt 0.59457171 0.27788869 0.00000000
vt 0.57452929 0.29216897 0.00000000
vt 0.59363943 0.26248014 0.00000000
vt 0.58861601 0.35330787 0.00000000
vt 0.58337289 0.34806731 0.00000000
vt 0.58635741 0.33764121 0.00000000
vt 0.59178710 0.33821130 0.00000000
vt 0.60348672 0.35210446 0.00000000
vt 0.60691988 0.36829832 0.00000000
vt 0.59099334 0.37025151 0.00000000
vt 0.60129535 0.33722156 0.00000000
vt 0.57565391 0.37365043 0.00000000
vt 0.57536048 0.36060926 0.00000000
vt 0.57555711 0.35492370 0.00000000
vt 0.54363018 0.35501140 0.00000000
vt 0.54091668 0.34039438 0.00000000
vt 0.54847020 0.33460981 0.00000000
vt 0.55371976 0.34646544 0.00000000
vt 0.54090399 0.37365171 0.00000000
vt 0.52126884 0.37533441 0.00000000
vt 0.52228606 0.35918701 0.00000000
vt 0.56064570 0.36070430 0.00000000
vt 0.55857712 0.37401584 0.00000000
vt 0.64962137 0.47498634 0.00000000
vt 0.67028558 0.47345650 0.00000000
vt 0.66775191 0.48555169 0.00000000
vt 0.65017629 0.48985085 0.00000000
vt 0.56380725 0.35398269 0.00000000
vt 0.61921215 0.60683262 0.00000000
vt 0.62424058 0.60266489 0.00000000
vt 0.62660819 0.61546212 0.00000000
vt 0.61806303 0.61493129 0.00000000
vt 0.61163640 0.60154700 0.00000000
vt 0.61526912 0.59438103 0.00000000
vt 0.26104644 0.26374152 0.00000000
vt 0.26849779 0.26265010 0.00000000
vt 0.27078170 0.27298325 0.00000000
vt 0.26067460 0.27298316 0.00000000
vt 0.61725801 0.67384529 0.00000000
vt 0.61355019 0.66592103 0.00000000
vt 0.62337196 0.65977925 0.00000000
vt 0.62750095 0.66436547 0.00000000
vt 0.60919827 0.67857659 0.00000000
vt 0.60719109 0.66902745 0.00000000
vt 0.61602497 0.68807578 0.00000000
vt 0.60798794 0.68885940 0.00000000
vt 0.54795200 0.30030656 0.00000000
vt 0.54603165 0.30842823 0.00000000
vt 0.53717935 0.31300560 0.00000000
vt 0.54068500 0.29789737 0.00000000
vt 0.54835516 0.53784537 0.00000000
vt 0.55477226 0.54649317 0.00000000
vt 0.55454075 0.55257076 0.00000000
vt 0.54955471 0.54591459 0.00000000
vt 0.54351449 0.55029625 0.00000000
vt 0.54351449 0.53206646 0.00000000
vt 0.60461777 0.67898399 0.00000000
vt 0.60154420 0.68424714 0.00000000
vt 0.56818306 0.00897202 0.00000000
vt 0.56982648 0.01508848 0.00000000
vt 0.56730479 0.01667613 0.00000000
vt 0.56478661 0.00871858 0.00000000
vt 0.57054090 0.00260192 0.00000000
vt 0.57273525 0.01335876 0.00000000
vt 0.00522044 0.22780904 0.00000000
vt 0.00170894 0.22895364 0.00000000
vt 0.00170894 0.21828032 0.00000000
vt 0.00660444 0.22216155 0.00000000
vt 0.75193071 0.82296878 0.00000000
vt 0.76101345 0.82551950 0.00000000
vt 0.76455194 0.83527631 0.00000000
vt 0.75889140 0.83698809 0.00000000
vt 0.75222117 0.84208834 0.00000000
vt 0.74192220 0.83142358 0.00000000
vt 0.91411668 0.61985844 0.00000000
vt 0.91360962 0.62943012 0.00000000
vt 0.90337580 0.63314593 0.00000000
vt 0.90728265 0.61690050 0.00000000
vt 0.02092540 0.70220613 0.00000000
vt 0.01632556 0.70811719 0.00000000
vt 0.00933440 0.70076889 0.00000000
vt 0.01698407 0.69586778 0.00000000
vt 0.02737118 0.69398558 0.00000000
vt 0.02804986 0.70319271 0.00000000
vt 0.02601396 0.71248716 0.00000000
vt 0.19174474 0.96605694 0.00000000
vt 0.19297752 0.95928377 0.00000000
vt 0.19987389 0.95999295 0.00000000
vt 0.19542328 0.96864998 0.00000000
vt 0.18577251 0.96741378 0.00000000
vt 0.18503588 0.95999873 0.00000000
vt 0.32870588 0.71264255 0.00000000
vt 0.32474139 0.71433133 0.00000000
vt 0.32413796 0.70550221 0.00000000
vt 0.32941568 0.70641047 0.00000000
vt 0.29716083 0.53180248 0.00000000
vt 0.30151445 0.52999204 0.00000000
vt 0.30225149 0.53949660 0.00000000
vt 0.29602066 0.53874284 0.00000000
vt 0.00791491 0.60389471 0.00000000
vt 0.01151026 0.59789258 0.00000000
vt 0.01731156 0.60096049 0.00000000
vt 0.01059704 0.60760772 0.00000000
vt 0.00131843 0.60303742 0.00000000
vt 0.00437326 0.59582049 0.00000000
vt 0.01050952 0.87142777 0.00000000
vt 0.01479805 0.87452978 0.00000000
vt 0.01121545 0.87961018 0.00000000
vt 0.00636750 0.87378842 0.00000000
vt 0.00491517 0.86604065 0.00000000
vt 0.01075964 0.86622667 0.00000000
vt 0.01714215 0.86826497 0.00000000
vt 0.94667512 0.58733833 0.00000000
vt 0.95006186 0.59303236 0.00000000
vt 0.94262415 0.59503287 0.00000000
vt 0.94026971 0.58804208 0.00000000
vt 0.93980807 0.58217132 0.00000000
vt 0.94896942 0.58363432 0.00000000
vt 0.95553160 0.59023499 0.00000000
vt 0.03527189 0.84536046 0.00000000
vt 0.03204586 0.83959949 0.00000000
vt 0.04704954 0.83406401 0.00000000
vt 0.04548908 0.84358943 0.00000000
vt 0.03046206 0.85327184 0.00000000
vt 0.02329234 0.84998256 0.00000000
vt 0.04169541 0.85542452 0.00000000
vt 0.79925597 0.86083299 0.00000000
vt 0.79797816 0.87649512 0.00000000
vt 0.78497458 0.86961645 0.00000000
vt 0.78697079 0.85780859 0.00000000
vt 0.78656161 0.85296065 0.00000000
vt 0.79227078 0.85234088 0.00000000
vt 0.80174810 0.84750193 0.00000000
vt 0.81047755 0.85143471 0.00000000
vt 0.25703254 0.43468615 0.00000000
vt 0.25519097 0.43873739 0.00000000
vt 0.25255829 0.43687144 0.00000000
vt 0.25502107 0.42932126 0.00000000
vt 0.26147562 0.43511727 0.00000000
vt 0.25785813 0.44106096 0.00000000
vt 0.25886282 0.42713886 0.00000000
vt 0.81273842 0.83044803 0.00000000
vt 0.80801654 0.83227319 0.00000000
vt 0.81712967 0.84131414 0.00000000
vt 0.80578673 0.84040809 0.00000000
vt 0.82478726 0.83223528 0.00000000
vt 0.24877158 0.42858088 0.00000000
vt 0.25165871 0.42798051 0.00000000
vt 0.24905935 0.43519515 0.00000000
vt 0.24571277 0.43406656 0.00000000
vt 0.83568788 0.74858463 0.00000000
vt 0.84096426 0.75142699 0.00000000
vt 0.83963710 0.75584555 0.00000000
vt 0.83341551 0.75073755 0.00000000
vt 0.82961863 0.74741530 0.00000000
vt 0.83440357 0.74606311 0.00000000
vt 0.82854360 0.77494299 0.00000000
vt 0.83161920 0.77000749 0.00000000
vt 0.83838475 0.77624136 0.00000000
vt 0.83349818 0.78002799 0.00000000
vt 0.82904178 0.78267217 0.00000000
vt 0.82423753 0.77535021 0.00000000
vt 0.82546234 0.76724398 0.00000000
vt 0.77170032 0.31999373 0.00000000
vt 0.76596218 0.34041354 0.00000000
vt 0.75359434 0.34146789 0.00000000
vt 0.75332838 0.32340884 0.00000000
vt 0.75173289 0.30813700 0.00000000
vt 0.76972401 0.30532187 0.00000000
vt 0.77870059 0.32343021 0.00000000
vt 0.77165854 0.34029955 0.00000000
vt 0.86997896 0.33671629 0.00000000
vt 0.85735309 0.32111540 0.00000000
vt 0.86208874 0.31937417 0.00000000
vt 0.87446004 0.33049622 0.00000000
vt 0.78622139 0.29871073 0.00000000
vt 0.78814483 0.30648857 0.00000000
vt 0.97357547 0.07713654 0.00000000
vt 0.97248435 0.08516067 0.00000000
vt 0.96474952 0.08469468 0.00000000
vt 0.96857733 0.07418702 0.00000000
vt 0.79274964 0.35507846 0.00000000
vt 0.79417080 0.34851179 0.00000000
vt 0.80341923 0.35336897 0.00000000
vt 0.79840875 0.36028022 0.00000000
vt 0.70079082 0.96441644 0.00000000
vt 0.69585526 0.96536750 0.00000000
vt 0.69650406 0.95378584 0.00000000
vt 0.70227128 0.95683706 0.00000000
vt 0.30619109 0.93525380 0.00000000
vt 0.30751929 0.92715549 0.00000000
vt 0.31689173 0.93016946 0.00000000
vt 0.31233352 0.93909395 0.00000000
vt 0.30010709 0.93819493 0.00000000
vt 0.29808265 0.92763227 0.00000000
vt 0.30663681 0.94575518 0.00000000
vt 0.33410034 0.93338734 0.00000000
vt 0.33462453 0.94032365 0.00000000
vt 0.32587481 0.93543643 0.00000000
vt 0.32934374 0.92802131 0.00000000
vt 0.95705765 0.92837769 0.00000000
vt 0.96250123 0.92705798 0.00000000
vt 0.96388215 0.93662298 0.00000000
vt 0.95691109 0.93541449 0.00000000
vt 0.95316952 0.92360675 0.00000000
vt 0.95872879 0.91920209 0.00000000
vt 0.93435079 0.25809780 0.00000000
vt 0.93185103 0.24014580 0.00000000
vt 0.94554383 0.24095501 0.00000000
vt 0.94543290 0.25773084 0.00000000
vt 0.94106025 0.27713710 0.00000000
vt 0.93743163 0.27894527 0.00000000
vt 0.92965090 0.26477110 0.00000000
vt 0.94655919 0.27557421 0.00000000
vt 0.30227610 0.97873980 0.00000000
vt 0.29327041 0.97541517 0.00000000
vt 0.29995301 0.96841592 0.00000000
vt 0.31012025 0.97654670 0.00000000
vt 0.11823324 0.91224939 0.00000000
vt 0.12393066 0.91162020 0.00000000
vt 0.12389164 0.92208451 0.00000000
vt 0.11751955 0.91999996 0.00000000
vt 0.11488289 0.90463489 0.00000000
vt 0.12051181 0.90041035 0.00000000
vt 0.52032381 0.23427583 0.00000000
vt 0.51773900 0.23230760 0.00000000
vt 0.51837659 0.22771740 0.00000000
vt 0.52289838 0.22837321 0.00000000
vt 0.52835459 0.23011871 0.00000000
vt 0.52754295 0.23555805 0.00000000
vt 0.16655491 0.39352247 0.00000000
vt 0.16951954 0.38659686 0.00000000
vt 0.17611824 0.38801426 0.00000000
vt 0.17611824 0.39911580 0.00000000
vt 0.71700472 0.12352252 0.00000000
vt 0.71295786 0.12009425 0.00000000
vt 0.72422111 0.11021401 0.00000000
vt 0.73342729 0.11783893 0.00000000
vt 0.70766360 0.13405965 0.00000000
vt 0.70363277 0.12624121 0.00000000
vt 0.72682911 0.13419361 0.00000000
vt 0.90664071 0.77379072 0.00000000
vt 0.89883560 0.77699846 0.00000000
vt 0.90091318 0.76763070 0.00000000
vt 0.90831453 0.76046568 0.00000000
vt 0.91241437 0.77858454 0.00000000
vt 0.90336877 0.79473221 0.00000000
vt 0.89772534 0.79199922 0.00000000
vt 0.89304596 0.79064900 0.00000000
vt 0.65196359 0.20221545 0.00000000
vt 0.65159178 0.18336070 0.00000000
vt 0.65876323 0.18682033 0.00000000
vt 0.66044331 0.20473741 0.00000000
vt 0.71417582 0.10114749 0.00000000
vt 0.71908033 0.10603111 0.00000000
vt 0.71120703 0.11723546 0.00000000
vt 0.70830286 0.11482343 0.00000000
vt 0.72275388 0.08787055 0.00000000
vt 0.72713798 0.09205817 0.00000000
vt 0.88339210 0.82129955 0.00000000
vt 0.88038480 0.81235957 0.00000000
vt 0.88569957 0.80289066 0.00000000
vt 0.89030343 0.80708492 0.00000000
vt 0.87633866 0.82455647 0.00000000
vt 0.87654483 0.81800163 0.00000000
vt 0.87630659 0.83457613 0.00000000
vt 0.87208492 0.83235645 0.00000000
vt 0.10787237 0.50536996 0.00000000
vt 0.09763855 0.50633979 0.00000000
vt 0.10162646 0.50200003 0.00000000
vt 0.10679182 0.50215912 0.00000000
vt 0.01981331 0.73749483 0.00000000
vt 0.00088666 0.73749483 0.00000000
vt 0.00155824 0.73259073 0.00000000
vt 0.01127897 0.73163635 0.00000000
vt 0.17579709 0.41177794 0.00000000
vt 0.17253652 0.40947664 0.00000000
vt 0.00717269 0.66703284 0.00000000
vt 0.00199994 0.66849262 0.00000000
vt 0.00199994 0.65977919 0.00000000
vt 0.00805009 0.66001165 0.00000000
vt 0.01320888 0.66119450 0.00000000
vt 0.01101554 0.66967541 0.00000000
vt 0.00464517 0.67365193 0.00000000
vt 0.09821678 0.48068464 0.00000000
vt 0.10237981 0.48000509 0.00000000
vt 0.10610869 0.48534390 0.00000000
vt 0.10208780 0.48610446 0.00000000
vt 0.42626017 0.92727280 0.00000000
vt 0.42133653 0.92848200 0.00000000
vt 0.42125782 0.92417955 0.00000000
vt 0.42658788 0.92313826 0.00000000
vt 0.42677405 0.93432039 0.00000000
vt 0.42238528 0.93538952 0.00000000
vt 0.30160242 0.32141566 0.00000000
vt 0.29738143 0.32062751 0.00000000
vt 0.29738143 0.31424206 0.00000000
vt 0.30106917 0.31524524 0.00000000
vt 0.42062473 0.91787922 0.00000000
vt 0.41566706 0.91673028 0.00000000
vt 0.41875619 0.91267073 0.00000000
vt 0.42412794 0.91595113 0.00000000
vt 0.25567576 0.27892369 0.00000000
vt 0.25757286 0.28253895 0.00000000
vt 0.25348696 0.28399062 0.00000000
vt 0.25213638 0.27946442 0.00000000
vt 0.25181174 0.27360392 0.00000000
vt 0.25666359 0.27438721 0.00000000
vt 0.40779698 0.89815354 0.00000000
vt 0.40439740 0.90585852 0.00000000
vt 0.40048406 0.90320885 0.00000000
vt 0.40464193 0.89676684 0.00000000
vt 0.40882704 0.89443755 0.00000000
vt 0.41734919 0.90194285 0.00000000
vt 0.41545004 0.90386391 0.00000000
vt 0.41147429 0.90919149 0.00000000
vt 0.02221044 0.00259653 0.00000000
vt 0.02421625 0.00096267 0.00000000
vt 0.02421625 0.00880594 0.00000000
vt 0.02169197 0.00511622 0.00000000
vt 0.51506066 0.57195354 0.00000000
vt 0.52123451 0.56502563 0.00000000
vt 0.52286679 0.57010484 0.00000000
vt 0.51884180 0.57690281 0.00000000
vt 0.39141774 0.91963160 0.00000000
vt 0.40473962 0.92244506 0.00000000
vt 0.40515479 0.92780566 0.00000000
vt 0.39282691 0.92613888 0.00000000
vt 0.50760585 0.57238191 0.00000000
vt 0.50808954 0.55933714 0.00000000
vt 0.51438409 0.55886966 0.00000000
vt 0.52039921 0.55588228 0.00000000
vt 0.51715910 0.58559299 0.00000000
vt 0.51297086 0.58370537 0.00000000
vt 0.21791939 0.00265056 0.00000000
vt 0.22234917 0.00630169 0.00000000
vt 0.21951310 0.01320888 0.00000000
vt 0.21791939 0.01212290 0.00000000
vt 0.39896142 0.91241884 0.00000000
vt 0.40799147 0.91452050 0.00000000
vt 0.40631491 0.91897380 0.00000000
vt 0.39668575 0.91727161 0.00000000
vt 0.26197580 0.04623106 0.00000000
vt 0.25755897 0.04403199 0.00000000
vt 0.25831014 0.03558762 0.00000000
vt 0.26197580 0.03556724 0.00000000
vt 0.94053292 0.55697376 0.00000000
vt 0.93560714 0.54946470 0.00000000
vt 0.93810207 0.54754007 0.00000000
vt 0.94405997 0.55326164 0.00000000
vt 0.95554346 0.14458314 0.00000000
vt 0.95863903 0.14269625 0.00000000
vt 0.95932990 0.15255746 0.00000000
vt 0.95441818 0.15219267 0.00000000
vt 0.95322704 0.14182012 0.00000000
vt 0.95647883 0.13807036 0.00000000
vt 0.34930584 0.87256265 0.00000000
vt 0.35581481 0.87501431 0.00000000
vt 0.35369945 0.87970555 0.00000000
vt 0.34638470 0.87479657 0.00000000
vt 0.02000587 0.30996129 0.00000000
vt 0.02201475 0.31315529 0.00000000
vt 0.01817662 0.31481126 0.00000000
vt 0.01680912 0.31082696 0.00000000
vt 0.01716633 0.30615273 0.00000000
vt 0.02201475 0.30631703 0.00000000
vt 0.53677428 0.65789115 0.00000000
vt 0.54121727 0.65566254 0.00000000
vt 0.54220796 0.65957385 0.00000000
vt 0.53660494 0.66147912 0.00000000
vt 0.65881521 0.49784657 0.00000000
vt 0.65488726 0.49658722 0.00000000
vt 0.65565085 0.49147472 0.00000000
vt 0.66044331 0.49409357 0.00000000
vt 0.84001207 0.79655331 0.00000000
vt 0.84280062 0.79342145 0.00000000
vt 0.84718376 0.80277675 0.00000000
vt 0.84234238 0.80472320 0.00000000
vt 0.66044331 0.50495678 0.00000000
vt 0.65520114 0.50633979 0.00000000
vt 0.53718543 0.52141565 0.00000000
vt 0.53827089 0.52958387 0.00000000
vt 0.53261280 0.52951193 0.00000000
vt 0.53333849 0.52008778 0.00000000
vt 0.53555250 0.51528203 0.00000000
vt 0.53936195 0.51795107 0.00000000
vt 0.70056111 0.29688942 0.00000000
vt 0.70440459 0.29489008 0.00000000
vt 0.70365745 0.30503350 0.00000000
vt 0.69847769 0.30477619 0.00000000
vt 0.54366523 0.66309905 0.00000000
vt 0.54028565 0.66628069 0.00000000
vt 0.55036926 0.66287965 0.00000000
vt 0.54876286 0.66924900 0.00000000
vt 0.55013412 0.65748942 0.00000000
vt 0.85555637 0.79264599 0.00000000
vt 0.84968805 0.78097111 0.00000000
vt 0.85498375 0.77861464 0.00000000
vt 0.86096132 0.78925389 0.00000000
vt 0.00660445 0.32361722 0.00000000
vt 0.00053548 0.32307944 0.00000000
vt 0.00136791 0.31785962 0.00000000
vt 0.00660445 0.31555760 0.00000000
vt 0.11007387 0.02201478 0.00000000
vt 0.10261834 0.01873344 0.00000000
vt 0.10261834 0.01095813 0.00000000
vt 0.10983156 0.01143363 0.00000000
vt 0.86388546 0.80276757 0.00000000
vt 0.85984331 0.80669397 0.00000000
vt 0.85352492 0.79836762 0.00000000
vt 0.86782479 0.79840910 0.00000000
vt 0.65558058 0.11560986 0.00000000
vt 0.65448564 0.10737300 0.00000000
vt 0.65887028 0.10525651 0.00000000
vt 0.66117316 0.11314481 0.00000000
vt 0.66398418 0.12539156 0.00000000
vt 0.65786356 0.12626393 0.00000000
vt 0.55036926 0.65389091 0.00000000
vt 0.40704235 0.20525561 0.00000000
vt 0.41772047 0.21086642 0.00000000
vt 0.40905905 0.22415826 0.00000000
vt 0.39739588 0.21205978 0.00000000
vt 0.40584579 0.19520645 0.00000000
vt 0.42178562 0.19723630 0.00000000
vt 0.39078784 0.19912174 0.00000000
vt 0.41608787 0.28471923 0.00000000
vt 0.43067452 0.26356825 0.00000000
vt 0.44796637 0.27185977 0.00000000
vt 0.43923450 0.29202479 0.00000000
vt 0.43440452 0.31116992 0.00000000
vt 0.41791219 0.30884698 0.00000000
vt 0.39807755 0.31043610 0.00000000
vt 0.39029154 0.29114434 0.00000000
vt 0.78116018 0.83753461 0.00000000
vt 0.77623284 0.84617645 0.00000000
vt 0.76781493 0.83348560 0.00000000
vt 0.77669007 0.82887381 0.00000000
vt 0.61933482 0.03167058 0.00000000
vt 0.62515646 0.01277784 0.00000000
vt 0.63707310 0.01284246 0.00000000
vt 0.63172454 0.02823901 0.00000000
vt 0.61251932 0.04485909 0.00000000
vt 0.60550159 0.03487631 0.00000000
vt 0.61339128 0.02809547 0.00000000
vt 0.61493766 0.01716304 0.00000000
vt 0.30893922 0.70834261 0.00000000
vt 0.31481123 0.70735317 0.00000000
vt 0.30915052 0.71548009 0.00000000
vt 0.30346212 0.71309185 0.00000000
vt 0.30700478 0.70028311 0.00000000
vt 0.31449831 0.69464141 0.00000000
vt 0.30099863 0.70494395 0.00000000
vt 0.28945529 0.32303268 0.00000000
vt 0.29499799 0.32246485 0.00000000
vt 0.29499799 0.33022162 0.00000000
vt 0.28750724 0.32753247 0.00000000
vt 0.58857614 0.08136525 0.00000000
vt 0.58248007 0.07643252 0.00000000
vt 0.58670062 0.07025346 0.00000000
vt 0.59220481 0.07817829 0.00000000
vt 0.75373721 0.44192711 0.00000000
vt 0.74871349 0.44249699 0.00000000
vt 0.75157535 0.43321067 0.00000000
vt 0.75841659 0.43534210 0.00000000
vt 0.59864575 0.08493450 0.00000000
vt 0.59831041 0.09453257 0.00000000
vt 0.58892930 0.09211933 0.00000000
vt 0.59058684 0.08535374 0.00000000
vt 0.59700537 0.07248309 0.00000000
vt 0.60339415 0.07687780 0.00000000
vt 0.25151095 0.87104398 0.00000000
vt 0.24388780 0.86303723 0.00000000
vt 0.25435624 0.84983337 0.00000000
vt 0.26077887 0.85262722 0.00000000
vt 0.22778174 0.87844318 0.00000000
vt 0.22462948 0.87139565 0.00000000
vt 0.25270623 0.89187890 0.00000000
vt 0.23079340 0.89418060 0.00000000
vt 0.27582416 0.85714632 0.00000000
vt 0.27388185 0.87396449 0.00000000
vt 0.27435267 0.89263344 0.00000000
vt 0.35120755 0.00408238 0.00000000
vt 0.35087836 0.01051939 0.00000000
vt 0.34467328 0.01051137 0.00000000
vt 0.34580153 0.00260840 0.00000000
vt 0.49995378 0.54673243 0.00000000
vt 0.49912521 0.54167271 0.00000000
vt 0.50627667 0.54171675 0.00000000
vt 0.50455254 0.54816782 0.00000000
vt 0.35460234 0.00307614 0.00000000
vt 0.35601541 0.01102451 0.00000000
vt 0.47995812 0.94864011 0.00000000
vt 0.47435129 0.94816381 0.00000000
vt 0.47472128 0.94140154 0.00000000
vt 0.48150274 0.94365257 0.00000000
vt 0.22047719 0.41017994 0.00000000
vt 0.22555698 0.40744573 0.00000000
vt 0.22769751 0.41433573 0.00000000
vt 0.22007063 0.41576323 0.00000000
vt 0.48212361 0.95368731 0.00000000
vt 0.47519314 0.95602643 0.00000000
vt 0.32540745 0.52053183 0.00000000
vt 0.31949341 0.52459925 0.00000000
vt 0.31384659 0.51295984 0.00000000
vt 0.32447132 0.51222712 0.00000000
vt 0.34258759 0.51912892 0.00000000
vt 0.34012860 0.52776039 0.00000000
vt 0.33691964 0.53443378 0.00000000
vt 0.23210821 0.01798073 0.00000000
vt 0.22630319 0.01981325 0.00000000
vt 0.22482671 0.01120637 0.00000000
vt 0.23335661 0.01005934 0.00000000
vt 0.84322822 0.95949256 0.00000000
vt 0.85054016 0.95661926 0.00000000
vt 0.85068303 0.96564245 0.00000000
vt 0.84316170 0.96521622 0.00000000
vt 0.90363961 0.15742113 0.00000000
vt 0.90160149 0.16273858 0.00000000
vt 0.89169002 0.15933877 0.00000000
vt 0.89614218 0.15401918 0.00000000
vt 0.94225299 0.39692828 0.00000000
vt 0.94708699 0.39927164 0.00000000
vt 0.94138163 0.40665978 0.00000000
vt 0.93722755 0.39830965 0.00000000
vt 0.01604069 0.83354670 0.00000000
vt 0.01014380 0.83529353 0.00000000
vt 0.00897660 0.82593775 0.00000000
vt 0.01921815 0.82690692 0.00000000
vt 0.58108640 0.69038427 0.00000000
vt 0.58160353 0.68338084 0.00000000
vt 0.59004837 0.68338507 0.00000000
vt 0.58783460 0.69126391 0.00000000
vt 0.23807794 0.01518804 0.00000000
vt 0.23790511 0.00832194 0.00000000
vt 0.24348065 0.01007439 0.00000000
vt 0.24320091 0.01859984 0.00000000
vt 0.63257605 0.55959016 0.00000000
vt 0.61999393 0.57748300 0.00000000
vt 0.60528219 0.57494599 0.00000000
vt 0.61183703 0.55764419 0.00000000
vt 0.61433911 0.53396654 0.00000000
vt 0.63150167 0.53234857 0.00000000
vt 0.64644802 0.57539928 0.00000000
vt 0.63410544 0.58607286 0.00000000
vt 0.88305777 0.16596904 0.00000000
vt 0.89629132 0.16955139 0.00000000
vt 0.88999599 0.17606509 0.00000000
vt 0.88135606 0.17103799 0.00000000
vt 0.07925318 0.02861919 0.00000000
vt 0.07284626 0.02663084 0.00000000
vt 0.07189263 0.01667660 0.00000000
vt 0.07925318 0.01710387 0.00000000
vt 0.87762910 0.16083407 0.00000000
vt 0.88271546 0.15821111 0.00000000
vt 0.71456033 0.97745597 0.00000000
vt 0.70362663 0.97591525 0.00000000
vt 0.70329994 0.96864390 0.00000000
vt 0.71301717 0.97164327 0.00000000
vt 0.65425307 0.27347398 0.00000000
vt 0.65296286 0.26529688 0.00000000
vt 0.66329259 0.26610541 0.00000000
vt 0.66295785 0.27518466 0.00000000
vt 0.10558287 0.64414519 0.00000000
vt 0.09735306 0.64581263 0.00000000
vt 0.09711468 0.63535482 0.00000000
vt 0.10787239 0.63668495 0.00000000
vt 0.10787239 0.65048420 0.00000000
vt 0.10053308 0.65163726 0.00000000
vt 0.06077710 0.93932360 0.00000000
vt 0.06971822 0.93402958 0.00000000
vt 0.07245971 0.94501889 0.00000000
vt 0.06815890 0.95126098 0.00000000
vt 0.05847293 0.95645672 0.00000000
vt 0.04556450 0.94869405 0.00000000
vt 0.04539883 0.92962497 0.00000000
vt 0.06555650 0.96183968 0.00000000
vt 0.20120160 0.52343065 0.00000000
vt 0.20817237 0.52662927 0.00000000
vt 0.19292891 0.53663719 0.00000000
vt 0.18784085 0.53067356 0.00000000
vt 0.18312979 0.52344424 0.00000000
vt 0.20058222 0.51587397 0.00000000
vt 0.21221134 0.51604551 0.00000000
vt 0.11707849 0.30948400 0.00000000
vt 0.10455710 0.31054783 0.00000000
vt 0.09715819 0.29164413 0.00000000
vt 0.11887573 0.28974944 0.00000000
vt 0.12964150 0.33038130 0.00000000
vt 0.10930200 0.33096796 0.00000000
vt 0.13922828 0.31135976 0.00000000
vt 0.10412117 0.94256377 0.00000000
vt 0.09892461 0.94918311 0.00000000
vt 0.09663926 0.94668514 0.00000000
vt 0.10272132 0.93354386 0.00000000
vt 0.11358575 0.94068360 0.00000000
vt 0.10220062 0.95098710 0.00000000
vt 0.11548755 0.92551410 0.00000000
vt 0.54810691 0.50441444 0.00000000
vt 0.55769694 0.50657278 0.00000000
vt 0.55362576 0.52102566 0.00000000
vt 0.54168665 0.51253700 0.00000000
vt 0.54141307 0.49347362 0.00000000
vt 0.55315590 0.49017662 0.00000000
vt 0.53020102 0.49985349 0.00000000
vt 0.01762389 0.22515421 0.00000000
vt 0.01487369 0.23402834 0.00000000
vt 0.00839722 0.23553944 0.00000000
vt 0.00602944 0.23028392 0.00000000
vt 0.33679408 0.72060061 0.00000000
vt 0.33823353 0.73047358 0.00000000
vt 0.32115564 0.73186064 0.00000000
vt 0.31961367 0.72097862 0.00000000
vt 0.58699507 0.57522416 0.00000000
vt 0.60303086 0.58335775 0.00000000
vt 0.58725876 0.58498907 0.00000000
vt 0.50594378 0.30274570 0.00000000
vt 0.50815147 0.30787429 0.00000000
vt 0.50101054 0.30931273 0.00000000
vt 0.49994043 0.30243382 0.00000000
vt 0.50920427 0.30021447 0.00000000
vt 0.51407510 0.30652323 0.00000000
vt 0.68624711 0.33450246 0.00000000
vt 0.68719560 0.32832906 0.00000000
vt 0.69403601 0.32909286 0.00000000
vt 0.69075298 0.33682606 0.00000000
vt 0.36793971 0.73138982 0.00000000
vt 0.36306497 0.73707974 0.00000000
vt 0.35598594 0.72790819 0.00000000
vt 0.36515462 0.72403347 0.00000000
vt 0.38018858 0.73135191 0.00000000
vt 0.37920880 0.74056178 0.00000000
vt 0.38066474 0.72149956 0.00000000
vt 0.03224040 0.34052426 0.00000000
vt 0.02686677 0.33743957 0.00000000
vt 0.03225807 0.32984209 0.00000000
vt 0.03778159 0.33547631 0.00000000
vt 0.04185575 0.34484491 0.00000000
vt 0.03275145 0.34757000 0.00000000
vt 0.02419065 0.34691405 0.00000000
vt 0.02562861 0.31858748 0.00000000
vt 0.03040700 0.31993824 0.00000000
vt 0.02708013 0.32635617 0.00000000
vt 0.02175567 0.32289639 0.00000000
vt 0.01680263 0.31951460 0.00000000
vt 0.02352971 0.31467417 0.00000000
vt 0.79253179 0.72324735 0.00000000
vt 0.78896880 0.72648752 0.00000000
vt 0.78469032 0.71992701 0.00000000
vt 0.79101890 0.71807188 0.00000000
vt 0.55555803 0.01928421 0.00000000
vt 0.55859292 0.01444348 0.00000000
vt 0.56357813 0.02298600 0.00000000
vt 0.55732292 0.02678439 0.00000000
vt 0.54768777 0.02784015 0.00000000
vt 0.54876894 0.01871110 0.00000000
vt 0.55082786 0.01195036 0.00000000
vt 0.68540943 0.11433674 0.00000000
vt 0.68380702 0.11887978 0.00000000
vt 0.67615527 0.11595458 0.00000000
vt 0.68089318 0.11113591 0.00000000
vt 0.68754262 0.10741482 0.00000000
vt 0.69152993 0.11309588 0.00000000
vt 0.05175701 0.64467573 0.00000000
vt 0.05283547 0.65080696 0.00000000
vt 0.04712934 0.65229434 0.00000000
vt 0.04687291 0.64327824 0.00000000
vt 0.54574847 0.00627143 0.00000000
vt 0.55241638 0.00588773 0.00000000
vt 0.54319412 0.01061608 0.00000000
vt 0.54307199 0.00240787 0.00000000
vt 0.55165005 0.00089631 0.00000000
vt 0.53709322 0.00714937 0.00000000
vt 0.70351046 0.02507463 0.00000000
vt 0.70378256 0.01617472 0.00000000
vt 0.71296567 0.02822807 0.00000000
vt 0.70579797 0.03522369 0.00000000
vt 0.87517166 0.15817516 0.00000000
vt 0.87179232 0.16731223 0.00000000
vt 0.86016053 0.16128503 0.00000000
vt 0.86727023 0.15132977 0.00000000
vt 0.27343795 0.81982654 0.00000000
vt 0.27674508 0.83991867 0.00000000
vt 0.26397479 0.83559853 0.00000000
vt 0.25906968 0.81770629 0.00000000
vt 0.18937960 0.62899363 0.00000000
vt 0.20895089 0.63063586 0.00000000
vt 0.20578536 0.64417183 0.00000000
vt 0.18525797 0.64793336 0.00000000
vt 0.20034172 0.62103903 0.00000000
vt 0.21172684 0.62561387 0.00000000
vt 0.78430468 0.82208401 0.00000000
vt 0.78702694 0.82112330 0.00000000
vt 0.79473329 0.82112330 0.00000000
vt 0.78819919 0.82960832 0.00000000
vt 0.18495291 0.62521958 0.00000000
vt 0.18436153 0.61908501 0.00000000
vt 0.19373006 0.62002069 0.00000000
vt 0.18981564 0.62420309 0.00000000
vt 0.81866926 0.94924152 0.00000000
vt 0.81587291 0.95176339 0.00000000
vt 0.81012899 0.95123565 0.00000000
vt 0.81309927 0.94562608 0.00000000
vt 0.98036605 0.91141158 0.00000000
vt 0.97519588 0.91027439 0.00000000
vt 0.98196387 0.90811932 0.00000000
vt 0.98413527 0.90904492 0.00000000
vt 0.96690989 0.91044545 0.00000000
vt 0.96710038 0.90716857 0.00000000
vt 0.97445983 0.90614271 0.00000000
vt 0.98094994 0.90494627 0.00000000
vt 0.37658823 0.56959450 0.00000000
vt 0.36066896 0.56604642 0.00000000
vt 0.36439815 0.55914992 0.00000000
vt 0.38221550 0.56435639 0.00000000
vt 0.38017496 0.57643998 0.00000000
vt 0.35790661 0.58085358 0.00000000
vt 0.35396984 0.57687366 0.00000000
vt 0.40458003 0.57529974 0.00000000
vt 0.75676298 0.97143090 0.00000000
vt 0.74976099 0.96921808 0.00000000
vt 0.74552089 0.95671660 0.00000000
vt 0.75407416 0.95775908 0.00000000
vt 0.36352465 0.55230087 0.00000000
vt 0.36871207 0.55122834 0.00000000
vt 0.37461632 0.55784166 0.00000000
vt 0.82222086 0.97619987 0.00000000
vt 0.80839711 0.97898483 0.00000000
vt 0.80787218 0.97300422 0.00000000
vt 0.81838971 0.97020441 0.00000000
vt 0.78575397 0.94798511 0.00000000
vt 0.78919590 0.95553261 0.00000000
vt 0.77654988 0.95456439 0.00000000
vt 0.77903366 0.94796491 0.00000000
vt 0.97613806 0.56104273 0.00000000
vt 0.97617793 0.55187398 0.00000000
vt 0.98275620 0.55146945 0.00000000
vt 0.98406029 0.56137669 0.00000000
vt 0.96936607 0.55457753 0.00000000
vt 0.97034883 0.55034846 0.00000000
vt 0.40707201 0.97438401 0.00000000
vt 0.39771983 0.97687614 0.00000000
vt 0.39268839 0.96585524 0.00000000
vt 0.40021846 0.96431446 0.00000000
vt 0.40868795 0.98768359 0.00000000
vt 0.40354609 0.99066478 0.00000000
vt 0.56798118 0.02370162 0.00000000
vt 0.56737566 0.03329977 0.00000000
vt 0.56435204 0.03430628 0.00000000
vt 0.56159008 0.02736065 0.00000000
vt 0.40961367 0.96083659 0.00000000
vt 0.41481790 0.96731693 0.00000000
vt 0.03447479 0.29685915 0.00000000
vt 0.03173998 0.29938456 0.00000000
vt 0.02896227 0.29394442 0.00000000
vt 0.03317767 0.29154330 0.00000000
vt 0.03742506 0.29759124 0.00000000
vt 0.03476721 0.30160239 0.00000000
vt 0.03695758 0.29062214 0.00000000
vt 0.92846936 0.42274255 0.00000000
vt 0.92494100 0.42129460 0.00000000
vt 0.92739451 0.41632605 0.00000000
vt 0.93104416 0.41964880 0.00000000
vt 0.92914617 0.42834157 0.00000000
vt 0.92357749 0.42857793 0.00000000
vt 0.93420541 0.42644212 0.00000000
vt 0.60119998 0.19759530 0.00000000
vt 0.59703755 0.19782256 0.00000000
vt 0.59638399 0.19293366 0.00000000
vt 0.60200036 0.19399077 0.00000000
vt 0.34929079 0.93492091 0.00000000
vt 0.34707114 0.93233359 0.00000000
vt 0.35456687 0.93065792 0.00000000
vt 0.35542324 0.93559498 0.00000000
vt 0.60320473 0.20304738 0.00000000
vt 0.59821469 0.20473737 0.00000000
vt 0.97327608 0.88704616 0.00000000
vt 0.97695452 0.88457316 0.00000000
vt 0.97889358 0.89308065 0.00000000
vt 0.97358900 0.89412290 0.00000000
vt 0.96903610 0.88624233 0.00000000
vt 0.97308815 0.87975287 0.00000000
vt 0.96739668 0.89497679 0.00000000
vt 0.19373006 0.61043739 0.00000000
vt 0.19357356 0.61643267 0.00000000
vt 0.18712090 0.61436671 0.00000000
vt 0.18870139 0.60942060 0.00000000
vt 0.91854978 0.52833682 0.00000000
vt 0.92671800 0.53155798 0.00000000
vt 0.92460495 0.53616267 0.00000000
vt 0.91747290 0.53480655 0.00000000
vt 0.91391897 0.52420872 0.00000000
vt 0.91766125 0.51862097 0.00000000
vt 0.92295748 0.52127033 0.00000000
vt 0.92998356 0.52460951 0.00000000
vt 0.01233646 0.04074707 0.00000000
vt 0.01761181 0.04147216 0.00000000
vt 0.01700868 0.04710422 0.00000000
vt 0.01465591 0.04699953 0.00000000
vt 0.80010271 0.95068389 0.00000000
vt 0.80195594 0.94568735 0.00000000
vt 0.80314946 0.94035953 0.00000000
vt 0.81160772 0.94037110 0.00000000
vt 0.93844247 0.49706683 0.00000000
vt 0.93514222 0.49434042 0.00000000
vt 0.93912095 0.49010298 0.00000000
vt 0.94191223 0.49503705 0.00000000
vt 0.93703985 0.50373799 0.00000000
vt 0.93123001 0.50252914 0.00000000
vt 0.94231915 0.50415611 0.00000000
vt 0.88484764 0.74803776 0.00000000
vt 0.89390290 0.74148047 0.00000000
vt 0.89440250 0.75777084 0.00000000
vt 0.88784671 0.76251692 0.00000000
vt 0.88465196 0.73183876 0.00000000
vt 0.89596343 0.72259873 0.00000000
vt 0.63110799 0.71686786 0.00000000
vt 0.62492692 0.71277946 0.00000000
vt 0.63083112 0.70555073 0.00000000
vt 0.64062983 0.70482457 0.00000000
vt 0.88557243 0.76071906 0.00000000
vt 0.88153946 0.75545156 0.00000000
vt 0.62489069 0.72208452 0.00000000
vt 0.62124783 0.71631259 0.00000000
vt 0.54572088 0.58673191 0.00000000
vt 0.54938322 0.58594245 0.00000000
vt 0.54802090 0.59497726 0.00000000
vt 0.54302043 0.59321731 0.00000000
vt 0.54410213 0.58336294 0.00000000
vt 0.54843229 0.58051753 0.00000000
vt 0.53879726 0.59079432 0.00000000
vt 0.49105820 0.41468391 0.00000000
vt 0.49020416 0.41186288 0.00000000
vt 0.49359080 0.41102225 0.00000000
vt 0.49391702 0.41507345 0.00000000
vt 0.55278331 0.57545733 0.00000000
vt 0.55507481 0.57870162 0.00000000
vt 0.55207896 0.57968485 0.00000000
vt 0.55004519 0.57561761 0.00000000
vt 0.49242765 0.41977233 0.00000000
vt 0.48909876 0.41759384 0.00000000
vt 0.62921357 0.67939013 0.00000000
vt 0.62536925 0.67459697 0.00000000
vt 0.63096738 0.67004085 0.00000000
vt 0.63422167 0.67759776 0.00000000
vt 0.62580425 0.68482351 0.00000000
vt 0.61986125 0.68079078 0.00000000
vt 0.63322973 0.68600130 0.00000000
vt 0.57607049 0.16400851 0.00000000
vt 0.57698953 0.16005686 0.00000000
vt 0.58352500 0.16164222 0.00000000
vt 0.58069885 0.16736473 0.00000000
vt 0.32340065 0.53948176 0.00000000
vt 0.32830268 0.53866506 0.00000000
vt 0.32835740 0.54524022 0.00000000
vt 0.32214776 0.54380226 0.00000000
vt 0.32052296 0.53424799 0.00000000
vt 0.32649410 0.53079969 0.00000000
vt 0.21189898 0.04720047 0.00000000
vt 0.21402089 0.04309954 0.00000000
vt 0.21931931 0.04733815 0.00000000
vt 0.21481943 0.05115915 0.00000000
vt 0.20686743 0.04937884 0.00000000
vt 0.20758118 0.04233243 0.00000000
vt 0.20905530 0.05454214 0.00000000
vt 0.28596270 0.03082069 0.00000000
vt 0.28596270 0.02263170 0.00000000
vt 0.28962523 0.02266411 0.00000000
vt 0.29059505 0.02896233 0.00000000
vt 0.60087961 0.15641929 0.00000000
vt 0.59986556 0.15071735 0.00000000
vt 0.61290067 0.15472007 0.00000000
vt 0.61108291 0.16165099 0.00000000
vt 0.60915619 0.17383568 0.00000000
vt 0.59954149 0.16618830 0.00000000
vt 0.19964664 0.04459397 0.00000000
vt 0.20110045 0.05383696 0.00000000
vt 0.20080371 0.03284431 0.00000000
vt 0.20902663 0.03493106 0.00000000
vt 0.23510705 0.31481123 0.00000000
vt 0.23510705 0.30901027 0.00000000
vt 0.23775953 0.30872619 0.00000000
vt 0.23761562 0.31052986 0.00000000
vt 0.01527978 0.12810530 0.00000000
vt 0.01118552 0.12988715 0.00000000
vt 0.01118552 0.12238500 0.00000000
vt 0.01541038 0.12377416 0.00000000
vt 0.61364323 0.22206862 0.00000000
vt 0.62532449 0.21629943 0.00000000
vt 0.62541008 0.22994062 0.00000000
vt 0.61965042 0.23323762 0.00000000
vt 0.60925758 0.22178032 0.00000000
vt 0.60980701 0.20699054 0.00000000
vt 0.61669838 0.20514426 0.00000000
vt 0.01680885 0.66264457 0.00000000
vt 0.01731689 0.65918899 0.00000000
vt 0.02255583 0.65750223 0.00000000
vt 0.02185374 0.66122687 0.00000000
vt 0.02099069 0.01931194 0.00000000
vt 0.01760850 0.02201475 0.00000000
vt 0.01544761 0.01884542 0.00000000
vt 0.02201475 0.01693799 0.00000000
vt 0.01544761 0.00956290 0.00000000
vt 0.02108824 0.01077134 0.00000000
vt 0.92979044 0.98055154 0.00000000
vt 0.93016064 0.97342312 0.00000000
vt 0.93793845 0.97088408 0.00000000
vt 0.93873560 0.97633362 0.00000000
vt 0.42268363 0.96165526 0.00000000
vt 0.41765702 0.95658207 0.00000000
vt 0.56798118 0.04402956 0.00000000
vt 0.56405711 0.04216069 0.00000000
vt 0.03507218 0.64646721 0.00000000
vt 0.03647187 0.65130085 0.00000000
vt 0.02999100 0.65121472 0.00000000
vt 0.03032831 0.64537835 0.00000000
vt 0.97052592 0.53931004 0.00000000
vt 0.96665913 0.53666544 0.00000000
vt 0.97018212 0.53206378 0.00000000
vt 0.97408760 0.53729713 0.00000000
vt 0.97610778 0.54437101 0.00000000
vt 0.97072262 0.54418504 0.00000000
vt 0.54543906 0.95086682 0.00000000
vt 0.55355614 0.95090014 0.00000000
vt 0.55033892 0.95722634 0.00000000
vt 0.54196769 0.95341939 0.00000000
vt 0.54650158 0.94474405 0.00000000
vt 0.55535293 0.94296390 0.00000000
vt 0.17242835 0.67398924 0.00000000
vt 0.17397968 0.66969275 0.00000000
vt 0.18118778 0.67609513 0.00000000
vt 0.17486592 0.67990297 0.00000000
vt 0.37853944 0.79006159 0.00000000
vt 0.38623261 0.78305805 0.00000000
vt 0.38763046 0.79670531 0.00000000
vt 0.38147175 0.79855210 0.00000000
vt 0.94883668 0.96645242 0.00000000
vt 0.94662499 0.97526121 0.00000000
vt 0.93903124 0.98185891 0.00000000
vt 0.94491035 0.96110952 0.00000000
vt 0.38349715 0.81014365 0.00000000
vt 0.37941507 0.80737633 0.00000000
vt 0.38583875 0.77148765 0.00000000
vt 0.38985300 0.76498586 0.00000000
vt 0.39333811 0.77754366 0.00000000
vt 0.37980026 0.77193356 0.00000000
vt 0.38194141 0.76058394 0.00000000
vt 0.87607718 0.13425720 0.00000000
vt 0.86984050 0.11422034 0.00000000
vt 0.88510144 0.11713998 0.00000000
vt 0.89154559 0.13320522 0.00000000
vt 0.85912025 0.12431098 0.00000000
vt 0.85518235 0.11238296 0.00000000
vt 0.87808996 0.14981389 0.00000000
vt 0.87016666 0.14114974 0.00000000
vt 0.54052317 0.97011214 0.00000000
vt 0.54357839 0.96639764 0.00000000
vt 0.55050904 0.97173786 0.00000000
vt 0.54822701 0.98148149 0.00000000
vt 0.83357590 0.07785967 0.00000000
vt 0.82738590 0.07525930 0.00000000
vt 0.83025235 0.06339220 0.00000000
vt 0.83415282 0.06446219 0.00000000
vt 0.84543568 0.05485831 0.00000000
vt 0.84581953 0.06675456 0.00000000
vt 0.33543584 0.01271368 0.00000000
vt 0.33902755 0.01765539 0.00000000
vt 0.32969883 0.01981325 0.00000000
vt 0.32803738 0.01134175 0.00000000
vt 0.32759297 0.00249278 0.00000000
vt 0.33599964 0.00317017 0.00000000
vt 0.39839399 0.94413596 0.00000000
vt 0.40323278 0.95212185 0.00000000
vt 0.39463574 0.95443344 0.00000000
vt 0.39268839 0.94528013 0.00000000
vt 0.03691603 0.59172451 0.00000000
vt 0.03892407 0.59938872 0.00000000
vt 0.03038816 0.60267085 0.00000000
vt 0.02921165 0.59168226 0.00000000
vt 0.02853817 0.58203995 0.00000000
vt 0.03726673 0.58368164 0.00000000
vt 0.04402956 0.58972210 0.00000000
vt 0.76531851 0.97667068 0.00000000
vt 0.76548678 0.96824598 0.00000000
vt 0.77612090 0.96377093 0.00000000
vt 0.77700478 0.97208571 0.00000000
vt 0.56345910 0.09619684 0.00000000
vt 0.56345910 0.08361834 0.00000000
vt 0.57018256 0.08802324 0.00000000
vt 0.56804293 0.10346943 0.00000000
vt 0.84664190 0.01116650 0.00000000
vt 0.84948033 0.01725153 0.00000000
vt 0.84152007 0.02801984 0.00000000
vt 0.84004861 0.01987841 0.00000000
vt 0.85150367 0.02546648 0.00000000
vt 0.84435558 0.03514159 0.00000000
vt 0.01845646 0.03522362 0.00000000
vt 0.01460674 0.03202876 0.00000000
vt 0.01460674 0.02274044 0.00000000
vt 0.01981328 0.02542277 0.00000000
vt 0.03880143 0.60777831 0.00000000
vt 0.02853817 0.60980922 0.00000000
vt 0.57458562 0.97420198 0.00000000
vt 0.57253569 0.98301345 0.00000000
vt 0.56851262 0.97889525 0.00000000
vt 0.57085967 0.97219878 0.00000000
vt 0.92319185 0.95381653 0.00000000
vt 0.92454779 0.94845408 0.00000000
vt 0.93244636 0.95149213 0.00000000
vt 0.92972529 0.95812547 0.00000000
vt 0.32286388 0.01786727 0.00000000
vt 0.32294828 0.01007432 0.00000000
vt 0.93942589 0.95643514 0.00000000
vt 0.93469036 0.96427459 0.00000000
vt 0.32286388 0.00176971 0.00000000
vt 0.41493100 0.94643426 0.00000000
vt 0.42090598 0.94974804 0.00000000
vt 0.41062319 0.95123559 0.00000000
vt 0.93373996 0.94105381 0.00000000
vt 0.94210362 0.94426787 0.00000000
vt 0.94883668 0.94737738 0.00000000
vt 0.57458562 0.94801664 0.00000000
vt 0.57252079 0.95493388 0.00000000
vt 0.56194210 0.95180988 0.00000000
vt 0.56461424 0.94350111 0.00000000
vt 0.37269941 0.77160573 0.00000000
vt 0.37407953 0.76019311 0.00000000
vt 0.37285355 0.78716856 0.00000000
vt 0.05591447 0.64240539 0.00000000
vt 0.06562628 0.64260715 0.00000000
vt 0.06507409 0.65005338 0.00000000
vt 0.05568890 0.65039372 0.00000000
vt 0.07485025 0.64121580 0.00000000
vt 0.07281793 0.64946258 0.00000000
vt 0.07097171 0.65860730 0.00000000
vt 0.06397542 0.66044319 0.00000000
vt 0.05568890 0.65941840 0.00000000
vt 0.56745291 0.11317924 0.00000000
vt 0.57238954 0.10705691 0.00000000
vt 0.58075571 0.11321397 0.00000000
vt 0.57741100 0.12188864 0.00000000
vt 0.39416596 0.76019311 0.00000000
vt 0.40066886 0.77221334 0.00000000
vt 0.59222299 0.12298312 0.00000000
vt 0.58972853 0.13153428 0.00000000
vt 0.40027022 0.78828996 0.00000000
vt 0.39115706 0.79336101 0.00000000
vt 0.62458509 0.19871332 0.00000000
vt 0.63420516 0.19322805 0.00000000
vt 0.63449597 0.20925571 0.00000000
vt 0.60528755 0.13387379 0.00000000
vt 0.59519458 0.11239438 0.00000000
vt 0.60847628 0.12112139 0.00000000
vt 0.64581567 0.20474789 0.00000000
vt 0.64723432 0.22028480 0.00000000
vt 0.63505739 0.22602183 0.00000000
vt 0.64538664 0.23504902 0.00000000
vt 0.63454604 0.24071090 0.00000000
vt 0.62776184 0.24409160 0.00000000
vt 0.62746948 0.15831967 0.00000000
vt 0.62504351 0.16568919 0.00000000
vt 0.61443388 0.14974584 0.00000000
vt 0.62943012 0.15204050 0.00000000
vt 0.63955802 0.15972200 0.00000000
vt 0.63773501 0.16914052 0.00000000
vt 0.63583571 0.18083338 0.00000000
vt 0.63329548 0.19015421 0.00000000
vt 0.62297726 0.17632124 0.00000000
vt 0.64506584 0.17739959 0.00000000
vt 0.64383751 0.19114468 0.00000000
vt 0.91016531 0.74651015 0.00000000
vt 0.90138096 0.75248671 0.00000000
vt 0.64616776 0.16447012 0.00000000
vt 0.65155536 0.16756156 0.00000000
vt 0.91899288 0.75085622 0.00000000
vt 0.92021751 0.75833541 0.00000000
vt 0.64616477 0.15199178 0.00000000
vt 0.65114951 0.15344197 0.00000000
vt 0.74257803 0.02165774 0.00000000
vt 0.74705797 0.00895471 0.00000000
vt 0.75100958 0.01132044 0.00000000
vt 0.74732953 0.02558477 0.00000000
vt 0.65689731 0.16981380 0.00000000
vt 0.75675523 0.01343593 0.00000000
vt 0.75391024 0.02801494 0.00000000
vt 0.75097877 0.04470766 0.00000000
vt 0.74473470 0.04084627 0.00000000
vt 0.74652338 0.06242241 0.00000000
vt 0.73911619 0.05782905 0.00000000
vt 0.76126206 0.03103166 0.00000000
vt 0.75896949 0.04852528 0.00000000
vt 0.75538754 0.06637434 0.00000000
vt 0.75013977 0.08395593 0.00000000
vt 0.74128717 0.07976791 0.00000000
vt 0.77079809 0.05354639 0.00000000
vt 0.76908386 0.07198960 0.00000000
vt 0.76547468 0.09036542 0.00000000
vt 0.76080722 0.10774396 0.00000000
vt 0.74296683 0.10043657 0.00000000
vt 0.78657830 0.07838101 0.00000000
vt 0.78440672 0.09683710 0.00000000
vt 0.78172159 0.11453950 0.00000000
vt 0.77867186 0.13176897 0.00000000
vt 0.75509334 0.12424268 0.00000000
vt 0.80378604 0.10264650 0.00000000
vt 0.80188459 0.12070703 0.00000000
vt 0.79949152 0.13849510 0.00000000
vt 0.79631770 0.15615028 0.00000000
vt 0.77503902 0.14869921 0.00000000
vt 0.82112604 0.12646024 0.00000000
vt 0.81906927 0.14461440 0.00000000
vt 0.81685507 0.16254216 0.00000000
vt 0.81417620 0.18008356 0.00000000
vt 0.79322582 0.17350887 0.00000000
vt 0.83766216 0.15018237 0.00000000
vt 0.83621633 0.16838941 0.00000000
vt 0.83333188 0.18620440 0.00000000
vt 0.92487937 0.93281889 0.00000000
vt 0.93073893 0.91616654 0.00000000
vt 0.95134485 0.92299902 0.00000000
vt 0.94532824 0.93869615 0.00000000
vt 0.91857427 0.94891745 0.00000000
vt 0.89748776 0.94217145 0.00000000
vt 0.90364873 0.92560989 0.00000000
vt 0.90944475 0.90874308 0.00000000
vt 0.91283172 0.89112633 0.00000000
vt 0.93477964 0.89939916 0.00000000
vt 0.88163286 0.91885066 0.00000000
vt 0.88715816 0.90261304 0.00000000
vt 0.89160269 0.88579458 0.00000000
vt 0.89537972 0.87547928 0.00000000
vt 0.91557503 0.88128906 0.00000000
vt 0.86559242 0.89518487 0.00000000
vt 0.87176943 0.87918693 0.00000000
vt 0.87615573 0.86919570 0.00000000
vt 0.87955570 0.86226219 0.00000000
vt 0.89875221 0.86859351 0.00000000
vt 0.85141647 0.87103051 0.00000000
vt 0.85700667 0.86177081 0.00000000
vt 0.86129069 0.85487568 0.00000000
vt 0.86518818 0.84876084 0.00000000
vt 0.88286185 0.85609454 0.00000000
vt 0.83575338 0.85153794 0.00000000
vt 0.84102708 0.84518170 0.00000000
vt 0.84672922 0.83892769 0.00000000
vt 0.85174721 0.83285350 0.00000000
vt 0.86957651 0.84252757 0.00000000
vt 0.83158338 0.82565695 0.00000000
vt 0.83791661 0.81907785 0.00000000
vt 0.48100129 0.28892338 0.00000000
vt 0.49088770 0.28920615 0.00000000
vt 0.48693499 0.30846274 0.00000000
vt 0.47789440 0.30795899 0.00000000
vt 0.82361680 0.80748755 0.00000000
vt 0.82925284 0.80054212 0.00000000
vt 0.49195001 0.27164507 0.00000000
vt 0.50131464 0.27172232 0.00000000
vt 0.90722793 0.18308902 0.00000000
vt 0.91211087 0.19195668 0.00000000
vt 0.89263165 0.19574469 0.00000000
vt 0.88703865 0.18784051 0.00000000
vt 0.70006990 0.40333447 0.00000000
vt 0.69239283 0.40841687 0.00000000
vt 0.69111681 0.38855749 0.00000000
vt 0.69763917 0.38348299 0.00000000
vt 0.92830127 0.18394139 0.00000000
vt 0.93166959 0.19260170 0.00000000
vt 0.93647754 0.20450503 0.00000000
vt 0.91794783 0.20363781 0.00000000
vt 0.95092589 0.20614125 0.00000000
vt 0.95452332 0.22236581 0.00000000
vt 0.94209212 0.22143243 0.00000000
vt 0.96067786 0.20643879 0.00000000
vt 0.96335137 0.22304928 0.00000000
vt 0.96365851 0.24206729 0.00000000
vt 0.95571321 0.24135953 0.00000000
vt 0.96690774 0.20614624 0.00000000
vt 0.96864998 0.22368364 0.00000000
vt 0.96812922 0.24262482 0.00000000
vt 0.03055633 0.56577736 0.00000000
vt 0.04326556 0.57456571 0.00000000
vt 0.04039165 0.57900530 0.00000000
vt 0.02785849 0.56986785 0.00000000
vt 0.01711399 0.55514520 0.00000000
vt 0.02038939 0.55194372 0.00000000
vt 0.03361844 0.56249338 0.00000000
vt 0.04570093 0.57105708 0.00000000
vt 0.05677522 0.57985532 0.00000000
vt 0.05434949 0.58325273 0.00000000
vt 0.03628492 0.55982727 0.00000000
vt 0.04778276 0.56772017 0.00000000
vt 0.05922793 0.57653904 0.00000000
vt 0.06962752 0.58536524 0.00000000
vt 0.06811070 0.58914435 0.00000000
vt 0.90797544 0.71583366 0.00000000
vt 0.89308828 0.71659350 0.00000000
vt 0.89263636 0.71244544 0.00000000
vt 0.90715623 0.71151775 0.00000000
vt 0.92161572 0.70950979 0.00000000
vt 0.92295074 0.71320546 0.00000000
vt 0.92108339 0.70503676 0.00000000
vt 0.93652540 0.70216578 0.00000000
vt 0.93809927 0.70610714 0.00000000
vt 0.94006437 0.70931900 0.00000000
vt 0.90651953 0.70686603 0.00000000
vt 0.89353865 0.70738810 0.00000000
vt 0.89353114 0.70232713 0.00000000
vt 0.90623844 0.70159286 0.00000000
vt 0.92083061 0.70040143 0.00000000
vt 0.91993898 0.69513756 0.00000000
vt 0.93416101 0.69293356 0.00000000
vt 0.93564278 0.69774336 0.00000000
vt 0.90593767 0.69622195 0.00000000
vt 0.89263606 0.69649434 0.00000000
vt 0.89187604 0.69130450 0.00000000
vt 0.90538925 0.69094235 0.00000000
vt 0.54310918 0.68633687 0.00000000
vt 0.55498117 0.68016416 0.00000000
vt 0.87730938 0.70097387 0.00000000
vt 0.87616301 0.69577783 0.00000000
vt 0.87484616 0.69009632 0.00000000
vt 0.89112538 0.68701673 0.00000000
vt 0.52809376 0.68686092 0.00000000
vt 0.52507848 0.68224674 0.00000000
vt 0.91581458 0.29884750 0.00000000
vt 0.91131479 0.31246334 0.00000000
vt 0.90367520 0.31200910 0.00000000
vt 0.90953898 0.29859576 0.00000000
vt 0.08805912 0.02508792 0.00000000
vt 0.08291430 0.02641772 0.00000000
vt 0.08253918 0.01317242 0.00000000
vt 0.08755650 0.01143049 0.00000000
vt 0.08415671 0.00489753 0.00000000
vt 0.08805912 0.00300362 0.00000000
vt 0.91581458 0.28756922 0.00000000
vt 0.90071386 0.29678383 0.00000000
vt 0.90794903 0.28761235 0.00000000
vt 0.07585177 0.01510443 0.00000000
vt 0.07752819 0.00642885 0.00000000
vt 0.07956004 0.00132949 0.00000000
vt 0.08526792 0.00149722 0.00000000
vt 0.91257256 0.28008252 0.00000000
vt 0.89784461 0.28483430 0.00000000
vt 0.90421379 0.27879182 0.00000000
vt 0.90775025 0.27293169 0.00000000
vt 0.91395581 0.27466089 0.00000000
vt 0.89154273 0.83967698 0.00000000
vt 0.89586210 0.83867103 0.00000000
vt 0.89717299 0.84551382 0.00000000
vt 0.89309150 0.84663236 0.00000000
vt 0.89421594 0.27279758 0.00000000
vt 0.89873946 0.26869059 0.00000000
vt 0.90126473 0.26454580 0.00000000
vt 0.90890515 0.26823741 0.00000000
vt 0.89478350 0.82910210 0.00000000
vt 0.89927512 0.82895982 0.00000000
vt 0.90039396 0.83798307 0.00000000
vt 0.23944911 0.28931966 0.00000000
vt 0.24447656 0.29026884 0.00000000
vt 0.24594238 0.30600536 0.00000000
vt 0.23944911 0.30544683 0.00000000
vt 0.89154273 0.81271219 0.00000000
vt 0.89664102 0.81336409 0.00000000
vt 0.90247959 0.81459296 0.00000000
vt 0.90411419 0.82901615 0.00000000
vt 0.96550208 0.74975687 0.00000000
vt 0.97038430 0.74991429 0.00000000
vt 0.97068948 0.77000999 0.00000000
vt 0.96550208 0.76901585 0.00000000
vt 0.90052962 0.79588568 0.00000000
vt 0.90553576 0.79790241 0.00000000
vt 0.91016799 0.80102223 0.00000000
vt 0.90784568 0.81625992 0.00000000
vt 0.65578651 0.83902532 0.00000000
vt 0.64997500 0.84096432 0.00000000
vt 0.64257658 0.82485479 0.00000000
vt 0.64871901 0.82336628 0.00000000
vt 0.65409207 0.82164466 0.00000000
vt 0.66044319 0.83664161 0.00000000
vt 0.91858059 0.78964603 0.00000000
vt 0.92157048 0.79397792 0.00000000
vt 0.91452980 0.80460817 0.00000000
vt 0.64746410 0.80556619 0.00000000
vt 0.65420538 0.80452645 0.00000000
vt 0.66044319 0.80401689 0.00000000
vt 0.65838051 0.82100183 0.00000000
vt 0.66480970 0.97495663 0.00000000
vt 0.66475642 0.98158926 0.00000000
vt 0.65274030 0.97950029 0.00000000
vt 0.65256226 0.97126722 0.00000000
vt 0.65231037 0.96263963 0.00000000
vt 0.93643212 0.79095626 0.00000000
vt 0.93928277 0.79798400 0.00000000
vt 0.64435470 0.96840054 0.00000000
vt 0.64480370 0.95844442 0.00000000
vt 0.64775664 0.94910342 0.00000000
vt 0.65396082 0.95400858 0.00000000
vt 0.65362942 0.93974239 0.00000000
vt 0.65830737 0.94490182 0.00000000
vt 0.94750643 0.81964540 0.00000000
vt 0.95370293 0.82340133 0.00000000
vt 0.94852978 0.83508307 0.00000000
vt 0.94314855 0.83076835 0.00000000
vt 0.93639469 0.82671624 0.00000000
vt 0.93942976 0.81554526 0.00000000
vt 0.67014652 0.94065803 0.00000000
vt 0.67805505 0.94605023 0.00000000
vt 0.92848527 0.82283074 0.00000000
vt 0.92061180 0.81994748 0.00000000
vt 0.01967371 0.23350421 0.00000000
vt 0.01967371 0.22507089 0.00000000
vt 0.02619413 0.22596321 0.00000000
vt 0.02861922 0.23555805 0.00000000
vt 0.92096716 0.83034319 0.00000000
vt 0.92092067 0.83935893 0.00000000
vt 0.91581535 0.83879364 0.00000000
vt 0.91540182 0.82989800 0.00000000
vt 0.91394168 0.81803739 0.00000000
vt 0.90968788 0.82926965 0.00000000
vt 0.91049021 0.83816373 0.00000000
vt 0.90519816 0.83778518 0.00000000
vt 0.91031557 0.84469539 0.00000000
vt 0.90549326 0.84444052 0.00000000
vt 0.90120345 0.84482181 0.00000000
vt 0.90545738 0.84913266 0.00000000
vt 0.90184140 0.84934407 0.00000000
vt 0.89860630 0.85019678 0.00000000
vt 0.90238464 0.85192734 0.00000000
vt 0.89964306 0.85249323 0.00000000
vt 0.89747548 0.85380977 0.00000000
vt 0.89562762 0.85146815 0.00000000
vt 0.50480747 0.26074290 0.00000000
vt 0.50614637 0.25840595 0.00000000
vt 0.50982082 0.25902343 0.00000000
vt 0.50870013 0.26197574 0.00000000
vt 0.79720473 0.65136808 0.00000000
vt 0.79842538 0.65480250 0.00000000
vt 0.79481566 0.65145898 0.00000000
vt 0.80108082 0.65347809 0.00000000
vt 0.80541176 0.65843171 0.00000000
vt 0.80284590 0.66130942 0.00000000
vt 0.81181276 0.66422176 0.00000000
vt 0.80987340 0.66819400 0.00000000
vt 0.80747497 0.67209220 0.00000000
vt 0.81901652 0.67434603 0.00000000
vt 0.81742001 0.67886531 0.00000000
vt 0.56711018 0.65770090 0.00000000
vt 0.57307941 0.64737719 0.00000000
vt 0.57764572 0.64876950 0.00000000
vt 0.57108015 0.66004694 0.00000000
vt 0.56189770 0.66828823 0.00000000
vt 0.55939585 0.66584241 0.00000000
vt 0.58243650 0.65018511 0.00000000
vt 0.57546604 0.66238093 0.00000000
vt 0.56632489 0.67197633 0.00000000
vt 0.94673574 0.68960279 0.00000000
vt 0.95788872 0.68519890 0.00000000
vt 0.96053028 0.68928796 0.00000000
vt 0.94895554 0.69398087 0.00000000
vt 0.00223344 0.15410343 0.00000000
vt 0.00106797 0.13966739 0.00000000
vt 0.00526229 0.13911277 0.00000000
vt 0.00660444 0.15342374 0.00000000
vt 0.95036781 0.69817162 0.00000000
vt 0.96194977 0.69339705 0.00000000
vt 0.96424705 0.69726026 0.00000000
vt 0.95238364 0.70221031 0.00000000
vt 0.09661029 0.59591752 0.00000000
vt 0.11103135 0.59759963 0.00000000
vt 0.11196359 0.60182256 0.00000000
vt 0.09701644 0.60002500 0.00000000
vt 0.95514548 0.70523542 0.00000000
vt 0.11287567 0.60760772 0.00000000
vt 0.09729429 0.60574019 0.00000000
vt 0.08192783 0.59916103 0.00000000
vt 0.08289003 0.59416568 0.00000000
vt 0.96546447 0.30744195 0.00000000
vt 0.96571642 0.32413575 0.00000000
vt 0.95809239 0.32603821 0.00000000
vt 0.95977265 0.30866832 0.00000000
vt 0.96219528 0.28991520 0.00000000
vt 0.96641994 0.28913662 0.00000000
vt 0.95753491 0.29079816 0.00000000
vt 0.95954603 0.27319694 0.00000000
vt 0.96407270 0.27284691 0.00000000
vt 0.06679038 0.59351867 0.00000000
vt 0.95152724 0.29181802 0.00000000
vt 0.95284128 0.27416518 0.00000000
vt 0.95433062 0.25771552 0.00000000
vt 0.96193945 0.25818393 0.00000000
vt 0.05239279 0.58780813 0.00000000
vt 0.94593734 0.29276726 0.00000000
vt 0.93728167 0.31051749 0.00000000
vt 0.94226599 0.29357803 0.00000000
vt 0.94484091 0.12180673 0.00000000
vt 0.94484091 0.10366580 0.00000000
vt 0.94870281 0.10281571 0.00000000
vt 0.94795775 0.11989576 0.00000000
vt 0.93865049 0.29470608 0.00000000
vt 0.95322490 0.10176238 0.00000000
vt 0.95295066 0.11844141 0.00000000
vt 0.95541012 0.13121398 0.00000000
vt 0.95023835 0.13429011 0.00000000
vt 0.95747674 0.11718632 0.00000000
vt 0.96001595 0.12969831 0.00000000
vt 0.12889388 0.92241901 0.00000000
vt 0.12988715 0.91046983 0.00000000
vt 0.93334872 0.28192267 0.00000000
vt 0.92613357 0.26944771 0.00000000
vt 0.12545213 0.89727789 0.00000000
vt 0.91413510 0.26235542 0.00000000
vt 0.91473800 0.25659913 0.00000000
vt 0.12988715 0.89464569 0.00000000
vt 0.12001371 0.88474226 0.00000000
vt 0.12454337 0.88152570 0.00000000
vt 0.90021777 0.25517875 0.00000000
vt 0.89917886 0.25082973 0.00000000
vt 0.91453952 0.25152534 0.00000000
vt 0.89680052 0.24194986 0.00000000
vt 0.91263068 0.23973304 0.00000000
vt 0.89150292 0.22837389 0.00000000
vt 0.90717721 0.22237830 0.00000000
vt 0.92529416 0.22066997 0.00000000
vt 0.89942294 0.20636319 0.00000000
vt 0.88294828 0.21423876 0.00000000
vt 0.87572426 0.20503652 0.00000000
vt 0.86953509 0.22708203 0.00000000
vt 0.86217529 0.21920051 0.00000000
vt 0.49638727 0.30936038 0.00000000
vt 0.49554282 0.32899535 0.00000000
vt 0.48706573 0.32867217 0.00000000
vt 0.50128418 0.29092249 0.00000000
vt 0.49795899 0.34807286 0.00000000
vt 0.48843727 0.34790772 0.00000000
vt 0.48097861 0.34712940 0.00000000
vt 0.47955433 0.32818499 0.00000000
vt 0.49216840 0.36593816 0.00000000
vt 0.48390767 0.36606207 0.00000000
vt 0.47621718 0.36595443 0.00000000
vt 0.47396290 0.34672803 0.00000000
vt 0.88653511 0.85114270 0.00000000
vt 0.49025589 0.38578519 0.00000000
vt 0.48185328 0.38594499 0.00000000
vt 0.90172225 0.86210710 0.00000000
vt 0.92184877 0.86770338 0.00000000
vt 0.91880882 0.87439734 0.00000000
vt 0.47396290 0.38700655 0.00000000
vt 0.48686811 0.40662101 0.00000000
vt 0.47836748 0.40727317 0.00000000
vt 0.94011188 0.87846798 0.00000000
vt 0.93765068 0.88700145 0.00000000
vt 0.96133775 0.88156289 0.00000000
vt 0.95861578 0.89313012 0.00000000
vt 0.95529038 0.90717083 0.00000000
vt 0.80767846 0.21347965 0.00000000
vt 0.80464971 0.22778672 0.00000000
vt 0.78444999 0.22262044 0.00000000
vt 0.78715754 0.20706518 0.00000000
vt 0.79023212 0.19054069 0.00000000
vt 0.81134194 0.19738427 0.00000000
vt 0.76540112 0.20188811 0.00000000
vt 0.76778692 0.18413046 0.00000000
vt 0.77132827 0.16638893 0.00000000
vt 0.74559730 0.17837003 0.00000000
vt 0.74850798 0.15911154 0.00000000
vt 0.75082606 0.14062989 0.00000000
vt 0.72534704 0.15290375 0.00000000
vt 0.72406530 0.17424130 0.00000000
vt 0.70420861 0.17172027 0.00000000
vt 0.70564783 0.14972447 0.00000000
vt 0.68535501 0.17051576 0.00000000
vt 0.68702692 0.14970343 0.00000000
vt 0.68918985 0.13625880 0.00000000
vt 0.66987324 0.14934281 0.00000000
vt 0.67302799 0.13357849 0.00000000
vt 0.67680305 0.12609038 0.00000000
vt 0.68918329 0.12826678 0.00000000
vt 0.68150377 0.12058770 0.00000000
vt 0.69170403 0.12254933 0.00000000
vt 0.70228857 0.12283116 0.00000000
vt 0.17465384 0.37701368 0.00000000
vt 0.17013684 0.37797195 0.00000000
vt 0.70036685 0.11931844 0.00000000
vt 0.01122202 0.47823730 0.00000000
vt 0.00237682 0.47992203 0.00000000
vt 0.00250559 0.47382373 0.00000000
vt 0.00998990 0.47299853 0.00000000
vt 0.87176955 0.84096432 0.00000000
vt 0.86727619 0.83745396 0.00000000
vt 0.00237922 0.46689960 0.00000000
vt 0.00904457 0.46640366 0.00000000
vt 0.01564162 0.46670777 0.00000000
vt 0.01761181 0.47308850 0.00000000
vt 0.86628616 0.82851839 0.00000000
vt 0.86194789 0.83279645 0.00000000
vt 0.85526866 0.82612455 0.00000000
vt 0.85965925 0.82232225 0.00000000
vt 0.86401325 0.81760770 0.00000000
vt 0.87069714 0.82341939 0.00000000
vt 0.84753448 0.81590068 0.00000000
vt 0.85257339 0.81299001 0.00000000
vt 0.85734600 0.80904484 0.00000000
vt 0.85160154 0.80018497 0.00000000
vt 0.00298163 0.64966440 0.00000000
vt 0.00459579 0.64013934 0.00000000
vt 0.01134519 0.63977081 0.00000000
vt 0.00954600 0.64962083 0.00000000
vt 0.00937578 0.44596457 0.00000000
vt 0.00847675 0.45760649 0.00000000
vt 0.00237682 0.45785528 0.00000000
vt 0.00346260 0.44537589 0.00000000
vt 0.00681713 0.43469620 0.00000000
vt 0.01208806 0.43590015 0.00000000
vt 0.70870221 0.31851387 0.00000000
vt 0.70873952 0.33195591 0.00000000
vt 0.70296794 0.33203781 0.00000000
vt 0.70295876 0.31862625 0.00000000
vt 0.70887572 0.30529878 0.00000000
vt 0.69780242 0.33101776 0.00000000
vt 0.69765127 0.31830654 0.00000000
vt 0.66915578 0.12568809 0.00000000
vt 0.66924906 0.13849601 0.00000000
vt 0.66439486 0.13689837 0.00000000
vt 0.53936195 0.54156339 0.00000000
vt 0.53358680 0.54094380 0.00000000
vt 0.66374820 0.14506707 0.00000000
vt 0.65846354 0.14341791 0.00000000
vt 0.65855688 0.13597518 0.00000000
vt 0.66814047 0.14725776 0.00000000
vt 0.66635746 0.15402959 0.00000000
vt 0.66230232 0.15172808 0.00000000
vt 0.51842821 0.22113732 0.00000000
vt 0.51773900 0.21323179 0.00000000
vt 0.52335829 0.21364118 0.00000000
vt 0.52360880 0.22189073 0.00000000
vt 0.70290989 0.34090844 0.00000000
vt 0.70887572 0.34117401 0.00000000
vt 0.70859414 0.34783342 0.00000000
vt 0.70228326 0.34740376 0.00000000
vt 0.66117823 0.15520753 0.00000000
vt 0.65593117 0.15306997 0.00000000
vt 0.65742415 0.14914380 0.00000000
vt 0.66463602 0.15850638 0.00000000
vt 0.43588501 0.91509974 0.00000000
vt 0.43809402 0.91879076 0.00000000
vt 0.43266326 0.92078215 0.00000000
vt 0.43082231 0.91678399 0.00000000
vt 0.29719943 0.02279682 0.00000000
vt 0.29719943 0.02861919 0.00000000
vt 0.29303089 0.02800727 0.00000000
vt 0.29200584 0.02391687 0.00000000
vt 0.42802414 0.91294551 0.00000000
vt 0.42604634 0.91958988 0.00000000
vt 0.42262712 0.90873003 0.00000000
vt 0.65448564 0.14153455 0.00000000
vt 0.65530974 0.13456918 0.00000000
vt 0.26036602 0.30943489 0.00000000
vt 0.26059026 0.30243912 0.00000000
vt 0.26417729 0.30210808 0.00000000
vt 0.26417729 0.31040826 0.00000000
vt 0.10787237 0.49132010 0.00000000
vt 0.10420356 0.49134979 0.00000000
vt 0.10674372 0.49697995 0.00000000
vt 0.10390783 0.49677065 0.00000000
vt 0.97237384 0.68055004 0.00000000
vt 0.96674341 0.68149835 0.00000000
vt 0.96483415 0.67459369 0.00000000
vt 0.97078884 0.67380750 0.00000000
vt 0.97622943 0.67340004 0.00000000
vt 0.97745597 0.67982161 0.00000000
vt 0.97024184 0.66556782 0.00000000
vt 0.97571957 0.66535717 0.00000000
vt 0.18709992 0.58368880 0.00000000
vt 0.18668422 0.57549250 0.00000000
vt 0.19220638 0.57458746 0.00000000
vt 0.19283204 0.58220243 0.00000000
vt 0.19433025 0.58784413 0.00000000
vt 0.18870248 0.58999592 0.00000000
vt 0.19763972 0.57422435 0.00000000
vt 0.19856070 0.58084482 0.00000000
vt 0.20033446 0.58476400 0.00000000
vt 0.19240801 0.56505984 0.00000000
vt 0.19729111 0.56590593 0.00000000
vt 0.96299702 0.86071843 0.00000000
vt 0.96423602 0.85319036 0.00000000
vt 0.96991122 0.85358006 0.00000000
vt 0.96971041 0.86122441 0.00000000
vt 0.96969616 0.86702770 0.00000000
vt 0.96258646 0.86653394 0.00000000
vt 0.97467226 0.85466868 0.00000000
vt 0.97492051 0.86308891 0.00000000
vt 0.97525442 0.86958343 0.00000000
vt 0.82932347 0.96104217 0.00000000
vt 0.82776666 0.96688169 0.00000000
vt 0.82356673 0.96299845 0.00000000
vt 0.82460904 0.95879906 0.00000000
vt 0.82952720 0.95371854 0.00000000
vt 0.83515286 0.95419788 0.00000000
vt 0.83504778 0.96198446 0.00000000
vt 0.83210325 0.96736270 0.00000000
vt 0.84094805 0.95364827 0.00000000
vt 0.84096432 0.96177828 0.00000000
vt 0.83921701 0.96864998 0.00000000
vt 0.20551129 0.96129364 0.00000000
vt 0.20564701 0.95312268 0.00000000
vt 0.21204422 0.95223111 0.00000000
vt 0.21258131 0.96094900 0.00000000
vt 0.21788323 0.95148343 0.00000000
vt 0.21946339 0.96055591 0.00000000
vt 0.22014774 0.96751940 0.00000000
vt 0.00143146 0.72594655 0.00000000
vt 0.00090580 0.71744812 0.00000000
vt 0.00715591 0.71640414 0.00000000
vt 0.00855863 0.72477365 0.00000000
vt 0.01296209 0.71658403 0.00000000
vt 0.01433705 0.72492975 0.00000000
vt 0.95966262 0.67572665 0.00000000
vt 0.96128899 0.68245792 0.00000000
vt 0.00514730 0.70478010 0.00000000
vt 0.01059987 0.70487988 0.00000000
vt 0.96446949 0.66600674 0.00000000
vt 0.96527892 0.65358973 0.00000000
vt 0.97035092 0.65376830 0.00000000
vt 0.77271849 0.96044618 0.00000000
vt 0.76768619 0.96204561 0.00000000
vt 0.97325796 0.64147007 0.00000000
vt 0.97745597 0.64317286 0.00000000
vt 0.97527719 0.65473741 0.00000000
vt 0.18727723 0.56440908 0.00000000
vt 0.19148582 0.55170971 0.00000000
vt 0.19557650 0.55342013 0.00000000
vt 0.77271849 0.94583845 0.00000000
vt 0.76827729 0.93445671 0.00000000
vt 0.19773112 0.54206443 0.00000000
vt 0.20033446 0.54416925 0.00000000
vt 0.23445949 0.30380386 0.00000000
vt 0.23125906 0.30273899 0.00000000
vt 0.23172987 0.29751283 0.00000000
vt 0.23775952 0.30375746 0.00000000
vt 0.76242828 0.96201795 0.00000000
vt 0.92682201 0.36421302 0.00000000
vt 0.92525923 0.37645259 0.00000000
vt 0.91902465 0.37568030 0.00000000
vt 0.92112613 0.36374149 0.00000000
vt 0.92682195 0.34978095 0.00000000
vt 0.21403721 0.93902719 0.00000000
vt 0.20914036 0.94055867 0.00000000
vt 0.91583800 0.36233225 0.00000000
vt 0.20381860 0.94244468 0.00000000
vt 0.83958733 0.94323558 0.00000000
vt 0.83431381 0.94469517 0.00000000
vt 0.83178800 0.93383861 0.00000000
vt 0.83597416 0.93208230 0.00000000
vt 0.82893717 0.94480091 0.00000000
vt 0.82733524 0.93430525 0.00000000
vt 0.26197580 0.06384280 0.00000000
vt 0.25727382 0.06346883 0.00000000
vt 0.25828442 0.05488118 0.00000000
vt 0.26197580 0.05432041 0.00000000
vt 0.83037138 0.92237306 0.00000000
vt 0.97510588 0.84399897 0.00000000
vt 0.95905930 0.85364872 0.00000000
vt 0.48028913 0.54909557 0.00000000
vt 0.50078082 0.55036455 0.00000000
vt 0.50445569 0.56878471 0.00000000
vt 0.48278782 0.56651288 0.00000000
vt 0.66774052 0.17095572 0.00000000
vt 0.50716889 0.59022486 0.00000000
vt 0.48751339 0.58889508 0.00000000
vt 0.50898314 0.61315328 0.00000000
vt 0.49049839 0.61264467 0.00000000
vt 0.47168928 0.61285019 0.00000000
vt 0.49200740 0.63609517 0.00000000
vt 0.47384277 0.63671440 0.00000000
vt 0.45508975 0.63736725 0.00000000
vt 0.45344815 0.61371863 0.00000000
vt 0.43558767 0.63786864 0.00000000
vt 0.43429700 0.61480230 0.00000000
vt 0.43186527 0.59252870 0.00000000
vt 0.41333014 0.61562264 0.00000000
vt 0.41061956 0.59580350 0.00000000
vt 0.40831849 0.58655834 0.00000000
vt 0.42963600 0.58081663 0.00000000
vt 0.40637127 0.58026487 0.00000000
vt 0.42766774 0.57420343 0.00000000
vt 0.38530895 0.58874869 0.00000000
vt 0.38284594 0.58273327 0.00000000
vt 0.36299720 0.59164101 0.00000000
vt 0.36076540 0.58661580 0.00000000
vt 0.33887208 0.59552258 0.00000000
vt 0.33613750 0.59093541 0.00000000
vt 0.33351755 0.58583236 0.00000000
vt 0.31191295 0.59573042 0.00000000
vt 0.30916485 0.59109420 0.00000000
vt 0.30700225 0.58718902 0.00000000
vt 0.33049309 0.58086878 0.00000000
vt 0.90897149 0.02369508 0.00000000
vt 0.90296590 0.02560956 0.00000000
vt 0.90569311 0.00334354 0.00000000
vt 0.91141158 0.00064987 0.00000000
vt 0.31701273 0.52661562 0.00000000
vt 0.31701273 0.54921490 0.00000000
vt 0.31154135 0.55036932 0.00000000
vt 0.31103739 0.52858990 0.00000000
vt 0.89637154 0.02673385 0.00000000
vt 0.89836413 0.00741607 0.00000000
vt 0.73476642 0.96423095 0.00000000
vt 0.75730819 0.98185891 0.00000000
vt 0.73689741 0.97183460 0.00000000
vt 0.88890588 0.02777200 0.00000000
vt 0.89026952 0.01063684 0.00000000
vt 0.73294538 0.95539171 0.00000000
vt 0.87904090 0.03134887 0.00000000
vt 0.87922996 0.01689360 0.00000000
vt 0.72947049 0.94377375 0.00000000
vt 0.74033594 0.94331336 0.00000000
vt 0.74987614 0.94361961 0.00000000
vt 0.87619036 0.00700567 0.00000000
vt 0.86487788 0.03074810 0.00000000
vt 0.86341017 0.01853826 0.00000000
vt 0.73235130 0.92924422 0.00000000
vt 0.74108875 0.92899221 0.00000000
vt 0.74971199 0.92918849 0.00000000
vt 0.75730819 0.94370008 0.00000000
vt 0.86098748 0.01071097 0.00000000
vt 0.85231686 0.03282211 0.00000000
vt 0.85766286 0.00504256 0.00000000
vt 0.85105026 0.04331911 0.00000000
vt 0.57233930 0.99066478 0.00000000
vt 0.56218898 0.98631370 0.00000000
vt 0.55986369 0.97500473 0.00000000
vt 0.84263706 0.04070815 0.00000000
vt 0.00946967 0.11858536 0.00000000
vt 0.00946967 0.10806455 0.00000000
vt 0.01531051 0.10956093 0.00000000
vt 0.01541034 0.11887974 0.00000000
vt 0.56253171 0.96910876 0.00000000
vt 0.55425942 0.96665233 0.00000000
vt 0.55840749 0.95901567 0.00000000
vt 0.56742525 0.96233100 0.00000000
vt 0.92567331 0.93986911 0.00000000
vt 0.54714948 0.96268541 0.00000000
vt 0.53314120 0.95971954 0.00000000
vt 0.53753984 0.95601404 0.00000000
vt 0.82181162 0.07235862 0.00000000
vt 0.82347786 0.08761351 0.00000000
vt 0.81641710 0.08434545 0.00000000
vt 0.53167939 0.94368839 0.00000000
vt 0.54005986 0.94363004 0.00000000
vt 0.44927174 0.32965624 0.00000000
vt 0.45570579 0.33066040 0.00000000
vt 0.45304161 0.34301534 0.00000000
vt 0.44615468 0.34339413 0.00000000
vt 0.33731651 0.36448351 0.00000000
vt 0.33902755 0.37883872 0.00000000
vt 0.33035403 0.37929508 0.00000000
vt 0.32993862 0.36790779 0.00000000
vt 0.18272261 0.68695438 0.00000000
vt 0.17391495 0.68759698 0.00000000
vt 0.33802462 0.39186299 0.00000000
vt 0.32993862 0.39030758 0.00000000
vt 0.17861453 0.69786835 0.00000000
vt 0.17242835 0.69627744 0.00000000
vt 0.57306385 0.10044896 0.00000000
vt 0.57440376 0.09332018 0.00000000
vt 0.58564377 0.09937863 0.00000000
vt 0.58362657 0.10609869 0.00000000
vt 0.59724122 0.10319004 0.00000000
vt 0.14990887 0.59751451 0.00000000
vt 0.15882064 0.59407824 0.00000000
vt 0.16390759 0.60797548 0.00000000
vt 0.15275826 0.61168951 0.00000000
vt 0.61182165 0.10858877 0.00000000
vt 0.16511080 0.62237847 0.00000000
vt 0.15140322 0.62768847 0.00000000
vt 0.62595797 0.11778339 0.00000000
vt 0.62236261 0.13236898 0.00000000
vt 0.16477555 0.63253874 0.00000000
vt 0.14990887 0.63842839 0.00000000
vt 0.63572246 0.12611450 0.00000000
vt 0.63267648 0.14281997 0.00000000
vt 0.63706756 0.11068868 0.00000000
vt 0.64282507 0.11318604 0.00000000
vt 0.64191401 0.13085067 0.00000000
vt 0.64024645 0.14936586 0.00000000
vt 0.64533949 0.24453081 0.00000000
vt 0.63534701 0.25268963 0.00000000
vt 0.64718330 0.13338871 0.00000000
vt 0.64723432 0.25041130 0.00000000
vt 0.63645101 0.25977430 0.00000000
vt 0.64767706 0.11438501 0.00000000
vt 0.65213853 0.11550552 0.00000000
vt 0.65158784 0.13468306 0.00000000
vt 0.13055491 0.85593051 0.00000000
vt 0.14937541 0.85758579 0.00000000
vt 0.14933112 0.86162519 0.00000000
vt 0.13103922 0.86072379 0.00000000
vt 0.11280442 0.85864878 0.00000000
vt 0.11218736 0.85448188 0.00000000
vt 0.14926121 0.86591804 0.00000000
vt 0.13122085 0.86549067 0.00000000
vt 0.11289815 0.86462033 0.00000000
vt 0.14926094 0.87132287 0.00000000
vt 0.13125046 0.87132055 0.00000000
vt 0.11334161 0.87151945 0.00000000
vt 0.76349306 0.01529634 0.00000000
vt 0.13159904 0.87891835 0.00000000
vt 0.11421570 0.88094515 0.00000000
vt 0.77266389 0.01832479 0.00000000
vt 0.77164537 0.03528450 0.00000000
vt 0.78848577 0.02377849 0.00000000
vt 0.78835845 0.04146336 0.00000000
vt 0.78798926 0.05969327 0.00000000
vt 0.80546659 0.04808007 0.00000000
vt 0.80555069 0.06581216 0.00000000
vt 0.80463582 0.08444951 0.00000000
vt 0.52761590 0.07655856 0.00000000
vt 0.52913028 0.09545700 0.00000000
vt 0.51150471 0.09161244 0.00000000
vt 0.51064342 0.07267101 0.00000000
vt 0.82258528 0.09032751 0.00000000
vt 0.82163680 0.10851540 0.00000000
vt 0.50897050 0.05436711 0.00000000
vt 0.49219450 0.07005490 0.00000000
vt 0.49012747 0.05192089 0.00000000
vt 0.48887420 0.03344473 0.00000000
vt 0.50827402 0.03556453 0.00000000
vt 0.48684269 0.01558885 0.00000000
vt 0.50623327 0.01798162 0.00000000
vt 0.47046745 0.05063337 0.00000000
vt 0.46823746 0.03286744 0.00000000
vt 0.46582434 0.01497491 0.00000000
vt 0.89071608 0.95775938 0.00000000
vt 0.91122311 0.96424705 0.00000000
vt 0.44680968 0.03300842 0.00000000
vt 0.44390017 0.01585937 0.00000000
vt 0.86938190 0.95072722 0.00000000
vt 0.87560207 0.93479133 0.00000000
vt 0.84734291 0.94259596 0.00000000
vt 0.85335463 0.92731291 0.00000000
vt 0.85945529 0.91098630 0.00000000
vt 0.83140236 0.91798073 0.00000000
vt 0.83793217 0.90110832 0.00000000
vt 0.84440738 0.88536805 0.00000000
vt 0.81684053 0.88920820 0.00000000
vt 0.82177049 0.87319666 0.00000000
vt 0.82962471 0.86003733 0.00000000
vt 0.81141680 0.90645587 0.00000000
vt 0.79307580 0.89580470 0.00000000
vt 0.80524313 0.92387128 0.00000000
vt 0.78697592 0.91405129 0.00000000
vt 0.77076876 0.90512103 0.00000000
vt 0.77881259 0.88662195 0.00000000
vt 0.75582629 0.89583129 0.00000000
vt 0.76501989 0.87854642 0.00000000
vt 0.77225983 0.86515617 0.00000000
vt 0.77568078 0.85779095 0.00000000
vt 0.75069594 0.87062126 0.00000000
vt 0.75801069 0.85920835 0.00000000
vt 0.76297015 0.85250175 0.00000000
vt 0.76767731 0.84722722 0.00000000
vt 0.77840441 0.85224766 0.00000000
vt 0.74530715 0.84921855 0.00000000
vt 0.73602867 0.86146402 0.00000000
vt 0.72121912 0.85173452 0.00000000
vt 0.73215061 0.84021896 0.00000000
vt 0.64548260 0.27364853 0.00000000
vt 0.64771062 0.29042980 0.00000000
vt 0.62880915 0.29617411 0.00000000
vt 0.62623882 0.28063065 0.00000000
vt 0.62399328 0.26662675 0.00000000
vt 0.64378291 0.26043865 0.00000000
vt 0.72527051 0.81828392 0.00000000
vt 0.73533553 0.80886191 0.00000000
vt 0.60123605 0.28943956 0.00000000
vt 0.62211335 0.25264576 0.00000000
vt 0.60722929 0.30261415 0.00000000
vt 0.59230262 0.30815852 0.00000000
vt 0.58348185 0.29771265 0.00000000
vt 0.58422953 0.31170517 0.00000000
vt 0.57618469 0.30186930 0.00000000
vt 0.56978625 0.29596594 0.00000000
vt 0.56286657 0.29293492 0.00000000
vt 0.11372305 0.70247191 0.00000000
vt 0.10773031 0.70886338 0.00000000
vt 0.10491705 0.70460248 0.00000000
vt 0.10942367 0.69758147 0.00000000
vt 0.11247539 0.69079554 0.00000000
vt 0.11667831 0.69590211 0.00000000
vt 0.63188082 0.78358936 0.00000000
vt 0.62293726 0.78406805 0.00000000
vt 0.62328190 0.77899104 0.00000000
vt 0.63402545 0.77734262 0.00000000
vt 0.10418488 0.69356632 0.00000000
vt 0.10673027 0.68704540 0.00000000
vt 0.63126892 0.79036140 0.00000000
vt 0.62354589 0.79038614 0.00000000
vt 0.12548418 0.01670365 0.00000000
vt 0.12346312 0.02226811 0.00000000
vt 0.11766674 0.02324113 0.00000000
vt 0.11982244 0.01490601 0.00000000
vt 0.63128161 0.79827923 0.00000000
vt 0.62430871 0.79866326 0.00000000
vt 0.61834866 0.79761702 0.00000000
vt 0.61787295 0.78878689 0.00000000
vt 0.11667828 0.49260584 0.00000000
vt 0.11099535 0.49207664 0.00000000
vt 0.10921849 0.48429880 0.00000000
vt 0.11577173 0.48423809 0.00000000
vt 0.62541664 0.81004137 0.00000000
vt 0.61921179 0.80972743 0.00000000
vt 0.11501042 0.50413835 0.00000000
vt 0.10921849 0.50341338 0.00000000
vt 0.59656519 0.67322052 0.00000000
vt 0.60176784 0.67123473 0.00000000
vt 0.16743325 0.60760778 0.00000000
vt 0.16605626 0.60218328 0.00000000
vt 0.18074203 0.60054082 0.00000000
vt 0.18127115 0.60636121 0.00000000
vt 0.59314531 0.65887618 0.00000000
vt 0.59859872 0.65860069 0.00000000
vt 0.60457784 0.65817004 0.00000000
vt 0.59171152 0.64248592 0.00000000
vt 0.59724575 0.64290315 0.00000000
vt 0.60345185 0.64356697 0.00000000
vt 0.53936195 0.16951381 0.00000000
vt 0.53183097 0.16812333 0.00000000
vt 0.53198808 0.15612745 0.00000000
vt 0.53936195 0.15563503 0.00000000
vt 0.59752810 0.62505704 0.00000000
vt 0.60539734 0.62640905 0.00000000
vt 0.61431950 0.62798023 0.00000000
vt 0.61070758 0.64427638 0.00000000
vt 0.62415361 0.62944418 0.00000000
vt 0.62091994 0.64315605 0.00000000
vt 0.60865730 0.61162484 0.00000000
vt 0.68245798 0.23869894 0.00000000
vt 0.68140453 0.25108349 0.00000000
vt 0.67185766 0.25316986 0.00000000
vt 0.67185766 0.23955996 0.00000000
vt 0.63224918 0.64183152 0.00000000
vt 0.63244766 0.64936054 0.00000000
vt 0.62112147 0.65287107 0.00000000
vt 0.61119270 0.65725988 0.00000000
vt 0.63404429 0.62993157 0.00000000
vt 0.64283139 0.62825471 0.00000000
vt 0.64281684 0.64076155 0.00000000
vt 0.63472098 0.61384952 0.00000000
vt 0.64141589 0.61158687 0.00000000
vt 0.14967534 0.95532411 0.00000000
vt 0.14180925 0.95535147 0.00000000
vt 0.14142321 0.93859178 0.00000000
vt 0.14970049 0.93847263 0.00000000
vt 0.62896627 0.59792042 0.00000000
vt 0.63397127 0.59441286 0.00000000
vt 0.14473248 0.97305292 0.00000000
vt 0.13799225 0.97158426 0.00000000
vt 0.13172658 0.96840417 0.00000000
vt 0.13387668 0.95534641 0.00000000
vt 0.31881416 0.68392938 0.00000000
vt 0.32566643 0.68213385 0.00000000
vt 0.32462665 0.69526643 0.00000000
vt 0.31819969 0.69575447 0.00000000
vt 0.02641775 0.57875490 0.00000000
vt 0.02244728 0.59150553 0.00000000
vt 0.01590523 0.58901495 0.00000000
vt 0.01933113 0.57787526 0.00000000
vt 0.00862576 0.58788729 0.00000000
vt 0.01107179 0.57815975 0.00000000
vt 0.31819969 0.70606220 0.00000000
vt 0.62363464 0.58511865 0.00000000
vt 0.61948770 0.58868653 0.00000000
vt 0.33022159 0.69658417 0.00000000
vt 0.17597760 0.96771938 0.00000000
vt 0.17524758 0.96067953 0.00000000
vt 0.01754436 0.56446660 0.00000000
vt 0.00895778 0.56857634 0.00000000
vt 0.00131850 0.55814892 0.00000000
vt 0.00868027 0.55255747 0.00000000
vt 0.13303442 0.93927044 0.00000000
vt 0.03985720 0.72208452 0.00000000
vt 0.03980101 0.71389627 0.00000000
vt 0.05449878 0.71196508 0.00000000
vt 0.05432723 0.72133362 0.00000000
vt 0.13201563 0.92491680 0.00000000
vt 0.14031450 0.92484045 0.00000000
vt 0.13172658 0.91461885 0.00000000
vt 0.13973694 0.91589540 0.00000000
vt 0.00883839 0.14254415 0.00000000
vt 0.01761181 0.14117418 0.00000000
vt 0.01596932 0.15013365 0.00000000
vt 0.00883839 0.15190192 0.00000000
vt 0.14913177 0.92594391 0.00000000
vt 0.20007552 0.56577963 0.00000000
vt 0.19751793 0.55716306 0.00000000
vt 0.20213294 0.55497456 0.00000000
vt 0.20340827 0.56305152 0.00000000
vt 0.64272237 0.64830685 0.00000000
vt 0.64279974 0.65250093 0.00000000
vt 0.63413233 0.65458888 0.00000000
vt 0.64283139 0.65395993 0.00000000
vt 0.63600004 0.65728956 0.00000000
vt 0.52887970 0.63850266 0.00000000
vt 0.53171861 0.63197601 0.00000000
vt 0.53275752 0.63220960 0.00000000
vt 0.53174341 0.64062995 0.00000000
vt 0.55880266 0.29725972 0.00000000
vt 0.56135458 0.29565698 0.00000000
vt 0.56528938 0.30603617 0.00000000
vt 0.55945563 0.30851674 0.00000000
vt 0.55985528 0.34158039 0.00000000
vt 0.56675917 0.34989330 0.00000000
vt 0.55455101 0.32898855 0.00000000
vt 0.56798118 0.31940433 0.00000000
vt 0.55880266 0.32361716 0.00000000
vt 0.67391950 0.29059505 0.00000000
vt 0.67596346 0.27857509 0.00000000
vt 0.68074745 0.27618039 0.00000000
vt 0.68245798 0.29059505 0.00000000
vt 0.54587990 0.32125247 0.00000000
vt 0.55197948 0.31640041 0.00000000
vt 0.54954296 0.30455953 0.00000000
vt 0.53813964 0.32693341 0.00000000
vt 0.52465892 0.34738824 0.00000000
vt 0.52351421 0.33459252 0.00000000
vt 0.52191645 0.32056710 0.00000000
vt 0.52046162 0.30584031 0.00000000
vt 0.66332334 0.51088190 0.00000000
vt 0.66508561 0.49741629 0.00000000
vt 0.69227558 0.49227631 0.00000000
vt 0.69001424 0.50576925 0.00000000
vt 0.68855059 0.52114016 0.00000000
vt 0.66184860 0.52528608 0.00000000
vt 0.68747234 0.53772295 0.00000000
vt 0.66111094 0.54106474 0.00000000
vt 0.72020495 0.50560075 0.00000000
vt 0.71824777 0.52080017 0.00000000
vt 0.71625042 0.53657532 0.00000000
vt 0.71324384 0.55372471 0.00000000
vt 0.68625730 0.55575198 0.00000000
vt 0.74226344 0.52449775 0.00000000
vt 0.74334162 0.51064533 0.00000000
vt 0.75426155 0.51484543 0.00000000
vt 0.75447083 0.52734220 0.00000000
vt 0.76281101 0.51867342 0.00000000
vt 0.76325095 0.52946025 0.00000000
vt 0.25126538 0.14266393 0.00000000
vt 0.25537130 0.14646772 0.00000000
vt 0.25514612 0.15474454 0.00000000
vt 0.24682385 0.15086581 0.00000000
vt 0.45790726 0.72472751 0.00000000
vt 0.45476270 0.73199522 0.00000000
vt 0.44776228 0.72429985 0.00000000
vt 0.45107988 0.71823913 0.00000000
vt 0.26417729 0.07340197 0.00000000
vt 0.26416424 0.08239941 0.00000000
vt 0.25848594 0.08365618 0.00000000
vt 0.25848594 0.07536218 0.00000000
vt 0.25537130 0.16070786 0.00000000
vt 0.24986801 0.15774120 0.00000000
vt 0.80306810 0.36981201 0.00000000
vt 0.80277926 0.37895381 0.00000000
vt 0.79649985 0.37962306 0.00000000
vt 0.79688239 0.37109780 0.00000000
vt 0.79776615 0.36397496 0.00000000
vt 0.80353922 0.36258939 0.00000000
vt 0.79073113 0.37838191 0.00000000
vt 0.79083788 0.37012425 0.00000000
vt 0.79073113 0.36355543 0.00000000
vt 0.01698626 0.43512428 0.00000000
vt 0.01376253 0.42724493 0.00000000
vt 0.01953408 0.42533880 0.00000000
vt 0.02303351 0.43293452 0.00000000
vt 0.02549741 0.42114648 0.00000000
vt 0.03008356 0.42819551 0.00000000
vt 0.03582004 0.43185723 0.00000000
vt 0.03852429 0.41932145 0.00000000
vt 0.04451555 0.42186475 0.00000000
vt 0.03866376 0.72993553 0.00000000
vt 0.04818454 0.73757780 0.00000000
vt 0.04539104 0.74521828 0.00000000
vt 0.03486443 0.73739368 0.00000000
vt 0.02632082 0.72859913 0.00000000
vt 0.03221960 0.72080070 0.00000000
vt 0.04178038 0.75745708 0.00000000
vt 0.02910791 0.75168532 0.00000000
vt 0.79338002 0.53837973 0.00000000
vt 0.80617762 0.54509002 0.00000000
vt 0.80165786 0.55761731 0.00000000
vt 0.79730928 0.57110697 0.00000000
vt 0.01769439 0.74653471 0.00000000
vt 0.02303631 0.77489418 0.00000000
vt 0.01021943 0.77103567 0.00000000
vt 0.44162703 0.93075818 0.00000000
vt 0.44785234 0.90911543 0.00000000
vt 0.46211842 0.91273832 0.00000000
vt 0.45505747 0.93560547 0.00000000
vt 0.47743738 0.91707355 0.00000000
vt 0.47248942 0.93850088 0.00000000
vt 0.45622596 0.88371408 0.00000000
vt 0.46994328 0.88787311 0.00000000
vt 0.48370242 0.89380187 0.00000000
vt 0.50082338 0.90317547 0.00000000
vt 0.49486110 0.92288733 0.00000000
vt 0.49100465 0.87206089 0.00000000
vt 0.50837624 0.88712269 0.00000000
vt 0.52886701 0.90201837 0.00000000
vt 0.52124399 0.91400564 0.00000000
vt 0.51350701 0.87655234 0.00000000
vt 0.53493953 0.89531642 0.00000000
vt 0.55188107 0.90915686 0.00000000
vt 0.54797810 0.91351897 0.00000000
vt 0.53886932 0.89177769 0.00000000
vt 0.55547816 0.90632600 0.00000000
vt 0.57041758 0.91410804 0.00000000
vt 0.56702411 0.91799802 0.00000000
vt 0.54169154 0.88758969 0.00000000
vt 0.55965120 0.90316182 0.00000000
vt 0.57256216 0.91060323 0.00000000
vt 0.58521754 0.91217226 0.00000000
vt 0.58451408 0.91614717 0.00000000
vt 0.56314486 0.90030032 0.00000000
vt 0.57470870 0.90703112 0.00000000
vt 0.58569002 0.90926105 0.00000000
vt 0.35127833 0.95371586 0.00000000
vt 0.34837177 0.94131827 0.00000000
vt 0.35151047 0.94010490 0.00000000
vt 0.35443786 0.95382738 0.00000000
vt 0.35170412 0.96495914 0.00000000
vt 0.34680566 0.96361530 0.00000000
vt 0.34658596 0.95345038 0.00000000
vt 0.34418416 0.94222283 0.00000000
vt 0.34048459 0.92818654 0.00000000
vt 0.34419158 0.92682409 0.00000000
vt 0.34251982 0.95310891 0.00000000
vt 0.34020534 0.94320661 0.00000000
vt 0.33642170 0.92957258 0.00000000
vt 0.30376467 0.50611049 0.00000000
vt 0.30509564 0.48999426 0.00000000
vt 0.30936879 0.49020284 0.00000000
vt 0.30797043 0.50626206 0.00000000
vt 0.61153799 0.89748710 0.00000000
vt 0.59697706 0.90255147 0.00000000
vt 0.59589845 0.89852065 0.00000000
vt 0.60974431 0.89348370 0.00000000
vt 0.62589025 0.88664192 0.00000000
vt 0.62765300 0.89004707 0.00000000
vt 0.64090878 0.87928385 0.00000000
vt 0.64254028 0.88279182 0.00000000
vt 0.60776246 0.88883179 0.00000000
vt 0.62348431 0.88199884 0.00000000
vt 0.63864428 0.87456787 0.00000000
vt 0.65637106 0.86730134 0.00000000
vt 0.65751994 0.87191844 0.00000000
vt 0.62086678 0.87642729 0.00000000
vt 0.63584387 0.86915177 0.00000000
vt 0.65546179 0.86221206 0.00000000
vt 0.67141855 0.85241598 0.00000000
vt 0.67279601 0.85701567 0.00000000
vt 0.67388415 0.86115032 0.00000000
vt 0.67478907 0.86540383 0.00000000
vt 0.68755585 0.84956217 0.00000000
vt 0.68994743 0.85408020 0.00000000
vt 0.69160885 0.85969526 0.00000000
vt 0.67515123 0.86945057 0.00000000
vt 0.65833759 0.87508047 0.00000000
vt 0.69220859 0.86507511 0.00000000
vt 0.69175798 0.86916375 0.00000000
vt 0.67508203 0.87325352 0.00000000
vt 0.92682183 0.37941518 0.00000000
vt 0.90969342 0.37572166 0.00000000
vt 0.70887572 0.86238593 0.00000000
vt 0.70779699 0.86732674 0.00000000
vt 0.18543200 0.55942124 0.00000000
vt 0.18139057 0.55635899 0.00000000
vt 0.18561521 0.54201770 0.00000000
vt 0.18932706 0.54392678 0.00000000
vt 0.91100651 0.37169206 0.00000000
vt 0.89162439 0.37041724 0.00000000
vt 0.89413983 0.36581621 0.00000000
vt 0.17638019 0.57355785 0.00000000
vt 0.17280561 0.56959021 0.00000000
vt 0.83479631 0.18730403 0.00000000
vt 0.83862466 0.18774703 0.00000000
vt 0.83914649 0.20457655 0.00000000
vt 0.83483845 0.20432547 0.00000000
vt 0.16201039 0.58538902 0.00000000
vt 0.15959795 0.58124858 0.00000000
vt 0.15767720 0.57757330 0.00000000
vt 0.17042494 0.56616127 0.00000000
vt 0.83915502 0.17007585 0.00000000
vt 0.84422052 0.17049947 0.00000000
vt 0.84351283 0.18835104 0.00000000
vt 0.14325687 0.58958775 0.00000000
vt 0.14182889 0.58573747 0.00000000
vt 0.84026468 0.15366165 0.00000000
vt 0.84505266 0.15357067 0.00000000
vt 0.84977025 0.15430041 0.00000000
vt 0.84912831 0.17104769 0.00000000
vt 0.00193363 0.10665178 0.00000000
vt 0.00660444 0.10655218 0.00000000
vt 0.00543215 0.12340511 0.00000000
vt 0.00095417 0.12364572 0.00000000
vt 0.59219742 0.61803156 0.00000000
vt 0.59079880 0.63557327 0.00000000
vt 0.58684200 0.63517863 0.00000000
vt 0.58820057 0.61796504 0.00000000
vt 0.58182895 0.63457274 0.00000000
vt 0.58322173 0.61812270 0.00000000
vt 0.58653384 0.65098673 0.00000000
vt 0.57858974 0.61838245 0.00000000
vt 0.57700920 0.60197443 0.00000000
vt 0.58160365 0.60088938 0.00000000
vt 0.58638340 0.60017002 0.00000000
vt 0.57716328 0.63397402 0.00000000
vt 0.83048385 0.68405771 0.00000000
vt 0.83131403 0.67924494 0.00000000
vt 0.84599853 0.68182331 0.00000000
vt 0.84581089 0.68686086 0.00000000
vt 0.84652901 0.67682397 0.00000000
vt 0.86153567 0.67656654 0.00000000
vt 0.86143082 0.68177289 0.00000000
vt 0.86204714 0.68686086 0.00000000
vt 0.83211696 0.67435628 0.00000000
vt 0.97692376 0.34170166 0.00000000
vt 0.97152293 0.34311309 0.00000000
vt 0.97054291 0.33012360 0.00000000
vt 0.97601825 0.32850808 0.00000000
vt 0.82035875 0.66970742 0.00000000
vt 0.97741306 0.35412249 0.00000000
vt 0.97214133 0.35513267 0.00000000
vt 0.96573859 0.35693642 0.00000000
vt 0.96467644 0.34500888 0.00000000
vt 0.97745597 0.36445004 0.00000000
vt 0.97255033 0.36502957 0.00000000
vt 0.96678925 0.36605239 0.00000000
vt 0.96090364 0.36768761 0.00000000
vt 0.95920545 0.35882285 0.00000000
vt 0.97308213 0.37293434 0.00000000
vt 0.96780622 0.37339190 0.00000000
vt 0.96216387 0.37506220 0.00000000
vt 0.95642823 0.37716913 0.00000000
vt 0.95547318 0.37013999 0.00000000
vt 0.96910191 0.37933850 0.00000000
vt 0.96393389 0.38085562 0.00000000
vt 0.51514572 0.24375743 0.00000000
vt 0.50949889 0.24501987 0.00000000
vt 0.50748432 0.23812307 0.00000000
vt 0.51297534 0.23728891 0.00000000
vt 0.25718120 0.30760622 0.00000000
vt 0.25366917 0.30820683 0.00000000
vt 0.25366917 0.29930538 0.00000000
vt 0.25757286 0.29919350 0.00000000
vt 0.50660205 0.22843763 0.00000000
vt 0.51125276 0.22935599 0.00000000
vt 0.50597745 0.24575716 0.00000000
vt 0.50480747 0.23869503 0.00000000
vt 0.91337138 0.85562170 0.00000000
vt 0.91471666 0.85087323 0.00000000
vt 0.92021596 0.85283273 0.00000000
vt 0.91896623 0.85841668 0.00000000
vt 0.51070040 0.25055167 0.00000000
vt 0.50675994 0.25124115 0.00000000
vt 0.90896702 0.85349250 0.00000000
vt 0.90975976 0.84958118 0.00000000
vt 0.90532720 0.85238904 0.00000000
vt 0.91549736 0.84520888 0.00000000
vt 0.92079800 0.84648341 0.00000000
vt 0.92703611 0.85356617 0.00000000
vt 0.93508869 0.85106021 0.00000000
vt 0.93744040 0.85711998 0.00000000
vt 0.92741525 0.85991782 0.00000000
vt 0.94225502 0.84487301 0.00000000
vt 0.94629759 0.84982407 0.00000000
vt 0.94998479 0.85403293 0.00000000
vt 0.93959731 0.86264259 0.00000000
vt 0.92861837 0.86297905 0.00000000
vt 0.05270737 0.40507185 0.00000000
vt 0.05534991 0.39208674 0.00000000
vt 0.06091091 0.39278030 0.00000000
vt 0.05785900 0.40377143 0.00000000
vt 0.50754839 0.21670632 0.00000000
vt 0.51270658 0.21906723 0.00000000
vt 0.82277912 0.62401080 0.00000000
vt 0.83530223 0.62150019 0.00000000
vt 0.81491929 0.63028407 0.00000000
vt 0.05586958 0.37711772 0.00000000
vt 0.06164137 0.37771431 0.00000000
vt 0.85052747 0.62123126 0.00000000
vt 0.85079563 0.62743509 0.00000000
vt 0.86616337 0.62172467 0.00000000
vt 0.86547494 0.62765324 0.00000000
vt 0.86441082 0.63410681 0.00000000
vt 0.85044914 0.63420612 0.00000000
vt 0.86360306 0.64092982 0.00000000
vt 0.84996462 0.64117128 0.00000000
vt 0.86336201 0.64824402 0.00000000
vt 0.84929198 0.64850360 0.00000000
vt 0.83579421 0.64761031 0.00000000
vt 0.84872836 0.65691656 0.00000000
vt 0.83485478 0.65566242 0.00000000
vt 0.82352149 0.65255862 0.00000000
vt 0.82463354 0.64533871 0.00000000
vt 0.81597275 0.64866197 0.00000000
vt 0.81695914 0.64187622 0.00000000
vt 0.84786540 0.66530609 0.00000000
vt 0.83372152 0.66323388 0.00000000
vt 0.95721143 0.34741607 0.00000000
vt 0.86307067 0.65657938 0.00000000
vt 0.86266696 0.66496551 0.00000000
vt 0.86205465 0.67149824 0.00000000
vt 0.84712780 0.67178482 0.00000000
vt 0.83283395 0.66951227 0.00000000
vt 0.50775349 0.93232667 0.00000000
vt 0.51458329 0.93541211 0.00000000
vt 0.51043737 0.94739288 0.00000000
vt 0.50367486 0.94475460 0.00000000
vt 0.49814573 0.94268590 0.00000000
vt 0.50231302 0.92999375 0.00000000
vt 0.50096232 0.95641237 0.00000000
vt 0.49554312 0.95491719 0.00000000
vt 0.49098775 0.95348960 0.00000000
vt 0.49339229 0.94053751 0.00000000
vt 0.49739507 0.92742258 0.00000000
vt 0.87551481 0.67840749 0.00000000
vt 0.88661695 0.67281622 0.00000000
vt 0.88918179 0.67716229 0.00000000
vt 0.87718022 0.68327850 0.00000000
vt 0.57254952 0.58698100 0.00000000
vt 0.56559932 0.57520914 0.00000000
vt 0.56967813 0.57238132 0.00000000
vt 0.57697731 0.58495188 0.00000000
vt 0.57399029 0.57035965 0.00000000
vt 0.58169758 0.58358443 0.00000000
vt 0.84818006 0.18878222 0.00000000
vt 0.84831893 0.20517597 0.00000000
vt 0.84360546 0.20517252 0.00000000
vt 0.84977025 0.21977140 0.00000000
vt 0.84516656 0.22014774 0.00000000
vt 0.84064448 0.21964769 0.00000000
vt 0.69106269 0.87696838 0.00000000
vt 0.69208264 0.88072789 0.00000000
vt 0.67775577 0.88391328 0.00000000
vt 0.67620075 0.88014579 0.00000000
vt 0.67522818 0.87712783 0.00000000
vt 0.69111753 0.87317175 0.00000000
vt 0.83675623 0.21937482 0.00000000
vt 0.66203952 0.88530177 0.00000000
vt 0.66032058 0.88174450 0.00000000
vt 0.65903908 0.87777120 0.00000000
vt 0.64552504 0.88852894 0.00000000
vt 0.64418107 0.88600278 0.00000000
vt 0.31370556 0.45904946 0.00000000
vt 0.31108123 0.47538650 0.00000000
vt 0.30736446 0.47454166 0.00000000
vt 0.31070220 0.45791543 0.00000000
vt 0.31481123 0.47583047 0.00000000
vt 0.31316793 0.49083093 0.00000000
vt 0.63044739 0.89528507 0.00000000
vt 0.64782441 0.89205700 0.00000000
vt 0.63266468 0.89880311 0.00000000
vt 0.61576575 0.90487385 0.00000000
vt 0.61397684 0.90174592 0.00000000
vt 0.31182688 0.50633979 0.00000000
vt 0.63538849 0.90239424 0.00000000
vt 0.61759728 0.90847015 0.00000000
vt 0.60004908 0.91413081 0.00000000
vt 0.59930277 0.91044778 0.00000000
vt 0.59846741 0.90734041 0.00000000
vt 0.61931545 0.91202366 0.00000000
vt 0.60056299 0.91791052 0.00000000
vt 0.58345753 0.92073089 0.00000000
vt 0.60094172 0.92174160 0.00000000
vt 0.58254409 0.92469871 0.00000000
vt 0.56355256 0.92226893 0.00000000
vt 0.58149487 0.93034095 0.00000000
vt 0.56122339 0.92823094 0.00000000
vt 0.54153806 0.92272699 0.00000000
vt 0.55756474 0.94046503 0.00000000
vt 0.53583521 0.93593878 0.00000000
vt 0.51476723 0.92946899 0.00000000
vt 0.79840916 0.63481116 0.00000000
vt 0.78894275 0.65455478 0.00000000
vt 0.77556497 0.64834273 0.00000000
vt 0.78265792 0.62743700 0.00000000
vt 0.78891772 0.60774344 0.00000000
vt 0.80684155 0.61583281 0.00000000
vt 0.76499200 0.62205392 0.00000000
vt 0.76987183 0.60124326 0.00000000
vt 0.77455586 0.57947272 0.00000000
vt 0.79404992 0.58901852 0.00000000
vt 0.49130446 0.94223219 0.00000000
vt 0.75055772 0.59668499 0.00000000
vt 0.75599253 0.57368606 0.00000000
vt 0.72986436 0.59415424 0.00000000
vt 0.73414725 0.57263380 0.00000000
vt 0.70754540 0.59355420 0.00000000
vt 0.70963079 0.57308465 0.00000000
vt 0.68484366 0.59475625 0.00000000
vt 0.68522078 0.57483590 0.00000000
vt 0.66297174 0.59758091 0.00000000
vt 0.66188252 0.57793844 0.00000000
vt 0.66151905 0.55898106 0.00000000
vt 0.51612592 0.27255383 0.00000000
vt 0.51417553 0.25424460 0.00000000
vt 0.53630060 0.24674496 0.00000000
vt 0.53913766 0.26485723 0.00000000
vt 0.54133219 0.28263092 0.00000000
vt 0.51865464 0.29005167 0.00000000
vt 0.56366307 0.25623664 0.00000000
vt 0.55992353 0.23916335 0.00000000
vt 0.58453691 0.23133384 0.00000000
vt 0.59112549 0.24695420 0.00000000
vt 0.60775858 0.22316974 0.00000000
vt 0.61781806 0.23875113 0.00000000
vt 0.74475598 0.79762936 0.00000000
vt 0.75380349 0.78094536 0.00000000
vt 0.76456898 0.76213938 0.00000000
vt 0.77761394 0.76928890 0.00000000
vt 0.57634348 0.21464057 0.00000000
vt 0.59576315 0.20611073 0.00000000
vt 0.56863183 0.19806927 0.00000000
vt 0.58433264 0.18998262 0.00000000
vt 0.55479020 0.22189179 0.00000000
vt 0.54971886 0.20466913 0.00000000
vt 0.54563999 0.18772992 0.00000000
vt 0.56217939 0.18214063 0.00000000
vt 0.53303337 0.22874993 0.00000000
vt 0.52984905 0.21068347 0.00000000
vt 0.52757019 0.19259682 0.00000000
vt 0.52693605 0.17440462 0.00000000
vt 0.54373795 0.17095748 0.00000000
vt 0.65031946 0.64231902 0.00000000
vt 0.64635926 0.62191427 0.00000000
vt 0.66486686 0.61802644 0.00000000
vt 0.66728860 0.63930404 0.00000000
vt 0.66973883 0.66136682 0.00000000
vt 0.65383434 0.66318548 0.00000000
vt 0.67213809 0.68323791 0.00000000
vt 0.65695679 0.68329412 0.00000000
vt 0.68584818 0.63750261 0.00000000
vt 0.68704706 0.66043329 0.00000000
vt 0.68862730 0.68364233 0.00000000
vt 0.68995112 0.70517445 0.00000000
vt 0.67359364 0.70335037 0.00000000
vt 0.70494157 0.66079843 0.00000000
vt 0.70564044 0.68486601 0.00000000
vt 0.70671260 0.70777923 0.00000000
vt 0.70675069 0.72930360 0.00000000
vt 0.68991894 0.72564769 0.00000000
vt 0.72261876 0.68696439 0.00000000
vt 0.72371042 0.71100408 0.00000000
vt 0.72409540 0.73345351 0.00000000
vt 0.72241586 0.75345999 0.00000000
vt 0.70543349 0.74874103 0.00000000
vt 0.74060768 0.71454179 0.00000000
vt 0.74123698 0.73744047 0.00000000
vt 0.73817945 0.75806618 0.00000000
vt 0.73068780 0.77574694 0.00000000
vt 0.71738368 0.77145731 0.00000000
vt 0.69498539 0.78299677 0.00000000
vt 0.70150906 0.76714373 0.00000000
vt 0.68057263 0.77782142 0.00000000
vt 0.68559569 0.76280719 0.00000000
vt 0.68885005 0.74456203 0.00000000
vt 0.67048520 0.75806367 0.00000000
vt 0.67265666 0.74066639 0.00000000
vt 0.67357498 0.72253239 0.00000000
vt 0.65809709 0.73710638 0.00000000
vt 0.65824842 0.72003549 0.00000000
vt 0.65812325 0.70219183 0.00000000
vt 0.64400738 0.71839666 0.00000000
vt 0.64388204 0.70141268 0.00000000
vt 0.64344883 0.68392611 0.00000000
vt 0.54552555 0.15608338 0.00000000
vt 0.55008620 0.14132267 0.00000000
vt 0.56125981 0.14170015 0.00000000
vt 0.55780888 0.15483193 0.00000000
vt 0.55811763 0.16771944 0.00000000
vt 0.64000851 0.66578019 0.00000000
vt 0.79346097 0.71304190 0.00000000
vt 0.80816829 0.70645809 0.00000000
vt 0.57016504 0.16514774 0.00000000
vt 0.57531178 0.17594175 0.00000000
vt 0.57104993 0.14406085 0.00000000
vt 0.56899601 0.15519464 0.00000000
vt 0.82308620 0.71122861 0.00000000
vt 0.83962160 0.70713228 0.00000000
vt 0.84042937 0.71372151 0.00000000
vt 0.56638896 0.12788326 0.00000000
vt 0.57512432 0.12972572 0.00000000
vt 0.83976042 0.69952297 0.00000000
vt 0.85743046 0.69529879 0.00000000
vt 0.85829043 0.70210028 0.00000000
vt 0.55573452 0.12724623 0.00000000
vt 0.90262717 0.34122899 0.00000000
vt 0.89214641 0.33871955 0.00000000
vt 0.89855015 0.32580712 0.00000000
vt 0.90803057 0.32706359 0.00000000
vt 0.87536573 0.33442339 0.00000000
vt 0.88307488 0.32198730 0.00000000
vt 0.89156127 0.30934134 0.00000000
vt 0.86738288 0.31567886 0.00000000
vt 0.87766516 0.30348930 0.00000000
vt 0.88938487 0.29217461 0.00000000
vt 0.86459732 0.29382741 0.00000000
vt 0.87748796 0.28386804 0.00000000
vt 0.88699526 0.27760708 0.00000000
vt 0.86568028 0.27386153 0.00000000
vt 0.87593377 0.26810426 0.00000000
vt 0.88203746 0.26510036 0.00000000
vt 0.25096840 0.30423200 0.00000000
vt 0.25029376 0.29053682 0.00000000
vt 0.68637460 0.79909933 0.00000000
vt 0.68997717 0.79245007 0.00000000
vt 0.98185891 0.75483137 0.00000000
vt 0.98177624 0.77220398 0.00000000
vt 0.97642195 0.77090579 0.00000000
vt 0.97669959 0.75150740 0.00000000
vt 0.70145398 0.80794215 0.00000000
vt 0.71799433 0.80600250 0.00000000
vt 0.97729450 0.78809232 0.00000000
vt 0.97162873 0.78812891 0.00000000
vt 0.70768279 0.93740642 0.00000000
vt 0.70469731 0.94223213 0.00000000
vt 0.69124854 0.93498516 0.00000000
vt 0.69323528 0.92967170 0.00000000
vt 0.63717932 0.82572049 0.00000000
vt 0.63618630 0.80707115 0.00000000
vt 0.64158165 0.80627966 0.00000000
vt 0.96619380 0.78726894 0.00000000
vt 0.63638520 0.79028070 0.00000000
vt 0.64310193 0.78989697 0.00000000
vt 0.64989430 0.79001343 0.00000000
vt 0.65131617 0.77958810 0.00000000
vt 0.65157586 0.98626184 0.00000000
vt 0.64241832 0.98473907 0.00000000
vt 0.64395988 0.97720003 0.00000000
vt 0.65670621 0.79029417 0.00000000
vt 0.63704014 0.98268902 0.00000000
vt 0.63804281 0.97576016 0.00000000
vt 0.63775223 0.96643275 0.00000000
vt 0.31670770 0.48226944 0.00000000
vt 0.31637493 0.47298166 0.00000000
vt 0.31932399 0.47394547 0.00000000
vt 0.32141566 0.48306173 0.00000000
vt 0.31973702 0.49533242 0.00000000
vt 0.31637493 0.49315298 0.00000000
vt 0.63852412 0.95541376 0.00000000
vt 0.63442338 0.95344675 0.00000000
vt 0.63881874 0.94188982 0.00000000
vt 0.64280498 0.94519007 0.00000000
vt 0.64713043 0.93062228 0.00000000
vt 0.64995235 0.93489701 0.00000000
vt 0.96261132 0.81579506 0.00000000
vt 0.95937932 0.82685322 0.00000000
vt 0.95670408 0.81319779 0.00000000
vt 0.96424705 0.82987815 0.00000000
vt 0.95812947 0.84275216 0.00000000
vt 0.95370817 0.83911633 0.00000000
vt 0.05554392 0.36157236 0.00000000
vt 0.05270737 0.34741437 0.00000000
vt 0.05613558 0.34776860 0.00000000
vt 0.06041268 0.36141181 0.00000000
vt 0.45409107 0.30762571 0.00000000
vt 0.45570579 0.30996051 0.00000000
vt 0.45443928 0.31654823 0.00000000
vt 0.45199353 0.31469303 0.00000000
vt 0.50394356 0.98246688 0.00000000
vt 0.49663463 0.98269749 0.00000000
vt 0.49791607 0.97567207 0.00000000
vt 0.50492954 0.97644871 0.00000000
vt 0.51317525 0.97826469 0.00000000
vt 0.51301724 0.98382497 0.00000000
vt 0.49924979 0.96725518 0.00000000
vt 0.50590044 0.96869892 0.00000000
vt 0.51317787 0.97102064 0.00000000
vt 0.52182043 0.97995859 0.00000000
vt 0.50750053 0.95903265 0.00000000
vt 0.51456815 0.96189284 0.00000000
vt 0.51801473 0.95106089 0.00000000
vt 0.52239805 0.93973750 0.00000000
vt 0.87550181 0.65433341 0.00000000
vt 0.87540305 0.64613616 0.00000000
vt 0.49253556 0.97614527 0.00000000
vt 0.49388736 0.96639520 0.00000000
vt 0.48872170 0.97703612 0.00000000
vt 0.48953775 0.96570790 0.00000000
vt 0.55421031 0.57003945 0.00000000
vt 0.54523844 0.56410879 0.00000000
vt 0.54680103 0.55976331 0.00000000
vt 0.55688620 0.56641752 0.00000000
vt 0.89488208 0.66598469 0.00000000
vt 0.89820278 0.66945422 0.00000000
vt 0.54970706 0.55623662 0.00000000
vt 0.56024003 0.56281376 0.00000000
vt 0.69283444 0.88966590 0.00000000
vt 0.68038023 0.89224309 0.00000000
vt 0.67930704 0.88783318 0.00000000
vt 0.69301426 0.88506210 0.00000000
vt 0.70632607 0.88413137 0.00000000
vt 0.70510703 0.88888878 0.00000000
vt 0.66731948 0.89686483 0.00000000
vt 0.66581994 0.89254427 0.00000000
vt 0.66383749 0.88873631 0.00000000
vt 0.65247297 0.89892972 0.00000000
vt 0.65000272 0.89522177 0.00000000
vt 0.63168871 0.24820319 0.00000000
vt 0.63182390 0.26197580 0.00000000
vt 0.62738371 0.26182026 0.00000000
vt 0.62738371 0.24755487 0.00000000
vt 0.63815367 0.90606982 0.00000000
vt 0.65538520 0.90317267 0.00000000
vt 0.64125550 0.91029525 0.00000000
vt 0.62127852 0.91570908 0.00000000
vt 0.64455467 0.91468138 0.00000000
vt 0.62360662 0.92073768 0.00000000
vt 0.60152674 0.92697507 0.00000000
vt 0.60310930 0.93392724 0.00000000
vt 0.58055681 0.94000351 0.00000000
vt 0.77333558 0.69657427 0.00000000
vt 0.77330929 0.71969217 0.00000000
vt 0.76532739 0.71903384 0.00000000
vt 0.76456523 0.69481599 0.00000000
vt 0.76854241 0.67068148 0.00000000
vt 0.77886552 0.67435199 0.00000000
vt 0.75387931 0.69247776 0.00000000
vt 0.75562441 0.66771990 0.00000000
vt 0.75990367 0.64387411 0.00000000
vt 0.73994869 0.66485900 0.00000000
vt 0.74264944 0.64052987 0.00000000
vt 0.74632221 0.61819112 0.00000000
vt 0.72423142 0.63816357 0.00000000
vt 0.72664052 0.61571395 0.00000000
vt 0.70514089 0.63711923 0.00000000
vt 0.70602578 0.61484343 0.00000000
vt 0.68507415 0.61561733 0.00000000
vt 0.72276050 0.66241944 0.00000000
vt 0.73914999 0.68945575 0.00000000
vt 0.75577009 0.71743357 0.00000000
vt 0.77183890 0.74239141 0.00000000
vt 0.65886128 0.90637636 0.00000000
vt 0.66924959 0.90021026 0.00000000
vt 0.53748918 0.55182171 0.00000000
vt 0.49201062 0.98434496 0.00000000
vt 0.48872170 0.98626184 0.00000000
vt 0.45570579 0.32141566 0.00000000
vt 0.45118529 0.31934658 0.00000000
vt 0.65209967 0.77449471 0.00000000
vt 0.73209083 0.79641336 0.00000000
vt 0.85904080 0.70762050 0.00000000
vt 0.87818408 0.70633411 0.00000000
vt 0.85984337 0.71207106 0.00000000
vt 0.84106392 0.71978134 0.00000000
vt 0.86035913 0.71603787 0.00000000
vt 0.84209383 0.72256011 0.00000000
vt 0.86054456 0.71947843 0.00000000
vt 0.84303576 0.72542149 0.00000000
vt 0.00095889 0.19531527 0.00000000
vt 0.00440294 0.19601129 0.00000000
vt 0.00381438 0.21205495 0.00000000
vt 0.00095889 0.21354330 0.00000000
vt 0.53223407 0.15410343 0.00000000
vt 0.53255278 0.13593909 0.00000000
vt 0.53626269 0.13653141 0.00000000
vt 0.53708267 0.15266296 0.00000000
vt 0.67979831 0.34397429 0.00000000
vt 0.68474042 0.34497178 0.00000000
vt 0.68065965 0.35900047 0.00000000
vt 0.67540497 0.36020172 0.00000000
vt 0.82823002 0.73521411 0.00000000
vt 0.81868935 0.75003558 0.00000000
vt 0.67950988 0.37633616 0.00000000
vt 0.67616475 0.38217422 0.00000000
vt 0.81228781 0.77111995 0.00000000
vt 0.80645502 0.77064425 0.00000000
vt 0.79352283 0.79349792 0.00000000
vt 0.80075783 0.77136606 0.00000000
vt 0.79031909 0.77179724 0.00000000
vt 0.78910089 0.74870431 0.00000000
vt 0.77650487 0.74464190 0.00000000
vt 0.78819400 0.80541676 0.00000000
vt 0.79379946 0.81418675 0.00000000
vt 0.78599143 0.81035477 0.00000000
vt 0.77467114 0.81099069 0.00000000
vt 0.82097238 0.76584411 0.00000000
vt 0.82371980 0.75754136 0.00000000
vt 0.82897133 0.76053160 0.00000000
vt 0.82053643 0.77630943 0.00000000
vt 0.83531290 0.76489860 0.00000000
vt 0.82661736 0.75123763 0.00000000
vt 0.83156329 0.75502068 0.00000000
vt 0.83770823 0.76025063 0.00000000
vt 0.10577553 0.87999374 0.00000000
vt 0.09604638 0.87449998 0.00000000
vt 0.09852540 0.86919260 0.00000000
vt 0.10778795 0.87501115 0.00000000
vt 0.10380743 0.88465577 0.00000000
vt 0.09472202 0.88003755 0.00000000
vt 0.08163483 0.87580758 0.00000000
vt 0.08347207 0.86797988 0.00000000
vt 0.10190273 0.88922614 0.00000000
vt 0.09409858 0.88544405 0.00000000
vt 0.08147381 0.88219517 0.00000000
vt 0.06704021 0.88004565 0.00000000
vt 0.06748487 0.87259358 0.00000000
vt 0.09308040 0.89023614 0.00000000
vt 0.08163241 0.88792169 0.00000000
vt 0.06716810 0.88618881 0.00000000
vt 0.05057650 0.88458198 0.00000000
vt 0.05101186 0.87792557 0.00000000
vt 0.08140811 0.89272577 0.00000000
vt 0.06725755 0.89203978 0.00000000
vt 0.05036677 0.89104098 0.00000000
vt 0.03265149 0.88860941 0.00000000
vt 0.03380499 0.88204914 0.00000000
vt 0.24619913 0.48634255 0.00000000
vt 0.24571277 0.46916962 0.00000000
vt 0.25081253 0.46867540 0.00000000
vt 0.25163713 0.48550218 0.00000000
vt 0.25346598 0.50371706 0.00000000
vt 0.24811645 0.50415754 0.00000000
vt 0.03166454 0.89379978 0.00000000
vt 0.01735552 0.88961500 0.00000000
vt 0.01947843 0.88451838 0.00000000
vt 0.25698653 0.48514909 0.00000000
vt 0.25908726 0.50285125 0.00000000
vt 0.26038167 0.51751894 0.00000000
vt 0.25462976 0.51833439 0.00000000
vt 0.26009998 0.52835011 0.00000000
vt 0.25428584 0.52835459 0.00000000
vt 0.46344480 0.38392219 0.00000000
vt 0.45966017 0.36962432 0.00000000
vt 0.46616620 0.36836848 0.00000000
vt 0.46958771 0.38204759 0.00000000
vt 0.47314265 0.39158940 0.00000000
vt 0.46783069 0.39406443 0.00000000
vt 0.47272643 0.36741722 0.00000000
vt 0.47551921 0.37968951 0.00000000
vt 0.95984405 0.59994179 0.00000000
vt 0.95391226 0.60171813 0.00000000
vt 0.95695251 0.61409134 0.00000000
vt 0.94906396 0.61426544 0.00000000
vt 0.94591922 0.60326374 0.00000000
vt 0.94070417 0.61485547 0.00000000
vt 0.93711549 0.60468066 0.00000000
vt 0.93328637 0.59753674 0.00000000
vt 0.92434520 0.61038786 0.00000000
vt 0.91996163 0.60338205 0.00000000
vt 0.91676009 0.59756273 0.00000000
vt 0.93051761 0.59078974 0.00000000
vt 0.91355968 0.59276462 0.00000000
vt 0.92859799 0.58480692 0.00000000
vt 0.30786541 0.32609847 0.00000000
vt 0.30820680 0.34279445 0.00000000
vt 0.30397278 0.34236243 0.00000000
vt 0.30328006 0.32466489 0.00000000
vt 0.30362827 0.31394321 0.00000000
vt 0.30820680 0.31575313 0.00000000
vt 0.59291619 0.60980928 0.00000000
vt 0.59308851 0.59982115 0.00000000
vt 0.59751034 0.59979129 0.00000000
vt 0.59728211 0.60807633 0.00000000
vt 0.93087602 0.28833687 0.00000000
vt 0.93122488 0.30084908 0.00000000
vt 0.92640114 0.30090520 0.00000000
vt 0.92620802 0.28889191 0.00000000
vt 0.92347705 0.27946031 0.00000000
vt 0.92815202 0.27799255 0.00000000
vt 0.92105061 0.28985992 0.00000000
vt 0.91891086 0.28240195 0.00000000
vt 0.00198534 0.87617546 0.00000000
vt 0.00796237 0.88392311 0.00000000
vt 0.58835936 0.59940630 0.00000000
vt 0.58835936 0.58962274 0.00000000
vt 0.59399748 0.58915734 0.00000000
vt 0.92105311 0.30025464 0.00000000
vt 0.92376596 0.31701267 0.00000000
vt 0.91891086 0.31430551 0.00000000
vt 0.00687504 0.85584319 0.00000000
vt 0.01355206 0.84270692 0.00000000
vt 0.01798839 0.84631062 0.00000000
vt 0.01279709 0.85775417 0.00000000
vt 0.01916719 0.86025655 0.00000000
vt 0.02678009 0.86361974 0.00000000
vt 0.02466521 0.87174064 0.00000000
vt 0.03746388 0.86688375 0.00000000
vt 0.03514480 0.87517798 0.00000000
vt 0.02227496 0.87834460 0.00000000
vt 0.05214101 0.86970013 0.00000000
vt 0.05509526 0.85764045 0.00000000
vt 0.06925850 0.86172992 0.00000000
vt 0.05965671 0.84488529 0.00000000
vt 0.07420129 0.85087144 0.00000000
vt 0.08684461 0.86054277 0.00000000
vt 0.07887783 0.84424502 0.00000000
vt 0.09119021 0.85531670 0.00000000
vt 0.10185862 0.86434281 0.00000000
vt 0.08318309 0.83929431 0.00000000
vt 0.09561635 0.85130519 0.00000000
vt 0.10534395 0.85978144 0.00000000
vt 0.08653505 0.83538717 0.00000000
vt 0.09863279 0.84801763 0.00000000
vt 0.83991170 0.78971356 0.00000000
vt 0.83511007 0.79221839 0.00000000
vt 0.84096426 0.80600804 0.00000000
vt 0.83562708 0.80794221 0.00000000
vt 0.83066124 0.79397547 0.00000000
vt 0.82543260 0.78521830 0.00000000
vt 0.57554865 0.02373940 0.00000000
vt 0.57598668 0.04048251 0.00000000
vt 0.57049274 0.04026152 0.00000000
vt 0.57110393 0.02479860 0.00000000
vt 0.34297550 0.35410824 0.00000000
vt 0.34729472 0.36754113 0.00000000
vt 0.34193733 0.36898014 0.00000000
vt 0.33939499 0.35640660 0.00000000
vt 0.33626300 0.34742409 0.00000000
vt 0.33862349 0.34574795 0.00000000
vt 0.91321170 0.67745966 0.00000000
vt 0.90381926 0.66701490 0.00000000
vt 0.90809655 0.66267252 0.00000000
vt 0.91503012 0.67227447 0.00000000
vt 0.33512771 0.36051738 0.00000000
vt 0.33330876 0.35110885 0.00000000
vt 0.92122525 0.68025649 0.00000000
vt 0.91945034 0.66637748 0.00000000
vt 0.92357337 0.67342901 0.00000000
vt 0.64625794 0.74901044 0.00000000
vt 0.64713442 0.74290669 0.00000000
vt 0.65117943 0.74620688 0.00000000
vt 0.65023315 0.75290519 0.00000000
vt 0.56518066 0.01976845 0.00000000
vt 0.56180662 0.01542259 0.00000000
vt 0.92590731 0.65931082 0.00000000
vt 0.92944545 0.66662300 0.00000000
vt 0.64625794 0.73400635 0.00000000
vt 0.65163726 0.73596305 0.00000000
vt 0.93539500 0.65355116 0.00000000
vt 0.93790764 0.66098201 0.00000000
vt 0.64654219 0.72388643 0.00000000
vt 0.65160310 0.72526258 0.00000000
vt 0.93946612 0.66471076 0.00000000
vt 0.94722968 0.65801853 0.00000000
vt 0.94859374 0.66236371 0.00000000
vt 0.65102220 0.39467630 0.00000000
vt 0.65414500 0.38575521 0.00000000
vt 0.65815258 0.38700229 0.00000000
vt 0.65458483 0.39846742 0.00000000
vt 0.77185142 0.84342420 0.00000000
vt 0.95474553 0.65885288 0.00000000
vt 0.95511341 0.66235238 0.00000000
vt 0.65576351 0.37932423 0.00000000
vt 0.65824169 0.37867022 0.00000000
vt 0.47551918 0.31825611 0.00000000
vt 0.47483194 0.32194233 0.00000000
vt 0.46962425 0.31979635 0.00000000
vt 0.47110683 0.31597292 0.00000000
vt 0.65478891 0.37382179 0.00000000
vt 0.65749598 0.37305173 0.00000000
vt 0.46442947 0.31668761 0.00000000
vt 0.46578041 0.31107694 0.00000000
vt 0.65102220 0.36797255 0.00000000
vt 0.65297586 0.36416572 0.00000000
vt 0.46018580 0.31387928 0.00000000
vt 0.46159360 0.30722553 0.00000000
vt 0.26056683 0.44517279 0.00000000
vt 0.26417729 0.44285372 0.00000000
vt 0.25643831 0.44767916 0.00000000
vt 0.25553703 0.45670354 0.00000000
vt 0.25147340 0.45497981 0.00000000
vt 0.25315508 0.44531095 0.00000000
vt 0.46361560 0.32501557 0.00000000
vt 0.45885462 0.32300457 0.00000000
vt 0.46351731 0.33643314 0.00000000
vt 0.45770240 0.33553934 0.00000000
vt 0.46899617 0.32687971 0.00000000
vt 0.46964619 0.33725274 0.00000000
vt 0.47113428 0.35130149 0.00000000
vt 0.46410161 0.35147864 0.00000000
vt 0.95881063 0.64428872 0.00000000
vt 0.95984405 0.65457392 0.00000000
vt 0.95376396 0.65280306 0.00000000
vt 0.95234561 0.64318419 0.00000000
vt 0.95089388 0.62958920 0.00000000
vt 0.95819044 0.63019699 0.00000000
vt 0.94421250 0.64278817 0.00000000
vt 0.94285458 0.62972140 0.00000000
vt 0.93335998 0.64499182 0.00000000
vt 0.93066317 0.63288409 0.00000000
vt 0.92750579 0.62013894 0.00000000
vt 0.91720504 0.64001894 0.00000000
vt 0.92193443 0.65072924 0.00000000
vt 0.91366333 0.65721846 0.00000000
vt 0.90677845 0.64502102 0.00000000
vt 0.89961714 0.64837855 0.00000000
vt 0.89631373 0.63182634 0.00000000
vt 0.90233356 0.61252582 0.00000000
vt 0.89350396 0.65056962 0.00000000
vt 0.89012051 0.62974924 0.00000000
vt 0.89798206 0.60848385 0.00000000
vt 0.33330876 0.42698547 0.00000000
vt 0.34219393 0.40871766 0.00000000
vt 0.34684715 0.41199011 0.00000000
vt 0.33713809 0.43148956 0.00000000
vt 0.89448804 0.60526890 0.00000000
vt 0.91114509 0.58929384 0.00000000
vt 0.73571688 0.02094293 0.00000000
vt 0.73969638 0.04538577 0.00000000
vt 0.73406398 0.04436934 0.00000000
vt 0.73041838 0.02067284 0.00000000
vt 0.30671480 0.36544529 0.00000000
vt 0.30149773 0.36443076 0.00000000
vt 0.29920894 0.34210727 0.00000000
vt 0.72925729 0.04291262 0.00000000
vt 0.72487628 0.02113458 0.00000000
vt 0.71757042 0.00472693 0.00000000
vt 0.72213137 0.00182388 0.00000000
vt 0.02727104 0.82848430 0.00000000
vt 0.04765119 0.82062674 0.00000000
vt 0.04736909 0.82682568 0.00000000
vt 0.02962735 0.83393824 0.00000000
vt 0.06957763 0.82344013 0.00000000
vt 0.06683439 0.82878739 0.00000000
vt 0.06363366 0.83546811 0.00000000
vt 0.72519362 0.06387410 0.00000000
vt 0.73040485 0.06648244 0.00000000
vt 0.72221297 0.08145469 0.00000000
vt 0.71757042 0.07819668 0.00000000
vt 0.57581621 0.06256815 0.00000000
vt 0.57678705 0.08365612 0.00000000
vt 0.57060486 0.08341260 0.00000000
vt 0.57004780 0.06205306 0.00000000
vt 0.35003492 0.38830495 0.00000000
vt 0.34411010 0.38764784 0.00000000
vt 0.94571316 0.65150893 0.00000000
vt 0.47450823 0.32819337 0.00000000
vt 0.45753771 0.35191798 0.00000000
vt 0.25561124 0.46902269 0.00000000
vt 0.24694891 0.45445538 0.00000000
vt 0.24946699 0.44364935 0.00000000
vt 0.09143811 0.89379978 0.00000000
vt 0.24598765 0.44292942 0.00000000
vt 0.29847839 0.32554156 0.00000000
vt 0.59880185 0.59067822 0.00000000
vt 0.09988734 0.89277077 0.00000000
vt 0.11007391 0.86934894 0.00000000
vt 0.79922289 0.81885070 0.00000000
vt 0.82285386 0.74887121 0.00000000
vt 0.82736367 0.74439067 0.00000000
vt 0.81785643 0.76613814 0.00000000
vt 0.68567753 0.35791343 0.00000000
vt 0.68499410 0.37289184 0.00000000
vt 0.68507075 0.39297223 0.00000000
vt 0.68033892 0.40153742 0.00000000
vt 0.68610698 0.41607919 0.00000000
vt 0.82149726 0.78357619 0.00000000
vt 0.68934405 0.34605619 0.00000000
vt 0.69317818 0.34761032 0.00000000
vt 0.69658893 0.33608234 0.00000000
vt 0.70006984 0.33933702 0.00000000
vt 0.54156333 0.15137449 0.00000000
vt 0.54034942 0.13696152 0.00000000
vt 0.00875583 0.54201770 0.00000000
vt 0.00591187 0.54590100 0.00000000
vt 0.53501010 0.11862294 0.00000000
vt 0.53847760 0.11941993 0.00000000
vt 0.02342000 0.54943579 0.00000000
vt 0.53223407 0.11760603 0.00000000
vt 0.02590779 0.54686946 0.00000000
vt 0.03821835 0.55714762 0.00000000
vt 0.87864596 0.71496272 0.00000000
vt 0.87860471 0.71839297 0.00000000
vt 0.87853962 0.71089852 0.00000000
vt 0.64275932 0.60202599 0.00000000
vt 0.64000845 0.58266687 0.00000000
vt 0.87498945 0.63933998 0.00000000
vt 0.87597090 0.63306564 0.00000000
vt 0.87745315 0.62722623 0.00000000
vt 0.87837207 0.62168789 0.00000000
vt 0.50702745 0.25552672 0.00000000
vt 0.51072031 0.25528643 0.00000000
vt 0.97369230 0.37895361 0.00000000
vt 0.97745597 0.37326983 0.00000000
vt 0.97727072 0.37986952 0.00000000
vt 0.81180894 0.63763857 0.00000000
vt 0.12535615 0.59155506 0.00000000
vt 0.12652051 0.59508049 0.00000000
vt 0.10985100 0.59417588 0.00000000
vt 0.14543962 0.59460318 0.00000000
vt 0.12816651 0.59995174 0.00000000
vt 0.14733602 0.59925073 0.00000000
vt 0.13002054 0.60564452 0.00000000
vt 0.84347969 0.34766704 0.00000000
vt 0.85749084 0.35487363 0.00000000
vt 0.85411555 0.36181501 0.00000000
vt 0.83939773 0.35506967 0.00000000
vt 0.74753851 0.40947476 0.00000000
vt 0.74598795 0.40236750 0.00000000
vt 0.76330048 0.39920813 0.00000000
vt 0.76466501 0.40662783 0.00000000
vt 0.74440497 0.39166832 0.00000000
vt 0.76226926 0.38844061 0.00000000
vt 0.95987755 0.33983889 0.00000000
vt 0.96864998 0.33802095 0.00000000
vt 0.83318651 0.36578393 0.00000000
vt 0.84846711 0.37254861 0.00000000
vt 0.83971053 0.38832653 0.00000000
vt 0.82462275 0.37993002 0.00000000
vt 0.74240506 0.37754610 0.00000000
vt 0.82995057 0.40639883 0.00000000
vt 0.81532222 0.39735016 0.00000000
vt 0.73949873 0.36023724 0.00000000
vt 0.82075584 0.42465004 0.00000000
vt 0.80567849 0.41558740 0.00000000
vt 0.73651910 0.34205440 0.00000000
vt 0.71696883 0.34212539 0.00000000
vt 0.71401674 0.32478446 0.00000000
vt 0.73384213 0.32461959 0.00000000
vt 0.71148175 0.30806294 0.00000000
vt 0.73164552 0.30849305 0.00000000
vt 0.70962101 0.29120481 0.00000000
vt 0.72997183 0.29209018 0.00000000
vt 0.74961150 0.29166391 0.00000000
vt 0.72840989 0.27463838 0.00000000
vt 0.74765444 0.27391964 0.00000000
vt 0.76591885 0.27189445 0.00000000
vt 0.76751792 0.28938136 0.00000000
vt 0.78360462 0.26887155 0.00000000
vt 0.78452390 0.28521964 0.00000000
vt 0.80113620 0.26538980 0.00000000
vt 0.80076408 0.27984896 0.00000000
vt 0.80104381 0.29142109 0.00000000
vt 0.84369075 0.30722117 0.00000000
vt 0.85077482 0.30713975 0.00000000
vt 0.84873992 0.32258043 0.00000000
vt 0.83225709 0.30553153 0.00000000
vt 0.82989728 0.28686032 0.00000000
vt 0.84028745 0.29061866 0.00000000
vt 0.84704983 0.29224232 0.00000000
vt 0.85164022 0.29295939 0.00000000
vt 0.85523504 0.30656996 0.00000000
vt 0.83897185 0.27260339 0.00000000
vt 0.84701812 0.27689689 0.00000000
vt 0.85230184 0.27917847 0.00000000
vt 0.85625666 0.28064114 0.00000000
vt 0.85519922 0.29350996 0.00000000
vt 0.85022140 0.26007479 0.00000000
vt 0.85648030 0.26546153 0.00000000
vt 0.86115599 0.26879230 0.00000000
vt 0.86442840 0.27096212 0.00000000
vt 0.86008763 0.28216100 0.00000000
vt 0.86542445 0.25170010 0.00000000
vt 0.87013137 0.25783545 0.00000000
vt 0.87293983 0.26152465 0.00000000
vt 0.97728521 0.95028371 0.00000000
vt 0.97301430 0.94971794 0.00000000
vt 0.97323281 0.93756312 0.00000000
vt 0.97745597 0.93739498 0.00000000
vt 0.88241422 0.24843360 0.00000000
vt 0.88517100 0.25474960 0.00000000
vt 0.88664144 0.25857836 0.00000000
vt 0.87510192 0.26514831 0.00000000
vt 0.97108847 0.96280468 0.00000000
vt 0.96589243 0.96149242 0.00000000
vt 0.96821904 0.94893783 0.00000000
vt 0.96697181 0.97525436 0.00000000
vt 0.96167946 0.97289246 0.00000000
vt 0.96299165 0.94795203 0.00000000
vt 0.96877730 0.93709636 0.00000000
vt 0.96016407 0.95991266 0.00000000
vt 0.95316952 0.95703405 0.00000000
vt 0.95574021 0.94577497 0.00000000
vt 0.95581669 0.97076571 0.00000000
vt 0.33462453 0.96503198 0.00000000
vt 0.32650673 0.97499627 0.00000000
vt 0.32082272 0.97040045 0.00000000
vt 0.32863203 0.96104330 0.00000000
vt 0.30905861 0.96098143 0.00000000
vt 0.31706405 0.95328140 0.00000000
vt 0.31511155 0.98185891 0.00000000
vt 0.32245228 0.94452435 0.00000000
vt 0.33307812 0.95036334 0.00000000
vt 0.29868883 0.95221341 0.00000000
vt 0.28995183 0.95946008 0.00000000
vt 0.28296328 0.94784069 0.00000000
vt 0.29177836 0.94211602 0.00000000
vt 0.98185891 0.09781997 0.00000000
vt 0.97200382 0.09859693 0.00000000
vt 0.98084474 0.08505442 0.00000000
vt 0.28893492 0.93083602 0.00000000
vt 0.96304798 0.09984986 0.00000000
vt 0.97318524 0.11251356 0.00000000
vt 0.96341717 0.11537761 0.00000000
vt 0.95773226 0.10084876 0.00000000
vt 0.28282818 0.96685183 0.00000000
vt 0.96636677 0.12734753 0.00000000
vt 0.95555478 0.08471788 0.00000000
vt 0.95990270 0.08456637 0.00000000
vt 0.69465750 0.98084521 0.00000000
vt 0.69087464 0.98299873 0.00000000
vt 0.68811357 0.96790975 0.00000000
vt 0.69194591 0.96672398 0.00000000
vt 0.69852793 0.97802413 0.00000000
vt 0.68821615 0.95268118 0.00000000
vt 0.69206649 0.95294243 0.00000000
vt 0.69118553 0.93929780 0.00000000
vt 0.69496661 0.94057161 0.00000000
vt 0.78337616 0.34414461 0.00000000
vt 0.78891546 0.33154655 0.00000000
vt 0.79276127 0.33447164 0.00000000
vt 0.78759599 0.34561786 0.00000000
vt 0.79931021 0.33927628 0.00000000
vt 0.79834336 0.32042477 0.00000000
vt 0.80143636 0.32395941 0.00000000
vt 0.80691856 0.32990393 0.00000000
vt 0.81432456 0.33769464 0.00000000
vt 0.80852306 0.34535956 0.00000000
vt 0.81082487 0.31603709 0.00000000
vt 0.81516290 0.32248649 0.00000000
vt 0.82095075 0.33091766 0.00000000
vt 0.81937677 0.31148028 0.00000000
vt 0.82276267 0.31776822 0.00000000
vt 0.32106653 0.92187947 0.00000000
vt 0.80824512 0.31220353 0.00000000
vt 0.13321635 0.61800390 0.00000000
vt 0.13728186 0.61767256 0.00000000
vt 0.13749091 0.62948054 0.00000000
vt 0.13344651 0.62909746 0.00000000
vt 0.14122212 0.61763376 0.00000000
vt 0.14126179 0.63003314 0.00000000
vt 0.14109564 0.64192647 0.00000000
vt 0.13740093 0.64071816 0.00000000
vt 0.13331504 0.63906789 0.00000000
vt 0.96727824 0.92652166 0.00000000
vt 0.97122133 0.92638731 0.00000000
vt 0.14529750 0.63053483 0.00000000
vt 0.14496142 0.64283133 0.00000000
vt 0.97498220 0.92644936 0.00000000
vt 0.14527591 0.61772567 0.00000000
vt 0.81347346 0.30157229 0.00000000
vt 0.80350894 0.30618468 0.00000000
vt 0.80158019 0.30363491 0.00000000
vt 0.81279802 0.29867432 0.00000000
vt 0.85748452 0.29428273 0.00000000
vt 0.79312766 0.31491238 0.00000000
vt 0.79096645 0.31265369 0.00000000
vt 0.85757595 0.30628994 0.00000000
vt 0.86461145 0.31837654 0.00000000
vt 0.78341222 0.32699257 0.00000000
vt 0.78068525 0.32492813 0.00000000
vt 0.78977740 0.31043869 0.00000000
vt 0.77732998 0.34141046 0.00000000
vt 0.77373499 0.34018764 0.00000000
vt 0.77418202 0.35506907 0.00000000
vt 0.77182913 0.35570565 0.00000000
vt 0.68009508 0.95206547 0.00000000
vt 0.68408668 0.95255125 0.00000000
vt 0.68400568 0.96853656 0.00000000
vt 0.68009508 0.96901506 0.00000000
vt 0.68714410 0.98426062 0.00000000
vt 0.68344963 0.98626184 0.00000000
vt 0.78193986 0.36783478 0.00000000
vt 0.78047985 0.36923853 0.00000000
vt 0.94750088 0.08437824 0.00000000
vt 0.95174813 0.08469333 0.00000000
vt 0.92541206 0.32548353 0.00000000
vt 0.68727344 0.93831336 0.00000000
vt 0.79564500 0.31746465 0.00000000
vt 0.78603292 0.32928744 0.00000000
vt 0.14132601 0.60518652 0.00000000
vt 0.14529750 0.60506088 0.00000000
vt 0.80589467 0.30897138 0.00000000
vt 0.11500637 0.88826770 0.00000000
vt 0.87753463 0.23883621 0.00000000
vt 0.85864359 0.24288931 0.00000000
vt 0.84296978 0.25209352 0.00000000
vt 0.85156536 0.23544249 0.00000000
vt 0.82948941 0.26561221 0.00000000
vt 0.83585149 0.24500899 0.00000000
vt 0.50193679 0.36604077 0.00000000
vt 0.81910515 0.28195849 0.00000000
vt 0.82234299 0.25944847 0.00000000
vt 0.49910408 0.38521945 0.00000000
vt 0.81884229 0.30166271 0.00000000
vt 0.81870466 0.26142612 0.00000000
vt 0.80173659 0.25175452 0.00000000
vt 0.82017112 0.25065243 0.00000000
vt 0.49651831 0.40438929 0.00000000
vt 0.78344107 0.25301623 0.00000000
vt 0.78375196 0.23765314 0.00000000
vt 0.80271882 0.23984101 0.00000000
vt 0.96424711 0.87067270 0.00000000
vt 0.94378817 0.87154299 0.00000000
vt 0.76491338 0.25440952 0.00000000
vt 0.76411808 0.23674336 0.00000000
vt 0.76390135 0.21933964 0.00000000
vt 0.74439299 0.23655474 0.00000000
vt 0.74338907 0.21734948 0.00000000
vt 0.74394357 0.19809289 0.00000000
vt 0.72365469 0.21621919 0.00000000
vt 0.72333896 0.19556220 0.00000000
vt 0.70436919 0.21543427 0.00000000
vt 0.70369571 0.19401009 0.00000000
vt 0.68550342 0.21478696 0.00000000
vt 0.68487489 0.19327469 0.00000000
vt 0.66766971 0.21436596 0.00000000
vt 0.66707104 0.19324738 0.00000000
vt 0.79908317 0.58006471 0.00000000
vt 0.80410033 0.56151325 0.00000000
vt 0.82269603 0.56820798 0.00000000
vt 0.81804234 0.58623427 0.00000000
vt 0.81327528 0.60424852 0.00000000
vt 0.79444969 0.59878248 0.00000000
vt 0.84266824 0.57305849 0.00000000
vt 0.83888072 0.59039491 0.00000000
vt 0.83492804 0.60760772 0.00000000
vt 0.86352193 0.57547784 0.00000000
vt 0.86091793 0.59196848 0.00000000
vt 0.52540803 0.59183615 0.00000000
vt 0.52635354 0.61393964 0.00000000
vt 0.88497579 0.57478917 0.00000000
vt 0.88336164 0.59114540 0.00000000
vt 0.52722716 0.63649464 0.00000000
vt 0.51022536 0.63626277 0.00000000
vt 0.52725381 0.65865022 0.00000000
vt 0.51044571 0.65865242 0.00000000
vt 0.49263248 0.65872461 0.00000000
vt 0.51001906 0.68045616 0.00000000
vt 0.49238417 0.68061233 0.00000000
vt 0.47422603 0.68128288 0.00000000
vt 0.47454688 0.65947783 0.00000000
vt 0.45525524 0.68163437 0.00000000
vt 0.45574075 0.66009772 0.00000000
vt 0.43571842 0.68151641 0.00000000
vt 0.43593386 0.66023040 0.00000000
vt 0.41556910 0.68099296 0.00000000
vt 0.41530666 0.66015553 0.00000000
vt 0.41477969 0.63789457 0.00000000
vt 0.39408141 0.65944189 0.00000000
vt 0.39313534 0.63749528 0.00000000
vt 0.39098299 0.61580795 0.00000000
vt 0.37109834 0.63686854 0.00000000
vt 0.36852410 0.61573476 0.00000000
vt 0.36547828 0.60023558 0.00000000
vt 0.38776064 0.59801143 0.00000000
vt 0.34507075 0.61621958 0.00000000
vt 0.34173796 0.60353559 0.00000000
vt 0.32227001 0.61767632 0.00000000
vt 0.31851235 0.60777539 0.00000000
vt 0.31533623 0.60128820 0.00000000
vt 0.29711699 0.61238754 0.00000000
vt 0.29413128 0.60643166 0.00000000
vt 0.29161251 0.60130024 0.00000000
vt 0.27621695 0.61029047 0.00000000
vt 0.27443174 0.60510147 0.00000000
vt 0.27252650 0.60074937 0.00000000
vt 0.28903925 0.59660494 0.00000000
vt 0.90219802 0.06398804 0.00000000
vt 0.90275484 0.08042888 0.00000000
vt 0.89816868 0.08204344 0.00000000
vt 0.89760512 0.06513432 0.00000000
vt 0.89879072 0.04637717 0.00000000
vt 0.90398401 0.04533531 0.00000000
vt 0.89318925 0.08272941 0.00000000
vt 0.89235324 0.06636432 0.00000000
vt 0.89268613 0.04709923 0.00000000
vt 0.88741058 0.08287714 0.00000000
vt 0.88633889 0.06818470 0.00000000
vt 0.88615018 0.04870111 0.00000000
vt 0.87750643 0.07083714 0.00000000
vt 0.87786824 0.05159532 0.00000000
vt 0.86373234 0.07403659 0.00000000
vt 0.86363971 0.05789033 0.00000000
vt 0.86498702 0.04344526 0.00000000
vt 0.84682018 0.07951640 0.00000000
vt 0.86446446 0.08527432 0.00000000
vt 0.84867233 0.09067871 0.00000000
vt 0.59151345 0.97893006 0.00000000
vt 0.57837331 0.97564542 0.00000000
vt 0.57714313 0.96063811 0.00000000
vt 0.58983362 0.96413213 0.00000000
vt 0.60100329 0.96873027 0.00000000
vt 0.60100329 0.98626184 0.00000000
vt 0.57950240 0.94612187 0.00000000
vt 0.58919966 0.94817632 0.00000000
vt 0.59796154 0.95247459 0.00000000
vt 0.82614189 0.09173400 0.00000000
vt 0.74871349 0.41133308 0.00000000
vt 0.75710589 0.40951687 0.00000000
vt 0.76171112 0.42306945 0.00000000
vt 0.75339550 0.42275563 0.00000000
vt 0.60552955 0.00210673 0.00000000
vt 0.60759151 0.01407724 0.00000000
vt 0.60093063 0.01379257 0.00000000
vt 0.60077775 0.00087909 0.00000000
vt 0.60760772 0.02421632 0.00000000
vt 0.60067612 0.02421632 0.00000000
vt 0.45570579 0.35338473 0.00000000
vt 0.44929123 0.35663936 0.00000000
vt 0.58002007 0.08736913 0.00000000
vt 0.58321780 0.08125132 0.00000000
vt 0.28337777 0.43378684 0.00000000
vt 0.28161305 0.41951931 0.00000000
vt 0.29279640 0.42054531 0.00000000
vt 0.29279640 0.43489662 0.00000000
vt 0.28932399 0.44689986 0.00000000
vt 0.28171754 0.44609442 0.00000000
vt 0.59535593 0.01259941 0.00000000
vt 0.59660029 0.02675173 0.00000000
vt 0.58965027 0.02617794 0.00000000
vt 0.58888435 0.01388964 0.00000000
vt 0.58519006 0.00432523 0.00000000
vt 0.59046811 0.00092860 0.00000000
vt 0.58291531 0.01545827 0.00000000
vt 0.57982832 0.00773966 0.00000000
vt 0.59242171 0.06545530 0.00000000
vt 0.59775507 0.06214657 0.00000000
vt 0.60214019 0.06691694 0.00000000
vt 0.60034597 0.05786478 0.00000000
vt 0.60744870 0.06238684 0.00000000
vt 0.30380386 0.00063213 0.00000000
vt 0.30322805 0.00647850 0.00000000
vt 0.29720327 0.00880587 0.00000000
vt 0.29720327 0.00064731 0.00000000
vt 0.60809255 0.06899762 0.00000000
vt 0.61186665 0.06160071 0.00000000
vt 0.61741066 0.05904607 0.00000000
vt 0.61726820 0.06973195 0.00000000
vt 0.61626643 0.07955122 0.00000000
vt 0.36249486 0.90623367 0.00000000
vt 0.35143825 0.90710050 0.00000000
vt 0.35278097 0.89039779 0.00000000
vt 0.36127189 0.89427191 0.00000000
vt 0.62710387 0.06817884 0.00000000
vt 0.62909597 0.08129179 0.00000000
vt 0.36324376 0.91867840 0.00000000
vt 0.35143825 0.92021751 0.00000000
vt 0.62922382 0.09275078 0.00000000
vt 0.62803745 0.10586502 0.00000000
vt 0.61411870 0.09934652 0.00000000
vt 0.61542028 0.08900629 0.00000000
vt 0.63824946 0.08199320 0.00000000
vt 0.63790703 0.09577511 0.00000000
vt 0.64378899 0.08290635 0.00000000
vt 0.64344019 0.09769816 0.00000000
vt 0.64813399 0.08303162 0.00000000
vt 0.64806765 0.09867742 0.00000000
vt 0.65244859 0.08282042 0.00000000
vt 0.65268171 0.09925309 0.00000000
vt 0.65586972 0.08307074 0.00000000
vt 0.65561938 0.09940365 0.00000000
vt 0.16522789 0.85762203 0.00000000
vt 0.16618459 0.86111653 0.00000000
vt 0.18200022 0.86074966 0.00000000
vt 0.18285424 0.86560851 0.00000000
vt 0.16668829 0.86623818 0.00000000
vt 0.18403105 0.87052923 0.00000000
vt 0.16677818 0.87130511 0.00000000
vt 0.18528129 0.87621546 0.00000000
vt 0.16742511 0.87703544 0.00000000
vt 0.14948630 0.87756097 0.00000000
vt 0.16860661 0.88840520 0.00000000
vt 0.15075941 0.89096916 0.00000000
vt 0.13308726 0.89404124 0.00000000
vt 0.78895307 0.00600202 0.00000000
vt 0.77422434 0.00120312 0.00000000
vt 0.15403731 0.90763927 0.00000000
vt 0.13683878 0.91127890 0.00000000
vt 0.80578411 0.01263573 0.00000000
vt 0.80577105 0.03011904 0.00000000
vt 0.52945530 0.13381831 0.00000000
vt 0.52893621 0.15304968 0.00000000
vt 0.51299787 0.14806984 0.00000000
vt 0.51313955 0.12925009 0.00000000
vt 0.51280671 0.11039076 0.00000000
vt 0.52888948 0.11483409 0.00000000
vt 0.49549925 0.12576561 0.00000000
vt 0.49540201 0.10708350 0.00000000
vt 0.49383956 0.08867849 0.00000000
vt 0.47583345 0.10510170 0.00000000
vt 0.47404221 0.08727778 0.00000000
vt 0.47249186 0.06874862 0.00000000
vt 0.45412830 0.08622213 0.00000000
vt 0.45188072 0.06838544 0.00000000
vt 0.44949475 0.05056033 0.00000000
vt 0.43051293 0.06906466 0.00000000
vt 0.42728397 0.05201577 0.00000000
vt 0.42417488 0.03474905 0.00000000
vt 0.42085385 0.01756199 0.00000000
vt 0.40536049 0.05377174 0.00000000
vt 0.40159747 0.03676966 0.00000000
vt 0.39761481 0.01975919 0.00000000
vt 0.39370412 0.00262863 0.00000000
vt 0.41727409 0.00066705 0.00000000
vt 0.37949640 0.03919564 0.00000000
vt 0.37525254 0.02173642 0.00000000
vt 0.37070817 0.00456770 0.00000000
vt 0.38336313 0.05672744 0.00000000
vt 0.36238429 0.05915980 0.00000000
vt 0.35879266 0.04157728 0.00000000
vt 0.35458642 0.02329973 0.00000000
vt 0.34198260 0.06153863 0.00000000
vt 0.33929506 0.04362512 0.00000000
vt 0.33615649 0.02498282 0.00000000
vt 0.32273072 0.06407385 0.00000000
vt 0.32065389 0.04586918 0.00000000
vt 0.31868306 0.02755146 0.00000000
vt 0.30370304 0.06640135 0.00000000
vt 0.30235496 0.04874521 0.00000000
vt 0.30088219 0.02992075 0.00000000
vt 0.30045900 0.01109911 0.00000000
vt 0.31665435 0.00767660 0.00000000
vt 0.28354430 0.05078144 0.00000000
vt 0.28305617 0.03300333 0.00000000
vt 0.74058264 0.88643050 0.00000000
vt 0.72576016 0.87619060 0.00000000
vt 0.26516643 0.05376963 0.00000000
vt 0.26533037 0.03692807 0.00000000
vt 0.26588270 0.01933645 0.00000000
vt 0.28338039 0.01525584 0.00000000
vt 0.65014464 0.30853346 0.00000000
vt 0.65391749 0.32604980 0.00000000
vt 0.63606286 0.32986048 0.00000000
vt 0.63266528 0.31276119 0.00000000
vt 0.61713666 0.33404607 0.00000000
vt 0.61286080 0.31780806 0.00000000
vt 0.59844583 0.32178286 0.00000000
vt 0.59092921 0.32389295 0.00000000
vt 0.58486611 0.32552224 0.00000000
vt 0.57769215 0.31473997 0.00000000
vt 0.57061803 0.30496198 0.00000000
vt 0.09628353 0.71303844 0.00000000
vt 0.08716460 0.72208452 0.00000000
vt 0.08453987 0.71711797 0.00000000
vt 0.09265351 0.70809877 0.00000000
vt 0.09981210 0.69999611 0.00000000
vt 0.08780105 0.70415276 0.00000000
vt 0.09377645 0.69651502 0.00000000
vt 0.09687451 0.69019234 0.00000000
vt 0.09913518 0.68378395 0.00000000
vt 0.08473394 0.69372666 0.00000000
vt 0.08652504 0.68731952 0.00000000
vt 0.08800058 0.68070608 0.00000000
vt 0.63194370 0.80879837 0.00000000
vt 0.07235397 0.68564075 0.00000000
vt 0.07344055 0.67862880 0.00000000
vt 0.63402545 0.82143927 0.00000000
vt 0.62768459 0.82335246 0.00000000
vt 0.18100110 0.59459454 0.00000000
vt 0.16646808 0.59611255 0.00000000
vt 0.07416564 0.67302507 0.00000000
vt 0.05673832 0.67767304 0.00000000
vt 0.05721733 0.67149639 0.00000000
vt 0.19765233 0.59322947 0.00000000
vt 0.19727939 0.59959185 0.00000000
vt 0.19741113 0.60607421 0.00000000
vt 0.21546255 0.59307170 0.00000000
vt 0.21537240 0.59996396 0.00000000
vt 0.21556810 0.60682863 0.00000000
vt 0.18683705 0.92230552 0.00000000
vt 0.17970476 0.92499518 0.00000000
vt 0.17524758 0.90997976 0.00000000
vt 0.18110590 0.90706420 0.00000000
vt 0.23279351 0.60063696 0.00000000
vt 0.23264821 0.60760778 0.00000000
vt 0.19120443 0.93742669 0.00000000
vt 0.18338417 0.93978423 0.00000000
vt 0.60038275 0.60915619 0.00000000
vt 0.19294332 0.94946408 0.00000000
vt 0.18483932 0.95084465 0.00000000
vt 0.60351545 0.59797555 0.00000000
vt 0.17558156 0.95265424 0.00000000
vt 0.19825758 0.93628234 0.00000000
vt 0.20033443 0.94920778 0.00000000
vt 0.24643867 0.60172927 0.00000000
vt 0.23265199 0.59373546 0.00000000
vt 0.24656545 0.59501773 0.00000000
vt 0.30820683 0.54962516 0.00000000
vt 0.30177274 0.55036926 0.00000000
vt 0.30820683 0.53909719 0.00000000
vt 0.00852506 0.67578053 0.00000000
vt 0.02214036 0.67258734 0.00000000
vt 0.02323882 0.67889929 0.00000000
vt 0.01060642 0.68207502 0.00000000
vt 0.29521355 0.54878640 0.00000000
vt 0.02524287 0.68639809 0.00000000
vt 0.01365760 0.68906194 0.00000000
vt 0.00477051 0.69352078 0.00000000
vt 0.00139662 0.68657273 0.00000000
vt 0.03953213 0.67776096 0.00000000
vt 0.03996479 0.68556815 0.00000000
vt 0.04033398 0.69390756 0.00000000
vt 0.05607374 0.68505150 0.00000000
vt 0.05571420 0.69365782 0.00000000
vt 0.05511479 0.70216441 0.00000000
vt 0.04020339 0.70374650 0.00000000
vt 0.07147596 0.69258809 0.00000000
vt 0.07008582 0.70077872 0.00000000
vt 0.06730319 0.71045524 0.00000000
vt 0.08105569 0.70180947 0.00000000
vt 0.07519624 0.71145868 0.00000000
vt 0.07163893 0.72000921 0.00000000
vt 0.06491429 0.72009772 0.00000000
vt 0.08050565 0.71352845 0.00000000
vt 0.07553595 0.72139621 0.00000000
vt 0.20036863 0.54712504 0.00000000
vt 0.20473742 0.54689056 0.00000000
vt 0.20447050 0.55510449 0.00000000
vt 0.28053233 0.01100737 0.00000000
vt 0.28151792 0.00210450 0.00000000
vt 0.28619209 0.00142306 0.00000000
vt 0.28619209 0.01080561 0.00000000
vt 0.18320830 0.57386220 0.00000000
vt 0.18233286 0.58263791 0.00000000
vt 0.17887841 0.58177131 0.00000000
vt 0.18179347 0.57225084 0.00000000
vt 0.52887970 0.62562001 0.00000000
vt 0.53098738 0.62520331 0.00000000
vt 0.20473742 0.56250644 0.00000000
vt 0.58177656 0.34665316 0.00000000
vt 0.58346456 0.33685258 0.00000000
vt 0.57544726 0.35160547 0.00000000
vt 0.17965011 0.59219742 0.00000000
vt 0.17403263 0.59214729 0.00000000
vt 0.17651819 0.58061349 0.00000000
vt 0.18492411 0.59219742 0.00000000
vt 0.03926918 0.67124087 0.00000000
vt 0.63952267 0.34661174 0.00000000
vt 0.62092441 0.34989181 0.00000000
vt 0.64273465 0.36338139 0.00000000
vt 0.62438285 0.36609933 0.00000000
vt 0.64594233 0.38112938 0.00000000
vt 0.62821680 0.38370183 0.00000000
vt 0.61091065 0.38590297 0.00000000
vt 0.63237047 0.40294406 0.00000000
vt 0.61533219 0.40553638 0.00000000
vt 0.59809202 0.40767300 0.00000000
vt 0.59409475 0.38773152 0.00000000
vt 0.58000749 0.40954518 0.00000000
vt 0.57692361 0.38981423 0.00000000
vt 0.56158841 0.41154706 0.00000000
vt 0.55877644 0.39144018 0.00000000
vt 0.54358900 0.41406131 0.00000000
vt 0.54069370 0.39318886 0.00000000
vt 0.52625936 0.41766760 0.00000000
vt 0.52258205 0.39605644 0.00000000
vt 0.67952585 0.43900436 0.00000000
vt 0.68352681 0.41932139 0.00000000
vt 0.70311809 0.41792059 0.00000000
vt 0.70077217 0.43830821 0.00000000
vt 0.69777888 0.45826164 0.00000000
vt 0.67441964 0.45801252 0.00000000
vt 0.69526714 0.47215849 0.00000000
vt 0.72319156 0.43627056 0.00000000
vt 0.72253501 0.45681038 0.00000000
vt 0.74511969 0.43353373 0.00000000
vt 0.74673969 0.45413297 0.00000000
vt 0.12206173 0.69812524 0.00000000
vt 0.14398615 0.69986439 0.00000000
vt 0.14347990 0.71959043 0.00000000
vt 0.12195946 0.71827644 0.00000000
vt 0.76742721 0.45145208 0.00000000
vt 0.14442638 0.74042541 0.00000000
vt 0.12413884 0.73907769 0.00000000
vt 0.10686789 0.73892492 0.00000000
vt 0.10413699 0.71916723 0.00000000
vt 0.09203089 0.73971969 0.00000000
vt 0.09225673 0.72148222 0.00000000
vt 0.12673450 0.76034856 0.00000000
vt 0.11016083 0.75924224 0.00000000
vt 0.09590112 0.75899130 0.00000000
vt 0.07973240 0.74619573 0.00000000
vt 0.07981895 0.73977196 0.00000000
vt 0.08337349 0.73454624 0.00000000
vt 0.08241230 0.76072061 0.00000000
vt 0.11301699 0.78324831 0.00000000
vt 0.09786565 0.78250206 0.00000000
vt 0.08291917 0.78266442 0.00000000
vt 0.06793923 0.78259009 0.00000000
vt 0.06939271 0.76212645 0.00000000
vt 0.09975179 0.80749220 0.00000000
vt 0.08323628 0.80673230 0.00000000
vt 0.06731647 0.80530339 0.00000000
vt 0.05068696 0.80355108 0.00000000
vt 0.05249917 0.78116482 0.00000000
vt 0.39246699 0.86944252 0.00000000
vt 0.37684652 0.86610383 0.00000000
vt 0.37962192 0.84359598 0.00000000
vt 0.39584926 0.84801203 0.00000000
vt 0.41299668 0.85218441 0.00000000
vt 0.40819910 0.87342596 0.00000000
vt 0.43087038 0.85588300 0.00000000
vt 0.42435259 0.87740541 0.00000000
vt 0.40008307 0.82756126 0.00000000
vt 0.41735277 0.83274066 0.00000000
vt 0.43657637 0.83761281 0.00000000
vt 0.45524380 0.84132630 0.00000000
vt 0.44895586 0.85810816 0.00000000
vt 0.42184541 0.81446207 0.00000000
vt 0.44196448 0.82130647 0.00000000
vt 0.45874727 0.82690996 0.00000000
vt 0.46891734 0.83035505 0.00000000
vt 0.44522321 0.80458957 0.00000000
vt 0.42609733 0.79630035 0.00000000
vt 0.43143350 0.77690303 0.00000000
vt 0.44776589 0.78538162 0.00000000
vt 0.15985961 0.01680024 0.00000000
vt 0.15910740 0.03480183 0.00000000
vt 0.13668720 0.03915906 0.00000000
vt 0.13772465 0.02215627 0.00000000
vt 0.45253524 0.76327741 0.00000000
vt 0.46812123 0.77168792 0.00000000
vt 0.48288780 0.78242552 0.00000000
vt 0.46083623 0.74202174 0.00000000
vt 0.47547886 0.75060439 0.00000000
vt 0.49007246 0.76014638 0.00000000
vt 0.50426918 0.77063441 0.00000000
vt 0.49561256 0.79082507 0.00000000
vt 0.48540455 0.73086786 0.00000000
vt 0.49971610 0.74069715 0.00000000
vt 0.51421690 0.75144231 0.00000000
vt 0.52740109 0.76190698 0.00000000
vt 0.51616997 0.78166449 0.00000000
vt 0.51123875 0.72172630 0.00000000
vt 0.52548826 0.73303562 0.00000000
vt 0.53845763 0.74385703 0.00000000
vt 0.54847693 0.75428975 0.00000000
vt 0.53639746 0.77005261 0.00000000
vt 0.53818816 0.71504050 0.00000000
vt 0.55114543 0.72806585 0.00000000
vt 0.56122524 0.73947197 0.00000000
vt 0.56718880 0.74616873 0.00000000
vt 0.55530006 0.76090443 0.00000000
vt 0.56515592 0.71076083 0.00000000
vt 0.57520652 0.72462904 0.00000000
vt 0.58221447 0.73234957 0.00000000
vt 0.58785170 0.73789859 0.00000000
vt 0.57339489 0.75113112 0.00000000
vt 0.59040970 0.70920199 0.00000000
vt 0.59846312 0.71937329 0.00000000
vt 0.60480767 0.72726238 0.00000000
vt 0.61144918 0.73372841 0.00000000
vt 0.59315932 0.74214512 0.00000000
vt 0.92587566 0.54282165 0.00000000
vt 0.92654455 0.55272818 0.00000000
vt 0.90667599 0.55699980 0.00000000
vt 0.90724874 0.54427743 0.00000000
vt 0.96654862 0.28619206 0.00000000
vt 0.96656621 0.26591858 0.00000000
vt 0.97821313 0.26392660 0.00000000
vt 0.97507876 0.28364852 0.00000000
vt 0.62976307 0.72754806 0.00000000
vt 0.63744771 0.73919314 0.00000000
vt 0.61963362 0.74242991 0.00000000
vt 0.96654862 0.24600783 0.00000000
vt 0.97965735 0.24445410 0.00000000
vt 0.90983278 0.53253573 0.00000000
vt 0.89245236 0.53007811 0.00000000
vt 0.89653182 0.51423264 0.00000000
vt 0.91260344 0.51833397 0.00000000
vt 0.90080339 0.49983752 0.00000000
vt 0.91523492 0.50619799 0.00000000
vt 0.87500679 0.52636349 0.00000000
vt 0.88016683 0.50939387 0.00000000
vt 0.88549691 0.49315757 0.00000000
vt 0.86382520 0.50421810 0.00000000
vt 0.87050366 0.48762572 0.00000000
vt 0.84707397 0.49837184 0.00000000
vt 0.85451192 0.48176885 0.00000000
vt 0.86189359 0.46607131 0.00000000
vt 0.86903507 0.44990495 0.00000000
vt 0.83750212 0.47493169 0.00000000
vt 0.84525555 0.45862773 0.00000000
vt 0.85342675 0.44192484 0.00000000
vt 0.86266941 0.42361030 0.00000000
vt 0.87682980 0.43060642 0.00000000
vt 0.82859790 0.45051432 0.00000000
vt 0.83681470 0.43335086 0.00000000
vt 0.84601754 0.41512281 0.00000000
vt 0.85611802 0.39627722 0.00000000
vt 0.86520177 0.37959129 0.00000000
vt 0.87058836 0.36928073 0.00000000
vt 0.87389851 0.36274654 0.00000000
vt 0.87673742 0.35825405 0.00000000
vt 0.86058384 0.35034418 0.00000000
vt 0.81259060 0.44194815 0.00000000
vt 0.82077968 0.46715727 0.00000000
vt 0.80486929 0.45842248 0.00000000
vt 0.82982916 0.49160433 0.00000000
vt 0.81303924 0.48377883 0.00000000
vt 0.79733014 0.47458664 0.00000000
vt 0.82248551 0.50856119 0.00000000
vt 0.80554146 0.50047225 0.00000000
vt 0.69088751 0.29042104 0.00000000
vt 0.68939871 0.27264977 0.00000000
vt 0.70839202 0.27382311 0.00000000
vt 0.68804210 0.25436419 0.00000000
vt 0.70724493 0.25558302 0.00000000
vt 0.72671652 0.25611320 0.00000000
vt 0.70574951 0.23606434 0.00000000
vt 0.72494340 0.23651266 0.00000000
vt 0.74592072 0.25553760 0.00000000
vt 0.68673128 0.23518141 0.00000000
vt 0.79227346 0.53499997 0.00000000
vt 0.79841959 0.51745462 0.00000000
vt 0.81560576 0.52575368 0.00000000
vt 0.80943376 0.54338664 0.00000000
vt 0.66880190 0.23453180 0.00000000
vt 0.83354586 0.53280777 0.00000000
vt 0.82772434 0.55039513 0.00000000
vt 0.85186416 0.53861469 0.00000000
vt 0.84682751 0.55579966 0.00000000
vt 0.87039667 0.54306114 0.00000000
vt 0.86639273 0.55903226 0.00000000
vt 0.88893437 0.54515952 0.00000000
vt 0.88631642 0.55908269 0.00000000
vt 0.90626973 0.57147157 0.00000000
vt 0.92682189 0.56549758 0.00000000
vt 0.92638063 0.58175659 0.00000000
vt 0.90525389 0.58746636 0.00000000
vt 0.58012599 0.69635093 0.00000000
vt 0.55281049 0.69827193 0.00000000
vt 0.56771183 0.68442953 0.00000000
vt 0.52676851 0.68013179 0.00000000
vt 0.52485579 0.70353264 0.00000000
vt 0.53964430 0.68769747 0.00000000
vt 0.50839555 0.70050472 0.00000000
vt 0.49091902 0.70102614 0.00000000
vt 0.02655529 0.00612826 0.00000000
vt 0.04895835 0.00337768 0.00000000
vt 0.04594508 0.02015756 0.00000000
vt 0.02341433 0.02291087 0.00000000
vt 0.47288683 0.70164931 0.00000000
vt 0.04329972 0.03691316 0.00000000
vt 0.02098938 0.04024376 0.00000000
vt 0.45434156 0.70227128 0.00000000
vt 0.04140443 0.05464329 0.00000000
vt 0.01892259 0.05833090 0.00000000
vt 0.43523729 0.70227128 0.00000000
vt 0.03968278 0.07284492 0.00000000
vt 0.01793230 0.07712987 0.00000000
vt 0.41563320 0.70179820 0.00000000
vt 0.03899615 0.09189468 0.00000000
vt 0.01730310 0.09648416 0.00000000
vt 0.39549029 0.70129168 0.00000000
vt 0.39511633 0.68168831 0.00000000
vt 0.37517455 0.70105422 0.00000000
vt 0.37404972 0.68044949 0.00000000
vt 0.37284380 0.65874225 0.00000000
vt 0.35333049 0.67942065 0.00000000
vt 0.35139966 0.65847611 0.00000000
vt 0.34888396 0.63680190 0.00000000
vt 0.33008939 0.65794259 0.00000000
vt 0.32681790 0.63687873 0.00000000
vt 0.30929017 0.65772730 0.00000000
vt 0.30556667 0.63806003 0.00000000
vt 0.30064082 0.62124622 0.00000000
vt 0.28499013 0.63993317 0.00000000
vt 0.28073937 0.62511516 0.00000000
vt 0.27815688 0.61639392 0.00000000
vt 0.26317188 0.62880367 0.00000000
vt 0.26161787 0.62078547 0.00000000
vt 0.26023799 0.61456192 0.00000000
vt 0.24510182 0.62565720 0.00000000
vt 0.24490358 0.61986428 0.00000000
vt 0.24468791 0.61473602 0.00000000
vt 0.25897548 0.60928696 0.00000000
vt 0.24425000 0.60961765 0.00000000
vt 0.25785956 0.60469842 0.00000000
vt 0.90445304 0.09554069 0.00000000
vt 0.90691751 0.10957908 0.00000000
vt 0.90217865 0.10886552 0.00000000
vt 0.89952618 0.09598118 0.00000000
vt 0.89677405 0.10772079 0.00000000
vt 0.89468783 0.09591129 0.00000000
vt 0.89058149 0.10743849 0.00000000
vt 0.88883412 0.09585841 0.00000000
vt 0.88179785 0.10625800 0.00000000
vt 0.88023275 0.09561975 0.00000000
vt 0.87844700 0.08339243 0.00000000
vt 0.86595815 0.09695303 0.00000000
vt 0.86777663 0.10568726 0.00000000
vt 0.85664439 0.10851401 0.00000000
vt 0.85242254 0.10164872 0.00000000
vt 0.84771711 0.11157497 0.00000000
vt 0.84262145 0.10865648 0.00000000
vt 0.83583760 0.09966814 0.00000000
vt 0.58505082 0.03742506 0.00000000
vt 0.57982832 0.03393973 0.00000000
vt 0.58383864 0.02523315 0.00000000
vt 0.83715057 0.11471836 0.00000000
vt 0.82953399 0.10951526 0.00000000
vt 0.00538125 0.96183997 0.00000000
vt 0.01490560 0.96204072 0.00000000
vt 0.01505623 0.96863961 0.00000000
vt 0.00427005 0.96696043 0.00000000
vt 0.28584269 0.69543201 0.00000000
vt 0.28795689 0.69080150 0.00000000
vt 0.29643387 0.69707793 0.00000000
vt 0.29379991 0.70004958 0.00000000
vt 0.29075176 0.68101645 0.00000000
vt 0.30127290 0.68968451 0.00000000
vt 0.26197580 0.17645417 0.00000000
vt 0.26197580 0.18450804 0.00000000
vt 0.25698984 0.18492411 0.00000000
vt 0.25800470 0.17678869 0.00000000
vt 0.64847791 0.00081548 0.00000000
vt 0.66294438 0.00281151 0.00000000
vt 0.66484612 0.01828860 0.00000000
vt 0.64861155 0.01363601 0.00000000
vt 0.30952179 0.68101645 0.00000000
vt 0.65970021 0.02861925 0.00000000
vt 0.64847791 0.02518897 0.00000000
vt 0.59010291 0.03464419 0.00000000
vt 0.60028100 0.02606315 0.00000000
vt 0.59941447 0.04484532 0.00000000
vt 0.56461394 0.33216694 0.00000000
vt 0.56916445 0.32071167 0.00000000
vt 0.57458562 0.32348806 0.00000000
vt 0.57327813 0.33266777 0.00000000
vt 0.57458562 0.34095520 0.00000000
vt 0.56652677 0.34343049 0.00000000
vt 0.77507848 0.82131386 0.00000000
vt 0.76656872 0.82240546 0.00000000
vt 0.00154097 0.99192059 0.00000000
vt 0.00154097 0.97580993 0.00000000
vt 0.01564479 0.97842473 0.00000000
vt 0.01998236 0.99286616 0.00000000
vt 0.65824169 0.55063891 0.00000000
vt 0.65824169 0.56909120 0.00000000
vt 0.64903969 0.57018256 0.00000000
vt 0.64862573 0.55803603 0.00000000
vt 0.85054314 0.13613133 0.00000000
vt 0.84303379 0.12292428 0.00000000
vt 0.85826653 0.14216766 0.00000000
vt 0.02762049 0.96901709 0.00000000
vt 0.03082069 0.98311222 0.00000000
vt 0.02527268 0.96180522 0.00000000
vt 0.56577963 0.64343023 0.00000000
vt 0.56574941 0.65562147 0.00000000
vt 0.55786157 0.65824163 0.00000000
vt 0.55786157 0.64369094 0.00000000
vt 0.97745597 0.44023457 0.00000000
vt 0.97708833 0.45276245 0.00000000
vt 0.96527249 0.45830041 0.00000000
vt 0.96591002 0.44344541 0.00000000
vt 0.97715896 0.46116042 0.00000000
vt 0.96481448 0.46816382 0.00000000
vt 0.97737384 0.46682107 0.00000000
vt 0.96554625 0.47455481 0.00000000
vt 0.89507645 0.11934384 0.00000000
vt 0.90101522 0.12105528 0.00000000
vt 0.90545189 0.13596633 0.00000000
vt 0.90101379 0.13464986 0.00000000
vt 0.98307675 0.10464857 0.00000000
vt 0.98752648 0.10712468 0.00000000
vt 0.98783296 0.12041903 0.00000000
vt 0.98428279 0.11993718 0.00000000
vt 0.97780913 0.11917020 0.00000000
vt 0.97427464 0.10132810 0.00000000
vt 0.98711383 0.13387148 0.00000000
vt 0.98111367 0.13570325 0.00000000
vt 0.97184891 0.13869305 0.00000000
vt 0.96871126 0.12198772 0.00000000
vt 0.89844412 0.14977302 0.00000000
vt 0.89098775 0.15476491 0.00000000
vt 0.39626583 0.96174634 0.00000000
vt 0.38091350 0.96439624 0.00000000
vt 0.37586507 0.95285547 0.00000000
vt 0.39123860 0.95344639 0.00000000
vt 0.71768159 0.01821204 0.00000000
vt 0.70351046 0.00213917 0.00000000
vt 0.62991160 0.00096814 0.00000000
vt 0.61710054 0.00256747 0.00000000
vt 0.36951965 0.94083685 0.00000000
vt 0.38703379 0.94306403 0.00000000
vt 0.36480385 0.96279174 0.00000000
vt 0.36003610 0.95119488 0.00000000
vt 0.38278344 0.97364151 0.00000000
vt 0.36735046 0.97336751 0.00000000
vt 0.64673740 0.01699399 0.00000000
vt 0.64214593 0.02906252 0.00000000
vt 0.38357091 0.97947294 0.00000000
vt 0.36962247 0.98051286 0.00000000
vt 0.09077471 0.64836574 0.00000000
vt 0.08362623 0.64891136 0.00000000
vt 0.08484551 0.63470864 0.00000000
vt 0.09246206 0.63364792 0.00000000
vt 0.65018696 0.03147907 0.00000000
vt 0.64789671 0.04788402 0.00000000
vt 0.64065993 0.04721526 0.00000000
vt 0.07897203 0.64943576 0.00000000
vt 0.07897203 0.63667369 0.00000000
vt 0.65605515 0.03239324 0.00000000
vt 0.65364081 0.04813408 0.00000000
vt 0.65237868 0.06584593 0.00000000
vt 0.64730346 0.06624015 0.00000000
vt 0.66044331 0.03189878 0.00000000
vt 0.65874237 0.04735753 0.00000000
vt 0.65723288 0.06534183 0.00000000
vt 0.19931562 0.85862762 0.00000000
vt 0.21683842 0.85558945 0.00000000
vt 0.21906039 0.86084360 0.00000000
vt 0.20086695 0.86323243 0.00000000
vt 0.22147462 0.86554563 0.00000000
vt 0.20246592 0.86879057 0.00000000
vt 0.20429090 0.87487191 0.00000000
vt 0.20655881 0.88342518 0.00000000
vt 0.18678637 0.88644999 0.00000000
vt 0.20948111 0.89797401 0.00000000
vt 0.18983965 0.90159285 0.00000000
vt 0.17146628 0.90459228 0.00000000
vt 0.52546030 0.19170095 0.00000000
vt 0.52272791 0.21163194 0.00000000
vt 0.50746965 0.20595399 0.00000000
vt 0.51032954 0.18626347 0.00000000
vt 0.17587970 0.92095274 0.00000000
vt 0.15837511 0.92462039 0.00000000
vt 0.51244152 0.16690485 0.00000000
vt 0.52728188 0.17232096 0.00000000
vt 0.49423075 0.18127339 0.00000000
vt 0.49566019 0.16249016 0.00000000
vt 0.49596494 0.14400466 0.00000000
vt 0.47798368 0.15870786 0.00000000
vt 0.47784579 0.14083630 0.00000000
vt 0.47716844 0.12294627 0.00000000
vt 0.45878971 0.13863871 0.00000000
vt 0.45769235 0.12134445 0.00000000
vt 0.45624158 0.10364452 0.00000000
vt 0.43755710 0.12082667 0.00000000
vt 0.43555379 0.10379553 0.00000000
vt 0.43313763 0.08658791 0.00000000
vt 0.41461229 0.10477216 0.00000000
vt 0.41190132 0.08789461 0.00000000
vt 0.40869957 0.07104214 0.00000000
vt 0.39004475 0.09039809 0.00000000
vt 0.38695589 0.07355753 0.00000000
vt 0.36832249 0.09307978 0.00000000
vt 0.36544698 0.07631025 0.00000000
vt 0.34729055 0.09590562 0.00000000
vt 0.34473753 0.07879373 0.00000000
vt 0.32691291 0.09881978 0.00000000
vt 0.32463476 0.08164869 0.00000000
vt 0.30663386 0.10111374 0.00000000
vt 0.30514345 0.08392768 0.00000000
vt 0.28729272 0.10341924 0.00000000
vt 0.28571966 0.08587218 0.00000000
vt 0.28474548 0.06852285 0.00000000
vt 0.26647708 0.08766656 0.00000000
vt 0.26578262 0.07067534 0.00000000
vt 0.65725452 0.34342229 0.00000000
vt 0.66044325 0.36084151 0.00000000
vt 0.26807743 0.10521387 0.00000000
vt 0.25001758 0.10762157 0.00000000
vt 0.24860747 0.09018241 0.00000000
vt 0.28891581 0.12105891 0.00000000
vt 0.26999581 0.12335265 0.00000000
vt 0.25310060 0.12629107 0.00000000
vt 0.27341753 0.14222033 0.00000000
vt 0.25662988 0.14584130 0.00000000
vt 0.64870536 0.39974529 0.00000000
vt 0.65264302 0.41936687 0.00000000
vt 0.63663834 0.42298070 0.00000000
vt 0.65647268 0.43938687 0.00000000
vt 0.64035136 0.44311956 0.00000000
vt 0.62325877 0.44566616 0.00000000
vt 0.61963290 0.42563862 0.00000000
vt 0.60590887 0.44757321 0.00000000
vt 0.60209996 0.42771095 0.00000000
vt 0.58831567 0.44905981 0.00000000
vt 0.58406407 0.42950353 0.00000000
vt 0.57080215 0.45074719 0.00000000
vt 0.56590247 0.43150908 0.00000000
vt 0.55392116 0.45319632 0.00000000
vt 0.54825634 0.43417999 0.00000000
vt 0.53825337 0.45672292 0.00000000
vt 0.53169233 0.43795505 0.00000000
vt 0.52384293 0.46163791 0.00000000
vt 0.51644093 0.44305149 0.00000000
vt 0.50989544 0.42284727 0.00000000
vt 0.70455563 0.39944857 0.00000000
vt 0.70519376 0.38259369 0.00000000
vt 0.72314727 0.38072509 0.00000000
vt 0.72376966 0.39759934 0.00000000
vt 0.72369230 0.41597447 0.00000000
vt 0.74313676 0.39563453 0.00000000
vt 0.74419898 0.41381210 0.00000000
vt 0.16562632 0.70287859 0.00000000
vt 0.18620822 0.70606649 0.00000000
vt 0.18479562 0.72448695 0.00000000
vt 0.16456522 0.72204328 0.00000000
vt 0.18443123 0.74429238 0.00000000
vt 0.16470547 0.74241143 0.00000000
vt 0.18467434 0.76506573 0.00000000
vt 0.16530798 0.76368177 0.00000000
vt 0.14572686 0.76178432 0.00000000
vt 0.16595975 0.78533602 0.00000000
vt 0.14722095 0.78413695 0.00000000
vt 0.12935476 0.78378266 0.00000000
vt 0.15014255 0.80748445 0.00000000
vt 0.13287644 0.80762768 0.00000000
vt 0.11609226 0.80782849 0.00000000
vt 0.13742158 0.82995695 0.00000000
vt 0.12011784 0.82993340 0.00000000
vt 0.10285107 0.82932746 0.00000000
vt 0.08560622 0.82800502 0.00000000
vt 0.24194451 0.07844456 0.00000000
vt 0.24364288 0.09539114 0.00000000
vt 0.22139700 0.09856501 0.00000000
vt 0.22074006 0.08068138 0.00000000
vt 0.21941341 0.06344683 0.00000000
vt 0.23990017 0.06163501 0.00000000
vt 0.38344112 0.82198340 0.00000000
vt 0.19821930 0.08461729 0.00000000
vt 0.19866566 0.06600759 0.00000000
vt 0.38816172 0.80087560 0.00000000
vt 0.40403661 0.80768722 0.00000000
vt 0.19839621 0.04756066 0.00000000
vt 0.17755342 0.06879567 0.00000000
vt 0.17867982 0.05023156 0.00000000
vt 0.40931681 0.78825402 0.00000000
vt 0.15597609 0.07192636 0.00000000
vt 0.15788519 0.05312558 0.00000000
vt 0.17891559 0.03166918 0.00000000
vt 0.13312185 0.07502180 0.00000000
vt 0.13520098 0.05647453 0.00000000
vt 0.10949698 0.07915466 0.00000000
vt 0.11130828 0.06132472 0.00000000
vt 0.11288204 0.04365994 0.00000000
vt 0.11425784 0.02717853 0.00000000
vt 0.08712465 0.06520975 0.00000000
vt 0.08879557 0.04785204 0.00000000
vt 0.09063075 0.03081018 0.00000000
vt 0.47158661 0.72200990 0.00000000
vt 0.06476948 0.05085913 0.00000000
vt 0.06680963 0.03368992 0.00000000
vt 0.48384282 0.70267117 0.00000000
vt 0.49769014 0.71210045 0.00000000
vt 0.06948373 0.01746809 0.00000000
vt 0.07256311 0.00090411 0.00000000
vt 0.06323411 0.06901736 0.00000000
vt 0.08543450 0.08307564 0.00000000
vt 0.06171851 0.08711706 0.00000000
vt 0.08413280 0.10168236 0.00000000
vt 0.06155999 0.10640425 0.00000000
vt 0.03868274 0.11108845 0.00000000
vt 0.06150528 0.12607525 0.00000000
vt 0.03940395 0.13092950 0.00000000
vt 0.01879739 0.13617200 0.00000000
vt 0.01731625 0.11597475 0.00000000
vt 0.04071888 0.15099634 0.00000000
vt 0.02025873 0.15641980 0.00000000
vt 0.35463798 0.69959527 0.00000000
vt 0.33396348 0.69839680 0.00000000
vt 0.33236974 0.67861384 0.00000000
vt 0.00082732 0.16237378 0.00000000
vt 0.02271848 0.17657521 0.00000000
vt 0.00419794 0.18271446 0.00000000
vt 0.31179702 0.67731285 0.00000000
vt 0.02637269 0.19654465 0.00000000
vt 0.00785713 0.20253618 0.00000000
vt 0.29127508 0.67762935 0.00000000
vt 0.28873530 0.65843523 0.00000000
vt 0.27084386 0.67803413 0.00000000
vt 0.26828229 0.65994585 0.00000000
vt 0.26536474 0.64219338 0.00000000
vt 0.24771428 0.66109306 0.00000000
vt 0.24624939 0.64387685 0.00000000
vt 0.24528719 0.63207823 0.00000000
vt 0.22588746 0.64420837 0.00000000
vt 0.22675738 0.63306797 0.00000000
vt 0.22775047 0.62763858 0.00000000
vt 0.21377906 0.62173325 0.00000000
vt 0.22890896 0.62285680 0.00000000
vt 0.21580498 0.61817968 0.00000000
vt 0.22994509 0.61871684 0.00000000
vt 0.21782556 0.61476928 0.00000000
vt 0.23078100 0.61421865 0.00000000
vt 0.90986669 0.12381774 0.00000000
vt 0.91141158 0.13818854 0.00000000
vt 0.90858275 0.13674836 0.00000000
vt 0.90590823 0.12277304 0.00000000
vt 0.96590710 0.47992203 0.00000000
vt 0.97745597 0.47223440 0.00000000
vt 0.21873319 0.61201930 0.00000000
vt 0.20794350 0.61143517 0.00000000
vt 0.20945351 0.60858983 0.00000000
vt 0.99066478 0.10870761 0.00000000
vt 0.99044323 0.12095011 0.00000000
vt 0.39497709 0.98313826 0.00000000
vt 0.38465825 0.98557431 0.00000000
vt 0.38397330 0.98295432 0.00000000
vt 0.39512429 0.98030770 0.00000000
vt 0.24384648 0.81987518 0.00000000
vt 0.24694067 0.81948793 0.00000000
vt 0.24899009 0.83217341 0.00000000
vt 0.24606735 0.83185512 0.00000000
vt 0.24495117 0.84524137 0.00000000
vt 0.24139188 0.84319907 0.00000000
vt 0.25061837 0.81881672 0.00000000
vt 0.25303793 0.83289361 0.00000000
vt 0.24925610 0.84751415 0.00000000
vt 0.25802296 0.83397591 0.00000000
vt 0.23953211 0.85857767 0.00000000
vt 0.23572250 0.85488349 0.00000000
vt 0.23184285 0.85104209 0.00000000
vt 0.25453234 0.81805032 0.00000000
vt 0.20327796 0.61765176 0.00000000
vt 0.20564729 0.61440253 0.00000000
vt 0.37222707 0.98823273 0.00000000
vt 0.36129060 0.99066478 0.00000000
vt 0.36003610 0.98656970 0.00000000
vt 0.37130240 0.98504400 0.00000000
vt 0.99066478 0.13293998 0.00000000
vt 0.22656763 0.66216904 0.00000000
vt 0.20555621 0.66361421 0.00000000
vt 0.22788431 0.68065822 0.00000000
vt 0.20653279 0.68181223 0.00000000
vt 0.18581657 0.68342459 0.00000000
vt 0.18441935 0.66628009 0.00000000
vt 0.03224611 0.31016317 0.00000000
vt 0.04696317 0.30481121 0.00000000
vt 0.05805688 0.32360688 0.00000000
vt 0.04577843 0.32953611 0.00000000
vt 0.16436231 0.66929811 0.00000000
vt 0.16253148 0.65352315 0.00000000
vt 0.14698236 0.67159426 0.00000000
vt 0.14404672 0.65852541 0.00000000
vt 0.14143887 0.64599288 0.00000000
vt 0.16182104 0.63803852 0.00000000
vt 0.30382624 0.83412904 0.00000000
vt 0.32714522 0.84435970 0.00000000
vt 0.32354450 0.85610253 0.00000000
vt 0.30131865 0.84860760 0.00000000
vt 0.32057109 0.86875421 0.00000000
vt 0.29877603 0.86327690 0.00000000
vt 0.31839898 0.88168812 0.00000000
vt 0.29674599 0.87823635 0.00000000
vt 0.31716049 0.89482540 0.00000000
vt 0.29622126 0.89416778 0.00000000
vt 0.31727341 0.90781891 0.00000000
vt 0.29740083 0.90990078 0.00000000
vt 0.27639124 0.91055882 0.00000000
vt 0.25515872 0.91108048 0.00000000
vt 0.48007795 0.28568929 0.00000000
vt 0.46934390 0.30372518 0.00000000
vt 0.45550427 0.29745355 0.00000000
vt 0.46452636 0.27869880 0.00000000
vt 0.47384894 0.25947830 0.00000000
vt 0.49004918 0.26696053 0.00000000
vt 0.48178628 0.23993678 0.00000000
vt 0.49786982 0.24701060 0.00000000
vt 0.45760879 0.25229210 0.00000000
vt 0.46523735 0.23317845 0.00000000
vt 0.47107089 0.21401466 0.00000000
vt 0.48755285 0.22000463 0.00000000
vt 0.44080478 0.24476512 0.00000000
vt 0.44891062 0.22638625 0.00000000
vt 0.45436031 0.20816003 0.00000000
vt 0.45763251 0.19036002 0.00000000
vt 0.47459486 0.19520895 0.00000000
vt 0.43320239 0.21908472 0.00000000
vt 0.43788826 0.20237350 0.00000000
vt 0.44015959 0.18621632 0.00000000
vt 0.44072336 0.17001133 0.00000000
vt 0.45932686 0.17280382 0.00000000
vt 0.42248639 0.18293649 0.00000000
vt 0.42179087 0.16819404 0.00000000
vt 0.42036563 0.15308978 0.00000000
vt 0.44026521 0.15379120 0.00000000
vt 0.40413842 0.18267870 0.00000000
vt 0.40197992 0.16829877 0.00000000
vt 0.39983699 0.15373574 0.00000000
vt 0.39754963 0.13848585 0.00000000
vt 0.41869318 0.13731402 0.00000000
vt 0.38232198 0.17099822 0.00000000
vt 0.37931749 0.15638109 0.00000000
vt 0.37636250 0.14114021 0.00000000
vt 0.37363943 0.12543875 0.00000000
vt 0.39529157 0.12281281 0.00000000
vt 0.35884199 0.16039973 0.00000000
vt 0.35531113 0.14496428 0.00000000
vt 0.35242778 0.12909773 0.00000000
vt 0.34981474 0.11280748 0.00000000
vt 0.37105584 0.10943240 0.00000000
vt 0.33478293 0.14942354 0.00000000
vt 0.33175546 0.13268484 0.00000000
vt 0.32917476 0.11600303 0.00000000
vt 0.31147161 0.13621262 0.00000000
vt 0.30863574 0.11880580 0.00000000
vt 0.29142633 0.13892967 0.00000000
vt 0.31455490 0.15340181 0.00000000
vt 0.29554626 0.15742214 0.00000000
vt 0.27782145 0.16183987 0.00000000
vt 0.30087921 0.17610714 0.00000000
vt 0.28311327 0.18146484 0.00000000
vt 0.26622406 0.18640742 0.00000000
vt 0.26113328 0.16597511 0.00000000
vt 0.29000264 0.20087640 0.00000000
vt 0.27246541 0.20660906 0.00000000
vt 0.25486901 0.21130711 0.00000000
vt 0.25024432 0.19040594 0.00000000
vt 0.66044325 0.45962900 0.00000000
vt 0.64374596 0.46350154 0.00000000
vt 0.64727336 0.48421645 0.00000000
vt 0.62935090 0.48693907 0.00000000
vt 0.62665331 0.46610716 0.00000000
vt 0.61221641 0.48848969 0.00000000
vt 0.60943180 0.46767977 0.00000000
vt 0.59580916 0.48925653 0.00000000
vt 0.59241635 0.46877757 0.00000000
vt 0.58015233 0.48943955 0.00000000
vt 0.57582557 0.46981165 0.00000000
vt 0.56577241 0.48938146 0.00000000
vt 0.56008953 0.47130305 0.00000000
vt 0.54548132 0.47399306 0.00000000
vt 0.53209955 0.47857174 0.00000000
vt 0.52020216 0.48459435 0.00000000
vt 0.70465624 0.36720428 0.00000000
vt 0.72153103 0.36510336 0.00000000
vt 0.22742020 0.69641006 0.00000000
vt 0.24556445 0.69856501 0.00000000
vt 0.24400708 0.71206105 0.00000000
vt 0.22511651 0.71108508 0.00000000
vt 0.20591766 0.70892954 0.00000000
vt 0.20854427 0.69323885 0.00000000
vt 0.18894829 0.68938476 0.00000000
vt 0.22359341 0.72733915 0.00000000
vt 0.20436548 0.72639054 0.00000000
vt 0.22274454 0.74518943 0.00000000
vt 0.20366117 0.74532193 0.00000000
vt 0.22235943 0.76417565 0.00000000
vt 0.20349988 0.76530820 0.00000000
vt 0.22241482 0.78389388 0.00000000
vt 0.20370549 0.78594041 0.00000000
vt 0.18497188 0.78633243 0.00000000
vt 0.20494924 0.80621529 0.00000000
vt 0.18638361 0.80723161 0.00000000
vt 0.16799018 0.80742794 0.00000000
vt 0.18993632 0.82748312 0.00000000
vt 0.17218825 0.82885736 0.00000000
vt 0.15493692 0.82943505 0.00000000
vt 0.24510553 0.12986577 0.00000000
vt 0.24503255 0.14701350 0.00000000
vt 0.22205968 0.15003641 0.00000000
vt 0.22166897 0.13309631 0.00000000
vt 0.22172618 0.11591932 0.00000000
vt 0.24488886 0.11247164 0.00000000
vt 0.19747958 0.13800865 0.00000000
vt 0.19769639 0.12039881 0.00000000
vt 0.19797562 0.10256008 0.00000000
vt 0.17372625 0.12516543 0.00000000
vt 0.17478757 0.10647444 0.00000000
vt 0.17611188 0.08790077 0.00000000
vt 0.15172321 0.11046171 0.00000000
vt 0.15376216 0.09134982 0.00000000
vt 0.12896945 0.11401889 0.00000000
vt 0.13094054 0.09461119 0.00000000
vt 0.10582338 0.11769525 0.00000000
vt 0.10756382 0.09818453 0.00000000
vt 0.08357982 0.12181217 0.00000000
vt 0.10500558 0.13768323 0.00000000
vt 0.08324508 0.14203547 0.00000000
vt 0.06215020 0.14650337 0.00000000
vt 0.08426690 0.16278200 0.00000000
vt 0.06322143 0.16689444 0.00000000
vt 0.04271376 0.17127560 0.00000000
vt 0.06546789 0.18742821 0.00000000
vt 0.04573536 0.19169261 0.00000000
vt 0.06897599 0.20809713 0.00000000
vt 0.04970054 0.21231705 0.00000000
vt 0.03093044 0.21674965 0.00000000
vt 0.05499626 0.23323110 0.00000000
vt 0.03642670 0.23752983 0.00000000
vt 0.27238721 0.69646698 0.00000000
vt 0.25093627 0.69705290 0.00000000
vt 0.24980919 0.67921978 0.00000000
vt 0.01358248 0.22241613 0.00000000
vt 0.01968616 0.24266560 0.00000000
vt 0.04357032 0.25864744 0.00000000
vt 0.02646429 0.26374474 0.00000000
vt 0.06193484 0.25417662 0.00000000
vt 0.07030670 0.27476406 0.00000000
vt 0.05227646 0.27962428 0.00000000
vt 0.03581525 0.28457689 0.00000000
vt 0.08008634 0.29520690 0.00000000
vt 0.06320214 0.29969701 0.00000000
vt 0.08819313 0.31405282 0.00000000
vt 0.07240816 0.31842744 0.00000000
vt 0.09380832 0.33260959 0.00000000
vt 0.07969411 0.33606210 0.00000000
vt 0.06725285 0.34087119 0.00000000
vt 0.08368810 0.35354280 0.00000000
vt 0.07339033 0.35631293 0.00000000
vt 0.14952457 0.68445349 0.00000000
vt 0.13425639 0.68334669 0.00000000
vt 0.13323842 0.67261106 0.00000000
vt 0.05728158 0.34640235 0.00000000
vt 0.12010894 0.68247336 0.00000000
vt 0.12148154 0.67330605 0.00000000
vt 0.12183696 0.66408700 0.00000000
vt 0.13084142 0.66211450 0.00000000
vt 0.12144754 0.65456772 0.00000000
vt 0.12869133 0.65121281 0.00000000
vt 0.34157404 0.84948295 0.00000000
vt 0.35003489 0.85229641 0.00000000
vt 0.34606045 0.86261177 0.00000000
vt 0.33763891 0.86019939 0.00000000
vt 0.34408063 0.87414354 0.00000000
vt 0.33519134 0.87214333 0.00000000
vt 0.34337747 0.88476449 0.00000000
vt 0.33418965 0.88378066 0.00000000
vt 0.34332696 0.89423114 0.00000000
vt 0.33384132 0.89458787 0.00000000
vt 0.34541872 0.90263104 0.00000000
vt 0.33394903 0.90500885 0.00000000
vt 0.34928581 0.91073972 0.00000000
vt 0.33618024 0.91523242 0.00000000
vt 0.31934285 0.92054254 0.00000000
vt 0.30029353 0.92462039 0.00000000
vt 0.44856858 0.31580049 0.00000000
vt 0.44450280 0.33340237 0.00000000
vt 0.43277729 0.33097884 0.00000000
vt 0.44350794 0.34841576 0.00000000
vt 0.43389535 0.34927493 0.00000000
vt 0.42179260 0.35108197 0.00000000
vt 0.41882071 0.33038777 0.00000000
vt 0.40717101 0.35346699 0.00000000
vt 0.40298042 0.33159277 0.00000000
vt 0.39218801 0.35590634 0.00000000
vt 0.38650230 0.33425459 0.00000000
vt 0.37924960 0.31464449 0.00000000
vt 0.36922976 0.29652506 0.00000000
vt 0.37096980 0.33802754 0.00000000
vt 0.36217448 0.32021728 0.00000000
vt 0.35079563 0.30332065 0.00000000
vt 0.33803970 0.28744590 0.00000000
vt 0.35709888 0.27900857 0.00000000
vt 0.34706101 0.32668835 0.00000000
vt 0.33358988 0.31189191 0.00000000
vt 0.31974003 0.29705346 0.00000000
vt 0.30641767 0.28132620 0.00000000
vt 0.32591838 0.27160668 0.00000000
vt 0.31756040 0.32165703 0.00000000
vt 0.30258369 0.30810499 0.00000000
vt 0.28803957 0.29226008 0.00000000
vt 0.27495483 0.27514651 0.00000000
vt 0.29528144 0.26435009 0.00000000
vt 0.28836656 0.31982964 0.00000000
vt 0.27187413 0.30553737 0.00000000
vt 0.25384656 0.28902069 0.00000000
vt 0.04363755 0.96841598 0.00000000
vt 0.02658805 0.96010548 0.00000000
vt 0.02880021 0.94033074 0.00000000
vt 0.05578810 0.97375137 0.00000000
vt 0.27869442 0.32854620 0.00000000
vt 0.26238957 0.31670201 0.00000000
vt 0.06406363 0.97745591 0.00000000
vt 0.27276933 0.33329520 0.00000000
vt 0.25688186 0.32424784 0.00000000
vt 0.26634821 0.33964041 0.00000000
vt 0.25152418 0.33155718 0.00000000
vt 0.23986328 0.32478815 0.00000000
vt 0.24427135 0.31738108 0.00000000
vt 0.24783094 0.30803880 0.00000000
vt 0.63141739 0.93920636 0.00000000
vt 0.62840945 0.94598114 0.00000000
vt 0.61707413 0.94039297 0.00000000
vt 0.61972892 0.93372953 0.00000000
vt 0.61566818 0.58669370 0.00000000
vt 0.62613314 0.95560789 0.00000000
vt 0.61566454 0.95126224 0.00000000
vt 0.60587007 0.94509429 0.00000000
vt 0.60808784 0.93470532 0.00000000
vt 0.56958240 0.54712397 0.00000000
vt 0.57018256 0.55913538 0.00000000
vt 0.56442600 0.56137669 0.00000000
vt 0.56442600 0.54549778 0.00000000
vt 0.20834306 0.35028619 0.00000000
vt 0.21574476 0.34580973 0.00000000
vt 0.21574476 0.35624346 0.00000000
vt 0.20711550 0.35884085 0.00000000
vt 0.01950591 0.23898746 0.00000000
vt 0.01106350 0.23981662 0.00000000
vt 0.01597829 0.24745449 0.00000000
vt 0.00745391 0.24804561 0.00000000
vt 0.00484019 0.24095300 0.00000000
vt 0.00282911 0.23591144 0.00000000
vt 0.34374431 0.73465896 0.00000000
vt 0.33596182 0.73758620 0.00000000
vt 0.34409049 0.72912204 0.00000000
vt 0.34743920 0.73170525 0.00000000
vt 0.34889904 0.73847562 0.00000000
vt 0.34314233 0.74226964 0.00000000
vt 0.33515477 0.74642009 0.00000000
vt 0.32032856 0.75389087 0.00000000
vt 0.32090145 0.74236912 0.00000000
vt 0.34481981 0.74989003 0.00000000
vt 0.33601624 0.75614905 0.00000000
vt 0.32061377 0.76630187 0.00000000
vt 0.30088651 0.77687609 0.00000000
vt 0.30039388 0.76227105 0.00000000
vt 0.33855852 0.76655596 0.00000000
vt 0.32242543 0.77914894 0.00000000
vt 0.30301705 0.79152828 0.00000000
vt 0.28295004 0.80216175 0.00000000
vt 0.28082862 0.78597939 0.00000000
vt 0.32621774 0.79117322 0.00000000
vt 0.30721217 0.80504316 0.00000000
vt 0.28733242 0.81695616 0.00000000
vt 0.24390313 0.26269001 0.00000000
vt 0.23750460 0.24216338 0.00000000
vt 0.25449923 0.23993136 0.00000000
vt 0.25867361 0.26026019 0.00000000
vt 0.25132400 0.28397867 0.00000000
vt 0.23747043 0.28804073 0.00000000
vt 0.22848141 0.26718229 0.00000000
vt 0.22035645 0.24685924 0.00000000
vt 0.21331638 0.22717576 0.00000000
vt 0.23216301 0.22238953 0.00000000
vt 0.21197325 0.27287745 0.00000000
vt 0.20210515 0.25297222 0.00000000
vt 0.19345203 0.23388292 0.00000000
vt 0.18591562 0.21516789 0.00000000
vt 0.20688641 0.20849547 0.00000000
vt 0.18287453 0.26015207 0.00000000
vt 0.17280497 0.24119008 0.00000000
vt 0.16457169 0.22280838 0.00000000
vt 0.15797096 0.20464575 0.00000000
vt 0.18036495 0.19713905 0.00000000
vt 0.15168361 0.24928778 0.00000000
vt 0.14269732 0.23084402 0.00000000
vt 0.13585968 0.21219879 0.00000000
vt 0.13066491 0.19330013 0.00000000
vt 0.15307996 0.18655029 0.00000000
vt 0.12067749 0.23857206 0.00000000
vt 0.11429714 0.21899550 0.00000000
vt 0.10987724 0.19883546 0.00000000
vt 0.10672848 0.17880777 0.00000000
vt 0.12801480 0.17360219 0.00000000
vt 0.09355927 0.22440934 0.00000000
vt 0.08897926 0.20374930 0.00000000
vt 0.08570777 0.18319006 0.00000000
vt 0.10530727 0.15821797 0.00000000
vt 0.12741470 0.13382445 0.00000000
vt 0.12695023 0.15348850 0.00000000
vt 0.15040204 0.12959592 0.00000000
vt 0.14978896 0.14887024 0.00000000
vt 0.15021162 0.16784596 0.00000000
vt 0.17326738 0.14379649 0.00000000
vt 0.17388692 0.16174135 0.00000000
vt 0.17606792 0.17945799 0.00000000
vt 0.19796017 0.15543608 0.00000000
vt 0.19956057 0.17256141 0.00000000
vt 0.20273860 0.19038318 0.00000000
vt 0.22291587 0.16742027 0.00000000
vt 0.22457519 0.18543653 0.00000000
vt 0.22757986 0.20344667 0.00000000
vt 0.24583933 0.18275319 0.00000000
vt 0.24745345 0.20108630 0.00000000
vt 0.25090104 0.21993366 0.00000000
vt 0.24435583 0.81766206 0.00000000
vt 0.22597179 0.82260245 0.00000000
vt 0.22342692 0.80351591 0.00000000
vt 0.24219635 0.79926282 0.00000000
vt 0.26138717 0.79346484 0.00000000
vt 0.26360515 0.81074035 0.00000000
vt 0.24141811 0.78058690 0.00000000
vt 0.26071438 0.77580780 0.00000000
vt 0.28026509 0.76961941 0.00000000
vt 0.26075122 0.75829691 0.00000000
vt 0.28060514 0.75351423 0.00000000
vt 0.30106595 0.74812293 0.00000000
vt 0.28131956 0.73805743 0.00000000
vt 0.30170679 0.73462838 0.00000000
vt 0.28155053 0.72343642 0.00000000
vt 0.30045074 0.72148216 0.00000000
vt 0.28025299 0.70994318 0.00000000
vt 0.29675725 0.70769238 0.00000000
vt 0.29940090 0.57506686 0.00000000
vt 0.29818031 0.59125406 0.00000000
vt 0.28222406 0.59439886 0.00000000
vt 0.28222406 0.57607067 0.00000000
vt 0.57850945 0.54916739 0.00000000
vt 0.58182955 0.53105360 0.00000000
vt 0.59770542 0.53343052 0.00000000
vt 0.59411263 0.55530459 0.00000000
vt 0.57289124 0.56403756 0.00000000
vt 0.56175476 0.54161566 0.00000000
vt 0.56675225 0.52701718 0.00000000
vt 0.56865191 0.50880110 0.00000000
vt 0.58245134 0.51044708 0.00000000
vt 0.54658270 0.53224200 0.00000000
vt 0.59770721 0.51096231 0.00000000
vt 0.61373800 0.51027697 0.00000000
vt 0.63104564 0.50862104 0.00000000
vt 0.65004301 0.50473773 0.00000000
vt 0.65317380 0.52555531 0.00000000
vt 0.26689142 0.25369075 0.00000000
vt 0.26056966 0.23232855 0.00000000
vt 0.27885774 0.22652227 0.00000000
vt 0.28619760 0.24591109 0.00000000
vt 0.65762889 0.54639542 0.00000000
vt 0.29744357 0.21991418 0.00000000
vt 0.30547902 0.23810862 0.00000000
vt 0.31479269 0.25531057 0.00000000
vt 0.32435751 0.22999793 0.00000000
vt 0.33398488 0.24641748 0.00000000
vt 0.34490237 0.26262140 0.00000000
vt 0.35226241 0.23768371 0.00000000
vt 0.36342371 0.25412419 0.00000000
vt 0.37678364 0.27135748 0.00000000
vt 0.38103643 0.24533264 0.00000000
vt 0.39672703 0.26315150 0.00000000
vt 0.39636067 0.23563322 0.00000000
vt 0.41172272 0.25016046 0.00000000
vt 0.42408401 0.23522741 0.00000000
vt 0.38434812 0.22077508 0.00000000
vt 0.36908644 0.22913750 0.00000000
vt 0.35947576 0.21330005 0.00000000
vt 0.37551212 0.20576693 0.00000000
vt 0.34262687 0.22152865 0.00000000
vt 0.33373860 0.20515218 0.00000000
vt 0.35126868 0.19753222 0.00000000
vt 0.31570864 0.21279143 0.00000000
vt 0.30792218 0.19460262 0.00000000
vt 0.32594705 0.18829261 0.00000000
vt 0.31936672 0.17099257 0.00000000
vt 0.33883569 0.16566949 0.00000000
vt 0.34456286 0.18175948 0.00000000
vt 0.36326584 0.17571363 0.00000000
vt 0.36868525 0.19070265 0.00000000
vt 0.38603458 0.18524706 0.00000000
vt 0.26280841 0.71170253 0.00000000
vt 0.26258641 0.69880891 0.00000000
vt 0.27656084 0.69698536 0.00000000
vt 0.26220697 0.72582245 0.00000000
vt 0.24277891 0.72723699 0.00000000
vt 0.26138389 0.74150735 0.00000000
vt 0.24191102 0.74400461 0.00000000
vt 0.24145366 0.76188618 0.00000000
vt 0.20792313 0.82606345 0.00000000
vt 0.24485557 0.16477452 0.00000000
vt 0.07405028 0.22892147 0.00000000
vt 0.09952928 0.24485727 0.00000000
vt 0.07990272 0.24984355 0.00000000
vt 0.10709733 0.26533607 0.00000000
vt 0.08779433 0.27038473 0.00000000
vt 0.12932228 0.25785792 0.00000000
vt 0.14115308 0.27755940 0.00000000
vt 0.16308135 0.26814166 0.00000000
vt 0.17767264 0.28812400 0.00000000
vt 0.15834451 0.29757375 0.00000000
vt 0.19331938 0.30732840 0.00000000
vt 0.17748062 0.31617698 0.00000000
vt 0.16277969 0.32741374 0.00000000
vt 0.19491303 0.33287546 0.00000000
vt 0.18184461 0.34194833 0.00000000
vt 0.17104627 0.35272932 0.00000000
vt 0.15354718 0.34252924 0.00000000
vt 0.16339117 0.36535156 0.00000000
vt 0.14769417 0.35941225 0.00000000
vt 0.12921387 0.35492545 0.00000000
vt 0.14506723 0.37719411 0.00000000
vt 0.12831283 0.37510526 0.00000000
vt 0.11201961 0.37301049 0.00000000
vt 0.11176968 0.35233694 0.00000000
vt 0.09714993 0.37133646 0.00000000
vt 0.09667075 0.35219386 0.00000000
vt 0.08486497 0.37035361 0.00000000
vt 0.09563877 0.39074233 0.00000000
vt 0.08330154 0.38755995 0.00000000
vt 0.07410165 0.38503572 0.00000000
vt 0.07532500 0.37026247 0.00000000
vt 0.11795142 0.69151729 0.00000000
vt 0.13454282 0.69431573 0.00000000
vt 0.07989807 0.40670940 0.00000000
vt 0.07079100 0.40247908 0.00000000
vt 0.10491873 0.68130583 0.00000000
vt 0.08743610 0.67800307 0.00000000
vt 0.09226051 0.67061859 0.00000000
vt 0.10870944 0.67305696 0.00000000
vt 0.09566692 0.66234142 0.00000000
vt 0.11144715 0.66409212 0.00000000
vt 0.09761215 0.65349108 0.00000000
vt 0.11258204 0.65446603 0.00000000
vt 0.20540261 0.57829505 0.00000000
vt 0.20756161 0.56233931 0.00000000
vt 0.21625720 0.56431651 0.00000000
vt 0.21520239 0.57964718 0.00000000
vt 0.11147467 0.64436769 0.00000000
vt 0.11962001 0.64372730 0.00000000
vt 0.22704817 0.56492180 0.00000000
vt 0.22686267 0.58008659 0.00000000
vt 0.22560616 0.58807528 0.00000000
vt 0.21412268 0.58794135 0.00000000
vt 0.23671451 0.56432897 0.00000000
vt 0.23720559 0.58017886 0.00000000
vt 0.23614472 0.58893919 0.00000000
vt 0.24498613 0.56240797 0.00000000
vt 0.24647051 0.57989597 0.00000000
vt 0.24534184 0.59103364 0.00000000
vt 0.25249854 0.56059808 0.00000000
vt 0.25483009 0.57911617 0.00000000
vt 0.25375181 0.59258252 0.00000000
vt 0.45411265 0.36157429 0.00000000
vt 0.45937330 0.37979564 0.00000000
vt 0.45266470 0.38315043 0.00000000
vt 0.44695199 0.36413482 0.00000000
vt 0.26197580 0.57837337 0.00000000
vt 0.26197580 0.59439886 0.00000000
vt 0.44501758 0.38728765 0.00000000
vt 0.43856892 0.36746788 0.00000000
vt 0.43354371 0.39292938 0.00000000
vt 0.42737439 0.37161669 0.00000000
vt 0.41779870 0.39849174 0.00000000
vt 0.41228792 0.37584820 0.00000000
vt 0.40154466 0.40120414 0.00000000
vt 0.39685506 0.37839797 0.00000000
vt 0.38573992 0.40202612 0.00000000
vt 0.38149422 0.37957656 0.00000000
vt 0.37744874 0.35793182 0.00000000
vt 0.36996418 0.37983927 0.00000000
vt 0.36542475 0.35980868 0.00000000
vt 0.35800049 0.34277305 0.00000000
vt 0.35490197 0.36288831 0.00000000
vt 0.34653491 0.34799862 0.00000000
vt 0.33318242 0.33422235 0.00000000
vt 0.03284610 0.92079580 0.00000000
vt 0.03876849 0.90282130 0.00000000
vt 0.04779885 0.90889132 0.00000000
vt 0.28963816 0.54530102 0.00000000
vt 0.27898178 0.55036926 0.00000000
vt 0.27205962 0.53521812 0.00000000
vt 0.28232300 0.53239322 0.00000000
vt 0.04973943 0.89347726 0.00000000
vt 0.05916880 0.89697939 0.00000000
vt 0.05898593 0.91488415 0.00000000
vt 0.06787443 0.89879745 0.00000000
vt 0.06772441 0.91545123 0.00000000
vt 0.07672800 0.89931494 0.00000000
vt 0.07674992 0.91458327 0.00000000
vt 0.07752951 0.92995352 0.00000000
vt 0.07864733 0.94052070 0.00000000
vt 0.08559519 0.91233683 0.00000000
vt 0.08610671 0.92638117 0.00000000
vt 0.08597079 0.93747044 0.00000000
vt 0.08553009 0.94575113 0.00000000
vt 0.07996441 0.94795442 0.00000000
vt 0.09449077 0.92264855 0.00000000
vt 0.09347650 0.93570709 0.00000000
vt 0.09145093 0.94523072 0.00000000
vt 0.97745597 0.38826394 0.00000000
vt 0.97511184 0.39637175 0.00000000
vt 0.97040570 0.39628464 0.00000000
vt 0.97173864 0.38790539 0.00000000
vt 0.65495199 0.20765856 0.00000000
vt 0.66025382 0.20789073 0.00000000
vt 0.65866232 0.21507449 0.00000000
vt 0.65412104 0.21511361 0.00000000
vt 0.70468193 0.91581440 0.00000000
vt 0.70329994 0.90732741 0.00000000
vt 0.70637423 0.90705091 0.00000000
vt 0.70775419 0.91486436 0.00000000
vt 0.66241997 0.21486948 0.00000000
vt 0.66306388 0.22626825 0.00000000
vt 0.65819341 0.22620720 0.00000000
vt 0.65296286 0.22646064 0.00000000
vt 0.66053700 0.24141777 0.00000000
vt 0.65397280 0.24203210 0.00000000
vt 0.97558033 0.40667039 0.00000000
vt 0.97593176 0.42237961 0.00000000
vt 0.96898454 0.42340901 0.00000000
vt 0.96995401 0.40714246 0.00000000
vt 0.96308041 0.42597967 0.00000000
vt 0.96381980 0.40878657 0.00000000
vt 0.96482509 0.39697772 0.00000000
vt 0.96559399 0.38840696 0.00000000
vt 0.29340345 0.35945514 0.00000000
vt 0.28801116 0.36898598 0.00000000
vt 0.28110403 0.36634371 0.00000000
vt 0.28915879 0.35712475 0.00000000
vt 0.95917004 0.39892721 0.00000000
vt 0.96028286 0.38987797 0.00000000
vt 0.07590017 0.95130628 0.00000000
vt 0.29443935 0.35061729 0.00000000
vt 0.28360456 0.35505924 0.00000000
vt 0.28964102 0.34860617 0.00000000
vt 0.07301851 0.95607978 0.00000000
vt 0.27309793 0.35196191 0.00000000
vt 0.28019372 0.34516421 0.00000000
vt 0.28694081 0.34019276 0.00000000
vt 0.29665110 0.34511337 0.00000000
vt 0.25926819 0.34647846 0.00000000
vt 0.26389384 0.36003366 0.00000000
vt 0.25034881 0.35551399 0.00000000
vt 0.23963070 0.35059279 0.00000000
vt 0.24576899 0.33938807 0.00000000
vt 0.23147771 0.34701332 0.00000000
vt 0.23543374 0.33384377 0.00000000
vt 0.62496150 0.96809614 0.00000000
vt 0.63402545 0.97071052 0.00000000
vt 0.63013124 0.98626184 0.00000000
vt 0.62149751 0.98358506 0.00000000
vt 0.61436272 0.97981191 0.00000000
vt 0.61528331 0.96528274 0.00000000
vt 0.60448205 0.97658086 0.00000000
vt 0.60448205 0.95957965 0.00000000
vt 0.01533422 0.78506082 0.00000000
vt 0.02081618 0.80107969 0.00000000
vt 0.00703757 0.79950809 0.00000000
vt 0.00297819 0.78491181 0.00000000
vt 0.00074795 0.77510142 0.00000000
vt 0.01033652 0.77328718 0.00000000
vt 0.02085942 0.26012149 0.00000000
vt 0.02421625 0.27699876 0.00000000
vt 0.01202738 0.27507290 0.00000000
vt 0.01001651 0.25924718 0.00000000
vt 0.00137091 0.27410692 0.00000000
vt 0.00150481 0.25918096 0.00000000
vt 0.95970076 0.07044726 0.00000000
vt 0.95870572 0.06149747 0.00000000
vt 0.96895826 0.05822780 0.00000000
vt 0.97052783 0.06596884 0.00000000
vt 0.97628587 0.05479735 0.00000000
vt 0.97745597 0.06135585 0.00000000
vt 0.95813918 0.05200334 0.00000000
vt 0.96810389 0.04991591 0.00000000
vt 0.97587442 0.04731436 0.00000000
vt 0.35096210 0.74562591 0.00000000
vt 0.96738285 0.04139302 0.00000000
vt 0.97483522 0.03913340 0.00000000
vt 0.35468671 0.75280809 0.00000000
vt 0.34809899 0.75839663 0.00000000
vt 0.35976359 0.76031792 0.00000000
vt 0.35282868 0.76713711 0.00000000
vt 0.34272569 0.77688700 0.00000000
vt 0.35870224 0.77517897 0.00000000
vt 0.34888560 0.78653497 0.00000000
vt 0.33191133 0.80218291 0.00000000
vt 0.31298575 0.81799978 0.00000000
vt 0.35549012 0.79568088 0.00000000
vt 0.33838227 0.81288975 0.00000000
vt 0.32012430 0.82995695 0.00000000
vt 0.22325015 0.29361075 0.00000000
vt 0.23421822 0.31399360 0.00000000
vt 0.22211160 0.31951776 0.00000000
vt 0.20858969 0.29986346 0.00000000
vt 0.19512282 0.27993500 0.00000000
vt 0.20870395 0.32535517 0.00000000
vt 0.23280509 0.33808109 0.00000000
vt 0.22139278 0.34186602 0.00000000
vt 0.20877688 0.34662044 0.00000000
vt 0.12947412 0.93197304 0.00000000
vt 0.12891707 0.94614935 0.00000000
vt 0.11490890 0.95193100 0.00000000
vt 0.50854129 0.42783636 0.00000000
vt 0.50854129 0.44910136 0.00000000
vt 0.49772516 0.44002417 0.00000000
vt 0.49787018 0.42315096 0.00000000
vt 0.19582622 0.35365030 0.00000000
vt 0.20570570 0.36223257 0.00000000
vt 0.19380854 0.36919841 0.00000000
vt 0.18413310 0.36188027 0.00000000
vt 0.18355374 0.37626868 0.00000000
vt 0.17515983 0.37106326 0.00000000
vt 0.95105374 0.78791869 0.00000000
vt 0.93911165 0.78774357 0.00000000
vt 0.94154364 0.77625394 0.00000000
vt 0.95240372 0.77509940 0.00000000
vt 0.96377867 0.77309692 0.00000000
vt 0.96424699 0.78812891 0.00000000
vt 0.95116591 0.76025391 0.00000000
vt 0.95969576 0.75666922 0.00000000
vt 0.15852165 0.37917995 0.00000000
vt 0.15611818 0.39579302 0.00000000
vt 0.14363037 0.39605555 0.00000000
vt 0.15563054 0.41341701 0.00000000
vt 0.14267217 0.41542965 0.00000000
vt 0.12674834 0.41632211 0.00000000
vt 0.12737778 0.39555129 0.00000000
vt 0.11022629 0.41541785 0.00000000
vt 0.11118214 0.39384097 0.00000000
vt 0.09359805 0.41181192 0.00000000
vt 0.11065244 0.43661672 0.00000000
vt 0.09194632 0.43389228 0.00000000
vt 0.07494098 0.42750311 0.00000000
vt 0.09191006 0.45568112 0.00000000
vt 0.07087471 0.44909063 0.00000000
vt 0.05709718 0.44188386 0.00000000
vt 0.06475630 0.42187735 0.00000000
vt 0.04906591 0.43656984 0.00000000
vt 0.05750995 0.41803852 0.00000000
vt 0.06325172 0.39949822 0.00000000
vt 0.06538594 0.57789499 0.00000000
vt 0.06429348 0.55996901 0.00000000
vt 0.07264875 0.56215137 0.00000000
vt 0.07264875 0.58119005 0.00000000
vt 0.07334638 0.66754133 0.00000000
vt 0.07693877 0.65979141 0.00000000
vt 0.35072678 0.57238406 0.00000000
vt 0.33082354 0.57163680 0.00000000
vt 0.33190048 0.56290275 0.00000000
vt 0.35228512 0.56384814 0.00000000
vt 0.07781684 0.65155345 0.00000000
vt 0.33373165 0.55397838 0.00000000
vt 0.35443786 0.55499405 0.00000000
vt 0.21032092 0.54092723 0.00000000
vt 0.21800843 0.54211813 0.00000000
vt 0.21688326 0.52036190 0.00000000
vt 0.22576414 0.52044851 0.00000000
vt 0.22699778 0.54238874 0.00000000
vt 0.23431288 0.52020139 0.00000000
vt 0.23524836 0.54186100 0.00000000
vt 0.24229334 0.51928318 0.00000000
vt 0.24300191 0.54095298 0.00000000
vt 0.26076806 0.49753389 0.00000000
vt 0.26076806 0.47764328 0.00000000
vt 0.26858023 0.47607616 0.00000000
vt 0.26786640 0.49544054 0.00000000
vt 0.24978746 0.53954762 0.00000000
vt 0.46722850 0.39942098 0.00000000
vt 0.47699523 0.41868290 0.00000000
vt 0.47070423 0.42334172 0.00000000
vt 0.46066436 0.40344897 0.00000000
vt 0.46169981 0.42924643 0.00000000
vt 0.45319977 0.40841556 0.00000000
vt 0.44629189 0.43769106 0.00000000
vt 0.44020140 0.41535026 0.00000000
vt 0.42544746 0.44375911 0.00000000
vt 0.42252463 0.42138237 0.00000000
vt 0.40590739 0.44595098 0.00000000
vt 0.40499586 0.42390320 0.00000000
vt 0.39147285 0.44504511 0.00000000
vt 0.38923755 0.42392856 0.00000000
vt 0.37782222 0.44299802 0.00000000
vt 0.37456107 0.42207238 0.00000000
vt 0.37267202 0.40105265 0.00000000
vt 0.36256728 0.41932112 0.00000000
vt 0.36279052 0.39983982 0.00000000
vt 0.36059061 0.38039419 0.00000000
vt 0.26796171 0.51759553 0.00000000
vt 0.26768488 0.49826872 0.00000000
vt 0.27611285 0.49969342 0.00000000
vt 0.27742594 0.51709342 0.00000000
vt 0.28470406 0.50067598 0.00000000
vt 0.28674713 0.51638091 0.00000000
vt 0.29204771 0.53001100 0.00000000
vt 0.29286501 0.50083512 0.00000000
vt 0.29517496 0.51534909 0.00000000
vt 0.30027899 0.52824455 0.00000000
vt 0.30078030 0.50015396 0.00000000
vt 0.30283970 0.51401454 0.00000000
vt 0.30791974 0.52625751 0.00000000
vt 0.00223357 0.61084998 0.00000000
vt 0.01512756 0.61220747 0.00000000
vt 0.01543314 0.62081748 0.00000000
vt 0.00285579 0.61964154 0.00000000
vt 0.30998391 0.51205516 0.00000000
vt 0.31481120 0.52379704 0.00000000
vt 0.08557866 0.89849442 0.00000000
vt 0.91671282 0.77802193 0.00000000
vt 0.91856349 0.76509619 0.00000000
vt 0.92561883 0.76511180 0.00000000
vt 0.92407322 0.77780831 0.00000000
vt 0.09403315 0.89660710 0.00000000
vt 0.09405710 0.90910202 0.00000000
vt 0.10209499 0.89347726 0.00000000
vt 0.10240339 0.90500993 0.00000000
vt 0.10366091 0.91784632 0.00000000
vt 0.11039352 0.89960742 0.00000000
vt 0.11355451 0.91163969 0.00000000
vt 0.92836148 0.78812891 0.00000000
vt 0.93211448 0.77705801 0.00000000
vt 0.93336689 0.76446646 0.00000000
vt 0.94197685 0.76290858 0.00000000
vt 0.93216658 0.75104654 0.00000000
vt 0.94025779 0.74835122 0.00000000
vt 0.94820875 0.74420321 0.00000000
vt 0.93655896 0.73363227 0.00000000
vt 0.94335157 0.72805899 0.00000000
vt 0.16511330 0.41183865 0.00000000
vt 0.16718933 0.42843848 0.00000000
vt 0.15691400 0.43170780 0.00000000
vt 0.16580634 0.39609489 0.00000000
vt 0.17140542 0.44561309 0.00000000
vt 0.15783703 0.45071757 0.00000000
vt 0.14203730 0.45486313 0.00000000
vt 0.14237495 0.43532985 0.00000000
vt 0.12850648 0.45699278 0.00000000
vt 0.12702046 0.43703511 0.00000000
vt 0.11251204 0.45812154 0.00000000
vt 0.13122359 0.47536799 0.00000000
vt 0.11620190 0.47796041 0.00000000
vt 0.09350702 0.47600603 0.00000000
vt 0.94280541 0.12874204 0.00000000
vt 0.94663525 0.15109481 0.00000000
vt 0.92957288 0.16155541 0.00000000
vt 0.92466193 0.13628599 0.00000000
vt 0.92300081 0.10791761 0.00000000
vt 0.94230801 0.10333277 0.00000000
vt 0.06919917 0.46859848 0.00000000
vt 0.92534816 0.08482278 0.00000000
vt 0.94469959 0.08355381 0.00000000
vt 0.05112892 0.46025968 0.00000000
vt 0.92867255 0.07191639 0.00000000
vt 0.94663525 0.07220908 0.00000000
vt 0.04098701 0.45469335 0.00000000
vt 0.03490260 0.47281602 0.00000000
vt 0.02703524 0.46755266 0.00000000
vt 0.03336928 0.45016104 0.00000000
vt 0.04241037 0.43311253 0.00000000
vt 0.31066260 0.57152605 0.00000000
vt 0.29222536 0.57238406 0.00000000
vt 0.29063553 0.56442779 0.00000000
vt 0.31087333 0.56284535 0.00000000
vt 0.29252949 0.55362660 0.00000000
vt 0.31280294 0.55331087 0.00000000
vt 0.21509574 0.49862823 0.00000000
vt 0.21299866 0.47741437 0.00000000
vt 0.22363333 0.47790608 0.00000000
vt 0.22457340 0.49887612 0.00000000
vt 0.23433688 0.47781926 0.00000000
vt 0.23401350 0.49864644 0.00000000
vt 0.24316178 0.47677180 0.00000000
vt 0.24270065 0.49772289 0.00000000
vt 0.49262848 0.43321696 0.00000000
vt 0.50073177 0.45147687 0.00000000
vt 0.49440947 0.45594758 0.00000000
vt 0.48583615 0.43741176 0.00000000
vt 0.48291203 0.41521737 0.00000000
vt 0.48803198 0.45929208 0.00000000
vt 0.47946623 0.44196513 0.00000000
vt 0.00177838 0.89794934 0.00000000
vt 0.02012566 0.89583594 0.00000000
vt 0.02299347 0.90827292 0.00000000
vt 0.00421110 0.90911454 0.00000000
vt 0.46991396 0.44844851 0.00000000
vt 0.02421625 0.93093574 0.00000000
vt 0.00563067 0.92929775 0.00000000
vt 0.45161685 0.45794168 0.00000000
vt 0.02025367 0.95984405 0.00000000
vt 0.00177839 0.95478052 0.00000000
vt 0.42652792 0.46507686 0.00000000
vt 0.42836860 0.48393676 0.00000000
vt 0.40332842 0.48610839 0.00000000
vt 0.40389577 0.46629551 0.00000000
vt 0.38955551 0.48393387 0.00000000
vt 0.39115772 0.46450892 0.00000000
vt 0.38068894 0.48207176 0.00000000
vt 0.38114819 0.46332213 0.00000000
vt 0.36592108 0.47810581 0.00000000
vt 0.36462530 0.45869744 0.00000000
vt 0.36257640 0.43876806 0.00000000
vt 0.34782803 0.45269200 0.00000000
vt 0.35058314 0.43476862 0.00000000
vt 0.35354805 0.41669574 0.00000000
vt 0.35482365 0.39894062 0.00000000
vt 0.27655759 0.48163593 0.00000000
vt 0.27780992 0.46314681 0.00000000
vt 0.28528985 0.46653840 0.00000000
vt 0.28476736 0.48373672 0.00000000
vt 0.29396191 0.46847579 0.00000000
vt 0.29286572 0.48477376 0.00000000
vt 0.30192503 0.46858409 0.00000000
vt 0.30056950 0.48476830 0.00000000
vt 0.03041753 0.61340904 0.00000000
vt 0.04754595 0.61381787 0.00000000
vt 0.04748159 0.62206680 0.00000000
vt 0.03047621 0.62167370 0.00000000
vt 0.04786198 0.63036042 0.00000000
vt 0.03092534 0.62983739 0.00000000
vt 0.01591275 0.62929946 0.00000000
vt 0.00349008 0.62816560 0.00000000
vt 0.03147457 0.63766015 0.00000000
vt 0.01637321 0.63749498 0.00000000
vt 0.00367160 0.63671076 0.00000000
vt 0.04852905 0.63800168 0.00000000
vt 0.92894864 0.73718417 0.00000000
vt 0.92438227 0.72353601 0.00000000
vt 0.93112123 0.71857625 0.00000000
vt 0.80840731 0.00413728 0.00000000
vt 0.81640464 0.00131310 0.00000000
vt 0.81997514 0.01871062 0.00000000
vt 0.81047130 0.02062442 0.00000000
vt 0.18012328 0.44204137 0.00000000
vt 0.18607469 0.45792854 0.00000000
vt 0.17390083 0.46297988 0.00000000
vt 0.17526968 0.42622617 0.00000000
vt 0.19047694 0.47349927 0.00000000
vt 0.17409189 0.47962245 0.00000000
vt 0.15693119 0.48689753 0.00000000
vt 0.15734224 0.46908125 0.00000000
vt 0.96424705 0.42813128 0.00000000
vt 0.96039230 0.44499597 0.00000000
vt 0.94932389 0.44616693 0.00000000
vt 0.94986969 0.42829779 0.00000000
vt 0.14307038 0.47342232 0.00000000
vt 0.93932819 0.44704312 0.00000000
vt 0.93772519 0.42813128 0.00000000
vt 0.95098215 0.46444306 0.00000000
vt 0.94142723 0.46466243 0.00000000
vt 0.13693447 0.49218306 0.00000000
vt 0.14262660 0.50888228 0.00000000
vt 0.12378401 0.51297188 0.00000000
vt 0.12113926 0.49584153 0.00000000
vt 0.14700808 0.52496743 0.00000000
vt 0.12412740 0.52815694 0.00000000
vt 0.09296923 0.52730888 0.00000000
vt 0.09484474 0.51254213 0.00000000
vt 0.91321200 0.16951376 0.00000000
vt 0.90593553 0.14170778 0.00000000
vt 0.06493621 0.51998782 0.00000000
vt 0.06645218 0.50429714 0.00000000
vt 0.06799906 0.48602587 0.00000000
vt 0.09543317 0.49349943 0.00000000
vt 0.04075786 0.51002598 0.00000000
vt 0.04300433 0.49471977 0.00000000
vt 0.04664794 0.47730348 0.00000000
vt 0.02482696 0.50493479 0.00000000
vt 0.02894078 0.48932293 0.00000000
vt 0.90812182 0.08671904 0.00000000
vt 0.91047883 0.07146897 0.00000000
vt 0.01583714 0.50139350 0.00000000
vt 0.02099437 0.48539877 0.00000000
vt 0.00659388 0.49794513 0.00000000
vt 0.01221106 0.48220941 0.00000000
vt 0.52510846 0.56677222 0.00000000
vt 0.53495896 0.56886774 0.00000000
vt 0.53495896 0.58779448 0.00000000
vt 0.52614379 0.58461761 0.00000000
vt 0.27204099 0.56597209 0.00000000
vt 0.25555268 0.56660229 0.00000000
vt 0.25689179 0.55557340 0.00000000
vt 0.27361453 0.55465847 0.00000000
vt 0.21130085 0.45716774 0.00000000
vt 0.21069570 0.43871507 0.00000000
vt 0.22096686 0.43936777 0.00000000
vt 0.22235949 0.45761895 0.00000000
vt 0.23152733 0.43833503 0.00000000
vt 0.23357868 0.45713359 0.00000000
vt 0.24009360 0.43737796 0.00000000
vt 0.24210110 0.45611528 0.00000000
vt 0.50978971 0.46937767 0.00000000
vt 0.51848650 0.48569649 0.00000000
vt 0.51122081 0.48944548 0.00000000
vt 0.50272834 0.47456554 0.00000000
vt 0.50266302 0.49260047 0.00000000
vt 0.49603432 0.47698289 0.00000000
vt 0.04666165 0.59168661 0.00000000
vt 0.05503694 0.58954912 0.00000000
vt 0.05441042 0.60844779 0.00000000
vt 0.04666165 0.60980922 0.00000000
vt 0.48744005 0.49893191 0.00000000
vt 0.48323625 0.48339948 0.00000000
vt 0.47736773 0.46524575 0.00000000
vt 0.46384612 0.51033562 0.00000000
vt 0.46048555 0.49485376 0.00000000
vt 0.45669180 0.47558379 0.00000000
vt 0.43600336 0.51957119 0.00000000
vt 0.43227318 0.50369555 0.00000000
vt 0.40621895 0.52199274 0.00000000
vt 0.40426826 0.50538117 0.00000000
vt 0.38404575 0.52073723 0.00000000
vt 0.38626733 0.50308740 0.00000000
vt 0.37318778 0.51822251 0.00000000
vt 0.37682131 0.50048584 0.00000000
vt 0.36299875 0.51493591 0.00000000
vt 0.36567929 0.49742955 0.00000000
vt 0.34450927 0.50660324 0.00000000
vt 0.34570542 0.48888227 0.00000000
vt 0.34617767 0.47031787 0.00000000
vt 0.32824963 0.48317793 0.00000000
vt 0.33201337 0.46540037 0.00000000
vt 0.99506778 0.30727130 0.00000000
vt 0.98008710 0.30804977 0.00000000
vt 0.97809160 0.29014567 0.00000000
vt 0.98999453 0.29044268 0.00000000
vt 0.33695057 0.44848466 0.00000000
vt 0.34265924 0.43171906 0.00000000
vt 0.96861583 0.30657861 0.00000000
vt 0.96861583 0.28780094 0.00000000
vt 0.28613037 0.44880322 0.00000000
vt 0.29553449 0.45154697 0.00000000
vt 0.29605466 0.43312094 0.00000000
vt 0.30668414 0.43377498 0.00000000
vt 0.30480731 0.45211273 0.00000000
vt 0.06635518 0.61263281 0.00000000
vt 0.08674105 0.61136001 0.00000000
vt 0.08682956 0.62099367 0.00000000
vt 0.06624387 0.62168235 0.00000000
vt 0.08700454 0.63089722 0.00000000
vt 0.06674150 0.63068730 0.00000000
vt 0.82734329 0.01501559 0.00000000
vt 0.83215839 0.03364297 0.00000000
vt 0.82260787 0.03685925 0.00000000
vt 0.06734779 0.63842839 0.00000000
vt 0.68025649 0.82988155 0.00000000
vt 0.66982448 0.83215839 0.00000000
vt 0.66776001 0.81512570 0.00000000
vt 0.67920071 0.81320834 0.00000000
vt 0.82357258 0.05464498 0.00000000
vt 0.80880439 0.05526995 0.00000000
vt 0.81037378 0.03800867 0.00000000
vt 0.82363719 0.07023008 0.00000000
vt 0.80840731 0.07044728 0.00000000
vt 0.19337605 0.48954949 0.00000000
vt 0.19665344 0.50459832 0.00000000
vt 0.17833088 0.51297706 0.00000000
vt 0.17490292 0.49690169 0.00000000
vt 0.16433634 0.51956105 0.00000000
vt 0.15991101 0.50399077 0.00000000
vt 0.95990419 0.46208909 0.00000000
vt 0.96061826 0.47924620 0.00000000
vt 0.95206314 0.48139697 0.00000000
vt 0.96286261 0.49093223 0.00000000
vt 0.95310390 0.49313092 0.00000000
vt 0.15678880 0.52141196 0.00000000
vt 0.16015217 0.53301388 0.00000000
vt 0.14851080 0.53578740 0.00000000
vt 0.15221846 0.50521362 0.00000000
vt 0.14855191 0.54246879 0.00000000
vt 0.12354518 0.54359055 0.00000000
vt 0.12390944 0.53727144 0.00000000
vt 0.16238551 0.54129511 0.00000000
vt 0.16381803 0.54917735 0.00000000
vt 0.14799713 0.54855239 0.00000000
vt 0.16893314 0.53052711 0.00000000
vt 0.17290975 0.53812009 0.00000000
vt 0.17712048 0.54464954 0.00000000
vt 0.18016316 0.54987067 0.00000000
vt 0.16497397 0.55577451 0.00000000
vt 0.29499796 0.00269481 0.00000000
vt 0.29451624 0.01925005 0.00000000
vt 0.28852573 0.01981325 0.00000000
vt 0.28852573 0.00343460 0.00000000
vt 0.33088705 0.43544629 0.00000000
vt 0.32543376 0.43547708 0.00000000
vt 0.32627165 0.41765222 0.00000000
vt 0.33200002 0.41728747 0.00000000
vt 0.19531895 0.54153842 0.00000000
vt 0.21280915 0.53242075 0.00000000
vt 0.33204246 0.45550761 0.00000000
vt 0.32567140 0.45659810 0.00000000
vt 0.31797737 0.45659330 0.00000000
vt 0.31916013 0.43571377 0.00000000
vt 0.66678566 0.76471490 0.00000000
vt 0.67347270 0.76791972 0.00000000
vt 0.66806471 0.78262448 0.00000000
vt 0.65989262 0.78061789 0.00000000
vt 0.32320264 0.47111616 0.00000000
vt 0.31492719 0.47042528 0.00000000
vt 0.30429456 0.37937492 0.00000000
vt 0.30646065 0.39604324 0.00000000
vt 0.29578927 0.39603195 0.00000000
vt 0.29560721 0.38180339 0.00000000
vt 0.29136887 0.37006858 0.00000000
vt 0.29789862 0.36512136 0.00000000
vt 0.31129727 0.37758362 0.00000000
vt 0.31481126 0.39485788 0.00000000
vt 0.12548420 0.62139225 0.00000000
vt 0.10705071 0.62069184 0.00000000
vt 0.10693388 0.61084998 0.00000000
vt 0.12537688 0.61220044 0.00000000
vt 0.65723228 0.79740757 0.00000000
vt 0.66675353 0.79845071 0.00000000
vt 0.12464734 0.63110095 0.00000000
vt 0.10676982 0.63108677 0.00000000
vt 0.67715299 0.78389901 0.00000000
vt 0.67801952 0.79717529 0.00000000
vt 0.30698541 0.41465968 0.00000000
vt 0.29578233 0.41405401 0.00000000
vt 0.97038692 0.32501277 0.00000000
vt 0.98326159 0.32581860 0.00000000
vt 0.28393555 0.41175771 0.00000000
vt 0.28367597 0.39430693 0.00000000
vt 0.32607448 0.50002199 0.00000000
vt 0.28502333 0.38200238 0.00000000
vt 0.68025649 0.77217335 0.00000000
vt 0.31236586 0.43576479 0.00000000
vt 0.31311652 0.41661033 0.00000000
vt 0.31952596 0.41755584 0.00000000
vt 0.31023142 0.45573404 0.00000000
vt 0.31174433 0.40170112 0.00000000
vt 0.31912491 0.40027079 0.00000000
vt 0.32634684 0.39988834 0.00000000
vt 0.31721207 0.38655260 0.00000000
vt 0.32308999 0.38646102 0.00000000
vt 0.16540217 0.56081921 0.00000000
vt 0.14802366 0.55839878 0.00000000
vt 0.14801578 0.55416459 0.00000000
vt 0.33242312 0.40053853 0.00000000
vt 0.32827076 0.38729984 0.00000000
vt 0.32111070 0.36250386 0.00000000
vt 0.32692987 0.36372128 0.00000000
vt 0.12287858 0.55698144 0.00000000
vt 0.12307977 0.55008411 0.00000000
vt 0.08933064 0.55695099 0.00000000
vt 0.08969972 0.55046332 0.00000000
vt 0.09059315 0.54387820 0.00000000
vt 0.05914566 0.54338211 0.00000000
vt 0.06103788 0.53729916 0.00000000
vt 0.06303350 0.53051525 0.00000000
vt 0.09163761 0.53714025 0.00000000
vt 0.03834941 0.52656835 0.00000000
vt 0.03960885 0.52015692 0.00000000
vt 0.02131071 0.52266556 0.00000000
vt 0.02241044 0.51596540 0.00000000
vt 0.01018087 0.52194011 0.00000000
vt 0.01203038 0.51340121 0.00000000
vt 0.00146711 0.52100849 0.00000000
vt 0.00323429 0.51129925 0.00000000
vt 0.46709585 0.96593726 0.00000000
vt 0.46649864 0.95606697 0.00000000
vt 0.47706291 0.96545267 0.00000000
vt 0.47980189 0.97789282 0.00000000
vt 0.46914124 0.97965735 0.00000000
vt 0.21160312 0.42466632 0.00000000
vt 0.21333182 0.41469371 0.00000000
vt 0.22022389 0.42550203 0.00000000
vt 0.22943477 0.42400065 0.00000000
vt 0.23463538 0.41379938 0.00000000
vt 0.23742078 0.42337835 0.00000000
vt 0.52440453 0.49864194 0.00000000
vt 0.52783120 0.50820214 0.00000000
vt 0.51935989 0.50955772 0.00000000
vt 0.51633728 0.50081897 0.00000000
vt 0.50813031 0.51046902 0.00000000
vt 0.50621301 0.50314492 0.00000000
vt 0.49145612 0.51515341 0.00000000
vt 0.48972997 0.50869536 0.00000000
vt 0.46923849 0.52781647 0.00000000
vt 0.46690455 0.52099133 0.00000000
vt 0.44031000 0.53798699 0.00000000
vt 0.43856773 0.53086132 0.00000000
vt 0.40855891 0.53923386 0.00000000
vt 0.40750483 0.53200936 0.00000000
vt 0.38375440 0.53964865 0.00000000
vt 0.38326746 0.53208041 0.00000000
vt 0.36884189 0.54024684 0.00000000
vt 0.37093189 0.53085214 0.00000000
vt 0.35713282 0.53678280 0.00000000
vt 0.36040941 0.52788949 0.00000000
vt 0.36732528 0.54850268 0.00000000
vt 0.35363331 0.54337561 0.00000000
vt 0.38423207 0.54634005 0.00000000
vt 0.40931958 0.54621655 0.00000000
vt 0.40992650 0.55257082 0.00000000
vt 0.38445181 0.55120015 0.00000000
vt 0.57115567 0.67017305 0.00000000
vt 0.57725465 0.67006195 0.00000000
vt 0.57898855 0.68465948 0.00000000
vt 0.57115567 0.68444240 0.00000000
vt 0.44171607 0.54466289 0.00000000
vt 0.44291255 0.55031151 0.00000000
vt 0.31437027 0.36318618 0.00000000
vt 0.31023142 0.33502427 0.00000000
vt 0.31673521 0.33392224 0.00000000
vt 0.66639507 0.44689986 0.00000000
vt 0.65986651 0.44684285 0.00000000
vt 0.66062355 0.41969395 0.00000000
vt 0.66826153 0.41961697 0.00000000
vt 0.08911481 0.56137669 0.00000000
vt 0.05679950 0.55538750 0.00000000
vt 0.05756850 0.55000436 0.00000000
vt 0.32238358 0.33493850 0.00000000
vt 0.67365199 0.41741890 0.00000000
vt 0.66567689 0.39362749 0.00000000
vt 0.67098027 0.39224446 0.00000000
vt 0.03569241 0.53782344 0.00000000
vt 0.03685094 0.53263104 0.00000000
vt 0.02040909 0.53460544 0.00000000
vt 0.02063749 0.52904534 0.00000000
vt 0.01034182 0.53461999 0.00000000
vt 0.00958526 0.52925760 0.00000000
vt 0.00186301 0.53607899 0.00000000
vt 0.00082732 0.52940327 0.00000000
vt 0.46649864 0.94763529 0.00000000
vt 0.46728343 0.94110173 0.00000000
vt 0.35663933 0.01981331 0.00000000
vt 0.35092229 0.01897004 0.00000000
vt 0.67283493 0.37926778 0.00000000
vt 0.66751951 0.38085261 0.00000000
vt 0.34467328 0.01958470 0.00000000
vt 0.65986657 0.39437079 0.00000000
vt 0.66133678 0.38089874 0.00000000
vt 0.49508047 0.52592617 0.00000000
vt 0.49329916 0.52093804 0.00000000
vt 0.50951111 0.51627684 0.00000000
vt 0.51037645 0.52151108 0.00000000
vt 0.47403231 0.54049784 0.00000000
vt 0.47171068 0.53415036 0.00000000
vt 0.52078247 0.51634258 0.00000000
vt 0.52069616 0.52164757 0.00000000
vt 0.52945530 0.51629537 0.00000000
vt 0.52928233 0.52291161 0.00000000
vt 0.49837440 0.53426105 0.00000000
vt 0.49831641 0.52687079 0.00000000
vt 0.50633979 0.52687079 0.00000000
vt 0.50579399 0.53387851 0.00000000
vt 0.21091646 0.50303513 0.00000000
vt 0.12988715 0.95821756 0.00000000
vt 0.11644030 0.96177459 0.00000000
vt 0.10828821 0.96448135 0.00000000
vt 0.10607646 0.95629668 0.00000000
vt 0.71516478 0.90485764 0.00000000
vt 0.72369200 0.90487313 0.00000000
vt 0.72473156 0.91445410 0.00000000
vt 0.71663898 0.91377437 0.00000000
vt 0.71152133 0.91440779 0.00000000
vt 0.70898360 0.90582949 0.00000000
vt 0.71911591 0.92389649 0.00000000
vt 0.71323526 0.92428285 0.00000000
vt 0.70788580 0.92520213 0.00000000
vt 0.72376359 0.93606520 0.00000000
vt 0.71717882 0.93718415 0.00000000
vt 0.71153188 0.93845206 0.00000000
vt 0.72053659 0.95224267 0.00000000
vt 0.71383417 0.95256495 0.00000000
vt 0.66596633 0.24030893 0.00000000
vt 0.66924906 0.25629786 0.00000000
vt 0.66258848 0.25593373 0.00000000
vt 0.70736128 0.95301789 0.00000000
vt 0.71344405 0.96328658 0.00000000
vt 0.70451057 0.96057177 0.00000000
vt 0.65458298 0.25609171 0.00000000
vt 0.18326423 0.03331623 0.00000000
vt 0.19330360 0.03331623 0.00000000
vt 0.19373006 0.04402956 0.00000000
vt 0.18323407 0.04171369 0.00000000
vt 0.97745597 0.43577024 0.00000000
vt 0.96950388 0.43809396 0.00000000
vt 0.27806795 0.39753947 0.00000000
vt 0.27730089 0.40871766 0.00000000
vt 0.26806009 0.40808368 0.00000000
vt 0.27047750 0.39674950 0.00000000
vt 0.27768943 0.38166320 0.00000000
vt 0.28314605 0.38410753 0.00000000
vt 0.26042506 0.40700376 0.00000000
vt 0.26367998 0.39469010 0.00000000
vt 0.26908475 0.37950081 0.00000000
vt 0.25479957 0.39122111 0.00000000
vt 0.26169446 0.37638962 0.00000000
vt 0.27387494 0.36372206 0.00000000
vt 0.25168073 0.37339693 0.00000000
vt 0.24398176 0.38789433 0.00000000
vt 0.23402500 0.38330618 0.00000000
vt 0.24095169 0.36945003 0.00000000
vt 0.22551382 0.37791875 0.00000000
vt 0.23223017 0.36457512 0.00000000
vt 0.22833867 0.39406514 0.00000000
vt 0.21911705 0.38859639 0.00000000
vt 0.21170902 0.38400501 0.00000000
vt 0.21792507 0.37392330 0.00000000
vt 0.22448327 0.36056060 0.00000000
vt 0.97299176 0.57238579 0.00000000
vt 0.97371709 0.58379138 0.00000000
vt 0.96492946 0.58394849 0.00000000
vt 0.96467119 0.57361782 0.00000000
vt 0.96043503 0.55954742 0.00000000
vt 0.96812207 0.55896449 0.00000000
vt 0.59219736 0.67269081 0.00000000
vt 0.58258581 0.67182726 0.00000000
vt 0.58108640 0.65683264 0.00000000
vt 0.59120965 0.65778828 0.00000000
vt 0.02201475 0.81597686 0.00000000
vt 0.00925338 0.81389719 0.00000000
vt 0.02421625 0.29236799 0.00000000
vt 0.02145675 0.30427739 0.00000000
vt 0.01294748 0.30297568 0.00000000
vt 0.01280933 0.29032618 0.00000000
vt 0.00318866 0.30220285 0.00000000
vt 0.00109508 0.28973007 0.00000000
vt 0.92896235 0.06328992 0.00000000
vt 0.91764057 0.06436888 0.00000000
vt 0.91786402 0.05282773 0.00000000
vt 0.92866915 0.05136430 0.00000000
vt 0.94432443 0.05193747 0.00000000
vt 0.94402152 0.06304397 0.00000000
vt 0.92845434 0.04255873 0.00000000
vt 0.94483918 0.04352133 0.00000000
vt 0.95781904 0.04283297 0.00000000
vt 0.94323069 0.03451363 0.00000000
vt 0.95763332 0.03385407 0.00000000
vt 0.76831555 0.92133284 0.00000000
vt 0.75884897 0.92327261 0.00000000
vt 0.75642914 0.91368663 0.00000000
vt 0.76572305 0.91220999 0.00000000
vt 0.75469464 0.90437210 0.00000000
vt 0.76355207 0.90377784 0.00000000
vt 0.74879664 0.92408425 0.00000000
vt 0.74631965 0.91439199 0.00000000
vt 0.74482858 0.90481883 0.00000000
vt 0.36504957 0.76758307 0.00000000
vt 0.73477912 0.91453642 0.00000000
vt 0.73375893 0.90468484 0.00000000
vt 0.37032655 0.77534693 0.00000000
vt 0.36526200 0.78318644 0.00000000
vt 0.11709429 0.97286516 0.00000000
vt 0.10928373 0.97469896 0.00000000
vt 0.37094888 0.79087818 0.00000000
vt 0.36151171 0.80501014 0.00000000
vt 0.73724633 0.92425007 0.00000000
vt 0.72753131 0.92404550 0.00000000
vt 0.96342921 0.00541227 0.00000000
vt 0.96050423 0.01360965 0.00000000
vt 0.94599164 0.01371434 0.00000000
vt 0.94907427 0.00490604 0.00000000
vt 0.73127955 0.93432605 0.00000000
vt 0.92924625 0.01255998 0.00000000
vt 0.93112570 0.00344497 0.00000000
vt 0.27605957 0.42142999 0.00000000
vt 0.27958760 0.43942806 0.00000000
vt 0.27464461 0.44062513 0.00000000
vt 0.26919565 0.42276689 0.00000000
vt 0.88498294 0.95797634 0.00000000
vt 0.88499379 0.96508551 0.00000000
vt 0.87086093 0.96472174 0.00000000
vt 0.87102503 0.95674998 0.00000000
vt 0.27517861 0.45626181 0.00000000
vt 0.26783416 0.45519128 0.00000000
vt 0.26802593 0.44133639 0.00000000
vt 0.26405412 0.42412299 0.00000000
vt 0.27409837 0.46685928 0.00000000
vt 0.26587361 0.46431530 0.00000000
vt 0.72035205 0.96505344 0.00000000
vt 0.71937823 0.97424364 0.00000000
vt 0.86062855 0.95582557 0.00000000
vt 0.86027759 0.96435148 0.00000000
vt 0.27234915 0.47551909 0.00000000
vt 0.26405412 0.47216409 0.00000000
vt 0.86983031 0.97383898 0.00000000
vt 0.86015773 0.97343445 0.00000000
vt 0.95441997 0.34744522 0.00000000
vt 0.95223850 0.35677859 0.00000000
vt 0.94496715 0.35484517 0.00000000
vt 0.94544268 0.34599799 0.00000000
vt 0.85266817 0.97288448 0.00000000
vt 0.86118621 0.98714548 0.00000000
vt 0.85294855 0.98693144 0.00000000
vt 0.94375038 0.36716381 0.00000000
vt 0.93623424 0.36707091 0.00000000
vt 0.93817842 0.35446855 0.00000000
vt 0.93676370 0.34593445 0.00000000
vt 0.93231159 0.35499620 0.00000000
vt 0.92924196 0.34577957 0.00000000
vt 0.98918313 0.00197390 0.00000000
vt 0.99066484 0.01735271 0.00000000
vt 0.98328769 0.01748189 0.00000000
vt 0.98246652 0.00129914 0.00000000
vt 0.97497672 0.01733605 0.00000000
vt 0.97490537 0.00077730 0.00000000
vt 0.99049097 0.03082062 0.00000000
vt 0.98312706 0.03065825 0.00000000
vt 0.97549945 0.03035173 0.00000000
vt 0.96798390 0.02916302 0.00000000
vt 0.96782798 0.01692470 0.00000000
vt 0.97797793 0.60181987 0.00000000
vt 0.97413355 0.60760766 0.00000000
vt 0.96496350 0.60221082 0.00000000
vt 0.96820194 0.59834325 0.00000000
vt 0.97172856 0.59250617 0.00000000
vt 0.98101914 0.59417385 0.00000000
vt 0.98185891 0.58436394 0.00000000
vt 0.96043503 0.59751952 0.00000000
vt 0.96349144 0.59197319 0.00000000
vt 0.24175052 0.00150367 0.00000000
vt 0.24730839 0.00170698 0.00000000
vt 0.24851827 0.01056412 0.00000000
vt 0.25236619 0.00150367 0.00000000
vt 0.25316992 0.01022981 0.00000000
vt 0.93308365 0.39913341 0.00000000
vt 0.93524253 0.40884227 0.00000000
vt 0.24911824 0.01981331 0.00000000
vt 0.00458419 0.83656138 0.00000000
vt 0.00074795 0.82717925 0.00000000
vt 0.01296630 0.31260973 0.00000000
vt 0.00611127 0.31148624 0.00000000
vt 0.93722594 0.39026129 0.00000000
vt 0.93277812 0.39102936 0.00000000
vt 0.92924196 0.38065514 0.00000000
vt 0.93564618 0.37952140 0.00000000
vt 0.94328362 0.37937582 0.00000000
vt 0.94294137 0.39007032 0.00000000
vt 0.94962442 0.39054886 0.00000000
vt 0.95163536 0.38091916 0.00000000
vt 0.95984405 0.38449371 0.00000000
vt 0.95663226 0.39310086 0.00000000
vt 0.86303556 0.99947071 0.00000000
vt 0.85457861 0.99947071 0.00000000
vt 0.87077749 0.98699605 0.00000000
vt 0.87303406 0.99891371 0.00000000
vt 0.88320178 0.98716736 0.00000000
vt 0.88459271 0.99856013 0.00000000
vt 0.88334978 0.97424793 0.00000000
vt 0.92710942 0.03456146 0.00000000
vt 0.91742152 0.04344703 0.00000000
vt 0.91536748 0.03447069 0.00000000
vt 0.92767090 0.02454230 0.00000000
vt 0.94373924 0.02450049 0.00000000
vt 0.95825642 0.02409388 0.00000000
vt 0.26671684 0.00115384 0.00000000
vt 0.27518466 0.00234141 0.00000000
vt 0.27518466 0.01100737 0.00000000
vt 0.26677781 0.00960739 0.00000000
vt 0.22388403 0.40279937 0.00000000
vt 0.24013972 0.40005094 0.00000000
vt 0.23764902 0.40921986 0.00000000
vt 0.96782798 0.00163048 0.00000000
vt 0.21349092 0.39672071 0.00000000
vt 0.25133538 0.40407559 0.00000000
vt 0.24803670 0.41472369 0.00000000
vt 0.16853116 0.61321914 0.00000000
vt 0.17843422 0.60971916 0.00000000
vt 0.18052112 0.61981273 0.00000000
vt 0.17003888 0.62078673 0.00000000
vt 0.90480709 0.17525838 0.00000000
vt 0.89791709 0.18272269 0.00000000
vt 0.22422473 0.00115937 0.00000000
vt 0.23335661 0.00153524 0.00000000
vt 0.17775083 0.62962252 0.00000000
vt 0.16853116 0.62769306 0.00000000
vt 0.25770974 0.41644892 0.00000000
vt 0.91536748 0.01149146 0.00000000
vt 0.91583645 0.00173309 0.00000000
vt 0.95435250 0.40183678 0.00000000
vt 0.94929141 0.41167623 0.00000000
vt 0.88287860 0.18272269 0.00000000
vt 0.87639362 0.17755155 0.00000000
vt 0.27574599 0.41896623 0.00000000
vt 0.26612788 0.41575354 0.00000000
vt 0.34525877 0.82312310 0.00000000
vt 0.39278436 0.10686802 0.00000000
vt 0.41667995 0.12144372 0.00000000
vt 0.43933758 0.13730466 0.00000000
vt 0.45928207 0.15581000 0.00000000
vt 0.47686130 0.17678429 0.00000000
vt 0.49162984 0.20040652 0.00000000
vt 0.50396252 0.22635445 0.00000000
vt 0.21327715 0.91487670 0.00000000
vt 0.19409306 0.91775817 0.00000000
vt 0.23402719 0.91232616 0.00000000
vt 0.64213681 0.06604236 0.00000000
vt 0.63613945 0.06612952 0.00000000
vt 0.63247854 0.04817510 0.00000000
vt 0.62415040 0.05195541 0.00000000
vt 0.85754359 0.52145773 0.00000000
vt 0.84000629 0.51550198 0.00000000
vt 0.88568348 0.43484977 0.00000000
vt 0.89849669 0.41988498 0.00000000
vt 0.91015512 0.40690666 0.00000000
vt 0.91209817 0.41089454 0.00000000
vt 0.90090549 0.42184445 0.00000000
vt 0.91360146 0.41366410 0.00000000
vt 0.90375376 0.42395476 0.00000000
vt 0.89795357 0.44032794 0.00000000
vt 0.71965933 0.84763181 0.00000000
vt 0.71626329 0.86297905 0.00000000
vt 0.71327776 0.86090446 0.00000000
vt 0.71541595 0.84657317 0.00000000
vt 0.71542060 0.82640374 0.00000000
vt 0.71988308 0.82655013 0.00000000
vt 0.90037209 0.46128047 0.00000000
vt 0.71492147 0.80924749 0.00000000
vt 0.71945125 0.80841458 0.00000000
vt 0.91035360 0.47809464 0.00000000
vt 0.07844310 0.95755410 0.00000000
vt 0.08289461 0.95763987 0.00000000
vt 0.07884689 0.97249967 0.00000000
vt 0.07463790 0.97222525 0.00000000
vt 0.07125436 0.97192502 0.00000000
vt 0.07520162 0.95667672 0.00000000
vt 0.07224488 0.98508799 0.00000000
vt 0.06937813 0.98562336 0.00000000
vt 0.64800310 0.76592988 0.00000000
vt 0.63501513 0.76681459 0.00000000
vt 0.63324690 0.76299059 0.00000000
vt 0.64739996 0.76267672 0.00000000
vt 0.66289008 0.76655233 0.00000000
vt 0.66311795 0.76952696 0.00000000
vt 0.63037610 0.75773501 0.00000000
vt 0.64613622 0.75733399 0.00000000
vt 0.91879004 0.49220487 0.00000000
vt 0.91737634 0.49768689 0.00000000
vt 0.62604475 0.75090039 0.00000000
vt 0.64305258 0.74961591 0.00000000
vt 0.61567813 0.76124620 0.00000000
vt 0.60846394 0.75390834 0.00000000
vt 0.59983695 0.74646753 0.00000000
vt 0.59028459 0.76178312 0.00000000
vt 0.58323860 0.75749058 0.00000000
vt 0.21088074 0.37288958 0.00000000
vt 0.20333353 0.39010394 0.00000000
vt 0.19520344 0.38840294 0.00000000
vt 0.20146655 0.37055826 0.00000000
vt 0.23775953 0.05326378 0.00000000
vt 0.22869760 0.05723844 0.00000000
vt 0.22808561 0.03797381 0.00000000
vt 0.23775953 0.03238365 0.00000000
vt 0.19843601 0.40768200 0.00000000
vt 0.19130972 0.40702626 0.00000000
vt 0.57938683 0.75550240 0.00000000
vt 0.56676096 0.76979089 0.00000000
vt 0.56075674 0.76547241 0.00000000
vt 0.55482584 0.78446001 0.00000000
vt 0.54871786 0.78034627 0.00000000
vt 0.54293883 0.77589679 0.00000000
vt 0.53583574 0.79895627 0.00000000
vt 0.52864838 0.79491371 0.00000000
vt 0.52281690 0.78953004 0.00000000
vt 0.51173544 0.80733883 0.00000000
vt 0.50633955 0.79928613 0.00000000
vt 0.50487280 0.81634605 0.00000000
vt 0.50065404 0.80998945 0.00000000
vt 0.49141419 0.80391818 0.00000000
vt 0.49877104 0.81463665 0.00000000
vt 0.49102610 0.81227267 0.00000000
vt 0.49714360 0.81762826 0.00000000
vt 0.49113479 0.81597161 0.00000000
vt 0.48472568 0.81737441 0.00000000
vt 0.55421317 0.11918183 0.00000000
vt 0.54903674 0.12322556 0.00000000
vt 0.54736710 0.12047105 0.00000000
vt 0.55262291 0.11683840 0.00000000
vt 0.55753529 0.11515786 0.00000000
vt 0.55829155 0.11774407 0.00000000
vt 0.48105982 0.82006389 0.00000000
vt 0.20190133 0.05906236 0.00000000
vt 0.20473737 0.05906236 0.00000000
vt 0.20457911 0.06384279 0.00000000
vt 0.20225413 0.06261385 0.00000000
vt 0.47771987 0.82403409 0.00000000
vt 0.01318239 0.06703866 0.00000000
vt 0.01476891 0.06822741 0.00000000
vt 0.01541033 0.07485020 0.00000000
vt 0.01261484 0.07485020 0.00000000
vt 0.47498783 0.83158785 0.00000000
vt 0.26374298 0.52933866 0.00000000
vt 0.26637876 0.53052968 0.00000000
vt 0.26408035 0.53752774 0.00000000
vt 0.26045847 0.53798050 0.00000000
vt 0.25124109 0.01981325 0.00000000
vt 0.25240213 0.01231677 0.00000000
vt 0.25666511 0.01139410 0.00000000
vt 0.25644803 0.01863303 0.00000000
vt 0.25537136 0.03728544 0.00000000
vt 0.25457174 0.04293959 0.00000000
vt 0.24892153 0.04177272 0.00000000
vt 0.25045705 0.03500439 0.00000000
vt 0.26458451 0.54354388 0.00000000
vt 0.25991318 0.54540384 0.00000000
vt 0.24361657 0.03968388 0.00000000
vt 0.24655038 0.03242016 0.00000000
vt 0.26637876 0.54790252 0.00000000
vt 0.26031074 0.55257076 0.00000000
vt 0.24868348 0.05147283 0.00000000
vt 0.24276218 0.05076740 0.00000000
vt 0.66469741 0.35307699 0.00000000
vt 0.66528970 0.34135169 0.00000000
vt 0.67148101 0.34079936 0.00000000
vt 0.66967928 0.35412663 0.00000000
vt 0.67748106 0.34037101 0.00000000
vt 0.67471951 0.35501596 0.00000000
vt 0.69283974 0.00103826 0.00000000
vt 0.69448978 0.01422511 0.00000000
vt 0.68823308 0.01486719 0.00000000
vt 0.68690622 0.00097978 0.00000000
vt 0.57621366 0.15508901 0.00000000
vt 0.57531416 0.14913423 0.00000000
vt 0.58577061 0.15045650 0.00000000
vt 0.58705449 0.15600654 0.00000000
vt 0.59599048 0.15241902 0.00000000
vt 0.59660035 0.15850633 0.00000000
vt 0.57570845 0.14235306 0.00000000
vt 0.58566654 0.14321339 0.00000000
vt 0.59439993 0.14430383 0.00000000
vt 0.57720560 0.13529025 0.00000000
vt 0.58646375 0.13585655 0.00000000
vt 0.59386867 0.13529025 0.00000000
vt 0.20803282 0.01093363 0.00000000
vt 0.21158877 0.00735171 0.00000000
vt 0.22014773 0.01772735 0.00000000
vt 0.21203247 0.01837905 0.00000000
vt 0.20272839 0.01561597 0.00000000
vt 0.20041570 0.00997765 0.00000000
vt 0.20475924 0.00647532 0.00000000
vt 0.20716840 0.00379380 0.00000000
vt 0.50453418 0.82331961 0.00000000
vt 0.50669134 0.82858038 0.00000000
vt 0.20187885 0.00327668 0.00000000
vt 0.20366520 0.00055124 0.00000000
vt 0.50256515 0.81901067 0.00000000
vt 0.50044024 0.82023835 0.00000000
vt 0.01188579 0.10213818 0.00000000
vt 0.00939052 0.10567094 0.00000000
vt 0.00500309 0.10229347 0.00000000
vt 0.00891097 0.09867242 0.00000000
vt 0.01350163 0.09582313 0.00000000
vt 0.01541031 0.09929659 0.00000000
vt 0.00607727 0.09208747 0.00000000
vt 0.01171755 0.08917485 0.00000000
vt 0.54309016 0.12417265 0.00000000
vt 0.54034245 0.11751512 0.00000000
vt 0.54505241 0.11461788 0.00000000
vt 0.54517663 0.12768570 0.00000000
vt 0.53785789 0.10811071 0.00000000
vt 0.54353476 0.10557577 0.00000000
vt 0.55025578 0.10364949 0.00000000
vt 0.55112815 0.11178040 0.00000000
vt 0.55748564 0.10255009 0.00000000
vt 0.55742782 0.11039700 0.00000000
vt 0.56357819 0.10274160 0.00000000
vt 0.56306410 0.11069860 0.00000000
vt 0.56224960 0.11536779 0.00000000
vt 0.25689912 0.00437292 0.00000000
vt 0.26404846 0.00207907 0.00000000
vt 0.26417729 0.00891765 0.00000000
vt 0.28839356 0.32949182 0.00000000
vt 0.28839356 0.33676133 0.00000000
vt 0.28426099 0.33682606 0.00000000
vt 0.28436804 0.32972896 0.00000000
vt 0.78345680 0.44801149 0.00000000
vt 0.77642357 0.44589472 0.00000000
vt 0.77912539 0.43461421 0.00000000
vt 0.78704083 0.43623781 0.00000000
vt 0.79413778 0.43852895 0.00000000
vt 0.78951049 0.45130289 0.00000000
vt 0.26417729 0.01571312 0.00000000
vt 0.25457194 0.05199520 0.00000000
vt 0.25494477 0.06648857 0.00000000
vt 0.24860738 0.06699148 0.00000000
vt 0.25537136 0.08639536 0.00000000
vt 0.24889900 0.08805909 0.00000000
vt 0.65813893 0.32575494 0.00000000
vt 0.65531617 0.30464956 0.00000000
vt 0.66224933 0.30421698 0.00000000
vt 0.66401488 0.32494715 0.00000000
vt 0.24217854 0.06697159 0.00000000
vt 0.67010164 0.30407909 0.00000000
vt 0.67112696 0.32361206 0.00000000
vt 0.67786717 0.30403808 0.00000000
vt 0.67805505 0.32261086 0.00000000
vt 0.69878960 0.03017945 0.00000000
vt 0.70389563 0.04688037 0.00000000
vt 0.69354820 0.04755031 0.00000000
vt 0.69061756 0.03122020 0.00000000
vt 0.68282729 0.04666201 0.00000000
vt 0.68182886 0.03038385 0.00000000
vt 0.68123478 0.01470321 0.00000000
vt 0.68011779 0.00143369 0.00000000
vt 0.67375511 0.03006798 0.00000000
vt 0.67392147 0.01491792 0.00000000
vt 0.67312497 0.00311848 0.00000000
vt 0.17989278 0.01981330 0.00000000
vt 0.16262957 0.01951360 0.00000000
vt 0.16410181 0.01347788 0.00000000
vt 0.18063560 0.01331565 0.00000000
vt 0.19271769 0.01226907 0.00000000
vt 0.19376934 0.01888180 0.00000000
vt 0.18052346 0.00661893 0.00000000
vt 0.19107035 0.00600893 0.00000000
vt 0.19811875 0.00484591 0.00000000
vt 0.16502583 0.00622890 0.00000000
vt 0.00398808 0.08231158 0.00000000
vt 0.00148424 0.06741846 0.00000000
vt 0.00858677 0.06699153 0.00000000
vt 0.01017942 0.08035710 0.00000000
vt 0.00065783 0.04948536 0.00000000
vt 0.00896912 0.05015466 0.00000000
vt 0.53421712 0.09424717 0.00000000
vt 0.53107256 0.07701683 0.00000000
vt 0.54026222 0.07603905 0.00000000
vt 0.54177469 0.09273757 0.00000000
vt 0.55001158 0.07516084 0.00000000
vt 0.54997808 0.09107032 0.00000000
vt 0.55931681 0.07393259 0.00000000
vt 0.55876273 0.08989523 0.00000000
vt 0.77038729 0.43436441 0.00000000
vt 0.77059370 0.42000172 0.00000000
vt 0.78172088 0.41939265 0.00000000
vt 0.76909524 0.44565004 0.00000000
vt 0.77101046 0.40415624 0.00000000
vt 0.78204650 0.40309489 0.00000000
vt 0.79252464 0.40232790 0.00000000
vt 0.79143882 0.41990328 0.00000000
vt 0.80133778 0.40126681 0.00000000
vt 0.79995233 0.42086178 0.00000000
vt 0.13823748 0.56927550 0.00000000
vt 0.13613716 0.57627571 0.00000000
vt 0.11640695 0.57373279 0.00000000
vt 0.11646213 0.56690079 0.00000000
vt 0.11631467 0.56011474 0.00000000
vt 0.13915603 0.56171805 0.00000000
vt 0.16070783 0.56803513 0.00000000
vt 0.15846625 0.57517189 0.00000000
vt 0.17982085 0.43589246 0.00000000
vt 0.17842256 0.41473210 0.00000000
vt 0.18515043 0.41372544 0.00000000
vt 0.18712555 0.43427333 0.00000000
vt 0.65748900 0.28087029 0.00000000
vt 0.66459107 0.28148800 0.00000000
vt 0.67162359 0.26192346 0.00000000
vt 0.67805505 0.26520136 0.00000000
vt 0.67225510 0.28331220 0.00000000
vt 0.71484071 0.06496140 0.00000000
vt 0.71120691 0.08361619 0.00000000
vt 0.70568943 0.06432017 0.00000000
vt 0.71232051 0.04548517 0.00000000
vt 0.69459057 0.06368233 0.00000000
vt 0.68302238 0.06303485 0.00000000
vt 0.67396498 0.08045682 0.00000000
vt 0.67275441 0.06282611 0.00000000
vt 0.67316741 0.04594698 0.00000000
vt 0.66396487 0.06327184 0.00000000
vt 0.66448522 0.04588813 0.00000000
vt 0.66618150 0.02971576 0.00000000
vt 0.14560585 0.01234772 0.00000000
vt 0.12638032 0.01098032 0.00000000
vt 0.12715201 0.00263139 0.00000000
vt 0.14645208 0.00432643 0.00000000
vt 0.10723917 0.00928697 0.00000000
vt 0.10785683 0.00135114 0.00000000
vt 0.00139769 0.03153107 0.00000000
vt 0.00376878 0.01434578 0.00000000
vt 0.01232790 0.01630134 0.00000000
vt 0.01037747 0.03284916 0.00000000
vt 0.52905399 0.05880998 0.00000000
vt 0.52796537 0.04098548 0.00000000
vt 0.53770673 0.04128087 0.00000000
vt 0.53926367 0.05812341 0.00000000
vt 0.54845941 0.04032522 0.00000000
vt 0.55005711 0.05665084 0.00000000
vt 0.55957478 0.03909455 0.00000000
vt 0.55958253 0.05581162 0.00000000
vt 0.77058226 0.38915452 0.00000000
vt 0.76909524 0.37922475 0.00000000
vt 0.77707517 0.37630713 0.00000000
vt 0.78055352 0.38760018 0.00000000
vt 0.11563209 0.58118993 0.00000000
vt 0.10118903 0.57970428 0.00000000
vt 0.09963875 0.57353389 0.00000000
vt 0.78920823 0.38564503 0.00000000
vt 0.09050930 0.58118993 0.00000000
vt 0.08732610 0.57625419 0.00000000
vt 0.08416159 0.57042992 0.00000000
vt 0.09773217 0.56697303 0.00000000
vt 0.08323596 0.56502581 0.00000000
vt 0.09671257 0.56069577 0.00000000
vt 0.17902790 0.39554855 0.00000000
vt 0.18099290 0.38072038 0.00000000
vt 0.18712555 0.38245320 0.00000000
vt 0.18530437 0.39543751 0.00000000
vt 0.70981312 0.10141991 0.00000000
vt 0.70013797 0.10963025 0.00000000
vt 0.69551516 0.10397314 0.00000000
vt 0.70391566 0.09712578 0.00000000
vt 0.71768165 0.08630627 0.00000000
vt 0.68249577 0.10181180 0.00000000
vt 0.67752790 0.09367304 0.00000000
vt 0.67535990 0.10560322 0.00000000
vt 0.66967744 0.09653335 0.00000000
vt 0.66553092 0.08154617 0.00000000
vt 0.66970944 0.10977424 0.00000000
vt 0.66396487 0.09947070 0.00000000
vt 0.09242707 0.00834980 0.00000000
vt 0.09214567 0.00055125 0.00000000
vt 0.51294428 0.26488823 0.00000000
vt 0.51289731 0.27661481 0.00000000
vt 0.50562805 0.27649042 0.00000000
vt 0.50551349 0.26553580 0.00000000
vt 0.00800537 0.00124275 0.00000000
vt 0.01541031 0.00332937 0.00000000
vt 0.52943403 0.02579023 0.00000000
vt 0.53273028 0.01471614 0.00000000
vt 0.54057193 0.01768603 0.00000000
vt 0.53801149 0.02754065 0.00000000
vt 0.51285136 0.28557670 0.00000000
vt 0.50633550 0.28523517 0.00000000
vt 0.70284861 0.11504482 0.00000000
vt 0.69281912 0.11887691 0.00000000
vt 0.04831860 0.66264462 0.00000000
vt 0.04220868 0.66262138 0.00000000
vt 0.04118402 0.65224308 0.00000000
vt 0.08026647 0.58017135 0.00000000
vt 0.07657924 0.57547039 0.00000000
vt 0.56080562 0.00891571 0.00000000
vt 0.54368293 0.80237073 0.00000000
vt 0.53603888 0.82375664 0.00000000
vt 0.54458934 0.82644761 0.00000000
vt 0.54544461 0.84722030 0.00000000
vt 0.53779650 0.84663361 0.00000000
vt 0.55104238 0.80497944 0.00000000
vt 0.19368035 0.44702166 0.00000000
vt 0.20158398 0.44747820 0.00000000
vt 0.20291996 0.46866959 0.00000000
vt 0.19344391 0.46902901 0.00000000
vt 0.56104648 0.78699958 0.00000000
vt 0.19588318 0.42637825 0.00000000
vt 0.20316131 0.42670175 0.00000000
vt 0.56607026 0.78849304 0.00000000
vt 0.57447904 0.79209095 0.00000000
vt 0.56365025 0.80849028 0.00000000
vt 0.55525708 0.80583459 0.00000000
vt 0.20617370 0.40844217 0.00000000
vt 0.57721865 0.77387601 0.00000000
vt 0.58643335 0.77829748 0.00000000
vt 0.59645557 0.78291345 0.00000000
vt 0.58460486 0.79593778 0.00000000
vt 0.59980208 0.76719868 0.00000000
vt 0.60788590 0.77289236 0.00000000
vt 0.61250150 0.77684379 0.00000000
vt 0.60322410 0.78610849 0.00000000
vt 0.61992610 0.76636243 0.00000000
vt 0.62286240 0.77037054 0.00000000
vt 0.62495756 0.77355391 0.00000000
vt 0.61569309 0.77985376 0.00000000
vt 0.63672352 0.76948148 0.00000000
vt 0.61931485 0.78182155 0.00000000
vt 0.61257887 0.79030704 0.00000000
vt 0.60854918 0.78852820 0.00000000
vt 0.85204118 0.17562687 0.00000000
vt 0.85481006 0.16539791 0.00000000
vt 0.85946018 0.16650616 0.00000000
vt 0.85589486 0.17662980 0.00000000
vt 0.86414236 0.16727769 0.00000000
vt 0.86069441 0.17745201 0.00000000
vt 0.07523306 0.99685168 0.00000000
vt 0.07047409 0.99726927 0.00000000
vt 0.07629947 0.98550725 0.00000000
vt 0.08103369 0.98592621 0.00000000
vt 0.07997558 0.99717587 0.00000000
vt 0.08627106 0.98634994 0.00000000
vt 0.08537315 0.99726927 0.00000000
vt 0.08345186 0.97295481 0.00000000
vt 0.08851945 0.97359151 0.00000000
vt 0.08754902 0.95804584 0.00000000
vt 0.09244870 0.95934302 0.00000000
vt 0.10048524 0.96335679 0.00000000
vt 0.70589262 0.81232327 0.00000000
vt 0.71046340 0.81066501 0.00000000
vt 0.71102905 0.82674235 0.00000000
vt 0.70636201 0.82731706 0.00000000
vt 0.45878473 0.94239831 0.00000000
vt 0.46231019 0.95822304 0.00000000
vt 0.45335907 0.95815253 0.00000000
vt 0.43893328 0.95938313 0.00000000
vt 0.42558718 0.96015924 0.00000000
vt 0.42558718 0.94841349 0.00000000
vt 0.42704326 0.97311532 0.00000000
vt 0.42828429 0.98495173 0.00000000
vt 0.27422774 0.95755839 0.00000000
vt 0.27518466 0.96877497 0.00000000
vt 0.25855196 0.94961816 0.00000000
vt 0.27080575 0.94560850 0.00000000
vt 0.24547105 0.95369220 0.00000000
vt 0.24350744 0.94103289 0.00000000
vt 0.25519219 0.93771833 0.00000000
vt 0.24239275 0.92821562 0.00000000
vt 0.25223374 0.92518568 0.00000000
vt 0.23977061 0.91732424 0.00000000
vt 0.24946071 0.91389960 0.00000000
vt 0.26009822 0.91296726 0.00000000
vt 0.87618792 0.17266829 0.00000000
vt 0.87252825 0.18190971 0.00000000
vt 0.86586773 0.17879255 0.00000000
vt 0.86927599 0.16890037 0.00000000
vt 0.09305122 0.99698538 0.00000000
vt 0.85793602 0.18751609 0.00000000
vt 0.85643011 0.19808432 0.00000000
vt 0.85258281 0.19922635 0.00000000
vt 0.85280764 0.18705399 0.00000000
vt 0.60799295 0.80101132 0.00000000
vt 0.61206174 0.80085486 0.00000000
vt 0.61096561 0.81252581 0.00000000
vt 0.60610974 0.81293148 0.00000000
vt 0.59823865 0.81326628 0.00000000
vt 0.60189927 0.79993427 0.00000000
vt 0.58794212 0.81316149 0.00000000
vt 0.59437329 0.79850966 0.00000000
vt 0.57405359 0.81142193 0.00000000
vt 0.58535451 0.82909501 0.00000000
vt 0.56929010 0.82881600 0.00000000
vt 0.55810553 0.82715142 0.00000000
vt 0.57136470 0.84651804 0.00000000
vt 0.56001228 0.84687483 0.00000000
vt 0.55111527 0.84681737 0.00000000
vt 0.54880959 0.82580245 0.00000000
vt 0.56666303 0.86497045 0.00000000
vt 0.55838507 0.86647308 0.00000000
vt 0.96710801 0.50154936 0.00000000
vt 0.96864998 0.52258033 0.00000000
vt 0.96234816 0.52071548 0.00000000
vt 0.95864689 0.49925873 0.00000000
vt 0.21134180 0.48748598 0.00000000
vt 0.20257749 0.48872799 0.00000000
vt 0.55121773 0.86786628 0.00000000
vt 0.56754923 0.88155800 0.00000000
vt 0.56185055 0.88398689 0.00000000
vt 0.96534473 0.53989661 0.00000000
vt 0.95965499 0.53954273 0.00000000
vt 0.95529348 0.51921487 0.00000000
vt 0.95020372 0.49527672 0.00000000
vt 0.95358860 0.53887105 0.00000000
vt 0.94859487 0.51607335 0.00000000
vt 0.54799527 0.86799991 0.00000000
vt 0.54081154 0.86803347 0.00000000
vt 0.55471319 0.88657308 0.00000000
vt 0.54934257 0.88769573 0.00000000
vt 0.94859487 0.53753269 0.00000000
vt 0.95756108 0.55411774 0.00000000
vt 0.95238197 0.55477226 0.00000000
vt 0.34504533 0.97488761 0.00000000
vt 0.34967524 0.97745597 0.00000000
vt 0.96261704 0.55393171 0.00000000
vt 0.34047636 0.97281617 0.00000000
vt 0.34271348 0.96223330 0.00000000
vt 0.33642170 0.96968472 0.00000000
vt 0.33873129 0.96034890 0.00000000
vt 0.33866674 0.95300943 0.00000000
vt 0.96741980 0.55327159 0.00000000
vt 0.57521856 0.87898076 0.00000000
vt 0.58556682 0.87675035 0.00000000
vt 0.59108526 0.88627440 0.00000000
vt 0.57765657 0.86328173 0.00000000
vt 0.59423780 0.86119723 0.00000000
vt 0.60069883 0.87394059 0.00000000
vt 0.58781177 0.84508699 0.00000000
vt 0.59892708 0.82767057 0.00000000
vt 0.60819209 0.82569164 0.00000000
vt 0.61400366 0.82419670 0.00000000
vt 0.61797273 0.82198596 0.00000000
vt 0.62617344 0.83350223 0.00000000
vt 0.26689512 0.58263928 0.00000000
vt 0.26616374 0.57058507 0.00000000
vt 0.27275145 0.57062531 0.00000000
vt 0.27206981 0.58269042 0.00000000
vt 0.73969638 0.39406443 0.00000000
vt 0.73300761 0.39254290 0.00000000
vt 0.73359376 0.37791190 0.00000000
vt 0.73969638 0.37895611 0.00000000
vt 0.63904971 0.84259397 0.00000000
vt 0.27229309 0.59660035 0.00000000
vt 0.27893969 0.58250076 0.00000000
vt 0.27890018 0.59623528 0.00000000
vt 0.22353561 0.94633287 0.00000000
vt 0.23213117 0.94410717 0.00000000
vt 0.23422983 0.95754385 0.00000000
vt 0.22693761 0.95983678 0.00000000
vt 0.27958760 0.57058507 0.00000000
vt 0.22463414 0.93433321 0.00000000
vt 0.23294392 0.93145645 0.00000000
vt 0.72566563 0.38963121 0.00000000
vt 0.72778153 0.37628615 0.00000000
vt 0.73247510 0.36296028 0.00000000
vt 0.73690635 0.36256176 0.00000000
vt 0.65518284 0.84565520 0.00000000
vt 0.72944683 0.35066062 0.00000000
vt 0.73354810 0.34931400 0.00000000
vt 0.66958183 0.84267098 0.00000000
vt 0.66965497 0.84580034 0.00000000
vt 0.67027688 0.84855157 0.00000000
vt 0.17148428 0.97106856 0.00000000
vt 0.16835268 0.96996826 0.00000000
vt 0.16805628 0.95600069 0.00000000
vt 0.17171524 0.95655441 0.00000000
vt 0.68155885 0.83893943 0.00000000
vt 0.68337011 0.84210539 0.00000000
vt 0.68506408 0.84510213 0.00000000
vt 0.92489779 0.40416589 0.00000000
vt 0.92563123 0.40775716 0.00000000
vt 0.92476243 0.40072310 0.00000000
vt 0.16776089 0.94227427 0.00000000
vt 0.17171524 0.94221288 0.00000000
vt 0.16376007 0.95549858 0.00000000
vt 0.16367278 0.94205350 0.00000000
vt 0.16280346 0.93023664 0.00000000
vt 0.16714643 0.92999947 0.00000000
vt 0.17077281 0.92974716 0.00000000
vt 0.70939958 0.85891289 0.00000000
vt 0.70589262 0.85673493 0.00000000
vt 0.70679772 0.84423012 0.00000000
vt 0.71103561 0.84535837 0.00000000
vt 0.15882064 0.95490432 0.00000000
vt 0.16397780 0.96938360 0.00000000
vt 0.15228461 0.95400447 0.00000000
vt 0.16262855 0.98185891 0.00000000
vt 0.72805071 0.36342478 0.00000000
vt 0.60495633 0.88261223 0.00000000
vt 0.59430611 0.89340371 0.00000000
vt 0.85678053 0.20914035 0.00000000
vt 0.23256235 0.92208266 0.00000000
vt 0.21134180 0.39177832 0.00000000
vt 0.18899159 0.42600912 0.00000000
vt 0.44066089 0.88103116 0.00000000
vt 0.43391615 0.90446389 0.00000000
vt 0.41931626 0.89972609 0.00000000
vt 0.03723012 0.77834696 0.00000000
vt 0.05568149 0.76132762 0.00000000
vt 0.03409563 0.80158818 0.00000000
vt 0.05765620 0.75000674 0.00000000
vt 0.06945477 0.74984390 0.00000000
vt 0.05905875 0.74291813 0.00000000
vt 0.06911007 0.74360180 0.00000000
vt 0.07567261 0.74121094 0.00000000
vt 0.06843679 0.73921430 0.00000000
vt 0.07383046 0.73880535 0.00000000
vt 0.07676075 0.73776287 0.00000000
vt 0.07775202 0.73873466 0.00000000
vt 0.07919896 0.73608470 0.00000000
vt 0.07979479 0.73647499 0.00000000
vt 0.51776564 0.00225119 0.00000000
vt 0.52000570 0.00068619 0.00000000
vt 0.52053702 0.00196119 0.00000000
vt 0.51788813 0.00327030 0.00000000
vt 0.51363212 0.00339091 0.00000000
vt 0.51439226 0.00269195 0.00000000
vt 0.08127148 0.73332322 0.00000000
vt 0.01216293 0.05377665 0.00000000
vt 0.01327171 0.05432831 0.00000000
vt 0.01541034 0.06083372 0.00000000
vt 0.01216293 0.06164137 0.00000000
vt 0.78595448 0.49106324 0.00000000
vt 0.77846462 0.49251181 0.00000000
vt 0.78685361 0.48897797 0.00000000
vt 0.96597409 0.65163726 0.00000000
vt 0.96284157 0.65005231 0.00000000
vt 0.96343988 0.64137393 0.00000000
vt 0.96996832 0.64312834 0.00000000
vt 0.77047873 0.49900478 0.00000000
vt 0.96357614 0.63007677 0.00000000
vt 0.97174948 0.63278013 0.00000000
vt 0.76567835 0.50769061 0.00000000
vt 0.96420711 0.61932075 0.00000000
vt 0.97305292 0.62080687 0.00000000
vt 0.44214267 0.73072034 0.00000000
vt 0.43314824 0.73707855 0.00000000
vt 0.42743394 0.73001790 0.00000000
vt 0.43396389 0.72322649 0.00000000
vt 0.43734226 0.71685046 0.00000000
vt 0.96284157 0.61129063 0.00000000
vt 0.97259915 0.60975146 0.00000000
vt 0.42023632 0.71705747 0.00000000
vt 0.42160499 0.71089721 0.00000000
vt 0.42252889 0.70510381 0.00000000
vt 0.43942606 0.71141201 0.00000000
vt 0.50472587 0.40392572 0.00000000
vt 0.50916833 0.38766292 0.00000000
vt 0.51516110 0.38785604 0.00000000
vt 0.51058573 0.40436393 0.00000000
vt 0.50573730 0.41607919 0.00000000
vt 0.49994051 0.41491765 0.00000000
vt 0.16253789 0.02451224 0.00000000
vt 0.17864192 0.02342734 0.00000000
vt 0.17944741 0.02981814 0.00000000
vt 0.16352504 0.03082068 0.00000000
vt 0.80224115 0.39177462 0.00000000
vt 0.79585654 0.39186299 0.00000000
vt 0.00477911 0.41555551 0.00000000
vt 0.00194480 0.39825919 0.00000000
vt 0.00787899 0.39794585 0.00000000
vt 0.01041420 0.41474730 0.00000000
vt 0.00827779 0.42845023 0.00000000
vt 0.01457153 0.39708525 0.00000000
vt 0.01674902 0.41332012 0.00000000
vt 0.02083423 0.39607772 0.00000000
vt 0.02238876 0.41103715 0.00000000
vt 0.02893653 0.39455387 0.00000000
vt 0.03043838 0.40662482 0.00000000
vt 0.03408297 0.41377768 0.00000000
vt 0.03875303 0.40037858 0.00000000
vt 0.04175268 0.40619224 0.00000000
vt 0.04625579 0.41010922 0.00000000
vt 0.04803191 0.40095204 0.00000000
vt 0.05063397 0.40343234 0.00000000
vt 0.06043641 0.73663336 0.00000000
vt 0.05018057 0.73076040 0.00000000
vt 0.04645377 0.39665580 0.00000000
vt 0.36978164 0.80438179 0.00000000
vt 0.37294602 0.80858237 0.00000000
vt 0.36709285 0.81095636 0.00000000
vt 0.36513561 0.80801892 0.00000000
vt 0.36339024 0.80674076 0.00000000
vt 0.36680880 0.80213231 0.00000000
vt 0.36217725 0.81269449 0.00000000
vt 0.36174059 0.81021917 0.00000000
vt 0.36123422 0.80889225 0.00000000
vt 0.36818761 0.81759220 0.00000000
vt 0.36193866 0.81861478 0.00000000
vt 0.52158362 0.00430596 0.00000000
vt 0.52293795 0.01006019 0.00000000
vt 0.51724678 0.01125112 0.00000000
vt 0.51785445 0.00571082 0.00000000
vt 0.51051033 0.01204756 0.00000000
vt 0.51229417 0.00589466 0.00000000
vt 0.41081420 0.75416654 0.00000000
vt 0.40489399 0.75183690 0.00000000
vt 0.40696171 0.74334252 0.00000000
vt 0.41340318 0.74680960 0.00000000
vt 0.41692248 0.75013328 0.00000000
vt 0.41318759 0.75540239 0.00000000
vt 0.41181982 0.73375410 0.00000000
vt 0.41911197 0.73799998 0.00000000
vt 0.42390519 0.74380720 0.00000000
vt 0.41724491 0.72418976 0.00000000
vt 0.39817500 0.73126054 0.00000000
vt 0.40034747 0.72097409 0.00000000
vt 0.40093982 0.71310985 0.00000000
vt 0.38082051 0.71285284 0.00000000
vt 0.38112074 0.70510381 0.00000000
vt 0.40177667 0.70676041 0.00000000
vt 0.50585705 0.36736625 0.00000000
vt 0.50587267 0.34722310 0.00000000
vt 0.51305676 0.34793243 0.00000000
vt 0.51220638 0.36835259 0.00000000
vt 0.50359255 0.38658524 0.00000000
vt 0.51954854 0.34817132 0.00000000
vt 0.51844859 0.36847052 0.00000000
vt 0.19771321 0.02268147 0.00000000
vt 0.21787912 0.02204806 0.00000000
vt 0.21758899 0.02914979 0.00000000
vt 0.19808038 0.02940521 0.00000000
vt 0.00082671 0.37862599 0.00000000
vt 0.00198432 0.35871094 0.00000000
vt 0.00848933 0.35997170 0.00000000
vt 0.00726662 0.37898344 0.00000000
vt 0.01542720 0.36070934 0.00000000
vt 0.01438191 0.37877506 0.00000000
vt 0.02281744 0.36119089 0.00000000
vt 0.02174732 0.37834939 0.00000000
vt 0.03289345 0.36098617 0.00000000
vt 0.03082308 0.37776166 0.00000000
vt 0.04332157 0.36005485 0.00000000
vt 0.04063769 0.37730530 0.00000000
vt 0.03798444 0.39175969 0.00000000
vt 0.04861608 0.37700373 0.00000000
vt 0.04644520 0.38963637 0.00000000
vt 0.37425110 0.81560725 0.00000000
vt 0.37413999 0.82842851 0.00000000
vt 0.36733037 0.82914573 0.00000000
vt 0.37273630 0.84631854 0.00000000
vt 0.36591229 0.84742022 0.00000000
vt 0.35866460 0.84750503 0.00000000
vt 0.36027890 0.82952994 0.00000000
vt 0.52395159 0.02087841 0.00000000
vt 0.52395159 0.03904598 0.00000000
vt 0.51668715 0.03925690 0.00000000
vt 0.51694870 0.02167532 0.00000000
vt 0.39455703 0.75730813 0.00000000
vt 0.37707186 0.75548249 0.00000000
vt 0.37805778 0.74871105 0.00000000
vt 0.39505282 0.75008357 0.00000000
vt 0.50999850 0.02202574 0.00000000
vt 0.39621115 0.74107623 0.00000000
vt 0.35741764 0.74966341 0.00000000
vt 0.35988572 0.74315888 0.00000000
vt 0.68036026 0.29568368 0.00000000
vt 0.68705153 0.29238245 0.00000000
vt 0.68933094 0.30759120 0.00000000
vt 0.68245131 0.30902240 0.00000000
vt 0.35023654 0.73268920 0.00000000
vt 0.68832678 0.31877726 0.00000000
vt 0.68147695 0.32000995 0.00000000
vt 0.34638500 0.72292185 0.00000000
vt 0.35381061 0.71873838 0.00000000
vt 0.34437615 0.71483499 0.00000000
vt 0.35270506 0.71090996 0.00000000
vt 0.36398852 0.70740539 0.00000000
vt 0.36446220 0.71520311 0.00000000
vt 0.50529295 0.32971829 0.00000000
vt 0.50322574 0.31808102 0.00000000
vt 0.51055324 0.31688720 0.00000000
vt 0.51255417 0.32962182 0.00000000
vt 0.51720172 0.31602809 0.00000000
vt 0.51914179 0.32972157 0.00000000
vt 0.23628442 0.02269449 0.00000000
vt 0.25006512 0.02373973 0.00000000
vt 0.24953997 0.03036069 0.00000000
vt 0.23560743 0.02953715 0.00000000
vt 0.00562507 0.34102660 0.00000000
vt 0.01086966 0.32802254 0.00000000
vt 0.01657962 0.33089179 0.00000000
vt 0.01181728 0.34308362 0.00000000
vt 0.02227199 0.33422047 0.00000000
vt 0.01809834 0.34505346 0.00000000
vt 0.25977436 0.02471487 0.00000000
vt 0.25931823 0.03082068 0.00000000
vt 0.68036026 0.32906681 0.00000000
vt 0.69566679 0.31924385 0.00000000
vt 0.69547755 0.30783302 0.00000000
vt 0.77664906 0.70052958 0.00000000
vt 0.78226650 0.69977182 0.00000000
vt 0.78229290 0.71114141 0.00000000
vt 0.77647054 0.71273160 0.00000000
vt 0.69362015 0.29292399 0.00000000
vt 0.77899504 0.68404210 0.00000000
vt 0.78585660 0.68494141 0.00000000
vt 0.79253179 0.68910164 0.00000000
vt 0.78934824 0.70073885 0.00000000
vt 0.36740011 0.86626893 0.00000000
vt 0.36010736 0.86738205 0.00000000
vt 0.37425110 0.86347020 0.00000000
vt 0.04291791 0.33005539 0.00000000
vt 0.03621000 0.32352784 0.00000000
vt 0.78935504 0.71051145 0.00000000
vt 0.04881055 0.34170300 0.00000000
vt 0.05063396 0.35917443 0.00000000
vt 0.52346641 0.05937415 0.00000000
vt 0.51609576 0.05943989 0.00000000
vt 0.77980429 0.72215390 0.00000000
vt 0.79094398 0.48007172 0.00000000
vt 0.69423240 0.48242831 0.00000000
vt 0.60834342 0.05389889 0.00000000
vt 0.30376467 0.47341478 0.00000000
vt 0.30713937 0.45658669 0.00000000
vt 0.58667821 0.90459132 0.00000000
vt 0.33902752 0.39586076 0.00000000
vt 0.33902752 0.40735215 0.00000000
vt 0.33743465 0.40947479 0.00000000
vt 0.33569336 0.39864147 0.00000000
vt 0.11506138 0.02421625 0.00000000
vt 0.11506138 0.01340396 0.00000000
vt 0.60828376 0.69566685 0.00000000
vt 0.60350877 0.69321799 0.00000000
vt 0.55208117 0.29405978 0.00000000
vt 0.79343057 0.97513586 0.00000000
vt 0.79228514 0.96863651 0.00000000
vt 0.80593193 0.96697187 0.00000000
vt 0.79359311 0.98185891 0.00000000
vt 0.77755225 0.97921592 0.00000000
vt 0.80342197 0.96155256 0.00000000
vt 0.81102341 0.96025366 0.00000000
vt 0.81429219 0.96503580 0.00000000
vt 0.79090255 0.96182692 0.00000000
vt 0.81612206 0.95857441 0.00000000
vt 0.82012159 0.96271163 0.00000000
vt 0.82555401 0.96744853 0.00000000
vt 0.90627080 0.45531556 0.00000000
vt 0.90713078 0.44969967 0.00000000
vt 0.90873140 0.44967392 0.00000000
vt 0.90899551 0.45463794 0.00000000
vt 0.91145766 0.45941183 0.00000000
vt 0.90748501 0.46210003 0.00000000
vt 0.91734278 0.46425608 0.00000000
vt 0.91364276 0.46671769 0.00000000
vt 0.78546226 0.54376489 0.00000000
vt 0.77972478 0.54062688 0.00000000
vt 0.78207600 0.53540945 0.00000000
vt 0.78764939 0.53809446 0.00000000
vt 0.91437548 0.45461220 0.00000000
vt 0.92070597 0.45801663 0.00000000
vt 0.92903066 0.46000046 0.00000000
vt 0.92640173 0.46851236 0.00000000
vt 0.91611457 0.44640976 0.00000000
vt 0.92234421 0.44818616 0.00000000
vt 0.92987359 0.44876474 0.00000000
vt 0.93747818 0.44773650 0.00000000
vt 0.93782932 0.46032876 0.00000000
vt 0.92294341 0.43786490 0.00000000
vt 0.92973858 0.43753064 0.00000000
vt 0.93609005 0.43578163 0.00000000
vt 0.81826466 0.19665699 0.00000000
vt 0.82457697 0.19548938 0.00000000
vt 0.82505161 0.20746145 0.00000000
vt 0.81769788 0.20812319 0.00000000
vt 0.81842571 0.18807648 0.00000000
vt 0.82355267 0.18683879 0.00000000
vt 0.83187091 0.20743777 0.00000000
vt 0.83215833 0.22118805 0.00000000
vt 0.82471865 0.22082716 0.00000000
vt 0.81656706 0.22059524 0.00000000
vt 0.83043242 0.19502744 0.00000000
vt 0.36559948 0.93688601 0.00000000
vt 0.36514595 0.93082672 0.00000000
vt 0.37912318 0.93169743 0.00000000
vt 0.37928310 0.93833983 0.00000000
vt 0.36599982 0.94223231 0.00000000
vt 0.35608101 0.94031268 0.00000000
vt 0.37864113 0.92538321 0.00000000
vt 0.39382014 0.93298799 0.00000000
vt 0.39389393 0.93983972 0.00000000
vt 0.36476269 0.92529219 0.00000000
vt 0.50959247 0.54600251 0.00000000
vt 0.51511079 0.54619175 0.00000000
vt 0.35387328 0.92656589 0.00000000
vt 0.51152742 0.53472924 0.00000000
vt 0.51608741 0.53450406 0.00000000
vt 0.52064025 0.53373712 0.00000000
vt 0.52066326 0.54496491 0.00000000
vt 0.51277816 0.52563918 0.00000000
vt 0.51650673 0.52526456 0.00000000
vt 0.52042651 0.52513021 0.00000000
vt 0.50760585 0.53460950 0.00000000
vt 0.50975889 0.52626634 0.00000000
vt 0.60290933 0.19081345 0.00000000
vt 0.59632653 0.18918075 0.00000000
vt 0.59639478 0.18619837 0.00000000
vt 0.60320473 0.18744448 0.00000000
vt 0.59186369 0.19351628 0.00000000
vt 0.59139359 0.18949090 0.00000000
vt 0.59216917 0.18607229 0.00000000
vt 0.92384106 0.41459039 0.00000000
vt 0.92087078 0.42025253 0.00000000
vt 0.91775966 0.41908354 0.00000000
vt 0.92110699 0.41342279 0.00000000
vt 0.78109950 0.50304419 0.00000000
vt 0.78494608 0.50312179 0.00000000
vt 0.78625745 0.51051885 0.00000000
vt 0.78181541 0.51060838 0.00000000
vt 0.77674180 0.51074064 0.00000000
vt 0.77636045 0.50321919 0.00000000
vt 0.77634698 0.49816051 0.00000000
vt 0.78022075 0.49766397 0.00000000
vt 0.77167076 0.51102513 0.00000000
vt 0.77127582 0.50412232 0.00000000
vt 0.02705852 0.30160239 0.00000000
vt 0.02473054 0.29666027 0.00000000
vt 0.97781420 0.87687379 0.00000000
vt 0.98138458 0.88375318 0.00000000
vt 0.96849424 0.87799698 0.00000000
vt 0.97406304 0.87276995 0.00000000
vt 0.96396619 0.88656116 0.00000000
vt 0.52484244 0.53272074 0.00000000
vt 0.52547848 0.54239726 0.00000000
vt 0.02659961 0.28750032 0.00000000
vt 0.03072058 0.28464806 0.00000000
vt 0.96117902 0.89590299 0.00000000
vt 0.52615303 0.55194181 0.00000000
vt 0.96690160 0.90225703 0.00000000
vt 0.96010530 0.90389073 0.00000000
vt 0.61641365 0.13131502 0.00000000
vt 0.61606455 0.13849005 0.00000000
vt 0.60907811 0.14243013 0.00000000
vt 0.60960150 0.13376005 0.00000000
vt 0.95998341 0.90871203 0.00000000
vt 0.61641365 0.14283223 0.00000000
vt 0.61005044 0.14749897 0.00000000
vt 0.95978028 0.91141158 0.00000000
vt 0.00234124 0.24400640 0.00000000
vt 0.00440297 0.24557894 0.00000000
vt 0.00440297 0.25316986 0.00000000
vt 0.00190294 0.25197130 0.00000000
vt 0.02851793 0.27427495 0.00000000
vt 0.02861922 0.28178912 0.00000000
vt 0.02603838 0.28133547 0.00000000
vt 0.02603838 0.27358651 0.00000000
vt 0.93037701 0.54412925 0.00000000
vt 0.93163365 0.54212290 0.00000000
vt 0.92381901 0.53999412 0.00000000
vt 0.93325818 0.53948182 0.00000000
vt 0.94110233 0.54442114 0.00000000
vt 0.93532920 0.53480768 0.00000000
vt 0.94337261 0.53845090 0.00000000
vt 0.23545495 0.32802013 0.00000000
vt 0.23017733 0.32796037 0.00000000
vt 0.22950763 0.32015130 0.00000000
vt 0.23555808 0.32015130 0.00000000
vt 0.94663525 0.54823685 0.00000000
vt 0.39116904 0.90559804 0.00000000
vt 0.38463548 0.90188593 0.00000000
vt 0.38801411 0.89614201 0.00000000
vt 0.39507192 0.89995450 0.00000000
vt 0.39575395 0.90876937 0.00000000
vt 0.39146927 0.88993901 0.00000000
vt 0.39883044 0.89374799 0.00000000
vt 0.39509848 0.88426912 0.00000000
vt 0.40384629 0.88869238 0.00000000
vt 0.41044801 0.89193547 0.00000000
vt 0.37747845 0.89121038 0.00000000
vt 0.38039601 0.88507479 0.00000000
vt 0.38325641 0.87941539 0.00000000
vt 0.95992976 0.17824237 0.00000000
vt 0.95322704 0.17760876 0.00000000
vt 0.95333624 0.16379082 0.00000000
vt 0.95937073 0.16412635 0.00000000
vt 0.96544325 0.16349947 0.00000000
vt 0.96676576 0.17756087 0.00000000
vt 0.96810436 0.18932705 0.00000000
vt 0.96082103 0.18911874 0.00000000
vt 0.97081846 0.16194953 0.00000000
vt 0.97305304 0.17569920 0.00000000
vt 0.84455830 0.76782489 0.00000000
vt 0.84960860 0.76560175 0.00000000
vt 0.84483945 0.75088930 0.00000000
vt 0.84995890 0.74875289 0.00000000
vt 0.85544026 0.76270300 0.00000000
vt 0.86137366 0.77510703 0.00000000
vt 0.86146837 0.75942314 0.00000000
vt 0.86815244 0.77060091 0.00000000
vt 0.87513453 0.77894402 0.00000000
vt 0.86753207 0.78500289 0.00000000
vt 0.88218892 0.78481871 0.00000000
vt 0.87429798 0.79297733 0.00000000
vt 0.88797283 0.78831655 0.00000000
vt 0.88036448 0.79846603 0.00000000
vt 0.87471658 0.80569422 0.00000000
vt 0.87117147 0.81097871 0.00000000
vt 0.88804686 0.77558488 0.00000000
vt 0.89377403 0.77722019 0.00000000
vt 0.52885216 0.65059918 0.00000000
vt 0.54115689 0.64838833 0.00000000
vt 0.54451573 0.65223521 0.00000000
vt 0.53010488 0.65604019 0.00000000
vt 0.53814238 0.64302832 0.00000000
vt 0.54674643 0.64027810 0.00000000
vt 0.55037075 0.64519519 0.00000000
vt 0.55467927 0.64782339 0.00000000
vt 0.55319184 0.63384169 0.00000000
vt 0.55917519 0.63649040 0.00000000
vt 0.89578485 0.77027255 0.00000000
vt 0.53545541 0.63568783 0.00000000
vt 0.54393137 0.63476467 0.00000000
vt 0.55141109 0.63132375 0.00000000
vt 0.53432637 0.62642151 0.00000000
vt 0.54242802 0.62644619 0.00000000
vt 0.54960591 0.62544787 0.00000000
vt 0.54308087 0.61634922 0.00000000
vt 0.54995304 0.61622602 0.00000000
vt 0.95328045 0.74886370 0.00000000
vt 0.95328045 0.73926729 0.00000000
vt 0.95949405 0.73852324 0.00000000
vt 0.96044457 0.74630415 0.00000000
vt 0.96209359 0.74871415 0.00000000
vt 0.95535553 0.75510669 0.00000000
vt 0.96651739 0.73746204 0.00000000
vt 0.96754026 0.74387252 0.00000000
vt 0.96843660 0.74602050 0.00000000
vt 0.97305292 0.73737508 0.00000000
vt 0.97297829 0.74390781 0.00000000
vt 0.01508490 0.05283543 0.00000000
vt 0.01761181 0.05283145 0.00000000
vt 0.96003115 0.72868526 0.00000000
vt 0.96657914 0.72871244 0.00000000
vt 0.97264266 0.72853959 0.00000000
vt 0.96653038 0.71832091 0.00000000
vt 0.97154981 0.71810764 0.00000000
vt 0.92153049 0.51062852 0.00000000
vt 0.92620265 0.50123078 0.00000000
vt 0.92719465 0.51261812 0.00000000
vt 0.93385172 0.51484281 0.00000000
vt 0.94072181 0.51620495 0.00000000
vt 0.93790203 0.52757269 0.00000000
vt 0.94663525 0.51640701 0.00000000
vt 0.94534063 0.52956533 0.00000000
vt 0.56254125 0.62912560 0.00000000
vt 0.56278467 0.61755991 0.00000000
vt 0.56905466 0.61666733 0.00000000
vt 0.56981945 0.62940031 0.00000000
vt 0.56969362 0.63842839 0.00000000
vt 0.56198788 0.63643259 0.00000000
vt 0.37498203 0.89716411 0.00000000
vt 0.36250082 0.89071780 0.00000000
vt 0.36416981 0.88512665 0.00000000
vt 0.35219377 0.88427985 0.00000000
vt 0.36654866 0.87944663 0.00000000
vt 0.56804103 0.60457563 0.00000000
vt 0.56306261 0.60569561 0.00000000
vt 0.56281418 0.59578407 0.00000000
vt 0.56695950 0.59452432 0.00000000
vt 0.57046849 0.59304637 0.00000000
vt 0.57238412 0.60287821 0.00000000
vt 0.56640232 0.58815396 0.00000000
vt 0.57007748 0.58794290 0.00000000
vt 0.56197554 0.58921480 0.00000000
vt 0.56153029 0.58473581 0.00000000
vt 0.56604749 0.58405173 0.00000000
vt 0.55870569 0.59675729 0.00000000
vt 0.55755454 0.59095591 0.00000000
vt 0.55651242 0.58679968 0.00000000
vt 0.49653426 0.42048210 0.00000000
vt 0.49753389 0.41546944 0.00000000
vt 0.93581933 0.48735324 0.00000000
vt 0.93091440 0.49263722 0.00000000
vt 0.96762496 0.70176727 0.00000000
vt 0.96975422 0.70841658 0.00000000
vt 0.96570063 0.70861101 0.00000000
vt 0.96410525 0.70157290 0.00000000
vt 0.96089184 0.70870823 0.00000000
vt 0.96019816 0.70199984 0.00000000
vt 0.96076638 0.71826416 0.00000000
vt 0.95542055 0.71794474 0.00000000
vt 0.95647448 0.70857519 0.00000000
vt 0.95422000 0.72847128 0.00000000
vt 0.55148077 0.60588980 0.00000000
vt 0.54535115 0.60520673 0.00000000
vt 0.55298185 0.59567887 0.00000000
vt 0.53919429 0.60346401 0.00000000
vt 0.53575349 0.61540169 0.00000000
vt 0.52885216 0.61333811 0.00000000
vt 0.53374922 0.60089773 0.00000000
vt 0.86703175 0.75584406 0.00000000
vt 0.87410897 0.76528412 0.00000000
vt 0.85523504 0.74669993 0.00000000
vt 0.84607536 0.73774624 0.00000000
vt 0.85043317 0.73633552 0.00000000
vt 0.84180015 0.73929471 0.00000000
vt 0.84001207 0.73004645 0.00000000
vt 0.84361422 0.72907811 0.00000000
vt 0.84741676 0.72840178 0.00000000
vt 0.54161352 0.58069313 0.00000000
vt 0.53987539 0.57817972 0.00000000
vt 0.54522789 0.57421768 0.00000000
vt 0.54663980 0.57695633 0.00000000
vt 0.48909876 0.40878242 0.00000000
vt 0.49248546 0.40731949 0.00000000
vt 0.49618980 0.40688258 0.00000000
vt 0.49730229 0.41088200 0.00000000
vt 0.96320415 0.13506600 0.00000000
vt 0.96585035 0.14120236 0.00000000
vt 0.96229970 0.14219011 0.00000000
vt 0.95977128 0.13629256 0.00000000
vt 0.96854657 0.15069467 0.00000000
vt 0.96424413 0.15200473 0.00000000
vt 0.95407766 0.13544719 0.00000000
vt 0.95757347 0.13277289 0.00000000
vt 0.55344778 0.58622003 0.00000000
vt 0.95669913 0.70260298 0.00000000
vt 0.55806947 0.60588145 0.00000000
vt 0.55651242 0.61693180 0.00000000
vt 0.88121837 0.77193516 0.00000000
vt 0.91702831 0.53872305 0.00000000
vt 0.31080163 0.32290095 0.00000000
vt 0.31312799 0.32284424 0.00000000
vt 0.31701273 0.33022156 0.00000000
vt 0.31080163 0.32978919 0.00000000
vt 0.97387582 0.90119034 0.00000000
vt 0.98000658 0.90007854 0.00000000
vt 0.98534524 0.89929682 0.00000000
vt 0.98611671 0.90470994 0.00000000
vt 0.98382717 0.89231455 0.00000000
vt 0.77177447 0.51960391 0.00000000
vt 0.77715266 0.51950473 0.00000000
vt 0.77743810 0.52714068 0.00000000
vt 0.77195567 0.52661556 0.00000000
vt 0.78301525 0.52819097 0.00000000
vt 0.77678472 0.53341025 0.00000000
vt 0.77175432 0.53202379 0.00000000
vt 0.78256941 0.51961827 0.00000000
vt 0.78742862 0.51973158 0.00000000
vt 0.78812885 0.52933556 0.00000000
vt 0.91722506 0.43704927 0.00000000
vt 0.91875088 0.42785066 0.00000000
vt 0.77521408 0.53702825 0.00000000
vt 0.77127582 0.53485537 0.00000000
vt 0.00220150 0.18465652 0.00000000
vt 0.00220150 0.18932705 0.00000000
vt 0.00085224 0.18905298 0.00000000
vt 0.00125280 0.18498476 0.00000000
vt 0.24216250 0.03677100 0.00000000
vt 0.24117613 0.03742512 0.00000000
vt 0.24050577 0.03373911 0.00000000
vt 0.24216250 0.03209750 0.00000000
vt 0.98626179 0.90757608 0.00000000
vt 0.81448722 0.95502871 0.00000000
vt 0.80950481 0.95557451 0.00000000
vt 0.80147821 0.95630044 0.00000000
vt 0.40593305 0.93450129 0.00000000
vt 0.40595475 0.94128877 0.00000000
vt 0.41535425 0.93555039 0.00000000
vt 0.41579264 0.94223231 0.00000000
vt 0.83150452 0.23279369 0.00000000
vt 0.82389945 0.23240933 0.00000000
vt 0.81448919 0.23110776 0.00000000
vt 0.93695211 0.47102672 0.00000000
vt 0.93590444 0.47893184 0.00000000
vt 0.92341882 0.47370979 0.00000000
vt 0.93546391 0.48432496 0.00000000
vt 0.91935396 0.47530398 0.00000000
vt 0.38553303 0.56296343 0.00000000
vt 0.41473225 0.92887354 0.00000000
vt 0.42401353 0.94185472 0.00000000
vt 0.41469425 0.92420864 0.00000000
vt 0.41488868 0.92000222 0.00000000
vt 0.42133018 0.92053026 0.00000000
vt 0.89486313 0.85536981 0.00000000
vt 0.89219528 0.85326409 0.00000000
vt 0.73376298 0.09594263 0.00000000
vt 0.73435825 0.07578408 0.00000000
vt 0.62053406 0.18819380 0.00000000
vt 0.90424651 0.73388338 0.00000000
vt 0.61700583 0.18923761 0.00000000
vt 0.61121964 0.19588454 0.00000000
vt 0.97921133 0.53475308 0.00000000
vt 0.98156917 0.54287654 0.00000000
vt 0.77208185 0.93314600 0.00000000
vt 0.76531851 0.92927861 0.00000000
vt 0.76799971 0.92325115 0.00000000
vt 0.77484536 0.92703515 0.00000000
vt 0.78302258 0.93158108 0.00000000
vt 0.77970976 0.93777394 0.00000000
vt 0.77776921 0.92054510 0.00000000
vt 0.78653103 0.92505229 0.00000000
vt 0.79554141 0.92986977 0.00000000
vt 0.79302657 0.93664008 0.00000000
vt 0.78958917 0.94277930 0.00000000
vt 0.80389971 0.93391222 0.00000000
vt 0.79798204 0.92316955 0.00000000
vt 0.80541199 0.92735928 0.00000000
vt 0.80986059 0.92970455 0.00000000
vt 0.80999041 0.93550730 0.00000000
vt 0.61842543 0.70949388 0.00000000
vt 0.62244713 0.70337456 0.00000000
vt 0.61640823 0.71312112 0.00000000
vt 0.61504281 0.70011514 0.00000000
vt 0.62015396 0.69250393 0.00000000
vt 0.62807053 0.69532543 0.00000000
vt 0.63699466 0.69525051 0.00000000
vt 0.64062983 0.68457854 0.00000000
vt 0.14299865 0.48904997 0.00000000
vt 0.14284499 0.47772393 0.00000000
vt 0.15034585 0.47430080 0.00000000
vt 0.15190193 0.48296481 0.00000000
vt 0.15062404 0.49743715 0.00000000
vt 0.14284499 0.50193679 0.00000000
vt 0.59699750 0.17832664 0.00000000
vt 0.58873898 0.17239137 0.00000000
vt 0.59132755 0.16403219 0.00000000
vt 0.60708159 0.18734109 0.00000000
vt 0.58638930 0.17949283 0.00000000
vt 0.57842487 0.17353314 0.00000000
vt 0.64011443 0.67473656 0.00000000
vt 0.97512525 0.52817309 0.00000000
vt 0.98100656 0.52534521 0.00000000
vt 0.98406029 0.53196067 0.00000000
vt 0.96615297 0.52820617 0.00000000
vt 0.97077560 0.52370030 0.00000000
vt 0.33462453 0.54473478 0.00000000
vt 0.33445072 0.53732377 0.00000000
vt 0.22234917 0.05124043 0.00000000
vt 0.21727322 0.05527937 0.00000000
vt 0.32684138 0.55036932 0.00000000
vt 0.32052296 0.54790974 0.00000000
vt 0.02558508 0.63964409 0.00000000
vt 0.03202311 0.64040822 0.00000000
vt 0.02395381 0.64536828 0.00000000
vt 0.02305749 0.65162599 0.00000000
vt 0.01754323 0.65272182 0.00000000
vt 0.01866773 0.64642674 0.00000000
vt 0.02993292 0.65694553 0.00000000
vt 0.02948561 0.66089398 0.00000000
vt 0.03742512 0.65785521 0.00000000
vt 0.03731288 0.66264457 0.00000000
vt 0.20303659 0.05723844 0.00000000
vt 0.21657923 0.03841491 0.00000000
vt 0.22234917 0.04310312 0.00000000
vt 0.63678747 0.66654909 0.00000000
vt 0.93782932 0.42368129 0.00000000
vt 0.93389589 0.41665617 0.00000000
vt 0.93050915 0.41286933 0.00000000
vt 0.58917075 0.05202744 0.00000000
vt 0.59439886 0.05952662 0.00000000
vt 0.57947284 0.06384280 0.00000000
vt 0.57759452 0.05079805 0.00000000
vt 0.58439052 0.04137846 0.00000000
vt 0.59439886 0.04385080 0.00000000
vt 0.79303825 0.83996189 0.00000000
vt 0.79038948 0.84977025 0.00000000
vt 0.51294428 0.29279649 0.00000000
vt 0.50705403 0.29261434 0.00000000
vt 0.04118402 0.64260709 0.00000000
vt 0.06384286 0.59360772 0.00000000
vt 0.06342784 0.60090315 0.00000000
vt 0.05752022 0.60126567 0.00000000
vt 0.05744993 0.59342837 0.00000000
vt 0.06357078 0.60956073 0.00000000
vt 0.05744993 0.60980922 0.00000000
vt 0.86704820 0.81454277 0.00000000
vt 0.84701216 0.79245162 0.00000000
vt 0.29499799 0.33902752 0.00000000
vt 0.29046068 0.33860055 0.00000000
vt 0.29046661 0.33308333 0.00000000
vt 0.29454461 0.33308333 0.00000000
vt 0.70840806 0.29501766 0.00000000
vt 0.65099502 0.49610999 0.00000000
vt 0.65157557 0.49155447 0.00000000
vt 0.25757286 0.26769170 0.00000000
vt 0.25209010 0.26574904 0.00000000
vt 0.43044326 0.93976134 0.00000000
vt 0.44992441 0.55442947 0.00000000
vt 0.17261362 0.42268363 0.00000000
vt 0.16993129 0.42046848 0.00000000
vt 0.66978228 0.11812191 0.00000000
vt 0.66707104 0.12119886 0.00000000
vt 0.22014774 0.97252941 0.00000000
vt 0.72911435 0.07240776 0.00000000
vt 0.57427841 0.00240016 0.00000000
vt 0.57678705 0.01144786 0.00000000
vt 0.25117746 0.42300299 0.00000000
vt 0.25395930 0.42063099 0.00000000
vt 0.80409038 0.83202684 0.00000000
vt 0.31898239 0.71548015 0.00000000
vt 0.30686659 0.52961648 0.00000000
vt 0.25175977 0.17146572 0.00000000
vt 0.25037804 0.16518386 0.00000000
vt 0.25648984 0.16282275 0.00000000
vt 0.25757286 0.16823572 0.00000000
vt 0.25553137 0.17987306 0.00000000
vt 0.25037804 0.18052112 0.00000000
vt 0.82792544 0.91779995 0.00000000
vt 0.02340559 0.30775729 0.00000000
vt 0.02320258 0.30408370 0.00000000
vt 0.02644504 0.30408370 0.00000000
vt 0.92547071 0.33695427 0.00000000
vt 0.03082069 0.30480257 0.00000000

# 4520 vertex normals
vn 0.75048345 0.48504016 0.44889915
vn 0.62600106 0.64441657 0.43914685
vn 0.71526754 0.64745170 0.26305622
vn 0.84714097 0.37337804 0.37807542
vn 0.74666303 0.47773314 0.46288803
vn 0.63588274 0.56264877 0.52827984
vn 0.82147878 0.45225939 0.34732431
vn 0.71888679 0.54553139 0.43080986
vn 0.58741784 0.63539404 0.50121319
vn 0.62578565 0.58275610 0.51844728
vn 0.22421487 0.97449952 -0.00885379
vn 0.27180231 0.96106827 -0.04971017
vn 0.15090089 0.98782635 -0.03779148
vn 0.11926427 0.99270976 0.01741562
vn 0.42427889 0.90389562 -0.05440801
vn 0.42499089 0.90122747 -0.08468663
vn 0.00884754 0.99923879 0.03799321
vn 0.05417413 0.99824470 0.02393080
vn -0.20193125 0.87381661 0.44234431
vn -0.47562620 0.87602639 0.07973325
vn -0.68143320 0.60821354 0.40709341
vn -0.24761288 0.70420599 0.66541857
vn 0.25630471 0.65031439 0.71512169
vn 0.20953685 0.92333472 0.32178766
vn -0.00536777 0.98361635 -0.18019456
vn 0.92798573 0.36582524 0.07081185
vn 0.94623470 0.20704326 0.24854216
vn 0.96460879 -0.10910574 -0.24005377
vn 0.88145691 0.22094807 -0.41739157
vn 0.55418491 0.74245524 -0.37635002
vn 0.64994544 0.73939371 0.17569311
vn 0.64998502 0.48917654 0.58157182
vn 0.14970790 0.07431715 -0.98593336
vn -0.31316712 0.23589531 -0.91993463
vn -0.22155775 0.74873412 -0.62474746
vn 0.36611402 0.47114730 -0.80248410
vn 0.64473122 -0.10263209 -0.75748825
vn 0.20832054 -0.28114232 -0.93678260
vn -0.23908454 -0.25458309 -0.93703043
vn -0.56793869 -0.18682042 -0.80158830
vn -0.74005657 0.20095280 -0.64182103
vn -0.62189561 -0.21927145 -0.75177509
vn -0.90882850 0.05883513 -0.41300011
vn -0.21933581 -0.34922093 -0.91100848
vn 0.86263162 0.50205773 -0.06168402
vn 0.73377442 0.64348286 0.21795602
vn 0.62695056 0.60021263 -0.49666673
vn 0.77898741 0.33070537 -0.53274065
vn 0.98037887 0.19678518 0.01152568
vn 0.87015086 0.36667377 0.32922301
vn 0.89709151 0.32490125 -0.29944283
vn 0.95291966 0.03702939 -0.30095321
vn 0.73377550 0.65204811 -0.19080539
vn 0.70198828 0.67683810 -0.22159111
vn 0.95098776 0.11239506 -0.28807917
vn 0.90492785 0.42029560 0.06676184
vn 0.42376652 0.90573597 -0.00801415
vn 0.30994031 0.94593894 -0.09558532
vn 0.97259778 0.04333312 0.22841987
vn 0.84784603 -0.17089981 -0.50194669
vn 0.89583296 0.00819719 -0.44431520
vn 0.97473019 -0.08315278 -0.20733224
vn 0.85785669 -0.32213077 -0.40039191
vn 0.70193183 -0.23027907 -0.67399049
vn 0.72155905 -0.01036570 -0.69227540
vn 0.72864670 -0.41880482 -0.54191917
vn 0.84981656 0.52268851 0.06788610
vn 0.71067244 0.70096970 -0.05988462
vn 0.59446967 0.78326935 0.18192019
vn 0.81060630 0.52103442 0.26728341
vn 0.93583602 0.26465142 0.23274609
vn 0.93039858 0.36649370 -0.00640704
vn 0.81214535 0.53715175 -0.22778918
vn -0.27454746 0.27674842 0.92088771
vn -0.04490914 -0.14903638 0.98781139
vn 0.26287141 0.85455275 0.44792670
vn -0.31768134 0.73148072 0.60333622
vn -0.52056128 -0.55316973 0.65039933
vn -0.22847359 -0.72333395 0.65160406
vn 0.75863463 -0.23955344 0.60587758
vn 0.85926288 -0.22304501 0.46034580
vn 0.82866836 -0.04459193 0.55796087
vn 0.72010386 -0.09760050 0.68696761
vn 0.56188303 -0.24674366 0.78956014
vn 0.63658708 -0.44639164 0.62888122
vn 0.77439964 -0.49062836 0.39948574
vn 0.95794266 0.08652683 0.27360356
vn 0.95344967 -0.04610088 0.29800728
vn 0.90557051 -0.03158487 0.42301837
vn 0.94112170 0.13585903 0.30956778
vn 0.94411856 0.14173320 0.29757676
vn 0.95559728 0.06514619 0.28738457
vn 0.97475731 0.02335423 0.22204211
vn 0.98846501 0.05980431 0.13914126
vn 0.97175127 0.11732628 0.20477779
vn 0.98292053 -0.10052552 0.15414909
vn 0.96539587 -0.00225804 0.26077902
vn -0.43382996 0.37618431 0.81870443
vn -0.26436228 0.49923155 0.82515490
vn -0.21236993 0.54496819 0.81111562
vn -0.36145553 0.45301509 0.81493998
vn -0.36318314 0.43109491 0.82598740
vn -0.39652675 0.34060642 0.85249853
vn -0.47145501 0.35257170 0.80834609
vn -0.29062086 0.48512077 0.82474071
vn -0.55791724 0.22728120 0.79816771
vn -0.57703161 0.19969054 0.79193312
vn -0.50741988 0.21518432 0.83439845
vn 0.57192588 -0.77833200 0.25903687
vn 0.63541573 -0.72319865 0.27061179
vn 0.42834711 -0.80114037 0.41796276
vn 0.39799523 -0.85427874 0.33437642
vn 0.58710921 -0.78285265 0.20602104
vn 0.71689200 -0.67651951 0.16848478
vn 0.36615303 -0.89083546 0.26896861
vn -0.11344196 0.99353510 0.00435149
vn -0.07127443 0.99745357 0.00250889
vn -0.06584992 0.99370199 0.09066468
vn -0.13149394 0.98909521 0.06633252
vn -0.16375814 0.98649895 -0.00177323
vn -0.12389713 0.99125075 -0.04551307
vn -0.07897905 0.99483162 -0.06381471
vn 0.01442683 0.99989569 0.00060944
vn 0.09305516 0.98435217 0.14963785
vn 0.09542431 0.99541545 -0.00650257
vn 0.01710314 0.99774891 -0.06484370
vn -0.02034802 0.99917597 -0.03511763
vn 0.01114087 0.99032468 0.13832192
vn -0.01394011 0.99862635 -0.05050775
vn -0.36777145 -0.77702957 0.51085138
vn -0.42150384 -0.71979386 0.55157173
vn -0.53863490 -0.66974515 0.51118875
vn -0.42222175 -0.78417099 0.45475775
vn -0.22532311 -0.89717263 0.37988257
vn -0.20235896 -0.86205292 0.46466729
vn -0.21903640 -0.81131047 0.54203165
vn 0.69068617 0.51943934 0.50312555
vn 0.77531630 0.45087445 0.44226325
vn 0.70053488 0.51745933 0.49141312
vn 0.59023792 0.56805366 0.57352793
vn 0.42481363 0.61807561 0.66144991
vn 0.46418783 0.61222517 0.64008594
vn 0.87057137 0.34160331 0.35413638
vn 0.86945713 0.33575791 0.36236852
vn 0.72026604 0.47308978 0.50734866
vn 0.87668425 0.23816963 0.41797134
vn 0.48808408 0.60896438 0.62524903
vn 0.33009100 0.45610389 0.82644367
vn 0.13628733 0.44782794 0.88367182
vn 0.31178278 0.20246205 0.92833221
vn 0.49414074 0.27533615 0.82463008
vn 0.37472412 0.60312122 0.70414960
vn 0.11070984 0.71358371 0.69176710
vn 0.61305141 0.37361088 0.69611984
vn 0.73280346 -0.42431098 0.53193909
vn 0.67360836 -0.53408700 0.51088440
vn 0.76322210 -0.46479455 0.44884077
vn 0.77136713 -0.35775024 0.52631503
vn 0.68947810 -0.09843778 0.71758616
vn 0.83946466 -0.01708340 0.54314566
vn 0.62678850 -0.54072362 0.56102949
vn 0.61724365 -0.58376056 0.52747881
vn 0.79931831 -0.06007725 0.59789705
vn 0.68471313 -0.44770148 0.57509243
vn 0.58455205 -0.55544275 0.59142387
vn 0.34883150 0.31209967 0.88369131
vn 0.73794389 0.54212111 0.40192482
vn 0.05209738 -0.43937072 0.89679390
vn -0.36904317 -0.41727334 0.83047581
vn 0.70254731 -0.28996977 0.64988065
vn 0.52423358 -0.34134266 0.78016949
vn 0.95176864 -0.00051458 0.30681610
vn 0.96418083 0.01042734 0.26504111
vn 0.97597176 0.04346582 0.21351762
vn 0.95513844 0.04475360 0.29275861
vn 0.95532089 0.02471369 0.29453549
vn 0.94414568 0.06384391 0.32328436
vn 0.91249990 0.08693513 0.39973274
vn 0.98472154 -0.14902313 -0.09008628
vn 0.98578238 -0.15454540 -0.06594517
vn 0.98732603 -0.14373814 -0.06728029
vn 0.98479116 -0.11922575 -0.12637939
vn 0.99366468 -0.06137076 -0.09414938
vn 0.99107099 -0.13263223 -0.01367027
vn 0.98411858 -0.05120697 -0.16996565
vn 0.83566713 -0.38105577 0.39554641
vn 0.85813701 -0.31853971 0.40265784
vn 0.85694218 -0.31512237 0.40785792
vn 0.84241873 -0.36944252 0.39222822
vn 0.83821946 -0.37625587 0.39473996
vn 0.84047955 -0.37455070 0.39154294
vn 0.85702801 -0.34048641 0.38674533
vn 0.98014855 -0.19720504 -0.02046708
vn 0.79678315 -0.56831056 -0.20532823
vn 0.88920605 -0.45542625 0.04358327
vn 0.96932250 -0.24555752 -0.01074204
vn 0.98195064 -0.18669367 -0.03030864
vn 0.85162503 -0.44133642 -0.28276640
vn 0.96628356 -0.25641444 -0.02340243
vn 0.92025793 -0.34560344 0.18353099
vn 0.93808186 -0.31945699 0.13397603
vn 0.95556647 -0.24571130 0.16284525
vn 0.92424452 -0.31451848 0.21644908
vn 0.81326389 -0.54907912 0.19265021
vn 0.83115810 -0.55336815 0.05440376
vn 0.81996584 -0.48458961 0.30467850
vn 0.55366397 -0.78933585 0.26533964
vn 0.25323689 -0.86989838 0.42325854
vn 0.43617859 -0.65788484 0.61395097
vn 0.91691661 -0.29911727 0.26418316
vn 0.14637296 -0.97974640 0.13664533
vn 0.97651005 -0.19596340 0.08959024
vn 0.95976299 0.04558447 0.27708703
vn 0.96732128 -0.05055024 0.24846357
vn 0.80747336 -0.10928118 0.57969338
vn 0.92077678 0.09814136 0.37754267
vn 0.95450592 0.08346991 0.28627124
vn 0.63825053 0.08986664 0.76456547
vn 0.10996129 -0.93883163 0.32634911
vn -0.27939275 -0.72414356 0.63052022
vn 0.27626911 -0.44805172 0.85024995
vn 0.36492062 -0.87439984 0.31977770
vn 0.27501801 -0.94814271 0.15934454
vn 0.01070544 -0.97928733 0.20219269
vn 0.28572834 -0.93971628 0.18786296
vn 0.69056332 -0.58423162 0.42637506
vn 0.79567021 -0.20103787 0.57139540
vn 0.93007082 -0.29621357 0.21731488
vn 0.66854191 -0.73464972 0.11550522
vn 0.55407441 -0.81728989 0.15823713
vn 0.35406151 -0.92568302 0.13323413
vn 0.46529648 -0.88377237 0.04945501
vn 0.42103821 -0.90663123 0.02732206
vn 0.35866579 -0.93335509 0.01438884
vn 0.36311972 -0.92063165 0.14346197
vn 0.47792330 -0.87833124 -0.01111192
vn 0.22669044 -0.93767846 0.26338285
vn 0.22135575 -0.94306463 0.24825546
vn 0.27150217 -0.96228999 0.01686498
vn 0.16457413 -0.98325068 0.07831614
vn 0.32908282 -0.94408160 -0.02035926
vn 0.22308569 -0.83399725 0.50465977
vn 0.31943005 -0.77517760 0.54503584
vn 0.05176145 -0.75932533 0.64864928
vn 0.08606818 -0.80301881 0.58970588
vn 0.37884480 -0.71620238 0.58611512
vn 0.51746953 -0.67144471 0.53045958
vn 0.23715894 -0.68865776 0.68520510
vn 0.15801381 -0.37858790 0.91197741
vn -0.21004334 -0.26088533 0.94224232
vn -0.22873250 -0.18178207 0.95636642
vn 0.04559604 0.01389060 0.99886340
vn 0.54674274 -0.54097790 0.63907379
vn 0.41031036 -0.62020487 0.66857409
vn 0.06406535 -0.43117949 0.89998877
vn 0.34675190 0.05785097 0.93617111
vn -0.54478806 -0.26937076 0.79413176
vn -0.65201348 -0.24972640 0.71590155
vn -0.58038396 -0.13423905 0.80320257
vn -0.52686262 -0.30205268 0.79446828
vn -0.47500420 -0.46978563 0.74409181
vn -0.56036466 -0.45250723 0.69370639
vn -0.46629003 -0.54384053 0.69771850
vn -0.67947453 -0.24778162 0.69059306
vn -0.64837569 -0.41801450 0.63629609
vn -0.61900073 -0.17844154 0.76485074
vn -0.57568502 -0.03377114 0.81697387
vn -0.75521213 -0.30780745 0.57871330
vn -0.58325052 -0.13303915 0.80132347
vn -0.67974424 -0.45684049 0.57379830
vn -0.64898032 -0.43047845 0.62730616
vn -0.72947788 -0.32074085 0.60414177
vn -0.74726611 -0.41117901 0.52203947
vn -0.55877817 -0.71303236 0.42349952
vn -0.45685610 -0.67450058 0.57994080
vn -0.69411552 -0.67739403 0.24359995
vn -0.60253668 0.10758365 0.79080665
vn -0.70823032 -0.03131236 0.70528674
vn -0.59063625 0.09266283 0.80159986
vn -0.57738948 0.13124047 0.80585194
vn -0.41740972 0.25897384 0.87103486
vn -0.49739793 0.08945233 0.86289841
vn -0.55616271 0.00217895 0.83107054
vn -0.62611419 0.04825183 0.77823693
vn -0.76175714 -0.35235336 0.54366624
vn -0.46643895 -0.70954633 0.52818429
vn -0.58144283 -0.75500685 0.30313176
vn -0.76953101 -0.40978748 0.48979205
vn -0.71526611 -0.26666605 0.64597487
vn -0.62576413 -0.37072814 0.68627965
vn -0.70508975 -0.42000663 0.57135171
vn -0.50056094 -0.77986246 0.37583682
vn -0.46728334 -0.76872092 0.43670857
vn -0.28335723 -0.81898934 0.49896407
vn -0.40854645 -0.82648963 0.38730443
vn -0.60760492 -0.67717338 0.41503316
vn -0.53932405 -0.75551075 0.37193152
vn -0.60441852 -0.66119379 0.44441089
vn -0.61077082 -0.77306116 0.17127639
vn -0.61423904 -0.77430212 0.15220574
vn -0.71641624 -0.67672193 0.16969220
vn -0.62929744 -0.75234962 0.19481988
vn -0.68473428 -0.70815170 0.17222156
vn -0.70214516 -0.69766557 0.14231968
vn -0.62159866 -0.77052593 0.14108497
vn -0.67517525 -0.70924503 0.20275556
vn -0.54094917 -0.82940447 0.13950709
vn -0.52577209 -0.83196920 0.17717534
vn -0.51514423 -0.83702135 0.18444966
vn -0.23709726 -0.92910755 0.28380290
vn -0.21354160 -0.94938445 0.23036739
vn -0.27564901 -0.93962401 0.20279132
vn -0.29582331 -0.91862500 0.26194793
vn -0.25989020 -0.94893122 0.17884849
vn -0.12587987 -0.98012781 0.15330940
vn -0.09213843 -0.94273698 0.32055810
vn -0.39439201 -0.88881385 0.23337695
vn -0.41571924 -0.89501935 0.16161029
vn -0.10143217 -0.95816046 0.26765692
vn -0.38331881 -0.88859659 0.25191829
vn 0.84295142 -0.35629690 -0.40309480
vn 0.74942225 -0.28748611 -0.59642100
vn 0.87239707 -0.15642662 -0.46309197
vn 0.89043826 -0.29801670 -0.34395596
vn 0.82869786 -0.37844989 -0.41235390
vn 0.69814384 -0.40625110 -0.58953804
vn 0.86565042 -0.31496379 -0.38916233
vn 0.82574803 -0.44736913 -0.34351283
vn 0.90996224 -0.15152907 -0.38601518
vn 0.88960254 -0.10324875 -0.44491240
vn 0.67507577 -0.59706002 -0.43334961
vn 0.81609040 -0.03856360 -0.57663608
vn 0.84218496 -0.06315146 -0.53547764
vn 0.71935576 -0.59994471 -0.35013357
vn 0.89857769 -0.10318948 -0.42650935
vn 0.08725246 -0.92683154 0.36519888
vn -0.14376007 -0.96772283 0.20699230
vn -0.20326725 -0.95116812 0.23229627
vn -0.17017411 -0.93170333 0.32088888
vn 0.27330664 -0.58657032 0.76239008
vn 0.40017906 -0.91131341 0.09677079
vn 0.80458748 -0.03158763 -0.59299350
vn 0.94133532 -0.25120792 -0.22534961
vn 0.17914778 -0.85527802 0.48621553
vn 0.45403475 -0.80700463 0.37761882
vn 0.46717083 -0.88306403 0.04415040
vn -0.07179154 -0.66115385 0.74680752
vn 0.29060909 -0.72322524 0.62649155
vn -0.82286477 -0.35529163 0.44346511
vn -0.70907235 -0.70502394 0.01256255
vn -0.81095296 -0.51554394 -0.27671239
vn -0.86370432 -0.24738459 0.43910789
vn -0.86482435 -0.26040357 0.42926535
vn -0.82392156 -0.36725381 0.43159941
vn 0.61192513 -0.00371747 -0.79090697
vn 0.61187637 0.00616028 -0.79092944
vn 0.60773063 -0.03321770 -0.79344821
vn 0.60547602 -0.01381823 -0.79574358
vn -0.88709182 0.22046217 0.40554219
vn -0.92685848 0.26551545 0.26539573
vn -0.89994276 0.31147933 0.30509597
vn -0.86322516 0.27941775 0.42043796
vn -0.88211060 0.21676126 0.41820517
vn -0.89998549 0.16705374 0.40264043
vn -0.93540418 0.21363683 0.28174141
vn 0.28193194 -0.70416361 -0.65166557
vn 0.50350612 -0.76278985 -0.40575019
vn 0.03689443 -0.98932219 -0.14099780
vn -0.18519017 -0.78561306 -0.59035295
vn 0.32923475 -0.50218719 -0.79963285
vn 0.66834486 -0.50699204 -0.54431081
vn -0.22315684 -0.41184098 -0.88350898
vn -0.97125715 -0.23136143 0.05595832
vn -0.72353196 -0.61896688 -0.30558369
vn -0.55055779 -0.81443846 0.18323781
vn -0.89716345 -0.22261932 0.38149488
vn -0.99448496 0.09894000 -0.03479197
vn -0.77229726 -0.18679020 -0.60717905
vn -0.90843678 0.21657689 0.35754323
vn -0.83669394 -0.04297271 0.54598212
vn -0.78679854 -0.04291817 0.61571586
vn -0.85390162 0.20800522 0.47705942
vn -0.91689688 0.10511554 0.38503367
vn -0.92750943 -0.03204857 0.37242365
vn -0.81110024 -0.10704841 0.57502800
vn -0.72749949 -0.15134303 0.66920829
vn 0.45179015 0.20772240 -0.86760420
vn 0.53687322 0.26662377 -0.80042428
vn 0.58986300 0.09132873 -0.80232203
vn 0.48606262 0.08960108 -0.86931860
vn 0.12538037 0.14273544 -0.98178732
vn 0.11307904 0.41571808 -0.90243638
vn 0.27968630 0.61523247 -0.73706478
vn -0.71191740 -0.20128277 0.67279923
vn -0.71553707 -0.20673878 0.66728240
vn -0.67200047 -0.23573761 0.70202786
vn -0.66463280 -0.24709427 0.70512950
vn -0.75709599 -0.11305680 0.64344692
vn -0.75713444 -0.12750484 0.64069498
vn -0.71764880 -0.16010083 0.67775202
vn -0.87955540 -0.10130213 0.46488726
vn -0.92567533 -0.06552842 0.37260056
vn -0.91680211 -0.10141040 0.38625121
vn -0.89024889 -0.14720647 0.43103015
vn -0.97187686 0.00234252 0.23547804
vn -0.94973773 0.10026740 0.29655463
vn -0.87064552 0.24081871 0.42893201
vn -0.81259757 -0.03929032 0.58149922
vn -0.31446210 0.78259867 0.53726441
vn -0.17917189 0.88666415 0.42629108
vn -0.18272366 0.74235106 0.64461386
vn -0.32293290 0.57235545 0.75373971
vn -0.70729953 0.38060096 0.59570980
vn -0.28752455 0.94024771 0.18238379
vn -0.60327810 0.25946632 0.75414383
vn -0.64806592 0.07161625 0.75820953
vn -0.72027659 0.01434872 0.69353849
vn -0.58506250 0.04643565 0.80965775
vn -0.18279301 0.39597848 0.89988208
vn -0.16272475 0.51691180 0.84043008
vn -0.27209255 0.50316226 0.82023984
vn -0.33928555 0.28550559 0.89631009
vn -0.36905012 0.11993087 0.92163908
vn -0.15044196 0.27521810 0.94953787
vn -0.16305059 0.35542053 0.92037541
vn -0.11561611 -0.36081532 0.92544323
vn -0.21215674 -0.20971046 0.95446891
vn -0.42662984 -0.17409144 0.88751292
vn -0.25100508 -0.34520757 0.90433860
vn 0.00294314 -0.55834341 0.82960474
vn 0.07475868 -0.49892628 0.86341399
vn -0.00784773 -0.27042124 0.96271008
vn -0.39140546 0.52305323 0.75711107
vn -0.34015197 0.49809232 0.79762191
vn -0.18871795 0.59514242 0.78114730
vn -0.20172289 0.64069641 0.74082112
vn -0.21400452 0.67687368 0.70430392
vn -0.39157918 0.59060287 0.70558763
vn -0.44904551 0.48388889 0.75113893
vn -0.37143901 0.46990597 0.80076301
vn -0.54039758 0.40255451 0.73886424
vn -0.56241626 0.39394996 0.72697419
vn -0.53545022 0.49025178 0.68771082
vn -0.03060020 0.51039934 0.85939288
vn -0.11821538 0.32529745 0.93819332
vn 0.09798915 0.29621848 0.95008034
vn 0.18304868 0.56777495 0.80257386
vn -0.13031369 0.62578219 0.76903516
vn -0.28143805 0.40016893 0.87215680
vn 0.07590015 0.76634854 0.63792568
vn -0.64972985 0.31794739 0.69047844
vn -0.60762167 0.48587644 0.62826735
vn -0.76730055 0.40225843 0.49943769
vn -0.76899785 0.22851171 0.59701306
vn -0.54621434 0.25629398 0.79747301
vn -0.43448439 0.47823238 0.76322806
vn -0.69249135 0.09294441 0.71541393
vn -0.90830159 0.36800027 0.19890720
vn -0.93982536 0.23168346 0.25109974
vn -0.85822463 0.30010802 0.41639599
vn -0.83940381 0.47287625 0.26793519
vn -0.91570002 0.40085450 -0.02844530
vn -0.98134613 0.19194941 -0.01072480
vn -0.80203617 0.59563762 0.04420010
vn -0.62529379 0.07827307 0.77645409
vn -0.68864053 0.01033936 0.72502911
vn -0.65035748 -0.02349027 0.75926507
vn -0.60915810 0.05317187 0.79126430
vn -0.59034759 0.07473384 0.80368185
vn -0.48242763 -0.17261912 0.85875863
vn -0.61130279 -0.09640291 0.78550327
vn -0.60042793 0.09133999 0.79444534
vn -0.49588487 -0.48221356 0.72219688
vn -0.37941581 -0.39149812 0.83831549
vn -0.55451131 -0.21022591 0.80518460
vn -0.64658576 -0.40379053 0.64720929
vn -0.40278757 -0.68937600 0.60209888
vn -0.19425789 -0.60243732 0.77416611
vn -0.63456041 -0.62537098 0.45414114
vn 0.48111910 0.53577626 0.69387907
vn 0.40940660 0.76527435 0.49673063
vn 0.96852064 0.24324456 -0.05291287
vn 0.87723434 0.24157393 0.41485164
vn 0.54148638 0.19817767 0.81701779
vn 0.49288762 0.42203301 0.76088762
vn 0.16275218 0.90770227 0.38676640
vn 0.14419265 0.88915014 0.43430462
vn -0.26629895 0.95512456 0.12969968
vn -0.20687453 0.97132254 0.11719890
vn -0.34154075 0.92765373 0.15102458
vn -0.42787275 0.88733995 0.17190886
vn -0.18057165 0.97636980 0.11872667
vn -0.10907892 0.99221450 0.06010105
vn -0.37033913 0.90644211 0.20300639
vn -0.85423356 0.42530596 0.29899791
vn -0.92335856 0.28058550 0.26207024
vn -0.84944063 0.33322781 0.40915769
vn -0.90062469 0.18616875 0.39270386
vn -0.76705825 0.60280693 0.21964841
vn -0.68898863 0.67011243 0.27612302
vn -0.82560128 0.41198227 0.38555548
vn -0.88464063 0.15728383 0.43894514
vn -0.92632705 0.32480362 0.19084236
vn -0.79000956 0.59970284 0.12744167
vn -0.67158550 0.54713678 0.49961415
vn -0.44246629 0.84643281 0.29626834
vn -0.34523088 0.86106354 0.37334323
vn -0.55829728 0.40316433 0.72509491
vn -0.68783551 0.50442225 0.52195841
vn -0.53783500 0.78362662 0.31090641
vn -0.65506279 0.27954355 0.70196033
vn -0.74794775 0.18998218 0.63598806
vn -0.88701475 0.11878985 0.44619945
vn -0.85554492 0.21233268 0.47218385
vn -0.59817469 0.07641410 0.79771417
vn -0.01871850 0.17896655 0.98367709
vn -0.51152915 0.44654375 0.73412305
vn 0.55650932 0.34040964 0.75790405
vn 0.58020163 0.05461361 0.81263989
vn 0.38129461 0.87996376 0.28333393
vn -0.98659939 -0.04160370 0.15776816
vn -0.92163026 -0.05293905 0.38444135
vn -0.93942964 -0.17630681 0.29391819
vn -0.97336006 -0.14696895 0.17598386
vn -0.74708480 0.05391901 0.66253829
vn -0.31425789 0.94273084 0.11180624
vn 0.34880432 0.75757086 0.55174452
vn 0.29295295 0.89705896 0.33085310
vn -0.78413814 0.61976099 0.03199699
vn 0.33492479 0.62582266 0.70439428
vn 0.32338998 0.64476043 0.69260579
vn 0.45239502 0.76383746 -0.46031624
vn 0.60093194 0.60539806 0.52189451
vn -0.66302705 0.14054598 -0.73528355
vn -0.12348545 0.02593414 -0.99200737
vn 0.93390292 0.31370717 0.17150302
vn 0.91655457 0.38227651 0.11744046
vn 0.79221684 0.43283144 0.43017372
vn 0.84433895 0.32226789 0.42805976
vn 0.81477129 0.38913953 0.42978859
vn 0.76741588 0.49721920 0.40477878
vn 0.67825663 0.58033025 0.45076019
vn 0.57389313 0.71862137 0.39272147
vn 0.78327090 0.52772397 0.32862449
vn 0.75620461 0.53867924 0.37145555
vn 0.41153497 0.66477597 0.62346768
vn 0.40109903 0.59163737 -0.69934595
vn 0.77738738 0.36361909 -0.51327378
vn 0.78044271 0.55671257 0.28457019
vn 0.77495372 0.51586831 0.36513904
vn -0.47411817 0.87366730 -0.10916714
vn -0.18834315 0.63660794 0.74783492
vn -0.57960248 0.54176986 0.60872531
vn -0.43597728 0.76972896 0.46630591
vn 0.17900047 0.83083731 0.52694249
vn 0.03875300 0.60567462 0.79476821
vn 0.29596958 0.57125878 0.76554918
vn 0.23080620 0.63013268 0.74139142
vn 0.18045451 0.71957886 0.67055386
vn -0.22191240 0.69497520 0.68393296
vn -0.57659739 0.58755827 0.56772411
vn 0.53324550 0.65583873 0.53434509
vn 0.83979207 0.54280978 0.01032723
vn 0.56276459 0.81572318 -0.13375968
vn 0.88189143 0.46243578 0.09176346
vn 0.90615082 0.42049205 -0.04557551
vn 0.87097621 0.34947327 -0.34535313
vn 0.06791445 0.91781712 0.39115128
vn -0.16413984 0.88832855 0.42887121
vn -0.12300339 0.77767789 0.61651218
vn 0.12507191 0.86679035 0.48273352
vn 0.20190243 0.96478903 0.16857530
vn -0.06447358 0.98667490 0.14938492
vn 0.36688548 0.89537829 0.25237417
vn -0.36417490 0.48110881 -0.79744023
vn -0.80519116 0.22811769 -0.54738426
vn -0.69978440 0.71435380 -0.00059048
vn -0.20351839 0.90067887 -0.38387206
vn 0.26468936 0.66257632 -0.70066547
vn -0.07376530 0.18837635 -0.97932273
vn -0.50455630 -0.18966234 -0.84228915
vn -0.48183867 0.47521824 0.73620582
vn -0.24346212 0.82420093 0.51129144
vn -0.88463175 0.25339320 0.39143124
vn -0.74375796 -0.04804846 0.66671979
vn -0.32749385 0.32693893 0.88648677
vn 0.11534415 0.62566555 0.77151686
vn 0.45476407 0.86886358 -0.19561616
vn 0.69164163 0.71150500 -0.12406639
vn 0.57234287 0.41035065 -0.70995486
vn 0.13178231 0.97959465 0.15174930
vn 0.47411275 0.76583123 0.43441868
vn -0.71804184 -0.41918084 -0.55561078
vn -0.97098404 -0.19546856 -0.13777526
vn -0.97371340 -0.20197651 0.10529792
vn -0.91861981 -0.38952619 0.06638535
vn -0.34237933 0.33024895 0.87960905
vn -0.23027700 0.40229061 0.88607830
vn -0.49828520 0.19572170 0.84463304
vn -0.49057966 0.08644674 0.86709785
vn 0.08308316 0.55334264 0.82879978
vn 0.04073146 0.56018239 0.82736725
vn -0.62679243 0.03692178 0.77831095
vn -0.94854397 -0.24952337 0.19494236
vn -0.51794213 0.03047367 0.85487270
vn 0.73253530 0.29845357 -0.61181480
vn -0.99482447 0.10155024 0.00344169
vn -0.99437290 0.10519647 0.01249433
vn -0.99679399 0.07943728 -0.00956220
vn -0.99788094 0.06489878 -0.00466435
vn -0.99437422 0.10102164 0.03185066
vn -0.99049181 0.13332564 0.03391419
vn -0.99914771 0.03799360 0.01613377
vn -0.98769891 0.08129262 -0.13357535
vn -0.98270845 0.15608342 -0.09961035
vn -0.95619035 0.25873831 -0.13694744
vn -0.95671892 0.23270448 -0.17474969
vn -0.95134717 0.23889726 -0.19459392
vn -0.98261386 0.09834501 -0.15747505
vn -0.98965800 -0.00426608 -0.14338323
vn -0.99000072 -0.02771375 -0.13831277
vn -0.37331429 0.72380155 -0.58029956
vn -0.61946183 0.07389169 -0.78154153
vn -0.80728096 0.47852281 -0.34541777
vn -0.42354423 0.80449897 -0.41640311
vn -0.98093355 0.14801189 -0.12594362
vn -0.91441387 -0.14250877 -0.37886477
vn -0.76274502 -0.52299064 -0.38039550
vn -0.99013019 -0.12324058 -0.06673701
vn -0.99486011 0.10060260 -0.01151019
vn -0.90547568 0.09537682 -0.41354191
vn -0.84343922 0.32546291 -0.42741555
vn -0.63585711 0.61630678 0.46459833
vn -0.90708423 0.33285499 0.25769347
vn -0.92448056 0.37945282 0.03675995
vn -0.85159433 0.50178164 -0.15166564
vn -0.58581811 0.74082720 0.32862189
vn -0.90299881 0.42621443 -0.05416974
vn -0.69995296 0.70310736 0.12532307
vn -0.76435149 0.60877311 0.21251366
vn -0.96373379 0.25598925 -0.07541162
vn -0.96767581 0.23963778 0.07859526
vn -0.82829118 0.55114204 0.10087658
vn -0.71596730 0.69684321 -0.04243332
vn -0.87286741 0.21709384 -0.43700427
vn -0.69644761 0.71746677 -0.01422373
vn -0.96519107 0.25099799 0.07352681
vn -0.94627821 0.29228315 -0.13830443
vn -0.91200119 -0.01091106 -0.41004252
vn -0.98621398 0.10570183 -0.12731487
vn -0.52742499 0.71665585 -0.45631921
vn -0.47676888 0.73122263 -0.48785749
vn -0.33848128 0.73243821 -0.59073228
vn -0.33647102 0.74028075 -0.58204097
vn -0.63517487 0.70008129 -0.32625002
vn -0.58409643 0.72966868 -0.35554871
vn -0.70207387 0.63055474 -0.33089697
vn -0.73583972 0.62732452 -0.25495842
vn -0.32592326 0.73458356 -0.59511441
vn -0.49530804 0.70353478 -0.50961637
vn -0.68858027 0.60665125 -0.39728001
vn -0.23829632 0.08923275 -0.96708441
vn -0.26086035 -0.09849907 -0.96033841
vn -0.68946725 -0.03759851 -0.72334033
vn -0.60713798 0.32141954 -0.72668630
vn -0.16769749 0.80424035 -0.57015342
vn 0.17451110 0.34714565 -0.92143136
vn 0.24620718 -0.04973677 -0.96794021
vn -0.03821455 0.99865735 -0.03497616
vn 0.23461896 0.92131883 -0.31004143
vn -0.45263207 0.87290370 -0.18210813
vn -0.49733064 0.86256212 0.09299923
vn 0.00193278 0.99140209 0.13083714
vn 0.35852465 0.93144757 -0.06217369
vn -0.95819479 -0.26146376 -0.11618711
vn -0.80111074 -0.52687418 -0.28394580
vn -0.75056785 -0.66073620 0.00869189
vn -0.96122193 -0.27131259 0.04941501
vn -0.99824470 -0.02112716 0.05532914
vn -0.97951740 -0.16054319 -0.12153763
vn -0.83227372 -0.35642877 -0.42459276
vn 0.08389044 -0.13760976 -0.98692745
vn 0.12041257 -0.69107533 -0.71268195
vn -0.42458227 -0.59118575 -0.68573272
vn -0.29711610 0.18086623 -0.93755496
vn 0.37065414 0.19570263 -0.90791845
vn 0.59410495 -0.42837387 -0.68083417
vn -0.00918551 0.53126472 -0.84715605
vn 0.49080718 -0.56171769 -0.66601914
vn 0.74337947 -0.47359839 -0.47232568
vn 0.49051338 -0.80425972 -0.33550376
vn 0.18867421 -0.69798386 -0.69081151
vn -0.79307371 -0.58044779 -0.18470079
vn -0.46258947 -0.86671364 -0.18659674
vn -0.41608098 -0.87306583 0.25422937
vn -0.88958830 -0.45561686 0.03234448
vn -0.88607186 -0.45634302 0.08140995
vn -0.79507816 -0.56438667 -0.22207731
vn -0.53350317 -0.68367422 -0.49795973
vn -0.79727024 -0.57376093 -0.18750618
vn -0.79932809 -0.58668160 -0.12992047
vn -0.64287621 -0.76228857 -0.07500841
vn -0.68332326 -0.70815253 -0.17773360
vn -0.72843164 -0.66690713 -0.15691485
vn -0.79387450 -0.59169680 -0.14020844
vn -0.83418947 -0.49150875 -0.25009415
vn -0.84455788 -0.47938377 -0.23856486
vn -0.18209016 0.26401713 -0.94717371
vn -0.49226928 0.38598001 -0.78018612
vn -0.70160556 0.45443788 -0.54884958
vn -0.74644864 0.11437149 -0.65554059
vn -0.68488711 0.25153872 -0.68385506
vn -0.06058837 -0.01738106 -0.99801153
vn 0.56480032 0.13377440 -0.81431258
vn 0.34486040 0.57613331 -0.74104095
vn 0.55716425 0.35522771 -0.75058722
vn -0.10330944 0.84938294 -0.51756716
vn -0.07235833 0.99185658 -0.10480794
vn 0.72823626 0.62799215 -0.27440476
vn -0.89287937 0.44254121 -0.08320848
vn -0.57804614 -0.50703979 -0.63935381
vn -0.44061527 -0.59107941 -0.67563546
vn -0.50004584 -0.38319886 -0.77660340
vn -0.63779300 -0.28264448 -0.71647203
vn -0.67318755 -0.40363419 -0.61959499
vn -0.75253916 -0.43595773 -0.49358433
vn -0.73832434 -0.45934990 -0.49383673
vn -0.77972662 -0.25200486 -0.57316655
vn 0.81345159 -0.13193698 -0.56647074
vn 0.67513818 -0.39897618 -0.62048900
vn 0.63941211 -0.27547166 -0.71782130
vn 0.84947741 -0.08023557 -0.52148849
vn 0.91161549 0.03261326 -0.40974844
vn 0.89223522 -0.11587648 -0.43645027
vn 0.77676523 -0.49825007 -0.38520485
vn 0.60087579 0.10052386 -0.79299641
vn 0.58863586 0.15427074 -0.79354161
vn 0.63158262 0.17910430 -0.75433755
vn 0.65892661 0.08036056 -0.74790227
vn 0.59975487 0.02599740 -0.79976135
vn 0.59540355 0.14618206 -0.79001606
vn 0.60478204 -0.00628268 -0.79636621
vn -0.14302051 -0.41661376 -0.89776284
vn 0.18196015 0.05969933 -0.98149198
vn 0.00899050 -0.03894880 -0.99920070
vn -0.12011160 -0.54382116 -0.83056110
vn 0.01008786 -0.43409812 -0.90080911
vn 0.12841065 -0.09294711 -0.98735577
vn 0.10554352 -0.47391620 -0.87422186
vn -0.13588345 -0.97290641 -0.18705273
vn -0.22027315 -0.95866555 -0.18011105
vn -0.15695670 -0.95936292 -0.23449379
vn -0.06716111 -0.97294354 -0.22106613
vn -0.10937976 -0.97976828 -0.16760111
vn -0.22159888 -0.96549278 -0.13681327
vn -0.00307291 -0.97867775 -0.20537874
vn -0.28798971 -0.95016909 -0.11933371
vn -0.03161474 -0.89858705 0.43765488
vn 0.39399937 -0.87536824 0.28016949
vn 0.13449189 -0.97653389 -0.16820633
vn 0.03304271 -0.91516757 -0.40171683
vn -0.15503694 -0.93347532 -0.32339963
vn -0.63494021 -0.69170839 0.34407905
vn -0.35041225 -0.82021588 -0.45216936
vn -0.42850357 -0.88442528 -0.18486926
vn -0.77515596 -0.59152472 -0.22188236
vn -0.54738581 -0.59982765 -0.58358854
vn 0.16726105 -0.79931045 -0.57717121
vn 0.16617189 -0.97313476 -0.15935965
vn 0.00681267 -0.46415377 -0.88572842
vn -0.93213141 -0.36184409 0.01413525
vn -0.95201600 -0.28851154 -0.10211085
vn -0.90616077 -0.40966737 -0.10509652
vn -0.91882849 -0.39413786 -0.02023796
vn -0.95851070 -0.28262722 0.03713680
vn -0.98605448 -0.16585277 -0.01376086
vn -0.95300949 -0.30284426 -0.00764315
vn 0.96848130 0.24473618 0.04634712
vn 0.93297398 0.35800385 0.03731860
vn 0.93740523 0.34599090 -0.03951753
vn 0.95494640 0.29268262 -0.04913670
vn 0.95313460 0.29639143 -0.06071789
vn 0.97478694 0.22050475 0.03417612
vn 0.94992918 0.31179598 0.02043897
vn 0.95960909 -0.04988101 -0.27687970
vn 0.92367858 0.20352320 -0.32464793
vn 0.95222664 0.30256468 -0.04146009
vn 0.99402416 -0.08876801 -0.06353053
vn 0.73945427 -0.66147029 -0.12515776
vn 0.71690863 -0.47015649 -0.51477647
vn 0.62756270 -0.12501696 -0.76846325
vn -0.74788767 0.36446524 -0.55482340
vn -0.70648926 0.19019744 -0.68168747
vn -0.75436306 0.05779932 -0.65390795
vn -0.75136667 0.34921363 -0.55990905
vn -0.73330778 0.49033555 -0.47098902
vn -0.73852909 0.44798568 -0.50386864
vn -0.66109031 0.36851680 -0.65357089
vn 0.99380159 -0.02641116 -0.10798550
vn 0.80246329 0.21652107 -0.55603164
vn 0.77890223 0.52483875 -0.34330109
vn 0.99556100 0.06773169 0.06535031
vn 0.94113916 -0.23071481 0.24703783
vn 0.96545768 -0.25184745 -0.06681615
vn 0.74668765 -0.14412801 -0.64937252
vn -0.37717181 0.43222791 -0.81909740
vn -0.42118677 0.23465738 -0.87609231
vn -0.52407968 0.54884130 -0.65124011
vn 0.19545856 0.43912578 -0.87690616
vn 0.12699808 0.06292771 -0.98990482
vn 0.07282069 0.75469810 -0.65201831
vn 0.52470720 -0.14698289 -0.83849770
vn 0.76193750 -0.13218749 -0.63401711
vn 0.25735751 -0.60502613 -0.75346571
vn 0.03705284 -0.19559942 -0.97998363
vn 0.03688546 0.56376725 -0.82510960
vn 0.46861592 0.40689275 -0.78411573
vn -0.00715829 0.70892036 -0.70525211
vn -0.18976562 0.73073286 -0.65575796
vn -0.19205123 0.73355740 -0.65192777
vn -0.02519298 0.72417384 -0.68915725
vn 0.16950655 0.70692879 -0.68667245
vn 0.26395088 0.66302156 -0.70052284
vn 0.17590919 0.63988447 -0.74806672
vn 0.13711549 0.72398281 -0.67605346
vn -0.38859141 0.24696310 -0.88769704
vn -0.30200869 -0.03296643 -0.95273501
vn 0.11707607 0.33651382 -0.93437231
vn -0.06898590 0.80315053 -0.59176868
vn -0.32654977 0.93386519 -0.14581186
vn 0.66953355 0.71414995 0.20424139
vn 0.44926637 0.72268003 -0.52525550
vn -0.64430606 0.68961173 -0.33061355
vn 0.10434329 0.98878014 -0.10689390
vn 0.75111818 0.56032932 0.34907392
vn -0.95025462 0.08095758 -0.30076924
vn -0.65512395 0.67618835 -0.33701900
vn -0.97847652 0.13610238 0.15511189
vn -0.99886060 -0.01061772 -0.04652583
vn -0.95151556 -0.10651233 -0.28857124
vn 0.72119486 0.64737278 -0.24654934
vn 0.91299611 0.40794066 -0.00474908
vn 0.74323988 0.66010356 0.10889418
vn 0.77947789 0.48660612 -0.39449805
vn 0.43602335 0.86579967 -0.24550869
vn 0.50237793 0.80376726 -0.31870767
vn 0.85818189 0.41112885 -0.30740356
vn 0.31750754 0.93480849 -0.15912886
vn 0.98122883 0.18504505 0.05429813
vn 0.88424540 0.34410855 0.31575215
vn 0.68533367 0.57569784 0.44597042
vn 0.61144412 0.58040708 -0.53783238
vn 0.64743894 0.28602543 -0.70640796
vn 0.77986729 0.40129152 0.48038742
vn 0.65001035 0.75648004 0.07228079
vn 0.36416197 0.83177269 0.41897520
vn -0.03681067 0.94292778 0.33095640
vn 0.46576914 0.82871985 -0.31029403
vn 0.76808900 0.60417271 -0.21216629
vn 0.63222861 0.75875431 0.15677686
vn 0.70790446 0.67463070 0.20915230
vn 0.74650228 0.41926852 -0.51667041
vn 0.37809277 0.83532238 0.39910185
vn 0.47966778 0.85451972 0.19928572
vn -0.08270703 0.93427873 0.34681839
vn 0.43504673 0.73227477 0.52393532
vn -0.57239830 0.81415009 0.09756967
vn 0.04456544 0.75978667 -0.64864337
vn -0.61285609 0.74067366 0.27533633
vn -0.47613922 0.64749998 -0.59500855
vn -0.53069305 0.30693668 -0.79003459
vn -0.81060559 0.44943434 -0.37540287
vn -0.60977596 0.77308065 -0.17469862
vn -0.14917082 0.74349475 -0.65189230
vn -0.11707281 0.25697026 -0.95930195
vn -0.28106970 0.95849413 -0.04784236
vn 0.75867218 0.04280446 -0.65006495
vn 0.56482470 -0.00752689 -0.82517660
vn 0.57587045 0.31298196 -0.75525850
vn 0.80987084 0.28456524 -0.51296365
vn 0.80710661 -0.03958334 -0.58907729
vn 0.58943111 -0.16593772 -0.79059190
vn 0.91935194 0.18256815 -0.34851265
vn 0.58989418 0.80640632 0.04163818
vn 0.75258052 0.60750914 -0.25407708
vn 0.48422128 0.74533755 -0.45825940
vn 0.32330272 0.94621724 0.01218320
vn 0.35673290 0.87595946 0.32470995
vn 0.68577170 0.70734155 0.17142059
vn 0.88769823 0.45271385 -0.08391680
vn -0.98613983 0.12167556 -0.11279689
vn -0.94711030 0.05571864 -0.31603420
vn -0.94683182 -0.07724106 -0.31231928
vn -0.99527717 0.05033234 -0.08300588
vn -0.95862764 0.28089550 0.04615960
vn -0.94153595 0.27281955 -0.19768539
vn -0.96725488 0.21317387 0.13774951
vn 0.49691838 0.36690408 -0.78641820
vn 0.71174765 0.50467134 -0.48859203
vn 0.63535964 0.73709983 0.23022142
vn 0.37930816 0.90370291 0.19861083
vn 0.71292502 0.16057225 -0.68260854
vn 0.71863043 0.17686921 -0.67252320
vn -0.11134095 0.27938211 -0.95370275
vn 0.07634061 -0.19909211 -0.97700274
vn 0.45124012 -0.01468284 -0.89228171
vn 0.70928007 0.14054985 -0.69077313
vn -0.14664462 0.97440767 0.17036714
vn 0.72830105 0.62479073 0.28145042
vn 0.71594208 0.59609401 0.36345410
vn 0.51968819 0.63597673 0.57048917
vn 0.54673934 0.34882191 -0.76118296
vn 0.36044732 0.23823388 -0.90184391
vn 0.32597214 0.51867634 -0.79039049
vn 0.55450183 0.55001009 -0.62451309
vn 0.62004644 0.26030856 -0.74012280
vn 0.41797641 0.06821931 -0.90589279
vn 0.70249581 0.45349231 -0.54849267
vn -0.61264646 0.40632683 0.67791069
vn -0.84142971 0.08993597 0.53282964
vn -0.81040794 0.20905006 0.54729974
vn -0.98178107 0.05406247 0.18216228
vn -0.74198306 0.25576198 0.61971515
vn -0.98916262 -0.10806834 0.09939174
vn -0.21551922 0.59002966 0.77808511
vn -0.35418668 0.50579870 0.78658724
vn -0.95429903 -0.21919435 -0.20314288
vn -0.97270554 0.14310628 -0.18265958
vn -0.62665313 0.77565759 0.07524041
vn -0.99529850 -0.09633040 0.01006980
vn -0.96644926 -0.13747735 -0.21696968
vn -0.94706112 -0.28073251 -0.15577082
vn -0.98165375 -0.17537834 0.07482211
vn -0.98679662 0.10132786 0.12635329
vn -0.98241007 0.11059979 -0.15046014
vn -0.95816755 0.00816802 0.28609160
vn -0.70591694 0.37503064 -0.60086048
vn -0.84586060 0.42354217 -0.32424039
vn -0.61662102 0.73549563 -0.28075734
vn -0.45563275 0.58061171 -0.67475098
vn -0.67871076 0.07999559 -0.73003590
vn -0.89093840 0.05692158 -0.45054275
vn -0.34870911 0.21133229 -0.91309398
vn -0.12826516 0.84174007 0.52442521
vn 0.08995914 0.94560564 0.31262964
vn -0.19614045 0.97711372 0.08232776
vn -0.39770436 0.81029522 0.43040994
vn -0.03866555 0.78064984 0.62377143
vn 0.24995136 0.86522067 0.43464634
vn -0.34396741 0.67825562 0.64935023
vn -0.73917633 0.44991443 -0.50119400
vn -0.54154515 0.27998617 -0.79267675
vn -0.80546045 -0.00232144 -0.59264505
vn -0.92885280 0.28885084 -0.23194300
vn -0.52814984 0.80551624 -0.26870295
vn -0.20116763 0.69070452 -0.69459248
vn -0.75145119 0.63737822 0.17049955
vn -0.39203674 -0.19861643 -0.89825308
vn -0.59074426 -0.13807891 -0.79495633
vn -0.32980043 0.08434208 -0.94027555
vn -0.14918603 -0.06140503 -0.98690069
vn -0.34726423 -0.23978849 -0.90659195
vn -0.65426242 -0.28856781 -0.69904882
vn 0.00958363 -0.13593094 -0.99067193
vn -0.86655951 -0.07954003 -0.49269456
vn -0.29218978 0.89838094 -0.32792816
vn -0.31253466 0.68896055 0.65395361
vn -0.79334122 0.49403146 0.35572860
vn -0.99725479 0.07337824 -0.00992424
vn -0.93179822 -0.21738146 -0.29068437
vn -0.93926507 -0.21576981 -0.26687923
vn -0.90515465 -0.15254828 -0.39676702
vn 0.06763253 0.08555850 -0.99403495
vn -0.39427146 0.71849811 -0.57298380
vn -0.16009596 0.98591644 0.04835301
vn -0.06137734 0.63938302 0.76643467
vn -0.77341694 0.36123922 0.52089578
vn -0.88924503 0.29112491 0.35283077
vn -0.63988543 0.55561292 0.53088689
vn -0.76049936 0.39992490 0.51156694
vn 0.34476316 -0.00415955 -0.93868047
vn -0.21892419 0.61199546 -0.75995648
vn -0.43865287 0.80700868 0.39537394
vn 0.09858508 0.74274778 0.66227388
vn -0.38020670 0.80826020 0.44962010
vn 0.15933870 0.82410264 0.54356784
vn 0.63576454 0.53973514 -0.55180556
vn 0.71310574 0.46836939 -0.52164197
vn 0.58663565 0.23738894 -0.77427721
vn 0.49285504 0.38973576 -0.77794605
vn 0.35358334 0.66909307 -0.65367681
vn 0.55409157 0.75317329 -0.35455966
vn 0.68634766 0.69205916 -0.22356427
vn 0.06579763 0.98030937 -0.18618330
vn 0.13598563 0.83913904 -0.52664351
vn 0.31363335 0.84513140 -0.43288231
vn 0.29080951 0.94322747 -0.16047345
vn -0.07683101 0.96979731 -0.23149568
vn -0.07961255 0.75459993 -0.65133756
vn -0.03842997 0.99352831 -0.10688541
vn -0.20816728 0.84704131 0.48906785
vn -0.63063812 0.62692106 0.45745546
vn -0.21317191 0.73189765 0.64721227
vn 0.18512177 0.89504302 0.40574363
vn -0.45615280 0.76848096 0.44873324
vn -0.60319209 0.78151888 0.15933482
vn -0.66217500 0.56625760 0.49079183
vn -0.22629784 0.91414052 0.33635738
vn -0.28380510 0.94875193 -0.13901274
vn 0.78871959 0.06045602 -0.61177325
vn 0.92788291 0.25551239 -0.27156365
vn 0.94711930 0.08360882 -0.30979759
vn 0.81177348 -0.16941628 -0.55885786
vn 0.78478968 0.32393911 -0.52836400
vn 0.78831995 0.60226905 -0.12579170
vn 0.59851319 0.27596423 -0.75208092
vn 0.73553258 0.40577716 -0.54252797
vn 0.66015553 0.58031553 -0.47689471
vn 0.76381689 0.58743852 -0.26739421
vn 0.86927509 0.42383593 -0.25440884
vn 0.58338100 0.49993497 -0.64010280
vn 0.54631257 0.35344404 -0.75935489
vn 0.80743659 0.31562141 -0.49842680
vn -0.42747936 0.82555515 -0.36840206
vn 0.13478860 0.83318883 -0.53630990
vn -0.16535434 0.42590684 -0.88952863
vn -0.56416363 0.69619489 -0.44388297
vn -0.55623972 0.82433289 0.10522653
vn -0.53085160 0.84640187 0.04243059
vn 0.11225479 0.99316370 0.03200885
vn 0.56220567 0.82617736 -0.03682071
vn 0.65431386 0.64643449 -0.39242306
vn 0.79714721 0.59973192 -0.06984185
vn 0.73896617 0.64067626 0.20847785
vn 0.89615768 0.44366294 0.00803465
vn 0.85651737 0.35776550 -0.37199712
vn 0.49222395 0.32259858 -0.80848366
vn 0.72880018 0.08637757 -0.67925638
vn 0.39171603 0.24870606 -0.88583511
vn 0.24539709 0.87563115 -0.41599309
vn 0.69282955 0.67897475 -0.24285944
vn 0.67731607 0.73020810 0.08966045
vn 0.62810534 0.73862612 0.24477555
vn 0.17234352 0.98330581 -0.05837362
vn 0.45496663 0.83505380 0.30933881
vn 0.17549226 0.93530107 0.30726901
vn 0.59954154 0.79813737 0.05938567
vn 0.43482563 0.89057636 0.13341814
vn 0.14747858 0.96552801 0.21448925
vn 0.31224602 0.89189219 -0.32715553
vn 0.08750088 0.96211660 -0.25821552
vn -0.44805682 0.62481248 -0.63941735
vn -0.44810188 0.80432540 -0.39021221
vn -0.81732726 0.45644817 -0.35161257
vn -0.81450331 0.46524075 -0.34660548
vn -0.97754604 0.14906555 -0.14894049
vn -0.91167617 0.37467554 0.16871524
vn -0.98300415 0.10872365 0.14792508
vn -0.75509769 0.40430114 0.51610863
vn -0.86459416 0.23981817 0.44154748
vn -0.99455267 0.08414523 0.06151826
vn -0.98958838 -0.00216120 0.14391023
vn -0.95711809 0.05734814 0.28396520
vn -0.82534236 0.32221895 0.46366453
vn -0.91567218 0.20537971 0.34549034
vn -0.87911522 0.29986507 0.37045547
vn -0.97980762 0.13488936 0.14758708
vn -0.98824406 -0.13115190 -0.07856895
vn -0.93622226 0.21964282 0.27430788
vn -0.99739778 -0.04693582 0.05472365
vn -0.96937269 -0.10949554 0.21983501
vn -0.85901117 0.06673169 0.50758922
vn -0.97904009 -0.16156541 0.12400401
vn -0.98739147 0.06075266 0.14617510
vn -0.96355605 0.20682412 0.16965699
vn -0.91881222 0.37813073 0.11314228
vn -0.91826183 0.25695428 0.30128041
vn -0.86889899 0.46540299 0.16856602
vn -0.71711469 0.69604373 0.03563311
vn -0.77170503 0.63349402 0.05618344
vn -0.61276954 0.79007077 -0.01737298
vn -0.62226111 0.78260982 0.01768956
vn -0.63841736 0.76707613 0.06338309
vn -0.60864294 0.78450376 0.11877488
vn -0.63641036 0.77052402 0.03569955
vn -0.62576246 0.77795285 0.05666300
vn -0.59233469 0.79997826 0.09578346
vn -0.55408031 0.82090002 0.13826849
vn -0.54311037 0.82538497 0.15417756
vn -0.66783708 0.74117362 0.06822988
vn -0.65242696 0.74823982 0.12031682
vn -0.63047951 0.75952381 0.16005976
vn -0.60267854 0.77814144 0.17684604
vn -0.50796044 0.84706944 0.15636306
vn -0.71337402 0.68547481 0.14567670
vn -0.70141721 0.69143867 0.17299262
vn -0.68672633 0.70031637 0.19484314
vn -0.66770607 0.70793366 0.23021415
vn -0.56325966 0.80017120 0.20606939
vn -0.76943392 0.61430842 0.17491870
vn -0.75127584 0.62728524 0.20517735
vn -0.73405457 0.63007051 0.25332779
vn -0.71690571 0.62920165 0.30025271
vn -0.64173502 0.71478677 0.27794954
vn -0.81977564 0.53448856 0.20564476
vn -0.79266495 0.54809356 0.26697531
vn -0.77283865 0.54881948 0.31861848
vn -0.75225890 0.53738767 0.38121018
vn -0.68339711 0.63302445 0.36365971
vn -0.86296362 0.42941061 0.26627105
vn -0.83818752 0.41979551 0.34815723
vn -0.82175797 0.40132964 0.40453479
vn -0.77533501 0.38797146 0.49833095
vn -0.70643079 0.51698208 0.48340982
vn -0.88081688 0.29764956 0.36819345
vn -0.86638606 0.29502079 0.40291199
vn -0.81819582 0.27723438 0.50368309
vn -0.70288044 0.19494869 0.68407166
vn -0.70265353 0.35156390 0.61861205
vn -0.88630664 0.24547336 0.39268741
vn -0.82871568 0.21139064 0.51821256
vn -0.67818862 0.13124841 0.72307265
vn -0.58557260 0.08528021 0.80612165
vn -0.63130236 0.11381388 0.76713997
vn -0.83850592 0.12957127 0.52926272
vn -0.69189149 0.10634246 0.71412706
vn -0.60663831 0.11706658 0.78631127
vn -0.58092749 0.11818071 0.80533010
vn -0.67539132 0.08235218 0.73284692
vn -0.75038117 0.08176185 0.65592921
vn -0.65143120 0.10689102 0.75114024
vn -0.54323077 0.10080793 0.83350950
vn -0.68995863 0.07856116 0.71957290
vn -0.83692676 0.11939501 0.53413343
vn -0.69357467 0.04750355 0.71881682
vn -0.54410660 0.05941373 0.83690977
vn -0.59733987 0.05730046 0.79993856
vn -0.93461025 -0.02978447 0.35442427
vn -0.98274601 0.04538149 0.17930681
vn -0.62348276 0.05622844 0.77981251
vn -0.94077104 -0.12653118 0.31454685
vn -0.97518182 -0.22087924 0.01525327
vn -0.99717814 -0.07393894 -0.01298651
vn -0.78844142 -0.06333607 0.61184031
vn -0.91721582 -0.39275050 0.06679857
vn -0.93070412 -0.31380627 0.18792447
vn -0.86556697 -0.13497069 0.48226222
vn -0.91815555 -0.07083354 0.38983712
vn -0.79663980 -0.60189986 0.05551194
vn -0.84169281 -0.36389720 0.39891335
vn -0.79667133 -0.23399882 0.55727863
vn -0.76947522 -0.19973338 0.60664189
vn -0.82764256 -0.10727870 0.55090755
vn -0.70609599 -0.27864552 0.65098774
vn -0.66030508 -0.19364019 0.72560364
vn -0.71952087 -0.12864490 0.68245167
vn -0.61352116 -0.38101611 0.69167799
vn -0.54369241 -0.30221206 0.78298563
vn -0.45003065 -0.20656313 0.86879462
vn -0.60188901 -0.08097608 0.79446375
vn -0.38555580 -0.57491219 0.72168046
vn -0.29335198 -0.46801373 0.83361131
vn -0.20128533 -0.35878491 0.91145903
vn -0.15856770 -0.29209265 0.94315326
vn -0.39526299 -0.14234658 0.90747148
vn -0.05243955 -0.58307469 0.81072432
vn -0.07718912 -0.42804441 0.90045542
vn -0.10437312 -0.32705197 0.93922478
vn -0.18238218 -0.35647073 0.91633254
vn -0.25937775 -0.27409285 0.92606503
vn -0.24853656 -0.36544305 0.89704001
vn -0.35086924 -0.20187058 0.91440630
vn -0.41804868 -0.23351063 0.87789977
vn -0.42127445 -0.27417389 0.86449784
vn -0.32697165 -0.30835161 0.89331347
vn -0.66667676 -0.00495346 0.74533045
vn -0.77059543 0.05450280 0.63498980
vn -0.76143593 0.07447851 0.64394742
vn -0.85844570 0.29050010 0.42270657
vn -0.75773841 0.36299205 0.54228145
vn -0.61781633 0.08542973 0.78166789
vn -0.36127484 -0.19528821 0.91178018
vn -0.89449465 0.17038028 0.41333985
vn -0.83603972 0.08927578 0.54135698
vn -0.86080450 0.03668734 0.50761157
vn -0.87082314 0.09605223 0.48212126
vn -0.79428047 0.20355904 0.57243538
vn -0.47347593 -0.09567277 0.87559539
vn -0.38949218 -0.07038108 0.91833675
vn -0.68815345 0.28282568 0.66817242
vn -0.62261200 -0.10328478 0.77568454
vn -0.71391994 -0.15403561 0.68307489
vn -0.43719524 -0.34844697 0.82912308
vn -0.71560091 -0.18546578 0.67343730
vn -0.50457770 -0.40800968 0.76087403
vn -0.35126331 -0.51468694 0.78211993
vn -0.34943742 -0.42058674 0.83725762
vn -0.29387560 -0.55815041 0.77595437
vn -0.33784866 -0.46796837 0.81661737
vn -0.38538778 -0.19722837 0.90143067
vn -0.34194696 0.21909642 0.91382104
vn -0.25474447 -0.52097034 0.81467479
vn -0.28920308 -0.37110814 0.88240600
vn -0.32069266 -0.01099459 0.94711947
vn -0.31019783 0.38078734 0.87107879
vn -0.24649651 0.53444833 0.80845815
vn -0.17776412 -0.46102914 0.86939758
vn -0.22491764 -0.23634736 0.94527870
vn -0.26040712 0.17294009 0.94988418
vn -0.25466269 0.52595693 0.81149018
vn -0.27971646 0.64924473 0.70727646
vn -0.23329206 -0.45398146 0.85992777
vn -0.35668314 -0.09247017 0.92963779
vn -0.38581663 0.35885528 0.84992260
vn -0.32932392 0.67441171 0.66084391
vn -0.22922279 0.74169135 0.63035774
vn -0.23208319 -0.30358002 0.92410845
vn -0.24787804 0.21827969 0.94388056
vn -0.22468178 0.61841333 0.75304919
vn -0.16268922 0.86556029 0.47364292
vn -0.22709978 0.86482137 0.44778296
vn 0.18836707 0.13565725 0.97268438
vn 0.18119559 0.51657569 0.83684987
vn 0.13093811 0.82108939 0.55557847
vn 0.06272717 0.95877790 0.27714685
vn -0.09377311 0.95990670 0.26416981
vn 0.53958815 0.45485166 0.70848757
vn 0.44452041 0.74476790 0.49771708
vn 0.30952910 0.90388858 0.29525805
vn 0.17562895 0.96327502 0.20311499
vn 0.03181215 0.97896940 0.20151110
vn 0.57052702 0.70912224 0.41430011
vn 0.39595258 0.87200075 0.28781268
vn 0.21549644 0.96857774 0.12417103
vn 0.35450286 0.92396879 0.14356013
vn 0.18702510 0.98129624 -0.04559971
vn 0.10411793 0.99002302 -0.09494147
vn 0.19202839 0.97170836 -0.13750623
vn 0.16296232 0.98310953 -0.08330032
vn 0.13498080 0.99045134 0.02804185
vn 0.05926883 0.99736297 -0.04188510
vn 0.07089897 0.99020439 0.12028487
vn 0.02503198 0.99915498 0.03259674
vn 0.00624948 0.98654860 0.16334835
vn -0.00855857 0.99680406 0.07942512
vn -0.03167631 0.99936360 -0.01640139
vn -0.04494590 0.99695724 -0.06368731
vn -0.05237075 0.99803919 0.03427898
vn -0.08953902 0.99522871 -0.03876274
vn -0.13234058 0.98876309 -0.06952409
vn -0.14526998 0.98928994 -0.01422272
vn -0.10387971 0.99162078 0.07679289
vn -0.06328642 0.98298174 0.17245767
vn -0.13738288 0.96030223 0.24278745
vn -0.16848442 0.97311193 0.15705466
vn -0.20272416 0.88816595 0.41238844
vn -0.20074561 0.97721148 0.06898571
vn -0.23351112 0.92617500 0.29609549
vn -0.25744084 0.81403804 0.52064019
vn -0.18676141 0.95553988 0.22817507
vn -0.19899204 0.86317444 0.46403891
vn -0.21199787 0.73331094 0.64599693
vn 0.69195235 0.41580182 0.59017867
vn 0.46685487 0.24498519 0.84972280
vn 0.82786566 -0.54989904 0.11067735
vn 0.71437371 -0.57698345 0.39592975
vn 0.73731965 -0.67519474 0.02172264
vn 0.62369174 -0.70183367 0.34414843
vn 0.63693529 -0.76906139 -0.05346084
vn 0.53270715 -0.78576761 0.31431240
vn 0.30747482 -0.62649316 0.71621609
vn 0.42609480 -0.85806775 0.28664097
vn 0.27431807 -0.63421881 0.72285283
vn 0.10742071 -0.33331081 0.93667740
vn 0.04620045 -0.36884996 0.92834002
vn -0.09989090 0.07592606 0.99209726
vn -0.26882055 0.00237361 0.96318734
vn -0.28451645 0.47795460 0.83102936
vn -0.51922959 0.37239724 0.76923400
vn -0.30321112 0.50902891 0.80557597
vn -0.56977326 0.43017715 0.70021856
vn -0.15821458 0.11692851 0.98045707
vn -0.41028848 0.11759688 0.90434200
vn -0.10153834 -0.05463056 0.99333048
vn -0.25820288 -0.09635387 0.96127379
vn -0.23152833 0.24751301 0.94081450
vn -0.38432842 0.10379784 0.91734272
vn -0.42269436 -0.09392913 0.90139157
vn -0.48275530 0.31310359 0.81787133
vn -0.55544412 0.11846858 0.82307172
vn -0.46337560 -0.13229521 0.87623113
vn -0.56253433 0.03019828 0.82622224
vn -0.45482981 -0.09228826 0.88578361
vn -0.59407800 0.11027263 0.79681313
vn -0.57433724 0.04488507 0.81738740
vn -0.56804115 -0.00104032 0.82299954
vn -0.58839792 0.13032216 0.79800004
vn -0.25973728 0.10911061 0.95949537
vn -0.49993774 0.04608210 0.86483449
vn 0.18246737 -0.08986221 0.97909671
vn -0.19065580 -0.23656690 0.95272577
vn 0.32202303 -0.15208915 0.93443573
vn 0.06107407 -0.43496713 0.89837277
vn -0.22868058 -0.55453300 0.80012393
vn -0.01113602 -0.38825646 0.92148411
vn -0.48957264 -0.55043215 0.67627156
vn -0.68721861 -0.54745066 0.47752318
vn -0.72378004 -0.13367106 0.67695963
vn -0.85567731 -0.46464428 0.22786391
vn -0.86054444 -0.17730352 0.47752151
vn -0.75494069 0.08244780 0.65058959
vn -0.68313664 0.08959021 0.72477430
vn -0.78078544 0.07953592 0.61971617
vn -0.74486715 0.04937726 0.66538316
vn -0.84713346 0.02403603 0.53083628
vn -0.82572222 -0.00963692 0.56399465
vn -0.77565342 -0.06950683 0.62732005
vn -0.85911399 -0.02695776 0.51107389
vn -0.87132972 0.01716069 0.49039793
vn -0.94116873 -0.01088645 0.33776179
vn -0.88249707 0.04133446 0.46849805
vn -0.93931890 0.04853631 0.33959422
vn -0.99900264 0.03705660 0.02491016
vn -0.92852229 0.07141380 0.36434382
vn -0.99187112 0.07591861 0.10211761
vn -0.99507254 0.09743437 0.01836093
vn -0.96123517 0.11361307 0.25123510
vn -0.99066544 0.13228080 -0.03292197
vn -0.95405215 0.12701173 0.27139005
vn -0.94979757 0.26294276 0.16954499
vn -0.96526307 0.21402217 0.14987212
vn -0.79515028 0.11851406 0.59471869
vn -0.86916870 0.39891106 0.29225963
vn -0.82116258 0.30767477 0.48065400
vn -0.69352317 0.28824440 0.66025805
vn -0.74911946 0.47448528 0.46225941
vn -0.68880141 0.46708831 0.55441958
vn -0.65810353 0.48805800 0.57332289
vn -0.63711745 0.58399916 0.50301725
vn -0.60442591 0.59302950 0.53196371
vn -0.63782197 0.62346852 0.45218390
vn -0.52318877 0.69631863 0.49133882
vn -0.55609459 0.71485841 0.42395300
vn -0.60027975 0.71846110 0.35139424
vn -0.45337340 0.79718310 0.39868766
vn -0.49404752 0.80837274 0.32007888
vn -0.52897120 0.81234688 0.24552394
vn -0.33758298 0.90089768 0.27280211
vn -0.30047607 0.88385010 0.35850123
vn -0.13764843 0.94059074 0.31038991
vn -0.16580100 0.96184117 0.21765006
vn 0.00530149 0.96482968 0.26282266
vn -0.02432079 0.98585105 0.16585001
vn -0.05684708 0.99679977 0.05620052
vn 0.11313442 0.98689896 0.11502600
vn -0.05624145 0.99838150 0.00844273
vn -0.06997730 0.87977213 0.47021735
vn 0.00412510 0.34418041 0.93889451
vn 0.00464821 0.14349200 0.98964059
vn 0.44758216 0.26085591 0.85535055
vn -0.04976325 0.16330205 0.98532027
vn -0.58387345 0.03247128 0.81119514
vn -0.11052374 0.18860644 0.97581351
vn -0.60166156 0.00170533 0.79874927
vn -0.19691263 0.23300298 0.95233142
vn -0.64920783 -0.05339729 0.75873446
vn -0.92923611 -0.32719341 0.17165352
vn 0.37201896 0.33620572 0.86519808
vn 0.27093488 0.45772889 0.84680486
vn 0.75024337 0.41442317 0.51515841
vn 0.65592104 0.57109147 0.49358088
vn 0.92340726 0.38369536 -0.00984128
vn 0.85012203 0.52433300 -0.04865558
vn 0.80048645 0.24323934 -0.54777360
vn 0.84698445 0.19759785 -0.49353051
vn 0.82782483 0.26621145 -0.49379924
vn 0.79321414 0.28176025 -0.53983575
vn 0.95736653 0.28870639 -0.00988853
vn 0.87207878 0.24605560 -0.42300749
vn 0.81368405 0.31564862 0.48814356
vn 0.21025750 0.97764468 -0.00164112
vn 0.20117086 0.97908294 -0.03044459
vn 0.85927898 0.35712439 -0.36619890
vn 0.88522995 0.41832456 0.20340265
vn 0.91336995 0.38216871 0.14036499
vn 0.86997312 0.45435944 0.19158341
vn -0.87325740 0.45305663 0.17933525
vn -0.77218318 0.42233044 0.47473156
vn -0.45385394 0.24860087 0.85569519
vn -0.79725432 0.20689343 0.56708086
vn -0.97624904 0.15245152 0.15393604
vn -0.75470501 0.29782736 0.58456761
vn -0.96448213 0.22332549 0.14106730
vn -0.92597234 0.13895448 -0.35109368
vn -0.95323157 0.14266805 -0.26644960
vn -0.64818972 0.03864562 -0.76049769
vn -0.92068899 0.08170479 -0.38164902
vn -0.64540601 -0.09593079 -0.75779176
vn -0.23055349 -0.21305925 -0.94944763
vn -0.19568908 -0.08514031 -0.97696310
vn 0.28031456 -0.27796876 -0.91878015
vn 0.33198199 -0.16293716 -0.92910677
vn 0.34806123 -0.07289511 -0.93463343
vn 0.76287621 -0.15812652 -0.62690973
vn 0.74635828 -0.08779314 -0.65972859
vn 0.97829646 -0.08815683 -0.18752190
vn 0.96739757 -0.04968640 -0.24834093
vn 0.94412535 0.05148123 0.32554087
vn 0.95720989 0.02976686 0.28785944
vn 0.62290907 0.21222155 0.75295842
vn 0.61134070 0.13370268 0.77999103
vn 0.13465793 0.31717584 0.93875808
vn 0.06593332 0.22340012 0.97249430
vn -0.36682528 0.33931020 0.86620313
vn 0.18979420 0.44845176 0.87342381
vn -0.29953286 0.48876315 0.81938422
vn -0.71212220 0.42870051 0.55596560
vn -0.92142802 0.38768229 0.02593754
vn -0.95191050 0.28227666 0.11910623
vn -0.74026829 0.62091935 -0.25780210
vn 0.63507736 0.31198025 0.70664352
vn 0.93837398 0.09576886 0.33208808
vn 0.97712839 -0.12856531 -0.16938435
vn 0.73606104 -0.25934878 -0.62526196
vn 0.68962216 -0.30974951 -0.65458107
vn 0.23437458 -0.38120666 -0.89428741
vn 0.15408000 0.96480304 0.21310638
vn 0.32127655 0.93557525 0.14656146
vn 0.28100595 0.95812285 0.05510200
vn 0.47556606 0.87616771 0.07853092
vn 0.44607750 0.89498526 -0.00401978
vn 0.59845972 0.80087548 0.02108156
vn 0.57554936 0.81614172 -0.05153248
vn 0.55424869 0.82657272 -0.09790732
vn 0.68744701 0.72066456 -0.08977336
vn 0.66561985 0.73604327 -0.12324990
vn 0.64166838 0.74724716 -0.17286834
vn 0.54096353 0.83063012 -0.13195443
vn 0.62940657 0.74786913 -0.21104300
vn 0.53267950 0.82993239 -0.16572475
vn 0.42744437 0.89548641 -0.12407793
vn 0.52024949 0.82710946 -0.21267457
vn 0.41895598 0.89116806 -0.17405543
vn 0.29458383 0.94437134 -0.14622991
vn 0.30945498 0.94616532 -0.09491432
vn 0.15299000 0.98081458 -0.12081760
vn 0.14690356 0.98629314 -0.07513603
vn 0.22581033 0.95642972 -0.18507227
vn 0.13394955 0.97708273 -0.16542904
vn 0.14532748 0.96253455 -0.22892579
vn 0.09846321 0.96911329 -0.22610696
vn 0.13739546 0.94694263 -0.29055461
vn 0.12156061 0.95661002 -0.26480228
vn 0.54436511 0.76137781 -0.35209435
vn 0.23899376 0.92092901 -0.30785000
vn 0.62472463 0.70643145 -0.33267701
vn 0.92206180 0.26212475 -0.28476760
vn 0.90012920 0.25354877 -0.35423216
vn 0.95611441 0.12484451 -0.26506436
vn 0.94612420 -0.00837370 -0.32369566
vn 0.97059095 0.05860436 -0.23349246
vn 0.93322259 -0.05308137 -0.35535628
vn 0.96862727 -0.03519774 -0.24601308
vn 0.91029334 0.11299416 -0.39824405
vn 0.90903932 -0.02714497 -0.41582546
vn 0.97743309 0.12456608 -0.17061092
vn 0.94828153 0.30321038 0.09394513
vn 0.84124929 0.15174338 -0.51891571
vn 0.85439968 0.00780668 -0.51955760
vn 0.94169247 0.24189234 -0.23388730
vn 0.85243404 0.43923011 0.28360710
vn 0.70282418 0.13322173 -0.69877750
vn 0.85390007 0.42446429 -0.30113897
vn 0.82883537 0.55364054 -0.08071025
vn 0.61275834 0.72542620 -0.31350279
vn 0.75352496 0.65720814 0.01665876
vn 0.43050247 0.83532697 -0.34190124
vn 0.49723819 0.75772119 -0.42262608
vn 0.48264089 0.72716188 -0.48815301
vn 0.05676834 0.27712682 -0.95915490
vn -0.01513889 0.62140107 -0.78334630
vn -0.55891484 0.31134593 -0.76855570
vn -0.56745964 0.52080488 -0.63777089
vn -0.36399952 0.92990440 -0.05274604
vn -0.89787561 0.36534694 -0.24564385
vn -0.72351974 0.68703818 0.06706506
vn -0.96053296 0.26859227 0.07235125
vn -0.94991821 0.29929429 0.08987942
vn -0.93766898 0.26628581 0.22331293
vn -0.97859991 0.10204367 0.17868762
vn -0.93916410 0.18394656 0.29005915
vn -0.96666926 0.09151203 0.23911510
vn -0.95996493 0.09508727 0.26348746
vn -0.96311319 0.06387481 0.26140580
vn -0.96543282 0.04647950 0.25647438
vn -0.96686912 0.01106392 0.25503284
vn -0.96270537 0.04995692 0.26589972
vn -0.90970749 0.21498071 0.35526800
vn -0.96268582 0.12564538 0.23968560
vn -0.97192770 0.10422826 0.21093376
vn -0.89501578 0.44088331 0.06759051
vn -0.89328426 0.43425056 0.11605901
vn -0.69396669 0.71574098 -0.07826246
vn -0.69885284 0.71474475 -0.02728702
vn -0.61587757 0.77944636 -0.11470928
vn -0.61681122 0.78422791 -0.06730906
vn -0.64190394 0.76005894 -0.10133915
vn -0.63534677 0.77041996 -0.05279728
vn -0.63504320 0.77246445 -0.00435652
vn -0.67018974 0.74161673 -0.02916332
vn -0.67286003 0.73942912 0.02244940
vn -0.67374587 0.73722357 0.05067318
vn -0.72643983 0.68554771 0.04805829
vn -0.72658432 0.68431973 0.06149500
vn -0.72370243 0.68407983 0.09104709
vn -0.80163169 0.59234565 0.08070478
vn -0.79662597 0.59302992 0.11705805
vn -0.78336596 0.60113353 0.15803872
vn -0.84362245 0.52086449 0.13038889
vn -0.83805186 0.52005303 0.16496626
vn -0.83454770 0.52208346 0.17595233
vn -0.88655645 0.43300223 0.16287035
vn -0.87987614 0.43624392 0.18843909
vn -0.87958539 0.42759195 0.20855385
vn -0.91365230 0.35097039 0.20508349
vn -0.91317463 0.33957845 0.22538558
vn -0.90661764 0.31887469 0.27633905
vn -0.94022286 0.24830091 0.23308297
vn -0.92638135 0.24574536 0.28535378
vn -0.89867246 0.24290758 0.36521730
vn -0.94567919 0.17243712 0.27560160
vn -0.92032367 0.16901350 0.35275874
vn -0.90498871 0.15711427 0.39536133
vn -0.93594587 0.06107754 0.34680676
vn -0.92016298 0.06125876 0.38671339
vn -0.84730971 0.06465814 0.52714849
vn -0.92782438 0.00108304 0.37301567
vn -0.86574918 0.00258951 0.50047135
vn -0.79529798 0.02949073 0.60550106
vn -0.93437958 0.01228555 0.35606730
vn -0.92759418 -0.03120233 0.37228385
vn -0.95105088 0.02689950 0.30786133
vn -0.95102245 -0.01028295 0.30895084
vn -0.94811606 -0.07598029 0.30871174
vn -0.92109966 -0.08900266 0.37901703
vn -0.94373327 -0.14541453 0.29702210
vn -0.91773129 -0.12695886 0.37636524
vn -0.90628779 -0.12261992 0.40448332
vn -0.89815354 -0.14079137 0.41653085
vn -0.90934026 -0.21054676 0.35884601
vn -0.89321595 -0.20118342 0.40210760
vn -0.88535374 -0.19170664 0.42355317
vn -0.88109505 -0.20451534 0.42643285
vn -0.93250406 -0.14108323 0.33246300
vn -0.87902677 -0.27260828 0.39114776
vn -0.89583874 -0.29176629 0.33517963
vn -0.86431438 -0.38871366 0.31915888
vn -0.83869904 -0.37840077 0.39165926
vn -0.79077369 -0.51981610 0.32321540
vn -0.75537819 -0.52530068 0.39174378
vn -0.73871905 -0.52023369 0.42854521
vn -0.73252630 -0.51308596 0.44737905
vn -0.65763992 -0.65440142 0.37318677
vn -0.69947642 -0.64078987 0.31641936
vn -0.62443411 -0.72271812 0.29624385
vn -0.56994116 -0.74719161 0.34186530
vn -0.60737580 -0.73438627 0.30293798
vn -0.62256271 -0.68794382 0.37302679
vn -0.63976109 -0.56859279 0.51711500
vn -0.39067182 -0.43320829 0.81222296
vn -0.83316213 -0.28343710 0.47487283
vn -0.73038781 -0.08663348 0.67751634
vn -0.23786691 -0.11542381 0.96441519
vn 0.56634557 -0.21208483 0.79641241
vn -0.73911011 0.05839274 0.67104876
vn -0.29178363 -0.17721738 0.93992358
vn 0.35121667 -0.34491822 0.87044722
vn 0.91847110 -0.29468969 0.26375905
vn 0.95954132 -0.28097817 0.01821779
vn -0.37801179 -0.25152615 0.89097786
vn 0.16227695 -0.45448104 0.87585002
vn 0.74077517 -0.48743123 0.46223691
vn 0.01673426 -0.52330410 0.85198164
vn 0.56279802 -0.63204843 0.53270370
vn 0.89552826 -0.43289262 -0.10311803
vn 0.81794095 -0.08479536 -0.56901884
vn 0.44018266 -0.72445905 0.53046989
vn 0.83537650 -0.54766762 -0.04697148
vn 0.86716014 -0.17963217 -0.46450564
vn 0.88802648 -0.11620082 -0.44486684
vn 0.78982741 -0.61308646 -0.01725498
vn 0.89290291 -0.28401065 -0.34937400
vn 0.90276784 -0.18136302 -0.39002258
vn 0.90813810 -0.16175866 -0.38615987
vn 0.92124832 -0.14456703 -0.36111227
vn 0.86240739 -0.37414265 -0.34098494
vn 0.87835866 -0.24497184 -0.41045707
vn 0.90051788 -0.22455736 -0.37234598
vn 0.92237067 -0.11066489 -0.37011570
vn 0.90914589 -0.08376414 -0.40796742
vn 0.85429013 0.14976886 -0.49775270
vn 0.84181231 0.11821514 -0.52666610
vn 0.90205002 -0.05682165 -0.42787507
vn 0.80769777 0.22752587 -0.54392660
vn 0.29124272 0.66391444 -0.68876356
vn 0.38977036 0.65832406 -0.64396316
vn 0.64944643 0.17557046 -0.73986107
vn 0.10123947 0.51744783 -0.84970480
vn -0.53999990 0.60927820 -0.58067214
vn -0.44744304 0.77883804 -0.43955216
vn 0.45239758 -0.12257730 -0.88335228
vn -0.10775067 0.12455849 -0.98634428
vn -0.67508912 0.31650424 -0.66639322
vn -0.93505323 0.33399525 -0.11883911
vn -0.90628123 0.41387632 -0.08579564
vn -0.18738118 -0.18660085 -0.96440053
vn -0.75316161 0.09225573 -0.65133435
vn -0.95665592 0.28250551 -0.07070984
vn 0.36894268 -0.36423498 -0.85511070
vn -0.91235977 0.19684099 0.35896158
vn -0.87599587 0.47873753 0.05866592
vn -0.87728477 0.18953376 0.44096318
vn -0.85863310 0.47859651 0.18356091
vn -0.43385994 0.83161044 -0.34668374
vn -0.83853763 0.47269234 0.27095482
vn -0.44833753 0.84913307 -0.27922490
vn 0.38699600 0.64750546 -0.65648359
vn -0.49326330 0.82258296 -0.28292859
vn 0.26432994 0.61499524 -0.74290687
vn 0.78836232 0.05735287 -0.61253214
vn -0.33363011 -0.16618195 -0.92794096
vn 0.39901263 -0.62409800 -0.67178160
vn -0.54717392 -0.83426780 -0.06780811
vn -0.27016971 -0.96281153 -0.00150566
vn -0.04596422 -0.99886429 -0.01254134
vn 0.10513686 -0.99413788 0.02522376
vn 0.18013291 -0.98177773 0.06053518
vn -0.24313997 -0.95044923 0.19372463
vn -0.21779566 -0.95937502 0.17934461
vn -0.13406833 -0.98045570 0.14398722
vn -0.12762366 -0.97290230 0.19280355
vn -0.12631969 -0.96164697 0.24347126
vn 0.00599372 -0.99247795 0.12227653
vn 0.00342856 -0.99168307 0.12865761
vn 0.01262503 -0.98232561 0.18675359
vn 0.02263290 -0.97126359 0.23692806
vn -0.11995886 -0.95084357 0.28549331
vn 0.15025945 -0.98572326 0.07597167
vn 0.16527189 -0.97642595 0.13884433
vn 0.17603463 -0.96651965 0.18668579
vn 0.17471948 -0.95722079 0.23065445
vn 0.03090520 -0.95919120 0.28106436
vn 0.27190170 -0.95557004 0.11382123
vn 0.25651610 -0.96492881 0.05578346
vn 0.31387544 -0.94818008 0.04936264
vn 0.22750254 -0.97093403 0.07436299
vn -0.11720988 -0.99019921 0.07594325
vn -0.42831966 -0.89957666 0.08546337
vn -0.70875078 -0.61969507 0.33712068
vn -0.93540215 -0.34342977 0.08413564
vn -0.84834909 -0.39262757 0.35517243
vn -0.27462900 -0.54408765 0.79280984
vn -0.38409385 -0.47711858 0.79046184
vn 0.42963448 -0.40721294 0.80597264
vn 0.32649636 -0.32239452 0.88851678
vn 0.83528417 -0.12489756 0.53544462
vn 0.80892760 -0.05226586 0.58558041
vn 0.97419345 0.16868044 0.14998050
vn 0.97714889 0.10353328 0.18563631
vn 0.95978349 0.27952522 -0.02610490
vn 0.99972570 -0.02101995 -0.01032837
vn 0.82067603 -0.57127655 -0.01157388
vn 0.98331940 -0.17987409 -0.02698971
vn 0.72275710 -0.68820447 -0.06321941
vn 0.64830172 -0.75874764 -0.06329894
vn 0.66094130 -0.75039023 -0.00842945
vn 0.71466696 -0.69604844 -0.06904846
vn 0.71591610 -0.69810718 -0.01051290
vn 0.70723248 -0.70525599 0.04935901
vn 0.70034540 -0.70724070 0.09657530
vn 0.81437159 -0.57967311 -0.02789535
vn 0.82222289 -0.56867415 0.02364653
vn 0.82679701 -0.55972368 0.05582179
vn 0.82210350 -0.56118017 0.09603405
vn 0.70873129 -0.69120520 0.14119211
vn 0.91865873 -0.39501983 -0.00503513
vn 0.91927397 -0.39336491 0.01412107
vn 0.91380906 -0.40248314 0.05440763
vn 0.90137798 -0.41254005 0.13163798
vn 0.81056261 -0.56649816 0.14855292
vn 0.97273952 -0.22438699 0.05855194
vn 0.96664101 -0.20110735 0.15862291
vn 0.95226264 -0.17235707 0.25196993
vn 0.89197463 -0.39920184 0.21217762
vn 0.97575390 -0.08263166 0.20267305
vn 0.95487672 -0.00646350 0.29693240
vn 0.93973500 -0.02198147 0.34119654
vn 0.93549114 -0.12500645 0.33049941
vn 0.94803965 0.02808231 0.31691048
vn 0.95468324 -0.07474734 0.28808466
vn 0.94477582 -0.26611337 0.19126491
vn 0.95634562 -0.17472203 0.23425512
vn 0.95128268 0.03141929 0.30671480
vn 0.95034659 -0.24092169 0.19697225
vn 0.89266646 -0.41644919 0.17238499
vn 0.85577232 -0.46507233 0.22663064
vn 0.94131267 -0.31118923 0.13073513
vn 0.81282455 -0.57971805 0.05694936
vn 0.67537522 -0.71988767 0.16009368
vn 0.59076607 -0.72330326 0.35752997
vn 0.58192360 -0.62333310 0.52232254
vn 0.88686365 -0.38264310 0.25895366
vn 0.42650944 -0.89365882 0.13951266
vn 0.38190985 -0.82750571 0.41155690
vn 0.38642070 -0.68860918 0.61359310
vn 0.42563993 -0.55113924 0.71768808
vn 0.68693364 -0.45092791 0.56990016
vn 0.56471878 -0.72531021 0.39372319
vn 0.60128582 -0.59183753 0.53682745
vn 0.59845465 -0.48156884 0.64026821
vn 0.59340072 -0.38278005 0.70806420
vn 0.51388985 -0.44520995 0.73328382
vn 0.84750122 -0.39107558 0.35888934
vn 0.85570264 -0.29732239 0.42352384
vn 0.83070791 -0.20777881 0.51648074
vn 0.79558045 -0.17358579 0.58044791
vn 0.63532025 -0.30438825 0.70972943
vn 0.94369000 -0.16917275 0.28430590
vn 0.93732941 -0.07596707 0.34006250
vn 0.91887081 -0.02790017 0.39357090
vn 0.91976297 0.01152605 0.39230484
vn 0.81380171 -0.17014664 0.55567706
vn 0.95957023 -0.02728339 0.28014377
vn 0.95176661 0.04083926 0.30409274
vn 0.94370788 0.10780089 0.31272116
vn 0.92376804 0.22548060 0.30953372
vn 0.92913181 0.20643002 0.30675831
vn 0.93105257 0.14188489 0.33616906
vn 0.89190155 -0.02958504 0.45126086
vn 0.77147651 -0.25827587 0.58147877
vn 0.68965209 -0.30430475 0.65709853
vn 0.81320256 -0.02321889 0.58151728
vn 0.70900828 -0.22775775 0.66740811
vn 0.76156396 -0.29492909 0.57709378
vn 0.72075331 0.24462540 0.64859319
vn 0.63574070 -0.09954476 0.76545703
vn 0.67296761 -0.02528663 0.73923957
vn 0.83753973 0.01749924 0.54609615
vn 0.52729964 0.44286647 0.72513747
vn 0.52633131 0.05918939 0.84821695
vn 0.53434044 -0.01030387 0.84520650
vn 0.57563388 0.46630386 0.67171896
vn 0.74737865 0.47616729 0.46334633
vn 0.37972862 0.13719746 0.91486782
vn 0.37757590 0.01364096 0.92587817
vn 0.35926744 0.45634270 0.81405044
vn 0.33299673 0.61148387 0.71777481
vn 0.54735297 0.59915662 0.58430815
vn 0.22238958 0.00299530 0.97495329
vn 0.14522721 0.49394238 0.85728055
vn 0.12551297 0.61829567 0.77585882
vn 0.20793070 0.19094412 0.95932531
vn 0.37728885 0.21368241 0.90110654
vn -0.05309042 0.53540540 0.84292495
vn -0.06231672 0.57457250 0.81607783
vn 0.06073416 0.14164454 0.98805267
vn 0.17608349 -0.31562155 0.93240422
vn 0.24128473 -0.30744618 0.92046642
vn 0.22813015 -0.67484629 0.70181125
vn 0.22864442 -0.65994310 0.71567923
vn 0.33510152 -0.29230410 0.89569259
vn 0.25545248 -0.65791917 0.70843929
vn 0.29727647 -0.91316217 0.27885765
vn 0.16038151 -0.93885779 0.30466986
vn 0.08241579 -0.99607843 -0.03218075
vn -0.09116860 -0.99506050 0.03927886
vn 0.05929134 -0.92534298 0.37446621
vn 0.27880725 -0.95626616 -0.08843837
vn 0.26943442 -0.95022982 -0.15642343
vn 0.06343468 -0.99333107 -0.09627769
vn 0.47725305 -0.87255555 -0.10428917
vn 0.49044326 -0.85095441 -0.18799514
vn 0.51752084 -0.84551769 -0.13142303
vn 0.27950576 -0.95617700 -0.08718970
vn 0.66941506 -0.72424078 -0.16540495
vn 0.69349539 -0.70837277 -0.13142347
vn 0.71384269 -0.70001268 -0.02027428
vn 0.54507393 -0.83838201 0.00317893
vn 0.76871908 -0.62898040 -0.11599454
vn 0.78625673 -0.60801655 -0.11007328
vn 0.79995078 -0.59935367 -0.02922221
vn 0.80167687 -0.59389502 0.06784475
vn 0.72329581 -0.68484169 0.08851555
vn 0.92373842 -0.37888175 -0.05617638
vn 0.97530860 -0.21518551 -0.04968332
vn 0.99713647 0.02471204 0.07147194
vn 0.40416858 0.91467768 -0.00356838
vn 0.14566654 0.97410762 0.17290340
vn 0.90843934 0.23898080 0.34296665
vn 0.78285831 -0.59337431 0.18718907
vn 0.55817688 0.82414085 -0.09607467
vn -0.20006663 0.97724438 -0.07047646
vn -0.19913942 0.97868937 -0.05010615
vn 0.68516338 0.72837973 -0.00373345
vn -0.19365139 0.98087913 0.01937525
vn 0.81983006 0.52637208 0.22541313
vn -0.18011430 0.98210776 -0.05498353
vn -0.17221011 0.98289925 -0.06521331
vn -0.19456661 0.97957367 0.05078666
vn -0.15101682 0.97865331 0.13939707
vn -0.06651643 0.96686685 0.24646294
vn -0.06864231 0.98344451 0.16770536
vn -0.06069789 0.96793127 0.24377179
vn 0.31235656 0.44808036 0.83764988
vn 0.62003839 0.37426946 0.68954670
vn 0.48039767 -0.55677885 0.67765427
vn 0.69033235 -0.59149122 0.41662854
vn 0.17450900 0.57140309 0.80190098
vn 0.24896972 -0.45217896 0.85647434
vn 0.19867441 -0.81704921 0.54125690
vn 0.08700720 -0.33859262 0.93690169
vn -0.00956230 -0.78910059 0.61418957
vn -0.02195598 -0.87915754 0.47602519
vn 0.17886968 -0.89586282 0.40673748
vn -0.01852800 -0.92401886 0.38189766
vn 0.15623505 -0.93573862 0.31620228
vn -0.02476281 -0.95718849 0.28840417
vn 0.13149182 -0.96472305 0.22807758
vn 0.33766162 -0.92222726 0.18836513
vn 0.10189130 -0.98836058 0.11296628
vn 0.30247134 -0.95162010 0.05413173
vn 0.56904286 -0.81090593 0.13646221
vn 0.07620537 -0.99684924 -0.02200888
vn -0.04682669 -0.98368925 0.17367423
vn -0.09107872 -0.99515766 0.03695749
vn -0.12429694 -0.99132353 -0.04275522
vn -0.31356305 -0.94131482 0.12491818
vn -0.33923075 -0.93974435 0.04246186
vn -0.25787431 -0.95451921 0.14964591
vn -0.51342392 -0.83922231 0.17916971
vn -0.38290223 -0.87175274 0.30566809
vn -0.06767508 -0.80452180 0.59005493
vn -0.01525240 -0.87995100 0.47481954
vn 0.26503009 -0.57172799 0.77645749
vn 0.24807799 -0.62136716 0.74320942
vn 0.53620422 -0.23248225 0.81144124
vn 0.44271961 -0.26235971 0.85741860
vn 0.71823120 0.21669590 0.66120100
vn 0.55966270 0.22429332 0.79779077
vn 0.72714287 0.55585885 0.40284526
vn 0.84890413 0.19292250 0.49208003
vn 0.85950184 0.46693206 0.20792134
vn 0.87345231 0.44430640 0.19918115
vn 0.92839545 0.37109068 0.01932671
vn 0.92358404 0.38234428 -0.02837856
vn 0.95463127 0.05736502 0.29221281
vn 0.94859171 0.28482914 -0.13800724
vn 0.96181458 0.00411500 0.27367094
vn 0.73161525 -0.28381231 0.61983031
vn 0.91139990 -0.12161136 0.39314240
vn 0.62744641 -0.33503363 0.70289660
vn 0.81994522 -0.27261847 0.50335771
vn 0.98610473 0.14929149 -0.07286572
vn 0.99370706 -0.00695194 0.11179437
vn 0.95153928 -0.20304489 0.23096718
vn 0.99856472 0.04057587 -0.03495842
vn 0.99578995 -0.07693872 0.04982714
vn 0.97196651 -0.22270530 0.07538840
vn 0.99789339 -0.06409265 0.01003707
vn 0.97829044 -0.20588265 0.02367152
vn 0.95992023 -0.26312250 0.09653867
vn 0.97166121 -0.23468740 0.02821713
vn 0.97032237 -0.22529359 0.08784772
vn 0.95278656 -0.13146982 0.27370355
vn 0.94167322 -0.30115750 0.15018585
vn 0.91647267 -0.27758133 0.28814334
vn 0.89123183 -0.34322256 0.29648623
vn 0.80533105 -0.49816611 0.32136053
vn 0.79666489 -0.53603530 0.27926922
vn 0.80051005 -0.56372821 0.20345536
vn 0.68905932 -0.66126275 0.29652792
vn 0.69842291 -0.67666835 0.23307797
vn 0.70679480 -0.68203574 0.18779837
vn 0.56586057 -0.77647573 0.27728558
vn 0.56087190 -0.79554904 0.22918214
vn 0.54859674 -0.81700069 0.17762746
vn 0.40584105 -0.87623233 0.25982681
vn 0.39308214 -0.89709389 0.20176473
vn 0.27986956 -0.91634113 0.28634229
vn 0.27891788 -0.93194151 0.23171036
vn 0.16821012 -0.93207753 0.32083768
vn 0.16743423 -0.94683552 0.27471480
vn 0.04851899 -0.93102938 0.36170462
vn 0.03878931 -0.94638711 0.32069740
vn -0.07847790 -0.90900475 0.40933058
vn -0.09131896 -0.92716485 0.36335412
vn -0.10547935 -0.94041246 0.32326221
vn -0.22960603 -0.87886357 0.41818643
vn -0.23828794 -0.89757836 0.37090692
vn -0.24411374 -0.91172653 0.33039853
vn -0.41309708 -0.80062532 0.43399283
vn -0.39142534 -0.78520042 0.47984022
vn -0.53924692 -0.66499877 0.51671010
vn -0.58434880 -0.65677518 0.47663692
vn -0.64294565 -0.54706609 0.53604066
vn -0.69961262 -0.52221650 0.48768032
vn -0.57966274 -0.56999826 0.58231688
vn -0.65054017 -0.40196335 0.64437795
vn -0.48410401 -0.67445493 0.55745316
vn -0.43150628 -0.67966080 0.59318072
vn -0.51524305 -0.57769752 0.63308001
vn -0.35966244 -0.77208030 0.52396089
vn -0.32527941 -0.75787795 0.56552130
vn -0.29201353 -0.74278986 0.60248756
vn -0.38792068 -0.66893399 0.63407004
vn -0.21657769 -0.85646921 0.46856651
vn -0.20024115 -0.82988262 0.52076703
vn -0.18168509 -0.80019248 0.57156157
vn -0.15820050 -0.74881649 0.64361978
vn -0.24641718 -0.70222461 0.66795146
vn -0.06695386 -0.88312078 0.46434352
vn -0.05582884 -0.84855694 0.52615035
vn -0.04370247 -0.79611242 0.60356867
vn -0.03320324 -0.73245853 0.68000138
vn -0.14381665 -0.69671816 0.70278060
vn 0.07286396 -0.87624425 0.47632629
vn 0.08751180 -0.82555401 0.55749643
vn 0.10262240 -0.75737751 0.64486271
vn 0.10531104 -0.73141801 0.67374867
vn -0.03826516 -0.71453393 0.69855356
vn 0.21128120 -0.82767373 0.51991957
vn 0.23215739 -0.76012135 0.60689241
vn 0.23628536 -0.73166203 0.63940585
vn 0.23246735 -0.71683300 0.65735024
vn 0.10779615 -0.72503227 0.68022662
vn 0.36767074 -0.74002618 0.56318694
vn 0.37341243 -0.71741241 0.58811784
vn 0.36990911 -0.69598258 0.61544740
vn 0.35599229 -0.66839325 0.65308487
vn 0.22233219 -0.68835586 0.69045967
vn 0.49468943 -0.68277949 0.53767502
vn 0.52093470 -0.64383215 0.56045264
vn 0.52219003 -0.60765326 0.59839380
vn 0.47709203 -0.60360444 0.63878393
vn 0.31803447 -0.65691954 0.68360138
vn 0.10901178 -0.64392018 0.75728667
vn 0.19130395 -0.67206383 0.71535504
vn -0.00327033 -0.58898115 0.80814010
vn 0.08102232 -0.66088194 0.74610353
vn 0.11257196 -0.69635963 0.70880944
vn -0.08827465 -0.63794142 0.76500875
vn -0.05952871 -0.69109672 0.72030663
vn -0.04940860 -0.71489656 0.69748235
vn -0.20490040 -0.65413201 0.72809827
vn -0.17351149 -0.67837614 0.71393245
vn -0.15236486 -0.68703949 0.71046585
vn -0.23263983 -0.64149690 0.73099959
vn -0.21853667 -0.66405374 0.71503448
vn -0.21562535 -0.66996205 0.71039188
vn -0.34465826 -0.62139505 0.70361847
vn -0.34435979 -0.61479753 0.70953530
vn -0.35149044 -0.62679654 0.69539952
vn -0.60973072 -0.47474191 0.63470340
vn -0.58762896 -0.45770499 0.66723174
vn -0.77041757 -0.30023542 0.56241935
vn -0.33875695 -0.59218556 0.73113602
vn -0.34590301 -0.54911584 0.76080406
vn -0.53644651 -0.41790259 0.73320013
vn -0.26294994 -0.61014092 0.74738574
vn -0.23219030 -0.59915578 0.76622444
vn -0.13672835 -0.55067551 0.82344508
vn -0.10714374 -0.54943562 0.82863784
vn -0.02601721 -0.69630754 0.71727180
vn -0.14756542 -0.66499770 0.73212183
vn 0.13367429 -0.36443034 0.92158651
vn 0.49797434 -0.41629231 0.76073807
vn 0.57486629 0.06214251 0.81588423
vn 0.68805826 -0.44663942 0.57191718
vn 0.79862404 -0.01752616 0.60157502
vn 0.72613901 0.43807247 0.52991956
vn 0.71921939 0.45726177 0.52310133
vn 0.54707092 0.75340253 0.36482602
vn 0.54466474 0.82411206 0.15549740
vn 0.31547037 0.94708300 -0.05926464
vn 0.05908878 0.70852566 0.70320690
vn -0.09742960 0.94091594 0.32432169
vn -0.01569574 0.99581218 0.09006459
vn -0.72804385 0.02796055 0.68496013
vn -0.63462698 0.33994195 0.69403744
vn 0.14409867 0.98925161 0.02483799
vn 0.20535687 0.97520387 0.08249953
vn 0.17159814 0.67256820 0.71986538
vn 0.10470355 0.97843421 0.17805512
vn 0.01682868 0.97471541 0.22281516
vn -0.61287153 -0.26443642 0.74462199
vn -0.62453318 -0.63467896 0.45512739
vn -0.66850424 -0.59337336 0.44834149
vn -0.63967705 -0.53276908 0.55404902
vn -0.60553318 -0.72268575 0.33324888
vn -0.62688315 -0.69081217 0.36027202
vn -0.58645934 -0.67266381 0.45120814
vn -0.63592100 -0.42549187 0.64386433
vn -0.51795280 -0.81964648 0.24475402
vn -0.46644849 -0.80546385 0.36558694
vn -0.25729889 -0.92931229 0.26490775
vn -0.42938936 -0.67413658 0.60096985
vn -0.43854630 -0.76593786 0.47012371
vn -0.04721977 -0.62656373 0.77793843
vn -0.07844896 -0.71318710 0.69657016
vn 0.38882744 -0.45005760 0.80390376
vn 0.30700311 -0.51471311 0.80051196
vn 0.75241071 -0.17041339 0.63626838
vn 0.64023960 -0.20502226 0.74031013
vn 0.94087636 0.16726567 0.29457396
vn 0.85654575 -0.13909864 0.49697185
vn 0.98487091 0.13095452 0.11349122
vn 0.95195484 0.27747908 -0.12956585
vn 0.99921876 0.03171220 -0.02358253
vn 0.97611600 0.14689146 -0.16006367
vn 0.99955231 -0.00660338 -0.02918236
vn 0.92934316 -0.17085806 0.32730532
vn 0.97097170 -0.15921131 0.17850944
vn 0.98702961 -0.13970448 0.07909071
vn 0.82858467 -0.31839231 0.46051469
vn 0.90286893 -0.32456014 0.28193706
vn 0.93039817 -0.34004116 0.13686219
vn 0.79680002 -0.50023824 0.33892700
vn 0.81456655 -0.49644271 0.30004323
vn 0.65429115 -0.59356761 0.46859431
vn 0.66212851 -0.62138444 0.41888797
vn 0.67912364 -0.63442194 0.36918819
vn 0.55758446 -0.67537290 0.48267078
vn 0.56204319 -0.70954239 0.42503768
vn 0.56686497 -0.75242656 0.33543760
vn 0.45875290 -0.75821698 0.46330631
vn 0.43669152 -0.81888652 0.37245846
vn 0.42038611 -0.85128433 0.31399125
vn 0.30657697 -0.86201811 0.40365252
vn 0.28963178 -0.89370924 0.34263265
vn 0.18903819 -0.87999731 0.43573993
vn 0.17604707 -0.91066247 0.37376618
vn 0.06068631 -0.90865409 0.41311622
vn 0.33940601 -0.80231714 0.49100980
vn 0.47618645 -0.70820183 0.52124530
vn 0.58085376 -0.63722473 0.50651121
vn -0.72855777 -0.23838826 0.64216411
vn -0.79373634 -0.02491467 0.60775143
vn -0.78410059 -0.16645503 0.59789538
vn -0.78091574 -0.29233876 0.55200404
vn -0.70474112 -0.25336394 0.66268152
vn -0.66047955 -0.43298683 0.61342406
vn -0.43231958 -0.45615876 0.77782959
vn -0.31026894 -0.68341273 0.66081786
vn -0.38351670 -0.75607055 0.53035098
vn 0.00118792 -0.78622103 0.61794424
vn -0.09595298 -0.92817342 0.35956523
vn -0.37086800 -0.90760392 0.19675349
vn -0.60432231 -0.54633826 0.57992148
vn -0.69735527 -0.61875379 0.36171734
vn -0.64470249 -0.05588193 0.76238829
vn -0.58414990 0.05269725 0.80993330
vn -0.67863441 -0.09177400 0.72872001
vn -0.60984522 -0.02079048 0.79224795
vn -0.65950179 -0.19780029 0.72521198
vn -0.58070999 -0.36291519 0.72874439
vn -0.61873025 -0.16664882 0.76772451
vn -0.22764938 -0.02327496 0.97346491
vn -0.25295004 -0.26511475 0.93044645
vn -0.10592004 -0.05214598 0.99300641
vn -0.31664327 -0.07358640 0.94568598
vn -0.18406469 0.15370002 0.97082257
vn -0.14210886 0.11146956 0.98355466
vn -0.36343253 0.02974765 0.93114543
vn -0.52551830 -0.04489055 0.84959716
vn -0.50916576 -0.09048147 0.85589916
vn -0.51543969 0.01545752 0.85678643
vn -0.54825473 -0.04543910 0.83507609
vn -0.56793767 -0.11610629 0.81484115
vn -0.48364979 0.12026537 0.86695969
vn -0.53340572 0.01629113 0.84570265
vn -0.58014965 -0.01480392 0.81437540
vn -0.58685678 -0.08083603 0.80564547
vn -0.41022286 0.30328000 0.86008048
vn -0.48981372 0.09087245 0.86707830
vn -0.56602597 -0.01805797 0.82418966
vn -0.66061711 -0.04384036 0.74944186
vn -0.67703182 -0.04909305 0.73431444
vn -0.35463142 0.47556341 0.80503172
vn -0.47083926 0.35548389 0.80742902
vn -0.60251111 0.28891835 0.74398017
vn -0.70498359 0.26406160 0.65823215
vn -0.72127604 -0.05703894 0.69029510
vn -0.13351044 0.87361091 0.46795186
vn -0.25782409 0.85590696 0.44827434
vn -0.41796529 0.82775486 0.37433517
vn -0.58549970 0.76482892 0.26875064
vn -0.77758306 0.25137180 0.57634771
vn 0.22262071 0.97155654 -0.08073287
vn 0.12855048 0.98228985 -0.13631399
vn -0.03681665 0.97033399 -0.23894864
vn -0.27900332 0.86622524 -0.41450077
vn -0.76859689 0.62559575 0.13374889
vn 0.46412000 0.75074434 -0.47008032
vn 0.41078031 0.70106751 -0.58289266
vn 0.59438878 0.45614421 -0.66229492
vn 0.58684421 0.35270277 -0.72884464
vn 0.60918182 0.21872087 -0.76227206
vn 0.60938674 0.13522169 -0.78125715
vn 0.59769082 0.11465705 -0.79348552
vn 0.59233946 0.09212442 -0.80040431
vn 0.57652235 0.07187892 -0.81391364
vn 0.59802908 0.05239036 -0.79976034
vn 0.57676566 0.03312430 -0.81623781
vn 0.50717455 -0.00951455 -0.86179090
vn 0.49633467 0.03445495 -0.86744726
vn 0.28931266 -0.13458997 -0.94772559
vn 0.21798114 -0.02845837 -0.97553796
vn -0.36315212 -0.41292652 -0.83523190
vn -0.49691361 -0.14994636 -0.85474741
vn -0.59059823 0.16740251 -0.78941131
vn -0.53575510 0.56465983 -0.62779433
vn -0.97075927 -0.19770169 -0.13616367
vn -0.99167740 0.07394178 -0.10539668
vn -0.92876136 0.37041435 -0.01398248
vn -0.90055025 -0.16246901 0.40325320
vn -0.88491553 -0.44662943 -0.13208553
vn -0.86846054 -0.28301010 0.40703994
vn -0.78639662 -0.18288311 0.59002900
vn -0.78458261 -0.14679493 0.60239619
vn -0.72929430 -0.13567899 0.67061239
vn -0.74239272 -0.11676276 0.65971160
vn -0.71900755 -0.15375467 0.67778146
vn -0.74927849 -0.09253457 0.65575832
vn -0.73020345 -0.11158483 0.67405617
vn -0.74493206 -0.05614488 0.66477370
vn -0.67894769 -0.08690835 0.72902471
vn -0.65284407 -0.19877543 0.73094672
vn -0.59783918 -0.17406230 0.78249007
vn -0.65776759 -0.22102213 0.72006309
vn -0.62756902 -0.16309308 0.76128685
vn -0.58554512 -0.10919762 0.80325139
vn -0.62661719 -0.17060390 0.76042432
vn -0.54770875 -0.15673065 0.82185799
vn -0.52745849 -0.29465866 0.79684609
vn -0.39712763 -0.31049713 0.86364412
vn -0.30617237 -0.51839942 0.79844880
vn -0.14426664 -0.51216966 0.84668136
vn 0.05760542 -0.75422347 0.65408593
vn 0.18682930 -0.68960017 0.69967592
vn 0.55912954 -0.80839920 0.18402444
vn 0.59077126 -0.74894345 0.30012178
vn 0.79101145 -0.45074952 -0.41367331
vn 0.81052089 -0.52418458 -0.26131669
vn 0.72421086 -0.12044357 -0.67897856
vn 0.74946553 -0.22104630 -0.62405115
vn 0.41416687 -0.78841269 -0.45483088
vn 0.65211415 -0.04469251 -0.75680226
vn 0.30272013 -0.45665517 -0.83655643
vn 0.63011396 0.02141331 -0.77620739
vn 0.27601126 -0.19575426 -0.94100910
vn 0.63112009 -0.00221672 -0.77568197
vn 0.34956488 -0.06432540 -0.93470132
vn -0.82000411 -0.30496049 -0.48434734
vn 0.42828605 0.14564322 -0.89182907
vn -0.63090247 0.06056767 -0.77349454
vn 0.40384534 0.40474704 -0.82041985
vn -0.52009863 0.46313772 -0.71763557
vn 0.34490868 0.67244738 -0.65486825
vn -0.44495431 0.77013707 -0.45706072
vn 0.25973335 0.89182353 -0.37039083
vn -0.40148073 0.90782011 -0.12114441
vn 0.10726961 0.99419272 -0.00860681
vn 0.17150681 0.98508525 -0.01387335
vn -0.08565710 0.89391309 0.43997961
vn -0.08503832 0.91782528 0.38776943
vn 0.35080114 0.85084385 -0.39115629
vn 0.43432677 0.80550545 -0.40313908
vn 0.22906119 0.97240293 -0.04431021
vn 0.45875609 0.61218208 -0.64403105
vn 0.55742228 0.56647629 -0.60694736
vn 0.59164959 0.52657610 -0.61046576
vn 0.47479960 0.77712727 -0.41308421
vn 0.53309011 0.39085987 -0.75036216
vn 0.61304843 0.36474398 -0.70080906
vn 0.61896843 0.30581793 -0.72343177
vn 0.64416015 0.13141674 -0.75351655
vn 0.62401944 0.12846735 -0.77077609
vn 0.65447980 0.02198398 -0.75575978
vn 0.63416803 0.03600127 -0.77235669
vn 0.61228561 0.04543857 -0.78933001
vn 0.64091033 0.03761555 -0.76669347
vn 0.66994983 0.05269597 -0.74053377
vn 0.68470824 -0.01333047 -0.72869533
vn 0.65167201 -0.02739533 -0.75800598
vn 0.67145807 -0.09221577 -0.73528248
vn 0.61339194 -0.07538272 -0.78617287
vn 0.56668514 -0.04971418 -0.82243317
vn 0.68825495 -0.42317536 -0.58926034
vn 0.54294395 -0.35373339 -0.76163274
vn 0.40152320 -0.23388411 -0.88548142
vn 0.10776936 -0.88603103 -0.45092645
vn -0.18249060 -0.66415310 -0.72498119
vn -0.48803112 -0.84648824 0.21279883
vn -0.74068022 -0.67175722 -0.01162300
vn -0.67248344 -0.46704915 0.57413501
vn -0.78992510 -0.39290413 0.47079152
vn -0.68631899 -0.30140841 0.66190571
vn -0.73700070 -0.25947323 0.62410235
vn -0.50425702 -0.52003503 0.68941176
vn -0.64429128 -0.29309607 0.70638752
vn -0.68027437 -0.19550306 0.70640308
vn -0.17025965 -0.86214077 0.47720522
vn 0.39597088 -0.91424698 -0.08578748
vn 0.60870349 0.13687624 -0.78150171
vn -0.27857128 0.61996049 0.73351693
vn -0.37362480 -0.91233796 0.16746368
vn -0.58224720 -0.81259638 0.02598890
vn -0.82581377 -0.52501029 0.20590231
vn -0.18735707 -0.88435531 0.42756641
vn -0.07838214 -0.74447358 0.66303492
vn -0.09917037 -0.59027177 0.80108953
vn -0.56171131 -0.18472929 0.80644619
vn -0.74312443 -0.04038912 0.66793317
vn 0.87214994 -0.48833644 -0.02969672
vn 0.06544752 0.04305013 0.99692690
vn 0.22970252 0.09037365 0.96905589
vn 0.06906486 -0.00786079 0.99758124
vn 0.17828263 0.50031275 0.84729129
vn -0.02187132 0.39576766 0.91809016
vn 0.15070482 0.65359700 0.74168664
vn -0.05935115 0.59116071 0.80436713
vn -0.30098838 0.46726814 0.83130401
vn -0.04931710 0.59618175 0.80133343
vn 0.15517682 0.64347672 0.74957180
vn 0.14751978 0.64237237 0.75206083
vn -0.04089414 0.60180926 0.79759210
vn 0.12958337 0.66286570 0.73743969
vn -0.02808584 0.62809747 0.77762765
vn 0.11139827 0.68976629 0.71541113
vn -0.02333265 0.66291189 0.74833375
vn 0.09299905 0.71464217 0.69328046
vn -0.03581999 0.69803143 0.71517056
vn 0.07228868 0.73668921 0.67235661
vn -0.05699566 0.71967232 0.69197053
vn 0.04791931 0.76537907 0.64179319
vn -0.08493816 0.74232846 0.66463065
vn -0.23985396 0.70234978 0.67020512
vn -0.11831756 0.77138722 0.62527007
vn -0.27581841 0.72691000 0.62890863
vn -0.44820762 0.65459609 0.60878068
vn -0.40963116 0.63656926 0.65343845
vn -0.59771490 0.57255441 0.56117576
vn -0.55649817 0.55525273 0.61806476
vn -0.70131803 0.49689972 0.51111996
vn -0.66948301 0.46635681 0.57819015
vn -0.64150381 0.40207109 0.65330815
vn -0.61270761 0.30588311 0.72871459
vn -0.73837274 0.40569171 0.53872055
vn -0.70503879 0.35909545 0.61153144
vn -0.65556866 0.28207487 0.70047367
vn -0.61960250 0.23830731 0.74786514
vn -0.61012775 0.27022332 0.74479759
vn -0.77820188 0.29892680 0.55230832
vn -0.71076423 0.26989937 0.64959097
vn -0.64988184 0.24069992 0.72091401
vn -0.68170166 0.26995924 0.68000358
vn -0.71975607 0.39829648 0.56860447
vn -0.80610096 0.18214597 0.56304890
vn -0.71832997 0.19993822 0.66635329
vn -0.68540746 0.22195829 0.69350630
vn -0.87954682 0.26222080 0.39703599
vn -0.89090401 0.41691777 0.18019277
vn -0.79846811 0.11472283 0.59100527
vn -0.73538697 0.16483089 0.65729499
vn -0.85372490 0.14269900 0.50079018
vn -0.99869984 0.00578202 0.05064985
vn -0.96729839 0.21011551 -0.14207509
vn -0.77388555 0.10933655 0.62381613
vn -0.81538725 0.07635858 0.57385790
vn -0.95949221 -0.14443563 0.24189465
vn -0.95792872 -0.28667518 0.01377983
vn -0.99037540 -0.06109472 -0.12419342
vn -0.99759114 -0.01111552 0.06847161
vn -0.96463448 0.16848375 -0.20271519
vn -0.95878589 -0.22427104 0.17444812
vn -0.90555233 -0.08998688 0.41458094
vn -0.94328094 0.07615932 0.32314214
vn -0.84062207 -0.44568223 0.30776906
vn -0.80395025 -0.26505691 0.53236157
vn -0.69380647 -0.11710820 0.71057606
vn -0.80924141 0.00719990 0.58743232
vn -0.86004841 0.15277612 0.48680216
vn -0.54847229 -0.01526171 0.83602947
vn -0.41003504 -0.08606450 0.90800017
vn -0.25464192 0.10542174 0.96127194
vn -0.39152637 0.17569894 0.90323699
vn -0.06622195 0.02694076 0.99744123
vn -0.23036240 -0.21711496 0.94857490
vn 0.16802329 -0.08145951 0.98241156
vn 0.48410589 0.20420966 0.85084665
vn 0.32174569 0.25659081 0.91139501
vn 0.51768333 0.54671329 0.65810972
vn 0.37268114 0.56818116 0.73367494
vn 0.38754717 0.82211971 0.41704497
vn 0.25393191 0.81451374 0.52161843
vn 0.10642842 0.97405052 0.19974589
vn -0.01378568 0.94602847 0.32379031
vn -0.16040830 0.86428684 0.47673631
vn -0.31734976 0.69816977 0.64175397
vn -0.32128459 0.93486130 0.15103230
vn -0.42289710 0.85158616 0.30977252
vn -0.53037488 0.69250709 0.48901564
vn -0.64158481 0.74901175 0.16537929
vn -0.71476936 0.60015976 0.35904464
vn -0.57450563 0.81850040 -0.00062821
vn -0.76099104 0.63509047 -0.13248652
vn -0.50557786 0.85081702 -0.14318368
vn -0.70750272 0.64656878 -0.28528693
vn -0.85752487 0.41696224 -0.30131963
vn -0.89070016 0.40301511 -0.21031444
vn -0.76673806 0.64060843 -0.04163688
vn -0.50123954 0.85708517 -0.11901183
vn -0.65805984 0.61355203 0.43647569
vn -0.20360279 0.97904021 -0.00511893
vn -0.45685515 0.78494215 0.41850841
vn 0.08351269 0.97120607 0.22312403
vn -0.23694916 0.78625578 0.57066357
vn 0.32263932 0.81865442 0.47508812
vn -0.09570672 0.67311519 0.73331863
vn -0.01890889 0.52995777 0.84781319
vn 0.44317669 0.56090111 0.69927412
vn 0.41767192 0.23442173 0.87783641
vn -0.03773004 0.31897911 0.94701046
vn -0.22736844 0.97357708 0.02124396
vn -0.84094751 0.05371530 0.53844398
vn -0.87111825 0.07710456 0.48498228
vn -0.88436747 0.14130041 0.44489157
vn -0.85111034 0.27975330 0.44423997
vn -0.80096519 0.43015331 0.41644078
vn -0.74729794 0.50282532 0.43441063
vn -0.64508581 0.57144827 0.50725836
vn -0.67218727 0.57951909 0.46078417
vn -0.49506313 0.67147917 0.55138743
vn -0.54387987 0.69914329 0.46410477
vn -0.53538656 0.69722986 0.47668839
vn -0.37954289 0.78925800 0.48272049
vn -0.40570480 0.78359073 0.47052029
vn -0.41986001 0.77863187 0.46631521
vn -0.25647384 0.84544802 0.46844286
vn -0.27435067 0.85793006 0.43438190
vn -0.09032395 0.89006889 0.44678739
vn -0.11221537 0.91434300 0.38908163
vn 0.06381382 0.90947282 0.41083688
vn 0.03632571 0.93736750 0.34644282
vn 0.21089329 0.90714937 0.36414823
vn 0.18662535 0.93571299 0.29935333
vn 0.36659607 0.88027889 0.30119202
vn 0.34788784 0.90724558 0.23638846
vn 0.51920944 0.82262635 0.23174836
vn 0.50105035 0.84944630 0.16549808
vn 0.65404016 0.73360431 0.18454340
vn 0.62306011 0.77395695 0.11307886
vn 0.75814658 0.62901133 0.17192638
vn 0.72941703 0.67973816 0.07685611
vn 0.70390230 0.70938051 -0.03606663
vn 0.81462020 0.57755333 0.05316068
vn 0.78378737 0.61675179 -0.07276328
vn 0.76593530 0.63228977 -0.11641644
vn 0.85477763 0.51029283 -0.09463824
vn 0.83615714 0.52825868 -0.14759406
vn 0.82566392 0.53214973 -0.18733859
vn 0.75471115 0.63907129 -0.14832051
vn 0.80749941 0.53553325 -0.24728295
vn 0.73429000 0.64461404 -0.21281652
vn 0.78386617 0.53735185 -0.31113800
vn 0.72027600 0.64032823 -0.26680002
vn 0.76825166 0.53856784 -0.34602633
vn 0.70205450 0.63538474 -0.32156760
vn 0.61612654 0.73948336 -0.27120548
vn 0.66874182 0.63529658 -0.38624164
vn 0.60034388 0.72077602 -0.34650981
vn 0.50341153 0.81631511 -0.28320748
vn 0.58988255 0.71070427 -0.38332501
vn 0.49411348 0.80140728 -0.33704337
vn 0.37791073 0.87881863 -0.29130951
vn 0.40234259 0.88508606 -0.23397239
vn 0.47655699 0.78720379 -0.39141253
vn 0.33882266 0.87174308 -0.35392538
vn 0.44829732 0.77399313 -0.44717351
vn 0.34159905 0.84748000 -0.40630978
vn 0.25638828 0.89970458 -0.35326588
vn 0.36911520 0.80566549 -0.46331096
vn 0.32596552 0.82844317 -0.45544297
vn 0.33677375 0.82907414 -0.44634020
vn 0.31365833 0.77308148 -0.55132878
vn 0.35695684 0.75115818 -0.55528653
vn 0.65065467 0.50482196 -0.56727695
vn 0.68138456 0.57190371 -0.45677269
vn 0.87987345 0.09237567 -0.46614328
vn 0.91318434 0.15866971 -0.37539086
vn 0.91530913 -0.04484441 -0.40024769
vn 0.93703932 0.07302122 -0.34150434
vn 0.91569728 0.01884177 -0.40142700
vn 0.92913693 0.12652905 -0.34741184
vn 0.94712836 0.12942255 -0.29359451
vn 0.91993284 0.16274251 -0.35670516
vn 0.93346357 0.17467831 -0.31326228
vn 0.89942300 0.18820755 -0.39448208
vn 0.91781664 0.19476174 -0.34594858
vn 0.91064858 0.28700855 -0.29722926
vn 0.81508142 0.38532922 -0.43262398
vn 0.89419323 0.22194552 -0.38879114
vn 0.79688317 0.31923252 -0.51290131
vn 0.43767691 0.45345888 -0.77641088
vn 0.49188864 0.74759549 -0.44625840
vn -0.13785380 0.45770967 -0.87834966
vn -0.04112044 0.87466305 -0.48298404
vn -0.02271785 0.85654289 -0.51557553
vn -0.49583283 0.79883027 -0.34061688
vn -0.47712737 0.84012628 -0.25794825
vn -0.86660099 0.22689712 -0.44443277
vn -0.60530061 0.32659572 -0.72591066
vn -0.24976259 -0.03222269 -0.96777081
vn -0.58656883 -0.09471629 -0.80434179
vn -0.80109602 -0.12117871 -0.58614069
vn -0.69347960 0.36196250 -0.62295192
vn -0.85314560 0.06950185 -0.51702231
vn -0.83565623 0.06985430 -0.54479259
vn -0.88423407 0.16236477 -0.43791285
vn -0.98215139 0.12354480 0.14182885
vn -0.99167347 0.05232785 -0.11766632
vn -0.99497950 0.07307555 0.06837870
vn -0.98570895 0.06211591 0.15658718
vn -0.99930656 -0.02590289 0.02674984
vn -0.99367577 0.03552919 0.10651813
vn -0.98241818 0.02784929 0.18460476
vn -0.99461126 -0.00505694 0.10355138
vn -0.97428846 -0.01547242 0.22477213
vn -0.99016559 -0.02442896 0.13775116
vn -0.97009009 -0.02373914 0.24158144
vn -0.99124265 -0.00858872 0.13177428
vn -0.97609478 0.06216509 0.20826550
vn -0.96709239 0.25386876 0.01682313
vn -0.92143828 0.38291380 0.06579159
vn -0.77187055 0.61800617 -0.14927927
vn -0.72692597 0.68028826 -0.09373689
vn -0.63315082 0.74403393 -0.21338578
vn -0.62720829 0.76368684 -0.15294504
vn -0.65608948 0.72859728 -0.19670382
vn -0.66048056 0.73700804 -0.14347303
vn -0.65568018 0.73243177 -0.18337697
vn -0.67563075 0.72590977 -0.12875581
vn -0.67599398 0.73212928 -0.08377849
vn -0.71403193 0.69458282 -0.08782469
vn -0.73521060 0.67567474 -0.05411983
vn -0.73341215 0.67977327 -0.00389128
vn -0.80696875 0.59043515 -0.01370236
vn -0.80951053 0.58652741 0.02604392
vn -0.80380577 0.59105444 0.06745991
vn -0.86360824 0.50072873 0.05874986
vn -0.86232024 0.50183767 0.06754890
vn -0.85182899 0.51569742 0.09188896
vn -0.90326732 0.42344764 0.06928359
vn -0.90246946 0.41803703 0.10389322
vn -0.89812297 0.41881892 0.13403627
vn -0.93104023 0.34473035 0.11968806
vn -0.92995048 0.34370118 0.13062021
vn -0.92480344 0.34996411 0.14921047
vn -0.94716090 0.29190454 0.13295808
vn -0.94863147 0.27222899 0.16121274
vn -0.94356656 0.25209290 0.21478185
vn -0.96263915 0.19670993 0.18609434
vn -0.95774019 0.18628664 0.21915987
vn -0.95531756 0.17810775 0.23589410
vn -0.96880656 0.12624894 0.21324895
vn -0.96244216 0.11790215 0.24454875
vn -0.95405674 0.08908475 0.28607616
vn -0.96925253 0.03829483 0.24307005
vn -0.97680241 0.04693760 0.20893484
vn -0.97721928 0.00558649 0.21215875
vn -0.96978021 -0.00347460 0.24395522
vn -0.97697198 -0.06149760 0.20431271
vn -0.96755314 -0.06160490 0.24504226
vn -0.96707380 -0.15838750 0.19920245
vn -0.95847923 -0.16242921 0.23438098
vn -0.95367229 -0.21719041 0.20817652
vn -0.95113659 -0.21689492 0.21976294
vn -0.93618548 -0.21205409 0.28033876
vn -0.93086463 -0.28853065 0.22414534
vn -0.91156673 -0.30299717 0.27791873
vn -0.88875932 -0.39242518 0.23687406
vn -0.87755680 -0.39388466 0.27340251
vn -0.83452666 -0.49913567 0.23329990
vn -0.81998903 -0.50511432 0.26921648
vn -0.75278616 -0.62103599 0.21823691
vn -0.73181540 -0.62810272 0.26444882
vn -0.66082019 -0.70670110 0.25276503
vn -0.62490231 -0.74157429 0.24405858
vn -0.76055318 -0.58055782 0.29070872
vn -0.77275240 -0.46809971 0.42864475
vn -0.91150051 -0.07306421 0.40475735
vn -0.85725915 -0.00267211 0.51487821
vn -0.87918627 0.10727313 0.46424544
vn -0.82719445 0.18761948 0.52966809
vn -0.86544389 0.18005498 0.46753287
vn -0.77124256 0.02633453 0.63599634
vn -0.83084011 0.17183322 0.52931851
vn -0.78115290 0.04600994 0.62264204
vn -0.47573695 -0.25488028 0.84184939
vn -0.79341483 0.06960934 0.60468781
vn -0.58030003 -0.19966604 0.78954756
vn -0.09191810 -0.55969566 0.82358468
vn -0.66354424 -0.14744060 0.73346466
vn -0.16924389 -0.60142845 0.78079456
vn 0.38489789 -0.78736639 0.48156801
vn -0.22292323 -0.65890777 0.71843284
vn 0.36563691 -0.84282148 0.39491978
vn 0.74716836 -0.66269654 -0.05072144
vn 0.32358685 -0.90185076 0.28628078
vn 0.70448190 -0.69731021 -0.13215017
vn 0.82862347 -0.42292029 -0.36677167
vn 0.64716101 -0.72585088 -0.23307325
vn 0.79345828 -0.46463481 -0.39311397
vn 0.22824211 -0.96556729 0.12484130
vn -0.28823501 -0.71975422 0.63156503
vn -0.39679092 -0.78307706 0.47890213
vn -0.75799537 -0.17293748 0.62891614
vn -0.80973881 -0.18696278 0.55620867
vn -0.86715996 0.20678377 0.45307189
vn -0.86000967 0.23081586 0.45509076
vn -0.71506351 -0.14830521 0.68314689
vn -0.85419255 0.15759146 0.49549955
vn -0.88283896 0.16600388 0.43936092
vn -0.81859446 0.10177083 0.56528378
vn -0.85112035 0.13892144 0.50625587
vn -0.87220275 0.18669035 0.45211604
vn -0.89382094 0.15413164 0.42110261
vn -0.82222557 0.13357188 0.55326623
vn -0.84874785 0.19566506 0.49126622
vn -0.85848296 0.20640987 0.46947005
vn -0.82306808 0.19480658 0.53348786
vn -0.84528112 0.25682780 0.46855015
vn -0.82464868 0.49704239 0.27000621
vn -0.85708761 0.23812313 0.45683485
vn -0.90803206 0.39242631 0.14655821
vn -0.82123113 0.42368391 -0.38219291
vn -0.97488046 -0.19517061 0.10731480
vn -0.82761431 -0.55361009 -0.09257624
vn -0.84123659 -0.50238740 0.19981959
vn -0.76678789 -0.61596346 0.18062480
vn -0.84896338 -0.50344288 0.16064377
vn -0.77598959 -0.61286920 0.14910229
vn -0.86444581 -0.49245903 0.10108186
vn -0.78963572 -0.60508806 0.10170440
vn -0.72296423 -0.68345881 0.10102932
vn -0.81104541 -0.58076572 0.07011771
vn -0.73985159 -0.66841489 0.07642726
vn -0.66407496 -0.74398792 0.07406982
vn -0.64304650 -0.75877887 0.10366154
vn -0.56608230 -0.82165712 0.06656110
vn -0.55259579 -0.82692116 0.10411160
vn -0.44035882 -0.89624381 0.05320973
vn -0.42881152 -0.89837027 0.09513944
vn -0.28034207 -0.95937598 0.03171705
vn -0.26738116 -0.96032703 0.07924234
vn -0.13817827 -0.99038917 0.00601975
vn -0.12712242 -0.99017656 0.05822586
vn -0.01562281 -0.99944723 -0.02934523
vn -0.00195218 -0.99966955 0.02563100
vn 0.00901154 -0.99485487 0.10090971
vn 0.05880065 -0.94977200 0.30736884
vn 0.12355784 -0.99209005 -0.02215196
vn 0.15062086 -0.98750472 0.04634479
vn 0.26604754 -0.95979273 -0.08953491
vn 0.30167264 -0.95313329 -0.02303235
vn 0.41263932 -0.89630985 -0.16234943
vn 0.44569528 -0.88855886 -0.10871408
vn 0.51328343 -0.82994467 -0.21847627
vn 0.53163964 -0.82892972 -0.17388147
vn 0.54701102 -0.82733667 -0.12764339
vn 0.55294448 -0.82800353 -0.09307315
vn 0.60157061 -0.76457626 -0.23137860
vn 0.61714655 -0.76293314 -0.19251783
vn 0.63144791 -0.75788498 -0.16396298
vn 0.59299064 -0.79646361 -0.11835413
vn 0.55083150 -0.82160413 -0.14680402
vn 0.49044472 -0.86487859 -0.10700013
vn 0.65344882 -0.74234521 -0.14808238
vn 0.70760518 -0.65518391 -0.26462966
vn 0.71609300 -0.65804476 -0.23278292
vn 0.73709160 -0.64788133 -0.19221316
vn 0.76748848 -0.62213612 -0.15462232
vn 0.67855757 -0.72296965 -0.12990208
vn 0.79515827 -0.52815163 -0.29795828
vn 0.82595879 -0.51228803 -0.23527220
vn 0.85771757 -0.48291808 -0.17638268
vn 0.87445146 -0.45841122 -0.15872553
vn 0.78717405 -0.60267007 -0.13094181
vn 0.89763933 -0.34262353 -0.27722320
vn 0.91877079 -0.33185720 -0.21384823
vn 0.92517865 -0.33266586 -0.18269598
vn 0.93760574 -0.31910500 -0.13808505
vn 0.89135194 -0.43684065 -0.12108666
vn 0.94044888 -0.22072901 -0.25852391
vn 0.95015198 -0.22582035 -0.21497980
vn 0.96384454 -0.21929419 -0.15137284
vn 0.97705567 -0.19994055 -0.07338984
vn 0.95491314 -0.28877088 -0.06893767
vn 0.96072316 -0.14916603 -0.23400953
vn 0.97491032 -0.13856789 -0.17420860
vn 0.98611444 -0.13547546 -0.09604598
vn 0.98904157 -0.13905846 -0.04959419
vn 0.97590882 -0.10510879 -0.19119103
vn 0.96332449 -0.09487419 -0.25100765
vn 0.95935363 -0.03537983 -0.27998021
vn 0.97458231 -0.04503698 -0.21945620
vn 0.95217115 0.05293031 -0.30094603
vn 0.96802527 0.04519144 -0.24674836
vn 0.98152328 0.03956995 -0.18720634
vn 0.99085027 0.03084800 -0.13139282
vn 0.95510370 0.14413866 -0.25884524
vn 0.96900755 0.13636881 -0.20598048
vn 0.98142159 0.11830062 -0.15105145
vn 0.99539226 0.08324660 -0.04758416
vn 0.99934185 0.03602619 0.00425011
vn 0.95582634 0.19327983 -0.22144732
vn 0.96876192 0.18560602 -0.16447085
vn 0.98129994 0.16829318 -0.09342314
vn 0.98390365 0.13336341 0.11894444
vn 0.99031210 0.05215689 0.12869197
vn 0.95687395 0.23563753 -0.16990320
vn 0.96775699 0.23515968 -0.09025684
vn 0.97287846 0.21678276 0.08070150
vn 0.91889268 0.14956416 0.36505738
vn 0.92887294 0.11298111 0.35274693
vn 0.95501161 0.28351215 -0.08702628
vn 0.96927702 0.24306171 0.03772305
vn 0.94550437 0.14724003 0.29041654
vn 0.89661086 0.05974339 0.43877065
vn 0.87572485 0.11679734 0.46847031
vn 0.94738901 0.31911221 0.02492912
vn 0.95192760 0.23368759 0.19805096
vn 0.93839812 0.12265062 0.32305685
vn 0.98422921 0.15799986 0.07955561
vn 0.97940248 0.08272340 0.18419436
vn 0.90129358 0.40030846 0.16559902
vn 0.91752964 0.33474827 0.21466975
vn 0.92659348 0.37186819 0.05602257
vn 0.88236201 0.46162084 -0.09134234
vn 0.90366805 0.30781585 -0.29771346
vn 0.85237521 0.49447492 0.17015010
vn 0.86047137 0.50559592 0.06294286
vn 0.85758430 0.51315248 0.03498041
vn 0.86385530 0.48877019 0.12189302
vn 0.89245057 0.45032999 0.02710719
vn 0.79172009 0.60279095 0.09910737
vn 0.79192150 0.59084052 0.15416837
vn 0.78839266 0.57003546 0.23129331
vn 0.79545826 0.53139246 0.29132149
vn 0.87120950 0.45413020 0.18643978
vn 0.66954440 0.68457514 0.28821382
vn 0.67266142 0.65269947 0.34858304
vn 0.68333626 0.61353964 0.39575315
vn 0.53780562 0.71467078 0.44722557
vn 0.55514830 0.68004191 0.47890878
vn 0.41478533 0.75102437 0.51372701
vn 0.43416670 0.71963620 0.54186982
vn 0.45514047 0.68814832 0.56506556
vn 0.48232743 0.65222389 0.58477712
vn 0.31932434 0.73791730 0.59456694
vn 0.33450493 0.70954192 0.62020701
vn 0.35328519 0.68218398 0.64016771
vn 0.38005176 0.65369546 0.65440279
vn 0.52164346 0.61478853 0.59154320
vn 0.21533783 0.71709555 0.66287512
vn 0.23535304 0.69282895 0.68161350
vn 0.25545228 0.66622370 0.70063555
vn 0.27429286 0.64263439 0.71539104
vn 0.28903183 0.64357430 0.70871198
vn 0.29842591 0.65868819 0.69070393
vn 0.33965594 0.52206039 0.78235978
vn 0.19663891 0.74241686 0.64042968
vn 0.30085784 0.77036184 0.56216282
vn 0.17504820 0.77555430 0.60652578
vn 0.27842188 0.80423045 0.52506620
vn 0.15243036 0.80778265 0.56943154
vn 0.01941098 0.79581141 0.60523337
vn 0.12565237 0.84107846 0.52611649
vn -0.01652083 0.82934183 0.55849737
vn -0.15896241 0.80394095 0.57307065
vn -0.05930319 0.86561310 0.49718916
vn -0.21737488 0.83769560 0.50101310
vn -0.31814981 0.75648320 0.57141387
vn 0.09265660 0.87865365 0.46838310
vn 0.25700054 0.83721197 0.48272848
vn 0.23325318 0.87480128 0.42463601
vn 0.38982779 0.82051510 0.41807801
vn 0.38133675 0.85161710 0.35962555
vn 0.52340925 0.78666568 0.32741424
vn 0.52645570 0.80412459 0.27609456
vn 0.66745931 0.71471810 0.20898812
vn 0.66905189 0.71863550 0.18955941
vn 0.78230447 0.60487360 0.14875443
vn 0.83324105 0.52671951 0.16815512
vn 0.88507760 0.46363899 0.04094631
vn 0.92090911 0.37560028 -0.10416753
vn 0.93240386 0.31549963 -0.17630398
vn 0.89549392 0.40980446 -0.17364007
vn 0.91364247 0.33481583 -0.23055533
vn 0.87935907 0.42282218 -0.21897262
vn 0.89756119 0.34915492 -0.26921123
vn 0.86090958 0.43282488 -0.26738980
vn 0.87033606 0.35717839 -0.33902615
vn 0.83227503 0.44650167 -0.32856426
vn 0.84878451 0.36154386 -0.38581190
vn 0.81353456 0.44893184 -0.36962357
vn 0.83020699 0.35741612 -0.42779699
vn 0.80054647 0.44259822 -0.40402025
vn 0.73725349 0.54909873 -0.39363420
vn 0.76253957 0.44549918 -0.46910968
vn 0.70011151 0.55173153 -0.45325068
vn 0.65541774 0.62829947 -0.41912687
vn 0.69477230 0.53823394 -0.47706994
vn 0.64148551 0.61981964 -0.45201778
vn 0.57030720 0.70151591 -0.42734677
vn 0.60949957 0.60930604 -0.50720453
vn 0.55018938 0.68308032 -0.48030502
vn 0.60055506 0.59764183 -0.53118527
vn 0.54363841 0.66917306 -0.50662076
vn 0.44234815 0.75565314 -0.48302838
vn 0.51867592 0.66047895 -0.54290223
vn 0.40752465 0.73165673 -0.54644489
vn 0.33389372 0.76483625 -0.55094498
vn 0.36604264 0.71365321 -0.59725362
vn 0.31233391 0.74570090 -0.58853859
vn 0.29699728 0.75504929 -0.58454537
vn 0.30658007 0.73481280 -0.60502791
vn 0.28030846 0.74833733 -0.60118085
vn 0.31952384 0.72617531 -0.60874784
vn 0.34956095 0.72608685 -0.59211904
vn 0.63776398 0.49504337 -0.59007567
vn 0.64137906 0.50554138 -0.57711422
vn 0.91097492 0.09330885 -0.40176898
vn 0.89314318 0.10938833 -0.43626758
vn 0.95183319 -0.01208257 -0.30637816
vn 0.92434847 -0.02887519 -0.38045523
vn 0.94533116 0.04818011 -0.32253304
vn 0.90445298 -0.00222531 -0.42656749
vn 0.92785484 0.09626292 -0.36030391
vn 0.86926466 0.03941108 -0.49277359
vn 0.91358125 0.11658451 -0.38958603
vn 0.76733470 0.09191736 -0.63462472
vn 0.85384893 0.23219250 -0.46586329
vn 0.69966185 0.40854478 -0.58614367
vn 0.54598069 0.07033206 -0.83484036
vn 0.32182491 0.51879454 -0.79201066
vn 0.17037024 0.01707906 -0.98523217
vn -0.24690753 0.55681151 -0.79309374
vn 0.47784156 0.87840694 -0.00827998
vn 0.07016342 0.99322683 0.09261496
vn -0.33351249 0.92975128 0.15598714
vn 0.04210817 0.98454386 -0.17000093
vn -0.38549113 0.91602707 0.11086427
vn -0.16722834 0.55991495 -0.81149852
vn -0.68859744 0.58230448 -0.43215165
vn -0.67542911 -0.02548243 -0.73698461
vn -0.61851579 0.25029016 -0.74484420
vn 0.52237874 0.75925517 -0.38813916
vn 0.40259618 0.32187161 -0.85692173
vn 0.94884932 -0.06830765 -0.30825165
vn 0.92178947 -0.18333736 -0.34160152
vn 0.71095490 -0.43154737 -0.55525684
vn 0.77233082 -0.37817150 -0.51038361
vn 0.36233521 -0.58772469 -0.72338986
vn 0.40265453 -0.64212877 -0.65233433
vn 0.47558019 -0.55999851 -0.67839897
vn -0.09933284 -0.78409433 -0.61264098
vn -0.12360638 -0.79619086 -0.59228498
vn -0.20937775 -0.75912595 -0.61635119
vn 0.49667841 -0.55113238 -0.67049503
vn -0.43828341 -0.54986864 -0.71102202
vn -0.65465426 -0.66090673 -0.36691990
vn -0.93004757 -0.35944554 -0.07622585
vn -0.59017849 -0.71057689 -0.38310540
vn -0.87701643 -0.47595981 -0.06560913
vn -0.96148151 -0.23325951 0.14540762
vn -0.98428822 -0.09304953 0.15006143
vn -0.62388003 -0.55516928 -0.55005521
vn -0.90773225 -0.36818764 -0.20114639
vn -0.99321759 -0.11485189 0.01811047
vn -0.99620289 0.08706171 -0.00016162
vn -0.98958862 -0.09767126 0.10570972
vn -0.78040838 0.35776556 -0.51280254
vn -0.84304225 0.45337611 -0.28936103
vn -0.81028163 0.54527521 -0.21475242
vn -0.53847033 0.74910682 -0.38586107
vn -0.59744769 0.74491191 -0.29692158
vn -0.54827094 0.74802214 -0.37398130
vn -0.61296785 0.74111074 -0.27390739
vn -0.63187653 0.73046654 -0.25913462
vn -0.67804438 0.69599760 -0.23631163
vn -0.69015121 0.70642537 -0.15701738
vn -0.77305663 0.60956049 -0.17555502
vn -0.79843074 0.59555620 -0.08843748
vn -0.80427420 0.59320074 -0.03544045
vn -0.86746252 0.49571636 -0.04212036
vn -0.86272025 0.50540167 -0.01681962
vn -0.85997748 0.50989270 0.02116872
vn -0.91270369 0.40859306 0.00486005
vn -0.90834957 0.41587365 0.04416064
vn -0.90118998 0.42641625 0.07762565
vn -0.94013393 0.33616045 0.05607451
vn -0.93633395 0.34286183 0.07566041
vn -0.93417394 0.34755033 0.08079530
vn -0.95911938 0.27370420 0.07194471
vn -0.95745492 0.27623275 0.08351945
vn -0.95107955 0.28716150 0.11395541
vn -0.97610801 0.20129369 0.08181637
vn -0.97368193 0.20847270 0.09210159
vn -0.96727878 0.21085607 0.14110816
vn -0.98769832 0.13273440 0.08266516
vn -0.98209977 0.12711322 0.13900423
vn -0.97403443 0.12601823 0.18808578
vn -0.98999417 0.05747749 0.12887160
vn -0.98228270 0.05518283 0.17909653
vn -0.99201137 0.01207031 0.12556940
vn -0.98509359 0.00822302 0.17182267
vn -0.99147809 -0.06600125 0.11231674
vn -0.98459309 -0.06205960 0.16347800
vn -0.98738575 -0.11435147 0.10951319
vn -0.97570866 -0.13846004 0.16976836
vn -0.97157890 -0.20374835 0.12050325
vn -0.96099991 -0.21024074 0.17966048
vn -0.94790810 -0.29797095 0.11262124
vn -0.94414020 -0.28365245 0.16775179
vn -0.93776101 -0.27516732 0.21186610
vn -0.91243637 -0.37595156 0.16161707
vn -0.89930964 -0.38327900 0.21056961
vn -0.92333823 -0.37022904 0.10186752
vn -0.95332026 -0.29219633 0.07617059
vn -0.92425036 -0.37457410 0.07386082
vn -0.87863469 -0.47328243 0.06328325
vn -0.92860049 -0.36998302 0.02852499
vn -0.89378154 -0.44700933 0.03656700
vn -0.83103675 -0.55509555 0.03531134
vn -0.90120256 -0.43332478 0.00796366
vn -0.84148681 -0.54010212 -0.01376749
vn -0.77467668 -0.63209820 -0.01811374
vn -0.75752670 -0.65213835 0.02947408
vn -0.70491171 -0.70923799 -0.00900283
vn -0.68235147 -0.73047280 0.02838939
vn -0.61401600 -0.78929317 0.00081146
vn -0.58677101 -0.80929983 0.02708392
vn -0.48731434 -0.87320966 -0.00544197
vn -0.46163416 -0.88684690 0.01991075
vn -0.32123896 -0.94634116 -0.03526833
vn -0.29953042 -0.95407468 -0.00478959
vn -0.17017859 -0.98265553 -0.07367167
vn -0.15360035 -0.98736101 -0.03905350
vn -0.05060831 -0.99230409 -0.11301085
vn -0.03246188 -0.99644703 -0.07771458
vn 0.06325506 -0.98530203 -0.15867755
vn 0.08456714 -0.98883921 -0.12265955
vn 0.10437708 -0.99156749 -0.07680639
vn 0.21848918 -0.95859051 -0.18266544
vn 0.24136768 -0.96028447 -0.13998331
vn 0.35942197 -0.89786232 -0.25428137
vn 0.38284695 -0.89940912 -0.21092983
vn 0.46593481 -0.82733285 -0.31372762
vn 0.48774004 -0.82935321 -0.27254918
vn 0.56318736 -0.73401713 -0.37952459
vn 0.57119501 -0.74670750 -0.34082845
vn 0.58709204 -0.76002169 -0.27872944
vn 0.64814925 -0.63431615 -0.42136145
vn 0.66814750 -0.65166682 -0.35903922
vn 0.69177634 -0.65493798 -0.30414110
vn 0.73460460 -0.51127297 -0.44604483
vn 0.75792938 -0.52567881 -0.38627040
vn 0.77730548 -0.53223932 -0.33543620
vn 0.80498636 -0.35449198 -0.47574401
vn 0.83265930 -0.36601421 -0.41558647
vn 0.86286169 -0.36350557 -0.35118857
vn 0.85843295 -0.19878019 -0.47284186
vn 0.89316654 -0.19986339 -0.40287474
vn 0.92387313 -0.21076362 -0.31943247
vn 0.89145637 -0.11853681 -0.43732646
vn 0.91838390 -0.13469338 -0.37205991
vn 0.94593614 -0.15263116 -0.28619665
vn 0.90993398 -0.07694535 -0.40755296
vn 0.94590288 -0.07878269 -0.31473970
vn 0.90327573 -0.02536327 -0.42831033
vn 0.94257164 -0.02676430 -0.33292997
vn 0.89584303 0.07183988 -0.43852511
vn 0.93435729 0.06776416 -0.34983483
vn 0.88841224 0.16652547 -0.42777663
vn 0.91471511 0.16936167 -0.36689624
vn 0.93431973 0.15281893 -0.32201403
vn 0.89861810 0.21785675 -0.38082027
vn 0.91704130 0.20781367 -0.34036547
vn 0.94287300 0.20219092 -0.26478165
vn 0.89693826 0.27462173 -0.34653243
vn 0.92617357 0.26590779 -0.26738650
vn 0.93982154 0.25237292 -0.23031133
vn 0.87758482 0.28523248 -0.38534045
vn 0.87777799 0.22587030 -0.42247903
vn 0.85154653 0.29731756 -0.43182260
vn 0.83464843 0.23228642 -0.49940464
vn 0.81902391 0.29190966 -0.49395189
vn 0.81001925 0.34222409 -0.47618437
vn 0.80538076 0.28248337 -0.52111894
vn 0.78306490 0.33611786 -0.52329177
vn 0.73617691 0.44777143 -0.50748813
vn 0.76155341 0.33767998 -0.55318040
vn 0.71756220 0.43780500 -0.54169285
vn 0.67012513 0.52253217 -0.52715510
vn 0.69595999 0.42899853 -0.57584715
vn 0.65323645 0.51262808 -0.55722034
vn 0.69333780 0.42514798 -0.58183503
vn 0.64922327 0.50323993 -0.57031476
vn 0.59569383 0.58180088 -0.55376583
vn 0.62994671 0.49657401 -0.59714437
vn 0.56556243 0.56635499 -0.59948403
vn 0.46006185 0.65499234 -0.59943974
vn 0.52040547 0.58050573 -0.62625182
vn 0.41682771 0.65341812 -0.63190150
vn 0.35293430 0.70018202 -0.62063074
vn 0.37061834 0.66491932 -0.64847839
vn 0.30565169 0.69883579 -0.64668816
vn 0.25303125 0.72579116 -0.63968927
vn 0.10688726 0.73943096 -0.66469324
vn 0.22375269 0.74085516 -0.63329947
vn 0.08822723 0.74208277 -0.66447651
vn 0.23086974 0.72899950 -0.64440578
vn 0.20085916 0.60737103 -0.76860648
vn 0.47905451 0.51995933 -0.70721215
vn 0.58971524 -0.02255040 -0.80729628
vn 0.84067118 0.00387901 -0.54153210
vn -0.03563819 0.67831177 -0.73390937
vn 0.18563256 0.07642841 -0.97964239
vn -0.23259534 0.19723707 -0.95236385
vn -0.13293877 -0.63365638 -0.76210690
vn -0.20735276 0.70922732 -0.67379636
vn -0.33472446 0.72976673 -0.59615439
vn -0.57151139 0.27498814 -0.77314687
vn -0.06165445 0.74311006 -0.66632277
vn -0.20261499 0.73624665 -0.64566869
vn -0.33083299 0.73798829 -0.58815199
vn -0.19801202 0.73255652 -0.65126961
vn -0.44956687 0.74429107 -0.49388298
vn -0.44680336 0.74070150 -0.50172496
vn -0.04343443 0.73444945 -0.67727208
vn 0.46740380 0.59318137 -0.65549183
vn 0.40177163 0.56651932 -0.71946883
vn 0.56955278 0.48196736 -0.66582060
vn 0.51454920 0.44272238 -0.73432684
vn 0.47347829 0.41153872 -0.77875161
vn 0.34375861 0.53344393 -0.77283084
vn 0.44977781 0.40180591 -0.79765403
vn 0.31217688 0.52234352 -0.79353815
vn 0.13739751 0.62620646 -0.76745522
vn 0.30809227 0.54149061 -0.78221935
vn 0.14202920 0.63989687 -0.75522161
vn -0.03841826 0.70807773 -0.70508862
vn -0.04515176 0.69501698 -0.71757418
vn -0.18898624 0.73405302 -0.65226567
vn -0.19366920 0.71889073 -0.66759890
vn -0.32557815 0.73258066 -0.59776622
vn -0.32859048 0.71378154 -0.61850154
vn -0.49552178 0.69477153 -0.52129716
vn -0.49772951 0.67428952 -0.54552627
vn -0.66908675 0.60909253 -0.42582765
vn -0.68259186 0.58386475 -0.43951148
vn -0.80631304 0.49205634 -0.32823774
vn -0.82674819 0.46016920 -0.32362276
vn -0.84038663 0.46601737 -0.27672735
vn -0.84696913 0.48643109 -0.21454136
vn -0.90621966 0.35163543 -0.23477353
vn -0.91535759 0.35462922 -0.19067959
vn -0.91848671 0.37040535 -0.13849901
vn -0.91798764 0.38568461 -0.09244476
vn -0.85517126 0.49351642 -0.15850483
vn -0.95236999 0.29010206 -0.09397975
vn -0.94858307 0.31123802 -0.05762884
vn -0.94620001 0.32268524 -0.02407939
vn -0.91607755 0.39745900 -0.05318038
vn -0.97493500 0.21172455 -0.06836945
vn -0.96810412 0.24839421 -0.03278251
vn -0.96553516 0.26016510 0.00747625
vn -0.96568477 0.25883815 0.02134877
vn -0.94401324 0.32983372 0.00697950
vn -0.98584235 0.16767493 -0.00029229
vn -0.98042756 0.19454661 0.03022258
vn -0.97986591 0.19553760 0.04034592
vn -0.98000413 0.19260678 0.04994527
vn -0.96447539 0.26107669 0.04032372
vn -0.98827994 0.14393511 0.05084725
vn -0.98776597 0.14945352 0.04451936
vn -0.98802608 0.14740349 0.04557019
vn -0.97842151 0.20088774 0.04832703
vn -0.99379390 0.09775704 0.05307774
vn -0.99470520 0.09578250 0.03724577
vn -0.99448180 0.09026130 0.05346716
vn -0.99262846 0.08381829 0.08754099
vn -0.98617524 0.14136076 0.08646074
vn -0.99923611 0.01484481 0.03615015
vn -0.99868888 0.00728475 0.05066954
vn -0.99681288 0.00544864 0.07958834
vn -0.99695343 0.00805363 0.07758368
vn -0.99337071 0.08033321 0.08222676
vn -0.99588370 -0.08403228 0.03397404
vn -0.99570525 -0.07543134 0.05367568
vn -0.99514902 -0.06884637 0.07027571
vn -0.99399257 -0.07189288 0.08252537
vn -0.99520272 0.01240402 0.09704434
vn -0.99119067 -0.12679854 0.03825504
vn -0.99064016 -0.12456729 0.05581411
vn -0.99147344 -0.11001422 0.06983779
vn -0.98240477 -0.18234138 0.04040423
vn -0.97973847 -0.19045861 0.06195159
vn -0.96031064 -0.27721688 0.03089077
vn -0.98351806 -0.17592502 0.04174647
vn -0.96128511 -0.27375066 0.03148672
vn -0.93420792 -0.35606515 0.02175166
vn -0.96731168 -0.25354037 0.00502923
vn -0.93918163 -0.34335658 -0.00663428
vn -0.90273553 -0.42938921 -0.02633206
vn -0.94309169 -0.32750082 -0.05763125
vn -0.91006786 -0.40904710 -0.06676136
vn -0.85928535 -0.50659883 -0.07061362
vn -0.85013562 -0.52532029 -0.03616609
vn -0.79211539 -0.60492718 -0.08134061
vn -0.78750741 -0.61504728 -0.03935843
vn -0.74581164 -0.66126436 -0.08058885
vn -0.72931153 -0.68339485 -0.03280768
vn -0.66482413 -0.74313587 -0.07588170
vn -0.64292479 -0.76555699 -0.02388131
vn -0.52127558 -0.84909350 -0.08551016
vn -0.50912732 -0.86001331 -0.03415269
vn -0.35979113 -0.92665488 -0.10890864
vn -0.34437683 -0.93646401 -0.06663013
vn -0.19358255 -0.97553104 -0.10423538
vn -0.07511838 -0.98701257 -0.14199851
vn 0.03708455 -0.98184133 -0.18604377
vn 0.12044268 -0.95821542 -0.25945511
vn 0.16213340 -0.95631087 -0.24327379
vn 0.19278519 -0.95682287 -0.21754088
vn 0.29810226 -0.90076691 -0.31583858
vn 0.33463901 -0.89841199 -0.28438124
vn 0.40520245 -0.82971239 -0.38391182
vn 0.44490537 -0.82967758 -0.33718586
vn 0.51230514 -0.72439283 -0.46130088
vn 0.55100989 -0.72484410 -0.41350830
vn 0.60703439 -0.59645504 -0.52511954
vn 0.63532007 -0.59483969 -0.49247751
vn 0.64607966 -0.61017793 -0.45854548
vn 0.69256783 -0.47555381 -0.54240066
vn 0.70445836 -0.47546065 -0.52694923
vn 0.70975024 -0.49290848 -0.50328499
vn 0.74165040 -0.36097229 -0.56537932
vn 0.75764078 -0.35064182 -0.55048221
vn 0.78190917 -0.34445190 -0.51958722
vn 0.79629898 -0.21162111 -0.56667835
vn 0.80791426 -0.20435673 -0.55273205
vn 0.82344395 -0.20384270 -0.52951699
vn 0.80407143 -0.12455790 -0.58133847
vn 0.82327950 -0.13904297 -0.55034345
vn 0.86520880 -0.12616168 -0.48528025
vn 0.82239276 -0.06792801 -0.56485033
vn 0.86877507 -0.05809280 -0.49178758
vn 0.88804704 -0.06646230 -0.45492330
vn 0.86086035 0.01717199 -0.50855154
vn 0.87702841 -0.00598205 -0.48040119
vn 0.84761232 0.08238132 -0.52418184
vn 0.86567068 0.07318946 -0.49523500
vn 0.83485645 0.15740569 -0.52748275
vn 0.85534930 0.15583864 -0.49405646
vn 0.81789100 0.24242227 -0.52181005
vn 0.81263363 0.15878467 -0.56072640
vn 0.79318821 0.23932058 -0.55998057
vn 0.78266084 0.27760947 -0.55711299
vn 0.77017081 0.22176073 -0.59804595
vn 0.76389533 0.27184999 -0.58528763
vn 0.73855960 0.33745372 -0.58365625
vn 0.75500476 0.26658002 -0.59908521
vn 0.73260659 0.33667955 -0.59155256
vn 0.73238242 0.24539962 -0.63513398
vn 0.72700435 0.30919486 -0.61307669
vn 0.68269855 0.42212492 -0.59643376
vn 0.70664793 0.27540043 -0.65176934
vn 0.66659188 0.39274794 -0.63356471
vn 0.61010623 0.49947035 -0.61506075
vn 0.64981312 0.34529635 -0.67713624
vn 0.68764997 0.27382705 -0.67242563
vn 0.64043415 0.26844099 -0.71957177
vn 0.60702658 0.31591475 -0.72918892
vn 0.60248071 0.25047067 -0.75781357
vn 0.56191790 0.30713648 -0.76805949
vn 0.56393075 0.22582355 -0.79434627
vn 0.53097504 0.29706374 -0.79361111
vn 0.58047479 0.21514542 -0.78534168
vn 0.54296017 0.30507123 -0.78238463
vn 0.44553167 0.43009743 -0.78518641
vn 0.63722348 0.35345894 -0.68484515
vn 0.52889168 0.52689147 -0.66532612
vn 0.37149367 0.65563345 -0.65737140
vn 0.68516040 0.55967098 -0.46617985
vn 0.52503550 0.76682556 -0.36921045
vn 0.30792123 0.89453459 -0.32402512
vn 0.16936144 0.73065645 -0.66140598
vn 0.09356313 0.94046080 -0.32677117
vn -0.03682848 0.74386162 -0.66731817
vn -0.07107712 0.94639260 -0.31510159
vn -0.17847513 0.74694127 -0.64048833
vn -0.20365395 0.94981986 -0.23741791
vn -0.30265856 0.75931662 -0.57605219
vn -0.36256233 0.92548758 -0.10964187
vn -0.47073016 0.74584240 -0.47130901
vn -0.56332362 0.82613969 -0.01264385
vn -0.63544607 0.68722409 -0.35203892
vn -0.74712867 0.66273510 0.05080434
vn -0.77500737 0.57999009 -0.25094849
vn -0.88806647 0.45775282 0.04243039
vn -0.88253093 0.43591851 -0.17639188
vn -0.89356101 0.37335545 -0.24930809
vn -0.95133114 0.27344641 -0.14211290
vn -0.96466231 0.26344904 0.00459652
vn -0.99197447 0.12225997 -0.03223613
vn -0.98394996 0.12418140 -0.12814626
vn -0.99838656 0.02825091 -0.04925702
vn -0.99245268 0.01859840 -0.12121002
vn -0.99736130 -0.05857094 -0.04289547
vn -0.98793226 -0.09849603 -0.11953349
vn -0.97974455 -0.11674955 -0.16269632
vn -0.97758174 -0.12667595 -0.16818793
vn -0.96694577 -0.22555813 -0.11890896
vn -0.95531642 -0.21194488 -0.20603371
vn -0.95927846 -0.19498858 -0.20436297
vn -0.96287763 -0.21949415 -0.15712689
vn -0.97702223 -0.15544432 -0.14582419
vn -0.93777329 -0.23210844 -0.25827673
vn -0.94638151 -0.23090488 -0.22593138
vn -0.94281024 -0.28382012 -0.17479959
vn -0.93560648 -0.32244146 -0.14377750
vn -0.96199399 -0.25037387 -0.10899726
vn -0.87430876 -0.35459042 -0.33143595
vn -0.87713552 -0.40013540 -0.26556522
vn -0.87552148 -0.43442810 -0.21150528
vn -0.86685562 -0.47176921 -0.16123071
vn -0.92940575 -0.35143986 -0.11267186
vn -0.81891632 -0.44464868 -0.36285472
vn -0.79556388 -0.41261217 -0.44365457
vn -0.88044894 -0.29271024 -0.37300193
vn -0.92567968 -0.35833123 -0.12130876
vn -0.99361902 -0.07161443 -0.08713537
vn -0.98736024 -0.13547030 0.08226625
vn -0.89952761 -0.26387653 0.34816554
vn -0.86631238 -0.48333374 0.12606072
vn -0.62212616 -0.43097675 0.65361911
vn -0.93099046 -0.12062622 0.34453756
vn -0.78512293 -0.29821542 0.54281622
vn -0.41251364 -0.55722779 0.72064537
vn -0.14824636 -0.59825784 0.78747106
vn 0.18432094 -0.70426416 0.68559295
vn 0.41909298 -0.66237795 0.62098020
vn 0.68912947 -0.58031815 0.43397155
vn 0.74391347 -0.58326018 0.32619053
vn 0.54240972 -0.83922035 -0.03874025
vn 0.22250804 -0.88931394 -0.39951354
vn 0.85024732 -0.52627641 0.01060795
vn 0.50285506 -0.76975441 -0.39321095
vn 0.24959363 -0.79892939 -0.54718810
vn 0.27552730 -0.77094340 -0.57422203
vn 0.17609623 -0.84931320 -0.49765158
vn 0.45575148 -0.69866413 -0.55150628
vn 0.28448585 -0.70448679 -0.65020460
vn 0.35021752 -0.67538482 -0.64900160
vn 0.45344979 -0.62902308 -0.63143742
vn 0.36964583 -0.71758825 -0.59027880
vn 0.32527974 -0.61296248 -0.72004867
vn 0.39629349 -0.57785350 -0.71346807
vn 0.50824147 -0.53900766 -0.67168540
vn 0.58164060 -0.48203081 -0.65524077
vn 0.52433354 -0.57471484 -0.62831300
vn 0.42636484 -0.51972896 -0.74033427
vn 0.53844547 -0.45614338 -0.70852643
vn 0.62586123 -0.38876945 -0.67613310
vn 0.65166819 -0.33900192 -0.67853236
vn 0.62164736 -0.43364349 -0.65230972
vn 0.56228960 -0.37524664 -0.73689914
vn 0.65011948 -0.29309240 -0.70102882
vn 0.66863036 -0.24637410 -0.70159328
vn 0.71340698 -0.18548533 -0.67575562
vn 0.69479692 -0.30217549 -0.65264630
vn 0.65040421 -0.19162595 -0.73501956
vn 0.67722666 -0.14652959 -0.72103620
vn 0.71971160 -0.09900447 -0.68717784
vn 0.75014520 -0.07974599 -0.65644699
vn 0.75650603 -0.13781242 -0.63930142
vn 0.68990844 -0.09678327 -0.71739763
vn 0.71748728 -0.06062070 -0.69392872
vn 0.74097228 -0.03712835 -0.67050850
vn 0.76288903 -0.01903944 -0.64624900
vn 0.76884192 -0.07016063 -0.63557804
vn 0.72147936 -0.00883611 -0.69237965
vn 0.73083794 0.02472119 -0.68210328
vn 0.75153446 0.04597217 -0.65808994
vn 0.76930678 0.06607875 -0.63545322
vn 0.77885765 -0.00998797 -0.62712121
vn 0.73053122 0.06917351 -0.67936665
vn 0.74675477 0.10300171 -0.65707517
vn 0.76353914 0.12570521 -0.63340825
vn 0.77051604 0.14433157 -0.62086493
vn 0.77365756 0.07611495 -0.62901539
vn 0.73931426 0.18280971 -0.64807022
vn 0.74507731 0.19356047 -0.63827431
vn 0.76789612 0.20411527 -0.60718411
vn 0.77787942 0.15528056 -0.60892653
vn 0.82325971 0.08364038 -0.56146926
vn 0.79345286 0.07804427 -0.60360718
vn 0.82392442 0.01497065 -0.56650186
vn 0.79554158 -0.00436158 -0.60588324
vn 0.78370237 -0.01177855 -0.62102479
vn 0.79119450 -0.07437603 -0.60702509
vn 0.79083031 -0.06747252 -0.60830486
vn 0.78964400 -0.06106505 -0.61051887
vn 0.80186099 -0.10005818 -0.58907312
vn 0.78865725 -0.10291936 -0.60615784
vn 0.76836020 -0.12391980 -0.62790638
vn 0.77187389 -0.22709937 -0.59383208
vn 0.75758976 -0.24124971 -0.60651153
vn 0.74543589 -0.26086953 -0.61341047
vn 0.73374194 -0.36303532 -0.57430661
vn 0.70986867 -0.38061178 -0.59263909
vn 0.67161411 -0.40545362 -0.62011427
vn 0.66458583 -0.48938113 -0.56465191
vn 0.63080579 -0.50989020 -0.58488971
vn 0.57680631 -0.53578198 -0.61662972
vn 0.56283748 -0.61747718 -0.54948682
vn 0.50929660 -0.64586693 -0.56874686
vn 0.45347106 -0.67361706 -0.58361292
vn 0.42847729 -0.74985677 -0.50410521
vn 0.37325552 -0.76339126 -0.52717555
vn 0.25823590 -0.79118592 -0.55438173
vn 0.25449529 -0.84782869 -0.46520826
vn 0.10462528 -0.86822563 -0.48501307
vn 0.08568940 -0.92193091 -0.37775758
vn -0.05646482 -0.91677725 -0.39538735
vn -0.05953648 -0.95391107 -0.29412410
vn -0.18728451 -0.93119794 -0.31272161
vn -0.32967103 -0.90132284 -0.28095216
vn -0.44696024 -0.86490959 -0.22838119
vn -0.61572093 -0.76385236 -0.19343567
vn -0.50273168 -0.83692533 -0.21637207
vn -0.28301206 -0.92827904 -0.24125136
vn -0.34412256 -0.92305088 -0.17192085
vn -0.50716388 -0.84726018 -0.15790778
vn -0.66268891 -0.73573864 -0.13975784
vn -0.74847800 -0.65066344 -0.12813123
vn -0.79314709 -0.59586614 -0.12594140
vn -0.86122406 -0.49625859 -0.10963807
vn -0.86242473 -0.49001035 -0.12693818
vn -0.91785353 -0.38688430 -0.08868720
vn -0.92358190 -0.36924693 -0.10321381
vn -0.94794071 -0.30797052 -0.08101003
vn -0.95437646 -0.28378358 -0.09291086
vn -0.95952266 -0.26820636 -0.08591604
vn -0.97641730 -0.20254523 -0.07473040
vn -0.97560585 -0.21229634 -0.05588676
vn -0.97591865 -0.20016629 -0.08669716
vn -0.98390663 -0.17522624 -0.03497800
vn -0.98874819 -0.12961704 -0.07467612
vn -0.98976606 -0.06455159 -0.12726431
vn -0.99657840 -0.04721972 -0.06783550
vn -0.99400765 0.01139469 -0.10871490
vn -0.99861640 0.03340855 -0.04060980
vn -0.99458098 0.07883925 -0.06777132
vn -0.99105102 0.12841937 -0.03641913
vn -0.99981707 -0.01062443 -0.01590613
vn -0.99295920 -0.11397680 -0.03226890
vn -0.98991215 -0.13809225 -0.03169560
vn -0.99863476 -0.05223236 -0.00069530
vn -0.98418128 -0.16812679 -0.05586172
vn -0.98631847 -0.16048551 -0.03768540
vn -0.99086481 -0.13447337 -0.01019816
vn -0.97486728 -0.21427405 -0.06099623
vn -0.97266030 -0.23001146 -0.03204063
vn -0.98706120 -0.16029413 -0.00400177
vn -0.98675638 -0.16172780 0.01248361
vn -0.99223322 -0.12235110 0.02243826
vn -0.99132586 -0.12998202 0.01943717
vn -0.99618983 -0.08085263 0.03269330
vn -0.99719501 -0.07108313 0.02343657
vn -0.99869013 0.02485901 0.04472385
vn 0.04809793 -0.96109474 -0.27199894
vn 0.20481771 -0.91296220 -0.35291597
vn 0.26088658 -0.90294707 -0.34150377
vn 0.34318322 -0.82954288 -0.44054949
vn 0.37204671 -0.82532877 -0.42475128
vn 0.46469787 -0.73568070 -0.49277785
vn 0.72374797 0.23811899 -0.64767909
vn 0.73351735 0.13991417 -0.66511369
vn 0.70881021 0.24228099 -0.66248614
vn 0.70325309 0.10599621 -0.70299345
vn 0.66242659 0.21139312 -0.71868211
vn 0.72352278 0.04502967 -0.68883020
vn 0.69358265 0.00092481 -0.72037637
vn 0.69910735 -0.06119478 -0.71239316
vn 0.64617366 -0.11713018 -0.75414860
vn 0.63126278 -0.07036992 -0.77236992
vn 0.59912682 -0.16459098 -0.78355402
vn 0.57967472 -0.12170751 -0.80570740
vn 0.55340523 -0.09542034 -0.82742834
vn 0.51185185 -0.20041895 -0.83536816
vn 0.49289092 -0.14854977 -0.85731643
vn 0.53112948 -0.18660398 -0.82648683
vn 0.57508063 -0.11288103 -0.81027168
vn 0.67443037 -0.28188798 -0.68240964
vn 0.69790643 -0.14462239 -0.70143503
vn 0.68828243 0.00018739 -0.72544277
vn 0.77481031 -0.10999954 -0.62255037
vn 0.75600123 0.00777903 -0.65452385
vn 0.75115919 0.09981752 -0.65253073
vn 0.68129319 0.13431378 -0.71958274
vn 0.76103967 0.18214472 -0.62260884
vn 0.67808330 0.21856840 -0.70173413
vn 0.75456768 0.33565730 -0.56388092
vn 0.81782204 0.12074196 -0.56266189
vn 0.82595789 0.24964073 -0.50544357
vn 0.79519492 0.46455300 -0.38968667
vn 0.85276139 0.16586213 -0.49526545
vn 0.85016966 0.34411520 -0.39849246
vn 0.76177627 0.61214775 -0.21206611
vn 0.66280466 0.71930534 -0.20806214
vn 0.54042572 0.84137022 0.00601408
vn 0.45598140 0.88961321 -0.02586978
vn 0.30265105 0.94128251 0.14963143
vn 0.25829145 0.96048349 0.10371547
vn 0.10650268 0.96617025 0.23488751
vn 0.07906194 0.98184538 0.17242067
vn -0.05185693 0.95897543 0.27870598
vn -0.06986257 0.97486031 0.21158165
vn -0.22959590 0.92855555 0.29166824
vn -0.22442855 0.94182891 0.25018010
vn -0.50344288 0.81751776 0.27966070
vn -0.46641800 0.84143209 0.27284870
vn -0.79353654 0.57130861 0.20953789
vn -0.73491907 0.63632756 0.23448049
vn -0.94263041 0.31456560 0.11178680
vn -0.90808922 0.39176983 0.14795415
vn -0.98899138 0.14326468 0.03703155
vn -0.97739667 0.20218058 0.06179613
vn -0.99854451 0.05325207 -0.00854271
vn -0.99600649 0.08926048 0.00188093
vn -0.99945104 0.01960253 -0.02670703
vn -0.99930632 0.02600415 -0.02665955
vn -0.99960977 -0.00391860 -0.02765847
vn -0.99933457 -0.02203760 -0.02906275
vn -0.99782968 -0.05942710 -0.02836289
vn -0.99588352 -0.08955642 -0.01398476
vn -0.98616248 -0.16537371 -0.01161737
vn -0.97022980 -0.24217732 0.00205812
vn -0.95049965 -0.31034264 0.01542562
vn -0.94165897 -0.31120560 -0.12817737
vn -0.86109310 -0.50744045 -0.03198046
vn -0.88554227 -0.41250876 -0.21366167
vn -0.87747175 -0.31801605 -0.35903904
vn -0.75163382 -0.54432642 -0.37249878
vn -0.70101154 -0.69190347 -0.17277868
vn -0.51969910 -0.78863829 -0.32857656
vn -0.57734740 -0.61258006 -0.53982919
vn -0.36708990 -0.81868386 -0.44159010
vn -0.43710059 -0.63420331 -0.63775319
vn -0.26270196 -0.82585657 -0.49894759
vn -0.34721425 -0.63031179 -0.69436961
vn -0.35748783 -0.62320560 -0.69556969
vn -0.38580993 -0.50164145 -0.77427810
vn -0.26112318 -0.62589294 -0.73489642
vn -0.27901685 -0.62105668 -0.73241931
vn -0.30667353 -0.56548464 -0.76562285
vn -0.42204681 0.19825879 -0.88462985
vn -0.61884665 0.25360280 -0.74344760
vn -0.18430766 -0.59574193 -0.78174311
vn -0.24300478 -0.56244129 -0.79032171
vn -0.21589129 0.10558125 -0.97069228
vn 0.00522779 0.85919487 -0.51162165
vn -0.32121769 0.87452197 -0.36336005
vn 0.34613666 0.70420808 -0.61990350
vn 0.56849736 0.49827456 -0.65462440
vn 0.71715778 0.51412463 -0.47048968
vn 0.40038207 0.77691078 -0.48590523
vn -0.02090298 0.90473944 -0.42545223
vn 0.43742153 0.74384075 -0.50533485
vn -0.09693592 0.89268845 -0.44012579
vn -0.63235104 0.74020720 -0.22852884
vn -0.44434580 0.84592229 -0.29491058
vn -0.91924763 0.39316985 0.02003557
vn -0.80890584 0.57924795 -0.10071307
vn -0.64591378 0.73620147 -0.20199712
vn -0.94849932 0.31422287 0.04016348
vn -0.89058709 0.45302153 -0.04032475
vn -0.79700464 0.24299860 -0.55293339
vn -0.97541225 0.21472682 0.04963258
vn -0.93370157 0.11394397 -0.33943787
vn -0.98619711 0.11996103 0.11412495
vn -0.98093081 -0.01963917 -0.19336261
vn -0.98179179 0.08578057 0.16948925
vn -0.95369834 0.14977063 0.26082215
vn -0.95908952 0.12843759 0.25229183
vn -0.95404482 0.02429986 0.29867721
vn -0.97305787 -0.00336014 0.23053648
vn -0.93321949 -0.11720598 0.33965304
vn -0.97591078 0.00283595 0.21815163
vn -0.90311503 -0.26390755 0.33872709
vn -0.91764331 -0.27067268 0.29097584
vn -0.89671117 -0.22081235 0.38360253
vn -0.82884520 -0.41986752 0.36976627
vn -0.65215391 -0.51411629 0.55711728
vn -0.30658329 -0.80525267 0.50751829
vn -0.08800765 -0.78352958 0.61509025
vn 0.39955780 -0.83046389 0.38817960
vn 0.54694253 -0.71716660 0.43188637
vn 0.85815918 -0.49873349 0.12176883
vn 0.89317673 -0.41764495 0.16675727
vn 0.91533911 -0.36987725 0.15920113
vn 0.98739082 -0.13695988 -0.07938083
vn 0.96996307 -0.22924274 -0.08136055
vn 0.82300723 -0.49769342 -0.27378884
vn 0.94405311 -0.13910109 -0.29902279
vn 0.74615782 -0.44402316 -0.49607652
vn 0.41887629 -0.62164485 -0.66189158
vn 0.63150173 -0.37150937 -0.68057799
vn 0.36483520 -0.55106050 -0.75048500
vn 0.34633169 -0.56887156 -0.74594861
vn 0.27393687 -0.50832188 -0.81643581
vn 0.34337974 -0.52834398 -0.77649409
vn 0.45437986 -0.46392795 -0.76046681
vn 0.32302222 -0.47273406 -0.81986523
vn 0.47757584 -0.39490059 -0.78484064
vn 0.58273542 -0.27609470 -0.76432401
vn 0.48652697 -0.30832177 -0.81745285
vn 0.59838963 -0.20332162 -0.77497745
vn 0.64808440 -0.14413320 -0.74780494
vn 0.50572199 -0.25371233 -0.82454550
vn 0.29269782 -0.39395505 -0.87127912
vn 0.27572247 -0.35556158 -0.89305824
vn 0.32484454 -0.35312268 -0.87737125
vn 0.02960257 -0.36972556 -0.92866939
vn 0.35527879 -0.28614366 -0.88988703
vn 0.17429626 -0.43942347 -0.88120812
vn 0.41014650 -0.28794116 -0.86537260
vn 0.29349983 -0.56002897 -0.77474213
vn 0.54357892 -0.43479759 -0.71796447
vn 0.43181801 -0.72099727 -0.54193747
vn 0.64537811 -0.52689731 -0.55305183
vn 0.76097804 -0.28765401 -0.58152175
vn 0.73878539 -0.48236826 -0.47065613
vn 0.80393666 -0.21401185 -0.55487376
vn 0.80363446 -0.05046962 -0.59297943
vn 0.86163288 -0.12094447 -0.49291107
vn 0.85306561 -0.01460645 -0.52159911
vn 0.84635955 0.02249708 -0.53213668
vn 0.79931200 0.01821329 -0.60064018
vn 0.84009963 0.04511565 -0.54055268
vn 0.80574566 0.06067503 -0.58914548
vn 0.84123904 0.07769729 -0.53505152
vn 0.84149849 0.06600519 -0.53621238
vn 0.83622140 0.06608396 -0.54439563
vn 0.84986782 0.10077716 -0.51727051
vn 0.88718796 0.03368101 -0.46017724
vn 0.89311016 0.02385605 -0.44920492
vn 0.90396678 0.03932375 -0.42579082
vn 0.88153023 0.19255385 -0.43107709
vn 0.93861020 0.16545963 -0.30271119
vn 0.87484109 0.42198566 -0.23786806
vn 0.81841493 0.57311970 0.04160169
vn 0.66563916 0.74408019 0.05717638
vn 0.42649606 0.83564538 0.34611821
vn 0.35398912 0.89871287 0.25885683
vn 0.17070119 0.87892342 0.44537029
vn 0.14289558 0.93239033 0.33200750
vn 0.02618892 0.87703604 0.47971046
vn -0.01478807 0.92706501 0.37460899
vn -0.21765654 0.83191860 0.51042819
vn -0.21038675 0.88631761 0.41252682
vn -0.66737539 0.58566040 0.46001306
vn -0.55782789 0.72724319 0.39993167
vn -0.95163220 0.17747158 0.25079849
vn -0.86941177 0.41455930 0.26881915
vn -0.99387366 0.01346657 0.10969850
vn -0.97636139 0.18042767 0.11901438
vn -0.99608910 0.00672044 0.08809844
vn -0.99683124 0.07440665 0.02812780
vn -0.99549031 -0.02185916 0.09231052
vn -0.99954277 0.02694842 -0.01370805
vn -0.99633485 0.00496475 0.08539470
vn -0.99952936 0.02031124 -0.02298720
vn -0.99293673 0.07115294 0.09494125
vn -0.99968511 0.02497355 -0.00243573
vn -0.99342436 -0.03537690 0.10888727
vn -0.99855626 -0.05195158 0.01365254
vn -0.98702979 -0.12540749 0.10022538
vn -0.99020344 -0.13924886 0.01034101
vn -0.98367214 -0.17867166 -0.02157627
vn -0.97165203 -0.23037821 0.05308754
vn -0.92390168 -0.38174289 0.02603955
vn -0.87359726 -0.48664969 -0.00008521
vn -0.76171434 -0.64006948 0.10051040
vn -0.68242985 -0.73069537 -0.01933139
vn -0.51428926 -0.84391999 0.15266120
vn -0.46471095 -0.88425237 -0.04627836
vn -0.28697422 -0.94271827 0.17008252
vn -0.28509140 -0.95544201 -0.07650871
vn -0.09313958 -0.98240870 0.16185838
vn -0.14256492 -0.98405844 -0.10632088
vn 0.08308473 -0.98833686 0.12762180
vn -0.01528688 -0.99062973 -0.13571662
vn -0.16169040 -0.83657938 -0.52344167
vn 0.13194312 -0.97513068 -0.17807609
vn -0.02469359 -0.84615511 -0.53236443
vn -0.14380592 -0.62818176 -0.76466179
vn 0.18080197 -0.82547593 -0.53469628
vn 0.02881795 -0.62153482 -0.78285623
vn -0.05101147 -0.54716992 -0.83546567
vn 0.33755085 -0.90687883 -0.25225040
vn 0.56714702 -0.74253964 -0.35634142
vn 0.49214181 -0.86798531 -0.06631692
vn 0.71960205 -0.65189469 -0.23917812
vn 0.84491980 -0.35072988 -0.40385517
vn 0.84423810 -0.48818976 -0.22120760
vn 0.88608551 -0.19929083 -0.41849199
vn 0.86482769 -0.06339258 -0.49805081
vn 0.90680963 -0.04664777 -0.41895145
vn 0.88443685 -0.01677539 -0.46635833
vn 0.88912570 -0.02309969 -0.45707983
vn 0.86135691 -0.01236615 -0.50784987
vn 0.88843167 0.07083822 -0.45350993
vn 0.85624015 0.04651593 -0.51447946
vn 0.88079983 0.09334419 -0.46419665
vn 0.94519395 0.08086774 -0.31633639
vn 0.94524401 0.10562377 -0.30879989
vn 0.96136045 -0.02338756 -0.27429748
vn 0.96087402 0.09720889 -0.25936750
vn 0.97277331 -0.03484318 -0.22912423
vn 0.96976775 -0.05311121 -0.23817995
vn 0.96273553 -0.05299948 -0.26520067
vn 0.97113413 0.01714605 -0.23791716
vn 0.95517308 -0.01757800 -0.29552552
vn 0.95891505 -0.03485581 -0.28154382
vn 0.94908029 -0.01391305 -0.31472692
vn 0.96779227 0.15493296 -0.19842869
vn 0.92884666 0.36033767 -0.08602627
vn 0.64819038 0.74325979 0.16557203
vn 0.51594794 0.80593216 0.29029471
vn 0.20609431 0.90129298 0.38104621
vn 0.17797177 0.88221574 0.43591467
vn 0.01253263 0.89685619 0.44214460
vn 0.02244375 0.87788177 0.47835106
vn -0.42680866 0.76693279 0.47921646
vn -0.31311896 0.80084187 0.51049846
vn -0.94981956 0.14267753 0.27836299
vn -0.83472735 0.38791683 0.39083353
vn -0.98474473 -0.05852624 0.16386713
vn -0.98537105 -0.02088287 0.16913842
vn -0.94460690 0.14389986 0.29497579
vn -0.98278588 -0.00699996 0.18461564
vn -0.95581478 -0.00168286 0.29396474
vn -0.96735209 -0.02349473 0.25234494
vn -0.96037614 -0.07516699 0.26837981
vn -0.96067739 -0.07696057 0.26678842
vn -0.96576101 -0.06188576 0.25194415
vn -0.96736848 -0.03367841 0.25112516
vn -0.97636402 0.05106175 0.21001431
vn -0.97364330 0.08737918 0.21067446
vn -0.97630501 0.02556652 0.21488364
vn -0.97757280 -0.01880770 0.20975593
vn -0.95778012 -0.13023384 0.25631291
vn -0.96629059 -0.13711336 0.21790460
vn -0.96879357 -0.00807051 0.24773735
vn -0.97698134 -0.01637370 0.21269552
vn -0.98854965 -0.10063796 0.11243518
vn -0.96255469 -0.04690941 0.26699823
vn -0.95256811 -0.21924835 0.21105479
vn -0.87483460 -0.45102420 0.17675306
vn -0.76677161 -0.51330763 0.38545632
vn -0.62538803 -0.71811056 0.30529824
vn -0.40247315 -0.76629812 0.50080186
vn -0.32653329 -0.87596083 0.35506150
vn -0.06040276 -0.86394268 0.49995446
vn -0.07524782 -0.93756628 0.33956930
vn 0.20428598 -0.87570578 0.43750033
vn 0.14378066 -0.94641048 0.28919590
vn 0.48586392 -0.81879216 0.30580321
vn 0.37430218 -0.90560716 0.19943321
vn 0.26795092 -0.96182042 0.05571207
vn 0.63841563 -0.76919347 0.02769325
vn 0.78920192 -0.61220324 0.04865723
vn 0.92976063 -0.26890805 -0.25146312
vn 0.88609338 -0.46350271 0.00199079
vn 0.96696031 -0.09187293 -0.23779659
vn 0.94085926 0.08143111 -0.32886598
vn 0.97414863 -0.02336671 -0.22469653
vn 0.94940197 0.14043200 -0.28091758
vn 0.96275693 0.02256463 -0.26942515
vn 0.93720454 0.03740561 -0.34676856
vn 0.97212207 -0.07640652 -0.22167717
vn 0.94689387 -0.03945144 -0.31911692
vn 0.96370924 0.07795168 -0.25531942
vn 0.96668315 -0.09707820 -0.23685335
vn 0.94076741 0.10781116 -0.32145512
vn 0.94465452 0.05969877 -0.32258934
vn 0.91047591 0.14734723 -0.38642278
vn 0.92896712 0.03106102 -0.36885685
vn 0.92460948 0.03590638 -0.37922001
vn 0.94571608 -0.00156577 -0.32499012
vn 0.89761877 0.06010867 -0.43665484
vn 0.93362081 0.00438478 -0.35823584
vn 0.89072460 0.06420952 -0.44998553
vn 0.93729496 0.05291665 -0.34449661
vn 0.90326190 0.01189783 -0.42892465
vn 0.94302505 0.00505284 -0.33268332
vn 0.92583257 0.03032606 -0.37671542
vn 0.95752621 0.06736960 -0.28036574
vn 0.80962491 0.57517695 -0.11695671
vn 0.75931901 0.65014291 0.02736649
vn 0.30523914 0.92758220 0.21545358
vn 0.25440261 0.91651756 0.30866635
vn 0.02076870 0.94572920 0.32429138
vn 0.01519068 0.91983283 0.39201629
vn -0.48270282 0.80388421 0.34751713
vn -0.48177505 0.76417506 0.42886963
vn -0.97592425 0.13782123 0.16904758
vn -0.97498149 0.05442262 0.21552087
vn -0.99278158 -0.02998436 0.11612774
vn -0.98305827 -0.00483417 0.18322955
vn -0.97014076 0.19497146 0.14426711
vn -0.93542683 0.23343414 0.26549020
vn -0.99721903 0.06305249 0.03973138
vn -0.98405725 0.03400412 0.17457131
vn -0.99956834 0.00991238 0.02765837
vn -0.98932165 -0.03520104 0.14143418
vn -0.99803209 -0.02282793 0.05840307
vn -0.98718822 -0.05303490 0.15048829
vn -0.99728453 -0.01279109 0.07252495
vn -0.98772377 0.00872864 0.15596639
vn -0.99268591 0.09977453 0.06796974
vn -0.98492545 0.07308890 0.15677956
vn -0.98540348 -0.07053600 0.15493421
vn -0.97037417 -0.10482126 0.21768443
vn -0.97518331 -0.11774695 0.18749192
vn -0.97200716 -0.07140198 0.22383898
vn -0.99133646 0.04138751 0.12465589
vn -0.97656476 0.06728929 0.20443428
vn -0.96041065 0.04022559 0.27566886
vn -0.93070084 -0.22149882 0.29109144
vn -0.89341629 -0.23481838 0.38297227
vn -0.85479832 -0.32489055 0.40467995
vn -0.62108886 -0.62062955 0.47861016
vn -0.51781732 -0.66544336 0.53763413
vn -0.19551378 -0.85207409 0.48553491
vn -0.10250351 -0.82505292 0.55568039
vn 0.23773251 -0.89311439 0.38187677
vn 0.24146947 -0.84372145 0.47940239
vn 0.63604540 -0.75194997 0.17325570
vn 0.58718246 -0.75395519 0.29456472
vn 0.90996891 -0.40860102 -0.07072347
vn 0.63892102 -0.76828569 0.03894945
vn 0.89561296 -0.41772243 -0.15292288
vn 0.96069360 -0.01768366 -0.27704710
vn 0.85433668 -0.45456821 -0.25194567
vn 0.93307340 -0.04218196 -0.35720414
vn 0.92858356 0.10180504 -0.35688686
vn 0.93742269 0.14837107 -0.31499952
vn 0.95724595 -0.13252026 -0.25713518
vn 0.96702701 -0.06787993 -0.24546090
vn 0.95285505 -0.03835681 -0.30099174
vn 0.93929231 -0.14510544 -0.31092501
vn 0.93228543 0.01200815 -0.36152419
vn 0.89470798 0.15949424 -0.41720387
vn 0.85319710 0.13210239 -0.50458258
vn 0.89169788 0.00020519 -0.45263106
vn 0.92358083 0.01557551 -0.38308755
vn 0.86714077 -0.00003352 -0.49806318
vn 0.64896035 -0.04618437 -0.75941920
vn 0.67723674 0.07461179 -0.73197240
vn 0.88214022 -0.18525428 -0.43302384
vn 0.67936552 -0.30176204 -0.66888130
vn 0.28377587 -0.44524944 -0.84924912
vn 0.25303093 -0.11872932 -0.96014518
vn 0.28673810 -0.44509646 -0.84833390
vn -0.13720956 -0.51659048 -0.84516728
vn -0.13382713 -0.50996637 -0.84972030
vn 0.36860561 -0.60412425 -0.70651525
vn -0.06139649 -0.72261721 -0.68851638
vn -0.49574000 -0.68698543 -0.53131247
vn -0.52718955 -0.48811951 -0.69556487
vn 0.51046783 -0.78677422 -0.34699976
vn 0.08808790 -0.96174765 -0.25938764
vn -0.38834161 -0.91344702 -0.12167811
vn -0.33417225 -0.92593807 0.17597649
vn -0.73803443 -0.64038789 0.21262273
vn 0.17712380 -0.98297083 0.04894385
vn 0.21627122 -0.94627768 0.24038582
vn -0.27924696 -0.88875413 0.36350694
vn 0.60002208 -0.79206443 -0.11228274
vn -0.69358534 -0.61869884 0.36898661
vn -0.95906854 -0.22955844 0.16580237
vn -0.83700991 -0.38050842 -0.39322740
vn -0.51330960 -0.49360591 -0.70204443
vn -0.88234138 -0.12196121 -0.45453182
vn -0.55391723 -0.16887473 -0.81526500
vn -0.16024214 -0.15679933 -0.97454423
vn -0.60550779 0.01378802 -0.79571986
vn -0.18401408 0.00247238 -0.98292047
vn 0.26909319 0.02427183 -0.96280825
vn -0.22175448 -0.07989044 -0.97182429
vn 0.30126789 -0.06414272 -0.95137978
vn 0.72683579 -0.02703965 -0.68627870
vn 0.31632775 0.11052115 -0.94218993
vn 0.74302053 0.08955115 -0.66325045
vn 0.89665055 0.06958376 -0.43723658
vn 0.73889065 0.22305357 -0.63583612
vn 0.88315636 0.12137242 -0.45310426
vn 0.88963854 0.09583550 -0.44649616
vn 0.92100078 0.05907242 -0.38505602
vn 0.84602946 0.08227816 -0.52674890
vn 0.86709249 0.06627511 -0.49371862
vn 0.81601936 0.00997244 -0.57793850
vn 0.86916298 -0.00173517 -0.49452287
vn 0.80581832 0.03729064 -0.59098762
vn 0.88001531 0.01841063 -0.47458830
vn 0.73401690 0.51745439 -0.43984091
vn 0.79708028 0.53848273 -0.27331200
vn 0.34311664 0.93424767 0.09722295
vn 0.01816787 0.97010958 0.24198622
vn -0.48135290 0.84280539 0.24078715
vn -0.93545413 0.34922120 -0.05449922
vn -0.96190369 0.25797817 0.09049106
vn -0.99381816 0.02632876 -0.10785276
vn -0.99932545 -0.01860665 0.03166288
vn -0.99210304 0.08255645 -0.09442460
vn -0.99247509 0.11716882 0.03556066
vn -0.99071741 0.08667976 -0.10471699
vn -0.99625605 0.07509422 -0.04283367
vn -0.99425966 0.07848065 -0.07272336
vn -0.99809635 0.04952549 -0.03675539
vn -0.99837613 0.01685560 -0.05441458
vn -0.99998826 0.00090451 0.00475653
vn -0.99820280 -0.02822164 -0.05286529
vn -0.99965811 -0.02044063 0.01630232
vn -0.99079746 0.09378758 -0.09759211
vn -0.99361271 0.11264709 0.00667390
vn -0.99532193 -0.04819296 -0.08373507
vn -0.99589658 -0.02753865 0.08620636
vn -0.97188866 -0.22991388 -0.05071501
vn -0.98001313 -0.15382239 0.12614635
vn -0.91042733 0.05314711 -0.41024083
vn -0.94216073 -0.04716098 -0.33182651
vn -0.67113870 -0.07049105 -0.73797292
vn -0.95982075 0.03426886 -0.27851385
vn -0.72924936 0.07357236 -0.68028116
vn -0.25037393 0.10780691 -0.96212810
vn -0.74120408 0.30461127 -0.59818769
vn -0.25028276 0.39781848 -0.88266581
vn 0.30967596 0.35875455 -0.88056570
vn -0.25928459 0.39258832 -0.88240916
vn 0.23963508 0.34172595 -0.90873444
vn 0.68721968 0.18631324 -0.70215136
vn 0.18191984 0.07007603 -0.98081315
vn 0.62019259 0.04395695 -0.78321707
vn 0.61789817 0.02697528 -0.78579533
vn 0.55468214 0.47816074 -0.68094784
vn -0.27733120 0.07813654 -0.95759183
vn -0.66541487 0.09118120 -0.74088395
vn -0.69468337 0.32347390 -0.64247918
vn -0.94289410 0.16645016 -0.28852212
vn -0.92432362 0.08766616 -0.37140340
vn -0.96181834 0.15412621 -0.22616474
vn -0.92304283 0.02962191 -0.38355502
vn -0.85577750 0.38377726 -0.34692901
vn 0.10063208 -0.41375592 -0.90480894
vn 0.27712870 -0.32612106 -0.90379465
vn 0.20053697 -0.24246387 -0.94920814
vn 0.78144550 -0.04440932 -0.62239116
vn 0.74538285 -0.00125682 -0.66663533
vn 0.70304054 0.25402158 -0.66423410
vn 0.92806649 0.18329048 -0.32418683
vn 0.87922472 0.26626801 -0.39505109
vn 0.87440449 0.39815867 -0.27728406
vn 0.86308587 0.36266750 -0.35150397
vn 0.77364725 0.46324450 -0.43228978
vn 0.77579933 0.50304663 -0.38089290
vn 0.84467512 0.41232514 -0.34133840
vn 0.59581792 0.74819034 -0.29191124
vn 0.85783815 0.26540685 -0.44008270
vn -0.07028666 0.98402321 -0.16357873
vn -0.78447527 0.61896592 0.03846643
vn -0.95552081 0.24323481 -0.16678415
vn -0.94112211 0.33263877 0.06033591
vn -0.86650681 0.46149915 -0.19022186
vn -0.88930458 0.45730883 0.00245007
vn -0.91792178 0.39377281 0.04860669
vn -0.97728938 0.16710982 0.13030638
vn -0.94910085 0.26063812 0.17684893
vn -0.95829880 0.25949866 0.11968239
vn -0.96881407 0.03140098 0.24579105
vn -0.97474790 -0.10818923 0.19535010
vn -0.99591905 -0.00534307 0.09009339
vn -0.98429340 0.07052854 0.16183999
vn -0.99482334 -0.05309013 0.08664870
vn -0.99416852 -0.10571662 0.02128116
vn -0.97482669 -0.22279958 0.00855489
vn -0.82524419 -0.54090226 0.16247071
vn -0.87095606 -0.41032904 0.27030644
vn -0.88447428 -0.40652063 0.22901125
vn -0.90919304 -0.36989486 0.19116971
vn -0.41546890 -0.81246698 0.40900224
vn 0.19526918 -0.95684528 0.21521379
vn 0.29334617 -0.89066362 0.34737051
vn 0.73357701 -0.67733347 -0.05553425
vn 0.82517129 -0.56262398 0.05046375
vn 0.90938777 -0.30696070 -0.28069377
vn 0.96841997 -0.15969066 -0.19147228
vn 0.98547375 -0.10725562 -0.13167286
vn 0.97476411 -0.19476712 -0.10909063
vn 0.98968250 -0.02937207 -0.14023565
vn 0.97682226 -0.00246411 -0.21403778
vn 0.99677342 -0.00765707 -0.07990043
vn 0.97826195 0.05201790 -0.20074245
vn 0.89530116 -0.07962108 -0.43828794
vn 0.97198588 0.13207765 -0.19441979
vn 0.86007786 -0.04717479 -0.50797713
vn 0.50459325 -0.33623719 -0.79519188
vn 0.81774640 -0.02477397 -0.57504535
vn 0.37438360 -0.34030387 -0.86257178
vn 0.17815302 -0.47363779 -0.86251301
vn 0.96639174 0.17249694 -0.19060925
vn 0.94172162 0.22388452 -0.25106990
vn 0.97947204 0.13679321 -0.14806092
vn 0.94958842 0.26278681 -0.17095265
vn 0.97363108 0.03048798 -0.22608194
vn 0.95894486 0.16445759 -0.23103800
vn 0.80844176 0.48263615 -0.33687422
vn 0.93826705 0.05334363 -0.34177381
vn 0.73885578 0.48052186 -0.47243083
vn 0.66152841 0.53752470 -0.52292204
vn 0.60430479 0.40267539 -0.68750882
vn 0.83298182 -0.09390039 -0.54527426
vn 0.94867998 -0.08651564 -0.30417308
vn 0.83936834 -0.26462361 -0.47480002
vn 0.52471757 -0.52353197 -0.67125678
vn 0.81338435 -0.16409428 -0.55810308
vn 0.49580881 -0.39701015 -0.77237076
vn 0.07574216 -0.52609026 -0.84704918
vn 0.08202540 -0.72095108 -0.68811440
vn -0.33758190 -0.73235792 -0.59134609
vn -0.30036435 -0.55250579 -0.77750784
vn -0.66299385 -0.48466918 -0.57055664
vn -0.69984972 -0.57717699 -0.42080513
vn 0.13093583 -0.77405840 -0.61942673
vn -0.24242790 -0.80240399 -0.54532236
vn -0.56205654 -0.73451519 -0.38023672
vn -0.83865178 -0.51876700 -0.16596358
vn -0.92180967 -0.30177495 -0.24330778
vn -0.23488480 -0.81629187 -0.52772808
vn -0.51436728 -0.78789240 -0.33860287
vn -0.71573901 -0.69542485 -0.06404640
vn -0.20255207 -0.74605376 -0.63433146
vn 0.12788771 -0.78654057 -0.60415113
vn -0.00031483 -0.97565901 -0.21929277
vn 0.52429056 -0.61750996 -0.58634526
vn 0.49378443 -0.67353666 -0.55002296
vn 0.77573550 -0.50622916 -0.37678429
vn 0.81302756 -0.37351948 -0.44661984
vn 0.93940741 -0.18491334 -0.28865337
vn 0.91665488 -0.34345165 -0.20441297
vn 0.91849816 0.02389052 -0.39470270
vn 0.95061034 0.11779771 -0.28716475
vn 0.98447764 -0.10617731 -0.13975014
vn 0.97404093 0.15720610 -0.16288175
vn -0.97549868 -0.20177343 0.08769140
vn -0.91565895 -0.36362720 -0.17130060
vn -0.99534643 0.09390420 -0.02162037
vn -0.94959337 -0.02159166 -0.31273976
vn -0.76852709 -0.27845412 -0.57604629
vn -0.99316901 0.06714526 0.09542993
vn -0.98707050 0.13841006 0.08083732
vn -0.97558451 0.20531055 0.07799071
vn -0.96182048 0.26694253 0.06035676
vn -0.94215989 0.33423617 0.02491708
vn -0.91255528 0.40867907 -0.01498249
vn -0.86533219 0.49145156 -0.09836566
vn -0.99424887 -0.02374373 0.10442916
vn -0.99641031 0.00225910 0.08462507
vn -0.98875695 0.05142499 0.14041081
vn -0.98860598 0.06031997 0.13791171
vn 0.52650607 0.75287652 0.39492813
vn 0.39828655 0.78718066 0.47086570
vn 0.65612912 0.54753923 0.51932198
vn 0.75656259 0.48122147 0.44276297
vn 0.79711699 0.43480816 0.41898280
vn 0.76663846 0.41617048 0.48894528
vn 0.71250468 0.49627697 0.49603045
vn 0.54176480 0.34063461 0.76841331
vn 0.35201737 0.53789073 0.76600075
vn 0.11583403 0.73998135 0.66257828
vn -0.07616726 0.45142537 0.88905215
vn -0.23309071 0.72231781 0.65109575
vn -0.16828707 0.94687945 0.27404174
vn 0.05601677 0.92982352 0.36371726
vn 0.02417495 0.99393213 -0.10730543
vn 0.20938082 0.97740608 -0.02893145
vn 0.19918610 0.88838023 -0.41364902
vn 0.41293716 0.86751425 -0.27731180
vn 0.84280252 0.51138699 0.16783114
vn 0.67023259 0.66447872 -0.33053926
vn 0.91658413 0.35821670 0.17763548
vn 0.92329192 0.28598005 0.25641304
vn 0.89728308 0.30250740 0.32151583
vn 0.91948456 0.34684679 0.18505520
vn 0.88592905 0.38610730 0.25700411
vn 0.90778738 0.40034041 0.12509820
vn 0.94731170 0.29460922 0.12572181
vn 0.94759804 0.31615129 0.04589621
vn 0.91737145 0.35216874 -0.18549047
vn 0.97501481 0.17600404 -0.13553114
vn 0.87646466 0.18669960 -0.44379404
vn 0.91379076 0.17301652 -0.36749399
vn 0.84948820 0.13115294 -0.51104671
vn 0.96635348 0.15568931 -0.20474841
vn 0.93862778 0.13445795 0.31764591
vn 0.99162674 0.12332445 0.03830669
vn 0.90743077 0.12504126 0.40116593
vn 0.89125580 0.11681387 0.43819812
vn 0.90739739 0.08673955 0.41122529
vn 0.92459953 0.07019887 0.37441668
vn 0.96018553 0.04925797 0.27498639
vn 0.97859603 0.01671074 0.20511089
vn 0.99053842 0.02030589 0.13572511
vn 0.98629725 0.02251862 0.16343373
vn 0.98997790 -0.01394468 0.14053166
vn 0.99835461 -0.02931044 0.04928407
vn 0.99205428 0.08938713 0.08853479
vn 0.99637669 -0.06143472 0.05881530
vn 0.56845516 0.82035559 0.06225304
vn 0.68282521 0.67402554 -0.28184986
vn 0.64166474 0.42467111 -0.63868666
vn -0.40853015 0.84138232 -0.35380626
vn -0.52088553 0.58234143 -0.62414473
vn -0.55094647 0.29962635 -0.77889794
vn 0.60533690 0.12978451 -0.78531730
vn -0.46143612 -0.03943428 -0.88629663
vn 0.71299058 -0.12362204 -0.69018978
vn -0.29734844 -0.41335618 -0.86065125
vn 0.83680612 -0.31350622 -0.44885337
vn -0.10635464 -0.77136576 -0.62744212
vn -0.81359261 -0.18665832 -0.55065942
vn -0.75843173 -0.51510620 -0.39930791
vn -0.49500075 -0.85797691 -0.13729472
vn -0.02727609 -0.95176053 -0.30562687
vn -0.07309319 -0.97970551 0.18663968
vn -0.51026601 -0.85772949 -0.06267931
vn 0.04530192 -0.96330744 0.26454940
vn 0.49511349 -0.74172145 0.45245099
vn 0.32023090 -0.82909971 0.45830756
vn 0.68070996 -0.52256173 0.51338422
vn 0.53978592 -0.58107495 0.60908377
vn 0.73706412 -0.38229385 0.55730408
vn 0.62400198 -0.34723967 0.70003295
vn 0.49295112 -0.24257125 0.83555865
vn 0.63280815 -0.08783552 0.76931071
vn 0.42019138 0.00651222 0.90741223
vn 0.58051252 0.20845971 0.78711474
vn 0.34706843 0.29765216 0.88935184
vn 0.49489242 0.36124825 0.79030448
vn 0.85454911 0.20720017 0.47624978
vn 0.23999561 0.61295724 0.75278515
vn 0.40561861 0.62915164 0.66305494
vn 0.83966589 0.33390468 0.42833266
vn 0.42809114 0.80625695 0.40827391
vn 0.92907172 0.29169708 0.22746149
vn 0.03336469 0.88194114 0.47017714
vn -0.21374436 0.97558886 0.05039744
vn 0.14187351 0.86907446 0.47390020
vn -0.22374189 0.97402054 0.03497847
vn -0.48090649 0.80492526 -0.34759769
vn -0.24896513 0.96827847 -0.02128313
vn -0.49615741 0.77841407 -0.38457692
vn -0.62725401 0.56292087 -0.53821230
vn -0.61483830 0.54977763 -0.56543642
vn -0.74514377 0.30812600 -0.59145498
vn -0.71160960 0.28889197 -0.64043206
vn -0.80654168 0.05156257 -0.58892423
vn -0.78077626 0.02292080 -0.62439024
vn -0.83991641 -0.09291766 -0.53470242
vn -0.84687483 0.06875618 -0.52732879
vn -0.86369777 0.00482736 -0.50398707
vn -0.86546189 -0.34295332 -0.36518323
vn -0.82021636 -0.43523592 -0.37123424
vn -0.51353168 -0.85805804 -0.00464042
vn -0.83207750 -0.32382569 -0.45031542
vn -0.41182482 -0.90370524 -0.11712039
vn 0.28447241 -0.91467810 0.28712270
vn 0.14552139 -0.92534488 0.35008621
vn 0.64523852 -0.61904967 0.44771051
vn 0.57628274 -0.66072005 0.48098570
vn 0.74855453 -0.46021760 0.47735313
vn 0.71740484 -0.48482898 0.50027102
vn 0.77318144 -0.41536015 0.47923523
vn 0.75173670 -0.41478276 0.51268607
vn 0.79479444 -0.29794624 0.52870584
vn 0.77475733 -0.23200242 0.58815473
vn 0.75536299 -0.15452635 0.63682675
vn 0.74582672 -0.01787061 0.66590023
vn 0.71006811 0.10470743 0.69630438
vn 0.62763685 0.29954991 0.71856922
vn 0.56413931 0.41873103 0.71162570
vn 0.43562707 0.53482234 0.72401249
vn 0.18732640 0.86018789 0.47432646
vn 0.17262879 0.86057496 0.47917637
vn -0.35603806 0.93358988 -0.04058077
vn 0.18221916 0.89209515 0.41347623
vn -0.40089595 0.91379380 -0.06529411
vn -0.62236667 0.73335290 -0.27359325
vn -0.59115958 0.74428308 -0.31076208
vn -0.74690276 0.52747291 -0.40485612
vn -0.71848750 0.55676746 -0.41687614
vn -0.82878041 0.25937799 -0.49582860
vn -0.81993723 0.27974185 -0.49944702
vn -0.85317075 0.07628184 -0.51602393
vn -0.80573022 0.28525534 -0.51906478
vn -0.83470941 0.06870779 -0.54638755
vn -0.81843007 -0.00402687 -0.57459205
vn -0.85600978 0.02876272 -0.51615888
vn -0.72000080 -0.35217091 -0.59797537
vn -0.75213152 -0.04899700 -0.65718901
vn -0.56158638 -0.39358452 -0.72781318
vn 0.05124509 -0.87139064 -0.48790589
vn -0.19138913 -0.92093402 -0.33948597
vn 0.62593073 -0.77849871 0.04637422
vn 0.45907041 -0.87785321 0.13648444
vn 0.80254805 -0.49646419 0.33081725
vn 0.72520512 -0.57547569 0.37802824
vn 0.79319245 -0.42672282 0.43445751
vn 0.81282783 -0.39179400 0.43105507
vn 0.83273369 -0.31736887 0.45368662
vn 0.87916684 -0.20174557 0.43169945
vn 0.84042579 -0.17628768 0.51245213
vn 0.78531504 -0.11607655 0.60811710
vn 0.77485412 0.26236063 0.57512432
vn 0.69349140 0.26720789 0.66908121
vn 0.23877905 0.91379952 0.32856491
vn 0.86195385 0.23849118 0.44738966
vn 0.35685161 0.90680498 0.22441436
vn -0.34162313 0.92784715 -0.14964357
vn -0.38441628 0.91725326 -0.10426205
vn -0.64362657 0.65936947 -0.38855729
vn -0.62247866 0.70642018 -0.33688414
vn -0.71167433 0.50871688 -0.48448622
vn -0.72566956 0.50451213 -0.46783662
vn -0.77129400 0.32200631 -0.54901499
vn -0.78817970 0.05039630 -0.61337829
vn -0.67125118 -0.09723804 -0.73482430
vn -0.54301322 0.00081673 -0.83972377
vn -0.08677807 -0.26085362 -0.96147013
vn -0.34677482 -0.42068201 -0.83831608
vn 0.59357810 -0.48382837 -0.64309812
vn 0.32854778 -0.75207031 -0.57135510
vn 0.89176947 -0.45211461 -0.01843269
vn 0.77653110 -0.62988794 0.01551371
vn 0.87766039 -0.37228724 0.30185169
vn 0.84477466 -0.42832735 0.32076687
vn 0.92089325 -0.19276761 0.33881596
vn 0.90088212 -0.19460183 0.38799694
vn 0.96904272 0.14261578 0.20153609
vn 0.92620862 0.20532066 0.31619778
vn 0.66912794 0.73305416 -0.12206317
vn 0.50475752 0.86083776 0.06463873
vn -0.11907214 0.90013593 -0.41901916
vn -0.26005703 0.93432230 -0.24374634
vn -0.63948882 0.59151876 -0.49108002
vn -0.66621107 0.62081605 -0.41321927
vn 0.97470421 0.06644331 0.21339373
vn 0.97692412 0.02936702 0.21155868
vn 0.90898305 -0.15131307 -0.38839936
vn 0.79290634 -0.36875328 -0.48509866
vn 0.99120063 -0.12317160 -0.04847926
vn 0.91837466 -0.01237638 -0.39551869
vn 0.86640894 -0.00868316 -0.49925971
vn 0.84303057 -0.16419552 -0.51219052
vn 0.88221484 0.09484728 -0.46119517
vn 0.90937901 0.09153878 -0.40577129
vn 0.98816144 0.09337128 -0.12173206
vn 0.99102110 0.06043866 -0.11926594
vn 0.94507354 0.11511692 -0.30591500
vn 0.98899519 0.12645379 -0.07679732
vn 0.98778343 0.14966974 0.04339253
vn 0.99558169 0.09233098 -0.01708929
vn 0.97801870 0.20695804 0.02545257
vn 0.96811217 0.21728848 0.12467796
vn 0.95754212 0.21825282 0.18835795
vn 0.97652411 0.17377141 0.12729523
vn 0.94472539 0.26622117 0.19136457
vn 0.94171649 0.26384687 0.20869775
vn 0.89249659 0.41776124 -0.17007454
vn 0.96926552 0.24563183 0.01376034
vn 0.78854632 0.26740673 -0.55379432
vn 0.95163316 0.11947700 -0.28305420
vn 0.97454304 0.17957245 0.13423739
vn 0.56236887 0.48757479 -0.66784132
vn 0.54788673 0.45438838 -0.70238966
vn 0.60532516 0.22043270 -0.76484692
vn 0.35468251 0.70490479 -0.61425525
vn 0.46945429 0.68986297 -0.55109143
vn 0.63681179 0.65034533 -0.41415179
vn 0.70942998 0.43289006 -0.55616128
vn 0.35351470 0.87844765 -0.32149202
vn 0.51850283 0.83035809 -0.20410849
vn 0.18228438 0.98311335 -0.01614413
vn 0.36520305 0.92793441 0.07459682
vn -0.00022114 0.94075090 0.33909816
vn 0.20992589 0.89137357 0.40172660
vn 0.47886238 0.74241406 0.46852133
vn 0.71480453 0.47660497 0.51176381
vn 0.85432792 0.20262437 0.47860959
vn 0.74357635 0.13770615 0.65431738
vn 0.64351481 0.07835656 0.76141256
vn 0.92749614 -0.01238384 0.37362748
vn 0.94732279 -0.15595876 0.27974319
vn 0.99519825 -0.05374960 0.08180254
vn 0.98816174 0.07005668 0.13648584
vn 0.98963279 0.07204755 -0.12424268
vn 0.97573811 0.20092490 -0.08697315
vn 0.90291178 0.16989753 -0.39482304
vn 0.87899536 0.34698838 -0.32705683
vn 0.73494458 0.21016598 -0.64473760
vn 0.68550235 0.00774439 -0.72802919
vn 0.83217907 -0.14162646 -0.53611559
vn 0.99460876 0.10331788 -0.00887822
vn 0.96156877 -0.14255960 -0.23465347
vn 0.98164201 0.14590074 0.12284882
vn 0.98827410 0.11906140 0.09559664
vn 0.97698289 0.15952559 0.14162016
vn 0.99723327 0.06926390 0.02698967
vn 0.99109334 0.11735520 0.06294385
vn 0.99792719 0.06107624 -0.02027733
vn 0.99870914 0.04334459 0.02648414
vn 0.99929655 0.03712136 0.00532013
vn 0.99628747 0.01543229 -0.08469414
vn 0.99944872 -0.00584595 0.03268006
vn 0.99951875 -0.02971092 -0.00891563
vn 0.92082715 -0.22963533 -0.31519067
vn 0.99280542 -0.10399392 0.05935140
vn 0.96342748 -0.25410092 -0.08508956
vn 0.77143240 -0.52498120 -0.35956454
vn 0.95674908 -0.28480965 0.05928389
vn 0.82225984 -0.55537552 -0.12428494
vn 0.60916096 -0.74439269 -0.27350032
vn 0.77819103 -0.52945834 -0.33777592
vn 0.76158899 -0.62935513 -0.15457803
vn 0.98417437 -0.16933967 0.05220143
vn 0.96315306 -0.23193289 0.13617393
vn 0.53005874 -0.84429199 -0.07879625
vn 0.57514322 -0.81538165 -0.06605370
vn 0.55314708 -0.81679422 0.16393766
vn 0.97564524 -0.18730102 0.11416957
vn 0.97896498 -0.14539184 0.14313941
vn 0.96141243 -0.19556569 0.19349462
vn 0.99412340 -0.07485243 0.07820366
vn 0.99015635 -0.03870400 0.13450782
vn 0.97572213 -0.08152580 0.20327336
vn 0.99805212 0.01100331 0.06140796
vn 0.99252862 0.08911806 0.08333668
vn 0.97630930 0.15613607 0.14980581
vn 0.99081874 -0.12871018 -0.04137519
vn 0.79327178 -0.53672451 -0.28748339
vn 0.83262253 -0.55190879 0.04622235
vn 0.75488406 -0.65439641 0.04376666
vn 0.62676591 -0.70383567 0.33433488
vn 0.79371071 -0.50855392 0.33376062
vn 0.83510643 -0.50558597 -0.21674880
vn 0.96910143 -0.24461491 -0.03171870
vn 0.90237725 -0.39552194 0.17110713
vn 0.48999232 -0.61117691 0.62158686
vn 0.66346878 -0.45821700 0.59147805
vn 0.39686650 -0.38390401 0.83373547
vn 0.51162028 -0.31782028 0.79827005
vn 0.82135499 -0.00398860 0.57040346
vn 0.91437739 0.20042239 0.35177404
vn 0.37125754 -0.08868971 0.92428464
vn 0.70044434 0.12509191 0.70265901
vn 0.85455918 0.29301208 0.42880365
vn 0.87328368 0.32791370 0.36034462
vn 0.17828524 0.18416166 0.96659130
vn 0.30178705 -0.11656339 0.94622278
vn 0.14020596 0.14495707 0.97945380
vn -0.03721963 0.42857862 0.90273756
vn -0.09522135 0.72876477 0.67811114
vn 0.47982374 -0.01668835 0.87720627
vn 0.96408826 -0.11518648 0.23930264
vn 0.93475795 -0.25797471 0.24428798
vn 0.90711939 -0.41718856 -0.05557065
vn 0.80148292 -0.59178895 -0.08608781
vn 0.70002574 -0.70622241 -0.10589539
vn 0.64732391 -0.75595284 -0.09750414
vn 0.63018757 -0.76815361 -0.11315413
vn 0.68148422 -0.72326368 -0.11166398
vn 0.65894812 -0.73699665 -0.15041023
vn 0.63847446 -0.73687744 -0.22217549
vn 0.93808484 -0.18470444 -0.29305497
vn 0.83688974 -0.00659717 -0.54733169
vn 0.56137514 0.20840921 -0.80088919
vn 0.60952747 -0.68466747 -0.39963323
vn 0.24075541 0.06118863 -0.96865511
vn 0.51854211 -0.75982106 -0.39215574
vn 0.13185479 0.87657326 -0.46285385
vn -0.26666248 0.76047766 -0.59208530
vn -0.71542919 0.16215952 -0.67960674
vn 0.13393879 -0.73065126 -0.66948420
vn -0.80863237 -0.45975447 -0.36706880
vn 0.06149657 -0.96865559 -0.24067503
vn -0.74894619 -0.65115267 -0.12279954
vn 0.05383577 -0.99264187 -0.10846104
vn -0.77149642 -0.63621253 -0.00518450
vn 0.00592016 -0.99902356 -0.04378195
vn -0.84432447 -0.53091240 0.07244377
vn -0.97238308 -0.22862840 0.04690563
vn -0.97740823 -0.21076748 0.01581805
vn -0.97239316 -0.23161298 0.02840729
vn -0.97279251 -0.22739743 0.04433136
vn -0.95106149 -0.30064911 0.07135992
vn -0.69176871 -0.60991418 0.38660163
vn -0.78037912 -0.49157393 0.38647568
vn -0.03043505 -0.73602879 0.67626566
vn -0.12328559 -0.64945227 0.75034148
vn 0.55998611 -0.51774406 0.64680505
vn 0.50544345 -0.46952459 0.72392923
vn 0.90478474 -0.14697486 0.39970371
vn 0.86838704 -0.15825772 0.46995580
vn 0.97417188 0.20287476 0.09915069
vn 0.97662961 0.18611862 0.10749235
vn 0.96032184 0.27582639 0.04125385
vn 0.95484537 0.29704481 -0.00589511
vn 0.96408266 0.25151238 0.08535967
vn 0.96108615 0.26911208 0.06238698
vn 0.96452469 0.26192194 0.03299947
vn 0.94020617 0.33559164 0.05822823
vn 0.94170624 0.33637643 -0.00633833
vn 0.97056907 -0.20960408 -0.11858186
vn 0.83774662 0.52134365 -0.16242355
vn 0.86016971 0.50982338 -0.01371502
vn 0.57981813 0.78835863 -0.20567387
vn 0.55800402 0.74277192 -0.37002885
vn 0.12271034 0.92494535 -0.35974756
vn 0.63224709 0.74858272 -0.19971849
vn 0.09683146 0.92174608 -0.37551007
vn -0.54912752 0.73765564 -0.39283988
vn -0.41026795 0.81032860 -0.41838720
vn -0.94688147 0.25509393 -0.19581297
vn -0.87386656 0.38977724 -0.29057047
vn -0.99435264 -0.10608617 0.00293010
vn -0.99631995 -0.04816108 -0.07090180
vn -0.98280108 -0.18352884 0.02047788
vn -0.98123866 -0.19279118 0.00151295
vn -0.97376055 -0.22118017 0.05356962
vn -0.97576571 -0.21514362 0.03993380
vn -0.97358561 -0.22647415 0.02899102
vn -0.96372038 -0.26245067 0.04860706
vn -0.95017850 -0.31005681 -0.03202277
vn -0.86179286 -0.50181568 0.07412179
vn -0.90571743 -0.40356064 0.12967175
vn -0.53985214 -0.79262024 0.28339511
vn -0.60794163 -0.70463532 0.36591804
vn 0.01702006 -0.88913852 0.45732164
vn 0.00833257 -0.81447929 0.58013272
vn 0.61152899 -0.63574618 0.47101915
vn 0.59499699 -0.57030606 0.56632984
vn 0.95359695 -0.11604184 0.27782568
vn 0.93431985 -0.12006633 0.33560446
vn 0.96757132 0.24305782 0.06876464
vn 0.97105193 0.21730022 0.09919123
vn 0.96396577 0.26481459 0.02536115
vn 0.96222943 0.26543677 0.06047989
vn 0.97537124 0.21703078 0.03935266
vn 0.96834952 0.23810053 0.07488169
vn 0.95720094 0.28789234 -0.02974075
vn 0.95986938 0.27729043 0.04196068
vn 0.95284182 0.29264617 0.08031645
vn 0.89456224 0.44005936 -0.07814135
vn 0.89090741 0.45416614 -0.00415382
vn 0.61593443 0.73221993 -0.29065213
vn 0.87718731 0.44553122 -0.17900904
vn 0.56392699 0.70334637 -0.43277028
vn -0.07532557 0.79303288 -0.60450381
vn 0.01189085 0.88725901 -0.46111825
vn -0.68397850 0.53440636 -0.49657145
vn -0.63941067 0.65280372 -0.40620348
vn -0.96933889 0.11411340 -0.21762392
vn -0.97030139 0.17814475 -0.16364533
vn -0.98930931 -0.14438832 0.02047252
vn -0.66983247 0.23019423 -0.70592839
vn -0.92440695 -0.09517534 -0.36934203
vn -0.64491600 -0.10543193 -0.75694609
vn -0.87106705 -0.31542283 -0.37649789
vn -0.66012859 -0.34073523 -0.66942489
vn -0.86404669 -0.42388561 -0.27155933
vn -0.90862077 -0.40794083 -0.08940092
vn -0.82212323 -0.56402117 -0.07741687
vn -0.83676064 -0.54721427 -0.01970150
vn -0.92979366 -0.36087611 -0.07247224
vn -0.48223987 -0.87599188 0.00910214
vn -0.49931508 -0.85381579 0.14725167
vn 0.08963220 -0.98980695 0.11067184
vn 0.04343656 -0.95175087 0.30378205
vn 0.69972754 -0.69848031 0.15002170
vn 0.64215505 -0.68574417 0.34262478
vn 0.98875576 -0.11083011 0.10039292
vn 0.97030157 -0.11929674 0.21043593
vn 0.94933778 0.31156346 0.04106095
vn 0.95461774 0.29318377 0.05242413
vn -0.11877478 -0.11313947 -0.98645425
vn -0.11039487 0.17477906 -0.97839940
vn 0.52143985 0.36205932 -0.77266639
vn 0.55153912 0.17448330 -0.81569612
vn -0.10467874 0.51591581 -0.85021961
vn 0.52864784 0.55944484 -0.63839865
vn 0.86402345 0.41936129 -0.27856708
vn 0.87005997 0.36282417 -0.33369794
vn 0.88632119 0.32317203 -0.33165434
vn 0.06156924 -0.94717145 0.31476259
vn 0.70354867 0.57276934 0.42065960
vn 0.69315451 0.45295614 0.56068486
vn 0.58374631 0.56924260 0.57896727
vn 0.71123695 0.46085417 0.53080630
vn 0.71005076 0.43093595 0.55688608
vn 0.75235605 0.59867883 -0.27485251
vn 0.78215736 0.50608605 -0.36346498
vn -0.20470813 0.01029327 -0.97876889
vn -0.02719863 -0.17156100 -0.98479801
vn 0.16860043 -0.27644661 -0.94612426
vn 0.53247726 -0.27621329 -0.80010891
vn -0.17096062 -0.41212031 -0.89494652
vn 0.23513588 -0.39092159 -0.88988280
vn 0.60158998 -0.29735717 -0.74139613
vn 0.84284115 -0.17711119 -0.50818342
vn 0.81515956 -0.18247499 -0.54974335
vn 0.30065539 -0.37790924 -0.87566602
vn 0.63310856 -0.28488559 -0.71973163
vn 0.84686607 -0.15687908 -0.50814039
vn 0.96277940 0.00747250 -0.27018505
vn 0.96496886 -0.03556342 -0.25994286
vn 0.62350059 -0.24176794 -0.74350208
vn 0.83579242 -0.10979045 -0.53795630
vn 0.95140731 0.08128513 -0.29701316
vn 0.94246799 0.33397603 -0.01462803
vn 0.97252399 0.23214400 0.01749720
vn 0.83064342 0.46342695 0.30865327
vn 0.86719561 0.37236059 0.33063471
vn 0.98695743 0.15849556 0.02817995
vn 0.77196306 0.58082509 0.25829282
vn 0.47368678 0.75472623 0.45388225
vn 0.55995089 0.63572598 0.53132594
vn 0.61044669 0.53737605 0.58187777
vn 0.10639161 0.82780212 0.55083996
vn -0.25967535 0.79344863 0.55046153
vn 0.02585706 0.93030453 0.36587533
vn -0.30320808 0.89014900 0.34014645
vn -0.62786335 0.74644929 0.22045621
vn -0.59916681 0.66603678 0.44429070
vn 0.02447843 0.99969989 -0.00097364
vn 0.16807629 0.79459715 -0.58340871
vn 0.26024938 0.28151387 -0.92359090
vn 0.25425211 -0.06863245 -0.96469957
vn -0.13323607 -0.07824371 -0.98799092
vn 0.26787907 -0.23809825 -0.93356836
vn -0.11929455 -0.25438511 -0.95971715
vn -0.51397550 -0.19286792 -0.83584154
vn -0.54475915 0.00725074 -0.83856118
vn -0.80973846 -0.07187363 -0.58237278
vn -0.83374363 0.15773545 -0.52914190
vn -0.85751277 0.51394761 0.02301392
vn -0.84578478 0.47058049 0.25140035
vn -0.83853352 0.40402460 0.36554834
vn -0.97289336 0.15409075 0.17243701
vn -0.84352595 0.35336888 0.40446794
vn -0.84142303 0.41433811 0.34688783
vn -0.14146887 0.96353793 -0.22711484
vn 0.45834598 0.53938848 -0.70638454
vn 0.74762136 0.40471643 -0.52656132
vn 0.82395291 0.24318187 -0.51182449
vn 0.89091223 0.32177910 -0.32052070
vn 0.82461274 0.22936550 -0.51711231
vn 0.88199610 0.34900537 -0.31666729
vn 0.84334576 0.53607106 0.03736101
vn 0.88735145 0.46105549 0.00594927
vn 0.63602376 0.65283197 0.41144156
vn 0.70622271 0.58184177 0.40337268
vn 0.34298244 0.65312570 0.67512214
vn 0.41053966 0.59631121 0.68983334
vn 0.55179417 0.74242067 0.37991437
vn 0.26088110 0.73402810 0.62701166
vn -0.01895377 0.64686841 0.76236618
vn 0.18824477 0.80349672 0.56476283
vn -0.06808816 0.71346563 0.69737411
vn -0.30773276 0.58749437 0.74843234
vn -0.26765433 0.51208121 0.81617033
vn -0.57119727 0.40023810 0.71661931
vn -0.52880645 0.31227699 0.78920639
vn -0.80290222 0.15475732 0.57567185
vn -0.76160681 0.06554650 0.64471596
vn -0.71979398 -0.02824648 0.69361275
vn -0.89601439 -0.13907132 0.42168406
vn -0.86025524 -0.19137955 0.47258306
vn -0.84165955 -0.22167082 0.49241379
vn -0.69379932 -0.10094796 0.71305817
vn -0.85404563 -0.19476956 0.48235962
vn -0.70286512 -0.10796361 0.70308208
vn -0.88238829 -0.08980802 0.46187156
vn -0.73372352 -0.03143601 0.67872053
vn -0.57957262 0.06938395 0.81196147
vn -0.94972968 -0.23567168 0.20608836
vn -0.97749287 -0.04874944 0.20525882
vn -0.98541462 -0.17002702 0.00697946
vn -0.96625853 0.14873627 0.21029028
vn -0.92677987 -0.28788719 0.24124660
vn -0.93975121 -0.33597857 -0.06313480
vn -0.92853421 -0.28326023 0.23997468
vn -0.94095564 -0.33816454 -0.01572324
vn -0.84206164 -0.39135930 -0.37117392
vn -0.94430202 -0.32762972 -0.03086114
vn -0.84722984 -0.39637327 -0.35368052
vn -0.60560060 -0.41349474 -0.67990440
vn -0.65506667 -0.34901822 -0.67012978
vn -0.28672564 -0.34287661 -0.89455253
vn -0.45643178 -0.09595476 -0.88456917
vn -0.58777958 -0.40635815 -0.69956291
vn -0.25732267 -0.34279829 -0.90347898
vn 0.10676344 -0.20045869 -0.97386754
vn -0.24992211 -0.28271705 -0.92607236
vn 0.10887745 -0.12663491 -0.98595601
vn 0.45662260 -0.00312265 -0.88965499
vn 0.68250334 0.16962698 -0.71092618
vn 0.77828461 0.32480234 -0.53737921
vn 0.81514978 0.24498494 -0.52489352
vn 0.79132086 0.52561188 -0.31231928
vn 0.85519850 0.41384640 -0.31203622
vn 0.69030505 0.72351789 0.00079458
vn 0.77853823 0.62696022 0.02826844
vn 0.46566683 0.82330179 0.32454354
vn 0.56822622 0.82202804 -0.03726595
vn 0.68520606 0.65291125 -0.32279950
vn 0.51736766 0.76237833 -0.38872874
vn 0.39311028 0.91347331 -0.10502718
vn 0.12315845 0.97329801 -0.19370832
vn 0.26269951 0.80137080 -0.53739554
vn -0.09517955 0.74137992 -0.66430157
vn -0.25593752 0.93100804 -0.26023042
vn 0.01333361 0.38569355 -0.92253053
vn 0.07601961 0.05197945 -0.99575055
vn -0.28084528 -0.12017241 -0.95219988
vn -0.61090738 -0.21108095 -0.76304448
vn -0.57821697 -0.35480180 -0.73469770
vn -0.82396466 -0.34551772 -0.44911000
vn -0.84441531 -0.20683911 -0.49414617
vn -0.83363354 -0.39288014 -0.38820130
vn -0.94328803 -0.32241717 -0.07908765
vn -0.96234101 -0.23234144 0.14112814
vn -0.94553483 -0.25780439 0.19874780
vn -0.93041104 -0.07888279 0.35792866
vn -0.84496462 0.23869088 0.47860381
vn -0.63524759 0.46816283 0.61423457
vn -0.70327067 0.56675589 0.42918298
vn -0.89365679 0.33134460 0.30263552
vn -0.71501118 0.68925840 0.11696899
vn -0.91451967 0.40453777 0.00170120
vn -0.40535614 0.90052533 0.15729131
vn -0.44092527 0.76079375 0.47621191
vn -0.37321630 0.65228987 0.65971768
vn -0.99844229 -0.00050509 -0.05579259
vn -0.94945848 -0.11795949 -0.29088518
vn -0.78806514 -0.24494694 -0.56476039
vn -0.78615081 -0.23076984 -0.57333428
vn -0.79620796 -0.19890431 -0.57139301
vn -0.49310589 -0.30733833 -0.81387329
vn -0.49020326 -0.35240889 -0.79718798
vn -0.10610484 -0.40167347 -0.90961540
vn -0.51636153 -0.34761572 -0.78264546
vn -0.10265890 -0.35275578 -0.93006694
vn 0.29448727 -0.32759586 -0.89775175
vn -0.65261358 0.19302501 -0.73269159
vn 0.59270078 0.77781445 -0.20907070
vn 0.73922181 0.52340680 0.42378813
vn 0.58480924 0.65823066 0.47405770
vn 0.64059848 0.47945416 0.59979767
vn 0.88511872 0.32429105 0.33376652
vn 0.64860135 0.47887132 0.59160680
vn 0.99100250 0.13213050 0.02134456
vn 0.96042657 -0.04220702 -0.27531695
vn 0.83811265 0.01624286 -0.54525530
vn 0.34677666 0.56328446 0.74997097
vn 0.18943691 0.61687022 0.76392728
vn -0.45484313 0.87519997 0.16475043
vn 0.36616054 0.93019408 -0.02579439
vn 0.51953375 0.84596860 0.12009067
vn 0.36015999 0.79923075 0.48115999
vn 0.06772566 0.73443669 0.67528951
vn 0.16985454 0.69029856 0.70330459
vn 0.46233168 0.72244787 0.51411921
vn 0.24901791 0.63740706 0.72917908
vn -0.07585142 0.62044078 0.78057653
vn 0.01685030 0.59365803 0.80454099
vn -0.19880293 0.64031959 0.74193543
vn -0.55028868 0.48638320 0.67868525
vn -0.73092782 0.49083376 0.47415894
vn -0.98705214 0.14999072 0.05684185
vn -0.93351507 0.14573248 0.32758451
vn 0.12430613 0.92883760 -0.34901091
vn 0.04294972 0.39491004 -0.91771537
vn 0.20115176 0.15364434 -0.96743542
vn 0.31639072 0.00781182 -0.94859672
vn 0.60551375 0.19808352 -0.77078921

# Mesh 'tripo_mesh_e9060b9f' with 4518 faces
g tripo_mesh_e9060b9f
usemtl tripo_mat_e9060b9f
f  1/1/1 2/2/2 3/3/3 4/4/4
f  1/1/1 5/5/5 6/6/6 2/2/2
f  1/1/1 4/4/4 7/7/7 8/8/8
f  1/1/1 8/8/8 9/9/9 10/10/10
f  11/11/11 12/12/12 13/13/13 14/14/14
f  11/11/11 15/15/15 16/16/16 12/12/12
f  11/11/11 14/14/14 17/17/17 18/18/18
f  19/19/19 20/20/20 21/21/21 22/22/22
f  19/19/19 22/22/22 23/23/23 24/24/24
f  19/19/19 24/24/24 25/25/25 20/20/20
f  26/26/26 27/27/27 28/28/28 29/29/29
f  30/30/26 31/31/29 32/32/30 33/33/31
f  34/34/26 35/35/31 36/36/32 37/37/27
f  38/38/33 39/39/34 40/40/35 41/41/36
f  42/42/33 43/43/36 44/44/37 45/45/38
f  46/46/33 47/47/38 48/48/39 49/49/34
f  50/50/40 51/51/41 49/49/34 48/48/39
f  50/50/40 52/52/42 53/53/43 51/51/41
f  50/50/40 48/48/39 54/54/44 52/52/42
f  55/55/45 56/56/46 57/57/47 58/58/48
f  59/59/45 60/60/49 61/61/50 62/62/46
f  59/59/45 63/63/51 64/64/52 60/60/49
f  55/55/45 65/65/53 66/66/54 67/67/51
f  55/55/45 58/58/48 68/68/55 65/65/53
f  65/65/53 69/69/56 70/70/57 71/71/58
f  72/72/53 73/73/55 74/74/59 75/75/56
f  76/76/60 77/77/61 78/78/62 79/79/63
f  76/76/60 80/80/64 81/81/65 77/77/61
f  76/76/60 79/79/63 82/82/66 80/80/64
f  83/83/67 84/84/68 85/85/69 86/86/70
f  87/87/67 88/88/70 89/89/71 90/90/72
f  91/91/67 92/92/72 93/93/73 94/94/68
f  95/95/74 96/96/75 97/97/76 98/98/77
f  99/99/74 100/100/78 101/101/79 102/102/75
f  103/103/80 104/104/81 105/105/82 106/106/83
f  107/107/80 108/108/83 109/109/84 110/110/85
f  103/103/80 111/111/85 112/112/86 104/104/81
f  113/113/87 114/114/88 115/115/89 116/116/90
f  113/113/87 116/116/90 117/117/91 118/118/92
f  113/113/87 119/119/93 120/120/94 121/121/95
f  113/113/87 121/121/95 122/122/96 114/114/88
f  113/113/87 118/118/92 123/123/97 119/119/93
f  124/124/98 125/125/99 126/126/100 127/127/101
f  128/128/98 129/129/101 130/130/102 131/131/103
f  128/128/98 132/132/104 133/133/105 134/134/99
f  128/128/98 135/135/106 136/136/107 132/132/104
f  128/128/98 131/131/103 137/137/108 135/135/106
f  138/138/109 139/139/110 140/140/111 141/141/112
f  138/138/109 142/142/113 143/143/114 139/139/110
f  138/138/109 141/141/112 144/144/115 142/142/113
f  145/145/116 146/146/117 147/147/118 148/148/119
f  145/145/116 148/148/119 149/149/120 150/150/121
f  145/145/116 150/150/121 151/151/122 146/146/117
f  152/152/123 153/153/124 154/154/125 155/155/126
f  156/156/123 157/157/127 158/158/128 159/159/124
f  152/152/123 155/155/126 160/160/129 161/161/127
f  162/162/130 163/163/131 164/164/132 165/165/133
f  162/162/130 165/165/133 166/166/134 167/167/135
f  162/162/130 167/167/135 168/168/136 163/163/131
f  169/169/137 170/170/138 171/171/139 172/172/140
f  169/169/137 172/172/140 173/173/141 174/174/142
f  169/169/137 175/175/143 176/176/144 170/170/138
f  169/169/137 177/177/145 178/178/146 175/175/143
f  169/169/137 174/174/142 179/179/147 177/177/145
f  180/180/148 181/181/149 182/182/150 183/183/151
f  184/184/148 185/185/152 186/186/153 187/187/149
f  184/184/148 188/188/151 189/189/154 185/185/152
f  190/190/155 191/191/156 192/192/157 193/193/158
f  190/190/155 193/193/158 194/194/159 195/195/160
f  196/196/155 197/197/161 198/198/162 199/199/156
f  190/190/155 195/195/160 200/200/163 201/201/164
f  196/196/155 202/202/164 203/203/165 197/197/161
f  204/204/159 205/205/166 206/206/167 207/207/160
f  208/208/159 209/209/168 210/210/169 211/211/166
f  208/208/159 212/212/170 213/213/171 209/209/168
f  214/214/172 215/215/173 216/216/174 217/217/175
f  218/218/176 219/219/177 215/215/173 214/214/172
f  214/214/172 217/217/175 220/220/178 218/218/176
f  221/221/179 222/222/180 223/223/181 224/224/182
f  225/225/183 226/226/184 222/222/180 221/221/179
f  221/221/179 224/224/182 227/227/185 225/225/183
f  228/228/186 229/229/187 230/230/188 231/231/189
f  228/228/186 231/231/189 232/232/190 233/233/191
f  228/228/186 233/233/191 234/234/192 229/229/187
f  235/235/193 236/236/194 237/237/195 238/238/196
f  239/239/197 240/240/198 236/236/194 235/235/193
f  235/235/193 238/238/196 241/241/199 239/239/197
f  242/242/200 243/243/201 244/244/202 245/245/203
f  242/242/200 246/246/204 247/247/205 243/243/201
f  242/242/200 245/245/203 248/248/206 246/246/204
f  249/249/207 250/250/208 251/251/209 252/252/210
f  253/253/195 254/254/211 250/250/208 249/249/207
f  255/255/207 256/256/210 257/257/212 237/237/195
f  258/258/213 259/259/214 256/256/210 260/260/215
f  258/258/213 261/261/216 219/219/177 262/262/217
f  258/258/213 260/260/215 263/263/218 261/261/216
f  264/264/219 265/265/220 266/266/221 267/267/222
f  268/268/223 269/269/224 270/270/220 271/271/219
f  271/271/219 272/272/222 273/273/225 268/268/223
f  274/274/226 275/275/227 276/276/228 277/277/229
f  278/278/222 279/279/221 275/275/227 274/274/226
f  280/280/226 281/281/229 282/282/230 272/272/222
f  283/283/231 284/284/232 285/285/233 286/286/234
f  283/283/231 287/287/235 288/288/236 284/284/232
f  283/283/231 289/289/237 290/290/238 287/287/235
f  283/283/231 291/291/239 292/292/240 289/289/237
f  283/283/231 286/286/234 293/293/241 291/291/239
f  294/294/242 295/295/243 296/296/244 297/297/245
f  294/294/242 298/298/246 299/299/247 295/295/243
f  294/294/242 297/297/245 300/300/248 298/298/246
f  301/301/249 302/302/250 303/303/251 304/304/252
f  305/305/249 306/306/253 307/307/254 308/308/255
f  301/301/249 304/304/252 309/309/256 310/310/253
f  311/311/257 312/312/258 313/313/259 314/314/260
f  311/311/257 315/315/261 316/316/262 312/312/258
f  311/311/257 314/314/260 317/317/263 315/315/261
f  318/318/264 319/319/265 320/320/266 321/321/267
f  318/318/264 313/313/259 312/312/258 322/322/268
f  318/318/264 321/321/267 323/323/269 313/313/259
f  324/324/270 325/325/271 326/326/272 327/327/273
f  324/324/270 328/328/274 329/329/275 325/325/271
f  330/330/270 331/331/273 332/332/276 333/333/274
f  334/334/277 335/335/278 336/336/279 337/337/280
f  334/334/277 337/337/280 338/338/281 339/339/282
f  334/334/277 339/339/282 340/340/283 341/341/284
f  342/342/285 343/343/286 344/344/287 345/345/288
f  346/346/289 347/347/290 343/343/286 342/342/285
f  342/342/285 345/345/288 348/348/291 346/346/289
f  349/349/292 350/350/293 351/351/294 352/352/295
f  353/353/296 354/354/297 350/350/293 349/349/292
f  349/349/292 352/352/295 355/355/298 353/353/296
f  356/356/299 357/357/300 358/358/301 359/359/302
f  356/356/299 360/360/303 361/361/304 362/362/305
f  356/356/299 359/359/302 363/363/306 360/360/303
f  356/356/299 362/362/305 364/364/307 365/365/308
f  356/356/299 365/365/308 366/366/309 357/357/300
f  367/367/310 368/368/311 369/369/312 370/370/313
f  367/367/310 371/371/314 372/372/315 373/373/316
f  367/367/310 374/374/317 375/375/318 371/371/314
f  376/376/310 377/377/316 378/378/319 379/379/311
f  367/367/310 370/370/313 380/380/320 374/374/317
f  381/381/321 382/382/322 383/383/323 384/384/324
f  381/381/321 385/385/325 386/386/326 382/382/322
f  387/387/321 388/388/324 389/389/327 390/390/325
f  391/391/328 392/392/329 393/393/330 394/394/331
f  391/391/328 395/395/332 396/396/333 392/392/329
f  391/391/328 397/397/334 398/398/335 395/395/332
f  399/399/336 400/400/337 401/401/338 402/402/339
f  403/403/340 404/404/341 405/405/337 406/406/336
f  406/406/336 407/407/339 408/408/294 403/403/340
f  409/409/342 395/395/332 398/398/335 410/410/343
f  411/411/344 412/412/345 413/413/346 414/414/286
f  415/415/347 416/416/348 412/412/345 411/411/344
f  417/417/344 418/418/286 419/419/290 420/420/347
f  421/421/349 345/345/288 344/344/287 422/422/350
f  421/421/349 422/422/350 423/423/351 424/424/352
f  421/421/349 424/424/352 425/425/353 426/426/354
f  427/427/355 428/428/356 429/429/357 430/430/358
f  431/431/359 432/432/360 433/433/361 434/434/362
f  431/431/359 434/434/362 435/435/363 436/436/364
f  431/431/359 436/436/364 437/437/365 432/432/360
f  438/438/366 439/439/367 440/440/368 441/441/369
f  438/438/366 442/442/370 443/443/371 439/439/367
f  444/444/366 445/445/369 446/446/372 447/447/370
f  448/448/373 449/449/374 450/450/375 451/451/376
f  452/452/373 453/453/377 454/454/378 455/455/374
f  452/452/373 456/456/376 457/457/379 453/453/377
f  458/458/380 459/459/381 460/460/382 461/461/383
f  458/458/380 461/461/383 462/462/384 463/463/385
f  458/458/380 463/463/385 464/464/386 459/459/381
f  465/465/387 466/466/388 467/467/389 468/468/390
f  465/465/387 468/468/390 469/469/391 470/470/392
f  465/465/387 470/470/392 471/471/393 466/466/388
f  472/472/394 473/473/395 474/474/396 475/475/397
f  472/472/394 476/476/398 477/477/399 473/473/395
f  472/472/394 475/475/397 478/478/400 476/476/398
f  479/479/401 480/480/402 481/481/403 482/482/404
f  479/479/401 482/482/404 483/483/405 484/484/406
f  479/479/401 484/484/406 485/485/407 486/486/408
f  487/487/409 488/488/410 489/489/411 490/490/412
f  491/491/413 492/492/414 488/488/410 487/487/409
f  487/487/409 490/490/412 493/493/415 491/491/413
f  494/494/416 495/495/415 337/337/280 336/336/279
f  496/496/417 497/497/413 495/495/415 494/494/416
f  494/494/416 336/336/279 498/498/418 496/496/417
f  499/499/419 500/500/420 501/501/421 502/502/422
f  503/503/419 504/504/422 505/505/423 506/506/424
f  503/503/419 506/506/424 507/507/425 508/508/420
f  509/509/426 510/510/427 511/511/428 512/512/429
f  509/509/426 512/512/429 513/513/430 514/514/431
f  509/509/426 514/514/431 515/515/432 510/510/427
f  516/516/433 517/517/434 518/518/435 519/519/436
f  516/516/433 519/519/436 520/520/437 521/521/438
f  516/516/433 522/522/439 523/523/440 517/517/434
f  524/524/433 525/525/441 526/526/442 527/527/439
f  516/516/433 521/521/438 528/528/443 529/529/441
f  530/530/444 531/531/445 532/532/446 533/533/447
f  534/534/444 535/535/448 536/536/449 537/537/445
f  538/538/444 539/539/447 540/540/450 541/541/448
f  542/542/451 543/543/452 544/544/453 545/545/454
f  542/542/451 546/546/455 547/547/456 543/543/452
f  542/542/451 545/545/454 548/548/457 546/546/455
f  549/549/458 550/550/459 551/551/460 552/552/461
f  553/553/458 554/554/462 555/555/463 556/556/459
f  553/553/458 557/557/461 558/558/464 554/554/462
f  559/559/465 560/560/466 561/561/467 562/562/468
f  559/559/465 563/563/469 564/564/470 565/565/471
f  559/559/465 562/562/468 566/566/472 563/563/469
f  567/567/473 568/568/474 569/569/475 570/570/476
f  571/571/473 572/572/477 573/573/478 574/574/474
f  571/571/473 575/575/476 576/576/479 572/572/477
f  577/577/480 578/578/481 579/579/482 580/580/483
f  577/577/480 580/580/483 581/581/484 582/582/485
f  583/583/480 584/584/485 585/585/486 586/586/487
f  587/587/488 588/588/489 589/589/490 590/590/491
f  591/591/492 592/592/493 588/588/489 587/587/488
f  587/587/488 590/590/491 593/593/494 591/591/492
f  594/594/495 595/595/496 596/596/497 597/597/498
f  594/594/495 598/598/499 599/599/500 600/600/501
f  594/594/495 600/600/501 601/601/502 595/595/496
f  602/602/495 603/603/503 604/604/504 605/605/499
f  606/606/505 607/607/506 608/608/507 609/609/508
f  606/606/505 610/610/509 611/611/510 607/607/506
f  612/612/505 613/613/511 614/614/512 615/615/509
f  612/612/505 616/616/513 617/617/514 613/613/511
f  612/612/505 618/618/508 619/619/515 616/616/513
f  620/620/480 621/621/516 622/622/517 623/623/481
f  624/624/480 625/625/518 626/626/519 627/627/516
f  583/583/480 586/586/487 628/628/520 629/629/518
f  630/630/521 631/631/522 632/632/523 633/633/524
f  630/630/521 633/633/524 634/634/525 635/635/514
f  630/630/521 635/635/514 636/636/513 631/631/522
f  637/637/526 638/638/527 639/639/528 640/640/529
f  641/641/526 642/642/530 643/643/531 644/644/527
f  641/641/526 645/645/532 646/646/533 642/642/530
f  647/647/526 648/648/534 649/649/535 650/650/532
f  651/651/536 652/652/537 653/653/538 654/654/539
f  655/655/536 656/656/539 657/657/540 658/658/541
f  655/655/536 658/658/541 659/659/542 660/660/537
f  661/661/543 662/662/544 663/663/545 664/664/546
f  661/661/543 665/665/547 666/666/548 667/667/549
f  661/661/543 667/667/549 668/668/550 662/662/544
f  669/669/543 670/670/546 671/671/551 672/672/547
f  673/673/552 674/674/553 675/675/554 676/676/555
f  677/677/552 678/678/556 679/679/557 680/680/558
f  673/673/552 681/681/558 682/682/559 683/683/560
f  673/673/552 683/683/560 684/684/561 674/674/553
f  673/673/552 676/676/555 685/685/562 686/686/556
f  687/687/563 688/688/555 689/689/554 690/690/564
f  691/691/563 692/692/565 693/693/562 694/694/555
f  695/695/563 696/696/566 697/697/545 698/698/544
f  699/699/563 700/700/564 701/701/567 702/702/566
f  703/703/568 704/704/569 705/705/570 706/706/571
f  703/703/568 707/707/572 708/708/573 704/704/569
f  709/709/568 710/710/571 711/711/574 712/712/572
f  713/713/575 714/714/576 715/715/577 716/716/578
f  713/713/575 716/716/578 717/717/579 718/718/580
f  719/719/575 720/720/580 721/721/581 722/722/576
f  723/723/582 724/724/583 725/725/577 726/726/584
f  727/727/582 728/728/584 729/729/585 730/730/586
f  723/723/582 731/731/586 732/732/587 724/724/583
f  733/733/588 734/734/589 735/735/590 736/736/579
f  733/733/588 736/736/579 737/737/578 738/738/591
f  739/739/588 740/740/591 741/741/592 742/742/589
f  743/743/593 744/744/594 722/722/576 721/721/581
f  743/743/593 745/745/595 746/746/596 744/744/594
f  743/743/593 721/721/581 747/747/551 745/745/595
f  748/748/597 749/749/598 750/750/599 751/751/600
f  752/752/597 753/753/595 754/754/551 755/755/601
f  756/756/597 757/757/601 758/758/602 759/759/598
f  748/748/597 760/760/603 761/761/604 762/762/595
f  748/748/597 751/751/600 763/763/605 760/760/603
f  764/764/547 765/765/580 766/766/579 767/767/590
f  764/764/547 767/767/590 768/768/606 769/769/548
f  770/770/547 747/747/551 721/721/581 720/720/580
f  771/771/607 772/772/608 773/773/609 774/774/610
f  771/771/607 775/775/611 776/776/612 772/772/608
f  771/771/607 774/774/610 777/777/613 775/775/611
f  778/778/614 779/779/615 780/780/616 781/781/617
f  778/778/614 781/781/617 782/782/618 783/783/619
f  778/778/614 783/783/619 784/784/620 785/785/621
f  786/786/622 787/787/623 788/788/624 789/789/625
f  790/790/626 791/791/627 792/792/628 793/793/629
f  790/790/626 794/794/630 795/795/631 796/796/632
f  790/790/626 796/796/632 797/797/624 791/791/627
f  798/798/633 799/799/634 800/800/635 801/801/636
f  798/798/633 802/802/637 803/803/638 799/799/634
f  798/798/633 801/801/636 804/804/639 802/802/637
f  805/805/640 806/806/641 807/807/642 808/808/643
f  809/809/640 810/810/644 811/811/645 812/812/641
f  813/813/640 814/814/643 815/815/646 816/816/644
f  817/817/642 818/818/647 819/819/648 820/820/643
f  817/817/642 812/812/641 821/821/649 822/822/650
f  823/823/651 824/824/652 825/825/653 826/826/654
f  823/823/651 827/827/655 828/828/656 824/824/652
f  823/823/651 829/829/657 830/830/658 827/827/655
f  823/823/651 826/826/654 831/831/659 832/832/660
f  823/823/651 832/832/660 833/833/661 829/829/657
f  834/834/662 835/835/663 836/836/664 837/837/665
f  838/838/662 839/839/665 840/840/666 841/841/667
f  834/834/662 842/842/667 843/843/668 835/835/663
f  844/844/669 845/845/670 846/846/666 847/847/671
f  848/848/669 849/849/671 850/850/672 851/851/673
f  844/844/669 852/852/673 853/853/674 845/845/670
f  854/854/675 855/855/676 856/856/677 857/857/678
f  854/854/675 857/857/678 858/858/679 859/859/680
f  854/854/675 859/859/680 860/860/681 855/855/676
f  861/861/682 862/862/683 863/863/684 864/864/685
f  865/865/682 866/866/686 867/867/687 868/868/683
f  869/869/682 870/870/685 871/871/688 872/872/686
f  873/873/689 874/874/690 875/875/691 876/876/692
f  877/877/693 878/878/694 879/879/695 880/880/696
f  881/881/693 882/882/696 883/883/697 884/884/698
f  885/885/693 886/886/698 887/887/699 888/888/694
f  889/889/700 890/890/701 891/891/702 892/892/703
f  889/889/700 892/892/703 893/893/704 894/894/705
f  889/889/700 895/895/706 896/896/707 890/890/701
f  897/897/708 898/898/709 899/899/710 900/900/711
f  901/901/708 902/902/711 903/903/712 904/904/713
f  897/897/708 905/905/714 906/906/715 871/871/688
f  907/907/708 908/908/713 909/909/716 910/910/714
f  911/911/717 912/912/718 913/913/719 914/914/716
f  915/915/717 916/916/712 917/917/720 918/918/718
f  915/915/717 919/919/716 920/920/713 916/916/712
f  921/921/721 922/922/722 923/923/723 924/924/724
f  921/921/721 925/925/725 926/926/726 927/927/727
f  921/921/721 924/924/724 928/928/728 925/925/725
f  929/929/729 930/930/730 931/931/731 932/932/732
f  929/929/729 932/932/732 933/933/733 934/934/734
f  929/929/729 934/934/734 935/935/735 930/930/730
f  936/936/736 937/937/737 938/938/738 939/939/739
f  940/940/740 941/941/741 937/937/737 936/936/736
f  936/936/736 939/939/739 942/942/742 940/940/740
f  943/943/743 944/944/744 945/945/745 946/946/746
f  947/947/747 948/948/748 944/944/744 943/943/743
f  943/943/743 946/946/746 949/949/749 947/947/747
f  950/950/750 951/951/751 952/952/752 953/953/753
f  950/950/750 954/954/754 955/955/755 951/951/751
f  950/950/750 953/953/753 956/956/756 954/954/754
f  957/957/757 958/958/758 959/959/759 960/960/760
f  961/961/757 962/962/760 963/963/761 964/964/762
f  965/965/757 891/891/702 966/966/763 967/967/758
f  968/968/764 969/969/765 970/970/766 971/971/767
f  968/968/764 972/972/768 973/973/769 969/969/765
f  974/974/764 975/975/767 976/976/770 977/977/768
f  978/978/771 979/979/772 980/980/773 981/981/774
f  978/978/771 982/982/775 983/983/776 979/979/772
f  978/978/771 981/981/774 984/984/777 982/982/775
f  985/985/778 986/986/779 987/987/780 988/988/781
f  985/985/778 988/988/781 989/989/782 990/990/783
f  985/985/778 990/990/783 991/991/784 986/986/779
f  992/992/785 993/993/786 994/994/787 995/995/788
f  992/992/785 995/995/788 996/996/789 997/997/790
f  998/998/785 999/999/790 1000/1000/791 1001/1001/786
f  1002/1002/792 1003/1003/793 1004/1004/794 1005/1005/795
f  1002/1002/792 1005/1005/795 1006/1006/796 1007/1007/797
f  1002/1002/792 1007/1007/797 1008/1008/798 1003/1003/793
f  1009/1009/799 1010/1010/800 1011/1011/801 1012/1012/802
f  1009/1009/799 1012/1012/802 1013/1013/803 1014/1014/804
f  1015/1015/799 1016/1016/804 1017/1017/805 1018/1018/800
f  1019/1019/806 1020/1020/807 1008/1008/798 1021/1021/808
f  1019/1019/806 1022/1022/809 1023/1023/810 1020/1020/807
f  1019/1019/806 1021/1021/808 1024/1024/811 1022/1022/809
f  1025/1025/812 1026/1026/813 1027/1027/814 1028/1028/815
f  1029/1029/812 1030/1030/815 1031/1031/816 1032/1032/817
f  1033/1033/818 1034/1034/819 1035/1035/820 1036/1036/821
f  1037/1037/818 1038/1038/822 1039/1039/823 1040/1040/824
f  1037/1037/818 1041/1041/821 1042/1042/825 1038/1038/822
f  1043/1043/826 1044/1044/827 1045/1045/828 1046/1046/829
f  1047/1047/830 1048/1048/831 1049/1049/832 1050/1050/833
f  1051/1051/830 1052/1052/834 1053/1053/835 1054/1054/831
f  1055/1055/830 1056/1056/833 1057/1057/836 1058/1058/834
f  1056/1056/833 1059/1059/837 1060/1060/838 1061/1061/839
f  1056/1056/833 1061/1061/839 1062/1062/840 1057/1057/836
f  1063/1063/841 1064/1064/842 1065/1065/843 1066/1066/844
f  1063/1063/841 1066/1066/844 67/67/51 66/66/54
f  1063/1063/841 1067/1067/845 1068/1068/846 1069/1069/847
f  1063/1063/841 66/66/54 1070/1070/848 1067/1067/845
f  1071/1071/843 1072/1072/842 1073/1073/849 1074/1074/850
f  1065/1065/843 1075/1075/851 1076/1076/852 1077/1077/853
f  1078/1078/843 1079/1079/850 1080/1080/854 1081/1081/851
f  1082/1082/855 1083/1083/856 1084/1084/857 1085/1085/858
f  1086/1086/855 1087/1087/859 1088/1088/860 1089/1089/861
f  1086/1086/855 1090/1090/858 1091/1091/862 1087/1087/859
f  1092/1092/857 1093/1093/863 1094/1094/864 1095/1095/865
f  1092/1092/857 1096/1096/856 1097/1097/866 1093/1093/863
f  1098/1098/857 1099/1099/867 1100/1100/868 1101/1101/858
f  1092/1092/857 1095/1095/865 1102/1102/869 1103/1103/867
f  1104/1104/870 1105/1105/871 1106/1106/872 1107/1107/873
f  1104/1104/870 1108/1108/874 1109/1109/875 1105/1105/871
f  1104/1104/870 1107/1107/873 1110/1110/876 1108/1108/874
f  1111/1111/877 1112/1112/878 1113/1113/879 1114/1114/880
f  1111/1111/877 1115/1115/881 1116/1116/882 1112/1112/878
f  1111/1111/877 1114/1114/880 1117/1117/883 1115/1115/881
f  1118/1118/884 1119/1119/885 1120/1120/886 1121/1121/887
f  1122/1122/884 1123/1123/887 1124/1124/888 1125/1125/889
f  1118/1118/884 1126/1126/889 1127/1127/890 1119/1119/885
f  1128/1128/891 1129/1129/892 1130/1130/893 1131/1131/894
f  1128/1128/891 1132/1132/895 1133/1133/896 1129/1129/892
f  1128/1128/891 1131/1131/894 1134/1134/897 1132/1132/895
f  1135/1135/898 1136/1136/899 1137/1137/900 1138/1138/901
f  1139/1139/898 1140/1140/902 1141/1141/903 1142/1142/899
f  1139/1139/898 1143/1143/904 1144/1144/905 1145/1145/906
f  1139/1139/898 1145/1145/906 1146/1146/907 1140/1140/902
f  1147/1147/898 1148/1148/901 1149/1149/908 1150/1150/904
f  1054/1054/831 1053/1053/835 1151/1151/909 1152/1152/910
f  1054/1054/831 1152/1152/910 1153/1153/911 1154/1154/900
f  1155/1155/912 1156/1156/913 1157/1157/914 1158/1158/915
f  1155/1155/912 1159/1159/916 1160/1160/917 1156/1156/913
f  1155/1155/912 1158/1158/915 1161/1161/918 1159/1159/916
f  1162/1162/919 1163/1163/920 1164/1164/921 1165/1165/922
f  1162/1162/919 1166/1166/923 1167/1167/924 1163/1163/920
f  1168/1168/919 1169/1169/925 1170/1170/926 1171/1171/923
f  1162/1162/919 1165/1165/922 1172/1172/927 1173/1173/928
f  1168/1168/919 1174/1174/928 1175/1175/929 1169/1169/925
f  1176/1176/930 1177/1177/931 1178/1178/932 1179/1179/933
f  1176/1176/930 1180/1180/934 1181/1181/935 1177/1177/931
f  1176/1176/930 1179/1179/933 1182/1182/936 1180/1180/934
f  1183/1183/937 1184/1184/938 1185/1185/939 1186/1186/940
f  1187/1187/937 1188/1188/941 1189/1189/942 1190/1190/938
f  1183/1183/937 1186/1186/940 1191/1191/943 1192/1192/941
f  1193/1193/944 1194/1194/945 1195/1195/946 1196/1196/947
f  1193/1193/944 1197/1197/948 1198/1198/949 1194/1194/945
f  1193/1193/944 1196/1196/947 1199/1199/950 1197/1197/948
f  1200/1200/951 1201/1201/952 1202/1202/953 1203/1203/954
f  1204/1204/951 1205/1205/955 1206/1206/956 1207/1207/952
f  1204/1204/951 1208/1208/954 1209/1209/957 1205/1205/955
f  1210/1210/958 1211/1211/959 1212/1212/960 1213/1213/961
f  1210/1210/958 1214/1214/962 1215/1215/963 1211/1211/959
f  1210/1210/958 1213/1213/961 1216/1216/964 1214/1214/962
f  1217/1217/965 1218/1218/966 1219/1219/967 1220/1220/968
f  1221/1221/965 1222/1222/968 1223/1223/969 1224/1224/970
f  1221/1221/965 1224/1224/970 1225/1225/924 1226/1226/971
f  1227/1227/965 1215/1215/963 1214/1214/962 1228/1228/966
f  1227/1227/965 1229/1229/971 1230/1230/972 1215/1215/963
f  1231/1231/966 1232/1232/973 1233/1233/974 1234/1234/975
f  1235/1235/966 1236/1236/975 1237/1237/976 1238/1238/967
f  1239/1239/968 1240/1240/977 1241/1241/978 1242/1242/969
f  1239/1239/968 1243/1243/967 1244/1244/979 1245/1245/980
f  1246/1246/974 1247/1247/973 1248/1248/981 1249/1249/982
f  1250/1250/974 1251/1251/982 1252/1252/983 1253/1253/975
f  1252/1252/983 1254/1254/984 1255/1255/976 1253/1253/975
f  1256/1256/983 1257/1257/985 1258/1258/986 1259/1259/984
f  1260/1260/983 1103/1103/867 1102/1102/869 1261/1261/985
f  1262/1262/983 1263/1263/982 1100/1100/868 1099/1099/867
f  1264/1264/987 1265/1265/988 1266/1266/989 1267/1267/990
f  1268/1268/987 1269/1269/990 1270/1270/991 1271/1271/992
f  1268/1268/987 1271/1271/992 1272/1272/993 1273/1273/988
f  1274/1274/994 1275/1275/995 1276/1276/996 1277/1277/997
f  1274/1274/994 1278/1278/998 1279/1279/999 1275/1275/995
f  1280/1280/994 1281/1281/997 1282/1282/1000 1283/1283/998
f  1284/1284/1001 1285/1285/1002 1286/1286/979 1287/1287/1003
f  1288/1288/1001 1289/1289/1003 1290/1290/976 1259/1259/984
f  1288/1288/1001 1259/1259/984 1258/1258/986 1291/1291/1004
f  1287/1287/1003 1286/1286/979 1292/1292/967 1293/1293/976
f  1294/1294/1005 1295/1295/1006 1296/1296/1007 1285/1285/1002
f  1294/1294/1005 1285/1285/1002 1284/1284/1001 1297/1297/1008
f  1294/1294/1005 1297/1297/1008 1298/1298/1009 1295/1295/1006
f  1299/1299/1010 1300/1300/1011 1301/1301/1012 1302/1302/1013
f  1299/1299/1010 1303/1303/1014 1304/1304/1015 1300/1300/1011
f  1299/1299/1010 1305/1305/813 1306/1306/1016 1303/1303/1014
f  1307/1307/1017 1308/1308/1018 1309/1309/1019 1310/1310/1020
f  1311/1311/1021 1312/1312/1022 1313/1313/1018 1314/1314/1017
f  1314/1314/1017 1315/1315/1020 1316/1316/1023 1311/1311/1021
f  1317/1317/1024 1318/1318/1025 1319/1319/1026 1320/1320/1027
f  1317/1317/1024 1320/1320/1027 1321/1321/1028 1322/1322/1029
f  1323/1323/1024 1324/1324/1029 1325/1325/1030 1326/1326/1025
f  1327/1327/1031 1328/1328/1032 1329/1329/1025 1330/1330/1030
f  1327/1327/1031 1330/1330/1030 1331/1331/865 1332/1332/864
f  1327/1327/1031 1332/1332/864 1333/1333/1033 1328/1328/1032
f  1334/1334/1033 1335/1335/864 1336/1336/863 1337/1337/1034
f  1338/1338/1033 1339/1339/1034 1340/1340/1035 1341/1341/1036
f  1342/1342/1033 1343/1343/1036 1344/1344/1037 1345/1345/1032
f  1344/1344/1037 1343/1343/1036 1346/1346/1038 1347/1347/1039
f  1348/1348/1037 1349/1349/1039 1350/1350/1040 1351/1351/1026
f  1352/1352/1037 1353/1353/1026 1329/1329/1025 1328/1328/1032
f  1354/1354/1040 1355/1355/1039 1356/1356/1041 1357/1357/1042
f  1358/1358/1040 1359/1359/1042 1360/1360/1043 1361/1361/1044
f  1362/1362/1040 1363/1363/1044 1320/1320/1027 1319/1319/1026
f  1361/1361/1044 1360/1360/1043 1364/1364/1045 1365/1365/1046
f  1363/1363/1044 1366/1366/1046 1321/1321/1028 1320/1320/1027
f  1365/1365/1046 1364/1364/1045 1291/1291/1004 1258/1258/986
f  1367/1367/1046 1368/1368/986 1261/1261/985 1369/1369/1028
f  1364/1364/1045 1360/1360/1043 1370/1370/1047 1371/1371/1048
f  1364/1364/1045 1371/1371/1048 1372/1372/1049 1291/1291/1004
f  1373/1373/1049 1374/1374/1048 1375/1375/1050 1376/1376/1051
f  1377/1377/1049 1378/1378/1051 1298/1298/1009 1297/1297/1008
f  1377/1377/1049 1297/1297/1008 1284/1284/1001 1379/1379/1004
f  1376/1376/1051 1375/1375/1050 1275/1275/995 1279/1279/999
f  1380/1380/1051 1381/1381/999 1382/1382/1052 1383/1383/1009
f  1382/1382/1052 1381/1381/999 1384/1384/998 1385/1385/1053
f  1382/1382/1052 1385/1385/1053 1386/1386/1054 1387/1387/1055
f  1382/1382/1052 1387/1387/1055 1388/1388/1006 1383/1383/1009
f  1389/1389/1055 1390/1390/1054 1391/1391/1056 1392/1392/1057
f  1393/1393/1055 1394/1394/1057 1296/1296/1007 1295/1295/1006
f  1392/1392/1057 1391/1391/1056 1395/1395/1058 1396/1396/1059
f  1394/1394/1057 1397/1397/1059 1398/1398/980 1296/1296/1007
f  1399/1399/1059 1400/1400/1058 1401/1401/1060 1240/1240/977
f  1399/1399/1059 1240/1240/977 1239/1239/968 1245/1245/980
f  1402/1402/1060 1395/1395/1058 1403/1403/1061 1404/1404/1062
f  1401/1401/1060 1405/1405/1062 1406/1406/1063 1407/1407/1064
f  1401/1401/1060 1407/1407/1064 1241/1241/978 1240/1240/977
f  1407/1407/1064 1406/1406/1063 1408/1408/1065 1409/1409/1066
f  1407/1407/1064 1409/1409/1066 1410/1410/1067 1241/1241/978
f  1411/1411/1067 1412/1412/1068 1223/1223/969 1413/1413/978
f  1411/1411/1067 1414/1414/1066 1415/1415/1069 1416/1416/1070
f  1411/1411/1067 1416/1416/1070 1417/1417/1071 1412/1412/1068
f  1417/1417/1071 1418/1418/1072 1419/1419/1073 1412/1412/1068
f  1417/1417/1071 1416/1416/1070 1420/1420/1074 1421/1421/498
f  1422/1422/1071 597/597/498 596/596/497 1423/1423/1072
f  1420/1420/1074 1416/1416/1070 1415/1415/1069 1424/1424/1075
f  1420/1420/1074 1424/1424/1075 1425/1425/1076 603/603/503
f  1426/1426/1074 1427/1427/503 594/594/495 597/597/498
f  1425/1425/1076 1424/1424/1075 1428/1428/1077 1429/1429/1078
f  1430/1430/1076 1431/1431/1078 1432/1432/1079 1433/1433/1080
f  1425/1425/1076 1434/1434/1080 604/604/504 603/603/503
f  1433/1433/1080 1432/1432/1079 1435/1435/1081 1436/1436/1082
f  1433/1433/1080 1436/1436/1082 1437/1437/1083 1438/1438/504
f  1437/1437/1083 1439/1439/1084 1440/1440/499 1438/1438/504
f  1437/1437/1083 1436/1436/1082 1441/1441/1085 1442/1442/1086
f  1437/1437/1083 1442/1442/1086 1443/1443/1087 1439/1439/1084
f  1443/1443/1087 1444/1444/1088 1445/1445/1089 1439/1439/1084
f  1443/1443/1087 1442/1442/1086 1446/1446/1090 1447/1447/1091
f  1443/1443/1087 1447/1447/1091 1448/1448/1092 1444/1444/1088
f  1448/1448/1092 1449/1449/1093 1450/1450/1094 1444/1444/1088
f  1448/1448/1092 1447/1447/1091 1451/1451/1095 1452/1452/1096
f  1448/1448/1092 1452/1452/1096 1453/1453/1097 1449/1449/1093
f  1453/1453/1097 1454/1454/1098 1455/1455/1099 1449/1449/1093
f  1453/1453/1097 1452/1452/1096 1456/1456/1100 1457/1457/1101
f  1453/1453/1097 1457/1457/1101 1458/1458/1102 1454/1454/1098
f  1458/1458/1102 1459/1459/1103 1460/1460/1104 1454/1454/1098
f  1458/1458/1102 1457/1457/1101 1461/1461/1105 1462/1462/1106
f  1458/1458/1102 1462/1462/1106 1463/1463/1107 1459/1459/1103
f  1463/1463/1107 1464/1464/1108 1465/1465/1109 1459/1459/1103
f  1463/1463/1107 1462/1462/1106 1466/1466/1110 1467/1467/1111
f  1463/1463/1107 1467/1467/1111 1468/1468/1112 1464/1464/1108
f  1469/1469/1112 1470/1470/1113 1471/1471/1114 1472/1472/1108
f  1469/1469/1112 1473/1473/1111 1474/1474/1115 1475/1475/1116
f  1469/1469/1112 1475/1475/1116 1476/1476/1117 1470/1470/1113
f  1476/1476/1117 1477/1477/1118 1478/1478/1119 1470/1470/1113
f  1476/1476/1117 1475/1475/1116 1479/1479/1120 1480/1480/1121
f  1476/1476/1117 1480/1480/1121 1481/1481/1122 1477/1477/1118
f  1481/1481/1122 1482/1482/1123 1483/1483/1124 1477/1477/1118
f  1481/1481/1122 1480/1480/1121 1484/1484/1125 1485/1485/1126
f  1481/1481/1122 1485/1485/1126 1486/1486/1127 1482/1482/1123
f  1486/1486/1127 1487/1487/1128 1488/1488/1129 1482/1482/1123
f  1486/1486/1127 1485/1485/1126 1489/1489/1130 1490/1490/1131
f  1486/1486/1127 1490/1490/1131 1491/1491/1132 1487/1487/1128
f  1491/1491/1132 1492/1492/1133 1493/1493/1134 1487/1487/1128
f  1491/1491/1132 1490/1490/1131 1494/1494/1135 1495/1495/1136
f  1491/1491/1132 1495/1495/1136 1496/1496/1137 1492/1492/1133
f  1496/1496/1137 1497/1497/1138 1498/1498/1139 1492/1492/1133
f  1496/1496/1137 1495/1495/1136 498/498/418 1499/1499/1140
f  1496/1496/1137 1499/1499/1140 1500/1500/1141 1497/1497/1138
f  1501/1501/1141 1502/1502/1142 1503/1503/1143 1504/1504/1138
f  1500/1500/1141 1499/1499/1140 1505/1505/1144 1506/1506/1145
f  1501/1501/1141 1507/1507/1145 1508/1508/1146 1502/1502/1142
f  1509/1509/1146 1510/1510/1147 1511/1511/1148 1512/1512/1142
f  1513/1513/1146 1514/1514/1145 1515/1515/1149 1516/1516/1150
f  1509/1509/1146 1517/1517/1150 1518/1518/1151 1510/1510/1147
f  1518/1518/1151 1519/1519/1152 1520/1520/1153 1510/1510/1147
f  1518/1518/1151 1517/1517/1150 327/327/273 326/326/272
f  1518/1518/1151 326/326/272 1521/1521/1154 1519/1519/1152
f  1521/1521/1154 1522/1522/1155 1523/1523/1156 1519/1519/1152
f  1521/1521/1154 326/326/272 325/325/271 1524/1524/1157
f  1521/1521/1154 1524/1524/1157 1525/1525/1158 1522/1522/1155
f  1525/1525/1158 1526/1526/1159 1527/1527/1160 1522/1522/1155
f  1525/1525/1158 1524/1524/1157 1528/1528/1161 1529/1529/1162
f  1525/1525/1158 1529/1529/1162 1530/1530/1163 1526/1526/1159
f  1531/1531/1163 1532/1532/1164 1533/1533/1165 1534/1534/1159
f  1531/1531/1163 1535/1535/1162 1536/1536/1166 1537/1537/1167
f  1531/1531/1163 1537/1537/1167 1538/1538/1168 1532/1532/1164
f  1538/1538/1168 1539/1539/1169 1540/1540/1170 1532/1532/1164
f  1538/1538/1168 1537/1537/1167 1541/1541/1171 1542/1542/1172
f  1538/1538/1168 1542/1542/1172 1543/1543/1173 1539/1539/1169
f  1543/1543/1173 1544/1544/1174 1545/1545/1175 1539/1539/1169
f  1546/1546/1173 1547/1547/1172 1548/1548/1176 1549/1549/1177
f  1546/1546/1173 1549/1549/1177 1550/1550/1178 1551/1551/1174
f  1550/1550/1178 1552/1552/1179 1553/1553/1180 1554/1554/1181
f  1550/1550/1178 1554/1554/1181 1555/1555/1182 1551/1551/1174
f  1550/1550/1178 1549/1549/1177 1556/1556/1183 1552/1552/1179
f  1556/1556/1183 1549/1549/1177 1548/1548/1176 1557/1557/1184
f  1556/1556/1183 1557/1557/1184 1558/1558/1185 1559/1559/1186
f  1556/1556/1183 1559/1559/1186 1560/1560/1187 1552/1552/1179
f  1560/1560/1187 1561/1561/1188 1562/1562/1189 1563/1563/1190
f  1560/1560/1187 1563/1563/1190 1553/1553/1180 1552/1552/1179
f  1560/1560/1187 1559/1559/1186 1564/1564/1191 1561/1561/1188
f  1564/1564/1191 1559/1559/1186 1558/1558/1185 1565/1565/1192
f  1564/1564/1191 1565/1565/1192 1566/1566/1193 1567/1567/250
f  1568/1568/1191 302/302/250 301/301/249 1569/1569/1188
f  1566/1566/1193 1565/1565/1192 1570/1570/1194 1571/1571/1195
f  1566/1566/1193 1571/1571/1195 1572/1572/1196 1573/1573/1197
f  1574/1574/1193 1575/1575/1197 303/303/251 302/302/250
f  1576/1576/1197 1577/1577/1196 1578/1578/1198 1579/1579/1199
f  1580/1580/1197 1581/1581/1199 1582/1582/1200 1583/1583/251
f  1582/1582/1200 1584/1584/1201 1585/1585/252 1583/1583/251
f  1586/1586/1200 1579/1579/1199 1587/1587/1202 1588/1588/1203
f  1582/1582/1200 1589/1589/1203 1590/1590/1204 1584/1584/1201
f  1590/1590/1204 1591/1591/1205 1592/1592/1206 1584/1584/1201
f  1593/1593/1204 1588/1588/1203 1594/1594/1207 1595/1595/1208
f  1593/1593/1204 1595/1595/1208 1596/1596/1209 1597/1597/1205
f  1598/1598/1209 1599/1599/1210 1600/1600/1211 1601/1601/1205
f  1596/1596/1209 1595/1595/1208 1602/1602/1212 1603/1603/1213
f  1596/1596/1209 1603/1603/1213 1604/1604/1214 1605/1605/1210
f  1606/1606/1214 1607/1607/1215 1608/1608/1216 1599/1599/1210
f  1609/1609/1214 1610/1610/1213 1611/1611/1217 1612/1612/1218
f  1606/1606/1214 1613/1613/1218 1614/1614/1219 1607/1607/1215
f  1614/1614/1219 1615/1615/1220 1616/1616/1221 1607/1607/1215
f  1617/1617/1219 1618/1618/1218 1619/1619/1222 1620/1620/1223
f  1614/1614/1219 1621/1621/1223 1622/1622/1224 1615/1615/1220
f  1622/1622/1224 1623/1623/1225 1624/1624/1226 1615/1615/1220
f  1625/1625/1224 1626/1626/1223 1627/1627/1227 1628/1628/1228
f  1625/1625/1224 1628/1628/1228 1629/1629/1229 1630/1630/1225
f  1631/1631/1229 1632/1632/1230 1633/1633/1231 1623/1623/1225
f  1629/1629/1229 1628/1628/1228 1634/1634/1232 1635/1635/1233
f  1629/1629/1229 1635/1635/1233 1636/1636/1234 1637/1637/1230
f  1638/1638/1234 1639/1639/1233 1640/1640/1235 1641/1641/1236
f  1638/1638/1234 1641/1641/1236 1642/1642/1237 154/154/125
f  1643/1643/1234 1644/1644/125 159/159/124 1632/1632/1230
f  1642/1642/1237 1641/1641/1236 1645/1645/1238 1646/1646/1239
f  1642/1642/1237 1646/1646/1239 1647/1647/1240 1648/1648/1241
f  1642/1642/1237 1648/1648/1241 155/155/126 154/154/125
f  1648/1648/1241 1647/1647/1240 1649/1649/1242 1650/1650/1243
f  1648/1648/1241 1650/1650/1243 160/160/129 155/155/126
f  1651/1651/1243 1652/1652/1242 1653/1653/1244 1654/1654/1245
f  1651/1651/1243 1654/1654/1245 1655/1655/1246 1656/1656/129
f  1657/1657/1246 1658/1658/1247 161/161/127 160/160/129
f  1655/1655/1246 1654/1654/1245 147/147/118 146/146/117
f  1655/1655/1246 146/146/117 151/151/122 1659/1659/1247
f  1659/1659/1247 1660/1660/1248 158/158/128 157/157/127
f  1661/1661/1247 1662/1662/122 1663/1663/1249 1664/1664/1248
f  1665/1665/1249 151/151/122 150/150/121 1666/1666/1250
f  1665/1665/1249 1666/1666/1250 1667/1667/1251 1668/1668/1252
f  1665/1665/1249 1668/1668/1252 1669/1669/1253 1660/1660/1248
f  1669/1669/1253 1668/1668/1252 1670/1670/1254 1624/1624/1226
f  1669/1669/1253 1624/1624/1226 1623/1623/1225 1633/1633/1231
f  1669/1669/1253 1633/1633/1231 158/158/128 1660/1660/1248
f  1670/1670/1254 1668/1668/1252 1667/1667/1251 1671/1671/1255
f  1670/1670/1254 1671/1671/1255 1672/1672/1256 1616/1616/1221
f  1670/1670/1254 1616/1616/1221 1615/1615/1220 1624/1624/1226
f  1672/1672/1256 1671/1671/1255 1673/1673/1257 1674/1674/1258
f  1672/1672/1256 1674/1674/1258 1675/1675/1259 1608/1608/1216
f  1672/1672/1256 1608/1608/1216 1607/1607/1215 1616/1616/1221
f  1675/1675/1259 1674/1674/1258 1676/1676/1260 1677/1677/1261
f  1675/1675/1259 1677/1677/1261 1678/1678/1262 1600/1600/1211
f  1675/1675/1259 1600/1600/1211 1599/1599/1210 1608/1608/1216
f  1678/1678/1262 1677/1677/1261 1679/1679/1263 1680/1680/1264
f  1678/1678/1262 1680/1680/1264 1681/1681/256 1682/1682/1206
f  1678/1678/1262 1682/1682/1206 1601/1601/1205 1600/1600/1211
f  1683/1683/1264 1684/1684/1263 1685/1685/1265 1686/1686/1266
f  1687/1687/1264 1688/1688/1266 306/306/253 1689/1689/256
f  1688/1688/1266 1690/1690/1265 1691/1691/1267 1692/1692/1268
f  1688/1688/1266 1692/1692/1268 307/307/254 306/306/253
f  1692/1692/1268 1691/1691/1267 1693/1693/1269 1694/1694/1270
f  1692/1692/1268 1694/1694/1270 1695/1695/1271 307/307/254
f  1695/1695/1271 1694/1694/1270 1696/1696/1272 1697/1697/1273
f  1698/1698/1271 1699/1699/1273 1700/1700/1274 1701/1701/1275
f  1698/1698/1271 1701/1701/1275 1702/1702/255 1703/1703/254
f  1701/1701/1275 1700/1700/1274 1704/1704/1276 1705/1705/1277
f  1701/1701/1275 1705/1705/1277 1706/1706/1189 1702/1702/255
f  1707/1707/1277 1708/1708/1276 1709/1709/1278 1710/1710/1279
f  1707/1707/1277 1710/1710/1279 1563/1563/1190 1562/1562/1189
f  1711/1711/1279 1712/1712/1278 1713/1713/1280 1714/1714/1281
f  1710/1710/1279 1715/1715/1281 1553/1553/1180 1563/1563/1190
f  1715/1715/1281 1716/1716/1280 1717/1717/1282 1718/1718/1283
f  1715/1715/1281 1718/1718/1283 1554/1554/1181 1553/1553/1180
f  1719/1719/1283 1720/1720/1282 1721/1721/1284 1722/1722/1285
f  1718/1718/1283 1723/1723/1285 1555/1555/1182 1554/1554/1181
f  1722/1722/1285 1721/1721/1284 1724/1724/1286 1725/1725/1287
f  1722/1722/1285 1725/1725/1287 1726/1726/1288 1727/1727/1182
f  1728/1728/1288 1729/1729/1287 1730/1730/1289 1731/1731/1290
f  1728/1728/1288 1731/1731/1290 1732/1732/1291 1733/1733/1175
f  1726/1726/1288 1545/1545/1175 1544/1544/1174 1727/1727/1182
f  1732/1732/1291 1731/1731/1290 136/136/107 1734/1734/1292
f  1732/1732/1291 1734/1734/1292 1735/1735/1293 1736/1736/1170
f  1737/1737/1291 1540/1540/1170 1539/1539/1169 1545/1545/1175
f  1735/1735/1293 1734/1734/1292 1738/1738/1294 1739/1739/1295
f  1735/1735/1293 1739/1739/1295 1740/1740/1296 1741/1741/1165
f  1742/1742/1293 1533/1533/1165 1532/1532/1164 1540/1540/1170
f  1740/1740/1296 1739/1739/1295 566/566/472 562/562/468
f  1740/1740/1296 562/562/468 561/561/467 1527/1527/1160
f  1740/1740/1296 1527/1527/1160 1526/1526/1159 1741/1741/1165
f  1739/1739/1295 1738/1738/1294 1743/1743/1297 566/566/472
f  1743/1743/1297 1738/1738/1294 135/135/106 137/137/108
f  1743/1743/1297 137/137/108 1744/1744/1298 1745/1745/1299
f  1743/1743/1297 1745/1745/1299 563/563/469 566/566/472
f  1746/1746/1299 1747/1747/1298 1748/1748/1300 1749/1749/1301
f  1745/1745/1299 1750/1750/1301 564/564/470 563/563/469
f  1749/1749/1301 1748/1748/1300 1751/1751/1302 1752/1752/1303
f  1749/1749/1301 1752/1752/1303 1753/1753/1304 1754/1754/470
f  1753/1753/1304 1752/1752/1303 1755/1755/1305 1756/1756/478
f  1757/1757/1304 573/573/478 572/572/477 1758/1758/1306
f  1759/1759/1304 1760/1760/1306 565/565/471 564/564/470
f  1758/1758/1306 572/572/477 576/576/479 1761/1761/1307
f  1760/1760/1306 1762/1762/1307 1763/1763/1308 565/565/471
f  1764/1764/1308 1761/1761/1307 1765/1765/1309 1766/1766/1310
f  1763/1763/1308 1767/1767/1310 1768/1768/1311 1769/1769/1312
f  1763/1763/1308 1769/1769/1312 559/559/465 565/565/471
f  1769/1769/1312 1768/1768/1311 1770/1770/1313 1771/1771/1314
f  1769/1769/1312 1771/1771/1314 560/560/466 559/559/465
f  1771/1771/1314 1770/1770/1313 1772/1772/1315 1773/1773/1316
f  1771/1771/1314 1773/1773/1316 1774/1774/1317 560/560/466
f  1774/1774/1317 1773/1773/1316 1775/1775/1318 1520/1520/1153
f  1774/1774/1317 1520/1520/1153 1519/1519/1152 1523/1523/1156
f  1774/1774/1317 1523/1523/1156 561/561/467 560/560/466
f  1775/1775/1318 1773/1773/1316 1772/1772/1315 1776/1776/1319
f  1775/1775/1318 1776/1776/1319 1777/1777/1320 1511/1511/1148
f  1775/1775/1318 1511/1511/1148 1510/1510/1147 1520/1520/1153
f  1777/1777/1320 1776/1776/1319 1778/1778/1321 1779/1779/1322
f  1780/1780/1320 1781/1781/1322 1782/1782/1323 1503/1503/1143
f  1780/1780/1320 1503/1503/1143 1502/1502/1142 1783/1783/1148
f  1782/1782/1323 1781/1781/1322 1784/1784/1324 1785/1785/1325
f  1782/1782/1323 1785/1785/1325 1786/1786/1326 1787/1787/1139
f  1782/1782/1323 1787/1787/1139 1504/1504/1138 1503/1503/1143
f  1786/1786/1326 1785/1785/1325 1788/1788/1327 1789/1789/1328
f  1786/1786/1326 1789/1789/1328 1790/1790/1329 1791/1791/1134
f  1792/1792/1326 1493/1493/1134 1492/1492/1133 1498/1498/1139
f  1790/1790/1329 1789/1789/1328 1793/1793/1330 1794/1794/1331
f  1795/1795/1329 1796/1796/1331 1797/1797/1332 1488/1488/1129
f  1795/1795/1329 1488/1488/1129 1487/1487/1128 1493/1493/1134
f  1798/1798/1332 1794/1794/1331 1799/1799/1333 1800/1800/1334
f  1797/1797/1332 1801/1801/1334 1802/1802/1335 1483/1483/1124
f  1797/1797/1332 1483/1483/1124 1482/1482/1123 1488/1488/1129
f  1802/1802/1335 1801/1801/1334 1803/1803/1336 1804/1804/1337
f  1802/1802/1335 1804/1804/1337 1805/1805/1338 1478/1478/1119
f  1802/1802/1335 1478/1478/1119 1477/1477/1118 1483/1483/1124
f  1806/1806/1338 1807/1807/1337 1808/1808/1339 1809/1809/1340
f  1806/1806/1338 1809/1809/1340 1810/1810/1341 1811/1811/1114
f  1805/1805/1338 1471/1471/1114 1470/1470/1113 1478/1478/1119
f  1810/1810/1341 1809/1809/1340 1812/1812/1342 1813/1813/1343
f  1810/1810/1341 1813/1813/1343 1814/1814/1344 1465/1465/1109
f  1810/1810/1341 1465/1465/1109 1464/1464/1108 1811/1811/1114
f  1814/1814/1344 1813/1813/1343 1815/1815/1345 1816/1816/1346
f  1814/1814/1344 1816/1816/1346 1817/1817/1347 1460/1460/1104
f  1814/1814/1344 1460/1460/1104 1459/1459/1103 1465/1465/1109
f  1817/1817/1347 1816/1816/1346 1818/1818/1348 593/593/494
f  1817/1817/1347 593/593/494 590/590/491 1455/1455/1099
f  1817/1817/1347 1455/1455/1099 1454/1454/1098 1460/1460/1104
f  1818/1818/1348 1819/1819/1349 1820/1820/1350 1821/1821/1351
f  1818/1818/1348 1821/1821/1351 591/591/492 593/593/494
f  1818/1818/1348 1816/1816/1346 1815/1815/1345 1819/1819/1349
f  1821/1821/1351 1820/1820/1350 1822/1822/1352 1823/1823/1353
f  1821/1821/1351 1823/1823/1353 1824/1824/1354 591/591/492
f  1824/1824/1354 1823/1823/1353 1825/1825/1355 1826/1826/18
f  1824/1824/1354 1826/1826/18 1827/1827/17 1828/1828/1356
f  1824/1824/1354 1828/1828/1356 592/592/493 591/591/492
f  1828/1828/1356 1827/1827/17 1829/1829/487 1830/1830/486
f  1828/1828/1356 1830/1830/486 1831/1831/1357 592/592/493
f  1832/1832/1357 585/585/486 584/584/485 1833/1833/1358
f  1831/1831/1357 1834/1834/1358 609/609/508 608/608/507
f  1831/1831/1357 608/608/507 588/588/489 592/592/493
f  1835/1835/1358 1836/1836/485 1837/1837/484 1838/1838/1359
f  1839/1839/1358 1840/1840/1359 619/619/515 618/618/508
f  1838/1838/1359 1837/1837/484 1841/1841/1360 1842/1842/1361
f  1838/1838/1359 1842/1842/1361 1843/1843/1362 1844/1844/515
f  1845/1845/1362 1846/1846/1361 1847/1847/1363 1848/1848/1364
f  1845/1845/1362 1848/1848/1364 1849/1849/523 1850/1850/522
f  1845/1845/1362 1850/1850/522 616/616/513 619/619/515
f  1848/1848/1364 1847/1847/1363 1851/1851/1365 1852/1852/1366
f  1848/1848/1364 1852/1852/1366 1853/1853/1367 1849/1849/523
f  1853/1853/1367 1852/1852/1366 729/729/585 1854/1854/596
f  1855/1855/1367 1856/1856/596 1857/1857/595 1858/1858/604
f  1855/1855/1367 1858/1858/604 633/633/524 632/632/523
f  1852/1852/1366 1851/1851/1365 730/730/586 729/729/585
f  1859/1859/1365 1860/1860/1363 1861/1861/1368 1862/1862/1369
f  1859/1859/1365 1862/1862/1369 1863/1863/587 1864/1864/586
f  1865/1865/1369 1866/1866/1368 1867/1867/1370 1868/1868/1371
f  1865/1865/1369 1868/1868/1371 741/741/592 1869/1869/587
f  1868/1868/1371 1867/1867/1370 1870/1870/1372 1871/1871/1373
f  1868/1868/1371 1871/1871/1373 742/742/589 741/741/592
f  1872/1872/1373 1873/1873/1372 1874/1874/1374 768/768/606
f  1875/1875/1373 1876/1876/606 735/735/590 734/734/589
f  1874/1874/1374 1877/1877/1375 1878/1878/1376 1879/1879/1377
f  1874/1874/1374 1879/1879/1377 769/769/548 768/768/606
f  1874/1874/1374 1873/1873/1372 1880/1880/1378 1877/1877/1375
f  1880/1880/1378 1881/1881/482 1882/1882/1379 1877/1877/1375
f  1883/1883/1378 1884/1884/1372 1885/1885/1370 1886/1886/1380
f  1883/1883/1378 1886/1886/1380 580/580/483 579/579/482
f  1887/1887/1380 1867/1867/1370 1866/1866/1368 1888/1888/1360
f  1887/1887/1380 1888/1888/1360 1889/1889/484 1890/1890/483
f  1882/1882/1379 1891/1891/1381 1892/1892/1382 1893/1893/1383
f  1882/1882/1379 1893/1893/1383 1878/1878/1376 1877/1877/1375
f  1882/1882/1379 1881/1881/482 1894/1894/481 1891/1891/1381
f  1895/1895/1383 1896/1896/1382 1897/1897/528 1898/1898/1384
f  1899/1899/1383 1900/1900/1384 1901/1901/1385 1902/1902/1376
f  1903/1903/1385 1898/1898/1384 1904/1904/540 654/654/539
f  1903/1903/1385 654/654/539 653/653/538 1905/1905/1386
f  1906/1906/1385 1907/1907/1386 1879/1879/1377 1878/1878/1376
f  1905/1905/1386 653/653/538 668/668/550 667/667/549
f  1908/1908/1386 1909/1909/549 1910/1910/548 1911/1911/1377
f  1898/1898/1384 1897/1897/528 644/644/527 1904/1904/540
f  1912/1912/1382 1913/1913/1387 640/640/529 639/639/528
f  1912/1912/1382 1914/1914/1381 1915/1915/1388 1913/1913/1387
f  1915/1915/1388 1914/1914/1381 623/623/481 622/622/517
f  1916/1916/1388 1917/1917/517 1918/1918/1389 1919/1919/1390
f  1916/1916/1388 1919/1919/1390 1920/1920/1391 1921/1921/1387
f  1920/1920/1391 1919/1919/1390 1922/1922/1392 1923/1923/1393
f  1924/1924/1391 1925/1925/1393 1926/1926/1394 1927/1927/1395
f  1924/1924/1391 1927/1927/1395 1928/1928/529 1929/1929/1387
f  1927/1927/1395 1926/1926/1394 1930/1930/1396 1931/1931/534
f  1927/1927/1395 1931/1931/534 1932/1932/526 1928/1928/529
f  1930/1930/1396 1926/1926/1394 1933/1933/1397 1934/1934/1398
f  1935/1935/1396 1936/1936/1398 1937/1937/1399 1938/1938/1400
f  1935/1935/1396 1938/1938/1400 1939/1939/535 1940/1940/534
f  1938/1938/1400 1937/1937/1399 1941/1941/1401 1942/1942/1402
f  1938/1938/1400 1942/1942/1402 1943/1943/1403 1939/1939/535
f  1944/1944/1403 1945/1945/47 1946/1946/532 1947/1947/535
f  1944/1944/1403 1948/1948/1402 1949/1949/1404 1950/1950/1405
f  1944/1944/1403 1950/1950/1405 1951/1951/48 1945/1945/47
f  1950/1950/1405 1949/1949/1404 1952/1952/1406 1953/1953/1407
f  1950/1950/1405 1953/1953/1407 1954/1954/55 1951/1951/48
f  1955/1955/1407 1956/1956/1406 1957/1957/1408 1958/1958/1409
f  1955/1955/1407 1958/1958/1409 74/74/59 73/73/55
f  1958/1958/1409 1957/1957/1408 1959/1959/1410 1960/1960/1411
f  1958/1958/1409 1960/1960/1411 1961/1961/519 74/74/59
f  1962/1962/1411 1963/1963/1410 1964/1964/1412 1965/1965/1413
f  1962/1962/1411 1965/1965/1413 627/627/516 626/626/519
f  1965/1965/1413 1964/1964/1412 1966/1966/1414 1967/1967/1389
f  1968/1968/1413 1918/1918/1389 1917/1917/517 1969/1969/516
f  1966/1966/1414 1964/1964/1412 1970/1970/1415 1971/1971/1416
f  1972/1972/1414 1973/1973/1416 1974/1974/1417 1922/1922/1392
f  1972/1972/1414 1922/1922/1392 1919/1919/1390 1918/1918/1389
f  1975/1975/1417 1976/1976/1416 22/22/22 21/21/21
f  1974/1974/1417 1977/1977/21 1978/1978/1418 1979/1979/1419
f  1974/1974/1417 1979/1979/1419 1923/1923/1393 1922/1922/1392
f  1980/1980/1419 1981/1981/1418 1982/1982/43 1933/1933/1397
f  1980/1980/1419 1933/1933/1397 1926/1926/1394 1925/1925/1393
f  1983/1983/1418 21/21/21 20/20/20 1984/1984/1420
f  1981/1981/1418 1985/1985/1420 1986/1986/41 1982/1982/43
f  1987/1987/1420 1988/1988/20 1989/1989/25 40/40/35
f  1987/1987/1420 40/40/35 39/39/34 1990/1990/41
f  1976/1976/1416 1991/1991/1415 23/23/23 22/22/22
f  1992/1992/1415 1993/1993/1412 1994/1994/1410 1995/1995/1421
f  1992/1992/1415 1995/1995/1421 36/36/32 1996/1996/23
f  1997/1997/1421 1959/1959/1410 1957/1957/1408 1998/1998/1422
f  1995/1995/1421 1999/1999/1422 37/37/27 36/36/32
f  1998/1998/1422 1957/1957/1408 1956/1956/1406 2000/2000/1423
f  1998/1998/1422 2000/2000/1423 28/28/28 27/27/27
f  2001/2001/1423 1952/1952/1406 1949/1949/1404 2002/2002/1424
f  2001/2001/1423 2002/2002/1424 2003/2003/1425 2004/2004/28
f  2003/2003/1425 2002/2002/1424 2005/2005/1401 2006/2006/1426
f  2007/2007/1425 2008/2008/1426 2009/2009/38 2010/2010/37
f  2003/2003/1425 44/44/37 2011/2011/29 2004/2004/28
f  2012/2012/1426 1941/1941/1401 1937/1937/1399 54/54/44
f  2012/2012/1426 54/54/44 48/48/39 47/47/38
f  2002/2002/1424 1949/1949/1404 1948/1948/1402 2005/2005/1401
f  1937/1937/1399 1936/1936/1398 52/52/42 54/54/44
f  1936/1936/1398 2013/2013/1397 53/53/43 52/52/42
f  1861/1861/1368 1860/1860/1363 1842/1842/1361 1841/1841/1360
f  2014/2014/1355 2015/2015/1427 2016/2016/1428 2017/2017/1429
f  2014/2014/1355 2017/2017/1429 11/11/11 18/18/18
f  1825/1825/1355 1823/1823/1353 1822/1822/1352 2018/2018/1427
f  2017/2017/1429 2016/2016/1428 2019/2019/1430 2020/2020/1431
f  2017/2017/1429 2020/2020/1431 15/15/15 11/11/11
f  2020/2020/1431 2019/2019/1430 2021/2021/1432 2022/2022/1433
f  2020/2020/1431 2022/2022/1433 2023/2023/1434 15/15/15
f  2023/2023/1434 2022/2022/1433 2024/2024/1435 2025/2025/1436
f  2023/2023/1434 2025/2025/1436 2026/2026/1437 2027/2027/1438
f  2023/2023/1434 2027/2027/1438 16/16/16 15/15/15
f  2027/2027/1438 2026/2026/1437 2028/2028/1439 2029/2029/1440
f  2027/2027/1438 2029/2029/1440 2030/2030/1441 16/16/16
f  2030/2030/1441 2029/2029/1440 2031/2031/1442 2032/2032/1443
f  2030/2030/1441 2032/2032/1443 2033/2033/1444 2034/2034/1445
f  2030/2030/1441 2034/2034/1445 12/12/12 16/16/16
f  2034/2034/1445 2033/2033/1444 2035/2035/1446 2036/2036/1447
f  2034/2034/1445 2036/2036/1447 13/13/13 12/12/12
f  2036/2036/1447 2035/2035/1446 1070/1070/848 71/71/58
f  2036/2036/1447 71/71/58 70/70/57 13/13/13
f  2035/2035/1446 2033/2033/1444 2037/2037/1448 2038/2038/1449
f  2035/2035/1446 2038/2038/1449 1067/1067/845 1070/1070/848
f  2038/2038/1449 2037/2037/1448 2039/2039/1450 2040/2040/1451
f  2038/2038/1449 2040/2040/1451 1068/1068/846 1067/1067/845
f  2040/2040/1451 2039/2039/1450 2041/2041/1452 2042/2042/1453
f  2040/2040/1451 2042/2042/1453 2043/2043/1454 1068/1068/846
f  2043/2043/1454 2042/2042/1453 2044/2044/1455 2045/2045/1456
f  2043/2043/1454 2045/2045/1456 2046/2046/1457 2047/2047/1458
f  2048/2048/1454 2049/2049/1458 2050/2050/847 2051/2051/846
f  2052/2052/1458 2053/2053/1457 2054/2054/1459 2055/2055/1460
f  2049/2049/1458 2056/2056/1460 2057/2057/1461 2050/2050/847
f  2058/2058/1461 1072/1072/842 2059/2059/841 2060/2060/847
f  2057/2057/1461 2056/2056/1460 2061/2061/1462 2062/2062/1463
f  2058/2058/1461 2063/2063/1463 1073/1073/849 1072/1072/842
f  2062/2062/1463 2061/2061/1462 2064/2064/1464 2065/2065/1465
f  2063/2063/1463 2066/2066/1465 2067/2067/1466 1073/1073/849
f  2067/2067/1466 2068/2068/1467 1074/1074/850 1073/1073/849
f  2069/2069/1466 2065/2065/1465 2070/2070/1468 2071/2071/1469
f  2067/2067/1466 2072/2072/1469 2073/2073/1470 2068/2068/1467
f  2073/2073/1470 2074/2074/1035 2075/2075/1471 2068/2068/1467
f  2076/2076/1470 2071/2071/1469 2077/2077/1472 1346/1346/1038
f  2076/2076/1470 1346/1346/1038 1343/1343/1036 2078/2078/1035
f  2077/2077/1472 2071/2071/1469 2070/2070/1468 2079/2079/1473
f  2080/2080/1472 2081/2081/1473 2082/2082/1474 1356/1356/1041
f  2077/2077/1472 2083/2083/1041 1347/1347/1039 1346/1346/1038
f  2082/2082/1474 2081/2081/1473 1310/1310/1020 1309/1309/1019
f  2084/2084/1474 2085/2085/1019 2086/2086/1475 2087/2087/1476
f  2082/2082/1474 2088/2088/1476 1357/1357/1042 1356/1356/1041
f  2088/2088/1476 2089/2089/1475 2090/2090/1477 2091/2091/1047
f  2092/2092/1476 1370/1370/1047 1360/1360/1043 1359/1359/1042
f  2090/2090/1477 2089/2089/1475 2093/2093/1478 1276/1276/996
f  2090/2090/1477 1276/1276/996 1275/1275/995 1375/1375/1050
f  2090/2090/1477 1375/1375/1050 1374/1374/1048 2091/2091/1047
f  2093/2093/1478 2089/2089/1475 1309/1309/1019 1308/1308/1018
f  2093/2093/1478 1308/1308/1018 2094/2094/1022 2095/2095/1479
f  2093/2093/1478 2095/2095/1479 1277/1277/997 1276/1276/996
f  2096/2096/1479 1312/1312/1022 2097/2097/1480 2098/2098/1481
f  2095/2095/1479 2099/2099/1481 2100/2100/1000 1277/1277/997
f  2101/2101/1481 2102/2102/1480 2103/2103/1482 2104/2104/1483
f  2105/2105/1481 2106/2106/1483 2107/2107/1484 2108/2108/1000
f  2109/2109/1484 2110/2110/1053 1283/1283/998 1282/1282/1000
f  2107/2107/1484 2106/2106/1483 2111/2111/1485 2112/2112/1486
f  2109/2109/1484 2113/2113/1486 2114/2114/1054 2110/2110/1053
f  2115/2115/1486 2116/2116/1485 2117/2117/1487 2118/2118/1488
f  2115/2115/1486 2118/2118/1488 1391/1391/1056 1390/1390/1054
f  2118/2118/1488 2117/2117/1487 2119/2119/1489 1403/1403/1061
f  2118/2118/1488 1403/1403/1061 1395/1395/1058 1391/1391/1056
f  2119/2119/1489 2117/2117/1487 819/819/648 818/818/647
f  2120/2120/1489 2121/2121/647 2122/2122/1490 2123/2123/1491
f  2119/2119/1489 2124/2124/1491 1404/1404/1062 1403/1403/1061
f  2123/2123/1491 2122/2122/1490 2125/2125/1492 2126/2126/1493
f  2124/2124/1491 2127/2127/1493 2128/2128/1063 1404/1404/1062
f  2126/2126/1493 2125/2125/1492 2129/2129/1494 2130/2130/1495
f  2127/2127/1493 2131/2131/1495 2132/2132/1065 2128/2128/1063
f  2131/2131/1495 2133/2133/1494 2134/2134/1496 2135/2135/1497
f  2131/2131/1495 2135/2135/1497 2136/2136/1498 2132/2132/1065
f  2137/2137/1498 2138/2138/1069 1409/1409/1066 1408/1408/1065
f  2136/2136/1498 2135/2135/1497 2139/2139/1499 1428/1428/1077
f  2137/2137/1498 2140/2140/1077 2141/2141/1075 2138/2138/1069
f  2139/2139/1499 2135/2135/1497 2134/2134/1496 2142/2142/1500
f  2139/2139/1499 2142/2142/1500 2143/2143/1501 2144/2144/1502
f  2139/2139/1499 2144/2144/1502 1429/1429/1078 1428/1428/1077
f  2145/2145/1502 2146/2146/1501 2147/2147/1503 2148/2148/1504
f  2145/2145/1502 2148/2148/1504 2149/2149/1079 2150/2150/1078
f  2148/2148/1504 2147/2147/1503 2151/2151/1505 2152/2152/1506
f  2148/2148/1504 2152/2152/1506 2153/2153/1081 2149/2149/1079
f  2152/2152/1506 2151/2151/1505 2154/2154/1507 2155/2155/1508
f  2152/2152/1506 2155/2155/1508 2156/2156/1509 2153/2153/1081
f  2157/2157/1509 1441/1441/1085 1436/1436/1082 1435/1435/1081
f  2156/2156/1509 2155/2155/1508 2158/2158/1510 2159/2159/1511
f  2157/2157/1509 2160/2160/1511 2161/2161/1512 1441/1441/1085
f  2161/2161/1512 1446/1446/1090 1442/1442/1086 1441/1441/1085
f  2161/2161/1512 2160/2160/1511 2162/2162/1513 2163/2163/1514
f  2161/2161/1512 2163/2163/1514 2164/2164/1515 1446/1446/1090
f  2164/2164/1515 1451/1451/1095 1447/1447/1091 1446/1446/1090
f  2164/2164/1515 2163/2163/1514 2165/2165/1516 2166/2166/1517
f  2164/2164/1515 2166/2166/1517 2167/2167/1518 1451/1451/1095
f  2167/2167/1518 1456/1456/1100 1452/1452/1096 1451/1451/1095
f  2168/2168/1518 2169/2169/1517 2170/2170/1519 2171/2171/1520
f  2167/2167/1518 2172/2172/1520 2173/2173/1521 1456/1456/1100
f  2173/2173/1521 1461/1461/1105 1457/1457/1101 1456/1456/1100
f  2174/2174/1521 2171/2171/1520 2175/2175/1522 2176/2176/1523
f  2174/2174/1521 2176/2176/1523 2177/2177/1524 2178/2178/1105
f  2177/2177/1524 2179/2179/1110 2180/2180/1106 2178/2178/1105
f  2177/2177/1524 2176/2176/1523 2181/2181/1525 2182/2182/1526
f  2177/2177/1524 2182/2182/1526 2183/2183/1527 2179/2179/1110
f  2184/2184/1527 1474/1474/1115 1473/1473/1111 2185/2185/1110
f  2183/2183/1527 2182/2182/1526 2186/2186/1528 2187/2187/1529
f  2184/2184/1527 2188/2188/1529 2189/2189/1530 1474/1474/1115
f  2189/2189/1530 1479/1479/1120 1475/1475/1116 1474/1474/1115
f  2189/2189/1530 2188/2188/1529 2190/2190/1531 2191/2191/1532
f  2189/2189/1530 2191/2191/1532 2192/2192/1533 1479/1479/1120
f  2192/2192/1533 1484/1484/1125 1480/1480/1121 1479/1479/1120
f  2192/2192/1533 2191/2191/1532 2193/2193/1534 2194/2194/1535
f  2192/2192/1533 2194/2194/1535 2195/2195/1536 1484/1484/1125
f  2195/2195/1536 1489/1489/1130 1485/1485/1126 1484/1484/1125
f  2195/2195/1536 2194/2194/1535 2196/2196/1537 2197/2197/1538
f  2195/2195/1536 2197/2197/1538 2198/2198/1539 1489/1489/1130
f  2198/2198/1539 1494/1494/1135 1490/1490/1131 1489/1489/1130
f  2198/2198/1539 2197/2197/1538 479/479/401 486/486/408
f  2198/2198/1539 486/486/408 496/496/417 1494/1494/1135
f  2197/2197/1538 2196/2196/1537 480/480/402 479/479/401
f  2196/2196/1537 2194/2194/1535 2193/2193/1534 2199/2199/1540
f  2196/2196/1537 2199/2199/1540 2200/2200/1541 480/480/402
f  2200/2200/1541 2199/2199/1540 2201/2201/1542 2202/2202/1543
f  2200/2200/1541 2202/2202/1543 2203/2203/1544 2204/2204/1545
f  2200/2200/1541 2204/2204/1545 481/481/403 480/480/402
f  2204/2204/1545 2203/2203/1544 2205/2205/1546 2206/2206/1547
f  2204/2204/1545 2206/2206/1547 2207/2207/1548 481/481/403
f  2207/2207/1548 2208/2208/1549 482/482/404 481/481/403
f  2207/2207/1548 2206/2206/1547 2209/2209/1550 2210/2210/1551
f  2207/2207/1548 2210/2210/1551 2211/2211/1552 2208/2208/1549
f  2211/2211/1552 2212/2212/1553 2213/2213/1554 2208/2208/1549
f  2211/2211/1552 2210/2210/1551 2214/2214/1555 425/425/353
f  2211/2211/1552 425/425/353 424/424/352 2212/2212/1553
f  2214/2214/1555 2210/2210/1551 2209/2209/1550 2215/2215/1556
f  2214/2214/1555 2215/2215/1556 2216/2216/1557 2217/2217/1558
f  2214/2214/1555 2217/2217/1558 426/426/354 425/425/353
f  2218/2218/1558 2219/2219/1557 2220/2220/1559 2221/2221/1560
f  2218/2218/1558 2221/2221/1560 2222/2222/1561 2223/2223/354
f  2224/2224/1561 2225/2225/1562 421/421/349 426/426/354
f  2222/2222/1561 2221/2221/1560 2226/2226/1563 353/353/296
f  2222/2222/1561 353/353/296 355/355/298 2227/2227/1562
f  2226/2226/1563 2221/2221/1560 2220/2220/1559 2228/2228/1564
f  2226/2226/1563 2228/2228/1564 2229/2229/1565 2230/2230/1566
f  2226/2226/1563 2230/2230/1566 354/354/297 353/353/296
f  2230/2230/1566 2229/2229/1565 2231/2231/1567 2232/2232/1568
f  2230/2230/1566 2232/2232/1568 2233/2233/1569 354/354/297
f  2233/2233/1569 2234/2234/1570 350/350/293 354/354/297
f  2235/2235/1569 2236/2236/1568 2237/2237/1571 2238/2238/1572
f  2235/2235/1569 2238/2238/1572 2239/2239/1573 2240/2240/1570
f  2241/2241/1573 2242/2242/1574 2243/2243/340 2244/2244/1570
f  2239/2239/1573 2238/2238/1572 2245/2245/1575 2246/2246/1576
f  2241/2241/1573 2247/2247/1576 2248/2248/1577 2242/2242/1574
f  2249/2249/1577 2250/2250/1578 2251/2251/1579 2252/2252/1574
f  2248/2248/1577 2247/2247/1576 2253/2253/1580 2254/2254/1581
f  2248/2248/1577 2254/2254/1581 2255/2255/1582 2256/2256/1578
f  2257/2257/1582 2258/2258/343 2259/2259/335 2260/2260/1578
f  2255/2255/1582 2254/2254/1581 2261/2261/1583 2262/2262/1584
f  2257/2257/1582 2263/2263/1584 2264/2264/1585 2258/2258/343
f  2265/2265/1585 2266/2266/1586 409/409/342 410/410/343
f  2267/2267/1585 2268/2268/1584 2269/2269/1587 2270/2270/1588
f  2265/2265/1585 2271/2271/1588 2272/2272/1589 2266/2266/1586
f  2272/2272/1589 2273/2273/1590 396/396/333 2266/2266/1586
f  2272/2272/1589 2271/2271/1588 2274/2274/1591 2275/2275/1592
f  2272/2272/1589 2275/2275/1592 2276/2276/1593 2273/2273/1590
f  2277/2277/1593 2278/2278/1594 2279/2279/1595 2280/2280/1590
f  2276/2276/1593 2275/2275/1592 2281/2281/1596 2282/2282/1597
f  2276/2276/1593 2282/2282/1597 2283/2283/1598 2284/2284/1594
f  2283/2283/1598 2285/2285/1599 2286/2286/1600 2284/2284/1594
f  2283/2283/1598 2282/2282/1597 2287/2287/327 384/384/324
f  2288/2288/1598 2289/2289/324 2290/2290/323 2291/2291/1599
f  2286/2286/1600 2292/2292/1601 2293/2293/1602 2294/2294/1603
f  2286/2286/1600 2294/2294/1603 2295/2295/1595 2284/2284/1594
f  2286/2286/1600 2285/2285/1599 2296/2296/1604 2292/2292/1601
f  2296/2296/1604 2297/2297/1605 2298/2298/1606 2292/2292/1601
f  2296/2296/1604 2285/2285/1599 383/383/323 2299/2299/1607
f  2296/2296/1604 2299/2299/1607 2300/2300/1608 2297/2297/1605
f  2301/2301/1608 2302/2302/1609 2303/2303/1610 2304/2304/1605
f  2300/2300/1608 2299/2299/1607 2305/2305/1611 2306/2306/1612
f  2301/2301/1608 2307/2307/1612 2308/2308/1613 2302/2302/1609
f  2308/2308/1613 2309/2309/1614 2310/2310/1615 2302/2302/1609
f  2311/2311/1613 2312/2312/1612 2313/2313/1616 2314/2314/1617
f  2315/2315/1613 2316/2316/1617 2317/2317/1618 2318/2318/1614
f  2317/2317/1618 2319/2319/361 2320/2320/360 2318/2318/1614
f  2317/2317/1618 2316/2316/1617 454/454/378 453/453/377
f  2317/2317/1618 453/453/377 457/457/379 2319/2319/361
f  2314/2314/1617 2313/2313/1616 446/446/372 2321/2321/378
f  2322/2322/1616 2306/2306/1612 2305/2305/1611 2323/2323/1619
f  2313/2313/1616 2324/2324/1619 447/447/370 446/446/372
f  2323/2323/1619 2305/2305/1611 382/382/322 386/386/326
f  2325/2325/1619 2326/2326/326 443/443/371 442/442/370
f  2327/2327/1615 2328/2328/365 2329/2329/1620 2330/2330/1621
f  2310/2310/1615 2331/2331/1621 2303/2303/1610 2302/2302/1609
f  2327/2327/1615 2318/2318/1614 2320/2320/360 2328/2328/365
f  2332/2332/1621 2333/2333/1620 2334/2334/1622 2335/2335/1623
f  2331/2331/1621 2336/2336/1623 2337/2337/1624 2303/2303/1610
f  2337/2337/1624 2336/2336/1623 2338/2338/1625 2339/2339/1626
f  2340/2340/1624 2341/2341/1626 2342/2342/1627 2343/2343/1606
f  2337/2337/1624 2344/2344/1606 2304/2304/1605 2303/2303/1610
f  2345/2345/1627 2346/2346/1626 2347/2347/1628 2348/2348/1629
f  2349/2349/1627 2350/2350/1629 2351/2351/1630 2293/2293/1602
f  2349/2349/1627 2293/2293/1602 2292/2292/1601 2298/2298/1606
f  2351/2351/1630 2350/2350/1629 2352/2352/1631 2353/2353/1632
f  2351/2351/1630 2353/2353/1632 394/394/331 393/393/330
f  2351/2351/1630 393/393/330 2294/2294/1603 2293/2293/1602
f  2354/2354/1632 2355/2355/1631 2356/2356/1633 2357/2357/1634
f  2358/2358/1632 2359/2359/1634 2360/2360/1635 2361/2361/331
f  2362/2362/1635 2363/2363/1634 380/380/320 370/370/313
f  2362/2362/1635 370/370/313 369/369/312 2364/2364/1636
f  2360/2360/1635 2365/2365/1636 2366/2366/328 2361/2361/331
f  2367/2367/1636 2368/2368/1637 2369/2369/334 2370/2370/328
f  2364/2364/1636 369/369/312 2371/2371/1638 2372/2372/1637
f  2371/2371/1638 400/400/337 2373/2373/341 2372/2372/1637
f  2371/2371/1638 369/369/312 368/368/311 2374/2374/1639
f  2371/2371/1638 2374/2374/1639 401/401/338 400/400/337
f  2374/2374/1639 368/368/311 2375/2375/319 2376/2376/1640
f  2374/2374/1639 2376/2376/1640 2377/2377/1641 401/401/338
f  2377/2377/1641 2378/2378/1642 402/402/339 401/401/338
f  2379/2379/1641 2380/2380/1640 2381/2381/1643 2382/2382/1644
f  2379/2379/1641 2382/2382/1644 2383/2383/1645 2384/2384/1642
f  2383/2383/1645 2385/2385/1646 2386/2386/1647 2384/2384/1642
f  2383/2383/1645 2382/2382/1644 2387/2387/1648 2388/2388/1649
f  2383/2383/1645 2388/2388/1649 2389/2389/1650 2385/2385/1646
f  2389/2389/1650 2390/2390/1651 2391/2391/1652 2385/2385/1646
f  2389/2389/1650 2388/2388/1649 2392/2392/1653 268/268/223
f  2389/2389/1650 268/268/223 273/273/225 2390/2390/1651
f  2392/2392/1653 2388/2388/1649 2387/2387/1648 2393/2393/1654
f  2392/2392/1653 2393/2393/1654 2394/2394/1655 2395/2395/1656
f  2392/2392/1653 2395/2395/1656 269/269/224 268/268/223
f  2395/2395/1656 2394/2394/1655 2396/2396/1657 2397/2397/1658
f  2398/2398/1656 2399/2399/1658 2400/2400/1659 2401/2401/224
f  2402/2402/1659 2403/2403/1658 2404/2404/1660 2405/2405/1661
f  2406/2406/1659 2407/2407/1661 2408/2408/1662 2409/2409/1663
f  2400/2400/1659 2410/2410/1663 2411/2411/220 2401/2401/224
f  2412/2412/1663 2413/2413/1662 2414/2414/1664 2415/2415/1665
f  2412/2412/1663 2415/2415/1665 2416/2416/221 2417/2417/220
f  2415/2415/1665 2414/2414/1664 2418/2418/1666 2419/2419/1667
f  2415/2415/1665 2419/2419/1667 2420/2420/227 2416/2416/221
f  2421/2421/1667 2422/2422/1666 2423/2423/1668 2424/2424/1669
f  2421/2421/1667 2424/2424/1669 276/276/228 275/275/227
f  2424/2424/1669 2423/2423/1668 2425/2425/1670 2426/2426/1671
f  2424/2424/1669 2426/2426/1671 2427/2427/1672 276/276/228
f  2427/2427/1672 2426/2426/1671 2428/2428/1673 2429/2429/1674
f  2430/2430/1672 2431/2431/1674 2432/2432/1675 2433/2433/1676
f  2430/2430/1672 2433/2433/1676 2434/2434/229 2435/2435/228
f  2433/2433/1676 2432/2432/1675 2436/2436/1677 2437/2437/1678
f  2438/2438/1676 2439/2439/1678 2440/2440/1679 281/281/229
f  2440/2440/1679 2441/2441/1680 282/282/230 281/281/229
f  2442/2442/1679 2437/2437/1678 2443/2443/1681 2444/2444/1682
f  2445/2445/1679 2446/2446/1682 2447/2447/1683 2448/2448/1680
f  2447/2447/1683 2449/2449/1684 2450/2450/1685 2448/2448/1680
f  2447/2447/1683 2446/2446/1682 2451/2451/1686 2452/2452/1687
f  2447/2447/1683 2452/2452/1687 2453/2453/1688 2449/2449/1684
f  2453/2453/1688 2454/2454/1689 2455/2455/1690 2449/2449/1684
f  2453/2453/1688 2452/2452/1687 238/238/196 2456/2456/1691
f  2453/2453/1688 2456/2456/1691 2457/2457/1692 2454/2454/1689
f  2457/2457/1692 2458/2458/1693 2459/2459/1694 2454/2454/1689
f  2457/2457/1692 2456/2456/1691 257/257/212 2460/2460/1695
f  2457/2457/1692 2460/2460/1695 2461/2461/1696 2458/2458/1693
f  2461/2461/1696 2462/2462/1697 2463/2463/1698 2458/2458/1693
f  2461/2461/1696 2460/2460/1695 259/259/214 2464/2464/1699
f  2461/2461/1696 2464/2464/1699 2465/2465/1700 2462/2462/1697
f  2465/2465/1700 2466/2466/1701 2467/2467/1702 2462/2462/1697
f  2465/2465/1700 2464/2464/1699 2468/2468/1703 2469/2469/1704
f  2465/2465/1700 2469/2469/1704 2470/2470/1705 2466/2466/1701
f  2470/2470/1705 2471/2471/1706 2472/2472/1707 2466/2466/1701
f  2470/2470/1705 2469/2469/1704 2473/2473/1708 2474/2474/1709
f  2470/2470/1705 2474/2474/1709 2475/2475/1710 2471/2471/1706
f  2476/2476/1710 2477/2477/1711 2478/2478/1712 2479/2479/1706
f  2476/2476/1710 2480/2480/1709 2481/2481/1713 2482/2482/1714
f  2476/2476/1710 2482/2482/1714 2483/2483/1715 2477/2477/1711
f  2483/2483/1715 2484/2484/1716 2485/2485/1717 2477/2477/1711
f  2483/2483/1715 2482/2482/1714 2486/2486/1718 2487/2487/1719
f  2483/2483/1715 2487/2487/1719 2488/2488/1720 2484/2484/1716
f  2489/2489/1720 2490/2490/1721 2491/2491/1722 2492/2492/1716
f  2493/2493/1720 2494/2494/1719 2495/2495/1723 2496/2496/1724
f  2493/2493/1720 2496/2496/1724 2497/2497/1725 2498/2498/1721
f  2497/2497/1725 2499/2499/1726 2500/2500/1727 2498/2498/1721
f  2497/2497/1725 2496/2496/1724 2501/2501/1728 2502/2502/1729
f  2497/2497/1725 2502/2502/1729 2503/2503/1730 2499/2499/1726
f  2503/2503/1730 2504/2504/1731 2505/2505/1732 2499/2499/1726
f  2503/2503/1730 2502/2502/1729 2506/2506/1733 2507/2507/1734
f  2503/2503/1730 2507/2507/1734 2508/2508/1735 2504/2504/1731
f  2508/2508/1735 2507/2507/1734 118/118/92 117/117/91
f  2508/2508/1735 117/117/91 2509/2509/1736 2510/2510/1737
f  2508/2508/1735 2510/2510/1737 2511/2511/1738 2504/2504/1731
f  2511/2511/1738 2512/2512/1739 2505/2505/1732 2504/2504/1731
f  2511/2511/1738 2510/2510/1737 2513/2513/144 2514/2514/143
f  2511/2511/1738 2514/2514/143 2515/2515/146 2512/2512/1739
f  2512/2512/1739 2516/2516/1740 2517/2517/1741 2505/2505/1732
f  2512/2512/1739 2515/2515/146 2518/2518/1742 2516/2516/1740
f  2518/2518/1742 2519/2519/1743 2520/2520/1744 2516/2516/1740
f  2521/2521/1742 178/178/146 177/177/145 2522/2522/1745
f  2518/2518/1742 2523/2523/1745 2524/2524/1746 2519/2519/1743
f  2525/2525/1746 2526/2526/1747 2527/2527/1748 2528/2528/1743
f  2529/2529/1746 2522/2522/1745 2530/2530/1749 2531/2531/1750
f  2525/2525/1746 2532/2532/1750 2533/2533/1751 2526/2526/1747
f  2534/2534/1751 2535/2535/1752 2536/2536/1753 2537/2537/1747
f  2533/2533/1751 2532/2532/1750 2538/2538/1754 2539/2539/1755
f  2533/2533/1751 2539/2539/1755 2540/2540/1756 2541/2541/1752
f  2542/2542/1756 2543/2543/1757 2544/2544/1758 2535/2535/1752
f  2540/2540/1756 2539/2539/1755 2545/2545/1759 2546/2546/1760
f  2542/2542/1756 2547/2547/1760 2548/2548/1761 2543/2543/1757
f  2548/2548/1761 2549/2549/1762 2550/2550/1763 2543/2543/1757
f  2551/2551/1761 2552/2552/1760 2553/2553/1764 2554/2554/1765
f  2555/2555/1761 2556/2556/1765 2557/2557/1766 2558/2558/1762
f  2557/2557/1766 2559/2559/1767 2560/2560/1768 2558/2558/1762
f  2557/2557/1766 2556/2556/1765 2561/2561/1278 1704/1704/1276
f  2557/2557/1766 1704/1704/1276 1700/1700/1274 2559/2559/1767
f  2560/2560/1768 2562/2562/1769 2563/2563/1770 2564/2564/1771
f  2560/2560/1768 2564/2564/1771 2565/2565/1763 2558/2558/1762
f  2560/2560/1768 2559/2559/1767 2566/2566/1772 2562/2562/1769
f  2567/2567/1772 2568/2568/1773 2569/2569/1774 2570/2570/1769
f  2566/2566/1772 2559/2559/1767 1700/1700/1274 1699/1699/1273
f  2567/2567/1772 1697/1697/1273 1696/1696/1272 2568/2568/1773
f  2569/2569/1774 2571/2571/1775 2572/2572/1776 2573/2573/1777
f  2569/2569/1774 2573/2573/1777 2574/2574/1770 2570/2570/1769
f  2569/2569/1774 2568/2568/1773 2575/2575/1778 2571/2571/1775
f  2576/2576/1778 2577/2577/1779 2578/2578/1780 2579/2579/1775
f  2575/2575/1778 2568/2568/1773 1696/1696/1272 2580/2580/1781
f  2576/2576/1778 2581/2581/1781 2582/2582/1782 2577/2577/1779
f  2582/2582/1782 2583/2583/1783 2584/2584/1784 2577/2577/1779
f  2582/2582/1782 2581/2581/1781 2585/2585/1269 2586/2586/1785
f  2582/2582/1782 2586/2586/1785 2587/2587/1786 2583/2583/1783
f  2587/2587/1786 2588/2588/1787 2589/2589/1788 2583/2583/1783
f  2587/2587/1786 2586/2586/1785 2590/2590/1789 2591/2591/1790
f  2587/2587/1786 2591/2591/1790 2592/2592/1791 2588/2588/1787
f  2592/2592/1791 2593/2593/1792 2594/2594/1793 2588/2588/1787
f  2592/2592/1791 2591/2591/1790 2595/2595/1794 2596/2596/1795
f  2597/2597/1791 2598/2598/1795 2599/2599/1796 2600/2600/1792
f  2601/2601/1796 2602/2602/1797 2603/2603/1798 2604/2604/1799
f  2599/2599/1796 2605/2605/1799 2606/2606/1800 2600/2600/1792
f  2599/2599/1796 2598/2598/1795 2607/2607/1801 2608/2608/1797
f  2609/2609/1801 2610/2610/1802 2611/2611/1803 2612/2612/1797
f  2607/2607/1801 2598/2598/1795 2613/2613/1794 2614/2614/1804
f  2609/2609/1801 2615/2615/1804 2616/2616/1805 2610/2610/1802
f  2616/2616/1805 2615/2615/1804 2617/2617/1806 1676/1676/1260
f  2616/2616/1805 1676/1676/1260 1674/1674/1258 1673/1673/1257
f  2616/2616/1805 1673/1673/1257 2618/2618/1807 2610/2610/1802
f  2618/2618/1807 2619/2619/1808 2611/2611/1803 2610/2610/1802
f  2618/2618/1807 1673/1673/1257 1671/1671/1255 1667/1667/1251
f  2618/2618/1807 1667/1667/1251 1666/1666/1250 2619/2619/1808
f  2619/2619/1808 1666/1666/1250 150/150/121 149/149/120
f  2619/2619/1808 149/149/120 2620/2620/1809 2611/2611/1803
f  2620/2620/1809 149/149/120 148/148/119 2621/2621/1810
f  2620/2620/1809 2621/2621/1810 2622/2622/1811 2623/2623/1798
f  2620/2620/1809 2623/2623/1798 2612/2612/1797 2611/2611/1803
f  2622/2622/1811 2621/2621/1810 2624/2624/1812 2625/2625/1813
f  2622/2622/1811 2625/2625/1813 2626/2626/1814 2627/2627/1815
f  2622/2622/1811 2627/2627/1815 2628/2628/1799 2623/2623/1798
f  2629/2629/1815 2630/2630/1814 2631/2631/1816 2632/2632/1817
f  2633/2633/1815 2634/2634/1817 2606/2606/1800 2605/2605/1799
f  2635/2635/1817 2636/2636/1816 140/140/111 139/139/110
f  2635/2635/1817 139/139/110 143/143/114 2637/2637/1800
f  2631/2631/1816 2630/2630/1814 2638/2638/1818 2639/2639/1819
f  2636/2636/1816 2640/2640/1819 2641/2641/1820 140/140/111
f  2641/2641/1820 2640/2640/1819 2642/2642/1821 2643/2643/1822
f  2641/2641/1820 2643/2643/1822 2644/2644/1823 2645/2645/1824
f  2641/2641/1820 2645/2645/1824 141/141/112 140/140/111
f  2645/2645/1824 2644/2644/1823 2646/2646/1825 2647/2647/1826
f  2645/2645/1824 2647/2647/1826 144/144/115 141/141/112
f  2647/2647/1826 2646/2646/1825 2648/2648/1827 2649/2649/1828
f  2647/2647/1826 2649/2649/1828 2650/2650/1829 144/144/115
f  2650/2650/1829 2649/2649/1828 2651/2651/1830 2652/2652/1831
f  2650/2650/1829 2652/2652/1831 2653/2653/1788 2654/2654/1832
f  2650/2650/1829 2654/2654/1832 142/142/113 144/144/115
f  2654/2654/1832 2653/2653/1788 2655/2655/1787 2656/2656/1793
f  2654/2654/1832 2656/2656/1793 143/143/114 142/142/113
f  2652/2652/1831 2651/2651/1830 2657/2657/1833 2658/2658/1784
f  2659/2659/1831 2584/2584/1784 2583/2583/1783 2589/2589/1788
f  2657/2657/1833 2651/2651/1830 2660/2660/1834 2661/2661/1835
f  2657/2657/1833 2661/2661/1835 2662/2662/1836 2663/2663/1780
f  2657/2657/1833 2663/2663/1780 2664/2664/1779 2658/2658/1784
f  2665/2665/1836 2666/2666/1835 2667/2667/1837 2668/2668/1838
f  2665/2665/1836 2668/2668/1838 2669/2669/1839 2670/2670/1776
f  2662/2662/1836 2572/2572/1776 2571/2571/1775 2663/2663/1780
f  2669/2669/1839 2668/2668/1838 2671/2671/1840 2672/2672/1841
f  2669/2669/1839 2672/2672/1841 2673/2673/1842 2674/2674/1843
f  2669/2669/1839 2674/2674/1843 2675/2675/1777 2670/2670/1776
f  2676/2676/1843 2677/2677/1842 2678/2678/1844 2679/2679/1845
f  2676/2676/1843 2679/2679/1845 2574/2574/1770 2573/2573/1777
f  2680/2680/1845 2681/2681/1844 2682/2682/1846 2683/2683/1847
f  2680/2680/1845 2683/2683/1847 2564/2564/1771 2563/2563/1770
f  2683/2683/1847 2682/2682/1846 2684/2684/1848 2685/2685/1849
f  2683/2683/1847 2685/2685/1849 2565/2565/1763 2564/2564/1771
f  2686/2686/1849 2687/2687/1848 2688/2688/1850 2544/2544/1758
f  2686/2686/1849 2544/2544/1758 2543/2543/1757 2550/2550/1763
f  2688/2688/1850 2687/2687/1848 2689/2689/1851 2690/2690/1852
f  2688/2688/1850 2690/2690/1852 2691/2691/1853 2536/2536/1753
f  2688/2688/1850 2536/2536/1753 2535/2535/1752 2544/2544/1758
f  2692/2692/1853 2693/2693/1852 2694/2694/1854 2695/2695/1855
f  2692/2692/1853 2695/2695/1855 2696/2696/1856 2697/2697/1748
f  2691/2691/1853 2698/2698/1748 2537/2537/1747 2536/2536/1753
f  2696/2696/1856 2695/2695/1855 2699/2699/1857 2700/2700/1858
f  2696/2696/1856 2700/2700/1858 2701/2701/1859 2520/2520/1744
f  2696/2696/1856 2520/2520/1744 2519/2519/1743 2697/2697/1748
f  2701/2701/1859 2700/2700/1858 2702/2702/1860 2703/2703/1861
f  2704/2704/1859 2705/2705/1861 2706/2706/1727 2707/2707/1741
f  2701/2701/1859 2517/2517/1741 2516/2516/1740 2520/2520/1744
f  2705/2705/1861 2708/2708/1860 2709/2709/1862 2491/2491/1722
f  2705/2705/1861 2491/2491/1722 2490/2490/1721 2706/2706/1727
f  2710/2710/1862 2702/2702/1860 2711/2711/1863 2712/2712/1864
f  2710/2710/1862 2712/2712/1864 2713/2713/1865 2714/2714/1717
f  2709/2709/1862 2715/2715/1717 2492/2492/1716 2491/2491/1722
f  2713/2713/1865 2712/2712/1864 2716/2716/1866 2717/2717/1867
f  2713/2713/1865 2717/2717/1867 2718/2718/1868 2719/2719/1712
f  2713/2713/1865 2719/2719/1712 2720/2720/1711 2714/2714/1717
f  2718/2718/1868 2717/2717/1867 2721/2721/1869 2722/2722/1870
f  2718/2718/1868 2722/2722/1870 2723/2723/1871 2472/2472/1707
f  2718/2718/1868 2472/2472/1707 2471/2471/1706 2719/2719/1712
f  2723/2723/1871 2722/2722/1870 2724/2724/1872 2725/2725/1873
f  2723/2723/1871 2725/2725/1873 2726/2726/1874 2467/2467/1702
f  2723/2723/1871 2467/2467/1702 2466/2466/1701 2472/2472/1707
f  2726/2726/1874 2725/2725/1873 2727/2727/1875 2728/2728/1876
f  2726/2726/1874 2728/2728/1876 2729/2729/1877 2463/2463/1698
f  2726/2726/1874 2463/2463/1698 2462/2462/1697 2467/2467/1702
f  2729/2729/1877 2728/2728/1876 2730/2730/1878 2731/2731/1879
f  2729/2729/1877 2731/2731/1879 2732/2732/1880 2459/2459/1694
f  2729/2729/1877 2459/2459/1694 2458/2458/1693 2463/2463/1698
f  2733/2733/1880 2734/2734/1879 2735/2735/1881 2736/2736/1882
f  2733/2733/1880 2736/2736/1882 2737/2737/1883 2738/2738/1690
f  2732/2732/1880 2455/2455/1690 2454/2454/1689 2459/2459/1694
f  2737/2737/1883 2736/2736/1882 2739/2739/1884 2740/2740/1885
f  2737/2737/1883 2740/2740/1885 2741/2741/1886 2742/2742/1685
f  2743/2743/1883 2450/2450/1685 2449/2449/1684 2455/2455/1690
f  2741/2741/1886 2740/2740/1885 2744/2744/1887 2745/2745/1888
f  2741/2741/1886 2745/2745/1888 272/272/222 282/282/230
f  2741/2741/1886 282/282/230 2441/2441/1680 2742/2742/1685
f  2745/2745/1888 2744/2744/1887 2746/2746/1889 2747/2747/1890
f  2745/2745/1888 2747/2747/1890 273/273/225 272/272/222
f  2747/2747/1890 2746/2746/1889 2748/2748/1891 2749/2749/1892
f  2747/2747/1890 2749/2749/1892 2390/2390/1651 273/273/225
f  2749/2749/1892 2748/2748/1891 2750/2750/1893 2751/2751/1894
f  2749/2749/1892 2751/2751/1894 2391/2391/1652 2390/2390/1651
f  2751/2751/1894 2750/2750/1893 2752/2752/1895 2753/2753/1896
f  2751/2751/1894 2753/2753/1896 2754/2754/1897 2391/2391/1652
f  2755/2755/1897 2756/2756/1896 2757/2757/1898 2758/2758/1899
f  2755/2755/1897 2758/2758/1899 2759/2759/1900 2760/2760/1647
f  2754/2754/1897 2386/2386/1647 2385/2385/1646 2391/2391/1652
f  2759/2759/1900 2758/2758/1899 2761/2761/1901 352/352/295
f  2759/2759/1900 352/352/295 351/351/294 402/402/339
f  2759/2759/1900 402/402/339 2378/2378/1642 2760/2760/1647
f  2761/2761/1901 2762/2762/1902 2763/2763/1903 2764/2764/1904
f  2761/2761/1901 2764/2764/1904 355/355/298 352/352/295
f  2761/2761/1901 2758/2758/1899 2757/2757/1898 2762/2762/1902
f  2764/2764/1904 2763/2763/1903 2765/2765/1905 2766/2766/1906
f  2764/2764/1904 2766/2766/1906 2227/2227/1562 355/355/298
f  2767/2767/1906 2768/2768/1905 348/348/291 345/345/288
f  2767/2767/1906 345/345/288 421/421/349 2225/2225/1562
f  2768/2768/1905 2769/2769/1907 2770/2770/1908 348/348/291
f  2765/2765/1905 2763/2763/1903 2771/2771/1909 2772/2772/1907
f  2771/2771/1909 2773/2773/1910 2774/2774/1911 2772/2772/1907
f  2771/2771/1909 2763/2763/1903 2762/2762/1902 2775/2775/1912
f  2771/2771/1909 2775/2775/1912 2776/2776/1913 2773/2773/1910
f  2776/2776/1913 2777/2777/1914 2778/2778/1915 2773/2773/1910
f  2776/2776/1913 2775/2775/1912 2779/2779/1916 2780/2780/1917
f  2776/2776/1913 2780/2780/1917 2781/2781/1918 2777/2777/1914
f  2781/2781/1918 2782/2782/1919 2783/2783/1920 2777/2777/1914
f  2784/2784/1918 2785/2785/1917 2786/2786/1921 2787/2787/1922
f  2784/2784/1918 2787/2787/1922 2788/2788/1923 2789/2789/1919
f  2788/2788/1923 2790/2790/1924 2791/2791/1925 2789/2789/1919
f  2788/2788/1923 2787/2787/1922 2792/2792/1926 2793/2793/1927
f  2788/2788/1923 2793/2793/1927 2794/2794/1928 2790/2790/1924
f  2794/2794/1928 2795/2795/1929 2796/2796/1930 2790/2790/1924
f  2794/2794/1928 2793/2793/1927 2797/2797/1931 2798/2798/1932
f  2794/2794/1928 2798/2798/1932 2799/2799/1933 2795/2795/1929
f  2799/2799/1933 2800/2800/1934 2801/2801/1935 2795/2795/1929
f  2799/2799/1933 2798/2798/1932 2802/2802/1936 2803/2803/1937
f  2799/2799/1933 2803/2803/1937 2804/2804/1938 2800/2800/1934
f  2804/2804/1938 2805/2805/1939 2806/2806/1940 2800/2800/1934
f  2804/2804/1938 2803/2803/1937 2807/2807/1941 2808/2808/1942
f  2804/2804/1938 2808/2808/1942 2809/2809/1943 2805/2805/1939
f  2809/2809/1943 2810/2810/1944 2811/2811/1945 2805/2805/1939
f  2809/2809/1943 2808/2808/1942 198/198/162 197/197/161
f  2809/2809/1943 197/197/161 203/203/165 2810/2810/1944
f  2811/2811/1945 300/300/248 2812/2812/1946 2813/2813/1947
f  2811/2811/1945 2813/2813/1947 2806/2806/1940 2805/2805/1939
f  2811/2811/1945 2810/2810/1944 298/298/246 300/300/248
f  2813/2813/1947 2812/2812/1946 2814/2814/1948 2815/2815/1949
f  2813/2813/1947 2815/2815/1949 2816/2816/1950 2806/2806/1940
f  2816/2816/1950 2815/2815/1949 2817/2817/1951 2818/2818/1952
f  2816/2816/1950 2818/2818/1952 2819/2819/1953 2801/2801/1935
f  2816/2816/1950 2801/2801/1935 2800/2800/1934 2806/2806/1940
f  2819/2819/1953 2818/2818/1952 2820/2820/1954 2821/2821/1955
f  2819/2819/1953 2821/2821/1955 2822/2822/1956 2796/2796/1930
f  2819/2819/1953 2796/2796/1930 2795/2795/1929 2801/2801/1935
f  2822/2822/1956 2821/2821/1955 2823/2823/1957 2824/2824/1958
f  2822/2822/1956 2824/2824/1958 2825/2825/1959 2791/2791/1925
f  2822/2822/1956 2791/2791/1925 2790/2790/1924 2796/2796/1930
f  2826/2826/1959 2827/2827/1958 2828/2828/1960 2829/2829/1961
f  2826/2826/1959 2829/2829/1961 2830/2830/1962 2783/2783/1920
f  2825/2825/1959 2831/2831/1920 2789/2789/1919 2791/2791/1925
f  2832/2832/1962 2833/2833/1961 316/316/262 315/315/261
f  2830/2830/1962 2834/2834/261 2835/2835/263 2778/2778/1915
f  2830/2830/1962 2778/2778/1915 2777/2777/1914 2783/2783/1920
f  2829/2829/1961 2828/2828/1960 2836/2836/1963 2837/2837/262
f  2838/2838/1963 2839/2839/1964 2840/2840/1965 322/322/268
f  2838/2838/1963 322/322/268 312/312/258 316/316/262
f  2836/2836/1963 2828/2828/1960 2841/2841/1966 2842/2842/1964
f  2843/2843/1966 2844/2844/1967 2845/2845/1968 2839/2839/1964
f  2841/2841/1966 2828/2828/1960 2827/2827/1958 2846/2846/1957
f  2847/2847/1966 2848/2848/1957 2849/2849/1969 2850/2850/1967
f  2849/2849/1969 1578/1578/1198 1577/1577/1196 2850/2850/1967
f  2849/2849/1969 2848/2848/1957 2851/2851/1955 2852/2852/1954
f  2849/2849/1969 2852/2852/1954 2853/2853/1970 1578/1578/1198
f  2853/2853/1970 1587/1587/1202 1579/1579/1199 1578/1578/1198
f  2853/2853/1970 2852/2852/1954 2854/2854/1952 2855/2855/1951
f  2853/2853/1970 2855/2855/1951 2856/2856/1971 1587/1587/1202
f  2856/2856/1971 1594/1594/1207 1588/1588/1203 1587/1587/1202
f  2856/2856/1971 2855/2855/1951 2857/2857/1949 2858/2858/1948
f  2856/2856/1971 2858/2858/1948 2859/2859/1972 1594/1594/1207
f  2859/2859/1972 1602/1602/1212 1595/1595/1208 1594/1594/1207
f  2859/2859/1972 2858/2858/1948 2860/2860/1946 2861/2861/1973
f  2859/2859/1972 2861/2861/1973 2862/2862/1974 1602/1602/1212
f  2863/2863/1974 1611/1611/1217 1610/1610/1213 2864/2864/1212
f  2865/2865/1974 2866/2866/1973 297/297/245 296/296/244
f  2867/2867/1974 2868/2868/244 2869/2869/1975 2870/2870/1217
f  2869/2869/1975 1619/1619/1222 1618/1618/1218 2870/2870/1217
f  2871/2871/1975 296/296/244 295/295/243 2872/2872/1976
f  2869/2869/1975 2873/2873/1976 2874/2874/1977 1619/1619/1222
f  2875/2875/1977 2876/2876/1976 2877/2877/1978 2878/2878/1979
f  2879/2879/1977 2880/2880/1979 2881/2881/1980 1627/1627/1227
f  2874/2874/1977 2882/2882/1227 1620/1620/1223 1619/1619/1222
f  2881/2881/1980 2880/2880/1979 2883/2883/163 2884/2884/1981
f  2881/2881/1980 2884/2884/1981 2885/2885/1982 1634/1634/1232
f  2881/2881/1980 1634/1634/1232 1628/1628/1228 1627/1627/1227
f  2885/2885/1982 2884/2884/1981 206/206/167 2886/2886/1983
f  2887/2887/1982 2888/2888/1983 2889/2889/1984 1640/1640/1235
f  2885/2885/1982 2890/2890/1235 1635/1635/1233 1634/1634/1232
f  2889/2889/1984 2888/2888/1983 2891/2891/1985 2892/2892/1986
f  2889/2889/1984 2892/2892/1986 2893/2893/1987 1645/1645/1238
f  2889/2889/1984 1645/1645/1238 1641/1641/1236 1640/1640/1235
f  2894/2894/1987 2895/2895/1986 2896/2896/1988 2897/2897/1989
f  2894/2894/1987 2897/2897/1989 2898/2898/77 2899/2899/1990
f  2893/2893/1987 2900/2900/1990 1646/1646/1239 1645/1645/1238
f  2900/2900/1990 2901/2901/77 2902/2902/76 2903/2903/1991
f  2900/2900/1990 2903/2903/1991 1647/1647/1240 1646/1646/1239
f  2903/2903/1991 2902/2902/76 2904/2904/1992 2905/2905/1993
f  2906/2906/1991 2907/2907/1993 1652/1652/1242 2908/2908/1240
f  2907/2907/1993 2909/2909/1992 2910/2910/1818 2911/2911/1994
f  2907/2907/1993 2911/2911/1994 1653/1653/1244 1652/1652/1242
f  2911/2911/1994 2910/2910/1818 2626/2626/1814 2625/2625/1813
f  2911/2911/1994 2625/2625/1813 2624/2624/1812 1653/1653/1244
f  2912/2912/1992 2913/2913/76 2914/2914/75 2915/2915/1821
f  2912/2912/1992 2915/2915/1821 2639/2639/1819 2638/2638/1818
f  2916/2916/1988 2917/2917/1986 2918/2918/1985 2919/2919/1995
f  2920/2920/1988 2921/2921/1995 2922/2922/1996 2923/2923/1997
f  2920/2920/1988 2923/2923/1997 2924/2924/1998 2925/2925/1989
f  2923/2923/1997 2922/2922/1996 2926/2926/1999 2927/2927/2000
f  2923/2923/1997 2927/2927/2000 2928/2928/2001 2924/2924/1998
f  2928/2928/2001 164/164/132 2929/2929/2002 2924/2924/1998
f  2928/2928/2001 2927/2927/2000 2930/2930/2003 2931/2931/2004
f  2928/2928/2001 2931/2931/2004 165/165/133 164/164/132
f  2931/2931/2004 2930/2930/2003 2667/2667/1837 2932/2932/2005
f  2931/2931/2004 2932/2932/2005 166/166/134 165/165/133
f  2932/2932/2005 2667/2667/1837 2666/2666/1835 2933/2933/1834
f  2934/2934/2005 2660/2660/1834 2648/2648/1827 2935/2935/134
f  2930/2930/2003 2927/2927/2000 2926/2926/1999 2671/2671/1840
f  2930/2930/2003 2671/2671/1840 2668/2668/1838 2667/2667/1837
f  2926/2926/1999 2922/2922/1996 2936/2936/2006 2937/2937/2007
f  2926/2926/1999 2937/2937/2007 2672/2672/1841 2671/2671/1840
f  2937/2937/2007 2936/2936/2006 2938/2938/2008 2939/2939/2009
f  2937/2937/2007 2939/2939/2009 2673/2673/1842 2672/2672/1841
f  2940/2940/2009 2941/2941/2008 2942/2942/2010 2943/2943/2011
f  2944/2944/2009 2945/2945/2011 2678/2678/1844 2677/2677/1842
f  2943/2943/2011 2942/2942/2010 2946/2946/2012 2947/2947/2013
f  2943/2943/2011 2947/2947/2013 2682/2682/1846 2681/2681/1844
f  2948/2948/2013 2949/2949/2012 2950/2950/2014 2951/2951/1851
f  2948/2948/2013 2951/2951/1851 2952/2952/1848 2953/2953/1846
f  2950/2950/2014 2949/2949/2012 2954/2954/2015 2955/2955/2016
f  2950/2950/2014 2955/2955/2016 2956/2956/2017 2694/2694/1854
f  2950/2950/2014 2694/2694/1854 2693/2693/1852 2951/2951/1851
f  2956/2956/2017 2955/2955/2016 2957/2957/2018 2958/2958/2019
f  2959/2959/2017 2960/2960/2019 2961/2961/1863 2962/2962/1857
f  2956/2956/2017 2699/2699/1857 2695/2695/1855 2694/2694/1854
f  2958/2958/2019 2957/2957/2018 2963/2963/2020 2716/2716/1866
f  2958/2958/2019 2716/2716/1866 2712/2712/1864 2711/2711/1863
f  2963/2963/2020 2957/2957/2018 2964/2964/2021 2965/2965/2022
f  2963/2963/2020 2965/2965/2022 2966/2966/2023 2721/2721/1869
f  2963/2963/2020 2721/2721/1869 2717/2717/1867 2716/2716/1866
f  2966/2966/2023 2965/2965/2022 2967/2967/2024 2968/2968/2025
f  2966/2966/2023 2968/2968/2025 2969/2969/2026 2724/2724/1872
f  2966/2966/2023 2724/2724/1872 2722/2722/1870 2721/2721/1869
f  2969/2969/2026 2968/2968/2025 192/192/157 2970/2970/2027
f  2969/2969/2026 2970/2970/2027 2971/2971/2028 2727/2727/1875
f  2969/2969/2026 2727/2727/1875 2725/2725/1873 2724/2724/1872
f  2972/2972/2028 2973/2973/2027 2974/2974/2029 2975/2975/2030
f  2972/2972/2028 2975/2975/2030 2976/2976/2031 2977/2977/1878
f  2971/2971/2028 2730/2730/1878 2728/2728/1876 2727/2727/1875
f  2976/2976/2031 2975/2975/2030 2978/2978/2032 2979/2979/2033
f  2976/2976/2031 2979/2979/2033 2980/2980/2034 2735/2735/1881
f  2976/2976/2031 2735/2735/1881 2734/2734/1879 2977/2977/1878
f  2980/2980/2034 2979/2979/2033 2981/2981/2035 2982/2982/2036
f  2980/2980/2034 2982/2982/2036 2983/2983/2037 2739/2739/1884
f  2980/2980/2034 2739/2739/1884 2736/2736/1882 2735/2735/1881
f  2983/2983/2037 2982/2982/2036 2984/2984/2038 2985/2985/2039
f  2983/2983/2037 2985/2985/2039 2746/2746/1889 2744/2744/1887
f  2983/2983/2037 2744/2744/1887 2740/2740/1885 2739/2739/1884
f  2985/2985/2039 2984/2984/2038 2986/2986/2040 2987/2987/2041
f  2985/2985/2039 2987/2987/2041 2748/2748/1891 2746/2746/1889
f  2987/2987/2041 2986/2986/2040 2792/2792/1926 2988/2988/2042
f  2987/2987/2041 2988/2988/2042 2750/2750/1893 2748/2748/1891
f  2988/2988/2042 2792/2792/1926 2787/2787/1922 2786/2786/1921
f  2988/2988/2042 2786/2786/1921 2752/2752/1895 2750/2750/1893
f  2986/2986/2040 2797/2797/1931 2793/2793/1927 2792/2792/1926
f  2986/2986/2040 2984/2984/2038 2989/2989/2043 2797/2797/1931
f  2989/2989/2043 2802/2802/1936 2798/2798/1932 2797/2797/1931
f  2989/2989/2043 2984/2984/2038 2982/2982/2036 2981/2981/2035
f  2989/2989/2043 2981/2981/2035 2990/2990/2044 2802/2802/1936
f  2990/2990/2044 2807/2807/1941 2803/2803/1937 2802/2802/1936
f  2990/2990/2044 2981/2981/2035 2979/2979/2033 2978/2978/2032
f  2990/2990/2044 2978/2978/2032 2991/2991/2045 2807/2807/1941
f  2991/2991/2045 198/198/162 2808/2808/1942 2807/2807/1941
f  2991/2991/2045 2978/2978/2032 2975/2975/2030 2974/2974/2029
f  2991/2991/2045 2974/2974/2029 199/199/156 198/198/162
f  2974/2974/2029 2973/2973/2027 2992/2992/157 199/199/156
f  2968/2968/2025 2967/2967/2024 193/193/158 192/192/157
f  2967/2967/2024 2993/2993/170 194/194/159 193/193/158
f  2967/2967/2024 2965/2965/2022 2964/2964/2021 2993/2993/170
f  2964/2964/2021 2954/2954/2015 2994/2994/171 2993/2993/170
f  2964/2964/2021 2957/2957/2018 2955/2955/2016 2954/2954/2015
f  2995/2995/2015 2946/2946/2012 2942/2942/2010 213/213/171
f  2942/2942/2010 2941/2941/2008 209/209/168 213/213/171
f  2938/2938/2008 2936/2936/2006 2996/2996/169 2997/2997/168
f  2936/2936/2006 2922/2922/1996 2921/2921/1995 2996/2996/169
f  2919/2919/1995 2918/2918/1985 2998/2998/166 2999/2999/169
f  3000/3000/1985 2886/2886/1983 206/206/167 205/205/166
f  2884/2884/1981 2883/2883/163 207/207/160 206/206/167
f  2878/2878/1979 2877/2877/1978 201/201/164 200/200/163
f  3001/3001/1978 2872/2872/1976 295/295/243 299/299/247
f  3001/3001/1978 299/299/247 203/203/165 202/202/164
f  2866/2866/1973 2812/2812/1946 300/300/248 297/297/245
f  2845/2845/1968 1571/1571/1195 1570/1570/1194 3002/3002/2046
f  2845/2845/1968 3002/3002/2046 2840/2840/1965 2839/2839/1964
f  2845/2845/1968 2844/2844/1967 1572/1572/1196 1571/1571/1195
f  3002/3002/2046 1570/1570/1194 3003/3003/2047 3004/3004/2048
f  3002/3002/2046 3004/3004/2048 3005/3005/2049 2840/2840/1965
f  3005/3005/2049 3004/3004/2048 3006/3006/2050 3007/3007/2051
f  3005/3005/2049 3007/3007/2051 319/319/265 318/318/264
f  3005/3005/2049 318/318/264 322/322/268 2840/2840/1965
f  3007/3007/2051 3006/3006/2050 3008/3008/2052 3009/3009/2053
f  3010/3010/2051 3011/3011/2053 3012/3012/2054 3013/3013/265
f  3014/3014/2054 3015/3015/2053 3016/3016/2055 3017/3017/2056
f  3018/3018/2054 3019/3019/2056 3020/3020/2057 3021/3021/2058
f  3022/3022/2054 3023/3023/2058 320/320/266 319/319/265
f  3021/3021/2058 3020/3020/2057 3024/3024/2059 3025/3025/2060
f  3023/3023/2058 3026/3026/2060 3027/3027/2061 320/320/266
f  3027/3027/2061 3026/3026/2060 334/334/277 341/341/284
f  3027/3027/2061 341/341/284 3028/3028/2062 3029/3029/2063
f  3027/3027/2061 3029/3029/2063 321/321/267 320/320/266
f  3029/3029/2063 3028/3028/2062 346/346/289 3030/3030/2064
f  3029/3029/2063 3030/3030/2064 323/323/269 321/321/267
f  3030/3030/2064 346/346/289 348/348/291 2770/2770/1908
f  3030/3030/2064 2770/2770/1908 3031/3031/2065 323/323/269
f  3031/3031/2065 314/314/260 313/313/259 323/323/269
f  3031/3031/2065 2770/2770/1908 2769/2769/1907 3032/3032/1911
f  3031/3031/2065 3032/3032/1911 317/317/263 314/314/260
f  3028/3028/2062 341/341/284 340/340/283 3033/3033/2066
f  3028/3028/2062 3033/3033/2066 347/347/290 346/346/289
f  3033/3033/2066 340/340/283 3034/3034/2067 3035/3035/2068
f  3033/3033/2066 3035/3035/2068 3036/3036/347 347/347/290
f  3037/3037/2068 3038/3038/2067 3039/3039/2069 515/515/432
f  3037/3037/2068 515/515/432 514/514/431 3040/3040/347
f  3039/3039/2069 3041/3041/2070 510/510/427 515/515/432
f  3039/3039/2069 3038/3038/2067 3042/3042/2071 3043/3043/2072
f  3039/3039/2069 3043/3043/2072 3044/3044/2073 3041/3041/2070
f  3045/3045/2073 3046/3046/2074 3047/3047/2075 3048/3048/2070
f  3044/3044/2073 3043/3043/2072 506/506/424 505/505/423
f  3045/3045/2073 3049/3049/423 3050/3050/2076 3046/3046/2074
f  3050/3050/2076 3051/3051/2077 3052/3052/2078 3046/3046/2074
f  3050/3050/2076 3049/3049/423 3053/3053/422 3054/3054/2079
f  3050/3050/2076 3054/3054/2079 3055/3055/2080 3051/3051/2077
f  3055/3055/2080 3056/3056/2081 3057/3057/2082 3051/3051/2077
f  3055/3055/2080 3054/3054/2079 3058/3058/2083 3059/3059/2084
f  3055/3055/2080 3059/3059/2084 3060/3060/2085 3056/3056/2081
f  3060/3060/2085 3061/3061/2086 3062/3062/2087 3056/3056/2081
f  3060/3060/2085 3059/3059/2084 3063/3063/2088 3064/3064/2089
f  3060/3060/2085 3064/3064/2089 3065/3065/2090 3061/3061/2086
f  3065/3065/2090 3066/3066/2091 3067/3067/2092 3061/3061/2086
f  3068/3068/2090 3069/3069/2089 3070/3070/2093 3071/3071/2094
f  3068/3068/2090 3071/3071/2094 3072/3072/2095 3073/3073/2091
f  3074/3074/2095 3075/3075/2096 3076/3076/2097 3066/3066/2091
f  3072/3072/2095 3071/3071/2094 3077/3077/2098 3078/3078/2099
f  3072/3072/2095 3078/3078/2099 3079/3079/2100 3080/3080/2096
f  3079/3079/2100 3081/3081/2101 3082/3082/2102 3080/3080/2096
f  3083/3083/2100 3084/3084/2099 3085/3085/2103 3086/3086/2104
f  3083/3083/2100 3086/3086/2104 3087/3087/393 3088/3088/2101
f  3086/3086/2104 3085/3085/2103 3089/3089/2105 3090/3090/2106
f  3091/3091/2104 3092/3092/2106 466/466/388 471/471/393
f  3092/3092/2106 3093/3093/2105 3094/3094/2107 3095/3095/2108
f  3092/3092/2106 3095/3095/2108 467/467/389 466/466/388
f  3095/3095/2108 3094/3094/2107 3096/3096/2109 3097/3097/2110
f  3095/3095/2108 3097/3097/2110 3098/3098/2111 467/467/389
f  3098/3098/2111 3097/3097/2110 3099/3099/2112 3100/3100/2113
f  3098/3098/2111 3100/3100/2113 3101/3101/2114 3102/3102/2115
f  3098/3098/2111 3102/3102/2115 468/468/390 467/467/389
f  3102/3102/2115 3101/3101/2114 3103/3103/2116 3104/3104/2117
f  3102/3102/2115 3104/3104/2117 469/469/391 468/468/390
f  3105/3105/2117 3106/3106/2116 3107/3107/2118 3108/3108/2119
f  3105/3105/2117 3108/3108/2119 3109/3109/2120 3110/3110/391
f  3111/3111/2120 3112/3112/2121 3113/3113/392 3114/3114/391
f  3115/3115/2120 3116/3116/2119 3117/3117/2122 3118/3118/2123
f  3115/3115/2120 3118/3118/2123 3119/3119/2124 3120/3120/2121
f  3119/3119/2124 3118/3118/2123 3121/3121/384 3122/3122/383
f  3123/3123/2124 461/461/383 460/460/382 3124/3124/2102
f  3125/3125/2124 3126/3126/2102 3127/3127/2101 3112/3112/2121
f  3118/3118/2123 3117/3117/2122 3128/3128/2125 3121/3121/384
f  3128/3128/2125 3117/3117/2122 3129/3129/2126 3130/3130/2127
f  3131/3131/2125 3132/3132/2127 3133/3133/2128 3134/3134/2129
f  3131/3131/2125 3134/3134/2129 463/463/385 462/462/384
f  3134/3134/2129 3133/3133/2128 477/477/399 3135/3135/2130
f  3134/3134/2129 3135/3135/2130 464/464/386 463/463/385
f  3135/3135/2130 477/477/399 476/476/398 3136/3136/2131
f  3135/3135/2130 3136/3136/2131 3137/3137/2132 464/464/386
f  3137/3137/2132 3136/3136/2131 3138/3138/2133 3139/3139/2134
f  3137/3137/2132 3139/3139/2134 3067/3067/2092 3140/3140/2135
f  3137/3137/2132 3140/3140/2135 459/459/381 464/464/386
f  3140/3140/2135 3067/3067/2092 3066/3066/2091 3076/3076/2097
f  3140/3140/2135 3076/3076/2097 460/460/382 459/459/381
f  3139/3139/2134 3138/3138/2133 3141/3141/2136 3062/3062/2087
f  3139/3139/2134 3062/3062/2087 3061/3061/2086 3067/3067/2092
f  3141/3141/2136 3138/3138/2133 478/478/400 3142/3142/2137
f  3141/3141/2136 3142/3142/2137 3143/3143/2138 3057/3057/2082
f  3141/3141/2136 3057/3057/2082 3056/3056/2081 3062/3062/2087
f  3143/3143/2138 3142/3142/2137 3144/3144/2139 3145/3145/2140
f  3143/3143/2138 3145/3145/2140 3146/3146/2141 3052/3052/2078
f  3143/3143/2138 3052/3052/2078 3051/3051/2077 3057/3057/2082
f  3146/3146/2141 3145/3145/2140 3147/3147/2142 3148/3148/2143
f  3146/3146/2141 3148/3148/2143 3149/3149/428 3047/3047/2075
f  3146/3146/2141 3047/3047/2075 3046/3046/2074 3052/3052/2078
f  3148/3148/2143 3147/3147/2142 3150/3150/2144 3151/3151/2145
f  3148/3148/2143 3151/3151/2145 3152/3152/429 3149/3149/428
f  3151/3151/2145 3150/3150/2144 3153/3153/2146 3154/3154/2147
f  3155/3155/2145 3156/3156/2147 513/513/430 512/512/429
f  3156/3156/2147 3157/3157/2146 3158/3158/2148 3159/3159/2149
f  3156/3156/2147 3159/3159/2149 3160/3160/348 513/513/430
f  3161/3161/2149 3162/3162/2148 3163/3163/2150 3164/3164/2151
f  3161/3161/2149 3164/3164/2151 412/412/345 416/416/348
f  3165/3165/2151 3166/3166/2150 3167/3167/2152 3168/3168/2153
f  3165/3165/2151 3168/3168/2153 3169/3169/346 3170/3170/345
f  3171/3171/2153 3172/3172/2152 3173/3173/2154 3174/3174/2155
f  3168/3168/2153 3175/3175/2155 3176/3176/2156 3169/3169/346
f  3177/3177/2156 3174/3174/2155 3178/3178/2157 3179/3179/2158
f  3180/3180/2156 3181/3181/2158 3182/3182/350 3183/3183/287
f  3184/3184/2156 3185/3185/287 414/414/286 413/413/346
f  3179/3179/2158 3178/3178/2157 3186/3186/2159 3187/3187/2160
f  3181/3181/2158 3188/3188/2160 3189/3189/351 3182/3182/350
f  3187/3187/2160 3186/3186/2159 3190/3190/2161 3191/3191/2162
f  3188/3188/2160 3192/3192/2162 3193/3193/2163 3189/3189/351
f  3194/3194/2163 3191/3191/2162 3195/3195/2164 3196/3196/2165
f  3197/3197/2163 3198/3198/2165 3199/3199/1554 3200/3200/1553
f  3201/3201/2163 2212/2212/1553 424/424/352 423/423/351
f  3196/3196/2165 3195/3195/2164 3202/3202/2166 3203/3203/2167
f  3198/3198/2165 3204/3204/2167 3205/3205/405 3199/3199/1554
f  3206/3206/2167 3207/3207/2166 3208/3208/2168 3209/3209/2169
f  3204/3204/2167 3210/3210/2169 3211/3211/406 3205/3205/405
f  3209/3209/2169 3208/3208/2168 3212/3212/2170 3213/3213/2171
f  3210/3210/2169 3214/3214/2171 3215/3215/407 3211/3211/406
f  3213/3213/2171 3212/3212/2170 3216/3216/2172 3217/3217/414
f  3218/3218/2171 492/492/414 491/491/413 3219/3219/407
f  3220/3220/2172 3221/3221/2173 3222/3222/2174 3223/3223/2175
f  3220/3220/2172 3223/3223/2175 488/488/410 492/492/414
f  3216/3216/2172 3212/3212/2170 3224/3224/2176 3225/3225/2173
f  3224/3224/2176 3226/3226/2177 3227/3227/2178 3225/3225/2173
f  3224/3224/2176 3212/3212/2170 3208/3208/2168 3228/3228/2179
f  3224/3224/2176 3228/3228/2179 3229/3229/2180 3226/3226/2177
f  3229/3229/2180 3230/3230/2181 3231/3231/2182 3226/3226/2177
f  3232/3232/2180 3233/3233/2179 3234/3234/2183 3235/3235/2184
f  3232/3232/2180 3235/3235/2184 3236/3236/2185 3237/3237/2181
f  3236/3236/2185 3094/3094/2107 3093/3093/2105 3237/3237/2181
f  3236/3236/2185 3235/3235/2184 3238/3238/2186 3239/3239/2187
f  3236/3236/2185 3239/3239/2187 3096/3096/2109 3094/3094/2107
f  3239/3239/2187 3238/3238/2186 3240/3240/2188 3241/3241/2189
f  3239/3239/2187 3241/3241/2189 3242/3242/2190 3096/3096/2109
f  3242/3242/2190 3099/3099/2112 3097/3097/2110 3096/3096/2109
f  3242/3242/2190 3241/3241/2189 3243/3243/2191 428/428/356
f  3242/3242/2190 428/428/356 427/427/355 3099/3099/2112
f  3243/3243/2191 3241/3241/2189 3240/3240/2188 3244/3244/2192
f  3243/3243/2191 3244/3244/2192 3245/3245/2193 3246/3246/2194
f  3243/3243/2191 3246/3246/2194 429/429/357 428/428/356
f  3246/3246/2194 3245/3245/2193 3173/3173/2154 3247/3247/2195
f  3246/3246/2194 3247/3247/2195 3248/3248/2196 429/429/357
f  3248/3248/2196 3249/3249/2197 430/430/358 429/429/357
f  3248/3248/2196 3247/3247/2195 3250/3250/2198 3251/3251/2199
f  3248/3248/2196 3251/3251/2199 3252/3252/2200 3249/3249/2197
f  3252/3252/2200 3103/3103/2116 3101/3101/2114 3249/3249/2197
f  3253/3253/2200 3254/3254/2199 3255/3255/2201 3256/3256/2202
f  3252/3252/2200 3257/3257/2202 3258/3258/2118 3103/3103/2116
f  3259/3259/2202 3260/3260/2201 3261/3261/2203 3262/3262/2204
f  3263/3263/2202 3264/3264/2204 3265/3265/2126 3107/3107/2118
f  3262/3262/2204 3261/3261/2203 3266/3266/2205 3267/3267/2206
f  3262/3262/2204 3267/3267/2206 3268/3268/2127 3269/3269/2126
f  3270/3270/2206 3271/3271/2205 3272/3272/2207 3273/3273/2208
f  3270/3270/2206 3273/3273/2208 3133/3133/2128 3132/3132/2127
f  3273/3273/2208 3272/3272/2207 474/474/396 473/473/395
f  3273/3273/2208 473/473/395 477/477/399 3133/3133/2128
f  3272/3272/2207 3271/3271/2205 3274/3274/2209 3275/3275/2210
f  3272/3272/2207 3275/3275/2210 3276/3276/2211 474/474/396
f  3276/3276/2211 3275/3275/2210 3150/3150/2144 3147/3147/2142
f  3276/3276/2211 3147/3147/2142 3145/3145/2140 3144/3144/2139
f  3276/3276/2211 3144/3144/2139 475/475/397 474/474/396
f  3275/3275/2210 3274/3274/2209 3153/3153/2146 3150/3150/2144
f  3277/3277/2209 3266/3266/2205 3261/3261/2203 3278/3278/2212
f  3277/3277/2209 3278/3278/2212 3279/3279/2148 3280/3280/2146
f  3281/3281/2212 3282/3282/2203 3283/3283/2201 3284/3284/2213
f  3281/3281/2212 3284/3284/2213 3163/3163/2150 3162/3162/2148
f  3285/3285/2213 3255/3255/2201 3254/3254/2199 3286/3286/2198
f  3285/3285/2213 3286/3286/2198 3167/3167/2152 3166/3166/2150
f  3250/3250/2198 3247/3247/2195 3173/3173/2154 3172/3172/2152
f  3249/3249/2197 3101/3101/2114 3100/3100/2113 430/430/358
f  3245/3245/2193 3244/3244/2192 3186/3186/2159 3178/3178/2157
f  3245/3245/2193 3178/3178/2157 3174/3174/2155 3173/3173/2154
f  3244/3244/2192 3240/3240/2188 3190/3190/2161 3186/3186/2159
f  3240/3240/2188 3238/3238/2186 3287/3287/2214 3190/3190/2161
f  3287/3287/2214 3238/3238/2186 3235/3235/2184 3234/3234/2183
f  3287/3287/2214 3234/3234/2183 3202/3202/2166 3195/3195/2164
f  3287/3287/2214 3195/3195/2164 3191/3191/2162 3190/3190/2161
f  3288/3288/2183 3228/3228/2179 3208/3208/2168 3207/3207/2166
f  3231/3231/2182 3085/3085/2103 3084/3084/2099 3289/3289/2098
f  3231/3231/2182 3289/3289/2098 3227/3227/2178 3226/3226/2177
f  3231/3231/2182 3230/3230/2181 3089/3089/2105 3085/3085/2103
f  3290/3290/2178 3077/3077/2098 3071/3071/2094 3070/3070/2093
f  3290/3290/2178 3070/3070/2093 3222/3222/2174 3221/3221/2173
f  3223/3223/2175 3222/3222/2174 3291/3291/2088 3292/3292/2215
f  3223/3223/2175 3292/3292/2215 489/489/411 488/488/410
f  3293/3293/2215 3063/3063/2088 3059/3059/2084 3058/3058/2083
f  3292/3292/2215 3294/3294/2083 501/501/421 489/489/411
f  3222/3222/2174 3070/3070/2093 3069/3069/2089 3291/3291/2088
f  3144/3144/2139 3142/3142/2137 478/478/400 475/475/397
f  3138/3138/2133 3136/3136/2131 476/476/398 478/478/400
f  3265/3265/2126 3295/3295/2122 3108/3108/2119 3107/3107/2118
f  3112/3112/2121 3127/3127/2101 3296/3296/393 3113/3113/392
f  3100/3100/2113 3099/3099/2112 427/427/355 430/430/358
f  3124/3124/2102 460/460/382 3076/3076/2097 3075/3075/2096
f  3058/3058/2083 3054/3054/2079 3053/3053/422 3297/3297/421
f  3047/3047/2075 3149/3149/428 3298/3298/427 3048/3048/2070
f  3043/3043/2072 3042/3042/2071 507/507/425 506/506/424
f  3299/3299/2071 3034/3034/2067 340/340/283 339/339/282
f  3042/3042/2071 3300/3300/282 3301/3301/281 507/507/425
f  3026/3026/2060 3302/3302/2059 335/335/278 334/334/277
f  3024/3024/2059 3020/3020/2057 3303/3303/2216 3304/3304/2217
f  3024/3024/2059 3304/3304/2217 3305/3305/2218 3306/3306/278
f  3305/3305/2218 1515/1515/1149 1514/1514/1145 3307/3307/1144
f  3308/3308/2218 1505/1505/1144 336/336/279 335/335/278
f  3305/3305/2218 3304/3304/2217 332/332/276 1515/1515/1149
f  3304/3304/2217 3303/3303/2216 333/333/274 332/332/276
f  3303/3303/2216 3309/3309/2219 3310/3310/275 333/333/274
f  3303/3303/2216 3020/3020/2057 3019/3019/2056 3309/3309/2219
f  3309/3309/2219 3311/3311/2220 3312/3312/1161 3310/3310/275
f  3313/3313/2219 3017/3017/2056 3016/3016/2055 3314/3314/2220
f  3315/3315/2220 1536/1536/1166 1535/1535/1162 3316/3316/1161
f  3314/3314/2220 3016/3016/2055 3317/3317/2221 3318/3318/1166
f  3319/3319/2221 1541/1541/1171 1537/1537/1167 1536/1536/1166
f  3317/3317/2221 3016/3016/2055 3015/3015/2053 3320/3320/2052
f  3319/3319/2221 3321/3321/2052 3322/3322/2222 1541/1541/1171
f  3323/3323/2222 1548/1548/1176 1547/1547/1172 3324/3324/1171
f  3323/3323/2222 3008/3008/2052 3006/3006/2050 3325/3325/2223
f  3323/3323/2222 3325/3325/2223 1557/1557/1184 1548/1548/1176
f  3325/3325/2223 3006/3006/2050 3004/3004/2048 3003/3003/2047
f  3325/3325/2223 3003/3003/2047 1558/1558/1185 1557/1557/1184
f  3003/3003/2047 1570/1570/1194 1565/1565/1192 1558/1558/1185
f  2810/2810/1944 203/203/165 299/299/247 298/298/246
f  2786/2786/1921 2785/2785/1917 3326/3326/1916 2752/2752/1895
f  2779/2779/1916 2775/2775/1912 2762/2762/1902 2757/2757/1898
f  3326/3326/1916 3327/3327/1898 2753/2753/1896 2752/2752/1895
f  2778/2778/1915 2835/2835/263 2774/2774/1911 2773/2773/1910
f  2711/2711/1863 2702/2702/1860 2700/2700/1858 2699/2699/1857
f  2660/2660/1834 2651/2651/1830 2649/2649/1828 2648/2648/1827
f  2648/2648/1827 2646/2646/1825 3328/3328/135 2935/2935/134
f  2646/2646/1825 2644/2644/1823 3329/3329/136 3328/3328/135
f  2644/2644/1823 2643/2643/1822 3330/3330/79 3329/3329/136
f  2643/2643/1822 2642/2642/1821 3331/3331/75 3330/3330/79
f  2624/2624/1812 147/147/118 1654/1654/1245 1653/1653/1244
f  2624/2624/1812 2621/2621/1810 148/148/119 147/147/118
f  3332/3332/1806 2614/2614/1804 2613/2613/1794 3333/3333/2224
f  3332/3332/1806 3333/3333/2224 1685/1685/1265 1684/1684/1263
f  2617/2617/1806 1679/1679/1263 1677/1677/1261 1676/1676/1260
f  3334/3334/2224 2595/2595/1794 2591/2591/1790 2590/2590/1789
f  3334/3334/2224 2590/2590/1789 3335/3335/1267 3336/3336/1265
f  2637/2637/1800 143/143/114 2656/2656/1793 3337/3337/1792
f  2590/2590/1789 2586/2586/1785 2585/2585/1269 3335/3335/1267
f  2580/2580/1781 1696/1696/1272 1694/1694/1270 1693/1693/1269
f  2554/2554/1765 2553/2553/1764 1713/1713/1280 1712/1712/1278
f  3338/3338/1764 2546/2546/1760 2545/2545/1759 3339/3339/2225
f  3338/3338/1764 3339/3339/2225 1720/1720/1282 3340/3340/1280
f  3339/3339/2225 2545/2545/1759 3341/3341/2226 3342/3342/2227
f  3339/3339/2225 3342/3342/2227 1721/1721/1284 1720/1720/1282
f  3342/3342/2227 3341/3341/2226 3343/3343/2228 3344/3344/2229
f  3342/3342/2227 3344/3344/2229 1724/1724/1286 1721/1721/1284
f  3345/3345/2229 3346/3346/2228 3347/3347/2230 3348/3348/2231
f  3349/3349/2229 3350/3350/2231 3351/3351/2232 3352/3352/1286
f  3351/3351/2232 3350/3350/2231 3353/3353/2233 3354/3354/105
f  3355/3355/2232 133/133/105 132/132/104 1730/1730/1289
f  3355/3355/2232 1730/1730/1289 1729/1729/1287 3356/3356/1286
f  3357/3357/2233 3348/3348/2231 3347/3347/2230 3358/3358/2234
f  3357/3357/2233 3358/3358/2234 3359/3359/2235 3360/3360/2236
f  3353/3353/2233 3361/3361/2236 125/125/99 3354/3354/105
f  3360/3360/2236 3359/3359/2235 3362/3362/2237 3363/3363/2238
f  3361/3361/2236 3364/3364/2238 126/126/100 125/125/99
f  3363/3363/2238 3362/3362/2237 3365/3365/2239 3366/3366/2240
f  3364/3364/2238 3367/3367/2240 518/518/435 126/126/100
f  3367/3367/2240 3368/3368/2239 3369/3369/2241 3370/3370/2242
f  3367/3367/2240 3370/3370/2242 519/519/436 518/518/435
f  3370/3370/2242 3369/3369/2241 3371/3371/2243 3372/3372/2244
f  3370/3370/2242 3372/3372/2244 520/520/437 519/519/436
f  3372/3372/2244 3371/3371/2243 3373/3373/2245 3374/3374/2246
f  3372/3372/2244 3374/3374/2246 3375/3375/2247 520/520/437
f  3375/3375/2247 3374/3374/2246 3376/3376/2248 3377/3377/2249
f  3375/3375/2247 3377/3377/2249 3378/3378/2250 3379/3379/2251
f  3375/3375/2247 3379/3379/2251 521/521/438 520/520/437
f  3379/3379/2251 3378/3378/2250 3380/3380/2252 3381/3381/2253
f  3379/3379/2251 3381/3381/2253 528/528/443 521/521/438
f  3381/3381/2253 3380/3380/2252 3382/3382/2254 3383/3383/2255
f  3381/3381/2253 3383/3383/2255 3384/3384/2256 528/528/443
f  3385/3385/2256 3386/3386/2257 525/525/441 3387/3387/443
f  3385/3385/2256 3388/3388/2255 3389/3389/2258 3390/3390/2259
f  3385/3385/2256 3390/3390/2259 3391/3391/2260 3386/3386/2257
f  3391/3391/2260 3392/3392/2261 3393/3393/2262 3386/3386/2257
f  3391/3391/2260 3390/3390/2259 3394/3394/2263 3395/3395/2264
f  3391/3391/2260 3395/3395/2264 3396/3396/2265 3392/3392/2261
f  3396/3396/2265 3397/3397/2266 3398/3398/2267 3392/3392/2261
f  3396/3396/2265 3395/3395/2264 3399/3399/2268 3400/3400/2269
f  3396/3396/2265 3400/3400/2269 3401/3401/2270 3397/3397/2266
f  3401/3401/2270 3402/3402/2271 3403/3403/2272 3397/3397/2266
f  3401/3401/2270 3400/3400/2269 3404/3404/2273 3405/3405/2274
f  3401/3401/2270 3405/3405/2274 3406/3406/2275 3402/3402/2271
f  3407/3407/2275 3408/3408/2276 3409/3409/2277 3410/3410/2271
f  3406/3406/2275 3405/3405/2274 3411/3411/2278 3412/3412/2279
f  3406/3406/2275 3412/3412/2279 3413/3413/2280 3414/3414/2276
f  3415/3415/2280 3416/3416/2281 3417/3417/2282 3408/3408/2276
f  3413/3413/2280 3412/3412/2279 1768/1768/1311 1767/1767/1310
f  3415/3415/2280 3418/3418/1310 3419/3419/1309 3416/3416/2281
f  3417/3417/2282 3420/3420/2283 555/555/463 3421/3421/2284
f  3417/3417/2282 3421/3421/2284 3409/3409/2277 3408/3408/2276
f  3417/3417/2282 3416/3416/2281 3422/3422/2285 3420/3420/2283
f  3422/3422/2285 3423/3423/2286 3424/3424/2287 3420/3420/2283
f  3422/3422/2285 3416/3416/2281 3419/3419/1309 3425/3425/2288
f  3426/3426/2285 3427/3427/2288 3428/3428/2289 3429/3429/2286
f  3428/3428/2289 3430/3430/2290 3431/3431/2291 3429/3429/2286
f  3428/3428/2289 3427/3427/2288 3432/3432/479 570/570/476
f  3428/3428/2289 570/570/476 569/569/475 3430/3430/2290
f  3431/3431/2291 548/548/457 545/545/454 3433/3433/2292
f  3431/3431/2291 3433/3433/2292 3434/3434/2287 3429/3429/2286
f  3431/3431/2291 3430/3430/2290 3435/3435/2293 548/548/457
f  3435/3435/2293 3436/3436/2294 3437/3437/2295 3438/3438/2296
f  3435/3435/2293 3438/3438/2296 546/546/455 548/548/457
f  3435/3435/2293 3430/3430/2290 569/569/475 3436/3436/2294
f  3439/3439/2296 3440/3440/2295 531/531/445 3441/3441/449
f  3438/3438/2296 3442/3442/449 547/547/456 546/546/455
f  3440/3440/2295 3443/3443/2297 532/532/446 531/531/445
f  3440/3440/2295 3444/3444/2294 3445/3445/2298 3443/3443/2297
f  3445/3445/2298 1755/1755/1305 3446/3446/2299 3443/3443/2297
f  3447/3447/2298 3436/3436/2294 569/569/475 568/568/474
f  3445/3445/2298 3448/3448/474 1756/1756/478 1755/1755/1305
f  3446/3446/2299 1751/1751/1302 3449/3449/2300 3450/3450/2301
f  3446/3446/2299 3450/3450/2301 532/532/446 3443/3443/2297
f  3446/3446/2299 1755/1755/1305 1752/1752/1303 1751/1751/1302
f  3451/3451/2301 3452/3452/2300 3453/3453/2302 3454/3454/2303
f  3451/3451/2301 3454/3454/2303 539/539/447 3455/3455/446
f  3454/3454/2303 3453/3453/2302 3456/3456/2304 3457/3457/2305
f  3454/3454/2303 3457/3457/2305 540/540/450 539/539/447
f  3457/3457/2305 3456/3456/2304 3458/3458/2306 3459/3459/2307
f  3460/3460/2305 3461/3461/2307 3462/3462/2308 3463/3463/450
f  3462/3462/2308 3464/3464/2309 535/535/448 3463/3463/450
f  3462/3462/2308 3461/3461/2307 3465/3465/2310 3466/3466/2311
f  3462/3462/2308 3466/3466/2311 3467/3467/2312 3464/3464/2309
f  3467/3467/2312 3468/3468/452 3469/3469/456 3464/3464/2309
f  3467/3467/2312 3466/3466/2311 3470/3470/2313 3471/3471/2314
f  3467/3467/2312 3471/3471/2314 3472/3472/453 3468/3468/452
f  3471/3471/2314 3470/3470/2313 3473/3473/464 3474/3474/461
f  3475/3475/2314 552/552/461 551/551/460 544/544/453
f  3470/3470/2313 3466/3466/2311 3465/3465/2310 3476/3476/2315
f  3477/3477/2313 3478/3478/2315 3479/3479/2316 3480/3480/464
f  3479/3479/2316 3478/3478/2315 3481/3481/2317 3482/3482/2318
f  3479/3479/2316 3482/3482/2318 3483/3483/2319 3484/3484/2320
f  3479/3479/2316 3484/3484/2320 3485/3485/462 3480/3480/464
f  3486/3486/2320 3487/3487/2319 3409/3409/2277 3421/3421/2284
f  3486/3486/2320 3421/3421/2284 555/555/463 554/554/462
f  3483/3483/2319 3482/3482/2318 3488/3488/2321 3489/3489/2272
f  3487/3487/2319 3490/3490/2272 3410/3410/2271 3409/3409/2277
f  3488/3488/2321 3482/3482/2318 3481/3481/2317 3491/3491/2322
f  3492/3492/2321 3493/3493/2322 3494/3494/2323 3495/3495/2267
f  3496/3496/2321 3398/3398/2267 3397/3397/2266 3403/3403/2272
f  3494/3494/2323 3493/3493/2322 3497/3497/2324 3498/3498/2325
f  3499/3499/2323 3500/3500/2325 526/526/442 3393/3393/2262
f  3499/3499/2323 3393/3393/2262 3392/3392/2261 3398/3398/2267
f  3498/3498/2325 3497/3497/2324 3501/3501/2326 3502/3502/2327
f  3498/3498/2325 3502/3502/2327 522/522/439 3503/3503/442
f  3502/3502/2327 3501/3501/2326 3504/3504/2328 3505/3505/2329
f  3502/3502/2327 3505/3505/2329 523/523/440 522/522/439
f  3505/3505/2329 3506/3506/2330 3507/3507/102 523/523/440
f  3508/3508/2329 3509/3509/2328 3510/3510/2331 3511/3511/2330
f  3510/3510/2331 3512/3512/2332 3513/3513/2333 3511/3511/2330
f  3510/3510/2331 3509/3509/2328 3456/3456/2304 3453/3453/2302
f  3510/3510/2331 3453/3453/2302 3452/3452/2300 3512/3512/2332
f  3514/3514/2333 3515/3515/103 3507/3507/102 3506/3506/2330
f  3516/3516/2333 3517/3517/2332 1748/1748/1300 1747/1747/1298
f  3518/3518/2333 1744/1744/1298 137/137/108 131/131/103
f  3517/3517/2332 3449/3449/2300 1751/1751/1302 1748/1748/1300
f  3509/3509/2328 3519/3519/2326 3458/3458/2306 3456/3456/2304
f  3501/3501/2326 3497/3497/2324 3520/3520/2334 3521/3521/2306
f  3520/3520/2334 3465/3465/2310 3461/3461/2307 3521/3521/2306
f  3522/3522/2334 3523/3523/2324 3491/3491/2322 3481/3481/2317
f  3520/3520/2334 3524/3524/2317 3476/3476/2315 3465/3465/2310
f  3464/3464/2309 3469/3469/456 536/536/449 535/535/448
f  3433/3433/2292 545/545/454 544/544/453 551/551/460
f  3433/3433/2292 551/551/460 550/550/459 3434/3434/2287
f  3525/3525/2288 1765/1765/1309 1761/1761/1307 576/576/479
f  3424/3424/2287 556/556/459 555/555/463 3420/3420/2283
f  3412/3412/2279 3411/3411/2278 1770/1770/1313 1768/1768/1311
f  3411/3411/2278 3405/3405/2274 3404/3404/2273 3526/3526/2335
f  3411/3411/2278 3526/3526/2335 1772/1772/1315 1770/1770/1313
f  3526/3526/2335 3404/3404/2273 3527/3527/2336 1778/1778/1321
f  3526/3526/2335 1778/1778/1321 1776/1776/1319 1772/1772/1315
f  3527/3527/2336 3404/3404/2273 3400/3400/2269 3399/3399/2268
f  3527/3527/2336 3399/3399/2268 3528/3528/2337 3529/3529/1324
f  3527/3527/2336 3529/3529/1324 1779/1779/1322 1778/1778/1321
f  3528/3528/2337 3399/3399/2268 3395/3395/2264 3394/3394/2263
f  3528/3528/2337 3394/3394/2263 3530/3530/2338 3531/3531/1327
f  3532/3532/2337 1788/1788/1327 1785/1785/1325 1784/1784/1324
f  3530/3530/2338 3394/3394/2263 3390/3390/2259 3389/3389/2258
f  3530/3530/2338 3389/3389/2258 3533/3533/2339 3534/3534/1330
f  3535/3535/2338 1793/1793/1330 1789/1789/1328 1788/1788/1327
f  3533/3533/2339 3389/3389/2258 3388/3388/2255 3536/3536/2254
f  3537/3537/2339 3382/3382/2254 3538/3538/2340 3539/3539/1333
f  3540/3540/2339 1799/1799/1333 1794/1794/1331 1793/1793/1330
f  3538/3538/2340 3382/3382/2254 3380/3380/2252 3541/3541/2341
f  3538/3538/2340 3541/3541/2341 3542/3542/2342 3543/3543/1336
f  3544/3544/2340 1803/1803/1336 1801/1801/1334 3545/3545/1333
f  3542/3542/2342 3541/3541/2341 3546/3546/2343 3547/3547/2344
f  3542/3542/2342 3547/3547/2344 3548/3548/2345 1808/1808/1339
f  3542/3542/2342 1808/1808/1339 1807/1807/1337 3543/3543/1336
f  3548/3548/2345 3547/3547/2344 3549/3549/2346 3550/3550/2347
f  3548/3548/2345 3550/3550/2347 3551/3551/2348 1812/1812/1342
f  3548/3548/2345 1812/1812/1342 1809/1809/1340 1808/1808/1339
f  3551/3551/2348 3550/3550/2347 3552/3552/2349 3553/3553/2350
f  3551/3551/2348 3553/3553/2350 1819/1819/1349 1815/1815/1345
f  3551/3551/2348 1815/1815/1345 1813/1813/1343 1812/1812/1342
f  3553/3553/2350 3552/3552/2349 3554/3554/2351 3555/3555/2352
f  3553/3553/2350 3555/3555/2352 1820/1820/1350 1819/1819/1349
f  3555/3555/2352 3554/3554/2351 3556/3556/2353 3557/3557/2354
f  3555/3555/2352 3557/3557/2354 1822/1822/1352 1820/1820/1350
f  3557/3557/2354 3556/3556/2353 3558/3558/2355 3559/3559/2356
f  3557/3557/2354 3559/3559/2356 2018/2018/1427 1822/1822/1352
f  3560/3560/2356 3561/3561/2355 3562/3562/2357 3563/3563/2358
f  3560/3560/2356 3563/3563/2358 3564/3564/1428 3565/3565/1427
f  3563/3563/2358 3562/3562/2357 3566/3566/2359 3567/3567/2360
f  3563/3563/2358 3567/3567/2360 3568/3568/1430 3564/3564/1428
f  3567/3567/2360 3566/3566/2359 3569/3569/2361 3570/3570/2362
f  3571/3571/2360 3572/3572/2362 2021/2021/1432 2019/2019/1430
f  3570/3570/2362 3569/3569/2361 3573/3573/2363 3574/3574/2364
f  3572/3572/2362 3575/3575/2364 3576/3576/2365 2021/2021/1432
f  3576/3576/2365 3575/3575/2364 3577/3577/2366 3578/3578/2367
f  3576/3576/2365 3578/3578/2367 3579/3579/2368 2024/2024/1435
f  3576/3576/2365 2024/2024/1435 2022/2022/1433 2021/2021/1432
f  3579/3579/2368 3578/3578/2367 3580/3580/2369 3581/3581/2370
f  3579/3579/2368 3581/3581/2370 3582/3582/2371 3583/3583/2372
f  3579/3579/2368 3583/3583/2372 2025/2025/1436 2024/2024/1435
f  3583/3583/2372 3582/3582/2371 3584/3584/2373 3585/3585/2374
f  3583/3583/2372 3585/3585/2374 2026/2026/1437 2025/2025/1436
f  3585/3585/2374 3584/3584/2373 3586/3586/2375 3587/3587/2376
f  3585/3585/2374 3587/3587/2376 2028/2028/1439 2026/2026/1437
f  3587/3587/2376 3586/3586/2375 3588/3588/2377 3589/3589/2378
f  3587/3587/2376 3589/3589/2378 3590/3590/2379 2028/2028/1439
f  3590/3590/2379 3589/3589/2378 3591/3591/2380 3592/3592/2381
f  3590/3590/2379 3592/3592/2381 3593/3593/2382 2031/2031/1442
f  3590/3590/2379 2031/2031/1442 2029/2029/1440 2028/2028/1439
f  3593/3593/2382 3592/3592/2381 3594/3594/2383 3595/3595/2384
f  3593/3593/2382 3595/3595/2384 3596/3596/2385 3597/3597/2386
f  3593/3593/2382 3597/3597/2386 2032/2032/1443 2031/2031/1442
f  3597/3597/2386 3596/3596/2385 2039/2039/1450 2037/2037/1448
f  3597/3597/2386 2037/2037/1448 2033/2033/1444 2032/2032/1443
f  3596/3596/2385 3595/3595/2384 3598/3598/2387 3599/3599/2388
f  3596/3596/2385 3599/3599/2388 2041/2041/1452 2039/2039/1450
f  3599/3599/2388 3598/3598/2387 3600/3600/2389 3601/3601/2390
f  3599/3599/2388 3601/3601/2390 3602/3602/2391 2041/2041/1452
f  3602/3602/2391 3601/3601/2390 3603/3603/2392 3604/3604/2393
f  3602/3602/2391 3604/3604/2393 3605/3605/2394 2044/2044/1455
f  3602/3602/2391 2044/2044/1455 2042/2042/1453 2041/2041/1452
f  3605/3605/2394 3604/3604/2393 3606/3606/2395 3607/3607/2396
f  3605/3605/2394 3607/3607/2396 3608/3608/2397 3609/3609/2398
f  3605/3605/2394 3609/3609/2398 2045/2045/1456 2044/2044/1455
f  3610/3610/2398 3611/3611/2397 3612/3612/2399 3613/3613/2400
f  3610/3610/2398 3613/3613/2400 3614/3614/1457 3615/3615/1456
f  3613/3613/2400 3612/3612/2399 3616/3616/2401 3617/3617/2402
f  3613/3613/2400 3617/3617/2402 3618/3618/1459 3614/3614/1457
f  3617/3617/2402 3616/3616/2401 3619/3619/2403 3620/3620/2404
f  3617/3617/2402 3620/3620/2404 3621/3621/2405 3618/3618/1459
f  3621/3621/2405 2061/2061/1462 2056/2056/1460 3618/3618/1459
f  3621/3621/2405 3620/3620/2404 3622/3622/2406 3623/3623/2407
f  3621/3621/2405 3623/3623/2407 2064/2064/1464 2061/2061/1462
f  3623/3623/2407 3622/3622/2406 3624/3624/2408 3625/3625/2409
f  3623/3623/2407 3625/3625/2409 3626/3626/2410 2064/2064/1464
f  3626/3626/2410 2070/2070/1468 2065/2065/1465 2064/2064/1464
f  3626/3626/2410 3625/3625/2409 1316/1316/1023 1315/1315/1020
f  3626/3626/2410 1315/1315/1020 2079/2079/1473 2070/2070/1468
f  3625/3625/2409 3624/3624/2408 3627/3627/2411 1316/1316/1023
f  3627/3627/2411 3624/3624/2408 3628/3628/2412 3629/3629/2413
f  3630/3630/2411 3631/3631/2413 3632/3632/2414 3633/3633/2415
f  3630/3630/2411 3633/3633/2415 3634/3634/1021 3635/3635/1023
f  3633/3633/2415 3632/3632/2414 3636/3636/2416 3637/3637/2417
f  3633/3633/2415 3637/3637/2417 3638/3638/2418 3634/3634/1021
f  3639/3639/2418 2097/2097/1480 1312/1312/1022 1311/1311/1021
f  3640/3640/2418 3641/3641/2417 3642/3642/2419 3643/3643/2420
f  3644/3644/2418 3645/3645/2420 3646/3646/1482 3647/3647/1480
f  3643/3643/2420 3642/3642/2419 816/816/644 815/815/646
f  3645/3645/2420 3648/3648/646 3649/3649/2421 3646/3646/1482
f  3650/3650/2421 3651/3651/1485 2104/2104/1483 2103/2103/1482
f  3652/3652/2421 3653/3653/646 820/820/643 819/819/648
f  3652/3652/2421 819/819/648 2117/2117/1487 2116/2116/1485
f  3654/3654/2419 3655/3655/2417 3656/3656/2416 3657/3657/2422
f  3654/3654/2419 3657/3657/2422 3658/3658/645 3659/3659/644
f  3660/3660/2422 3661/3661/2416 3662/3662/2423 3663/3663/2424
f  3660/3660/2422 3663/3663/2424 3664/3664/2425 3665/3665/645
f  3664/3664/2425 3663/3663/2424 3666/3666/2426 3667/3667/2427
f  3668/3668/2425 3669/3669/2427 3670/3670/2428 821/821/649
f  3668/3668/2425 821/821/649 812/812/641 811/811/645
f  3670/3670/2428 3669/3669/2427 3671/3671/639 3672/3672/636
f  3673/3673/2428 3674/3674/636 3675/3675/635 3676/3676/2429
f  3670/3670/2428 3677/3677/2429 822/822/650 821/821/649
f  3677/3677/2429 3678/3678/635 3679/3679/2430 3680/3680/2431
f  3677/3677/2429 3680/3680/2431 3681/3681/2432 822/822/650
f  3682/3682/2432 3683/3683/2433 3684/3684/642 3685/3685/650
f  3681/3681/2432 3680/3680/2431 3686/3686/2434 3687/3687/2435
f  3682/3682/2432 3688/3688/2435 3689/3689/2436 3683/3683/2433
f  3690/3690/2436 3691/3691/1492 3692/3692/1490 3693/3693/2433
f  3690/3690/2436 3687/3687/2435 3694/3694/2437 3695/3695/2438
f  3690/3690/2436 3695/3695/2438 2133/2133/1494 3691/3691/1492
f  3695/3695/2438 3694/3694/2437 3696/3696/2439 3697/3697/2440
f  3695/3695/2438 3697/3697/2440 2134/2134/1496 2133/2133/1494
f  3697/3697/2440 3696/3696/2439 3698/3698/2441 3699/3699/2442
f  3697/3697/2440 3699/3699/2442 2142/2142/1500 2134/2134/1496
f  3699/3699/2442 3698/3698/2441 3700/3700/2443 3701/3701/2444
f  3699/3699/2442 3701/3701/2444 2143/2143/1501 2142/2142/1500
f  3701/3701/2444 3700/3700/2443 3702/3702/2445 3703/3703/2446
f  3704/3704/2444 3705/3705/2446 2147/2147/1503 2146/2146/1501
f  3705/3705/2446 3706/3706/2445 3707/3707/2447 3708/3708/2448
f  3705/3705/2446 3708/3708/2448 2151/2151/1505 2147/2147/1503
f  3708/3708/2448 3707/3707/2447 3709/3709/2449 3710/3710/2450
f  3708/3708/2448 3710/3710/2450 2154/2154/1507 2151/2151/1505
f  3710/3710/2450 3709/3709/2449 3711/3711/2451 3712/3712/2452
f  3710/3710/2450 3712/3712/2452 3713/3713/2453 2154/2154/1507
f  3713/3713/2453 2158/2158/1510 2155/2155/1508 2154/2154/1507
f  3713/3713/2453 3712/3712/2452 3714/3714/2454 3715/3715/2455
f  3713/3713/2453 3715/3715/2455 3716/3716/2456 2158/2158/1510
f  3717/3717/2456 2162/2162/1513 2160/2160/1511 3718/3718/1510
f  3716/3716/2456 3715/3715/2455 3719/3719/2457 3720/3720/2458
f  3717/3717/2456 3721/3721/2458 3722/3722/2459 2162/2162/1513
f  3722/3722/2459 2165/2165/1516 2163/2163/1514 2162/2162/1513
f  3723/3723/2459 3724/3724/2458 3725/3725/2460 3726/3726/2461
f  3723/3723/2459 3726/3726/2461 3727/3727/2462 3728/3728/1516
f  3727/3727/2462 2170/2170/1519 2169/2169/1517 3728/3728/1516
f  3727/3727/2462 3726/3726/2461 3729/3729/2463 3730/3730/2464
f  3727/3727/2462 3730/3730/2464 3731/3731/2465 2170/2170/1519
f  3731/3731/2465 2175/2175/1522 2171/2171/1520 2170/2170/1519
f  3731/3731/2465 3730/3730/2464 3732/3732/2466 3733/3733/2467
f  3731/3731/2465 3733/3733/2467 3734/3734/2468 2175/2175/1522
f  3734/3734/2468 2181/2181/1525 2176/2176/1523 2175/2175/1522
f  3734/3734/2468 3733/3733/2467 3735/3735/2469 3736/3736/2470
f  3734/3734/2468 3736/3736/2470 3737/3737/2471 2181/2181/1525
f  3737/3737/2471 2186/2186/1528 2182/2182/1526 2181/2181/1525
f  3737/3737/2471 3736/3736/2470 3738/3738/2472 3739/3739/2473
f  3737/3737/2471 3739/3739/2473 3740/3740/2474 2186/2186/1528
f  3740/3740/2474 3741/3741/1531 2187/2187/1529 2186/2186/1528
f  3740/3740/2474 3739/3739/2473 3742/3742/2475 3743/3743/2476
f  3740/3740/2474 3743/3743/2476 3744/3744/2477 3741/3741/1531
f  3744/3744/2477 3745/3745/1534 3746/3746/1532 3741/3741/1531
f  3744/3744/2477 3743/3743/2476 3747/3747/2478 3748/3748/1542
f  3744/3744/2477 3748/3748/1542 3749/3749/1540 3745/3745/1534
f  3747/3747/2478 3743/3743/2476 3742/3742/2475 3750/3750/2479
f  3747/3747/2478 3750/3750/2479 3751/3751/2480 3752/3752/2481
f  3747/3747/2478 3752/3752/2481 3753/3753/1543 3748/3748/1542
f  3752/3752/2481 3751/3751/2480 3754/3754/2482 3755/3755/2483
f  3752/3752/2481 3755/3755/2483 3756/3756/1544 3753/3753/1543
f  3755/3755/2483 3754/3754/2482 3757/3757/2484 3758/3758/2485
f  3755/3755/2483 3758/3758/2485 3759/3759/1546 3756/3756/1544
f  3758/3758/2485 3757/3757/2484 3760/3760/2486 3761/3761/2487
f  3758/3758/2485 3761/3761/2487 3762/3762/2488 3759/3759/1546
f  3762/3762/2488 3763/3763/1550 3764/3764/1547 3759/3759/1546
f  3762/3762/2488 3761/3761/2487 3765/3765/2489 3766/3766/2490
f  3767/3767/2488 3768/3768/2490 2215/2215/1556 2209/2209/1550
f  3766/3766/2490 3765/3765/2489 3769/3769/2491 3770/3770/2492
f  3766/3766/2490 3770/3770/2492 3771/3771/1557 3772/3772/1556
f  3773/3773/2492 3774/3774/2491 3775/3775/2493 3776/3776/2494
f  3773/3773/2492 3776/3776/2494 2220/2220/1559 2219/2219/1557
f  3776/3776/2494 3775/3775/2493 3777/3777/2495 3778/3778/2496
f  3776/3776/2494 3778/3778/2496 2228/2228/1564 2220/2220/1559
f  3778/3778/2496 3777/3777/2495 363/363/306 3779/3779/2497
f  3778/3778/2496 3779/3779/2497 2229/2229/1565 2228/2228/1564
f  3779/3779/2497 363/363/306 359/359/302 3780/3780/2498
f  3779/3779/2497 3780/3780/2498 2231/2231/1567 2229/2229/1565
f  3780/3780/2498 359/359/302 358/358/301 3781/3781/2499
f  3780/3780/2498 3781/3781/2499 3782/3782/2500 2231/2231/1567
f  3782/3782/2500 3783/3783/1571 2232/2232/1568 2231/2231/1567
f  3784/3784/2500 3785/3785/2499 3786/3786/2501 3787/3787/2502
f  3784/3784/2500 3787/3787/2502 3788/3788/2503 2237/2237/1571
f  3788/3788/2503 2245/2245/1575 2238/2238/1572 2237/2237/1571
f  3788/3788/2503 3787/3787/2502 3789/3789/2504 3790/3790/2505
f  3788/3788/2503 3790/3790/2505 3791/3791/2506 2245/2245/1575
f  3791/3791/2506 3792/3792/1580 2246/2246/1576 2245/2245/1575
f  3791/3791/2506 3790/3790/2505 3793/3793/2507 3794/3794/2508
f  3791/3791/2506 3794/3794/2508 3795/3795/2509 3792/3792/1580
f  3796/3796/2509 2261/2261/1583 2254/2254/1581 2253/2253/1580
f  3795/3795/2509 3794/3794/2508 3797/3797/2510 3798/3798/2511
f  3796/3796/2509 3799/3799/2511 3800/3800/2512 2261/2261/1583
f  3801/3801/2512 2269/2269/1587 2268/2268/1584 3802/3802/1583
f  3803/3803/2512 3798/3798/2511 3804/3804/2513 3805/3805/2514
f  3801/3801/2512 3806/3806/2514 3807/3807/2515 2269/2269/1587
f  3807/3807/2515 3808/3808/1591 2270/2270/1588 2269/2269/1587
f  3807/3807/2515 3806/3806/2514 3809/3809/2516 3810/3810/2517
f  3807/3807/2515 3810/3810/2517 3811/3811/2518 3808/3808/1591
f  3812/3812/2518 3813/3813/1596 3814/3814/1592 3815/3815/1591
f  3811/3811/2518 3810/3810/2517 3816/3816/2519 3817/3817/2520
f  3812/3812/2518 3818/3818/2520 3819/3819/2521 3813/3813/1596
f  3820/3820/2521 2287/2287/327 2282/2282/1597 2281/2281/1596
f  3819/3819/2521 3818/3818/2520 3821/3821/2522 3822/3822/2523
f  3820/3820/2521 3823/3823/2523 385/385/325 2287/2287/327
f  3822/3822/2523 3821/3821/2522 439/439/367 443/443/371
f  3822/3822/2523 443/443/371 2326/2326/326 3824/3824/325
f  3821/3821/2522 3818/3818/2520 3825/3825/2519 3826/3826/2524
f  3821/3821/2522 3826/3826/2524 440/440/368 439/439/367
f  3827/3827/2524 3816/3816/2519 3828/3828/2525 3829/3829/2526
f  3830/3830/2524 3831/3831/2526 450/450/375 3832/3832/368
f  3833/3833/2526 3834/3834/2525 3835/3835/2527 3836/3836/2528
f  3831/3831/2526 3837/3837/2528 451/451/376 450/450/375
f  3836/3836/2528 3835/3835/2527 3838/3838/2529 3839/3839/2530
f  3836/3836/2528 3839/3839/2530 3840/3840/379 3841/3841/376
f  3839/3839/2530 3838/3838/2529 435/435/363 434/434/362
f  3839/3839/2530 434/434/362 433/433/361 3840/3840/379
f  3838/3838/2529 3835/3835/2527 3842/3842/2531 3843/3843/2532
f  3838/3838/2529 3843/3843/2532 3844/3844/2533 435/435/363
f  3844/3844/2533 3843/3843/2532 3845/3845/2534 3846/3846/2535
f  3844/3844/2533 3846/3846/2535 3847/3847/2536 3848/3848/2537
f  3844/3844/2533 3848/3848/2537 436/436/364 435/435/363
f  3848/3848/2537 3847/3847/2536 2334/2334/1622 2333/2333/1620
f  3848/3848/2537 2333/2333/1620 437/437/365 436/436/364
f  3847/3847/2536 3846/3846/2535 3849/3849/2538 3850/3850/2539
f  3847/3847/2536 3850/3850/2539 3851/3851/2540 2334/2334/1622
f  3851/3851/2540 3850/3850/2539 3852/3852/2541 3853/3853/2542
f  3851/3851/2540 3853/3853/2542 3854/3854/2543 3855/3855/1625
f  3851/3851/2540 3855/3855/1625 2335/2335/1623 2334/2334/1622
f  3854/3854/2543 3853/3853/2542 3856/3856/2544 3857/3857/2545
f  3858/3858/2543 3859/3859/2545 3860/3860/2546 2347/2347/1628
f  3861/3861/2543 3862/3862/1628 3863/3863/1626 3864/3864/1625
f  3865/3865/2546 3866/3866/2545 3867/3867/2547 3868/3868/2548
f  3869/3869/2546 3870/3870/2548 2356/2356/1633 2355/2355/1631
f  3860/3860/2546 3871/3871/1631 2348/2348/1629 2347/2347/1628
f  3872/3872/2548 3873/3873/2547 358/358/301 357/357/300
f  3872/3872/2548 357/357/300 366/366/309 3874/3874/1633
f  3867/3867/2547 3875/3875/2501 3876/3876/2499 3877/3877/301
f  3867/3867/2547 3866/3866/2545 3878/3878/2544 3875/3875/2501
f  3856/3856/2544 3789/3789/2504 3787/3787/2502 3786/3786/2501
f  3856/3856/2544 3853/3853/2542 3852/3852/2541 3789/3789/2504
f  3852/3852/2541 3793/3793/2507 3790/3790/2505 3789/3789/2504
f  3852/3852/2541 3850/3850/2539 3849/3849/2538 3793/3793/2507
f  3849/3849/2538 3797/3797/2510 3794/3794/2508 3793/3793/2507
f  3849/3849/2538 3846/3846/2535 3845/3845/2534 3797/3797/2510
f  3845/3845/2534 3804/3804/2513 3798/3798/2511 3797/3797/2510
f  3845/3845/2534 3843/3843/2532 3842/3842/2531 3804/3804/2513
f  3842/3842/2531 3879/3879/2516 3805/3805/2514 3804/3804/2513
f  3842/3842/2531 3835/3835/2527 3834/3834/2525 3879/3879/2516
f  3828/3828/2525 3816/3816/2519 3810/3810/2517 3809/3809/2516
f  3777/3777/2495 3775/3775/2493 3880/3880/2549 3881/3881/2550
f  3777/3777/2495 3881/3881/2550 360/360/303 363/363/306
f  3881/3881/2550 3880/3880/2549 3882/3882/2551 3883/3883/2552
f  3881/3881/2550 3883/3883/2552 361/361/304 360/360/303
f  3883/3883/2552 3882/3882/2551 3884/3884/2553 3885/3885/2554
f  3883/3883/2552 3885/3885/2554 3886/3886/2555 361/361/304
f  3886/3886/2555 3885/3885/2554 3887/3887/2556 3888/3888/2557
f  3886/3886/2555 3888/3888/2557 3889/3889/2558 3890/3890/2559
f  3886/3886/2555 3890/3890/2559 362/362/305 361/361/304
f  3890/3890/2559 3889/3889/2558 3891/3891/2560 3892/3892/2561
f  3890/3890/2559 3892/3892/2561 364/364/307 362/362/305
f  3892/3892/2561 3891/3891/2560 3893/3893/2562 3894/3894/2563
f  3892/3892/2561 3894/3894/2563 375/375/318 364/364/307
f  3894/3894/2563 3893/3893/2562 3895/3895/2564 3896/3896/2565
f  3894/3894/2563 3896/3896/2565 371/371/314 375/375/318
f  3896/3896/2565 3895/3895/2564 3897/3897/2566 3898/3898/2567
f  3896/3896/2565 3898/3898/2567 372/372/315 371/371/314
f  3899/3899/2567 3900/3900/2566 3901/3901/2568 3902/3902/2569
f  3899/3899/2567 3902/3902/2569 3903/3903/2570 3904/3904/315
f  3903/3903/2570 3905/3905/2571 377/377/316 3904/3904/315
f  3903/3903/2570 3902/3902/2569 3906/3906/2572 3907/3907/2573
f  3903/3903/2570 3907/3907/2573 290/290/238 3905/3905/2571
f  3907/3907/2573 3906/3906/2572 3908/3908/2574 3909/3909/2575
f  3907/3907/2573 3909/3909/2575 287/287/235 290/290/238
f  3910/3910/2575 3911/3911/2574 3912/3912/2576 3913/3913/2577
f  3909/3909/2575 3914/3914/2577 288/288/236 287/287/235
f  3913/3913/2577 3912/3912/2576 3915/3915/2578 3916/3916/2579
f  3913/3913/2577 3916/3916/2579 3917/3917/2580 3918/3918/236
f  3917/3917/2580 3919/3919/2581 3920/3920/232 3918/3918/236
f  3917/3917/2580 3916/3916/2579 3921/3921/2582 3922/3922/2583
f  3917/3917/2580 3922/3922/2583 3923/3923/2584 3919/3919/2581
f  3924/3924/2585 3925/3925/2586 3926/3926/2587 3919/3919/2581
f  3923/3923/2584 3927/3927/2588 3924/3924/2585 3919/3919/2581
f  3923/3923/2584 3922/3922/2583 3928/3928/2589 3929/3929/2590
f  3923/3923/2584 3929/3929/2590 3930/3930/2591 3927/3927/2588
f  3930/3930/2591 3931/3931/2592 3932/3932/2593 3927/3927/2588
f  3930/3930/2591 3929/3929/2590 3933/3933/2594 3934/3934/2595
f  3930/3930/2591 3934/3934/2595 3935/3935/2596 3931/3931/2592
f  3935/3935/2596 3936/3936/2597 3937/3937/2598 3931/3931/2592
f  3938/3938/2596 3939/3939/2595 3940/3940/2599 3941/3941/2600
f  3938/3938/2596 3941/3941/2600 3942/3942/2601 3943/3943/2597
f  3942/3942/2601 3944/3944/2602 3945/3945/2603 3943/3943/2597
f  3942/3942/2601 3941/3941/2600 3946/3946/2604 3947/3947/2605
f  3942/3942/2601 3947/3947/2605 3948/3948/2606 3944/3944/2602
f  3948/3948/2606 3949/3949/2607 3950/3950/2608 3944/3944/2602
f  3948/3948/2606 3947/3947/2605 3951/3951/2609 3952/3952/2610
f  3948/3948/2606 3952/3952/2610 3953/3953/2611 3949/3949/2607
f  3953/3953/2611 3954/3954/2612 239/239/197 3949/3949/2607
f  3953/3953/2611 3952/3952/2610 3955/3955/2613 224/224/182
f  3953/3953/2611 224/224/182 223/223/181 3954/3954/2612
f  3955/3955/2613 3952/3952/2610 3951/3951/2609 3956/3956/2614
f  3955/3955/2613 3956/3956/2614 3957/3957/2615 3958/3958/2616
f  3955/3955/2613 3958/3958/2616 227/227/185 224/224/182
f  3959/3959/2616 3960/3960/2615 3961/3961/2617 3962/3962/2618
f  3958/3958/2616 3963/3963/2618 3964/3964/2619 227/227/185
f  3964/3964/2619 3965/3965/2620 225/225/183 227/227/185
f  3964/3964/2619 3963/3963/2618 3966/3966/2621 3967/3967/2622
f  3964/3964/2619 3967/3967/2622 3968/3968/2623 3965/3965/2620
f  3968/3968/2623 3969/3969/2624 3970/3970/2625 3965/3965/2620
f  3968/3968/2623 3967/3967/2622 3971/3971/2626 3972/3972/2627
f  3968/3968/2623 3972/3972/2627 3973/3973/2628 3969/3969/2624
f  3973/3973/2628 3974/3974/2629 3975/3975/2630 3969/3969/2624
f  3973/3973/2628 3972/3972/2627 3976/3976/2631 3977/3977/2632
f  3973/3973/2628 3977/3977/2632 3978/3978/2633 3974/3974/2629
f  3978/3978/2633 3979/3979/2634 3980/3980/2635 3974/3974/2629
f  3978/3978/2633 3977/3977/2632 3981/3981/2636 3982/3982/2637
f  3978/3978/2633 3982/3982/2637 3983/3983/2638 3979/3979/2634
f  3983/3983/2638 3984/3984/2639 3985/3985/2640 3979/3979/2634
f  3983/3983/2638 3982/3982/2637 3986/3986/2641 3987/3987/2642
f  3983/3983/2638 3987/3987/2642 3988/3988/2643 3984/3984/2639
f  3988/3988/2643 3989/3989/2644 3990/3990/2645 3984/3984/2639
f  3988/3988/2643 3987/3987/2642 3991/3991/2646 3992/3992/2647
f  3988/3988/2643 3992/3992/2647 3993/3993/2648 3989/3989/2644
f  3993/3993/2648 3994/3994/2649 3995/3995/2650 3989/3989/2644
f  3996/3996/2648 3997/3997/2647 3998/3998/2651 3999/3999/2652
f  4000/4000/2648 4001/4001/2652 4002/4002/2653 4003/4003/2649
f  4004/4004/2653 4005/4005/2654 4006/4006/2655 3994/3994/2649
f  4002/4002/2653 4001/4001/2652 4007/4007/2656 4008/4008/2657
f  4009/4009/2653 4010/4010/2657 4011/4011/2658 4012/4012/2654
f  4011/4011/2658 4013/4013/2659 4014/4014/2660 4012/4012/2654
f  4011/4011/2658 4010/4010/2657 4015/4015/2661 4016/4016/2662
f  4011/4011/2658 4016/4016/2662 4017/4017/2663 4013/4013/2659
f  4017/4017/2663 8/8/8 7/7/7 4013/4013/2659
f  4017/4017/2663 4016/4016/2662 4018/4018/2664 4019/4019/2665
f  4017/4017/2663 4019/4019/2665 9/9/9 8/8/8
f  4019/4019/2665 4018/4018/2664 4020/4020/2666 4021/4021/2667
f  4019/4019/2665 4021/4021/2667 4022/4022/2668 9/9/9
f  4022/4022/2668 4023/4023/2669 10/10/10 9/9/9
f  4022/4022/2668 4021/4021/2667 4024/4024/2670 4025/4025/2671
f  4022/4022/2668 4025/4025/2671 4026/4026/2672 4023/4023/2669
f  4026/4026/2672 4027/4027/2673 4028/4028/2674 4023/4023/2669
f  4026/4026/2672 4025/4025/2671 4029/4029/2675 4030/4030/2676
f  4026/4026/2672 4030/4030/2676 4031/4031/2677 4027/4027/2673
f  4031/4031/2677 4032/4032/2678 173/173/141 4027/4027/2673
f  4031/4031/2677 4030/4030/2676 3365/3365/2239 3362/3362/2237
f  4031/4031/2677 3362/3362/2237 3359/3359/2235 4032/4032/2678
f  4032/4032/2678 4033/4033/2679 174/174/142 173/173/141
f  4032/4032/2678 3359/3359/2235 3358/3358/2234 4033/4033/2679
f  4033/4033/2679 4034/4034/2680 179/179/147 174/174/142
f  4033/4033/2679 3358/3358/2234 3347/3347/2230 4034/4034/2680
f  4034/4034/2680 4035/4035/2681 2530/2530/1749 179/179/147
f  4034/4034/2680 3347/3347/2230 3346/3346/2228 4035/4035/2681
f  4035/4035/2681 4036/4036/1754 2531/2531/1750 2530/2530/1749
f  4035/4035/2681 3346/3346/2228 4037/4037/2226 4036/4036/1754
f  4030/4030/2676 4029/4029/2675 4038/4038/2241 3365/3365/2239
f  4029/4029/2675 4025/4025/2671 4024/4024/2670 4039/4039/2682
f  4029/4029/2675 4039/4039/2682 4040/4040/2243 4038/4038/2241
f  4039/4039/2682 4024/4024/2670 4041/4041/2683 4042/4042/2684
f  4039/4039/2682 4042/4042/2684 4043/4043/2245 4040/4040/2243
f  4042/4042/2684 4041/4041/2683 4044/4044/2685 4045/4045/2686
f  4046/4046/2684 4047/4047/2686 4048/4048/2687 3373/3373/2245
f  4048/4048/2687 4047/4047/2686 4049/4049/2688 4050/4050/2689
f  4048/4048/2687 4050/4050/2689 4051/4051/2690 3376/3376/2248
f  4048/4048/2687 3376/3376/2248 3374/3374/2246 3373/3373/2245
f  4051/4051/2690 4050/4050/2689 4052/4052/2691 4053/4053/2692
f  4051/4051/2690 4053/4053/2692 3549/3549/2346 4054/4054/2693
f  4051/4051/2690 4054/4054/2693 3377/3377/2249 3376/3376/2248
f  4054/4054/2693 3549/3549/2346 3547/3547/2344 3546/3546/2343
f  4054/4054/2693 3546/3546/2343 3378/3378/2250 3377/3377/2249
f  4053/4053/2692 4052/4052/2691 3554/3554/2351 3552/3552/2349
f  4053/4053/2692 3552/3552/2349 3550/3550/2347 3549/3549/2346
f  4052/4052/2691 4050/4050/2689 4049/4049/2688 4055/4055/2694
f  4052/4052/2691 4055/4055/2694 3556/3556/2353 3554/3554/2351
f  4056/4056/2694 4057/4057/2688 4058/4058/2695 4059/4059/2696
f  4055/4055/2694 4060/4060/2696 3558/3558/2355 3556/3556/2353
f  4059/4059/2696 4058/4058/2695 4061/4061/2697 4062/4062/2698
f  4059/4059/2696 4062/4062/2698 3562/3562/2357 3561/3561/2355
f  4062/4062/2698 4061/4061/2697 4063/4063/2699 4064/4064/2700
f  4062/4062/2698 4064/4064/2700 3566/3566/2359 3562/3562/2357
f  4064/4064/2700 4063/4063/2699 4065/4065/2701 4066/4066/2702
f  4064/4064/2700 4066/4066/2702 3569/3569/2361 3566/3566/2359
f  4066/4066/2702 4065/4065/2701 4067/4067/2656 4068/4068/2703
f  4066/4066/2702 4068/4068/2703 3573/3573/2363 3569/3569/2361
f  4068/4068/2703 4067/4067/2656 3999/3999/2652 3998/3998/2651
f  4068/4068/2703 3998/3998/2651 4069/4069/2704 3573/3573/2363
f  4069/4069/2704 3998/3998/2651 3997/3997/2647 4070/4070/2646
f  4069/4069/2704 4070/4070/2646 4071/4071/2705 4072/4072/2366
f  4069/4069/2704 4072/4072/2366 3574/3574/2364 3573/3573/2363
f  4073/4073/2705 3991/3991/2646 3987/3987/2642 3986/3986/2641
f  4073/4073/2705 3986/3986/2641 4074/4074/2706 4075/4075/2369
f  4076/4076/2705 3580/3580/2369 3578/3578/2367 3577/3577/2366
f  4074/4074/2706 3986/3986/2641 3982/3982/2637 3981/3981/2636
f  4074/4074/2706 3981/3981/2636 4077/4077/2707 4078/4078/2708
f  4079/4079/2706 4080/4080/2708 3581/3581/2370 3580/3580/2369
f  4081/4081/2708 4082/4082/2707 4083/4083/2709 4084/4084/2710
f  4080/4080/2708 4085/4085/2710 3582/3582/2371 3581/3581/2370
f  4084/4084/2710 4083/4083/2709 4086/4086/2711 4087/4087/2712
f  4085/4085/2710 4088/4088/2712 3584/3584/2373 3582/3582/2371
f  4087/4087/2712 4086/4086/2711 4089/4089/2713 4090/4090/2714
f  4088/4088/2712 4091/4091/2714 3586/3586/2375 3584/3584/2373
f  4090/4090/2714 4089/4089/2713 4092/4092/2715 4093/4093/2716
f  4091/4091/2714 4094/4094/2716 3588/3588/2377 3586/3586/2375
f  4093/4093/2716 4092/4092/2715 4095/4095/2717 4096/4096/2718
f  4094/4094/2716 4097/4097/2718 4098/4098/2719 3588/3588/2377
f  4098/4098/2719 4097/4097/2718 4099/4099/2720 4100/4100/2721
f  4098/4098/2719 4100/4100/2721 4101/4101/2722 3591/3591/2380
f  4098/4098/2719 3591/3591/2380 3589/3589/2378 3588/3588/2377
f  4101/4101/2722 4100/4100/2721 4102/4102/2723 4103/4103/2724
f  4101/4101/2722 4103/4103/2724 4104/4104/2725 3594/3594/2383
f  4101/4101/2722 3594/3594/2383 3592/3592/2381 3591/3591/2380
f  4104/4104/2725 4103/4103/2724 4105/4105/2726 4106/4106/2727
f  4104/4104/2725 4106/4106/2727 3600/3600/2389 3598/3598/2387
f  4104/4104/2725 3598/3598/2387 3595/3595/2384 3594/3594/2383
f  4106/4106/2727 4105/4105/2726 4107/4107/2728 4108/4108/2729
f  4106/4106/2727 4108/4108/2729 4109/4109/2730 3600/3600/2389
f  4109/4109/2730 4108/4108/2729 4110/4110/2731 4111/4111/2732
f  4109/4109/2730 4111/4111/2732 4112/4112/2733 3603/3603/2392
f  4109/4109/2730 3603/3603/2392 3601/3601/2390 3600/3600/2389
f  4112/4112/2733 4111/4111/2732 4113/4113/2734 4114/4114/2735
f  4112/4112/2733 4114/4114/2735 4115/4115/2736 3606/3606/2395
f  4112/4112/2733 3606/3606/2395 3604/3604/2393 3603/3603/2392
f  4115/4115/2736 4114/4114/2735 4116/4116/2737 4117/4117/2738
f  4115/4115/2736 4117/4117/2738 4118/4118/2739 4119/4119/2740
f  4115/4115/2736 4119/4119/2740 3607/3607/2396 3606/3606/2395
f  4119/4119/2740 4118/4118/2739 4120/4120/2741 4121/4121/2742
f  4119/4119/2740 4121/4121/2742 3608/3608/2397 3607/3607/2396
f  4122/4122/2742 4123/4123/2741 4124/4124/2743 4125/4125/2744
f  4122/4122/2742 4125/4125/2744 3612/3612/2399 3611/3611/2397
f  4125/4125/2744 4124/4124/2743 4126/4126/2745 4127/4127/2746
f  4125/4125/2744 4127/4127/2746 3616/3616/2401 3612/3612/2399
f  4127/4127/2746 4126/4126/2745 4128/4128/2747 4129/4129/2748
f  4127/4127/2746 4129/4129/2748 3619/3619/2403 3616/3616/2401
f  4129/4129/2748 4128/4128/2747 4130/4130/2749 4131/4131/2750
f  4129/4129/2748 4131/4131/2750 4132/4132/2751 3619/3619/2403
f  4132/4132/2751 3622/3622/2406 3620/3620/2404 3619/3619/2403
f  4132/4132/2751 4131/4131/2750 4133/4133/2752 3628/3628/2412
f  4132/4132/2751 3628/3628/2412 3624/3624/2408 3622/3622/2406
f  4133/4133/2752 4131/4131/2750 4130/4130/2749 4134/4134/2753
f  4133/4133/2752 4134/4134/2753 4135/4135/2754 4136/4136/2755
f  4133/4133/2752 4136/4136/2755 3629/3629/2413 3628/3628/2412
f  4136/4136/2755 4135/4135/2754 4137/4137/2756 4138/4138/2757
f  4136/4136/2755 4138/4138/2757 4139/4139/2414 3629/3629/2413
f  4140/4140/2757 4141/4141/2756 4142/4142/2758 3662/3662/2423
f  4138/4138/2757 4143/4143/2423 4144/4144/2416 4139/4139/2414
f  4145/4145/2758 4146/4146/2756 4147/4147/2759 4148/4148/2760
f  4149/4149/2758 4150/4150/2760 4151/4151/2761 4152/4152/2426
f  4142/4142/2758 3666/3666/2426 3663/3663/2424 3662/3662/2423
f  4151/4151/2761 4150/4150/2760 4153/4153/2762 4154/4154/2763
f  4151/4151/2761 4154/4154/2763 802/802/637 804/804/639
f  4155/4155/2761 4156/4156/639 4157/4157/2427 4158/4158/2426
f  4159/4159/2763 4160/4160/2762 4161/4161/2764 4162/4162/2765
f  4154/4154/2763 4163/4163/2765 803/803/638 802/802/637
f  4162/4162/2765 4161/4161/2764 4164/4164/827 4165/4165/2766
f  4166/4166/2765 4167/4167/2766 795/795/631 4168/4168/638
f  4169/4169/2766 4170/4170/827 4171/4171/826 4172/4172/2767
f  4169/4169/2766 4172/4172/2767 4173/4173/632 4174/4174/631
f  4175/4175/2767 1043/1043/826 1046/1046/829 789/789/625
f  4175/4175/2767 789/789/625 788/788/624 4176/4176/632
f  4177/4177/2764 4178/4178/2762 4179/4179/2768 4180/4180/2769
f  4181/4181/2764 4182/4182/2769 4183/4183/828 4184/4184/827
f  4185/4185/2769 4186/4186/2768 1303/1303/1014 1306/1306/1016
f  4185/4185/2769 1306/1306/1016 1032/1032/817 4187/4187/828
f  4179/4179/2768 4147/4147/2759 4188/4188/1015 4189/4189/1014
f  4179/4179/2768 4178/4178/2762 4148/4148/2760 4147/4147/2759
f  4147/4147/2759 4146/4146/2756 4190/4190/2754 4188/4188/1015
f  4191/4191/2754 4192/4192/2753 4193/4193/1011 4194/4194/1015
f  4195/4195/2753 4196/4196/2749 4197/4197/1012 4198/4198/1011
f  4196/4196/2749 4199/4199/2747 4200/4200/2770 4197/4197/1012
f  4200/4200/2770 4199/4199/2747 4201/4201/2745 4202/4202/2771
f  4203/4203/2770 4204/4204/2771 4205/4205/2772 4206/4206/2773
f  4203/4203/2770 4206/4206/2773 1302/1302/1013 1301/1301/1012
f  4207/4207/2773 4208/4208/2772 4209/4209/2774 4210/4210/2775
f  4207/4207/2773 4210/4210/2775 4211/4211/2776 4212/4212/1013
f  4211/4211/2776 4210/4210/2775 4213/4213/2777 4214/4214/2778
f  4211/4211/2776 4214/4214/2778 4215/4215/2779 4216/4216/2780
f  4217/4217/2776 4218/4218/2780 1299/1299/1010 1302/1302/1013
f  4219/4219/2780 4220/4220/2779 4221/4221/2781 4222/4222/814
f  4223/4223/2780 1027/1027/814 1026/1026/813 4224/4224/1010
f  4225/4225/2781 791/791/627 797/797/624 4226/4226/623
f  4221/4221/2781 4227/4227/623 4228/4228/815 4222/4222/814
f  4221/4221/2781 4220/4220/2779 4229/4229/628 4230/4230/627
f  4220/4220/2779 4231/4231/2778 4232/4232/2782 4229/4229/628
f  4233/4233/2782 4234/4234/2783 793/793/629 792/792/628
f  4232/4232/2782 4231/4231/2778 4235/4235/2777 4236/4236/2784
f  4237/4237/2782 4238/4238/2784 4239/4239/2785 4240/4240/2783
f  4241/4241/2785 4242/4242/2786 4243/4243/2787 4234/4234/2783
f  4239/4239/2785 4238/4238/2784 4244/4244/2788 4245/4245/2789
f  4241/4241/2785 4246/4246/2789 4247/4247/2790 4242/4242/2786
f  4247/4247/2790 4248/4248/2791 4249/4249/2792 4242/4242/2786
f  4247/4247/2790 4246/4246/2789 4250/4250/2793 4251/4251/2794
f  4247/4247/2790 4251/4251/2794 4252/4252/2795 4248/4248/2791
f  4252/4252/2795 3702/3702/2445 3700/3700/2443 4248/4248/2791
f  4253/4253/2795 4254/4254/2794 4255/4255/2796 4256/4256/2797
f  4253/4253/2795 4256/4256/2797 3707/3707/2447 3706/3706/2445
f  4256/4256/2797 4255/4255/2796 4257/4257/2798 4258/4258/2799
f  4256/4256/2797 4258/4258/2799 3709/3709/2449 3707/3707/2447
f  4258/4258/2799 4257/4257/2798 828/828/656 4259/4259/2800
f  4258/4258/2799 4259/4259/2800 3711/3711/2451 3709/3709/2449
f  4259/4259/2800 828/828/656 827/827/655 4260/4260/2801
f  4259/4259/2800 4260/4260/2801 4261/4261/2802 3711/3711/2451
f  4261/4261/2802 3714/3714/2454 3712/3712/2452 3711/3711/2451
f  4261/4261/2802 4260/4260/2801 4262/4262/2803 4263/4263/2804
f  4261/4261/2802 4263/4263/2804 4264/4264/2805 3714/3714/2454
f  4264/4264/2805 3719/3719/2457 3715/3715/2455 3714/3714/2454
f  4265/4265/2805 4266/4266/2804 4267/4267/2806 4268/4268/2807
f  4264/4264/2805 4269/4269/2807 4270/4270/2808 3719/3719/2457
f  4271/4271/2808 3725/3725/2460 3724/3724/2458 4272/4272/2457
f  4271/4271/2808 4268/4268/2807 4273/4273/2809 4274/4274/2810
f  4271/4271/2808 4274/4274/2810 4275/4275/2811 3725/3725/2460
f  4275/4275/2811 3729/3729/2463 3726/3726/2461 3725/3725/2460
f  4275/4275/2811 4274/4274/2810 4276/4276/2812 4277/4277/2813
f  4275/4275/2811 4277/4277/2813 4278/4278/2814 3729/3729/2463
f  4278/4278/2814 3732/3732/2466 3730/3730/2464 3729/3729/2463
f  4278/4278/2814 4277/4277/2813 4279/4279/2815 4280/4280/2816
f  4278/4278/2814 4280/4280/2816 4281/4281/2817 3732/3732/2466
f  4281/4281/2817 3735/3735/2469 3733/3733/2467 3732/3732/2466
f  4281/4281/2817 4280/4280/2816 4282/4282/2818 4283/4283/2819
f  4281/4281/2817 4283/4283/2819 4284/4284/2820 3735/3735/2469
f  4284/4284/2820 3738/3738/2472 3736/3736/2470 3735/3735/2469
f  4284/4284/2820 4283/4283/2819 4285/4285/2821 4286/4286/2822
f  4284/4284/2820 4286/4286/2822 4287/4287/2823 3738/3738/2472
f  4287/4287/2823 3742/3742/2475 3739/3739/2473 3738/3738/2472
f  4287/4287/2823 4286/4286/2822 4288/4288/2824 4289/4289/2825
f  4287/4287/2823 4289/4289/2825 3750/3750/2479 3742/3742/2475
f  4289/4289/2825 4288/4288/2824 4290/4290/2826 4291/4291/2827
f  4289/4289/2825 4291/4291/2827 3751/3751/2480 3750/3750/2479
f  4291/4291/2827 4290/4290/2826 4292/4292/2828 4293/4293/2829
f  4291/4291/2827 4293/4293/2829 3754/3754/2482 3751/3751/2480
f  4293/4293/2829 4292/4292/2828 4294/4294/2830 4295/4295/2831
f  4293/4293/2829 4295/4295/2831 3757/3757/2484 3754/3754/2482
f  4295/4295/2831 4294/4294/2830 4296/4296/2832 4297/4297/2833
f  4295/4295/2831 4297/4297/2833 3760/3760/2486 3757/3757/2484
f  4297/4297/2833 4296/4296/2832 4298/4298/2834 4299/4299/2835
f  4297/4297/2833 4299/4299/2835 4300/4300/2836 3760/3760/2486
f  4300/4300/2836 3765/3765/2489 3761/3761/2487 3760/3760/2486
f  4300/4300/2836 4299/4299/2835 4301/4301/2837 4302/4302/2838
f  4300/4300/2836 4302/4302/2838 3769/3769/2491 3765/3765/2489
f  4303/4303/2838 4304/4304/2837 3882/3882/2551 3880/3880/2549
f  4303/4303/2838 3880/3880/2549 3775/3775/2493 3774/3774/2491
f  4301/4301/2837 4299/4299/2835 4298/4298/2834 4305/4305/2839
f  4301/4301/2837 4305/4305/2839 4306/4306/2553 4307/4307/2551
f  4305/4305/2839 4298/4298/2834 4308/4308/2840 4309/4309/2841
f  4305/4305/2839 4309/4309/2841 4310/4310/2842 4306/4306/2553
f  4310/4310/2842 4309/4309/2841 4311/4311/2843 4312/4312/2844
f  4313/4313/2842 4314/4314/2844 4315/4315/2845 3887/3887/2556
f  4313/4313/2842 3887/3887/2556 3885/3885/2554 3884/3884/2553
f  4315/4315/2845 4314/4314/2844 4316/4316/2846 4317/4317/2847
f  4315/4315/2845 4317/4317/2847 4318/4318/2848 4319/4319/2849
f  4315/4315/2845 4319/4319/2849 3888/3888/2557 3887/3887/2556
f  4319/4319/2849 4318/4318/2848 4320/4320/2850 4321/4321/2851
f  4319/4319/2849 4321/4321/2851 3889/3889/2558 3888/3888/2557
f  4321/4321/2851 4320/4320/2850 4322/4322/2852 4323/4323/2853
f  4321/4321/2851 4323/4323/2853 3891/3891/2560 3889/3889/2558
f  4323/4323/2853 4322/4322/2852 4324/4324/2854 4325/4325/2855
f  4323/4323/2853 4325/4325/2855 3893/3893/2562 3891/3891/2560
f  4325/4325/2855 4324/4324/2854 4326/4326/2856 4327/4327/2857
f  4325/4325/2855 4327/4327/2857 3895/3895/2564 3893/3893/2562
f  4327/4327/2857 4326/4326/2856 4328/4328/2858 4329/4329/2859
f  4327/4327/2857 4329/4329/2859 3897/3897/2566 3895/3895/2564
f  4329/4329/2859 4328/4328/2858 4330/4330/2860 4331/4331/2861
f  4329/4329/2859 4331/4331/2861 4332/4332/2568 3897/3897/2566
f  4333/4333/2861 4334/4334/2860 4335/4335/2862 4336/4336/2863
f  4333/4333/2861 4336/4336/2863 4337/4337/2864 3901/3901/2568
f  4337/4337/2864 3906/3906/2572 3902/3902/2569 3901/3901/2568
f  4337/4337/2864 4336/4336/2863 4338/4338/2865 4339/4339/2866
f  4337/4337/2864 4339/4339/2866 3908/3908/2574 3906/3906/2572
f  4340/4340/2866 4341/4341/2865 4342/4342/2867 4343/4343/2868
f  4340/4340/2866 4343/4343/2868 3912/3912/2576 3911/3911/2574
f  4343/4343/2868 4342/4342/2867 4344/4344/2869 4345/4345/2870
f  4343/4343/2868 4345/4345/2870 3915/3915/2578 3912/3912/2576
f  4345/4345/2870 4344/4344/2869 4346/4346/2871 4347/4347/2872
f  4345/4345/2870 4347/4347/2872 4348/4348/2873 3915/3915/2578
f  4348/4348/2873 3921/3921/2582 3916/3916/2579 3915/3915/2578
f  4348/4348/2873 4347/4347/2872 4349/4349/2874 4350/4350/2875
f  4348/4348/2873 4350/4350/2875 4351/4351/2876 3921/3921/2582
f  4351/4351/2876 3928/3928/2589 3922/3922/2583 3921/3921/2582
f  4351/4351/2876 4350/4350/2875 4352/4352/2877 4353/4353/2878
f  4351/4351/2876 4353/4353/2878 4354/4354/2879 3928/3928/2589
f  4354/4354/2879 3933/3933/2594 3929/3929/2590 3928/3928/2589
f  4354/4354/2879 4353/4353/2878 4355/4355/2880 4356/4356/2881
f  4354/4354/2879 4356/4356/2881 4357/4357/2882 3933/3933/2594
f  4357/4357/2882 4358/4358/2599 3934/3934/2595 3933/3933/2594
f  4359/4359/2882 4360/4360/2881 4361/4361/2883 4362/4362/2884
f  4359/4359/2882 4362/4362/2884 4363/4363/2885 4364/4364/2599
f  4365/4365/2885 3946/3946/2604 3941/3941/2600 3940/3940/2599
f  4363/4363/2885 4362/4362/2884 4366/4366/2886 4367/4367/2887
f  4365/4365/2885 4368/4368/2887 4369/4369/2888 3946/3946/2604
f  4369/4369/2888 3951/3951/2609 3947/3947/2605 3946/3946/2604
f  4370/4370/2888 4367/4367/2887 4371/4371/2889 4372/4372/2890
f  4369/4369/2888 4373/4373/2890 3956/3956/2614 3951/3951/2609
f  4372/4372/2890 4371/4371/2889 4374/4374/2891 4375/4375/2892
f  4372/4372/2890 4375/4375/2892 3960/3960/2615 4376/4376/2614
f  4375/4375/2892 4374/4374/2891 4377/4377/2893 4378/4378/2894
f  4375/4375/2892 4378/4378/2894 3961/3961/2617 3960/3960/2615
f  4378/4378/2894 4377/4377/2893 4379/4379/2895 4380/4380/2896
f  4378/4378/2894 4380/4380/2896 4381/4381/2897 3961/3961/2617
f  4381/4381/2897 4382/4382/2621 3962/3962/2618 3961/3961/2617
f  4381/4381/2897 4380/4380/2896 4383/4383/2898 4384/4384/2899
f  4381/4381/2897 4384/4384/2899 4385/4385/2900 4382/4382/2621
f  4386/4386/2900 3971/3971/2626 3967/3967/2622 3966/3966/2621
f  4385/4385/2900 4384/4384/2899 4387/4387/2901 4388/4388/2902
f  4386/4386/2900 4389/4389/2902 4390/4390/2903 3971/3971/2626
f  4390/4390/2903 3976/3976/2631 3972/3972/2627 3971/3971/2626
f  4391/4391/2903 4388/4388/2902 4086/4086/2711 4083/4083/2709
f  4391/4391/2903 4083/4083/2709 4082/4082/2707 4392/4392/2631
f  4388/4388/2902 4387/4387/2901 4089/4089/2713 4086/4086/2711
f  4387/4387/2901 4384/4384/2899 4383/4383/2898 4393/4393/2904
f  4387/4387/2901 4393/4393/2904 4092/4092/2715 4089/4089/2713
f  4393/4393/2904 4383/4383/2898 4394/4394/2905 4395/4395/2906
f  4393/4393/2904 4395/4395/2906 4095/4095/2717 4092/4092/2715
f  4395/4395/2906 4394/4394/2905 4396/4396/2907 4397/4397/2908
f  4395/4395/2906 4397/4397/2908 4398/4398/2909 4095/4095/2717
f  4398/4398/2909 4397/4397/2908 4399/4399/2910 4400/4400/2911
f  4398/4398/2909 4400/4400/2911 4401/4401/2912 4402/4402/2720
f  4398/4398/2909 4402/4402/2720 4096/4096/2718 4095/4095/2717
f  4401/4401/2912 4400/4400/2911 4403/4403/2913 4404/4404/2914
f  4405/4405/2912 4406/4406/2914 4407/4407/2915 4102/4102/2723
f  4405/4405/2912 4102/4102/2723 4100/4100/2721 4099/4099/2720
f  4408/4408/2915 4404/4404/2914 4409/4409/2916 4410/4410/2917
f  4407/4407/2915 4411/4411/2917 4107/4107/2728 4105/4105/2726
f  4407/4407/2915 4105/4105/2726 4103/4103/2724 4102/4102/2723
f  4410/4410/2917 4409/4409/2916 4412/4412/2918 4413/4413/2919
f  4411/4411/2917 4414/4414/2919 4415/4415/2920 4107/4107/2728
f  4415/4415/2920 4414/4414/2919 4416/4416/2921 4417/4417/2922
f  4415/4415/2920 4417/4417/2922 4418/4418/2923 4110/4110/2731
f  4415/4415/2920 4110/4110/2731 4108/4108/2729 4107/4107/2728
f  4418/4418/2923 4417/4417/2922 4419/4419/2924 4420/4420/2925
f  4418/4418/2923 4420/4420/2925 4421/4421/2926 4113/4113/2734
f  4418/4418/2923 4113/4113/2734 4111/4111/2732 4110/4110/2731
f  4421/4421/2926 4420/4420/2925 4422/4422/2927 4423/4423/2928
f  4421/4421/2926 4423/4423/2928 4424/4424/2929 4116/4116/2737
f  4421/4421/2926 4116/4116/2737 4114/4114/2735 4113/4113/2734
f  4424/4424/2929 4423/4423/2928 1038/1038/822 1042/1042/825
f  4424/4424/2929 1042/1042/825 4425/4425/2930 4426/4426/2931
f  4424/4424/2929 4426/4426/2931 4117/4117/2738 4116/4116/2737
f  4426/4426/2931 4425/4425/2930 4427/4427/2932 4428/4428/2933
f  4426/4426/2931 4428/4428/2933 4118/4118/2739 4117/4117/2738
f  4428/4428/2933 4427/4427/2932 4429/4429/2934 4430/4430/2935
f  4428/4428/2933 4430/4430/2935 4120/4120/2741 4118/4118/2739
f  4431/4431/2935 4432/4432/2934 4433/4433/2936 4434/4434/2937
f  4431/4431/2935 4434/4434/2937 4124/4124/2743 4123/4123/2741
f  4434/4434/2937 4433/4433/2936 4205/4205/2772 4204/4204/2771
f  4435/4435/2937 4202/4202/2771 4201/4201/2745 4436/4436/2743
f  4437/4437/2936 4429/4429/2934 4438/4438/2938 4439/4439/2939
f  4440/4440/2936 4441/4441/2939 4209/4209/2774 4208/4208/2772
f  4442/4442/2939 4443/4443/2940 4444/4444/2941 4445/4445/2774
f  4446/4446/2939 4447/4447/2938 4448/4448/2942 4449/4449/2940
f  4448/4448/2942 4450/4450/2943 4451/4451/2944 4449/4449/2940
f  4448/4448/2942 4447/4447/2938 4452/4452/2945 4453/4453/2946
f  4448/4448/2942 4453/4453/2946 4454/4454/2947 4450/4450/2943
f  4454/4454/2947 4453/4453/2946 4455/4455/2948 825/825/653
f  4454/4454/2947 825/825/653 824/824/652 4456/4456/2949
f  4454/4454/2947 4456/4456/2949 4457/4457/2950 4450/4450/2943
f  4457/4457/2950 4255/4255/2796 4254/4254/2794 4458/4458/2793
f  4457/4457/2950 4458/4458/2793 4451/4451/2944 4450/4450/2943
f  4457/4457/2950 4456/4456/2949 4257/4257/2798 4255/4255/2796
f  4456/4456/2949 824/824/652 828/828/656 4257/4257/2798
f  4455/4455/2948 4453/4453/2946 4452/4452/2945 4459/4459/2951
f  4455/4455/2948 4459/4459/2951 1036/1036/821 1035/1035/820
f  4455/4455/2948 1035/1035/820 826/826/654 825/825/653
f  4460/4460/2951 4461/4461/2945 4427/4427/2932 4425/4425/2930
f  4460/4460/2951 4425/4425/2930 1042/1042/825 1041/1041/821
f  4461/4461/2945 4438/4438/2938 4429/4429/2934 4427/4427/2932
f  4462/4462/2944 4463/4463/2793 4464/4464/2789 4465/4465/2788
f  4462/4462/2944 4465/4465/2788 4444/4444/2941 4443/4443/2940
f  4444/4444/2941 4465/4465/2788 4236/4236/2784 4235/4235/2777
f  4466/4466/2941 4213/4213/2777 4210/4210/2775 4209/4209/2774
f  4423/4423/2928 4422/4422/2927 1039/1039/823 1038/1038/822
f  4422/4422/2927 4420/4420/2925 4419/4419/2924 4467/4467/2952
f  4422/4422/2927 4467/4467/2952 4468/4468/2953 1039/1039/823
f  4468/4468/2953 4467/4467/2952 4469/4469/2954 4470/4470/2955
f  4468/4468/2953 4470/4470/2955 4471/4471/2956 4472/4472/2957
f  4468/4468/2953 4472/4472/2957 1040/1040/824 1039/1039/823
f  4473/4473/2957 4474/4474/2956 4475/4475/2958 4476/4476/2959
f  4472/4472/2957 4477/4477/2959 4478/4478/2960 1040/1040/824
f  4478/4478/2960 4477/4477/2959 4479/4479/2961 4480/4480/2962
f  4478/4478/2960 4480/4480/2962 4481/4481/2963 4482/4482/2964
f  4478/4478/2960 4482/4482/2964 1037/1037/818 1040/1040/824
f  4483/4483/2964 4484/4484/2963 4485/4485/2965 4486/4486/2966
f  4483/4483/2964 4486/4486/2966 1034/1034/819 1033/1033/818
f  4486/4486/2966 4485/4485/2965 4487/4487/2967 4488/4488/2968
f  4486/4486/2966 4488/4488/2968 831/831/659 1034/1034/819
f  4488/4488/2968 4487/4487/2967 4489/4489/2969 4490/4490/2970
f  4488/4488/2968 4490/4490/2970 832/832/660 831/831/659
f  4490/4490/2970 4489/4489/2969 4491/4491/2971 4492/4492/2972
f  4490/4490/2970 4492/4492/2972 833/833/661 832/832/660
f  4492/4492/2972 4491/4491/2971 4493/4493/2973 4494/4494/2974
f  4492/4492/2972 4494/4494/2974 4495/4495/2975 833/833/661
f  4495/4495/2975 4496/4496/2976 829/829/657 833/833/661
f  4497/4497/2975 4498/4498/2974 4499/4499/2977 4500/4500/2978
f  4497/4497/2975 4500/4500/2978 4501/4501/2979 4502/4502/2976
f  4501/4501/2979 4503/4503/2980 4504/4504/2981 4502/4502/2976
f  4501/4501/2979 4500/4500/2978 780/780/616 4505/4505/2982
f  4501/4501/2979 4505/4505/2982 4506/4506/2983 4503/4503/2980
f  4506/4506/2983 4507/4507/2984 4508/4508/2985 4503/4503/2980
f  4506/4506/2983 4505/4505/2982 4509/4509/2986 4510/4510/2987
f  4506/4506/2983 4510/4510/2987 4511/4511/2988 4507/4507/2984
f  4511/4511/2988 4512/4512/2989 4513/4513/2990 4507/4507/2984
f  4511/4511/2988 4510/4510/2987 4514/4514/2991 4515/4515/2992
f  4511/4511/2988 4515/4515/2992 4516/4516/2993 4512/4512/2989
f  4516/4516/2993 4517/4517/2994 4518/4518/2995 4512/4512/2989
f  4516/4516/2993 4515/4515/2992 776/776/612 4519/4519/2996
f  4516/4516/2993 4519/4519/2996 4520/4520/2997 4517/4517/2994
f  4520/4520/2997 4521/4521/2998 4522/4522/2999 4517/4517/2994
f  4520/4520/2997 4519/4519/2996 4523/4523/3000 4524/4524/3001
f  4520/4520/2997 4524/4524/3001 4525/4525/3002 4521/4521/2998
f  4525/4525/3002 4526/4526/3003 4527/4527/3004 4521/4521/2998
f  4525/4525/3002 4524/4524/3001 4528/4528/3005 4529/4529/3006
f  4525/4525/3002 4529/4529/3006 4530/4530/3007 4526/4526/3003
f  4530/4530/3007 4531/4531/3008 4532/4532/3009 4526/4526/3003
f  4530/4530/3007 4529/4529/3006 4533/4533/3010 4534/4534/3011
f  4530/4530/3007 4534/4534/3011 4535/4535/3012 4531/4531/3008
f  4535/4535/3012 4536/4536/3013 4537/4537/3014 4531/4531/3008
f  4535/4535/3012 4534/4534/3011 4538/4538/3015 4539/4539/3016
f  4535/4535/3012 4539/4539/3016 4540/4540/3017 4536/4536/3013
f  4540/4540/3017 4294/4294/2830 4292/4292/2828 4536/4536/3013
f  4540/4540/3017 4539/4539/3016 4541/4541/3018 4542/4542/3019
f  4540/4540/3017 4542/4542/3019 4296/4296/2832 4294/4294/2830
f  4542/4542/3019 4541/4541/3018 4543/4543/3020 4308/4308/2840
f  4542/4542/3019 4308/4308/2840 4298/4298/2834 4296/4296/2832
f  4543/4543/3020 4541/4541/3018 4544/4544/3021 4545/4545/3022
f  4543/4543/3020 4545/4545/3022 4546/4546/3023 4311/4311/2843
f  4543/4543/3020 4311/4311/2843 4309/4309/2841 4308/4308/2840
f  4546/4546/3023 4545/4545/3022 4547/4547/3024 4548/4548/3025
f  4546/4546/3023 4548/4548/3025 4549/4549/3026 4550/4550/2846
f  4546/4546/3023 4550/4550/2846 4312/4312/2844 4311/4311/2843
f  4549/4549/3026 4548/4548/3025 4551/4551/3027 4552/4552/3028
f  4549/4549/3026 4552/4552/3028 4553/4553/3029 4554/4554/3030
f  4555/4555/3026 4556/4556/3030 4317/4317/2847 4316/4316/2846
f  4556/4556/3030 4557/4557/3029 4558/4558/3031 4559/4559/3032
f  4556/4556/3030 4559/4559/3032 4318/4318/2848 4317/4317/2847
f  4559/4559/3032 4558/4558/3031 4560/4560/3033 4561/4561/3034
f  4559/4559/3032 4561/4561/3034 4320/4320/2850 4318/4318/2848
f  4561/4561/3034 4560/4560/3033 4562/4562/3035 4563/4563/3036
f  4561/4561/3034 4563/4563/3036 4322/4322/2852 4320/4320/2850
f  4563/4563/3036 4562/4562/3035 4564/4564/3037 4565/4565/3038
f  4563/4563/3036 4565/4565/3038 4324/4324/2854 4322/4322/2852
f  4565/4565/3038 4564/4564/3037 4566/4566/3039 4567/4567/3040
f  4565/4565/3038 4567/4567/3040 4326/4326/2856 4324/4324/2854
f  4567/4567/3040 4566/4566/3039 955/955/755 4568/4568/3041
f  4567/4567/3040 4568/4568/3041 4328/4328/2858 4326/4326/2856
f  4568/4568/3041 955/955/755 954/954/754 4569/4569/3042
f  4568/4568/3041 4569/4569/3042 4330/4330/2860 4328/4328/2858
f  4569/4569/3042 954/954/754 956/956/756 4570/4570/3043
f  4571/4571/3042 4572/4572/3043 4335/4335/2862 4334/4334/2860
f  4573/4573/3043 4574/4574/756 4575/4575/3044 4576/4576/3045
f  4573/4573/3043 4576/4576/3045 4577/4577/3046 4578/4578/2862
f  4577/4577/3046 4341/4341/2865 4579/4579/2863 4578/4578/2862
f  4577/4577/3046 4576/4576/3045 4580/4580/3047 4581/4581/3048
f  4577/4577/3046 4581/4581/3048 4342/4342/2867 4341/4341/2865
f  4581/4581/3048 4580/4580/3047 4582/4582/3049 4583/4583/3050
f  4581/4581/3048 4583/4583/3050 4344/4344/2869 4342/4342/2867
f  4583/4583/3050 4582/4582/3049 4584/4584/3051 4585/4585/3052
f  4583/4583/3050 4585/4585/3052 4346/4346/2871 4344/4344/2869
f  4585/4585/3052 4584/4584/3051 4586/4586/3053 4587/4587/3054
f  4585/4585/3052 4587/4587/3054 4588/4588/3055 4346/4346/2871
f  4588/4588/3055 4349/4349/2874 4347/4347/2872 4346/4346/2871
f  4588/4588/3055 4587/4587/3054 4589/4589/3056 4590/4590/3057
f  4588/4588/3055 4590/4590/3057 4591/4591/3058 4349/4349/2874
f  4591/4591/3058 4352/4352/2877 4350/4350/2875 4349/4349/2874
f  4591/4591/3058 4590/4590/3057 4592/4592/3059 4593/4593/3060
f  4591/4591/3058 4593/4593/3060 4594/4594/3061 4352/4352/2877
f  4594/4594/3061 4355/4355/2880 4353/4353/2878 4352/4352/2877
f  4595/4595/3061 4596/4596/3060 4597/4597/3062 4598/4598/3063
f  4595/4595/3061 4598/4598/3063 4599/4599/3064 4600/4600/2880
f  4599/4599/3064 4361/4361/2883 4360/4360/2881 4600/4600/2880
f  4599/4599/3064 4598/4598/3063 4601/4601/3065 4602/4602/3066
f  4599/4599/3064 4602/4602/3066 4603/4603/3067 4361/4361/2883
f  4603/4603/3067 4366/4366/2886 4362/4362/2884 4361/4361/2883
f  4603/4603/3067 4602/4602/3066 4604/4604/3068 4605/4605/3069
f  4603/4603/3067 4605/4605/3069 4606/4606/3070 4366/4366/2886
f  4606/4606/3070 4371/4371/2889 4367/4367/2887 4366/4366/2886
f  4606/4606/3070 4605/4605/3069 4607/4607/3071 4608/4608/3072
f  4606/4606/3070 4608/4608/3072 4374/4374/2891 4371/4371/2889
f  4608/4608/3072 4607/4607/3071 4609/4609/3073 4610/4610/3074
f  4608/4608/3072 4610/4610/3074 4377/4377/2893 4374/4374/2891
f  4610/4610/3074 4609/4609/3073 4611/4611/3075 4612/4612/3076
f  4610/4610/3074 4612/4612/3076 4379/4379/2895 4377/4377/2893
f  4612/4612/3076 4611/4611/3075 4613/4613/3077 4396/4396/2907
f  4612/4612/3076 4396/4396/2907 4394/4394/2905 4379/4379/2895
f  4613/4613/3077 4611/4611/3075 4614/4614/3078 4615/4615/3079
f  4613/4613/3077 4615/4615/3079 4616/4616/3080 4399/4399/2910
f  4613/4613/3077 4399/4399/2910 4397/4397/2908 4396/4396/2907
f  4616/4616/3080 4615/4615/3079 4617/4617/3081 4618/4618/3082
f  4616/4616/3080 4618/4618/3082 4619/4619/3083 4403/4403/2913
f  4616/4616/3080 4403/4403/2913 4400/4400/2911 4399/4399/2910
f  4619/4619/3083 4618/4618/3082 4620/4620/3084 4621/4621/3085
f  4619/4619/3083 4621/4621/3085 4412/4412/2918 4409/4409/2916
f  4619/4619/3083 4409/4409/2916 4404/4404/2914 4403/4403/2913
f  4621/4621/3085 4620/4620/3084 4622/4622/3086 4623/4623/3087
f  4621/4621/3085 4623/4623/3087 4624/4624/3088 4412/4412/2918
f  4624/4624/3088 4623/4623/3087 4625/4625/3089 4626/4626/3090
f  4627/4627/3088 4628/4628/3090 4629/4629/3091 4416/4416/2921
f  4624/4624/3088 4630/4630/2921 4413/4413/2919 4412/4412/2918
f  4631/4631/3091 4626/4626/3090 4632/4632/3092 4633/4633/2954
f  4629/4629/3091 4469/4469/2954 4467/4467/2952 4419/4419/2924
f  4629/4629/3091 4419/4419/2924 4417/4417/2922 4416/4416/2921
f  4632/4632/3092 4626/4626/3090 4625/4625/3089 4634/4634/3093
f  4632/4632/3092 4634/4634/3093 4635/4635/3094 4636/4636/3095
f  4632/4632/3092 4636/4636/3095 4637/4637/2955 4633/4633/2954
f  4636/4636/3095 4635/4635/3094 4638/4638/3096 4639/4639/3097
f  4636/4636/3095 4639/4639/3097 4474/4474/2956 4637/4637/2955
f  4639/4639/3097 4638/4638/3096 4640/4640/3098 4641/4641/3099
f  4639/4639/3097 4641/4641/3099 4475/4475/2958 4474/4474/2956
f  4641/4641/3099 4640/4640/3098 4642/4642/3100 4643/4643/3101
f  4641/4641/3099 4643/4643/3101 4644/4644/3102 4475/4475/2958
f  4644/4644/3102 4643/4643/3101 4645/4645/3103 4646/4646/3104
f  4647/4647/3102 4648/4648/3104 4649/4649/3105 4479/4479/2961
f  4644/4644/3102 4650/4650/2961 4476/4476/2959 4475/4475/2958
f  4649/4649/3105 4648/4648/3104 4651/4651/3106 4652/4652/3107
f  4649/4649/3105 4652/4652/3107 4653/4653/3108 4654/4654/3109
f  4649/4649/3105 4654/4654/3109 4480/4480/2962 4479/4479/2961
f  4654/4654/3109 4653/4653/3108 4655/4655/3110 4656/4656/3111
f  4654/4654/3109 4656/4656/3111 4481/4481/2963 4480/4480/2962
f  4657/4657/3111 4658/4658/3110 4659/4659/3112 4660/4660/3113
f  4657/4657/3111 4660/4660/3113 4485/4485/2965 4484/4484/2963
f  4660/4660/3113 4659/4659/3112 4661/4661/3114 4662/4662/3115
f  4660/4660/3113 4662/4662/3115 4487/4487/2967 4485/4485/2965
f  4662/4662/3115 4661/4661/3114 4663/4663/3116 4664/4664/3117
f  4662/4662/3115 4664/4664/3117 4489/4489/2969 4487/4487/2967
f  4664/4664/3117 4663/4663/3116 4665/4665/3118 4666/4666/3119
f  4664/4664/3117 4666/4666/3119 4491/4491/2971 4489/4489/2969
f  4666/4666/3119 4665/4665/3118 4667/4667/3120 4668/4668/3121
f  4666/4666/3119 4668/4668/3121 4493/4493/2973 4491/4491/2971
f  4668/4668/3121 4667/4667/3120 4669/4669/3122 4670/4670/3123
f  4668/4668/3121 4670/4670/3123 4671/4671/3124 4493/4493/2973
f  4671/4671/3124 4672/4672/2977 4494/4494/2974 4493/4493/2973
f  4673/4673/3124 4674/4674/3123 4675/4675/3125 782/782/618
f  4673/4673/3124 782/782/618 781/781/617 4499/4499/2977
f  4675/4675/3125 4674/4674/3123 4676/4676/3122 4677/4677/3126
f  4675/4675/3125 4677/4677/3126 4678/4678/3127 4679/4679/3128
f  4675/4675/3125 4679/4679/3128 783/783/619 782/782/618
f  4679/4679/3128 4678/4678/3127 4680/4680/3129 4681/4681/3130
f  4679/4679/3128 4681/4681/3130 784/784/620 783/783/619
f  4681/4681/3130 4680/4680/3129 4682/4682/3131 4683/4683/3132
f  4681/4681/3130 4683/4683/3132 4684/4684/3133 784/784/620
f  4684/4684/3133 4685/4685/3134 785/785/621 784/784/620
f  4684/4684/3133 4683/4683/3132 4686/4686/3135 4687/4687/3136
f  4684/4684/3133 4687/4687/3136 4688/4688/3137 4685/4685/3134
f  4688/4688/3137 4689/4689/3138 4690/4690/3139 4685/4685/3134
f  4688/4688/3137 4687/4687/3136 4691/4691/3140 4692/4692/3141
f  4688/4688/3137 4692/4692/3141 4693/4693/3142 4689/4689/3138
f  4693/4693/3142 4694/4694/3143 4695/4695/3144 4689/4689/3138
f  4693/4693/3142 4692/4692/3141 4696/4696/3145 4697/4697/3146
f  4693/4693/3142 4697/4697/3146 4698/4698/3147 4694/4694/3143
f  4698/4698/3147 4699/4699/3148 4700/4700/3149 4694/4694/3143
f  4698/4698/3147 4697/4697/3146 4701/4701/3150 4702/4702/706
f  4698/4698/3147 4702/4702/706 4703/4703/700 4699/4699/3148
f  4704/4704/3150 4705/4705/3146 4706/4706/3145 926/926/726
f  4704/4704/3150 926/926/726 925/925/725 4707/4707/3151
f  4701/4701/3150 4708/4708/3151 4709/4709/707 4702/4702/706
f  4707/4707/3151 925/925/725 928/928/728 4710/4710/3152
f  4708/4708/3151 4711/4711/3152 4712/4712/3153 4709/4709/707
f  4712/4712/3153 4711/4711/3152 4713/4713/3154 4714/4714/3155
f  4712/4712/3153 4714/4714/3155 4715/4715/3156 4716/4716/3157
f  4712/4712/3153 4716/4716/3157 4717/4717/701 4709/4709/707
f  4718/4718/3157 4719/4719/3156 4720/4720/3158 4721/4721/763
f  4722/4722/3157 966/966/763 891/891/702 890/890/701
f  4720/4720/3158 4719/4719/3156 4723/4723/3159 4724/4724/3160
f  4720/4720/3158 4724/4724/3160 4725/4725/3161 4726/4726/3162
f  4727/4727/3158 4728/4728/3162 4729/4729/758 4730/4730/763
f  4731/4731/3162 4732/4732/3161 4733/4733/3163 4734/4734/3164
f  4735/4735/3162 4736/4736/3164 959/959/759 958/958/758
f  4736/4736/3164 4737/4737/3163 4738/4738/3165 4739/4739/3166
f  4736/4736/3164 4739/4739/3166 4740/4740/3167 959/959/759
f  4741/4741/3167 4742/4742/3168 962/962/760 4743/4743/759
f  4741/4741/3167 4744/4744/3166 4745/4745/3169 4746/4746/3170
f  4741/4741/3167 4746/4746/3170 4747/4747/3171 4742/4742/3168
f  4747/4747/3171 4748/4748/3172 4749/4749/3173 4742/4742/3168
f  4747/4747/3171 4746/4746/3170 4750/4750/3174 4751/4751/3175
f  4747/4747/3171 4751/4751/3175 4752/4752/3176 4748/4748/3172
f  4752/4752/3176 4753/4753/3177 4754/4754/3178 4748/4748/3172
f  4752/4752/3176 4751/4751/3175 4755/4755/3179 4756/4756/3180
f  4752/4752/3176 4756/4756/3180 4757/4757/3181 4753/4753/3177
f  4757/4757/3181 4758/4758/3182 4759/4759/3183 4753/4753/3177
f  4757/4757/3181 4756/4756/3180 4760/4760/3184 4761/4761/3185
f  4757/4757/3181 4761/4761/3185 4762/4762/3186 4758/4758/3182
f  4763/4763/3186 4764/4764/3187 4765/4765/3188 4766/4766/3182
f  4763/4763/3186 4767/4767/3185 4768/4768/3189 4769/4769/3190
f  4763/4763/3186 4769/4769/3190 4770/4770/3191 4764/4764/3187
f  4770/4770/3191 4771/4771/3192 4772/4772/3193 4764/4764/3187
f  4770/4770/3191 4769/4769/3190 4773/4773/3194 4774/4774/3195
f  4770/4770/3191 4774/4774/3195 4775/4775/3196 4771/4771/3192
f  4775/4775/3196 4776/4776/3197 4777/4777/3198 4771/4771/3192
f  4775/4775/3196 4774/4774/3195 4778/4778/3199 4779/4779/3200
f  4775/4775/3196 4779/4779/3200 4780/4780/3201 4776/4776/3197
f  4780/4780/3201 4781/4781/3202 4782/4782/3203 4776/4776/3197
f  4780/4780/3201 4779/4779/3200 4783/4783/3204 4784/4784/3205
f  4780/4780/3201 4784/4784/3205 4785/4785/3206 4781/4781/3202
f  4785/4785/3206 4786/4786/3207 4787/4787/3208 4781/4781/3202
f  4785/4785/3206 4784/4784/3205 4788/4788/3209 4789/4789/3210
f  4785/4785/3206 4789/4789/3210 4790/4790/3211 4786/4786/3207
f  4790/4790/3211 4791/4791/3212 4792/4792/3213 4786/4786/3207
f  4790/4790/3211 4789/4789/3210 4793/4793/3214 4794/4794/3215
f  4790/4790/3211 4794/4794/3215 4795/4795/3216 4791/4791/3212
f  4795/4795/3216 4617/4617/3081 4796/4796/3217 4791/4791/3212
f  4795/4795/3216 4794/4794/3215 4622/4622/3086 4620/4620/3084
f  4795/4795/3216 4620/4620/3084 4618/4618/3082 4617/4617/3081
f  4796/4796/3217 4614/4614/3078 4797/4797/3218 4798/4798/3219
f  4796/4796/3217 4798/4798/3219 4792/4792/3213 4791/4791/3212
f  4796/4796/3217 4617/4617/3081 4615/4615/3079 4614/4614/3078
f  4798/4798/3219 4797/4797/3218 4799/4799/3220 4800/4800/3221
f  4798/4798/3219 4800/4800/3221 4801/4801/3222 4792/4792/3213
f  4801/4801/3222 4800/4800/3221 4802/4802/3223 4803/4803/3224
f  4801/4801/3222 4803/4803/3224 4804/4804/3225 4787/4787/3208
f  4801/4801/3222 4787/4787/3208 4786/4786/3207 4792/4792/3213
f  4804/4804/3225 4803/4803/3224 4805/4805/3226 4806/4806/3227
f  4804/4804/3225 4806/4806/3227 4807/4807/3228 4782/4782/3203
f  4804/4804/3225 4782/4782/3203 4781/4781/3202 4787/4787/3208
f  4807/4807/3228 4806/4806/3227 4808/4808/3229 4809/4809/3230
f  4807/4807/3228 4809/4809/3230 4810/4810/3231 4777/4777/3198
f  4807/4807/3228 4777/4777/3198 4776/4776/3197 4782/4782/3203
f  4810/4810/3231 4809/4809/3230 4811/4811/3232 4812/4812/3233
f  4810/4810/3231 4812/4812/3233 4813/4813/3234 4772/4772/3193
f  4810/4810/3231 4772/4772/3193 4771/4771/3192 4777/4777/3198
f  4814/4814/3234 4815/4815/3233 4816/4816/3235 4817/4817/3236
f  4814/4814/3234 4817/4817/3236 4818/4818/3237 4819/4819/3188
f  4813/4813/3234 4765/4765/3188 4764/4764/3187 4772/4772/3193
f  4818/4818/3237 4817/4817/3236 4820/4820/3238 4821/4821/3239
f  4818/4818/3237 4821/4821/3239 4822/4822/3240 4759/4759/3183
f  4818/4818/3237 4759/4759/3183 4758/4758/3182 4819/4819/3188
f  4822/4822/3240 4821/4821/3239 4823/4823/3241 4824/4824/3242
f  4822/4822/3240 4824/4824/3242 4825/4825/3243 4754/4754/3178
f  4822/4822/3240 4754/4754/3178 4753/4753/3177 4759/4759/3183
f  4825/4825/3243 4824/4824/3242 4826/4826/3244 4827/4827/3245
f  4825/4825/3243 4827/4827/3245 963/963/761 4749/4749/3173
f  4825/4825/3243 4749/4749/3173 4748/4748/3172 4754/4754/3178
f  4827/4827/3245 4826/4826/3244 4828/4828/3246 4829/4829/3247
f  4827/4827/3245 4829/4829/3247 964/964/762 963/963/761
f  4829/4829/3247 4828/4828/3246 4830/4830/3248 4831/4831/3249
f  4832/4832/3247 4833/4833/3249 4834/4834/3250 4835/4835/762
f  4836/4836/3250 4837/4837/3251 4838/4838/3252 4839/4839/3253
f  4836/4836/3250 4839/4839/3253 965/965/757 4840/4840/762
f  4836/4836/3250 4841/4841/3249 4842/4842/3254 4837/4837/3251
f  4842/4842/3254 4843/4843/3255 4844/4844/3256 4837/4837/3251
f  4842/4842/3254 4841/4841/3249 4845/4845/3248 952/952/752
f  4842/4842/3254 952/952/752 951/951/751 4843/4843/3255
f  4844/4844/3256 4564/4564/3037 4562/4562/3035 4846/4846/3257
f  4844/4844/3256 4846/4846/3257 4838/4838/3252 4837/4837/3251
f  4844/4844/3256 4843/4843/3255 4566/4566/3039 4564/4564/3037
f  4846/4846/3257 4562/4562/3035 4560/4560/3033 4847/4847/3258
f  4846/4846/3257 4847/4847/3258 893/893/704 4838/4838/3252
f  4847/4847/3258 4560/4560/3033 4558/4558/3031 4848/4848/3259
f  4847/4847/3258 4848/4848/3259 894/894/705 893/893/704
f  4848/4848/3259 4558/4558/3031 4557/4557/3029 4849/4849/3260
f  4848/4848/3259 4849/4849/3260 4850/4850/3261 894/894/705
f  4851/4851/3261 4852/4852/3260 4853/4853/3262 4854/4854/3263
f  4851/4851/3261 4854/4854/3263 4700/4700/3149 4699/4699/3148
f  4850/4850/3261 4855/4855/3148 889/889/700 894/894/705
f  4854/4854/3263 4853/4853/3262 4856/4856/3264 4857/4857/3265
f  4854/4854/3263 4857/4857/3265 4858/4858/3266 4700/4700/3149
f  4858/4858/3266 4857/4857/3265 4859/4859/3267 4860/4860/3268
f  4858/4858/3266 4860/4860/3268 4861/4861/3269 4695/4695/3144
f  4858/4858/3266 4695/4695/3144 4694/4694/3143 4700/4700/3149
f  4861/4861/3269 4860/4860/3268 4862/4862/3270 4863/4863/3271
f  4861/4861/3269 4863/4863/3271 4864/4864/3272 4690/4690/3139
f  4861/4861/3269 4690/4690/3139 4689/4689/3138 4695/4695/3144
f  4864/4864/3272 4863/4863/3271 4865/4865/3273 4866/4866/3274
f  4864/4864/3272 4866/4866/3274 778/778/614 785/785/621
f  4864/4864/3272 785/785/621 4685/4685/3134 4690/4690/3139
f  4866/4866/3274 4865/4865/3273 4867/4867/3275 4868/4868/3276
f  4866/4866/3274 4868/4868/3276 779/779/615 778/778/614
f  4868/4868/3276 4867/4867/3275 773/773/609 4869/4869/3277
f  4868/4868/3276 4869/4869/3277 4509/4509/2986 779/779/615
f  4869/4869/3277 4514/4514/2991 4510/4510/2987 4509/4509/2986
f  4869/4869/3277 773/773/609 772/772/608 4514/4514/2991
f  4867/4867/3275 4870/4870/3278 774/774/610 773/773/609
f  4867/4867/3275 4865/4865/3273 4871/4871/3279 4870/4870/3278
f  4871/4871/3279 4872/4872/3280 4873/4873/3281 4870/4870/3278
f  4871/4871/3279 4865/4865/3273 4863/4863/3271 4862/4862/3270
f  4871/4871/3279 4862/4862/3270 4874/4874/3282 4872/4872/3280
f  4874/4874/3282 4875/4875/3283 4876/4876/3284 4872/4872/3280
f  4874/4874/3282 4862/4862/3270 4860/4860/3268 4859/4859/3267
f  4874/4874/3282 4859/4859/3267 4877/4877/3285 4875/4875/3283
f  4877/4877/3285 4878/4878/3286 4879/4879/3287 4875/4875/3283
f  4877/4877/3285 4859/4859/3267 4857/4857/3265 4856/4856/3264
f  4877/4877/3285 4856/4856/3264 4551/4551/3027 4878/4878/3286
f  4879/4879/3287 4880/4880/3288 4881/4881/3289 4882/4882/3290
f  4879/4879/3287 4882/4882/3290 4876/4876/3284 4875/4875/3283
f  4879/4879/3287 4878/4878/3286 4547/4547/3024 4880/4880/3288
f  4882/4882/3290 4881/4881/3289 4533/4533/3010 4883/4883/3291
f  4882/4882/3290 4883/4883/3291 4884/4884/3292 4876/4876/3284
f  4884/4884/3292 4883/4883/3291 4528/4528/3005 4885/4885/3293
f  4884/4884/3292 4885/4885/3293 777/777/613 4873/4873/3281
f  4884/4884/3292 4873/4873/3281 4872/4872/3280 4876/4876/3284
f  4885/4885/3293 4528/4528/3005 4524/4524/3001 4523/4523/3000
f  4885/4885/3293 4523/4523/3000 775/775/611 777/777/613
f  4883/4883/3291 4533/4533/3010 4529/4529/3006 4528/4528/3005
f  4881/4881/3289 4538/4538/3015 4534/4534/3011 4533/4533/3010
f  4881/4881/3289 4880/4880/3288 4544/4544/3021 4538/4538/3015
f  4880/4880/3288 4547/4547/3024 4545/4545/3022 4544/4544/3021
f  4878/4878/3286 4551/4551/3027 4548/4548/3025 4547/4547/3024
f  4873/4873/3281 777/777/613 774/774/610 4870/4870/3278
f  4856/4856/3264 4853/4853/3262 4552/4552/3028 4551/4551/3027
f  4853/4853/3262 4852/4852/3260 4553/4553/3029 4552/4552/3028
f  4843/4843/3255 951/951/751 955/955/755 4566/4566/3039
f  4839/4839/3253 4838/4838/3252 893/893/704 892/892/703
f  4839/4839/3253 892/892/703 891/891/702 965/965/757
f  4830/4830/3248 4886/4886/3294 4887/4887/753 4888/4888/752
f  4830/4830/3248 4828/4828/3246 4889/4889/3295 4886/4886/3294
f  4889/4889/3295 4890/4890/3296 4575/4575/3044 4886/4886/3294
f  4889/4889/3295 4828/4828/3246 4826/4826/3244 4891/4891/3297
f  4889/4889/3295 4891/4891/3297 4892/4892/3298 4890/4890/3296
f  4892/4892/3298 4582/4582/3049 4580/4580/3047 4890/4890/3296
f  4892/4892/3298 4891/4891/3297 4823/4823/3241 4893/4893/3299
f  4892/4892/3298 4893/4893/3299 4584/4584/3051 4582/4582/3049
f  4893/4893/3299 4823/4823/3241 4821/4821/3239 4820/4820/3238
f  4893/4893/3299 4820/4820/3238 4586/4586/3053 4584/4584/3051
f  4891/4891/3297 4826/4826/3244 4824/4824/3242 4823/4823/3241
f  4890/4890/3296 4580/4580/3047 4576/4576/3045 4575/4575/3044
f  4886/4886/3294 4575/4575/3044 4574/4574/756 4887/4887/753
f  4820/4820/3238 4817/4817/3236 4816/4816/3235 4586/4586/3053
f  4816/4816/3235 4589/4589/3056 4587/4587/3054 4586/4586/3053
f  4816/4816/3235 4815/4815/3233 4894/4894/3232 4589/4589/3056
f  4894/4894/3232 4592/4592/3059 4590/4590/3057 4589/4589/3056
f  4811/4811/3232 4809/4809/3230 4808/4808/3229 4895/4895/3059
f  4808/4808/3229 4597/4597/3062 4596/4596/3060 4895/4895/3059
f  4808/4808/3229 4806/4806/3227 4805/4805/3226 4597/4597/3062
f  4805/4805/3226 4601/4601/3065 4598/4598/3063 4597/4597/3062
f  4805/4805/3226 4803/4803/3224 4802/4802/3223 4601/4601/3065
f  4802/4802/3223 4604/4604/3068 4602/4602/3066 4601/4601/3065
f  4802/4802/3223 4800/4800/3221 4799/4799/3220 4604/4604/3068
f  4799/4799/3220 4607/4607/3071 4605/4605/3069 4604/4604/3068
f  4799/4799/3220 4797/4797/3218 4609/4609/3073 4607/4607/3071
f  4797/4797/3218 4614/4614/3078 4611/4611/3075 4609/4609/3073
f  4794/4794/3215 4793/4793/3214 4896/4896/3300 4622/4622/3086
f  4896/4896/3300 4793/4793/3214 4897/4897/3301 4898/4898/3302
f  4896/4896/3300 4898/4898/3302 4634/4634/3093 4625/4625/3089
f  4896/4896/3300 4625/4625/3089 4623/4623/3087 4622/4622/3086
f  4898/4898/3302 4897/4897/3301 4899/4899/3303 4900/4900/3304
f  4898/4898/3302 4900/4900/3304 4635/4635/3094 4634/4634/3093
f  4900/4900/3304 4899/4899/3303 939/939/739 938/938/738
f  4900/4900/3304 938/938/738 4638/4638/3096 4635/4635/3094
f  4899/4899/3303 4897/4897/3301 4788/4788/3209 4901/4901/3305
f  4899/4899/3303 4901/4901/3305 4902/4902/3306 939/939/739
f  4902/4902/3306 4901/4901/3305 4783/4783/3204 4903/4903/3307
f  4902/4902/3306 4903/4903/3307 4904/4904/3308 4905/4905/3309
f  4902/4902/3306 4905/4905/3309 942/942/742 939/939/739
f  4905/4905/3309 4904/4904/3308 4906/4906/3310 4907/4907/3311
f  4905/4905/3309 4907/4907/3311 4908/4908/3312 942/942/742
f  4908/4908/3312 4907/4907/3311 4909/4909/3313 4910/4910/3314
f  4908/4908/3312 4910/4910/3314 4911/4911/3315 4912/4912/3316
f  4908/4908/3312 4912/4912/3316 940/940/740 942/942/742
f  4912/4912/3316 4911/4911/3315 4913/4913/3317 4914/4914/3318
f  4912/4912/3316 4914/4914/3318 4915/4915/3319 940/940/740
f  4915/4915/3319 4914/4914/3318 4916/4916/3320 4917/4917/3321
f  4915/4915/3319 4917/4917/3321 4918/4918/3322 4919/4919/3323
f  4915/4915/3319 4919/4919/3323 941/941/741 940/940/740
f  4919/4919/3323 4918/4918/3322 4920/4920/3324 4921/4921/3325
f  4919/4919/3323 4921/4921/3325 4642/4642/3100 941/941/741
f  4921/4921/3325 4920/4920/3324 4922/4922/3326 4645/4645/3103
f  4921/4921/3325 4645/4645/3103 4643/4643/3101 4642/4642/3100
f  4922/4922/3326 4920/4920/3324 4923/4923/3327 4924/4924/3328
f  4922/4922/3326 4924/4924/3328 4925/4925/3329 4926/4926/3106
f  4927/4927/3326 4651/4651/3106 4648/4648/3104 4928/4928/3103
f  4925/4925/3329 4924/4924/3328 4929/4929/3330 4930/4930/3331
f  4931/4931/3329 4932/4932/3331 4933/4933/3332 4934/4934/3333
f  4931/4931/3329 4934/4934/3333 4652/4652/3107 4651/4651/3106
f  4934/4934/3333 4933/4933/3332 4935/4935/3334 4936/4936/3335
f  4934/4934/3333 4936/4936/3335 4653/4653/3108 4652/4652/3107
f  4936/4936/3335 4935/4935/3334 4937/4937/3336 4938/4938/3337
f  4936/4936/3335 4938/4938/3337 4655/4655/3110 4653/4653/3108
f  4939/4939/3337 4940/4940/3336 4941/4941/3338 4942/4942/3339
f  4938/4938/3337 4943/4943/3339 4944/4944/3112 4655/4655/3110
f  4942/4942/3339 4941/4941/3338 4945/4945/3340 4946/4946/3341
f  4942/4942/3339 4946/4946/3341 4947/4947/3114 4948/4948/3112
f  4946/4946/3341 4945/4945/3340 4949/4949/3342 4950/4950/3343
f  4946/4946/3341 4950/4950/3343 4951/4951/3116 4947/4947/3114
f  4950/4950/3343 4949/4949/3342 4952/4952/3344 4953/4953/3345
f  4950/4950/3343 4953/4953/3345 4954/4954/3118 4951/4951/3116
f  4953/4953/3345 4952/4952/3344 4955/4955/3346 4956/4956/3347
f  4953/4953/3345 4956/4956/3347 4957/4957/3120 4954/4954/3118
f  4958/4958/3347 4959/4959/3346 4960/4960/3348 4961/4961/3349
f  4956/4956/3347 4962/4962/3349 4963/4963/3122 4957/4957/3120
f  4961/4961/3349 4960/4960/3348 4964/4964/3350 4965/4965/3351
f  4961/4961/3349 4965/4965/3351 4677/4677/3126 4676/4676/3122
f  4965/4965/3351 4964/4964/3350 4966/4966/3352 4967/4967/3353
f  4965/4965/3351 4967/4967/3353 4678/4678/3127 4677/4677/3126
f  4967/4967/3353 4966/4966/3352 4968/4968/3354 4969/4969/3355
f  4967/4967/3353 4969/4969/3355 4680/4680/3129 4678/4678/3127
f  4969/4969/3355 4968/4968/3354 4970/4970/3356 4971/4971/3357
f  4969/4969/3355 4971/4971/3357 4682/4682/3131 4680/4680/3129
f  4971/4971/3357 4970/4970/3356 4972/4972/3358 4973/4973/3359
f  4971/4971/3357 4973/4973/3359 4974/4974/3360 4682/4682/3131
f  4974/4974/3360 4686/4686/3135 4683/4683/3132 4682/4682/3131
f  4974/4974/3360 4973/4973/3359 4975/4975/3361 4976/4976/3362
f  4974/4974/3360 4976/4976/3362 4977/4977/3363 4686/4686/3135
f  4977/4977/3363 4691/4691/3140 4687/4687/3136 4686/4686/3135
f  4977/4977/3363 4976/4976/3362 4978/4978/3364 4979/4979/3365
f  4977/4977/3363 4979/4979/3365 4980/4980/3366 4691/4691/3140
f  4980/4980/3366 4696/4696/3145 4692/4692/3141 4691/4691/3140
f  4981/4981/3366 4982/4982/3365 4983/4983/3367 927/927/727
f  4981/4981/3366 927/927/727 926/926/726 4706/4706/3145
f  4984/4984/3367 4985/4985/3365 4986/4986/3364 4987/4987/3368
f  4983/4983/3367 4988/4988/3368 4989/4989/3369 4990/4990/3370
f  4983/4983/3367 4990/4990/3370 921/921/721 927/927/727
f  4990/4990/3370 4989/4989/3369 4991/4991/3371 4992/4992/3372
f  4990/4990/3370 4992/4992/3372 922/922/722 921/921/721
f  4992/4992/3372 4991/4991/3371 4993/4993/3373 4994/4994/3374
f  4992/4992/3372 4994/4994/3374 4995/4995/3375 922/922/722
f  4995/4995/3375 4996/4996/3376 923/923/723 922/922/722
f  4995/4995/3375 4994/4994/3374 4997/4997/3377 4998/4998/3378
f  4995/4995/3375 4998/4998/3378 4999/4999/3379 4996/4996/3376
f  4999/4999/3379 5000/5000/3380 5001/5001/3381 4996/4996/3376
f  4999/4999/3379 4998/4998/3378 5002/5002/3382 5003/5003/3383
f  4999/4999/3379 5003/5003/3383 5004/5004/3384 5000/5000/3380
f  5005/5005/3384 5006/5006/3385 5007/5007/3386 5008/5008/3380
f  5004/5004/3384 5003/5003/3383 946/946/746 945/945/745
f  5009/5009/3384 5010/5010/745 5011/5011/3387 5012/5012/3385
f  5013/5013/3387 5014/5014/745 5015/5015/744 5016/5016/3388
f  5011/5011/3387 5017/5017/3388 5018/5018/3389 5019/5019/3390
f  5011/5011/3387 5019/5019/3390 5020/5020/3391 5012/5012/3385
f  5020/5020/3391 5019/5019/3390 5021/5021/3392 5022/5022/3393
f  5023/5023/3391 5024/5024/3393 5025/5025/3394 5026/5026/3395
f  5023/5023/3391 5026/5026/3395 5007/5007/3386 5006/5006/3385
f  5026/5026/3395 5025/5025/3394 5027/5027/3396 5028/5028/3397
f  5026/5026/3395 5028/5028/3397 5029/5029/3398 5007/5007/3386
f  5029/5029/3398 5030/5030/3381 5008/5008/3380 5007/5007/3386
f  5031/5031/3398 5032/5032/3397 5033/5033/3399 5034/5034/3400
f  5029/5029/3398 5035/5035/3400 5036/5036/3401 5030/5030/3381
f  5037/5037/3401 923/923/723 4996/4996/3376 5001/5001/3381
f  5038/5038/3401 5034/5034/3400 5039/5039/3402 5040/5040/3403
f  5037/5037/3401 5041/5041/3403 924/924/724 923/923/723
f  5040/5040/3403 5039/5039/3402 5042/5042/3404 5043/5043/3405
f  5040/5040/3403 5043/5043/3405 5044/5044/728 5045/5045/724
f  5043/5043/3405 5042/5042/3404 5046/5046/3406 4713/4713/3154
f  5043/5043/3405 4713/4713/3154 4711/4711/3152 5044/5044/728
f  5046/5046/3406 5042/5042/3404 5047/5047/3407 5048/5048/3408
f  5046/5046/3406 5048/5048/3408 5049/5049/3409 5050/5050/3410
f  5046/5046/3406 5050/5050/3410 4714/4714/3155 4713/4713/3154
f  5050/5050/3410 5049/5049/3409 5051/5051/3411 5052/5052/3159
f  5050/5050/3410 5052/5052/3159 4715/4715/3156 4714/4714/3155
f  5053/5053/3411 5054/5054/3409 5055/5055/3412 5056/5056/3413
f  5053/5053/3411 5056/5056/3413 5057/5057/3414 5058/5058/3415
f  5053/5053/3411 5058/5058/3415 4724/4724/3160 4723/4723/3159
f  5058/5058/3415 5057/5057/3414 5059/5059/3416 5060/5060/3417
f  5058/5058/3415 5060/5060/3417 4725/4725/3161 4724/4724/3160
f  5061/5061/3417 5062/5062/3416 5063/5063/3418 5064/5064/3419
f  5061/5061/3417 5064/5064/3419 5065/5065/3163 5066/5066/3161
f  5067/5067/3419 5068/5068/3418 5069/5069/3420 5070/5070/3421
f  5067/5067/3419 5070/5070/3421 4738/4738/3165 4737/4737/3163
f  5070/5070/3421 5069/5069/3420 5071/5071/3422 5072/5072/3423
f  5073/5073/3421 5074/5074/3423 5075/5075/3424 5076/5076/3165
f  5075/5075/3424 5077/5077/3169 5078/5078/3166 5076/5076/3165
f  5075/5075/3424 5074/5074/3423 5079/5079/3425 5080/5080/3426
f  5075/5075/3424 5080/5080/3426 5081/5081/3427 5077/5077/3169
f  5082/5082/3427 4750/4750/3174 4746/4746/3170 4745/4745/3169
f  5081/5081/3427 5080/5080/3426 5083/5083/3428 5084/5084/3429
f  5082/5082/3427 5085/5085/3429 5086/5086/3430 4750/4750/3174
f  5086/5086/3430 4755/4755/3179 4751/4751/3175 4750/4750/3174
f  5086/5086/3430 5085/5085/3429 5087/5087/3431 5088/5088/3432
f  5086/5086/3430 5088/5088/3432 5089/5089/3433 4755/4755/3179
f  5089/5089/3433 4760/4760/3184 4756/4756/3180 4755/4755/3179
f  5089/5089/3433 5088/5088/3432 5090/5090/3434 5091/5091/3435
f  5089/5089/3433 5091/5091/3435 5092/5092/3436 4760/4760/3184
f  5092/5092/3436 5093/5093/3189 4761/4761/3185 4760/4760/3184
f  5092/5092/3436 5091/5091/3435 5094/5094/3437 5095/5095/3438
f  5092/5092/3436 5095/5095/3438 5096/5096/3439 5093/5093/3189
f  5097/5097/3439 4773/4773/3194 4769/4769/3190 4768/4768/3189
f  5097/5097/3439 5098/5098/3438 5099/5099/3440 5100/5100/3441
f  5097/5097/3439 5100/5100/3441 5101/5101/3442 4773/4773/3194
f  5101/5101/3442 4778/4778/3199 4774/4774/3195 4773/4773/3194
f  5101/5101/3442 5100/5100/3441 4906/4906/3310 4904/4904/3308
f  5101/5101/3442 4904/4904/3308 4903/4903/3307 4778/4778/3199
f  5100/5100/3441 5099/5099/3440 5102/5102/3443 4906/4906/3310
f  5102/5102/3443 5099/5099/3440 5103/5103/3444 5104/5104/3445
f  5102/5102/3443 5104/5104/3445 5105/5105/3446 4909/4909/3313
f  5102/5102/3443 4909/4909/3313 4907/4907/3311 4906/4906/3310
f  5106/5106/3446 5107/5107/3445 5108/5108/3447 947/947/747
f  5109/5109/3446 5110/5110/747 5111/5111/749 5112/5112/3448
f  5105/5105/3446 5113/5113/3448 4910/4910/3314 4909/4909/3313
f  5113/5113/3448 5114/5114/749 5115/5115/3449 5116/5116/3450
f  5113/5113/3448 5116/5116/3450 4911/4911/3315 4910/4910/3314
f  5116/5116/3450 5115/5115/3449 5117/5117/3451 5118/5118/3452
f  5116/5116/3450 5118/5118/3452 4913/4913/3317 4911/4911/3315
f  5119/5119/3452 5120/5120/3451 5121/5121/3453 5122/5122/3454
f  5119/5119/3452 5122/5122/3454 5123/5123/3455 5124/5124/3317
f  5123/5123/3455 5122/5122/3454 5125/5125/3456 5126/5126/3457
f  5127/5127/3455 5128/5128/3457 5129/5129/3458 4916/4916/3320
f  5127/5127/3455 4916/4916/3320 4914/4914/3318 4913/4913/3317
f  5129/5129/3458 5128/5128/3457 5130/5130/3459 5131/5131/3460
f  5129/5129/3458 5131/5131/3460 5132/5132/3461 5133/5133/3462
f  5129/5129/3458 5133/5133/3462 4917/4917/3321 4916/4916/3320
f  5133/5133/3462 5132/5132/3461 5134/5134/3463 5135/5135/3464
f  5133/5133/3462 5135/5135/3464 4918/4918/3322 4917/4917/3321
f  5135/5135/3464 5134/5134/3463 5136/5136/3465 4923/4923/3327
f  5135/5135/3464 4923/4923/3327 4920/4920/3324 4918/4918/3322
f  5136/5136/3465 5134/5134/3463 5137/5137/3466 5138/5138/3467
f  5136/5136/3465 5138/5138/3467 5139/5139/3468 4929/4929/3330
f  5136/5136/3465 4929/4929/3330 4924/4924/3328 4923/4923/3327
f  5139/5139/3468 5138/5138/3467 5140/5140/3469 5141/5141/3470
f  5139/5139/3468 5141/5141/3470 5142/5142/3471 5143/5143/3472
f  5139/5139/3468 5143/5143/3472 4930/4930/3331 4929/4929/3330
f  5143/5143/3472 5142/5142/3471 5144/5144/3473 5145/5145/3474
f  5143/5143/3472 5145/5145/3474 5146/5146/3332 4930/4930/3331
f  5147/5147/3474 5148/5148/3473 5149/5149/3475 5150/5150/3476
f  5151/5151/3474 5152/5152/3476 4935/4935/3334 4933/4933/3332
f  5153/5153/3476 5154/5154/3475 5155/5155/3477 5156/5156/3478
f  5152/5152/3476 5157/5157/3478 4937/4937/3336 4935/4935/3334
f  5156/5156/3478 5155/5155/3477 5158/5158/3479 5159/5159/3480
f  5160/5160/3478 5161/5161/3480 4941/4941/3338 4940/4940/3336
f  5161/5161/3480 5162/5162/3479 5163/5163/3481 5164/5164/3482
f  5161/5161/3480 5164/5164/3482 4945/4945/3340 4941/4941/3338
f  5164/5164/3482 5163/5163/3481 5165/5165/3483 5166/5166/3484
f  5164/5164/3482 5166/5166/3484 4949/4949/3342 4945/4945/3340
f  5166/5166/3484 5165/5165/3483 5167/5167/3485 5168/5168/3486
f  5166/5166/3484 5168/5168/3486 4952/4952/3344 4949/4949/3342
f  5169/5169/3486 5170/5170/3485 5171/5171/3487 5172/5172/3488
f  5168/5168/3486 5173/5173/3488 4955/4955/3346 4952/4952/3344
f  5174/5174/3488 5175/5175/3487 5176/5176/3489 5177/5177/3490
f  5174/5174/3488 5177/5177/3490 4960/4960/3348 4959/4959/3346
f  5177/5177/3490 5176/5176/3489 5178/5178/3491 5179/5179/3492
f  5177/5177/3490 5179/5179/3492 4964/4964/3350 4960/4960/3348
f  5179/5179/3492 5178/5178/3491 5180/5180/3493 5181/5181/3494
f  5179/5179/3492 5181/5181/3494 4966/4966/3352 4964/4964/3350
f  5181/5181/3494 5180/5180/3493 5182/5182/3495 5183/5183/3496
f  5181/5181/3494 5183/5183/3496 4968/4968/3354 4966/4966/3352
f  5183/5183/3496 5182/5182/3495 5184/5184/3497 5185/5185/3498
f  5183/5183/3496 5185/5185/3498 4970/4970/3356 4968/4968/3354
f  5185/5185/3498 5184/5184/3497 5186/5186/3499 5187/5187/3500
f  5185/5185/3498 5187/5187/3500 4972/4972/3358 4970/4970/3356
f  5187/5187/3500 5186/5186/3499 5188/5188/3501 5189/5189/3502
f  5187/5187/3500 5189/5189/3502 5190/5190/3503 4972/4972/3358
f  5190/5190/3503 4975/4975/3361 4973/4973/3359 4972/4972/3358
f  5190/5190/3503 5189/5189/3502 5191/5191/3504 5192/5192/3505
f  5190/5190/3503 5192/5192/3505 5193/5193/3506 4975/4975/3361
f  5193/5193/3506 4978/4978/3364 4976/4976/3362 4975/4975/3361
f  5194/5194/3506 5195/5195/3505 5196/5196/3507 5197/5197/3508
f  5194/5194/3506 5197/5197/3508 4987/4987/3368 4986/4986/3364
f  5197/5197/3508 5196/5196/3507 5198/5198/3509 5199/5199/3510
f  5197/5197/3508 5199/5199/3510 5200/5200/3369 4987/4987/3368
f  5199/5199/3510 5198/5198/3509 5201/5201/3511 5202/5202/3512
f  5199/5199/3510 5202/5202/3512 5203/5203/3371 5200/5200/3369
f  5202/5202/3512 5201/5201/3511 5204/5204/3513 5205/5205/3514
f  5202/5202/3512 5205/5205/3514 5206/5206/3373 5203/5203/3371
f  5207/5207/3514 5208/5208/3513 5209/5209/3515 5210/5210/3516
f  5205/5205/3514 5211/5211/3516 5212/5212/3517 5206/5206/3373
f  5213/5213/3517 4997/4997/3377 4994/4994/3374 4993/4993/3373
f  5214/5214/3517 5215/5215/3516 5216/5216/3518 5217/5217/3519
f  5213/5213/3517 5218/5218/3519 5219/5219/3520 4997/4997/3377
f  5219/5219/3520 5002/5002/3382 4998/4998/3378 4997/4997/3377
f  5219/5219/3520 5218/5218/3519 5220/5220/3521 5221/5221/3522
f  5219/5219/3520 5221/5221/3522 5222/5222/3523 5002/5002/3382
f  5222/5222/3523 946/946/746 5003/5003/3383 5002/5002/3382
f  5222/5222/3523 5221/5221/3522 5223/5223/3451 5224/5224/3449
f  5222/5222/3523 5224/5224/3449 949/949/749 946/946/746
f  5225/5225/3522 5226/5226/3521 5121/5121/3453 5120/5120/3451
f  5226/5226/3521 5217/5217/3519 5216/5216/3518 5227/5227/3524
f  5226/5226/3521 5227/5227/3524 5228/5228/3525 5121/5121/3453
f  5228/5228/3525 5227/5227/3524 5229/5229/3526 5230/5230/3527
f  5228/5228/3525 5230/5230/3527 5231/5231/3528 5125/5125/3456
f  5228/5228/3525 5125/5125/3456 5122/5122/3454 5121/5121/3453
f  5231/5231/3528 5230/5230/3527 5232/5232/3529 5233/5233/3530
f  5234/5234/3528 5235/5235/3530 5236/5236/3531 5130/5130/3459
f  5234/5234/3528 5130/5130/3459 5128/5128/3457 5237/5237/3456
f  5236/5236/3531 5235/5235/3530 5238/5238/3532 5239/5239/3533
f  5236/5236/3531 5239/5239/3533 5240/5240/3534 5241/5241/3535
f  5236/5236/3531 5241/5241/3535 5131/5131/3460 5130/5130/3459
f  5241/5241/3535 5240/5240/3534 5242/5242/3536 5243/5243/3537
f  5241/5241/3535 5243/5243/3537 5132/5132/3461 5131/5131/3460
f  5243/5243/3537 5242/5242/3536 5244/5244/3538 5137/5137/3466
f  5243/5243/3537 5137/5137/3466 5134/5134/3463 5132/5132/3461
f  5244/5244/3538 5242/5242/3536 5245/5245/3539 5246/5246/3540
f  5244/5244/3538 5246/5246/3540 5247/5247/3541 5140/5140/3469
f  5244/5244/3538 5140/5140/3469 5138/5138/3467 5137/5137/3466
f  5248/5248/3541 5249/5249/3540 5250/5250/3542 5251/5251/3543
f  5248/5248/3541 5251/5251/3543 5252/5252/3544 5253/5253/3545
f  5247/5247/3541 5254/5254/3545 5141/5141/3470 5140/5140/3469
f  5253/5253/3545 5252/5252/3544 5255/5255/3546 5256/5256/3547
f  5254/5254/3545 5257/5257/3547 5142/5142/3471 5141/5141/3470
f  5256/5256/3547 5255/5255/3546 5258/5258/3548 5259/5259/3549
f  5257/5257/3547 5260/5260/3549 5144/5144/3473 5142/5142/3471
f  5260/5260/3549 5261/5261/3548 5262/5262/3550 5263/5263/3551
f  5260/5260/3549 5263/5263/3551 5264/5264/3475 5144/5144/3473
f  5265/5265/3551 5266/5266/3550 5267/5267/3552 5268/5268/3553
f  5265/5265/3551 5268/5268/3553 5155/5155/3477 5154/5154/3475
f  5268/5268/3553 5267/5267/3552 5269/5269/3554 5270/5270/3555
f  5268/5268/3553 5270/5270/3555 5158/5158/3479 5155/5155/3477
f  5271/5271/3555 5272/5272/3554 5273/5273/3556 5274/5274/3557
f  5271/5271/3555 5274/5274/3557 5163/5163/3481 5162/5162/3479
f  5274/5274/3557 5273/5273/3556 5275/5275/3558 5276/5276/3559
f  5274/5274/3557 5276/5276/3559 5165/5165/3483 5163/5163/3481
f  5276/5276/3559 5275/5275/3558 5277/5277/3560 5278/5278/3561
f  5276/5276/3559 5278/5278/3561 5167/5167/3485 5165/5165/3483
f  5279/5279/3561 5280/5280/3560 5281/5281/3562 5282/5282/3563
f  5279/5279/3561 5282/5282/3563 5175/5175/3487 5283/5283/3485
f  5282/5282/3563 5281/5281/3562 5284/5284/3564 5285/5285/3565
f  5282/5282/3563 5285/5285/3565 5176/5176/3489 5175/5175/3487
f  5286/5286/3565 5287/5287/3564 5288/5288/3566 5289/5289/3567
f  5285/5285/3565 5290/5290/3567 5178/5178/3491 5176/5176/3489
f  5289/5289/3567 5288/5288/3566 5291/5291/3568 5292/5292/3569
f  5290/5290/3567 5293/5293/3569 5180/5180/3493 5178/5178/3491
f  5292/5292/3569 5291/5291/3568 5294/5294/3570 5295/5295/3571
f  5293/5293/3569 5296/5296/3571 5182/5182/3495 5180/5180/3493
f  5296/5296/3571 5297/5297/3570 5298/5298/3572 5299/5299/3573
f  5296/5296/3571 5299/5299/3573 5184/5184/3497 5182/5182/3495
f  5299/5299/3573 5298/5298/3572 5300/5300/3574 5301/5301/3575
f  5299/5299/3573 5301/5301/3575 5186/5186/3499 5184/5184/3497
f  5301/5301/3575 5300/5300/3574 5302/5302/3576 5303/5303/3577
f  5301/5301/3575 5303/5303/3577 5188/5188/3501 5186/5186/3499
f  5303/5303/3577 5302/5302/3576 5304/5304/3578 5305/5305/3579
f  5303/5303/3577 5305/5305/3579 5306/5306/3580 5188/5188/3501
f  5306/5306/3580 5191/5191/3504 5189/5189/3502 5188/5188/3501
f  5306/5306/3580 5305/5305/3579 5307/5307/3581 5308/5308/3582
f  5306/5306/3580 5308/5308/3582 5309/5309/3583 5191/5191/3504
f  5309/5309/3583 5310/5310/3507 5192/5192/3505 5191/5191/3504
f  5311/5311/3583 5312/5312/3582 5313/5313/3584 5314/5314/3585
f  5311/5311/3583 5314/5314/3585 5198/5198/3509 5196/5196/3507
f  5314/5314/3585 5313/5313/3584 5315/5315/3586 5316/5316/3587
f  5314/5314/3585 5316/5316/3587 5201/5201/3511 5198/5198/3509
f  5316/5316/3587 5315/5315/3586 5317/5317/3588 5318/5318/3589
f  5316/5316/3587 5318/5318/3589 5204/5204/3513 5201/5201/3511
f  5319/5319/3589 5320/5320/3588 5321/5321/3590 5322/5322/3591
f  5319/5319/3589 5322/5322/3591 5209/5209/3515 5208/5208/3513
f  5322/5322/3591 5321/5321/3590 5323/5323/3592 5324/5324/3593
f  5322/5322/3591 5324/5324/3593 5325/5325/3594 5209/5209/3515
f  5325/5325/3594 5326/5326/3518 5210/5210/3516 5209/5209/3515
f  5325/5325/3594 5324/5324/3593 5327/5327/3595 5328/5328/3526
f  5325/5325/3594 5328/5328/3526 5329/5329/3524 5326/5326/3518
f  5327/5327/3595 5324/5324/3593 5323/5323/3592 5330/5330/3596
f  5331/5331/3595 5332/5332/3596 5333/5333/3597 5232/5232/3529
f  5331/5331/3595 5232/5232/3529 5230/5230/3527 5229/5229/3526
f  5334/5334/3597 5335/5335/3596 5336/5336/3598 5337/5337/3599
f  5338/5338/3597 5339/5339/3599 5340/5340/3600 5238/5238/3532
f  5338/5338/3597 5238/5238/3532 5235/5235/3530 5341/5341/3529
f  5340/5340/3600 5339/5339/3599 5342/5342/3601 5343/5343/3602
f  5340/5340/3600 5343/5343/3602 5344/5344/3603 5345/5345/3604
f  5340/5340/3600 5345/5345/3604 5239/5239/3533 5238/5238/3532
f  5346/5346/3604 5347/5347/3603 5348/5348/3605 5349/5349/3606
f  5345/5345/3604 5350/5350/3606 5240/5240/3534 5239/5239/3533
f  5349/5349/3606 5348/5348/3605 5351/5351/3607 5352/5352/3539
f  5350/5350/3606 5245/5245/3539 5242/5242/3536 5240/5240/3534
f  5351/5351/3607 5348/5348/3605 5353/5353/3608 5354/5354/3609
f  5355/5355/3607 5356/5356/3609 5357/5357/3610 5358/5358/3542
f  5355/5355/3607 5358/5358/3542 5246/5246/3540 5245/5245/3539
f  5357/5357/3610 5356/5356/3609 5359/5359/3611 5360/5360/3612
f  5357/5357/3610 5360/5360/3612 5361/5361/3613 5362/5362/3614
f  5363/5363/3610 5364/5364/3614 5251/5251/3543 5250/5250/3542
f  5362/5362/3614 5361/5361/3613 5365/5365/3615 5366/5366/3616
f  5362/5362/3614 5366/5366/3616 5367/5367/3544 5368/5368/3543
f  5366/5366/3616 5365/5365/3615 5369/5369/3617 5370/5370/3618
f  5366/5366/3616 5370/5370/3618 5371/5371/3546 5367/5367/3544
f  5370/5370/3618 5369/5369/3617 5372/5372/3619 5373/5373/3620
f  5374/5374/3618 5375/5375/3620 5258/5258/3548 5255/5255/3546
f  5373/5373/3620 5372/5372/3619 5376/5376/3621 5377/5377/3622
f  5373/5373/3620 5377/5377/3622 5262/5262/3550 5261/5261/3548
f  5377/5377/3622 5376/5376/3621 5378/5378/3623 5379/5379/3624
f  5380/5380/3622 5381/5381/3624 5382/5382/3552 5383/5383/3550
f  5384/5384/3624 5385/5385/3623 5386/5386/3625 5387/5387/3626
f  5384/5384/3624 5387/5387/3626 5269/5269/3554 5267/5267/3552
f  5388/5388/3626 5389/5389/3625 5390/5390/3627 5391/5391/3628
f  5388/5388/3626 5391/5391/3628 5273/5273/3556 5272/5272/3554
f  5391/5391/3628 5390/5390/3627 5392/5392/3629 5393/5393/3630
f  5391/5391/3628 5393/5393/3630 5275/5275/3558 5273/5273/3556
f  5393/5393/3630 5392/5392/3629 5394/5394/3631 5395/5395/3632
f  5393/5393/3630 5395/5395/3632 5277/5277/3560 5275/5275/3558
f  5396/5396/3632 5397/5397/3631 5398/5398/3633 5399/5399/3634
f  5396/5396/3632 5399/5399/3634 5281/5281/3562 5280/5280/3560
f  5399/5399/3634 5398/5398/3633 5400/5400/3635 5401/5401/3636
f  5402/5402/3634 5403/5403/3636 5404/5404/3564 5405/5405/3562
f  5401/5401/3636 5400/5400/3635 5406/5406/3637 5407/5407/3638
f  5401/5401/3636 5407/5407/3638 5408/5408/3566 5284/5284/3564
f  5407/5407/3638 5406/5406/3637 5409/5409/3639 5410/5410/3640
f  5407/5407/3638 5410/5410/3640 5411/5411/3568 5408/5408/3566
f  5410/5410/3640 5409/5409/3639 5412/5412/3641 5413/5413/3642
f  5410/5410/3640 5413/5413/3642 5297/5297/3570 5411/5411/3568
f  5413/5413/3642 5412/5412/3641 5414/5414/3643 5415/5415/3644
f  5413/5413/3642 5415/5415/3644 5298/5298/3572 5297/5297/3570
f  5415/5415/3644 5414/5414/3643 5416/5416/3645 5417/5417/3646
f  5415/5415/3644 5417/5417/3646 5300/5300/3574 5298/5298/3572
f  5417/5417/3646 5416/5416/3645 5418/5418/3647 5419/5419/3648
f  5417/5417/3646 5419/5419/3648 5302/5302/3576 5300/5300/3574
f  5419/5419/3648 5418/5418/3647 5420/5420/3649 5421/5421/3650
f  5419/5419/3648 5421/5421/3650 5304/5304/3578 5302/5302/3576
f  5421/5421/3650 5420/5420/3649 5422/5422/3651 5423/5423/3652
f  5421/5421/3650 5423/5423/3652 5424/5424/3653 5304/5304/3578
f  5424/5424/3653 5307/5307/3581 5305/5305/3579 5304/5304/3578
f  5424/5424/3653 5423/5423/3652 5425/5425/3654 5426/5426/3655
f  5427/5427/3653 5428/5428/3655 5429/5429/3656 5430/5430/3581
f  5431/5431/3656 5432/5432/3584 5308/5308/3582 5307/5307/3581
f  5429/5429/3656 5428/5428/3655 5433/5433/3657 5434/5434/3658
f  5435/5435/3656 5436/5436/3658 5315/5315/3586 5313/5313/3584
f  5436/5436/3658 5437/5437/3657 5438/5438/3659 5439/5439/3660
f  5436/5436/3658 5439/5439/3660 5317/5317/3588 5315/5315/3586
f  5440/5440/3660 5441/5441/3659 5442/5442/3661 5443/5443/3662
f  5440/5440/3660 5443/5443/3662 5321/5321/3590 5320/5320/3588
f  5443/5443/3662 5442/5442/3661 5444/5444/3663 5445/5445/3664
f  5443/5443/3662 5445/5445/3664 5323/5323/3592 5321/5321/3590
f  5446/5446/3664 5447/5447/3663 5448/5448/3665 5336/5336/3598
f  5445/5445/3664 5449/5449/3598 5330/5330/3596 5323/5323/3592
f  5450/5450/3665 5451/5451/3663 5452/5452/3666 5453/5453/3667
f  5448/5448/3665 5454/5454/3667 5455/5455/3668 5456/5456/3601
f  5448/5448/3665 5456/5456/3601 5337/5337/3599 5336/5336/3598
f  5455/5455/3668 5454/5454/3667 5457/5457/3669 5458/5458/3670
f  5459/5459/3668 5460/5460/3670 5461/5461/3671 5462/5462/3672
f  5459/5459/3668 5462/5462/3672 5343/5343/3602 5342/5342/3601
f  5462/5462/3672 5461/5461/3671 5463/5463/3673 5464/5464/3674
f  5462/5462/3672 5464/5464/3674 5344/5344/3603 5343/5343/3602
f  5465/5465/3674 5466/5466/3673 5467/5467/3675 5353/5353/3608
f  5465/5465/3674 5353/5353/3608 5348/5348/3605 5347/5347/3603
f  5467/5467/3675 5466/5466/3673 5468/5468/3676 5469/5469/3677
f  5470/5470/3675 5471/5471/3677 5472/5472/3678 5359/5359/3611
f  5470/5470/3675 5359/5359/3611 5356/5356/3609 5473/5473/3608
f  5472/5472/3678 5474/5474/3679 5475/5475/3680 5476/5476/3681
f  5472/5472/3678 5476/5476/3681 5360/5360/3612 5359/5359/3611
f  5472/5472/3678 5471/5471/3677 5477/5477/3682 5474/5474/3679
f  5477/5477/3682 5478/5478/3683 5479/5479/3684 5474/5474/3679
f  5477/5477/3682 5471/5471/3677 5480/5480/3676 5481/5481/3685
f  5477/5477/3682 5481/5481/3685 5482/5482/3686 5478/5478/3683
f  5482/5482/3686 5483/5483/3687 5484/5484/3688 5478/5478/3683
f  5482/5482/3686 5481/5481/3685 932/932/732 931/931/731
f  5485/5485/3686 5486/5486/731 5487/5487/3689 5488/5488/3687
f  5489/5489/3689 5490/5490/3690 5491/5491/3691 5492/5492/3687
f  5493/5493/3689 931/931/731 930/930/730 5494/5494/3692
f  5489/5489/3689 5495/5495/3692 5496/5496/3693 5490/5490/3690
f  5496/5496/3693 5497/5497/3694 5498/5498/3695 5490/5490/3690
f  5499/5499/3693 5500/5500/3692 5501/5501/3696 5502/5502/3697
f  5496/5496/3693 5503/5503/3697 5504/5504/3698 5497/5497/3694
f  5505/5505/3698 5506/5506/3699 5507/5507/3700 5508/5508/677
f  5505/5505/3698 5508/5508/677 5509/5509/676 5510/5510/3694
f  5505/5505/3698 5511/5511/3697 5512/5512/3701 5506/5506/3699
f  5513/5513/3701 5514/5514/3702 5515/5515/3703 5516/5516/3699
f  5517/5517/3701 5502/5502/3697 5501/5501/3696 5518/5518/3704
f  5513/5513/3701 5519/5519/3704 5520/5520/3666 5514/5514/3702
f  5518/5518/3704 5501/5501/3696 5521/5521/735 5522/5522/3669
f  5518/5518/3704 5522/5522/3669 5453/5453/3667 5452/5452/3666
f  5523/5523/3703 5438/5438/3659 5437/5437/3657 5524/5524/3705
f  5523/5523/3703 5524/5524/3705 5507/5507/3700 5506/5506/3699
f  5515/5515/3703 5514/5514/3702 5442/5442/3661 5441/5441/3659
f  5525/5525/3705 5433/5433/3657 5428/5428/3655 5526/5526/3654
f  5524/5524/3705 5527/5527/3654 5528/5528/3706 5507/5507/3700
f  5529/5529/3706 5425/5425/3654 5423/5423/3652 5422/5422/3651
f  5529/5529/3706 5422/5422/3651 858/858/679 857/857/678
f  5528/5528/3706 5530/5530/678 5508/5508/677 5507/5507/3700
f  5514/5514/3702 5520/5520/3666 5444/5444/3663 5442/5442/3661
f  5501/5501/3696 5500/5500/3692 5531/5531/730 5521/5521/735
f  5498/5498/3695 5532/5532/681 5533/5533/3707 5534/5534/3708
f  5498/5498/3695 5534/5534/3708 5491/5491/3691 5490/5490/3690
f  5498/5498/3695 5497/5497/3694 5535/5535/676 5532/5532/681
f  5534/5534/3708 5533/5533/3707 5536/5536/3709 5537/5537/3710
f  5534/5534/3708 5537/5537/3710 5538/5538/3711 5491/5491/3691
f  5538/5538/3711 5537/5537/3710 5539/5539/3712 5540/5540/3713
f  5541/5541/3711 5542/5542/3713 5543/5543/3714 5484/5484/3688
f  5538/5538/3711 5544/5544/3688 5492/5492/3687 5491/5491/3691
f  5545/5545/3714 5540/5540/3713 5546/5546/3715 5547/5547/3716
f  5543/5543/3714 5548/5548/3716 5549/5549/3717 5479/5479/3684
f  5543/5543/3714 5479/5479/3684 5478/5478/3683 5484/5484/3688
f  5549/5549/3717 5548/5548/3716 5550/5550/3718 5551/5551/3719
f  5549/5549/3717 5551/5551/3719 5552/5552/3720 5475/5475/3680
f  5549/5549/3717 5475/5475/3680 5474/5474/3679 5479/5479/3684
f  5552/5552/3720 5551/5551/3719 5553/5553/3721 5554/5554/3722
f  5552/5552/3720 5554/5554/3722 5555/5555/3723 5556/5556/3724
f  5552/5552/3720 5556/5556/3724 5476/5476/3681 5475/5475/3680
f  5556/5556/3724 5555/5555/3723 5365/5365/3615 5361/5361/3613
f  5556/5556/3724 5361/5361/3613 5360/5360/3612 5476/5476/3681
f  5555/5555/3723 5554/5554/3722 5557/5557/3725 5558/5558/3726
f  5555/5555/3723 5558/5558/3726 5369/5369/3617 5365/5365/3615
f  5558/5558/3726 5557/5557/3725 5559/5559/3727 5560/5560/3728
f  5558/5558/3726 5560/5560/3728 5372/5372/3619 5369/5369/3617
f  5560/5560/3728 5559/5559/3727 5561/5561/3729 5562/5562/3730
f  5560/5560/3728 5562/5562/3730 5376/5376/3621 5372/5372/3619
f  5562/5562/3730 5561/5561/3729 5563/5563/3731 5564/5564/3732
f  5562/5562/3730 5564/5564/3732 5378/5378/3623 5376/5376/3621
f  5565/5565/3732 5566/5566/3731 853/853/674 5567/5567/3733
f  5565/5565/3732 5567/5567/3733 5568/5568/3625 5569/5569/3623
f  5570/5570/3733 5571/5571/674 851/851/673 5572/5572/3734
f  5570/5570/3733 5572/5572/3734 5390/5390/3627 5389/5389/3625
f  5572/5572/3734 851/851/673 850/850/672 5573/5573/3735
f  5572/5572/3734 5573/5573/3735 5392/5392/3629 5390/5390/3627
f  5573/5573/3735 850/850/672 5574/5574/3736 5575/5575/3737
f  5573/5573/3735 5575/5575/3737 5394/5394/3631 5392/5392/3629
f  5576/5576/3737 5577/5577/3736 5578/5578/3738 5579/5579/3739
f  5576/5576/3737 5579/5579/3739 5398/5398/3633 5397/5397/3631
f  5579/5579/3739 5578/5578/3738 5580/5580/3740 5581/5581/3741
f  5579/5579/3739 5581/5581/3741 5400/5400/3635 5398/5398/3633
f  5581/5581/3741 5580/5580/3740 5582/5582/3742 5583/5583/3743
f  5581/5581/3741 5583/5583/3743 5406/5406/3637 5400/5400/3635
f  5583/5583/3743 5582/5582/3742 5584/5584/3744 5585/5585/3745
f  5583/5583/3743 5585/5585/3745 5409/5409/3639 5406/5406/3637
f  5585/5585/3745 5584/5584/3744 5586/5586/3746 5587/5587/3747
f  5585/5585/3745 5587/5587/3747 5412/5412/3641 5409/5409/3639
f  5587/5587/3747 5586/5586/3746 5588/5588/3748 5589/5589/3749
f  5587/5587/3747 5589/5589/3749 5414/5414/3643 5412/5412/3641
f  5589/5589/3749 5588/5588/3748 5590/5590/3750 5591/5591/3751
f  5589/5589/3749 5591/5591/3751 5416/5416/3645 5414/5414/3643
f  5591/5591/3751 5590/5590/3750 5592/5592/3752 5593/5593/3753
f  5591/5591/3751 5593/5593/3753 5418/5418/3647 5416/5416/3645
f  5593/5593/3753 5592/5592/3752 5594/5594/3754 5595/5595/3755
f  5593/5593/3753 5595/5595/3755 5420/5420/3649 5418/5418/3647
f  5595/5595/3755 5594/5594/3754 859/859/680 858/858/679
f  5595/5595/3755 858/858/679 5422/5422/3651 5420/5420/3649
f  5594/5594/3754 5592/5592/3752 5596/5596/3709 5597/5597/3707
f  5594/5594/3754 5597/5597/3707 860/860/681 859/859/680
f  5592/5592/3752 5590/5590/3750 5598/5598/3756 5596/5596/3709
f  5598/5598/3756 5590/5590/3750 5588/5588/3748 5599/5599/3757
f  5598/5598/3756 5599/5599/3757 5600/5600/3758 5601/5601/3712
f  5602/5602/3756 5603/5603/3712 5604/5604/3710 5605/5605/3709
f  5600/5600/3758 5599/5599/3757 5606/5606/3759 5607/5607/3760
f  5608/5608/3758 5609/5609/3760 5610/5610/3761 5546/5546/3715
f  5608/5608/3758 5546/5546/3715 5540/5540/3713 5539/5539/3712
f  5611/5611/3761 5612/5612/3760 5613/5613/3762 5614/5614/3763
f  5615/5615/3761 5616/5616/3763 5617/5617/3764 5550/5550/3718
f  5610/5610/3761 5618/5618/3718 5547/5547/3716 5546/5546/3715
f  5619/5619/3764 5614/5614/3763 5620/5620/3765 5621/5621/3766
f  5617/5617/3764 5622/5622/3766 5623/5623/3767 5553/5553/3721
f  5617/5617/3764 5553/5553/3721 5551/5551/3719 5550/5550/3718
f  5623/5623/3767 5557/5557/3725 5554/5554/3722 5553/5553/3721
f  5623/5623/3767 5622/5622/3766 5624/5624/3768 5625/5625/3769
f  5623/5623/3767 5625/5625/3769 5559/5559/3727 5557/5557/3725
f  5625/5625/3769 5624/5624/3768 5626/5626/668 5627/5627/3770
f  5625/5625/3769 5627/5627/3770 5561/5561/3729 5559/5559/3727
f  5627/5627/3770 5626/5626/668 5628/5628/667 5629/5629/3771
f  5627/5627/3770 5629/5629/3771 5563/5563/3731 5561/5561/3729
f  5630/5630/3771 5631/5631/667 846/846/666 845/845/670
f  5630/5630/3771 845/845/670 853/853/674 5566/5566/3731
f  5632/5632/3768 5633/5633/3772 835/835/663 843/843/668
f  5634/5634/3768 5621/5621/3766 5620/5620/3765 5635/5635/3772
f  5633/5633/3772 5636/5636/3773 836/836/664 835/835/663
f  5635/5635/3772 5620/5620/3765 5637/5637/3774 5638/5638/3773
f  5639/5639/3774 5640/5640/3775 5641/5641/3776 5642/5642/3773
f  5637/5637/3774 5620/5620/3765 5614/5614/3763 5613/5613/3762
f  5639/5639/3774 5643/5643/3762 5644/5644/3777 5640/5640/3775
f  5644/5644/3777 5584/5584/3744 5582/5582/3742 5640/5640/3775
f  5644/5644/3777 5643/5643/3762 5607/5607/3760 5606/5606/3759
f  5644/5644/3777 5606/5606/3759 5586/5586/3746 5584/5584/3744
f  5641/5641/3776 5580/5580/3740 5578/5578/3738 5645/5645/3778
f  5641/5641/3776 5645/5645/3778 5646/5646/664 5642/5642/3773
f  5641/5641/3776 5640/5640/3775 5582/5582/3742 5580/5580/3740
f  5645/5645/3778 5578/5578/3738 5577/5577/3736 5647/5647/3779
f  5645/5645/3778 5647/5647/3779 5648/5648/665 5646/5646/664
f  5649/5649/3779 5650/5650/3736 5651/5651/672 5652/5652/671
f  5649/5649/3779 5652/5652/671 840/840/666 839/839/665
f  5606/5606/3759 5599/5599/3757 5588/5588/3748 5586/5586/3746
f  5481/5481/3685 5480/5480/3676 933/933/733 932/932/732
f  5480/5480/3676 5463/5463/3673 5461/5461/3671 933/933/733
f  5461/5461/3671 5460/5460/3670 934/934/734 933/933/733
f  5460/5460/3670 5653/5653/3669 935/935/735 934/934/734
f  5108/5108/3447 5107/5107/3445 5654/5654/3444 5655/5655/3780
f  5108/5108/3447 5655/5655/3780 5656/5656/3781 5657/5657/3782
f  5108/5108/3447 5657/5657/3782 948/948/748 947/947/747
f  5658/5658/3782 5659/5659/3781 5660/5660/3783 5661/5661/3784
f  5658/5658/3782 5661/5661/3784 5662/5662/3785 5663/5663/748
f  5662/5662/3785 5661/5661/3784 5664/5664/3786 5665/5665/3787
f  5662/5662/3785 5665/5665/3787 5666/5666/3389 5016/5016/3388
f  5662/5662/3785 5016/5016/3388 5015/5015/744 5663/5663/748
f  5665/5665/3787 5664/5664/3786 5667/5667/3788 5668/5668/3789
f  5665/5665/3787 5668/5668/3789 5669/5669/3790 5666/5666/3389
f  5669/5669/3790 5668/5668/3789 5670/5670/3791 5671/5671/3792
f  5672/5672/3790 5673/5673/3792 5674/5674/3793 5021/5021/3392
f  5672/5672/3790 5021/5021/3392 5019/5019/3390 5018/5018/3389
f  5675/5675/3793 5671/5671/3792 5676/5676/3794 5677/5677/719
f  5674/5674/3793 913/913/719 912/912/718 5678/5678/3795
f  5674/5674/3793 5678/5678/3795 5022/5022/3393 5021/5021/3392
f  5679/5679/3795 5680/5680/718 5681/5681/720 5682/5682/3796
f  5683/5683/3795 5684/5684/3796 5025/5025/3394 5024/5024/3393
f  5685/5685/3796 5686/5686/720 5687/5687/3797 5688/5688/3798
f  5685/5685/3796 5688/5688/3798 5689/5689/3396 5690/5690/3394
f  5688/5688/3798 5687/5687/3797 5691/5691/3799 5692/5692/3800
f  5688/5688/3798 5692/5692/3800 5693/5693/3801 5689/5689/3396
f  5693/5693/3801 5033/5033/3399 5032/5032/3397 5689/5689/3396
f  5693/5693/3801 5692/5692/3800 5694/5694/3802 5695/5695/3803
f  5693/5693/3801 5695/5695/3803 5696/5696/3804 5033/5033/3399
f  5696/5696/3804 5039/5039/3402 5034/5034/3400 5033/5033/3399
f  5696/5696/3804 5695/5695/3803 5697/5697/3805 5047/5047/3407
f  5696/5696/3804 5047/5047/3407 5042/5042/3404 5039/5039/3402
f  5697/5697/3805 5695/5695/3803 5694/5694/3802 5698/5698/3806
f  5697/5697/3805 5698/5698/3806 5699/5699/3807 5700/5700/3808
f  5697/5697/3805 5700/5700/3808 5048/5048/3408 5047/5047/3407
f  5700/5700/3808 5699/5699/3807 5701/5701/3809 5702/5702/3412
f  5700/5700/3808 5702/5702/3412 5049/5049/3409 5048/5048/3408
f  5701/5701/3809 5699/5699/3807 5703/5703/3810 5704/5704/3811
f  5701/5701/3809 5704/5704/3811 5705/5705/3812 5706/5706/3813
f  5701/5701/3809 5706/5706/3813 5707/5707/3413 5702/5702/3412
f  5708/5708/3813 5709/5709/3812 5710/5710/697 5711/5711/3814
f  5708/5708/3813 5711/5711/3814 5712/5712/3414 5713/5713/3413
f  5714/5714/3814 883/883/697 882/882/696 5715/5715/3815
f  5714/5714/3814 5715/5715/3815 5716/5716/3416 5717/5717/3414
f  5718/5718/3815 880/880/696 879/879/695 5719/5719/3816
f  5718/5718/3815 5719/5719/3816 5063/5063/3418 5062/5062/3416
f  5720/5720/3816 5721/5721/695 5722/5722/3817 5723/5723/3818
f  5720/5720/3816 5723/5723/3818 5069/5069/3420 5068/5068/3418
f  5723/5723/3818 5722/5722/3817 5724/5724/3819 5725/5725/3820
f  5723/5723/3818 5725/5725/3820 5071/5071/3422 5069/5069/3420
f  5726/5726/3820 5727/5727/3819 5728/5728/3821 5729/5729/3822
f  5726/5726/3820 5729/5729/3822 5730/5730/3823 5731/5731/3422
f  5730/5730/3823 5079/5079/3425 5074/5074/3423 5731/5731/3422
f  5730/5730/3823 5729/5729/3822 5732/5732/3824 5733/5733/3825
f  5730/5730/3823 5733/5733/3825 5734/5734/3826 5079/5079/3425
f  5734/5734/3826 5083/5083/3428 5080/5080/3426 5079/5079/3425
f  5734/5734/3826 5733/5733/3825 5735/5735/3827 5736/5736/3828
f  5737/5737/3826 5738/5738/3828 5739/5739/3829 5740/5740/3428
f  5739/5739/3829 5741/5741/3431 5742/5742/3429 5740/5740/3428
f  5739/5739/3829 5738/5738/3828 5743/5743/3830 5744/5744/3831
f  5739/5739/3829 5744/5744/3831 5745/5745/3832 5741/5741/3431
f  5746/5746/3832 5090/5090/3434 5088/5088/3432 5087/5087/3431
f  5745/5745/3832 5744/5744/3831 5747/5747/3833 5748/5748/3834
f  5746/5746/3832 5749/5749/3834 5750/5750/3835 5090/5090/3434
f  5750/5750/3835 5094/5094/3437 5091/5091/3435 5090/5090/3434
f  5751/5751/3835 5752/5752/3834 5656/5656/3781 5655/5655/3780
f  5750/5750/3835 5753/5753/3780 5754/5754/3444 5094/5094/3437
f  5748/5748/3834 5747/5747/3833 5660/5660/3783 5659/5659/3781
f  5747/5747/3833 5744/5744/3831 5743/5743/3830 5755/5755/3836
f  5747/5747/3833 5755/5755/3836 5756/5756/3837 5660/5660/3783
f  5757/5757/3837 5758/5758/3836 5759/5759/3838 5760/5760/3839
f  5756/5756/3837 5761/5761/3839 5667/5667/3788 5664/5664/3786
f  5756/5756/3837 5664/5664/3786 5661/5661/3784 5660/5660/3783
f  5760/5760/3839 5759/5759/3838 5762/5762/3840 5763/5763/3841
f  5764/5764/3839 5765/5765/3841 5766/5766/3842 5767/5767/3788
f  5768/5768/3842 5769/5769/3841 5770/5770/3843 5771/5771/3844
f  5766/5766/3842 5772/5772/3844 5773/5773/3845 5774/5774/3791
f  5766/5766/3842 5774/5774/3791 5775/5775/3789 5767/5767/3788
f  5773/5773/3845 5772/5772/3844 5776/5776/3846 5777/5777/715
f  5778/5778/3845 5779/5779/715 910/910/714 5676/5676/3794
f  5778/5778/3845 5676/5676/3794 5671/5671/3792 5670/5670/3791
f  5780/5780/3846 5771/5771/3844 5770/5770/3843 5781/5781/3847
f  5780/5780/3846 5781/5781/3847 867/867/687 866/866/686
f  5776/5776/3846 5782/5782/686 5783/5783/688 5777/5777/715
f  5781/5781/3847 5770/5770/3843 5784/5784/3848 5785/5785/3849
f  5786/5786/3847 5787/5787/3849 5788/5788/3850 5789/5789/687
f  5790/5790/3850 5785/5785/3849 5791/5791/3851 5792/5792/3852
f  5788/5788/3850 5793/5793/3852 5794/5794/3853 5795/5795/3854
f  5788/5788/3850 5795/5795/3854 5796/5796/683 5789/5789/687
f  5795/5795/3854 5797/5797/3855 5798/5798/684 5796/5796/683
f  5799/5799/3854 5800/5800/3853 5801/5801/3856 5802/5802/3855
f  5801/5801/3856 5803/5803/3857 5804/5804/3858 5802/5802/3855
f  5801/5801/3856 5800/5800/3853 5805/5805/3859 5806/5806/3860
f  5801/5801/3856 5806/5806/3860 5807/5807/3861 5803/5803/3857
f  5807/5807/3861 5808/5808/3862 5809/5809/3863 5803/5803/3857
f  5810/5810/3861 5811/5811/3860 5812/5812/3864 5813/5813/3865
f  5810/5810/3861 5813/5813/3865 5814/5814/3866 5815/5815/3862
f  5814/5814/3866 5709/5709/3812 5816/5816/3811 5815/5815/3862
f  5814/5814/3866 5813/5813/3865 5817/5817/699 5818/5818/698
f  5814/5814/3866 5818/5818/698 5710/5710/697 5709/5709/3812
f  5819/5819/3865 5820/5820/3864 5821/5821/3867 887/887/699
f  5821/5821/3867 5820/5820/3864 5822/5822/3868 5823/5823/692
f  5824/5824/3867 876/876/692 875/875/691 5825/5825/3869
f  5821/5821/3867 5826/5826/3869 888/888/694 887/887/699
f  5827/5827/3869 5828/5828/3817 879/879/695 878/878/694
f  5829/5829/3869 5830/5830/691 5724/5724/3819 5722/5722/3817
f  5831/5831/3868 5832/5832/3864 5833/5833/3860 5834/5834/3859
f  5831/5831/3868 5834/5834/3859 5835/5835/3870 5836/5836/3871
f  5831/5831/3868 5836/5836/3871 873/873/689 876/876/692
f  5836/5836/3871 5837/5837/3872 874/874/690 873/873/689
f  5836/5836/3871 5835/5835/3870 5838/5838/3873 5837/5837/3872
f  5838/5838/3873 5839/5839/3874 5840/5840/3875 5837/5837/3872
f  5841/5841/3873 5842/5842/3870 5792/5792/3852 5791/5791/3851
f  5841/5841/3873 5791/5791/3851 5843/5843/3876 5844/5844/3874
f  5843/5843/3876 5845/5845/3877 5846/5846/3878 5844/5844/3874
f  5843/5843/3876 5791/5791/3851 5785/5785/3849 5784/5784/3848
f  5843/5843/3876 5784/5784/3848 5847/5847/3840 5845/5845/3877
f  5848/5848/3878 5735/5735/3827 5733/5733/3825 5732/5732/3824
f  5848/5848/3878 5732/5732/3824 5849/5849/3875 5850/5850/3874
f  5848/5848/3878 5851/5851/3877 5852/5852/3879 5735/5735/3827
f  5852/5852/3879 5853/5853/3830 5736/5736/3828 5735/5735/3827
f  5852/5852/3879 5851/5851/3877 5762/5762/3840 5759/5759/3838
f  5852/5852/3879 5759/5759/3838 5758/5758/3836 5853/5853/3830
f  5849/5849/3875 5732/5732/3824 5729/5729/3822 5728/5728/3821
f  5854/5854/3875 5855/5855/3821 5856/5856/690 5857/5857/3872
f  5835/5835/3870 5834/5834/3859 5794/5794/3853 5793/5793/3852
f  5858/5858/3863 5703/5703/3810 5859/5859/3880 5860/5860/3881
f  5809/5809/3863 5861/5861/3881 5804/5804/3858 5803/5803/3857
f  5858/5858/3863 5862/5862/3862 5704/5704/3811 5703/5703/3810
f  5860/5860/3881 5859/5859/3880 5863/5863/3882 5864/5864/3883
f  5865/5865/3881 5866/5866/3883 5867/5867/3884 5868/5868/3858
f  5869/5869/3884 5870/5870/3883 899/899/710 898/898/709
f  5871/5871/3884 5872/5872/709 864/864/685 863/863/684
f  5867/5867/3884 5873/5873/684 5874/5874/3855 5868/5868/3858
f  5864/5864/3883 5863/5863/3882 5691/5691/3799 5875/5875/710
f  5863/5863/3882 5694/5694/3802 5692/5692/3800 5691/5691/3799
f  5863/5863/3882 5859/5859/3880 5698/5698/3806 5694/5694/3802
f  5859/5859/3880 5703/5703/3810 5699/5699/3807 5698/5698/3806
f  5876/5876/3848 5877/5877/3843 5763/5763/3841 5762/5762/3840
f  5878/5878/3821 5879/5879/3819 875/875/691 874/874/690
f  5880/5880/3799 5881/5881/3797 900/900/711 899/899/710
f  5687/5687/3797 5686/5686/720 5882/5882/712 5883/5883/711
f  5676/5676/3794 910/910/714 909/909/716 5677/5677/719
f  5754/5754/3444 5884/5884/3440 5095/5095/3438 5094/5094/3437
f  4903/4903/3307 4783/4783/3204 4779/4779/3200 4778/4778/3199
f  4901/4901/3305 4788/4788/3209 4784/4784/3205 4783/4783/3204
f  4897/4897/3301 4793/4793/3214 4789/4789/3210 4788/4788/3209
f  4749/4749/3173 963/963/761 962/962/760 4742/4742/3168
f  4642/4642/3100 4640/4640/3098 937/937/737 941/941/741
f  4640/4640/3098 4638/4638/3096 938/938/738 937/937/737
f  4544/4544/3021 4541/4541/3018 4539/4539/3016 4538/4538/3015
f  4537/4537/3014 4290/4290/2826 4288/4288/2824 5885/5885/3885
f  4537/4537/3014 5885/5885/3885 4532/4532/3009 4531/4531/3008
f  4537/4537/3014 4536/4536/3013 4292/4292/2828 4290/4290/2826
f  5885/5885/3885 4288/4288/2824 4286/4286/2822 4285/4285/2821
f  5885/5885/3885 4285/4285/2821 5886/5886/3886 4532/4532/3009
f  5886/5886/3886 4285/4285/2821 4283/4283/2819 4282/4282/2818
f  5886/5886/3886 4282/4282/2818 5887/5887/3887 4527/4527/3004
f  5886/5886/3886 4527/4527/3004 4526/4526/3003 4532/4532/3009
f  5887/5887/3887 4282/4282/2818 4280/4280/2816 4279/4279/2815
f  5887/5887/3887 4279/4279/2815 5888/5888/3888 4522/4522/2999
f  5887/5887/3887 4522/4522/2999 4521/4521/2998 4527/4527/3004
f  5888/5888/3888 4279/4279/2815 4277/4277/2813 4276/4276/2812
f  5888/5888/3888 4276/4276/2812 5889/5889/3889 4518/4518/2995
f  5888/5888/3888 4518/4518/2995 4517/4517/2994 4522/4522/2999
f  5889/5889/3889 4276/4276/2812 4274/4274/2810 4273/4273/2809
f  5889/5889/3889 4273/4273/2809 5890/5890/3890 4513/4513/2990
f  5889/5889/3889 4513/4513/2990 4512/4512/2989 4518/4518/2995
f  5890/5890/3890 4273/4273/2809 4268/4268/2807 4267/4267/2806
f  5890/5890/3890 4267/4267/2806 5891/5891/3891 4508/4508/2985
f  5890/5890/3890 4508/4508/2985 4507/4507/2984 4513/4513/2990
f  5892/5892/3891 5893/5893/2806 4263/4263/2804 4262/4262/2803
f  5892/5892/3891 4262/4262/2803 830/830/658 5894/5894/2981
f  5891/5891/3891 4504/4504/2981 4503/4503/2980 4508/4508/2985
f  4523/4523/3000 4519/4519/2996 776/776/612 775/775/611
f  4515/4515/2992 4514/4514/2991 772/772/608 776/776/612
f  4509/4509/2986 4505/4505/2982 780/780/616 779/779/615
f  5894/5894/2981 830/830/658 829/829/657 4496/4496/2976
f  4500/4500/2978 4499/4499/2977 781/781/617 780/780/616
f  4394/4394/2905 4383/4383/2898 4380/4380/2896 4379/4379/2895
f  4262/4262/2803 4260/4260/2801 827/827/655 830/830/658
f  4249/4249/2792 3698/3698/2441 3696/3696/2439 5895/5895/3892
f  4249/4249/2792 5895/5895/3892 4243/4243/2787 4242/4242/2786
f  4249/4249/2792 4248/4248/2791 3700/3700/2443 3698/3698/2441
f  5895/5895/3892 3696/3696/2439 3694/3694/2437 5896/5896/3893
f  5895/5895/3892 5896/5896/3893 5897/5897/3894 4243/4243/2787
f  5897/5897/3894 5896/5896/3893 3686/3686/2434 5898/5898/3895
f  5897/5897/3894 5898/5898/3895 790/790/626 793/793/629
f  5897/5897/3894 793/793/629 4234/4234/2783 4243/4243/2787
f  5898/5898/3895 3686/3686/2434 3680/3680/2431 3679/3679/2430
f  5898/5898/3895 3679/3679/2430 794/794/630 790/790/626
f  5896/5896/3893 3694/3694/2437 3687/3687/2435 3686/3686/2434
f  4077/4077/2707 3981/3981/2636 3977/3977/2632 3976/3976/2631
f  4065/4065/2701 4015/4015/2661 4010/4010/2657 4067/4067/2656
f  4065/4065/2701 4063/4063/2699 5899/5899/3896 4015/4015/2661
f  5899/5899/3896 4018/4018/2664 4016/4016/2662 4015/4015/2661
f  5899/5899/3896 4063/4063/2699 4061/4061/2697 5900/5900/3897
f  5899/5899/3896 5900/5900/3897 4020/4020/2666 4018/4018/2664
f  5900/5900/3897 4061/4061/2697 4058/4058/2695 4044/4044/2685
f  5900/5900/3897 4044/4044/2685 4041/4041/2683 4020/4020/2666
f  4058/4058/2695 4057/4057/2688 4045/4045/2686 4044/4044/2685
f  4041/4041/2683 4024/4024/2670 4021/4021/2667 4020/4020/2666
f  4028/4028/2674 172/172/140 171/171/139 5901/5901/3898
f  4028/4028/2674 5901/5901/3898 10/10/10 4023/4023/2669
f  4028/4028/2674 4027/4027/2673 173/173/141 172/172/140
f  5901/5901/3898 171/171/139 5902/5902/3899 5/5/5
f  5901/5901/3898 5/5/5 1/1/1 10/10/10
f  5902/5902/3899 5903/5903/3900 5904/5904/3901 5905/5905/3902
f  5902/5902/3899 5905/5905/3902 6/6/6 5/5/5
f  5902/5902/3899 171/171/139 170/170/138 5903/5903/3900
f  5905/5905/3902 5904/5904/3901 5906/5906/3903 5907/5907/3904
f  5905/5905/3902 5907/5907/3904 5908/5908/3905 6/6/6
f  5909/5909/3905 5910/5910/3904 5911/5911/3906 5912/5912/3907
f  5909/5909/3905 5912/5912/3907 5913/5913/3908 5914/5914/3909
f  5908/5908/3905 5915/5915/3909 2/2/2 6/6/6
f  5914/5914/3909 5913/5913/3908 5916/5916/3910 5917/5917/3911
f  5915/5915/3909 5918/5918/3911 3/3/3 2/2/2
f  5919/5919/3911 5920/5920/3910 5921/5921/3912 5922/5922/3913
f  5919/5919/3911 5922/5922/3913 5923/5923/3914 5924/5924/3
f  5923/5923/3914 5922/5922/3913 5925/5925/3915 5926/5926/3916
f  5927/5927/3914 5928/5928/3916 5929/5929/3917 5930/5930/3918
f  5927/5927/3914 5930/5930/3918 5931/5931/4 5932/5932/3
f  5930/5930/3918 5929/5929/3917 5933/5933/3919 5934/5934/3920
f  5935/5935/3918 5936/5936/3920 7/7/7 4/4/4
f  5934/5934/3920 5933/5933/3919 5937/5937/3921 5938/5938/2660
f  5936/5936/3920 4014/4014/2660 4013/4013/2659 7/7/7
f  5937/5937/3921 5933/5933/3919 5939/5939/3922 5940/5940/3923
f  5937/5937/3921 5940/5940/3923 5941/5941/3924 4006/4006/2655
f  5937/5937/3921 4006/4006/2655 4005/4005/2654 5938/5938/2660
f  5941/5941/3924 5940/5940/3923 5942/5942/3925 5943/5943/3926
f  5944/5944/3924 5945/5945/3926 5946/5946/3927 5947/5947/2650
f  5948/5948/3924 5949/5949/2650 5950/5950/2649 5951/5951/2655
f  5946/5946/3927 5945/5945/3926 5952/5952/3928 5953/5953/3929
f  5954/5954/3927 5955/5955/3929 5956/5956/3930 3990/3990/2645
f  5954/5954/3927 3990/3990/2645 3989/3989/2644 3995/3995/2650
f  5956/5956/3930 5955/5955/3929 5957/5957/3931 5958/5958/3932
f  5956/5956/3930 5958/5958/3932 5959/5959/3933 3985/3985/2640
f  5956/5956/3930 3985/3985/2640 3984/3984/2639 3990/3990/2645
f  5959/5959/3933 5958/5958/3932 5960/5960/3934 5961/5961/3935
f  5959/5959/3933 5961/5961/3935 5962/5962/3936 3980/3980/2635
f  5959/5959/3933 3980/3980/2635 3979/3979/2634 3985/3985/2640
f  5962/5962/3936 5961/5961/3935 217/217/175 5963/5963/3937
f  5962/5962/3936 5963/5963/3937 5964/5964/3938 3975/3975/2630
f  5962/5962/3936 3975/3975/2630 3974/3974/2629 3980/3980/2635
f  5964/5964/3938 5963/5963/3937 5965/5965/3939 5966/5966/3940
f  5964/5964/3938 5966/5966/3940 5967/5967/3941 3970/3970/2625
f  5964/5964/3938 3970/3970/2625 3969/3969/2624 3975/3975/2630
f  5967/5967/3941 5966/5966/3940 5968/5968/3942 5969/5969/3943
f  5967/5967/3941 5969/5969/3943 226/226/184 225/225/183
f  5967/5967/3941 225/225/183 3965/3965/2620 3970/3970/2625
f  5969/5969/3943 5968/5968/3942 5970/5970/3944 5971/5971/3945
f  5969/5969/3943 5971/5971/3945 5972/5972/3946 226/226/184
f  5973/5973/3946 5974/5974/3945 5975/5975/3947 5976/5976/3948
f  5973/5973/3946 5976/5976/3948 5977/5977/3949 5978/5978/3950
f  5972/5972/3946 5979/5979/3950 222/222/180 226/226/184
f  5980/5980/3950 5981/5981/3949 5982/5982/3951 5983/5983/3952
f  5979/5979/3950 5984/5984/3952 223/223/181 222/222/180
f  5985/5985/3952 5986/5986/3951 5987/5987/3953 5988/5988/3954
f  5984/5984/3952 5989/5989/3954 3954/3954/2612 223/223/181
f  5990/5990/3954 5991/5991/3953 5992/5992/3955 5993/5993/198
f  5989/5989/3954 240/240/198 239/239/197 3954/3954/2612
f  5994/5994/3955 5995/5995/3953 5996/5996/3956 5997/5997/3957
f  5998/5998/3955 5999/5999/3957 6000/6000/3958 6001/6001/3959
f  5992/5992/3955 6002/6002/3959 6003/6003/194 5993/5993/198
f  6001/6001/3959 6000/6000/3958 6004/6004/3960 6005/6005/211
f  6002/6002/3959 6006/6006/211 6007/6007/195 6003/6003/194
f  6004/6004/3960 6000/6000/3958 6008/6008/3961 6009/6009/3962
f  6010/6010/3960 6011/6011/3962 6012/6012/3963 6013/6013/3964
f  6010/6010/3960 6013/6013/3964 250/250/208 254/254/211
f  6013/6013/3964 6012/6012/3963 6014/6014/3965 6015/6015/3966
f  6013/6013/3964 6015/6015/3966 251/251/209 250/250/208
f  6016/6016/3966 6017/6017/3965 6018/6018/3967 6019/6019/3968
f  6020/6020/3966 6021/6021/3968 6022/6022/3969 6023/6023/209
f  6022/6022/3969 6024/6024/215 6025/6025/210 6023/6023/209
f  6022/6022/3969 6021/6021/3968 6026/6026/3970 6027/6027/3971
f  6022/6022/3969 6027/6027/3971 6028/6028/218 6024/6024/215
f  6027/6027/3971 6026/6026/3970 6029/6029/3972 6030/6030/3973
f  6027/6027/3971 6030/6030/3973 6031/6031/3974 6028/6028/218
f  6032/6032/3974 6033/6033/3975 6034/6034/216 6035/6035/218
f  6032/6032/3974 6036/6036/3973 6037/6037/3976 6038/6038/3977
f  6032/6032/3974 6038/6038/3977 6039/6039/3978 6033/6033/3975
f  6040/6040/3978 216/216/174 215/215/173 6041/6041/3975
f  6039/6039/3978 6038/6038/3977 6042/6042/3979 6043/6043/3980
f  6040/6040/3978 6044/6044/3980 5965/5965/3939 216/216/174
f  6044/6044/3980 6045/6045/3979 5970/5970/3944 5968/5968/3942
f  6044/6044/3980 5968/5968/3942 5966/5966/3940 5965/5965/3939
f  6046/6046/3979 6047/6047/3977 6048/6048/3976 6049/6049/3981
f  6046/6046/3979 6049/6049/3981 6050/6050/3982 6051/6051/3944
f  6050/6050/3982 6049/6049/3981 6052/6052/3983 6053/6053/3984
f  6054/6054/3982 6055/6055/3984 6056/6056/3985 5975/5975/3947
f  6054/6054/3982 5975/5975/3947 5974/5974/3945 6057/6057/3944
f  6056/6056/3985 6055/6055/3984 6058/6058/3986 6059/6059/3987
f  6056/6056/3985 6059/6059/3987 6060/6060/3988 6061/6061/3989
f  6056/6056/3985 6061/6061/3989 5976/5976/3948 5975/5975/3947
f  6061/6061/3989 6060/6060/3988 6062/6062/3990 6063/6063/3991
f  6061/6061/3989 6063/6063/3991 5977/5977/3949 5976/5976/3948
f  6063/6063/3991 6062/6062/3990 6064/6064/3992 6065/6065/3993
f  6063/6063/3991 6065/6065/3993 6066/6066/3951 5977/5977/3949
f  6067/6067/3993 6068/6068/3992 6069/6069/3994 5996/5996/3956
f  6070/6070/3993 6071/6071/3956 6072/6072/3953 6073/6073/3951
f  6074/6074/3994 6075/6075/3992 6076/6076/3995 6077/6077/3996
f  6074/6074/3994 6077/6077/3996 6078/6078/3997 6079/6079/3998
f  6069/6069/3994 6080/6080/3998 5997/5997/3957 5996/5996/3956
f  6081/6081/3998 6082/6082/3997 6083/6083/3999 6008/6008/3961
f  6081/6081/3998 6008/6008/3961 6000/6000/3958 5999/5999/3957
f  6083/6083/3999 6082/6082/3997 6084/6084/4000 6085/6085/4001
f  6086/6086/3999 6087/6087/4001 6088/6088/4002 6089/6089/4003
f  6083/6083/3999 6090/6090/4003 6009/6009/3962 6008/6008/3961
f  6089/6089/4003 6088/6088/4002 6091/6091/4004 6092/6092/4005
f  6089/6089/4003 6092/6092/4005 6012/6012/3963 6011/6011/3962
f  6092/6092/4005 6091/6091/4004 6093/6093/4006 6094/6094/4007
f  6092/6092/4005 6094/6094/4007 6014/6014/3965 6012/6012/3963
f  6095/6095/4007 6096/6096/4006 6097/6097/4008 6098/6098/4009
f  6095/6095/4007 6098/6098/4009 6018/6018/3967 6017/6017/3965
f  6098/6098/4009 6097/6097/4008 6099/6099/4010 6100/6100/4011
f  6098/6098/4009 6100/6100/4011 6101/6101/4012 6018/6018/3967
f  6101/6101/4012 6102/6102/3970 6019/6019/3968 6018/6018/3967
f  6101/6101/4012 6100/6100/4011 6103/6103/4013 6104/6104/4014
f  6101/6101/4012 6104/6104/4014 6105/6105/3972 6102/6102/3970
f  6106/6106/4014 6107/6107/4013 6108/6108/4015 6109/6109/4016
f  6106/6106/4014 6109/6109/4016 6110/6110/4017 6111/6111/3972
f  6110/6110/4017 6037/6037/3976 6036/6036/3973 6111/6111/3972
f  6110/6110/4017 6109/6109/4016 6112/6112/4018 6113/6113/3983
f  6110/6110/4017 6113/6113/3983 6114/6114/3981 6037/6037/3976
f  6112/6112/4018 6109/6109/4016 6108/6108/4015 6115/6115/4019
f  6116/6116/4018 6117/6117/4019 6118/6118/4020 6119/6119/3986
f  6116/6116/4018 6119/6119/3986 6053/6053/3984 6052/6052/3983
f  6118/6118/4020 6117/6117/4019 6120/6120/4021 6121/6121/4022
f  6122/6122/4020 6123/6123/4022 6124/6124/4023 6125/6125/4024
f  6122/6122/4020 6125/6125/4024 6059/6059/3987 6058/6058/3986
f  6125/6125/4024 6124/6124/4023 6126/6126/4025 6127/6127/4026
f  6125/6125/4024 6127/6127/4026 6060/6060/3988 6059/6059/3987
f  6127/6127/4026 6126/6126/4025 6128/6128/4027 6129/6129/4028
f  6127/6127/4026 6129/6129/4028 6062/6062/3990 6060/6060/3988
f  6130/6130/4028 6131/6131/4027 6132/6132/4029 6076/6076/3995
f  6130/6130/4028 6076/6076/3995 6075/6075/3992 6133/6133/3990
f  6132/6132/4029 6131/6131/4027 6134/6134/4030 6135/6135/4031
f  6132/6132/4029 6135/6135/4031 6136/6136/4032 6137/6137/4033
f  6132/6132/4029 6137/6137/4033 6077/6077/3996 6076/6076/3995
f  6137/6137/4033 6136/6136/4032 6138/6138/4034 6139/6139/4000
f  6137/6137/4033 6139/6139/4000 6078/6078/3997 6077/6077/3996
f  6140/6140/4034 6141/6141/4032 6142/6142/4035 6143/6143/4036
f  6140/6140/4034 6143/6143/4036 6144/6144/4037 6145/6145/4038
f  6140/6140/4034 6145/6145/4038 6146/6146/4001 6147/6147/4000
f  6148/6148/4038 6149/6149/4037 6150/6150/4039 6151/6151/4040
f  6152/6152/4038 6153/6153/4040 6088/6088/4002 6087/6087/4001
f  6153/6153/4040 6154/6154/4039 6155/6155/4041 6156/6156/4042
f  6153/6153/4040 6156/6156/4042 6091/6091/4004 6088/6088/4002
f  6157/6157/4042 6158/6158/4041 232/232/190 6159/6159/4043
f  6157/6157/4042 6159/6159/4043 6096/6096/4006 6160/6160/4004
f  6159/6159/4043 232/232/190 231/231/189 6161/6161/4044
f  6159/6159/4043 6161/6161/4044 6097/6097/4008 6096/6096/4006
f  6161/6161/4044 231/231/189 230/230/188 6162/6162/4045
f  6161/6161/4044 6162/6162/4045 6099/6099/4010 6097/6097/4008
f  6162/6162/4045 230/230/188 6163/6163/4046 6164/6164/4047
f  6162/6162/4045 6164/6164/4047 6165/6165/4048 6099/6099/4010
f  6165/6165/4048 6103/6103/4013 6100/6100/4011 6099/6099/4010
f  6165/6165/4048 6164/6164/4047 6166/6166/4049 6167/6167/4050
f  6165/6165/4048 6167/6167/4050 6168/6168/4015 6103/6103/4013
f  6169/6169/4050 6170/6170/4049 6171/6171/4051 6172/6172/4021
f  6169/6169/4050 6172/6172/4021 6115/6115/4019 6108/6108/4015
f  6171/6171/4051 6170/6170/4049 6173/6173/4052 6174/6174/4053
f  6175/6175/4051 6176/6176/4053 6177/6177/4054 6178/6178/4055
f  6175/6175/4051 6178/6178/4055 6121/6121/4022 6120/6120/4021
f  6179/6179/4055 6180/6180/4054 6181/6181/4056 6182/6182/4057
f  6179/6179/4055 6182/6182/4057 6124/6124/4023 6123/6123/4022
f  6182/6182/4057 6181/6181/4056 6183/6183/4058 6184/6184/4059
f  6182/6182/4057 6184/6184/4059 6126/6126/4025 6124/6124/4023
f  6184/6184/4059 6183/6183/4058 6185/6185/4060 6186/6186/4030
f  6184/6184/4059 6186/6186/4030 6128/6128/4027 6126/6126/4025
f  6185/6185/4060 6183/6183/4058 1006/1006/796 1005/1005/795
f  6187/6187/4060 6188/6188/795 6189/6189/794 6190/6190/4061
f  6187/6187/4060 6190/6190/4061 6135/6135/4031 6134/6134/4030
f  6191/6191/4061 6192/6192/794 6193/6193/4062 6142/6142/4035
f  6190/6190/4061 6194/6194/4035 6136/6136/4032 6135/6135/4031
f  6193/6193/4062 6192/6192/794 6195/6195/793 6196/6196/4063
f  6193/6193/4062 6196/6196/4063 6197/6197/4064 6198/6198/4065
f  6193/6193/4062 6198/6198/4065 6143/6143/4036 6142/6142/4035
f  6198/6198/4065 6197/6197/4064 6199/6199/4066 6200/6200/4067
f  6198/6198/4065 6200/6200/4067 6144/6144/4037 6143/6143/4036
f  6201/6201/4067 6202/6202/4066 6203/6203/4068 6204/6204/4069
f  6201/6201/4067 6204/6204/4069 6150/6150/4039 6149/6149/4037
f  6205/6205/4069 6206/6206/4068 6207/6207/4070 6208/6208/4071
f  6205/6205/4069 6208/6208/4071 6158/6158/4041 6209/6209/4039
f  6208/6208/4071 6207/6207/4070 234/234/192 233/233/191
f  6208/6208/4071 233/233/191 232/232/190 6158/6158/4041
f  6207/6207/4070 6206/6206/4068 1014/1014/804 1013/1013/803
f  6207/6207/4070 1013/1013/803 6210/6210/4072 234/234/192
f  6210/6210/4072 6211/6211/4073 229/229/187 234/234/192
f  6210/6210/4072 1013/1013/803 1012/1012/802 6212/6212/4074
f  6210/6210/4072 6212/6212/4074 6213/6213/4075 6211/6211/4073
f  6213/6213/4075 6214/6214/4052 6163/6163/4046 6211/6211/4073
f  6213/6213/4075 6212/6212/4074 6215/6215/4076 6216/6216/4077
f  6217/6217/4075 6218/6218/4077 6174/6174/4053 6173/6173/4052
f  6219/6219/4077 6220/6220/4076 6221/6221/4078 6222/6222/4079
f  6223/6223/4077 6224/6224/4079 6177/6177/4054 6176/6176/4053
f  6225/6225/4079 6226/6226/4078 6227/6227/4080 6228/6228/4081
f  6225/6225/4079 6228/6228/4081 6181/6181/4056 6180/6180/4054
f  6228/6228/4081 6227/6227/4080 1007/1007/797 1006/1006/796
f  6228/6228/4081 1006/1006/796 6183/6183/4058 6181/6181/4056
f  6227/6227/4080 6226/6226/4078 1024/1024/811 1021/1021/808
f  6227/6227/4080 1021/1021/808 1008/1008/798 1007/1007/797
f  6221/6221/4078 6220/6220/4076 6229/6229/801 6230/6230/811
f  6215/6215/4076 6212/6212/4074 1012/1012/802 1011/1011/801
f  6211/6211/4073 6163/6163/4046 230/230/188 229/229/187
f  6206/6206/4068 6231/6231/4066 6232/6232/805 1014/1014/804
f  6233/6233/4066 6234/6234/4064 6235/6235/810 1017/1017/805
f  6197/6197/4064 6196/6196/4063 6236/6236/807 6237/6237/810
f  6238/6238/4063 1003/1003/793 1008/1008/798 1020/1020/807
f  6214/6214/4052 6166/6166/4049 6164/6164/4047 6163/6163/4046
f  6041/6041/3975 215/215/173 219/219/177 261/261/216
f  5965/5965/3939 5963/5963/3937 217/217/175 216/216/174
f  5961/5961/3935 5960/5960/3934 220/220/178 217/217/175
f  5960/5960/3934 6239/6239/4082 6240/6240/4083 220/220/178
f  5960/5960/3934 5958/5958/3932 5957/5957/3931 6239/6239/4082
f  6240/6240/4083 6241/6241/4084 6242/6242/4085 6243/6243/4086
f  6240/6240/4083 6243/6243/4086 218/218/176 220/220/178
f  6240/6240/4083 6239/6239/4082 6244/6244/4087 6241/6241/4084
f  6245/6245/4087 6246/6246/4088 6247/6247/4089 6248/6248/4084
f  6244/6244/4087 6239/6239/4082 5957/5957/3931 6249/6249/4090
f  6245/6245/4087 6250/6250/4090 6251/6251/4091 6246/6246/4088
f  6252/6252/4091 6253/6253/4092 6254/6254/4093 6255/6255/4088
f  6251/6251/4091 6250/6250/4090 5952/5952/3928 6256/6256/4094
f  6252/6252/4091 6257/6257/4094 6258/6258/4095 6253/6253/4092
f  6258/6258/4095 6259/6259/4096 6260/6260/4097 6253/6253/4092
f  6258/6258/4095 6257/6257/4094 5942/5942/3925 6261/6261/4098
f  6258/6258/4095 6261/6261/4098 6262/6262/4099 6259/6259/4096
f  6262/6262/4099 6263/6263/4100 6264/6264/4101 6259/6259/4096
f  6262/6262/4099 6261/6261/4098 5939/5939/3922 6265/6265/4102
f  6262/6262/4099 6265/6265/4102 6266/6266/4103 6263/6263/4100
f  6266/6266/4103 6267/6267/4104 6268/6268/4105 6263/6263/4100
f  6266/6266/4103 6265/6265/4102 5929/5929/3917 5928/5928/3916
f  6266/6266/4103 5928/5928/3916 6269/6269/3915 6267/6267/4104
f  6268/6268/4105 6270/6270/4106 6271/6271/4107 6272/6272/4108
f  6268/6268/4105 6272/6272/4108 6264/6264/4101 6263/6263/4100
f  6273/6273/4105 6274/6274/4104 6275/6275/4109 6276/6276/4106
f  6275/6275/4109 6277/6277/4110 6278/6278/4111 6276/6276/4106
f  6279/6279/4109 6280/6280/4104 5925/5925/3915 6281/6281/4112
f  6279/6279/4109 6281/6281/4112 6282/6282/4113 6283/6283/4110
f  6282/6282/4113 6284/6284/4114 6285/6285/4115 6283/6283/4110
f  6282/6282/4113 6281/6281/4112 5921/5921/3912 6286/6286/4116
f  6282/6282/4113 6286/6286/4116 6287/6287/4117 6284/6284/4114
f  6287/6287/4117 94/94/68 93/93/73 6284/6284/4114
f  6287/6287/4117 6286/6286/4116 6288/6288/4118 6289/6289/4119
f  6287/6287/4117 6289/6289/4119 6290/6290/69 94/94/68
f  6291/6291/4119 6292/6292/4118 6293/6293/4120 6294/6294/4121
f  6295/6295/4119 6296/6296/4121 6297/6297/4122 85/85/69
f  6297/6297/4122 6298/6298/4123 86/86/70 85/85/69
f  6297/6297/4122 6296/6296/4121 186/186/153 185/185/152
f  6297/6297/4122 185/185/152 189/189/154 6298/6298/4123
f  6298/6298/4123 6299/6299/4124 6300/6300/71 86/86/70
f  6298/6298/4123 189/189/154 6301/6301/4125 6299/6299/4124
f  6301/6301/4125 189/189/154 188/188/151 6302/6302/4126
f  6303/6303/4125 6304/6304/4126 106/106/83 105/105/82
f  6303/6303/4125 105/105/82 6305/6305/4127 6306/6306/4124
f  6305/6305/4127 105/105/82 104/104/81 6307/6307/4128
f  6305/6305/4127 6307/6307/4128 6308/6308/4129 6309/6309/4130
f  6305/6305/4127 6309/6309/4130 89/89/71 6306/6306/4124
f  6309/6309/4130 6308/6308/4129 6310/6310/4131 6311/6311/4132
f  6309/6309/4130 6311/6311/4132 90/90/72 89/89/71
f  6311/6311/4132 6310/6310/4131 6312/6312/4133 6313/6313/4134
f  6311/6311/4132 6313/6313/4134 6314/6314/73 90/90/72
f  6315/6315/4134 6316/6316/4133 6317/6317/4135 6318/6318/4115
f  6319/6319/4134 6285/6285/4115 6284/6284/4114 93/93/73
f  6317/6317/4135 6316/6316/4133 77/77/61 81/81/65
f  6317/6317/4135 81/81/65 6320/6320/4136 6278/6278/4111
f  6317/6317/4135 6278/6278/4111 6277/6277/4110 6318/6318/4115
f  6320/6320/4136 81/81/65 80/80/64 6321/6321/4137
f  6320/6320/4136 6321/6321/4137 6322/6322/4138 6323/6323/4107
f  6320/6320/4136 6323/6323/4107 6276/6276/4106 6278/6278/4111
f  6324/6324/4138 6325/6325/4137 6326/6326/4139 6327/6327/4140
f  6324/6324/4138 6327/6327/4140 6328/6328/4141 6329/6329/4142
f  6324/6324/4138 6329/6329/4142 6272/6272/4108 6271/6271/4107
f  6329/6329/4142 6328/6328/4141 6330/6330/4143 6331/6331/4144
f  6329/6329/4142 6331/6331/4144 6264/6264/4101 6272/6272/4108
f  6331/6331/4144 6330/6330/4143 6332/6332/4145 6260/6260/4097
f  6331/6331/4144 6260/6260/4097 6259/6259/4096 6264/6264/4101
f  6332/6332/4145 6330/6330/4143 6333/6333/4146 6334/6334/4147
f  6332/6332/4145 6334/6334/4147 6335/6335/4148 6254/6254/4093
f  6332/6332/4145 6254/6254/4093 6253/6253/4092 6260/6260/4097
f  6335/6335/4148 6334/6334/4147 6336/6336/4149 6337/6337/4150
f  6335/6335/4148 6337/6337/4150 6338/6338/4151 6339/6339/4089
f  6335/6335/4148 6339/6339/4089 6255/6255/4088 6254/6254/4093
f  6338/6338/4151 6337/6337/4150 6340/6340/4152 6341/6341/4153
f  6342/6342/4151 6343/6343/4153 6344/6344/4154 6345/6345/4085
f  6346/6346/4151 6347/6347/4085 6248/6248/4084 6247/6247/4089
f  6348/6348/4154 6341/6341/4153 6349/6349/4155 6350/6350/4156
f  6344/6344/4154 6351/6351/4156 6352/6352/4157 6353/6353/4158
f  6344/6344/4154 6353/6353/4158 6354/6354/4086 6345/6345/4085
f  6353/6353/4158 6352/6352/4157 6355/6355/4159 6356/6356/4160
f  6357/6357/4158 6358/6358/4160 218/218/176 6243/6243/4086
f  6358/6358/4160 6359/6359/4159 6360/6360/4161 262/262/217
f  6358/6358/4160 262/262/217 219/219/177 218/218/176
f  6360/6360/4161 2473/2473/1708 2469/2469/1704 2468/2468/1703
f  6360/6360/4161 2468/2468/1703 258/258/213 262/262/217
f  6361/6361/4161 6355/6355/4159 6362/6362/4162 6363/6363/1708
f  6364/6364/4162 2481/2481/1713 2480/2480/1709 6365/6365/1708
f  6362/6362/4162 6355/6355/4159 6352/6352/4157 6366/6366/4163
f  6364/6364/4162 6367/6367/4163 6368/6368/4164 2481/2481/1713
f  6368/6368/4164 2486/2486/1718 2482/2482/1714 2481/2481/1713
f  6368/6368/4164 6367/6367/4163 6369/6369/205 6370/6370/204
f  6368/6368/4164 6370/6370/204 6371/6371/206 2486/2486/1718
f  6366/6366/4163 6352/6352/4157 6351/6351/4156 6372/6372/205
f  6350/6350/4156 6349/6349/4155 243/243/201 247/247/205
f  6349/6349/4155 6373/6373/4165 244/244/202 243/243/201
f  6349/6349/4155 6341/6341/4153 6340/6340/4152 6373/6373/4165
f  6373/6373/4165 6374/6374/4166 6375/6375/4167 244/244/202
f  6373/6373/4165 6340/6340/4152 6376/6376/4168 6374/6374/4166
f  6376/6376/4168 6377/6377/4169 6378/6378/4170 6374/6374/4166
f  6376/6376/4168 6340/6340/4152 6337/6337/4150 6336/6336/4149
f  6376/6376/4168 6336/6336/4149 6379/6379/4171 6377/6377/4169
f  6379/6379/4171 120/120/94 119/119/93 6377/6377/4169
f  6379/6379/4171 6336/6336/4149 6334/6334/4147 6333/6333/4146
f  6379/6379/4171 6333/6333/4146 6380/6380/4172 120/120/94
f  6380/6380/4172 6381/6381/4173 121/121/95 120/120/94
f  6380/6380/4172 6333/6333/4146 6330/6330/4143 6328/6328/4141
f  6380/6380/4172 6328/6328/4141 6327/6327/4140 6381/6381/4173
f  6381/6381/4173 6382/6382/4174 122/122/96 121/121/95
f  6381/6381/4173 6327/6327/4140 6326/6326/4139 6382/6382/4174
f  6382/6382/4174 6383/6383/4175 6384/6384/4176 122/122/96
f  6385/6385/4174 6386/6386/4139 6387/6387/66 6388/6388/4175
f  6389/6389/4176 6390/6390/4177 6391/6391/4178 6392/6392/4179
f  6384/6384/4176 6393/6393/4179 114/114/88 122/122/96
f  6394/6394/4176 6388/6388/4175 6395/6395/4180 6396/6396/4177
f  6397/6397/4180 6398/6398/4181 6399/6399/4182 6400/6400/4177
f  6395/6395/4180 6388/6388/4175 6387/6387/66 6401/6401/63
f  6397/6397/4180 6402/6402/63 6403/6403/62 6398/6398/4181
f  6399/6399/4182 6307/6307/4128 104/104/81 112/112/86
f  6404/6404/4182 6405/6405/86 6391/6391/4178 6390/6390/4177
f  6399/6399/4182 6398/6398/4181 6308/6308/4129 6307/6307/4128
f  6398/6398/4181 6403/6403/62 6310/6310/4131 6308/6308/4129
f  6392/6392/4179 6391/6391/4178 6406/6406/4183 6407/6407/4184
f  6393/6393/4179 6408/6408/4184 115/115/89 114/114/88
f  6407/6407/4184 6406/6406/4183 6409/6409/4185 6410/6410/4186
f  6408/6408/4184 6411/6411/4186 6412/6412/4187 115/115/89
f  6412/6412/4187 6413/6413/4188 116/116/90 115/115/89
f  6414/6414/4187 6415/6415/4186 6416/6416/4189 6417/6417/4190
f  6412/6412/4187 6418/6418/4190 6419/6419/4191 6413/6413/4188
f  6419/6419/4191 6420/6420/4192 2509/2509/1736 6413/6413/4188
f  6421/6421/4191 6422/6422/4190 5906/5906/3903 5904/5904/3901
f  6421/6421/4191 5904/5904/3901 5903/5903/3900 6423/6423/4192
f  6420/6420/4192 2513/2513/144 2510/2510/1737 2509/2509/1736
f  6423/6423/4192 5903/5903/3900 170/170/138 176/176/144
f  6417/6417/4190 6416/6416/4189 6424/6424/4193 6425/6425/3903
f  6424/6424/4193 6416/6416/4189 6426/6426/4194 6427/6427/4195
f  6424/6424/4193 6427/6427/4195 6428/6428/4196 6429/6429/3906
f  6424/6424/4193 6429/6429/3906 6430/6430/3904 6425/6425/3903
f  6428/6428/4196 6427/6427/4195 182/182/150 181/181/149
f  6431/6431/4196 6432/6432/149 6433/6433/153 6434/6434/4197
f  6431/6431/4196 6434/6434/4197 5912/5912/3907 5911/5911/3906
f  6434/6434/4197 6433/6433/153 6294/6294/4121 6293/6293/4120
f  6434/6434/4197 6293/6293/4120 5913/5913/3908 5912/5912/3907
f  6427/6427/4195 6426/6426/4194 6435/6435/4198 182/182/150
f  6435/6435/4198 6426/6426/4194 6436/6436/4185 109/109/84
f  6435/6435/4198 109/109/84 108/108/83 6437/6437/4126
f  6435/6435/4198 6437/6437/4126 183/183/151 182/182/150
f  6426/6426/4194 6416/6416/4189 6415/6415/4186 6436/6436/4185
f  6413/6413/4188 2509/2509/1736 117/117/91 116/116/90
f  6436/6436/4185 6438/6438/4183 110/110/85 109/109/84
f  6406/6406/4183 6391/6391/4178 6405/6405/86 6439/6439/85
f  6378/6378/4170 123/123/97 2506/2506/1733 6440/6440/4199
f  6378/6378/4170 6440/6440/4199 6375/6375/4167 6374/6374/4166
f  6378/6378/4170 6377/6377/4169 119/119/93 123/123/97
f  6440/6440/4199 2506/2506/1733 2502/2502/1729 2501/2501/1728
f  6440/6440/4199 2501/2501/1728 6441/6441/4200 6375/6375/4167
f  6441/6441/4200 2501/2501/1728 2496/2496/1724 2495/2495/1723
f  6441/6441/4200 2495/2495/1723 248/248/206 245/245/203
f  6441/6441/4200 245/245/203 244/244/202 6375/6375/4167
f  6442/6442/4139 6321/6321/4137 80/80/64 82/82/66
f  6312/6312/4133 6310/6310/4131 6403/6403/62 6443/6443/61
f  6293/6293/4120 6292/6292/4118 5916/5916/3910 5913/5913/3908
f  6288/6288/4118 6286/6286/4116 5921/5921/3912 5920/5920/3910
f  6281/6281/4112 5925/5925/3915 5922/5922/3913 5921/5921/3912
f  6265/6265/4102 5939/5939/3922 5933/5933/3919 5929/5929/3917
f  6261/6261/4098 5942/5942/3925 5940/5940/3923 5939/5939/3922
f  6256/6256/4094 5952/5952/3928 5945/5945/3926 6444/6444/3925
f  6250/6250/4090 6445/6445/3931 5953/5953/3929 5952/5952/3928
f  3950/3950/2608 241/241/199 2451/2451/1686 6446/6446/4201
f  3950/3950/2608 6446/6446/4201 3945/3945/2603 3944/3944/2602
f  3950/3950/2608 3949/3949/2607 239/239/197 241/241/199
f  6446/6446/4201 2451/2451/1686 2446/2446/1682 6447/6447/1681
f  6446/6446/4201 6447/6447/1681 6448/6448/4202 3945/3945/2603
f  6449/6449/4202 2443/2443/1681 2437/2437/1678 2436/2436/1677
f  6449/6449/4202 2436/2436/1677 6450/6450/4203 3937/3937/2598
f  6449/6449/4202 3937/3937/2598 3936/3936/2597 6451/6451/2603
f  6450/6450/4203 2436/2436/1677 2432/2432/1675 6452/6452/4204
f  6450/6450/4203 6452/6452/4204 6453/6453/4205 3932/3932/2593
f  6450/6450/4203 3932/3932/2593 3931/3931/2592 3937/3937/2598
f  6453/6453/4205 6452/6452/4204 6454/6454/4206 6455/6455/4207
f  6453/6453/4205 6455/6455/4207 6456/6456/4208 3924/3924/2585
f  6453/6453/4205 3924/3924/2585 3927/3927/2588 3932/3932/2593
f  6456/6456/4208 6455/6455/4207 6457/6457/4209 6458/6458/4210
f  6456/6456/4208 6458/6458/4210 6459/6459/4211 6460/6460/4212
f  6456/6456/4208 6460/6460/4212 3925/3925/2586 3924/3924/2585
f  6460/6460/4212 6459/6459/4211 6461/6461/4213 6462/6462/4214
f  6463/6463/4213 6464/6464/4211 6465/6465/4215 6466/6466/4216
f  6463/6463/4213 6466/6466/4216 6467/6467/4217 6468/6468/4218
f  6461/6461/4213 6469/6469/4218 3926/3926/2587 6462/6462/4214
f  6470/6470/4218 6471/6471/4217 6472/6472/4219 6473/6473/4220
f  6474/6474/4218 6475/6475/4220 285/285/233 6476/6476/2587
f  6477/6477/4220 6478/6478/4219 6479/6479/4221 6480/6480/4222
f  6475/6475/4220 6481/6481/4222 286/286/234 285/285/233
f  6480/6480/4222 6479/6479/4221 6482/6482/4223 6483/6483/4224
f  6481/6481/4222 6484/6484/4224 293/293/241 286/286/234
f  6483/6483/4224 6482/6482/4223 6485/6485/4225 6486/6486/1657
f  6484/6484/4224 2396/2396/1657 2394/2394/1655 293/293/241
f  6487/6487/4225 6488/6488/4223 6489/6489/4226 6490/6490/4227
f  6487/6487/4225 6490/6490/4227 6491/6491/4228 2404/2404/1660
f  6485/6485/4225 6492/6492/1660 6493/6493/1658 6486/6486/1657
f  6491/6491/4228 6490/6490/4227 6494/6494/4229 6495/6495/4230
f  6491/6491/4228 6495/6495/4230 6496/6496/4231 6497/6497/4232
f  6491/6491/4228 6497/6497/4232 2405/2405/1661 2404/2404/1660
f  6498/6498/4232 6499/6499/4231 6500/6500/4233 6501/6501/4234
f  6498/6498/4232 6501/6501/4234 6502/6502/1662 6503/6503/1661
f  6504/6504/4234 6505/6505/4233 6506/6506/4235 6507/6507/4236
f  6508/6508/4234 6509/6509/4236 2414/2414/1664 2413/2413/1662
f  6510/6510/4236 6511/6511/4235 6512/6512/4237 6513/6513/4238
f  6510/6510/4236 6513/6513/4238 2422/2422/1666 6514/6514/1664
f  6513/6513/4238 6512/6512/4237 6515/6515/4239 6516/6516/4240
f  6513/6513/4238 6516/6516/4240 2423/2423/1668 2422/2422/1666
f  6516/6516/4240 6515/6515/4239 6517/6517/4241 6518/6518/4242
f  6516/6516/4240 6518/6518/4242 2425/2425/1670 2423/2423/1668
f  6518/6518/4242 6517/6517/4241 6519/6519/4243 6520/6520/4244
f  6518/6518/4242 6520/6520/4244 6521/6521/4245 2425/2425/1670
f  6521/6521/4245 6520/6520/4244 6522/6522/4246 6523/6523/4247
f  6521/6521/4245 6523/6523/4247 6524/6524/4248 2428/2428/1673
f  6521/6521/4245 2428/2428/1673 2426/2426/1671 2425/2425/1670
f  6524/6524/4248 6523/6523/4247 6525/6525/4249 6526/6526/4209
f  6527/6527/4248 6457/6457/4209 6455/6455/4207 6454/6454/4206
f  6527/6527/4248 6454/6454/4206 2431/2431/1674 6528/6528/1673
f  6525/6525/4249 6523/6523/4247 6522/6522/4246 6529/6529/4250
f  6530/6530/4249 6531/6531/4250 6532/6532/4251 6533/6533/4252
f  6530/6530/4249 6533/6533/4252 6534/6534/4210 6535/6535/4209
f  6533/6533/4252 6532/6532/4251 6536/6536/4253 6537/6537/4215
f  6533/6533/4252 6537/6537/4215 6538/6538/4211 6534/6534/4210
f  6536/6536/4253 6532/6532/4251 6539/6539/4254 6540/6540/4255
f  6541/6541/4253 6542/6542/4255 6543/6543/4256 6544/6544/4257
f  6541/6541/4253 6544/6544/4257 6466/6466/4216 6465/6465/4215
f  6544/6544/4257 6543/6543/4256 6545/6545/4258 6546/6546/4259
f  6544/6544/4257 6546/6546/4259 6467/6467/4217 6466/6466/4216
f  6547/6547/4259 6548/6548/4258 6549/6549/4260 6550/6550/4261
f  6547/6547/4259 6550/6550/4261 6551/6551/4219 6552/6552/4217
f  6550/6550/4261 6549/6549/4260 6553/6553/4262 6554/6554/4263
f  6550/6550/4261 6554/6554/4263 6555/6555/4221 6551/6551/4219
f  6554/6554/4263 6553/6553/4262 6556/6556/4264 6489/6489/4226
f  6554/6554/4263 6489/6489/4226 6488/6488/4223 6555/6555/4221
f  6556/6556/4264 6553/6553/4262 6557/6557/4265 6558/6558/4266
f  6556/6556/4264 6558/6558/4266 6559/6559/4267 6494/6494/4229
f  6556/6556/4264 6494/6494/4229 6490/6490/4227 6489/6489/4226
f  6559/6559/4267 6558/6558/4266 984/984/777 6560/6560/4268
f  6559/6559/4267 6560/6560/4268 6561/6561/4269 6562/6562/4270
f  6559/6559/4267 6562/6562/4270 6495/6495/4230 6494/6494/4229
f  6563/6563/4270 6564/6564/4269 6565/6565/4271 6566/6566/4272
f  6563/6563/4270 6566/6566/4272 6499/6499/4231 6567/6567/4230
f  6566/6566/4272 6565/6565/4271 6568/6568/4273 6569/6569/4274
f  6566/6566/4272 6569/6569/4274 6500/6500/4233 6499/6499/4231
f  6570/6570/4274 6571/6571/4273 6572/6572/4275 6573/6573/4276
f  6570/6570/4274 6573/6573/4276 6506/6506/4235 6505/6505/4233
f  6574/6574/4276 6575/6575/4275 6576/6576/4277 6577/6577/4278
f  6574/6574/4276 6577/6577/4278 6512/6512/4237 6511/6511/4235
f  6577/6577/4278 6576/6576/4277 6578/6578/4279 6579/6579/4280
f  6577/6577/4278 6579/6579/4280 6515/6515/4239 6512/6512/4237
f  6579/6579/4280 6578/6578/4279 6580/6580/4281 6581/6581/4282
f  6579/6579/4280 6581/6581/4282 6517/6517/4241 6515/6515/4239
f  6581/6581/4282 6580/6580/4281 6582/6582/4283 6583/6583/4284
f  6581/6581/4282 6583/6583/4284 6519/6519/4243 6517/6517/4241
f  6583/6583/4284 6582/6582/4283 6584/6584/4285 6585/6585/4286
f  6583/6583/4284 6585/6585/4286 6586/6586/4287 6519/6519/4243
f  6586/6586/4287 6585/6585/4286 6587/6587/4288 6588/6588/4289
f  6586/6586/4287 6588/6588/4289 6529/6529/4250 6522/6522/4246
f  6586/6586/4287 6522/6522/4246 6520/6520/4244 6519/6519/4243
f  6589/6589/4289 6590/6590/4288 6591/6591/4290 6539/6539/4254
f  6589/6589/4289 6539/6539/4254 6532/6532/4251 6531/6531/4250
f  6591/6591/4290 6590/6590/4288 6592/6592/4291 6593/6593/4292
f  6591/6591/4290 6593/6593/4292 6594/6594/4293 6595/6595/4294
f  6591/6591/4290 6595/6595/4294 6540/6540/4255 6539/6539/4254
f  6596/6596/4294 6597/6597/4293 6598/6598/4295 6599/6599/4296
f  6596/6596/4294 6599/6599/4296 6543/6543/4256 6542/6542/4255
f  6600/6600/4296 6601/6601/4295 6602/6602/4297 6603/6603/4298
f  6599/6599/4296 6604/6604/4298 6545/6545/4258 6543/6543/4256
f  6603/6603/4298 6602/6602/4297 983/983/776 6605/6605/4299
f  6603/6603/4298 6605/6605/4299 6549/6549/4260 6548/6548/4258
f  6605/6605/4299 983/983/776 982/982/775 6557/6557/4265
f  6605/6605/4299 6557/6557/4265 6553/6553/4262 6549/6549/4260
f  6602/6602/4297 6601/6601/4295 6606/6606/4300 6607/6607/4301
f  6602/6602/4297 6607/6607/4301 979/979/772 983/983/776
f  6608/6608/4301 6609/6609/4300 6610/6610/4302 6611/6611/4303
f  6607/6607/4301 6612/6612/4303 980/980/773 979/979/772
f  6611/6611/4303 6610/6610/4302 6613/6613/4304 6614/6614/4305
f  6612/6612/4303 6615/6615/4305 6616/6616/4306 980/980/773
f  6616/6616/4306 6615/6615/4305 6617/6617/766 6618/6618/4307
f  6616/6616/4306 6618/6618/4307 6619/6619/4308 6620/6620/4309
f  6616/6616/4306 6620/6620/4309 981/981/774 980/980/773
f  6620/6620/4309 6619/6619/4308 6561/6561/4269 6560/6560/4268
f  6620/6620/4309 6560/6560/4268 984/984/777 981/981/774
f  6621/6621/4308 6622/6622/4307 6623/6623/4310 6624/6624/4311
f  6621/6621/4308 6624/6624/4311 6565/6565/4271 6564/6564/4269
f  6624/6624/4311 6623/6623/4310 6625/6625/4312 6626/6626/4313
f  6624/6624/4311 6626/6626/4313 6568/6568/4273 6565/6565/4271
f  6627/6627/4313 6628/6628/4312 6629/6629/4314 6630/6630/4315
f  6627/6627/4313 6630/6630/4315 6572/6572/4275 6571/6571/4273
f  6631/6631/4315 6632/6632/4314 6633/6633/4316 6634/6634/4317
f  6631/6631/4315 6634/6634/4317 6576/6576/4277 6575/6575/4275
f  6634/6634/4317 6633/6633/4316 6635/6635/4318 6636/6636/4319
f  6634/6634/4317 6636/6636/4319 6578/6578/4279 6576/6576/4277
f  6636/6636/4319 6635/6635/4318 986/986/779 991/991/784
f  6636/6636/4319 991/991/784 6580/6580/4281 6578/6578/4279
f  6635/6635/4318 6633/6633/4316 995/995/788 994/994/787
f  6635/6635/4318 994/994/787 987/987/780 986/986/779
f  6633/6633/4316 6632/6632/4314 996/996/789 995/995/788
f  6629/6629/4314 6628/6628/4312 6637/6637/769 6638/6638/789
f  6625/6625/4312 6623/6623/4310 969/969/765 973/973/769
f  6623/6623/4310 6622/6622/4307 970/970/766 969/969/765
f  6614/6614/4305 6613/6613/4304 975/975/767 6639/6639/766
f  6613/6613/4304 6640/6640/4320 976/976/770 975/975/767
f  6613/6613/4304 6610/6610/4302 6641/6641/4321 6640/6640/4320
f  6642/6642/4321 6643/6643/4322 6644/6644/4323 6645/6645/4320
f  6641/6641/4321 6610/6610/4302 6609/6609/4300 6646/6646/4324
f  6642/6642/4321 6647/6647/4324 6648/6648/4325 6643/6643/4322
f  6648/6648/4325 6649/6649/4326 6650/6650/4327 6643/6643/4322
f  6651/6651/4325 6652/6652/4324 6594/6594/4293 6593/6593/4292
f  6651/6651/4325 6593/6593/4292 6592/6592/4291 6653/6653/4326
f  6654/6654/4327 988/988/781 987/987/780 6655/6655/4328
f  6650/6650/4327 6656/6656/4328 6644/6644/4323 6643/6643/4322
f  6654/6654/4327 6657/6657/4326 989/989/782 988/988/781
f  6655/6655/4328 987/987/780 994/994/787 993/993/786
f  6656/6656/4328 1001/1001/786 1000/1000/791 6644/6644/4323
f  6657/6657/4326 6658/6658/4291 6584/6584/4285 989/989/782
f  6659/6659/4324 6660/6660/4300 6598/6598/4295 6597/6597/4293
f  6644/6644/4323 1000/1000/791 6661/6661/770 6645/6645/4320
f  6658/6658/4291 6587/6587/4288 6585/6585/4286 6584/6584/4285
f  6584/6584/4285 6582/6582/4283 990/990/783 989/989/782
f  6582/6582/4283 6580/6580/4281 991/991/784 990/990/783
f  6558/6558/4266 6557/6557/4265 982/982/775 984/984/777
f  6454/6454/4206 6452/6452/4204 2432/2432/1675 2431/2431/1674
f  6476/6476/2587 285/285/233 284/284/232 6662/6662/2581
f  3905/3905/2571 6663/6663/4329 378/378/319 377/377/316
f  3905/3905/2571 290/290/238 289/289/237 6663/6663/4329
f  6663/6663/4329 2381/2381/1643 2380/2380/1640 378/378/319
f  6663/6663/4329 289/289/237 292/292/240 2381/2381/1643
f  3693/3693/2433 3692/3692/1490 818/818/647 817/817/642
f  3679/3679/2430 3678/3678/635 6664/6664/634 794/794/630
f  3546/3546/2343 3541/3541/2341 3380/3380/2252 3378/3378/2250
f  3393/3393/2262 526/526/442 525/525/441 3386/3386/2257
f  3341/3341/2226 2545/2545/1759 2539/2539/1755 2538/2538/1754
f  2530/2530/1749 2522/2522/1745 177/177/145 179/179/147
f  2707/2707/1741 2706/2706/1727 6665/6665/1726 6666/6666/1732
f  2507/2507/1734 2506/2506/1733 123/123/97 118/118/92
f  2495/2495/1723 2494/2494/1719 6667/6667/1718 248/248/206
f  2468/2468/1703 2464/2464/1699 259/259/214 258/258/213
f  2460/2460/1695 257/257/212 256/256/210 259/259/214
f  2456/2456/1691 238/238/196 237/237/195 257/257/212
f  2452/2452/1687 2451/2451/1686 241/241/199 238/238/196
f  2394/2394/1655 2393/2393/1654 291/291/239 293/293/241
f  2393/2393/1654 2387/2387/1648 292/292/240 291/291/239
f  2387/2387/1648 2382/2382/1644 2381/2381/1643 292/292/240
f  6668/6668/1637 6669/6669/341 6670/6670/1579 6671/6671/334
f  2363/2363/1634 3874/3874/1633 366/366/309 380/380/320
f  2305/2305/1611 2299/2299/1607 383/383/323 382/382/322
f  2294/2294/1603 393/393/330 392/392/329 2295/2295/1595
f  2295/2295/1595 392/392/329 396/396/333 2273/2273/1590
f  2266/2266/1586 396/396/333 395/395/332 409/409/342
f  2251/2251/1579 6672/6672/341 6673/6673/340 2252/2252/1574
f  6674/6674/1579 6675/6675/1578 398/398/335 397/397/334
f  2234/2234/1570 6676/6676/340 351/351/294 350/350/293
f  2213/2213/1554 483/483/405 482/482/404 2208/2208/1549
f  6677/6677/1471 6678/6678/4330 6679/6679/4331 1080/1080/854
f  6677/6677/1471 1080/1080/854 1079/1079/850 6680/6680/1467
f  6677/6677/1471 6681/6681/1035 1337/1337/1034 6678/6678/4330
f  6679/6679/4331 6682/6682/4332 6683/6683/4333 6684/6684/4334
f  6679/6679/4331 6684/6684/4334 1081/1081/851 1080/1080/854
f  6679/6679/4331 6678/6678/4330 6685/6685/866 6682/6682/4332
f  6684/6684/4334 6683/6683/4333 6686/6686/4335 6687/6687/4336
f  6684/6684/4334 6687/6687/4336 6688/6688/852 1081/1081/851
f  6689/6689/4336 6690/6690/4335 6691/6691/4337 6692/6692/4338
f  6689/6689/4336 6692/6692/4338 6693/6693/4339 6694/6694/852
f  6693/6693/4339 6695/6695/4340 6696/6696/853 6694/6694/852
f  6697/6697/4339 6698/6698/4338 6699/6699/4341 6700/6700/4342
f  6693/6693/4339 6701/6701/4342 6702/6702/4343 6695/6695/4340
f  6702/6702/4343 6703/6703/4344 6704/6704/4345 6695/6695/4340
f  6702/6702/4343 6701/6701/4342 6705/6705/4346 6706/6706/4347
f  6702/6702/4343 6706/6706/4347 6707/6707/4348 6703/6703/4344
f  6707/6707/4348 6708/6708/4349 6709/6709/4350 6703/6703/4344
f  6707/6707/4348 6706/6706/4347 6710/6710/4351 6711/6711/4352
f  6707/6707/4348 6711/6711/4352 6712/6712/4353 6708/6708/4349
f  6713/6713/4353 6714/6714/4354 6715/6715/4355 6716/6716/4349
f  6712/6712/4353 6711/6711/4352 1115/1115/881 1117/1117/883
f  6713/6713/4353 6717/6717/883 6718/6718/890 6714/6714/4354
f  6715/6715/4355 6719/6719/4356 6720/6720/4357 6721/6721/4358
f  6715/6715/4355 6721/6721/4358 6722/6722/4350 6716/6716/4349
f  6715/6715/4355 6714/6714/4354 6723/6723/4359 6719/6719/4356
f  6724/6724/4359 6725/6725/4360 6726/6726/4361 6727/6727/4356
f  6724/6724/4359 6728/6728/4354 6729/6729/890 1125/1125/889
f  6724/6724/4359 1125/1125/889 1124/1124/888 6725/6725/4360
f  6726/6726/4361 6730/6730/559 680/680/558 6731/6731/4362
f  6726/6726/4361 6731/6731/4362 6732/6732/4357 6727/6727/4356
f  6726/6726/4361 6725/6725/4360 6733/6733/4363 6730/6730/559
f  6734/6734/4363 6735/6735/4364 683/683/560 682/682/559
f  6733/6733/4363 6725/6725/4360 1124/1124/888 6736/6736/4365
f  6734/6734/4363 6737/6737/4365 6738/6738/4366 6735/6735/4364
f  6738/6738/4366 6739/6739/4367 6740/6740/4368 6735/6735/4364
f  6738/6738/4366 6737/6737/4365 6741/6741/4369 6742/6742/876
f  6738/6738/4366 6742/6742/876 6743/6743/873 6739/6739/4367
f  6741/6741/4369 6737/6737/4365 6744/6744/888 6745/6745/887
f  6746/6746/4369 1121/1121/887 1120/1120/886 6747/6747/4370
f  6746/6746/4369 6747/6747/4370 6748/6748/874 6749/6749/876
f  6747/6747/4370 1120/1120/886 6750/6750/879 6751/6751/4371
f  6747/6747/4370 6751/6751/4371 6752/6752/875 6748/6748/874
f  6753/6753/4371 1113/1113/879 1112/1112/878 6754/6754/4372
f  6753/6753/4371 6754/6754/4372 6755/6755/4373 6756/6756/875
f  6757/6757/4373 6758/6758/4372 6759/6759/4374 6760/6760/4375
f  6757/6757/4373 6760/6760/4375 6761/6761/4376 6762/6762/4377
f  6757/6757/4373 6762/6762/4377 6763/6763/871 6764/6764/875
f  6762/6762/4377 6761/6761/4376 6765/6765/4378 6766/6766/4379
f  6767/6767/4377 6768/6768/4379 1106/1106/872 1105/1105/871
f  6769/6769/4379 6770/6770/4378 1129/1129/892 1133/1133/896
f  6769/6769/4379 1133/1133/896 6771/6771/4380 6772/6772/872
f  6771/6771/4380 1133/1133/896 1132/1132/895 6773/6773/4381
f  6774/6774/4380 6775/6775/4381 6740/6740/4368 6739/6739/4367
f  6776/6776/4380 6777/6777/4367 1107/1107/873 1106/1106/872
f  6773/6773/4381 1132/1132/895 1134/1134/897 6778/6778/4382
f  6775/6775/4381 6779/6779/4382 684/684/561 6740/6740/4368
f  6778/6778/4382 1134/1134/897 6780/6780/4383 6781/6781/4384
f  6782/6782/4382 6783/6783/4384 6784/6784/553 6785/6785/561
f  6781/6781/4384 6780/6780/4383 1060/1060/838 6786/6786/4385
f  6783/6783/4384 6787/6787/4385 6788/6788/554 6784/6784/553
f  6786/6786/4385 1060/1060/838 1059/1059/837 6789/6789/4386
f  6790/6790/4385 6791/6791/4386 6792/6792/564 6793/6793/554
f  6794/6794/4386 6795/6795/837 6796/6796/4387 6797/6797/4388
f  6798/6798/4386 6799/6799/4388 701/701/567 700/700/564
f  6799/6799/4388 6800/6800/4387 1141/1141/903 6801/6801/4389
f  6799/6799/4388 6801/6801/4389 6802/6802/4390 701/701/567
f  6802/6802/4390 6801/6801/4389 6803/6803/4391 6804/6804/4392
f  6805/6805/4390 6806/6806/4392 6807/6807/4393 6808/6808/4394
f  6802/6802/4390 6809/6809/4394 702/702/566 701/701/567
f  6810/6810/4394 6811/6811/4393 6812/6812/4395 6813/6813/4396
f  6810/6810/4394 6813/6813/4396 663/663/545 6814/6814/566
f  6813/6813/4396 6812/6812/4395 6815/6815/4397 6816/6816/4398
f  6813/6813/4396 6816/6816/4398 664/664/546 663/663/545
f  6816/6816/4398 6815/6815/4397 6817/6817/602 6818/6818/601
f  6816/6816/4398 6818/6818/601 6819/6819/551 664/664/546
f  6815/6815/4397 6812/6812/4395 6820/6820/4399 6821/6821/4400
f  6815/6815/4397 6821/6821/4400 6822/6822/4401 6817/6817/602
f  6823/6823/4401 6824/6824/4400 6825/6825/4402 6826/6826/4403
f  6823/6823/4401 6826/6826/4403 6827/6827/4404 6828/6828/4405
f  6823/6823/4401 6828/6828/4405 6829/6829/598 6830/6830/602
f  6828/6828/4405 6827/6827/4404 6831/6831/4406 6832/6832/4407
f  6833/6833/4405 6834/6834/4407 750/750/599 749/749/598
f  6834/6834/4407 6835/6835/4406 6836/6836/4408 6837/6837/4409
f  6834/6834/4407 6837/6837/4409 6838/6838/4410 750/750/599
f  6838/6838/4410 6837/6837/4409 6839/6839/4411 6840/6840/4412
f  6838/6838/4410 6840/6840/4412 6841/6841/4413 6842/6842/4414
f  6838/6838/4410 6842/6842/4414 751/751/600 750/750/599
f  6842/6842/4414 6841/6841/4413 6843/6843/4415 6844/6844/4416
f  6842/6842/4414 6844/6844/4416 763/763/605 751/751/600
f  6844/6844/4416 6843/6843/4415 6845/6845/4417 6846/6846/4418
f  6844/6844/4416 6846/6846/4418 6847/6847/4419 763/763/605
f  6847/6847/4419 6848/6848/525 760/760/603 763/763/605
f  6847/6847/4419 6846/6846/4418 614/614/512 613/613/511
f  6847/6847/4419 613/613/511 617/617/514 6848/6848/525
f  6846/6846/4418 6845/6845/4417 601/601/502 614/614/512
f  6845/6845/4417 6843/6843/4415 6849/6849/4420 6850/6850/4421
f  6851/6851/4417 6852/6852/4421 6853/6853/496 6854/6854/502
f  6852/6852/4421 6855/6855/4420 6856/6856/4422 6857/6857/4423
f  6852/6852/4421 6857/6857/4423 6858/6858/497 6853/6853/496
f  6857/6857/4423 6856/6856/4422 6859/6859/922 6860/6860/921
f  6861/6861/4423 1164/1164/921 1423/1423/1072 596/596/497
f  6856/6856/4422 6855/6855/4420 6862/6862/4424 6863/6863/4425
f  6856/6856/4422 6863/6863/4425 6864/6864/927 6859/6859/922
f  6863/6863/4425 6862/6862/4424 6865/6865/4426 6866/6866/4427
f  6863/6863/4425 6866/6866/4427 6867/6867/4428 6864/6864/927
f  6867/6867/4428 6866/6866/4427 6868/6868/4429 6869/6869/4430
f  6870/6870/4428 6871/6871/4430 6872/6872/4431 6873/6873/4432
f  6870/6870/4428 6873/6873/4432 6874/6874/928 6875/6875/927
f  6873/6873/4432 6872/6872/4431 6876/6876/4433 6877/6877/4434
f  6873/6873/4432 6877/6877/4434 6878/6878/929 6874/6874/928
f  6877/6877/4434 6876/6876/4433 6879/6879/905 6880/6880/904
f  6881/6881/4434 1150/1150/904 1149/1149/908 6882/6882/929
f  6876/6876/4433 6872/6872/4431 6883/6883/4435 6884/6884/4436
f  6876/6876/4433 6884/6884/4436 6885/6885/4437 6879/6879/905
f  6885/6885/4437 6884/6884/4436 6886/6886/4438 6887/6887/4439
f  6888/6888/4437 6889/6889/4439 1160/1160/917 6890/6890/4440
f  6888/6888/4437 6890/6890/4440 1145/1145/906 1144/1144/905
f  6890/6890/4440 1160/1160/917 1159/1159/916 6891/6891/4441
f  6890/6890/4440 6891/6891/4441 1146/1146/907 1145/1145/906
f  6891/6891/4441 1159/1159/916 1161/1161/918 6892/6892/4442
f  6891/6891/4441 6892/6892/4442 6893/6893/4443 1146/1146/907
f  6893/6893/4443 6892/6892/4442 6894/6894/4444 6895/6895/4445
f  6893/6893/4443 6895/6895/4445 6804/6804/4392 6803/6803/4391
f  6893/6893/4443 6803/6803/4391 1140/1140/902 1146/1146/907
f  6896/6896/4445 6897/6897/4444 6898/6898/4446 6899/6899/4447
f  6896/6896/4445 6899/6899/4447 6900/6900/4393 6901/6901/4392
f  6902/6902/4447 6903/6903/4446 6904/6904/4448 6820/6820/4399
f  6902/6902/4447 6820/6820/4399 6812/6812/4395 6811/6811/4393
f  6904/6904/4448 6903/6903/4446 6905/6905/4449 711/711/574
f  6904/6904/4448 711/711/574 710/710/571 6906/6906/4402
f  6904/6904/4448 6906/6906/4402 6821/6821/4400 6820/6820/4399
f  6907/6907/4449 6908/6908/4450 6909/6909/4451 6910/6910/4452
f  6907/6907/4449 6910/6910/4452 6911/6911/572 6912/6912/574
f  6907/6907/4449 6898/6898/4446 6897/6897/4444 6908/6908/4450
f  6910/6910/4452 6913/6913/4453 6914/6914/573 6911/6911/572
f  6910/6910/4452 6909/6909/4451 6915/6915/4454 6913/6913/4453
f  6915/6915/4454 6916/6916/4455 6917/6917/4456 6913/6913/4453
f  6915/6915/4454 6909/6909/4451 6918/6918/915 6919/6919/914
f  6915/6915/4454 6919/6919/914 6920/6920/4457 6916/6916/4455
f  6921/6921/4457 1191/1191/943 1186/1186/940 6922/6922/4455
f  6923/6923/4457 1157/1157/914 1156/1156/913 6924/6924/4458
f  6925/6925/4457 6926/6926/4458 6927/6927/4459 6928/6928/943
f  6927/6927/4459 6929/6929/4460 6930/6930/941 6928/6928/943
f  6927/6927/4459 6926/6926/4458 6887/6887/4439 6886/6886/4438
f  6927/6927/4459 6886/6886/4438 6931/6931/4461 6929/6929/4460
f  6931/6931/4461 6932/6932/4462 6933/6933/4463 6929/6929/4460
f  6931/6931/4461 6886/6886/4438 6884/6884/4436 6883/6883/4435
f  6931/6931/4461 6883/6883/4435 6934/6934/4464 6932/6932/4462
f  6935/6935/4464 6936/6936/4465 1178/1178/932 6937/6937/4462
f  6934/6934/4464 6883/6883/4435 6872/6872/4431 6871/6871/4430
f  6935/6935/4464 6869/6869/4430 6868/6868/4429 6936/6936/4465
f  6936/6936/4465 6938/6938/4466 1179/1179/933 1178/1178/932
f  6936/6936/4465 6868/6868/4429 6939/6939/4467 6938/6938/4466
f  6939/6939/4467 6940/6940/4411 6941/6941/4468 6938/6938/4466
f  6939/6939/4467 6868/6868/4429 6866/6866/4427 6865/6865/4426
f  6942/6942/4467 6943/6943/4426 6840/6840/4412 6839/6839/4411
f  6944/6944/4468 6836/6836/4408 6945/6945/4469 6946/6946/936
f  6941/6941/4468 1182/1182/936 1179/1179/933 6938/6938/4466
f  6944/6944/4468 6839/6839/4411 6837/6837/4409 6836/6836/4408
f  6945/6945/4469 6947/6947/4470 6948/6948/4471 6949/6949/4472
f  6945/6945/4469 6949/6949/4472 6950/6950/934 6946/6946/936
f  6945/6945/4469 6836/6836/4408 6835/6835/4406 6947/6947/4470
f  6951/6951/4472 6952/6952/4471 6953/6953/4473 6954/6954/4474
f  6951/6951/4472 6954/6954/4474 1181/1181/935 1180/1180/934
f  6955/6955/4474 6956/6956/4473 1185/1185/939 1184/1184/938
f  6954/6954/4474 1190/1190/938 1189/1189/942 1181/1181/935
f  6956/6956/4473 6957/6957/4475 6958/6958/4456 1185/1185/939
f  6959/6959/4473 6960/6960/4471 6961/6961/4476 6962/6962/4475
f  6961/6961/4476 704/704/569 708/708/573 6962/6962/4475
f  6961/6961/4476 6960/6960/4471 6963/6963/4470 6964/6964/4477
f  6961/6961/4476 6964/6964/4477 705/705/570 704/704/569
f  6964/6964/4477 6963/6963/4470 6831/6831/4406 6827/6827/4404
f  6964/6964/4477 6827/6827/4404 6826/6826/4403 705/705/570
f  6962/6962/4475 708/708/573 6965/6965/4453 6966/6966/4456
f  6967/6967/4463 1177/1177/931 1181/1181/935 1189/1189/942
f  6933/6933/4463 6968/6968/942 6930/6930/941 6929/6929/4460
f  6967/6967/4463 6937/6937/4462 1178/1178/932 1177/1177/931
f  6924/6924/4458 1156/1156/913 1160/1160/917 6889/6889/4439
f  6958/6958/4456 6922/6922/4455 1186/1186/940 1185/1185/939
f  6909/6909/4451 6908/6908/4450 6969/6969/918 6918/6918/915
f  6908/6908/4450 6897/6897/4444 6970/6970/4442 6969/6969/918
f  6943/6943/4426 6971/6971/4424 6841/6841/4413 6840/6840/4412
f  6971/6971/4424 6849/6849/4420 6843/6843/4415 6841/6841/4413
f  6826/6826/4403 6825/6825/4402 706/706/571 705/705/570
f  6803/6803/4391 6801/6801/4389 1141/1141/903 1140/1140/902
f  6800/6800/4387 6972/6972/832 1142/1142/899 1141/1141/903
f  6973/6973/4387 6974/6974/837 6975/6975/833 6976/6976/832
f  6780/6780/4383 6977/6977/4478 1061/1061/839 1060/1060/838
f  6780/6780/4383 1134/1134/897 1131/1131/894 6977/6977/4478
f  6977/6977/4478 6978/6978/4479 1062/1062/840 1061/1061/839
f  6977/6977/4478 1131/1131/894 1130/1130/893 6978/6978/4479
f  6978/6978/4479 6979/6979/4480 6980/6980/4481 1062/1062/840
f  6978/6978/4479 1130/1130/893 6981/6981/4482 6979/6979/4480
f  6982/6982/4482 6983/6983/4483 6984/6984/4484 6985/6985/4480
f  6981/6981/4482 1130/1130/893 1129/1129/892 6770/6770/4378
f  6982/6982/4482 6765/6765/4378 6761/6761/4376 6983/6983/4483
f  6984/6984/4484 6986/6986/4485 6699/6699/4341 6987/6987/4486
f  6984/6984/4484 6987/6987/4486 6988/6988/4481 6985/6985/4480
f  6984/6984/4484 6983/6983/4483 6989/6989/4487 6986/6986/4485
f  6989/6989/4487 6990/6990/4488 6991/6991/4346 6986/6986/4485
f  6989/6989/4487 6983/6983/4483 6761/6761/4376 6760/6760/4375
f  6989/6989/4487 6760/6760/4375 6759/6759/4374 6990/6990/4488
f  6992/6992/4488 6710/6710/4351 6706/6706/4347 6705/6705/4346
f  6992/6992/4488 6993/6993/4374 1116/1116/882 6710/6710/4351
f  6987/6987/4486 6699/6699/4341 6698/6698/4338 6994/6994/4337
f  6987/6987/4486 6994/6994/4337 6995/6995/4489 6988/6988/4481
f  6996/6996/4489 6997/6997/4337 6998/6998/4335 6999/6999/4490
f  7000/7000/4489 7001/7001/4490 7002/7002/834 7003/7003/836
f  7004/7004/4489 1057/1057/836 1062/1062/840 6980/6980/4481
f  7005/7005/4490 6686/6686/4335 6683/6683/4333 7006/7006/4491
f  7005/7005/4490 7006/7006/4491 1053/1053/835 1052/1052/834
f  7006/7006/4491 6683/6683/4333 6682/6682/4332 7007/7007/4492
f  7006/7006/4491 7007/7007/4492 1151/1151/909 1053/1053/835
f  7007/7007/4492 6682/6682/4332 6685/6685/866 1083/1083/856
f  7007/7007/4492 1083/1083/856 1082/1082/855 1151/1151/909
f  6986/6986/4485 6991/6991/4346 6700/6700/4342 6699/6699/4341
f  6993/6993/4374 6754/6754/4372 1112/1112/878 1116/1116/882
f  6740/6740/4368 684/684/561 683/683/560 6735/6735/4364
f  6731/6731/4362 680/680/558 679/679/557 7008/7008/4493
f  6731/6731/4362 7008/7008/4493 7009/7009/4494 6732/6732/4357
f  7009/7009/4494 7008/7008/4493 7010/7010/4495 7011/7011/50
f  7012/7012/4494 61/61/50 60/60/49 7013/7013/4496
f  7012/7012/4494 7013/7013/4496 6721/6721/4358 6720/6720/4357
f  7013/7013/4496 60/60/49 64/64/52 7014/7014/4497
f  7013/7013/4496 7014/7014/4497 6722/6722/4350 6721/6721/4358
f  7015/7015/4497 7016/7016/52 7017/7017/4498 6704/6704/4345
f  7015/7015/4497 6704/6704/4345 6703/6703/4344 6709/6709/4350
f  7017/7017/4498 7016/7016/52 7018/7018/51 7019/7019/844
f  7020/7020/4498 1066/1066/844 1065/1065/843 1077/1077/853
f  7017/7017/4498 6696/6696/853 6695/6695/4340 6704/6704/4345
f  7010/7010/4495 7021/7021/4499 642/642/530 646/646/533
f  7010/7010/4495 646/646/533 7022/7022/46 7011/7011/50
f  7010/7010/4495 7008/7008/4493 679/679/557 7021/7021/4499
f  7021/7021/4499 7023/7023/4500 643/643/531 642/642/530
f  7021/7021/4499 679/679/557 678/678/556 7023/7023/4500
f  7023/7023/4500 7024/7024/542 7025/7025/541 643/643/531
f  7023/7023/4500 678/678/556 693/693/562 7024/7024/542
f  6711/6711/4352 6710/6710/4351 1116/1116/882 1115/1115/881
f  6678/6678/4330 1337/1337/1034 1336/1336/863 6685/6685/866
f  1738/1738/1294 1734/1734/1292 136/136/107 135/135/106
f  1731/1731/1290 1730/1730/1289 132/132/104 136/136/107
f  1633/1633/1231 1632/1632/1230 159/159/124 158/158/128
f  1682/1682/1206 1681/1681/256 7026/7026/252 7027/7027/1201
f  1706/1706/1189 1569/1569/1188 301/301/249 1702/1702/255
f  1528/1528/1161 1524/1524/1157 325/325/271 329/329/275
f  1527/1527/1160 561/561/467 1523/1523/1156 1522/1522/1155
f  1516/1516/1150 1515/1515/1149 332/332/276 331/331/273
f  1505/1505/1144 1499/1499/1140 498/498/418 336/336/279
f  1495/1495/1136 1494/1494/1135 496/496/417 498/498/418
f  1455/1455/1099 590/590/491 1450/1450/1094 1449/1449/1093
f  1450/1450/1094 590/590/491 589/589/490 7028/7028/4501
f  1450/1450/1094 7028/7028/4501 1445/1445/1089 1444/1444/1088
f  7028/7028/4501 589/589/490 607/607/506 611/611/510
f  7028/7028/4501 611/611/510 7029/7029/500 1445/1445/1089
f  1445/1445/1089 7029/7029/500 1440/1440/499 1439/1439/1084
f  1419/1419/1073 7030/7030/920 1225/1225/924 1224/1224/970
f  1419/1419/1073 1224/1224/970 1223/1223/969 1412/1412/1068
f  7031/7031/1073 1423/1423/1072 1164/1164/921 1163/1163/920
f  1325/1325/1030 1324/1324/1029 1102/1102/869 1095/1095/865
f  1324/1324/1029 1369/1369/1028 1261/1261/985 1102/1102/869
f  1306/1306/1016 1305/1305/813 1029/1029/812 1032/1032/817
f  7032/7032/1007 1245/1245/980 1244/1244/979 7033/7033/1002
f  1272/1272/993 1271/1271/992 7034/7034/4502 7035/7035/4503
f  1272/1272/993 7035/7035/4503 1088/1088/860 1087/1087/859
f  1272/1272/993 1087/1087/859 1091/1091/862 1273/1273/988
f  7036/7036/4503 7037/7037/4502 7038/7038/945 7039/7039/949
f  7036/7036/4503 7039/7039/949 7040/7040/4504 7041/7041/860
f  7040/7040/4504 7039/7039/949 7042/7042/948 7043/7043/4505
f  7040/7040/4504 7043/7043/4505 7044/7044/4506 7045/7045/4507
f  7040/7040/4504 7045/7045/4507 7046/7046/861 7041/7041/860
f  7045/7045/4507 7044/7044/4506 7047/7047/4508 1153/1153/911
f  7045/7045/4507 1153/1153/911 1152/1152/910 7046/7046/861
f  7047/7047/4508 7044/7044/4506 7048/7048/4509 7049/7049/4510
f  7047/7047/4508 7049/7049/4510 7050/7050/908 7051/7051/901
f  7047/7047/4508 7051/7051/901 1154/1154/900 1153/1153/911
f  7052/7052/4510 7053/7053/4509 1170/1170/926 1169/1169/925
f  7052/7052/4510 1169/1169/925 1175/1175/929 7054/7054/908
f  7053/7053/4509 7055/7055/4506 7056/7056/4505 7057/7057/4511
f  7053/7053/4509 7057/7057/4511 7058/7058/4512 1170/1170/926
f  7058/7058/4512 7057/7057/4511 1199/1199/950 7059/7059/4513
f  7060/7060/4512 7061/7061/4513 7062/7062/4514 7063/7063/4515
f  7060/7060/4512 7063/7063/4515 7064/7064/923 7065/7065/926
f  7066/7066/4515 7067/7067/4514 7068/7068/972 1226/1226/971
f  7066/7066/4515 1226/1226/971 1225/1225/924 7069/7069/923
f  7067/7067/4514 7070/7070/4513 7071/7071/957 1203/1203/954
f  7067/7067/4514 1203/1203/954 1202/1202/953 7068/7068/972
f  7059/7059/4513 1199/1199/950 1196/1196/947 7072/7072/957
f  7057/7057/4511 7056/7056/4505 1197/1197/948 1199/1199/950
f  7034/7034/4502 1271/1271/992 1270/1270/991 7073/7073/4516
f  7034/7034/4502 7073/7073/4516 7074/7074/946 7075/7075/945
f  7073/7073/4516 1270/1270/991 7076/7076/4517 7077/7077/956
f  7078/7078/4516 1206/1206/956 1205/1205/955 7079/7079/946
f  7080/7080/4517 7081/7081/4518 1213/1213/961 1212/1212/960
f  7082/7082/4517 7083/7083/960 1207/1207/952 1206/1206/956
f  7084/7084/4517 7085/7085/991 1267/1267/990 7086/7086/4518
f  7086/7086/4518 7087/7087/4519 7088/7088/964 7089/7089/961
f  7086/7086/4518 1267/1267/990 1266/1266/989 7087/7087/4519
f  7087/7087/4519 1248/1248/981 1247/1247/973 7088/7088/964
f  7087/7087/4519 1266/1266/989 7090/7090/4520 1248/1248/981
f  7090/7090/4520 7091/7091/868 1249/1249/982 1248/1248/981
f  7090/7090/4520 1266/1266/989 1265/1265/988 7092/7092/862
f  7090/7090/4520 7092/7092/862 7093/7093/858 7091/7091/868
f  7094/7094/973 1228/1228/966 1214/1214/962 1216/1216/964
f  1230/1230/972 7095/7095/953 1211/1211/959 1215/1215/963
f  1212/1212/960 1211/1211/959 7095/7095/953 7096/7096/952
f  7072/7072/957 1196/1196/947 1195/1195/946 7097/7097/955
f  1152/1152/910 1151/1151/909 1082/1082/855 7046/7046/861
f  1137/1137/900 1136/1136/899 1049/1049/832 1048/1048/831
f  7098/7098/890 1117/1117/883 1114/1114/880 7099/7099/885
f  7100/7100/886 7099/7099/885 1114/1114/880 1113/1113/879
f  1070/1070/848 66/66/54 65/65/53 71/71/58
f  7101/7101/829 7102/7102/828 7103/7103/817 7104/7104/816
f  7101/7101/829 7104/7104/816 7105/7105/622 7106/7106/625
f  1035/1035/820 1034/1034/819 831/831/659 826/826/654
f  7107/7107/816 7108/7108/815 787/787/623 786/786/622
f  6230/6230/811 6229/6229/801 7109/7109/800 7110/7110/809
f  6235/6235/810 7111/7111/809 1018/1018/800 1017/1017/805
f  7112/7112/791 7113/7113/790 7114/7114/768 7115/7115/770
f  7113/7113/790 7116/7116/789 7117/7117/769 7114/7114/768
f  898/898/709 897/897/708 871/871/688 870/870/685
f  4168/4168/638 795/795/631 794/794/630 6664/6664/634
f  761/761/604 760/760/603 6848/6848/525 7118/7118/524
f  1854/1854/596 729/729/585 728/728/584 7119/7119/594
f  7120/7120/594 7121/7121/584 7122/7122/577 7123/7123/576
f  741/741/592 740/740/591 7124/7124/583 1869/1869/587
f  7125/7125/591 7126/7126/578 725/725/577 724/724/583
f  7127/7127/565 660/660/537 659/659/542 7128/7128/562
f  692/692/565 691/691/563 662/662/544 668/668/550
f  692/692/565 668/668/550 653/653/538 652/652/537
f  7025/7025/541 1904/1904/540 644/644/527 643/643/531
f  646/646/533 645/645/532 7129/7129/47 7022/7022/46
f  7130/7130/520 14/14/14 13/13/13 70/70/57
f  628/628/520 7131/7131/57 7132/7132/56 629/629/518
f  7133/7133/520 1829/1829/487 1827/1827/17 7134/7134/14
f  1961/1961/519 7135/7135/518 75/75/56 74/74/59
f  614/614/512 601/601/502 600/600/501 615/615/509
f  611/611/510 610/610/509 7136/7136/501 7029/7029/500
f  608/608/507 607/607/506 589/589/490 588/588/489
f  523/523/440 3507/3507/102 127/127/101 517/517/434
f  518/518/435 517/517/434 127/127/101 126/126/100
f  7137/7137/431 7138/7138/430 416/416/348 415/415/347
f  7139/7139/425 7140/7140/281 490/490/412 500/500/420
f  501/501/421 500/500/420 490/490/412 489/489/411
f  496/496/417 486/486/408 485/485/407 497/497/413
f  495/495/415 7141/7141/412 338/338/281 337/337/280
f  2321/2321/378 446/446/372 445/445/369 7142/7142/374
f  450/450/375 449/449/374 7143/7143/369 3832/3832/368
f  380/380/320 366/366/309 365/365/308 374/374/317
f  375/375/318 374/374/317 365/365/308 364/364/307
f  168/168/136 101/101/79 100/100/78 163/163/131
f  164/164/132 163/163/131 100/100/78 2929/2929/2002
f  7144/7144/2002 7145/7145/78 7146/7146/74 7147/7147/77
f  7144/7144/2002 7147/7147/77 7148/7148/1989 7149/7149/1998
f  44/44/37 43/43/36 7150/7150/30 2011/2011/29
f  7151/7151/36 7152/7152/35 7153/7153/25 32/32/30
f  36/36/32 35/35/31 7154/7154/24 1996/1996/23
f  33/33/31 32/32/30 7153/7153/25 7155/7155/24
f  3925/3925/2586 6460/6460/4212 6462/6462/4214 3926/3926/2587

