mtllib BabySeal.mtl
o tripo_node_b94e3d51-959e-46e3-ba00-0400621da5d5
g tripo_node_b94e3d51-959e-46e3-ba00-0400621da5d5
usemtl tripo_material_b94e3d51_959e_46e3_ba00_0400621da5d5
v 0.306198090 0.078216523 -0.350830078
vt 0.603271484 0.979492188
vn 0.724769056 -0.535698831 -0.433285952
v 0.273452729 0.071502686 -0.319458008
vt 0.614746094 0.972656250
vn 0.260124981 -0.961673975 0.086708315
v 0.283889741 0.070404023 -0.362243652
vt 0.608886719 0.984130859
vn 0.512685895 -0.670435429 -0.536348403
v 0.241760224 0.062316895 -0.323944092
vt 0.624267578 0.975585938
vn 0.268349558 -0.955008626 0.126282141
v 0.318038911 0.156936646 -0.365447998
vt 0.579589844 0.988525391
vn 0.692376912 -0.228169680 -0.684509158
v 0.281661958 0.124206513 -0.378204346
vt 0.594726562 0.994873047
vn 0.494944125 -0.219975218 -0.840619624
v 0.330490083 0.087585449 -0.311737061
vt 0.596923828 0.968261719
vn 0.608472288 -0.766517043 -0.205458209
v 0.328201264 0.138580322 -0.336395264
vt 0.584228516 0.978515625
vn 0.862725258 -0.203916863 -0.462734610
v 0.338760346 0.198318481 -0.344116211
vt 0.570556641 0.984619141
vn 0.868541360 -0.189499915 -0.457958311
v 0.326614350 0.215957642 -0.376953125
vt 0.569824219 0.992919922
vn 0.667102754 -0.211903244 -0.714192510
v 0.341812104 0.136016876 -0.310394347
vt 0.581298828 0.970947266
vn 0.844774842 -0.197377294 -0.497390926
v 0.260238618 0.071441650 -0.289855957
vt 0.620117188 0.965087891
vn 0.260448843 -0.962871253 0.071031488
v 0.195693940 0.050628662 -0.319213867
vt 0.639160156 0.974609375
vn 0.227880731 -0.966528416 0.117869332
v 0.282760590 0.076721191 -0.287597656
vt 0.613281250 0.963378906
vn 0.260586828 -0.963381410 0.063172556
v 0.360031098 0.097747833 -0.267547667
vt 0.590087891 0.953613281
vn 0.525704503 -0.823865294 -0.211851105
v 0.306167573 0.085052490 -0.255249023
vt 0.607910156 0.952148438
vn 0.243905604 -0.967754304 0.062943384
v 0.272659272 0.073669434 -0.275421143
vt 0.617187500 0.960205078
vn 0.251284003 -0.965872645 0.062821001
v 0.247726426 0.067260742 -0.282836914
vt 0.624755859 0.963378906
vn 0.220609322 -0.969105005 0.110304646
v 0.262680024 0.073944092 -0.255859375
vt 0.621337891 0.954589844
vn 0.237104222 -0.964223564 0.118552096
v 0.180389389 0.051727295 -0.287994385
vt 0.645507812 0.966308594
vn 0.157956064 -0.979327261 0.126364842
v 0.259414643 0.075134277 -0.237152100
vt 0.623779297 0.948730469
vn 0.212099388 -0.974085748 0.078555316
v 0.225402817 0.068634033 -0.233306885
vt 0.634277344 0.948242188
vn 0.204143077 -0.973605216 0.102071524
v 0.177566513 0.059356689 -0.221862793
vt 0.649414062 0.946044922
vn 0.189023316 -0.976620197 0.102387615
v 0.131668076 0.049865723 -0.245162949
vt 0.662353516 0.952392578
vn 0.141662076 -0.983764112 0.110181607
v 0.240051255 0.073974609 -0.200714111
vt 0.632324219 0.937255859
vn 0.197242156 -0.978320897 0.063117497
v 0.300460815 0.086151123 -0.207244888
vt 0.613281250 0.937500000
vn 0.197580665 -0.979999900 0.023709692
v 0.189147949 0.065917969 -0.168548584
vt 0.649414062 0.927246094
vn 0.149361163 -0.982638836 0.110055573
v 0.065582275 0.056243896 -0.106864907
vt 0.688232422 0.906982422
vn 0.133688509 -0.983003378 0.125824466
v 0.029262546 0.053436279 -0.092430092
vt 0.698974609 0.900878906
vn 0.117669746 -0.980580688 0.156892940
v -0.037616733 0.040069580 -0.137985200
vt 0.719970703 0.902832031
vn 0.118073709 -0.983947039 0.133816823
v 0.281753540 0.083282471 -0.174911499
vt 0.621093750 0.926757812
vn 0.173201546 -0.984099448 0.039363999
v 0.114181526 0.072479248 -0.046150193
vt 0.675537109 0.882324219
vn 0.133408293 -0.980942965 0.141255811
v 0.171661377 0.070220947 -0.121200554
vt 0.656738281 0.909667969
vn 0.149922729 -0.978442669 0.142032027
v 0.219207749 0.071533203 -0.169097900
vt 0.640869141 0.926269531
vn 0.173767924 -0.979418874 0.102681026
v 0.211715698 0.080688477 -0.088050842
vt 0.646240234 0.895751953
vn 0.141535029 -0.982881844 0.117945850
v 0.255691528 0.079986572 -0.152481079
vt 0.630615234 0.919433594
vn 0.164813697 -0.981033564 0.102027506
v 0.056510940 0.071533203 -0.006902196
vt 0.693603516 0.866455078
vn 0.102156632 -0.982274711 0.157163978
v 0.007020004 0.056823730 -0.060310334
vt 0.707031250 0.889648438
vn 0.086764999 -0.978077412 0.189305335
v 0.018005386 0.070709229 0.007481602
vt 0.703613281 0.864257812
vn 0.070634477 -0.981033564 0.180510208
v -0.005008443 0.070648193 0.013042481
vt 0.709472656 0.862304688
vn 0.031410556 -0.981577873 0.188462988
v 0.045368221 0.085296631 0.081901573
vt 0.690429688 0.837402344
vn 0.070826694 -0.983703256 0.165262163
v 0.020702388 0.087127686 0.098266631
vt 0.697021484 0.830078125
vn 0.031542115 -0.985689163 0.165595815
v 0.096580535 0.099151611 0.146560684
vt 0.675781250 0.820556641
vn 0.086867742 -0.987132728 0.134250075
v 0.104286224 0.093811035 0.102905288
vt 0.666259766 0.829345703
vn 0.110181652 -0.983764231 0.141662061
v 0.130233780 0.086547852 0.034912121
vt 0.666992188 0.851318359
vn 0.117811203 -0.981759489 0.149227470
v 0.255722076 0.111877441 0.103210442
vt 0.614501953 0.830810547
vn 0.110301279 -0.984832287 0.133937210
v 0.194351211 0.089752197 0.000866357
vt 0.651855469 0.861083984
v 0.297409087 0.113739014 0.083595268
vt 0.605468750 0.837158203
vn 0.094593868 -0.985352218 0.141890734
v 0.323043853 0.121368408 0.130599961
vt 0.587646484 0.825927734
vn 0.086582027 -0.991757095 0.094453089
v 0.228790283 0.086669922 -0.056175232
vt 0.641113281 0.883056641
vn 0.110621028 -0.987687230 0.110620998
v 0.393722564 0.124481231 0.103919961
vt 0.568359375 0.833251953
vn 0.078489996 -0.988973260 0.125583932
v 0.289932251 0.097686768 -0.018299112
vt 0.621582031 0.869628906
vn 0.102613881 -0.986671388 0.126293957
v 0.287979126 0.090057373 -0.091415413
vt 0.623535156 0.896484375
vn 0.110018224 -0.990163505 0.086442880
v 0.266708374 0.084442139 -0.129547119
vt 0.628173828 0.910888672
vn 0.141992271 -0.986057103 0.086773060
v 0.314376831 0.089447021 -0.150161758
vt 0.612792969 0.916992188
vn 0.133506984 -0.989522040 0.054973472
v 0.348007202 0.105896026 0.003822547
vt 0.600341797 0.857666016
vn 0.071084693 -0.987286627 0.142169297
v 0.366226196 0.099853545 -0.058063526
vt 0.600585938 0.881347656
vn 0.070978500 -0.993698299 0.086751476
v 0.351394653 0.095001251 -0.113868728
vt 0.603515625 0.902587891
vn 0.094702810 -0.994378924 0.047351412
v 0.343063354 0.092865020 -0.181106582
vt 0.601806641 0.926513672
vn 0.141417027 -0.989919007 -0.007856475
v 0.408401489 0.100280792 -0.092262290
vt 0.587158203 0.893554688
vn 0.054992147 -0.997713804 0.039280109
v 0.386001587 0.097808868 -0.129196182
vt 0.592285156 0.907226562
vn 0.094806194 -0.995464504 0.007900544
v 0.407394409 0.100585967 -0.173965484
vt 0.582763672 0.921875000
vn 0.675888419 -0.683747590 -0.275070935
v 0.380203217 0.101348907 -0.235641494
vt 0.586181641 0.942871094
vn 0.730451584 -0.589073837 -0.345590085
v 0.365493745 0.150878936 -0.277618468
vt 0.573730469 0.961425781
vn 0.842728674 -0.189023241 -0.504062116
v 0.400436372 0.158660889 -0.205627471
vt 0.566650391 0.937011719
vn 0.921259880 -0.141732261 -0.362204880
v 0.362991303 0.189666748 -0.297454894
vt 0.563232422 0.969970703
vn 0.850288212 -0.196825966 -0.488128573
v 0.383132905 0.142242461 -0.244812027
vt 0.573486328 0.949462891
vn 0.882738531 -0.181276634 -0.433487833
v 0.386978120 0.236328125 -0.273834288
vt 0.546142578 0.965087891
vn 0.841450870 -0.196600661 -0.503297865
v 0.369979829 0.232620239 -0.300293028
vt 0.549316406 0.974121094
vn 0.848292530 -0.188509434 -0.494837433
v 0.354110688 0.271987915 -0.343231261
vt 0.540527344 0.987548828
vn 0.729821503 0.510090411 -0.455157638
v 0.395339936 0.212326050 -0.250183165
vt 0.551757812 0.955566406
vn 0.907172501 -0.212988317 -0.362869143
v 0.387741059 0.276931763 -0.290252745
vt 0.533691406 0.971191406
vn 0.676557362 0.558553219 -0.479883879
v 0.412185639 0.253128052 -0.240280196
vt 0.538085938 0.953125000
vn 0.879955053 -0.267129213 -0.392837226
v 0.419967651 0.211410522 -0.175750762
vt 0.548339844 0.929931641
vn 0.915317357 -0.228829324 -0.331408143
v 0.339492768 0.281204224 -0.259857178
vt 0.516357422 0.977539062
vn 0.031562615 0.994224131 -0.102578729
v 0.317001313 0.272415161 -0.354705811
vt 0.537597656 0.995117188
vn 0.063031159 0.992741704 -0.102425776
v 0.424056977 0.282096863 -0.232925460
vt 0.527832031 0.951904297
vn 0.180777565 0.966767311 -0.180777699
v 0.427688569 0.251586914 -0.192993209
vt 0.535888672 0.937255859
vn 0.891950905 -0.315734804 -0.323628306
v 0.434341401 0.284370422 -0.207061812
vt 0.525146484 0.942871094
vn 0.793481886 0.471375465 -0.384956717
v 0.325149506 0.284912109 -0.220596343
vt 0.501953125 0.966308594
vn 0.015697451 0.996791542 -0.078487568
v 0.279525727 0.278503418 -0.320404053
vt 0.501220703 0.992675781
vn 0.047385272 0.995091856 -0.086873151
v 0.261489838 0.282989502 -0.268249512
vt 0.489257812 0.986572266
vn 0.015722170 0.998361051 -0.055027824
v 0.394180268 0.288764954 -0.169052154
vt 0.507324219 0.941650391
vn -0.000000055 0.996270061 -0.086291149
v 0.274795502 0.287391663 -0.192993179
vt 0.481933594 0.967773438
vn -0.000000052 0.998021960 -0.062867567
v 0.215103135 0.286605835 -0.203506485
vt 0.467529297 0.982910156
vn -0.007865050 0.998854995 -0.047190044
v 0.439346284 0.258331299 -0.171173140
vt 0.532226562 0.929687500
vn 0.876956701 -0.331821471 -0.347622633
v 0.458847016 0.290626526 -0.154418990
vt 0.520263672 0.924316406
vn 0.550226688 0.770317495 -0.322275758
v 0.226974472 0.291618347 -0.107421882
vt 0.452392578 0.950439453
vn -0.023579739 0.998206854 -0.055019315
v 0.177078232 0.287498474 -0.166488662
vt 0.451171875 0.978515625
vn -0.023597237 0.998947680 -0.039328691
v 0.302963257 0.293281555 -0.107048050
vt 0.472656250 0.936035156
vn -0.015706751 0.997375369 -0.070680186
v 0.389816284 0.295127869 -0.097000152
vt 0.492187500 0.918945312
vn -0.015697557 0.996791542 -0.078487568
v 0.377182007 0.300186157 -0.017793687
vt 0.476806641 0.892578125
v 0.453567505 0.296348572 -0.093315162
vt 0.506835938 0.908203125
vn -0.015810950 0.996086419 -0.086959973
v 0.498031616 0.300750762 -0.046482135
vt 0.510009766 0.885253906
vn 0.055296626 0.995340228 -0.078995310
v 0.484024048 0.296813965 -0.093002364
vt 0.514160156 0.903076172
vn 0.873528481 0.275436908 -0.401351064
v 0.303482056 0.299163818 0.002799967
vt 0.453125000 0.896972656
vn -0.031456158 0.998731434 -0.039320175
v 0.466720581 0.268234253 -0.109596290
vt 0.524902344 0.908203125
vn 0.878762543 -0.329535961 -0.345228285
v 0.348739624 0.300811768 0.013715718
vt 0.464599609 0.885986328
vn -0.023612579 0.999597251 -0.015741728
v 0.437698364 0.210784927 -0.130661041
vt 0.545410156 0.913818359
vn 0.882957935 -0.307458580 -0.354760021
v 0.462905884 0.239639297 -0.094863929
vt 0.533203125 0.901611328
vn 0.866921425 -0.283719748 -0.409817547
v 0.445938110 0.302619964 0.012496909
vt 0.493164062 0.868408203
vn 0.031456072 0.998731434 0.039320085
v 0.386611938 0.301818848 0.040859189
vt 0.471435547 0.871093750
vn 0.007864962 0.998854995 0.047189955
v 0.437240601 0.179779068 -0.109512366
vt 0.553955078 0.905517578
vn 0.919210434 -0.188555971 -0.345686138
v 0.416763306 0.171066284 -0.171188384
vt 0.561035156 0.925781250
vn 0.939662457 -0.110548511 -0.323749393
v 0.415847778 0.100463897 -0.149826080
vt 0.581787109 0.913574219
vn 0.835060000 -0.480553359 -0.267849505
v 0.425491333 0.109375030 -0.119911224
vt 0.577636719 0.903808594
vn 0.943916798 -0.070793726 -0.322505027
v 0.428543091 0.101165801 -0.116111785
vt 0.580078125 0.901367188
vn 0.212433904 -0.975622237 -0.055075433
v 0.440597534 0.101745635 -0.093299896
vt 0.577392578 0.893066406
vn 0.845618606 -0.229186341 -0.482081771
v 0.438919067 0.157852188 -0.091789283
vt 0.559814453 0.897460938
vn 0.905624092 -0.110249877 -0.409499735
v 0.462539673 0.200073257 -0.072647132
vt 0.543945312 0.891845703
vn 0.853175282 -0.300191313 -0.426587790
v 0.452163696 0.168045059 -0.067138709
vt 0.554199219 0.888671875
vn 0.875400782 -0.047318950 -0.481076270
v 0.456344604 0.102569610 -0.067688018
vt 0.574462891 0.883544922
vn 0.772300243 -0.449195087 -0.449195147
v 0.437667847 0.103118926 -0.050800350
vt 0.580322266 0.876220703
vn 0.015714992 -0.997898698 0.062859803
v 0.465286255 0.141204864 -0.047905002
vt 0.560791016 0.878906250
vn 0.954384565 0.063099839 -0.291836739
v 0.391464233 0.103759795 -0.031814598
vt 0.591308594 0.870361328
vn 0.031536229 -0.993389368 0.110376626
v 0.461380005 0.102355987 -0.059524566
vt 0.573974609 0.879882812
vn 0.629843235 -0.763684809 0.141714647
v 0.416915894 0.106750518 -0.010224369
vt 0.580078125 0.863769531
vn 0.015728602 -0.990898132 0.133692637
v 0.465408325 0.179031387 -0.046878848
vt 0.548339844 0.881347656
vn 0.848266363 -0.306318432 -0.431987643
v 0.468521118 0.129760772 -0.044605292
vt 0.565185547 0.876953125
vn 0.963621795 -0.221159041 0.150072142
v 0.446273804 0.104217559 -0.012829811
vt 0.572021484 0.865966797
vn 0.480285257 -0.842467487 0.244079337
v 0.442703247 0.110595733 0.003288239
vt 0.570068359 0.860595703
vn 0.648489952 -0.664306700 0.371695369
v 0.454818726 0.123168975 -0.014786753
vt 0.565673828 0.866210938
vn 0.901026070 -0.148865119 0.407420337
v 0.463119507 0.135009795 -0.038684878
vt 0.563232422 0.874511719
vn 0.630058110 0.622182310 0.464667708
v 0.452438354 0.128570586 -0.012926134
vt 0.563720703 0.864746094
vn 0.980942965 -0.141255736 0.133408099
v 0.450454712 0.144195586 -0.044082675
vt 0.558593750 0.874267578
vn 0.905905128 0.070896968 0.417503953
v 0.463180542 0.167190567 -0.040340457
vt 0.551269531 0.877441406
vn 0.875047266 -0.480881810 0.055183068
v 0.456741333 0.152557403 -0.030092273
vt 0.555175781 0.870605469
vn 0.835293293 -0.488567740 -0.252164096
v 0.478530884 0.173843399 -0.020456353
vt 0.547607422 0.869873047
vn 0.884057522 -0.465708822 0.039466757
v 0.463973999 0.153228790 -0.008315122
vt 0.553710938 0.864257812
vn 0.867325664 -0.323275834 0.378469229
v 0.449050903 0.134063751 0.007970778
vt 0.560302734 0.858886719
vn 0.875401020 -0.228708297 0.425870627
v 0.468551636 0.196395889 0.003413401
vt 0.538085938 0.864501953
vn 0.787499309 -0.275624692 0.551249385
v 0.449081421 0.197860733 0.032020532
vt 0.535888672 0.855468750
vn 0.843645155 -0.268074065 0.465187341
v 0.485946655 0.190261856 -0.023633996
vt 0.542724609 0.872314453
vn 0.937211275 -0.346531898 -0.039378732
v 0.481430054 0.202575698 -0.041160624
vt 0.540283203 0.878417969
vn 0.844143569 -0.291900158 -0.449684113
v 0.487045288 0.204086319 -0.019039193
vt 0.535400391 0.870849609
vn 0.943391562 -0.172955051 0.283017308
v 0.475173950 0.228881851 -0.064643897
vt 0.534179688 0.889404297
vn 0.859414101 -0.228651434 -0.457303047
v 0.485183716 0.208572403 -0.033580821
vt 0.537353516 0.876220703
vn 0.971580923 -0.102687374 -0.213274002
v 0.484909058 0.242874160 -0.051677745
vt 0.529052734 0.884521484
vn 0.927840471 -0.117945813 -0.353837609
v 0.475479126 0.233352676 -0.065643348
vt 0.532958984 0.889892578
vn 0.908161998 -0.244808882 -0.339573771
v 0.488449097 0.252227783 -0.037090342
vt 0.525390625 0.879394531
vn 0.966528416 -0.117869280 -0.227880806
v 0.491012573 0.267700195 -0.037567180
vt 0.520507812 0.880371094
vn 0.936166644 -0.228141427 -0.267476290
v 0.489212036 0.297889739 -0.080673262
vt 0.513427734 0.897705078
vn 0.942809045 -0.047140427 -0.329983294
v 0.499801636 0.301055938 -0.038318682
vt 0.510742188 0.881591797
vn 0.995433450 -0.086902872 0.039501198
v 0.492568970 0.249359146 -0.024869962
vt 0.523681641 0.874755859
vn 0.987625599 -0.102713011 0.118514955
v 0.493545532 0.302078277 -0.021019028
vt 0.508056641 0.877197266
vn 0.837349713 0.434473932 0.331779927
v 0.486038208 0.236297622 -0.010295910
vt 0.525146484 0.868896484
vn 0.929854810 -0.063040949 0.362485647
v 0.479263306 0.296913177 0.018192248
vt 0.505126953 0.865966797
vn 0.846440852 0.391870797 0.360520929
v 0.471420288 0.292518646 0.045333818
vt 0.501464844 0.859863281
vn 0.646893740 0.694227457 0.315557808
v 0.475357056 0.273712158 0.024146991
vt 0.510986328 0.862792969
vn 0.936282635 -0.094415002 0.338320464
v 0.465072632 0.234375015 0.040172540
vt 0.520751953 0.855712891
vn 0.897443235 -0.251913816 0.362126082
v 0.472702026 0.239349380 0.022390326
vt 0.522460938 0.860595703
vn 0.867541492 -0.228715405 0.441657335
v 0.439132720 0.184997573 0.047855344
vt 0.539550781 0.849853516
vn 0.899200261 -0.244519293 0.362835050
v 0.435134917 0.198150650 0.076858483
vt 0.534667969 0.842529297
vn 0.897637844 -0.291338563 0.330708534
v 0.422988921 0.169677749 0.086769074
vt 0.546875000 0.837890625
vn 0.948735237 -0.227382749 0.219541922
v 0.418563873 0.119110137 0.062602967
vt 0.564453125 0.845214844
vn 0.765109003 -0.552140415 0.331284225
v 0.411056548 0.125915557 0.101608254
vt 0.560791016 0.836425781
vn 0.854330719 -0.478111625 0.203785181
v 0.435745269 0.116577178 0.026592225
vt 0.566650391 0.854248047
vn 0.848266482 -0.306318372 0.431987405
v 0.400589019 0.114471465 0.041000340
vt 0.575683594 0.849121094
vn 0.047283750 -0.985076845 0.165492952
v 0.430465698 0.110961944 0.010671587
vt 0.572509766 0.857421875
vn 0.070732579 -0.982396007 0.172901735
vt 0.813476562 0.830810547
vt 0.834960938 0.823730469
v 0.291061372 0.164993286 -0.383697510
vt 0.826171875 0.838134766
vn 0.471259028 -0.212066635 -0.856120825
vt 0.805664062 0.853515625
v 0.256210297 0.140838593 -0.396911621
vt 0.844482422 0.834472656
vn 0.464164108 -0.188812599 -0.865391016
v 0.296432465 0.206420898 -0.389526367
vt 0.820312500 0.853271484
vn 0.432200760 -0.196454957 -0.880118191
v 0.230255097 0.049774140 -0.389068604
vt 0.864746094 0.801025391
vn 0.502940118 -0.660108984 -0.557949305
vt 0.838623047 0.801757812
vt 0.850097656 0.780517578
v 0.212142900 0.083953828 -0.408905029
vt 0.869140625 0.817871094
vn 0.464840710 -0.181209162 -0.866652489
v 0.221603349 0.143890351 -0.415222168
vt 0.860351562 0.840576172
vn 0.432200760 -0.157163978 -0.887976348
v 0.193267778 0.099914521 -0.420989990
vt 0.876953125 0.826904297
vn 0.416844875 -0.149435028 -0.896610022
v 0.239883378 0.210281372 -0.418426514
vt 0.846679688 0.864501953
vn 0.402712345 -0.165822804 -0.900180876
v 0.192092851 0.177566528 -0.434997559
vt 0.870605469 0.857910156
vn 0.409817308 -0.157622114 -0.898445964
v 0.157852128 0.129394501 -0.442077637
vt 0.889892578 0.844726562
vn 0.118429959 -0.165802151 -0.979021966
v 0.157226503 0.227294907 -0.459350586
vt 0.878173828 0.883056641
vn 0.023568643 -0.062850103 -0.997744679
v 0.221237138 0.222274780 -0.428863525
vt 0.853759766 0.871826172
vn 0.450314999 -0.015800549 -0.892730057
v 0.197631791 0.220886230 -0.439819336
vt 0.863525391 0.875000000
vn 0.449936032 0.126297832 -0.884085119
v 0.172286943 0.266799927 -0.435485840
vt 0.863281250 0.896240234
vn 0.440018207 0.243581548 -0.864321768
v 0.150756776 0.265640259 -0.448547363
vt 0.872802734 0.899169922
vn 0.102687292 0.213273853 -0.971581042
v 0.216491655 0.232391357 -0.423797607
vt 0.853027344 0.877197266
vn 0.212697238 -0.023633076 -0.976832390
v 0.178802446 0.275711060 -0.436462402
vt 0.859863281 0.899902344
vn 0.109733790 0.744622946 -0.658403516
v 0.157775819 0.274078369 -0.445739746
vt 0.869384766 0.902343750
vn -0.055220969 0.993976474 -0.094664454
v 0.251113832 0.271423340 -0.427856445
vt 0.834472656 0.885742188
vn 0.330800861 0.236286402 -0.913640857
v 0.196823075 0.275619507 -0.433898926
vt 0.852539062 0.896728516
vn 0.078591600 0.919522762 -0.385099322
v 0.178359941 0.278289795 -0.373779297
vt 0.846191406 0.921142578
vn -0.023589214 0.998607934 -0.047178369
v 0.241546586 0.276123047 -0.378784180
vt 0.825439453 0.903808594
vn 0.078869797 0.993760109 -0.078869902
v 0.289688051 0.269348145 -0.408081055
vt 0.819091797 0.881835938
vn 0.347243309 0.678703010 -0.647135496
v 0.331008852 0.267883301 -0.387878418
vt 0.804199219 0.875732422
vn 0.714500487 0.109923169 -0.690945804
vt 0.791992188 0.849121094
vt 0.787109375 0.880126953
vt 0.796875000 0.889648438
vt 0.799804688 0.911132812
vt 0.771240234 0.907958984
v 0.217941239 0.279449463 -0.350830078
vt 0.827636719 0.919189453
vn 0.023579638 0.998206854 -0.055019323
vt 0.792236328 0.932128906
v 0.176208466 0.282974243 -0.278198242
vt 0.825439453 0.952392578
vn 0.062797703 0.996914387 -0.047098368
v 0.172790498 0.284339905 -0.248519912
vt 0.819091797 0.960205078
vn 0.251773447 0.967754304 -0.007867996
v 0.176956147 0.296264648 -0.249145523
vt 0.820800781 0.962402344
vn 0.980460048 -0.180404603 0.078436680
v 0.173019379 0.291976929 -0.272735596
vt 0.825439453 0.955322266
vn 0.943829119 -0.204496264 -0.259553134
v 0.178634614 0.281494141 -0.306549072
vt 0.831542969 0.942382812
vn 0.243634179 0.966677785 -0.078591764
v 0.167907670 0.279541016 -0.346954346
vt 0.844238281 0.932373047
vn 0.149569154 0.976135910 -0.157441333
v 0.148986772 0.278106689 -0.355285645
vt 0.852539062 0.934326172
vn 0.055141989 0.984679520 -0.165426195
v 0.173187226 0.289291382 -0.286315918
vt 0.829589844 0.951171875
vn 0.527166963 0.849761784 -0.000000106
v 0.167297333 0.292938232 -0.315704346
vt 0.838378906 0.944335938
vn 0.361309737 0.926838160 -0.102109365
v 0.162231416 0.287673950 -0.295288086
vt 0.834960938 0.951660156
vn 0.881780386 -0.118095584 -0.456636399
v 0.172714204 0.310165405 -0.305114746
vt 0.839111328 0.960205078
vn 0.819227874 -0.456877083 -0.346596509
v 0.177429169 0.302452087 -0.274078369
vt 0.826171875 0.959716797
vn 0.930056930 -0.338919014 -0.141873196
v 0.159057572 0.309333801 -0.325683594
vt 0.846923828 0.955322266
vn 0.700049937 -0.464078039 -0.542735457
v 0.174026459 0.320701599 -0.312011719
vt 0.842529297 0.962890625
vn 0.553381264 -0.585003138 -0.592908621
v 0.156204179 0.327583313 -0.337463379
vt 0.851318359 0.960937500
vn 0.747568071 -0.157382771 -0.645269454
v 0.142425492 0.293342590 -0.329345703
vt 0.849609375 0.946533203
vn 0.700743854 0.133849964 -0.700744092
v 0.148010209 0.311782837 -0.337554932
vt 0.852539062 0.954589844
vn 0.522069514 -0.403417408 -0.751463890
v 0.139938310 0.338203430 -0.354156494
vt 0.857910156 0.964843750
vn 0.488567680 -0.299444765 -0.819533050
v 0.150619462 0.350212097 -0.348480225
vt 0.856201172 0.969482422
vn -0.228085056 -0.707850039 -0.668524861
v 0.118751489 0.292312622 -0.343017578
vt 0.860351562 0.947021484
vn 0.392401278 0.392401397 -0.831891000
v 0.149383500 0.291954041 -0.336486816
vt 0.848388672 0.942138672
vn 0.236396328 0.898306370 -0.370354444
v 0.127380326 0.310783386 -0.349304199
vt 0.859863281 0.955078125
vn 0.393737286 -0.401612133 -0.826848626
v 0.116104081 0.322151184 -0.359008789
vt 0.865234375 0.960449219
vn 0.284997016 -0.364163011 -0.886657774
v 0.117057756 0.347713470 -0.367980957
vt 0.867187500 0.970214844
vn 0.315440029 -0.252352178 -0.914776564
v 0.097953752 0.293792725 -0.351043701
vt 0.868164062 0.949462891
vn 0.220315322 -0.173105016 -0.959945858
v 0.073387101 0.328735352 -0.372802734
vt 0.879638672 0.965820312
vn 0.180738464 -0.369335353 -0.911550999
v 0.082374528 0.346546173 -0.376617432
vt 0.878906250 0.972167969
vn 0.213260472 -0.236956239 -0.947824836
v 0.098159738 0.377807617 -0.379425049
vt 0.875488281 0.982421875
vn 0.307918072 -0.086848751 -0.947440684
v 0.072212175 0.291336060 -0.355468750
vt 0.877441406 0.953369141
vn 0.110465795 -0.276164770 -0.954741061
v 0.071655229 0.279830933 -0.365844727
vt 0.879638672 0.947998047
vn -0.268049240 0.772612154 -0.575517237
v 0.065071069 0.284019470 -0.351715088
vt 0.881591797 0.954345703
vn -0.299175620 -0.133841723 -0.944764733
v 0.052345235 0.271041870 -0.365386963
vt 0.886230469 0.950439453
vn -0.221269622 0.972005606 -0.079024859
v 0.071472123 0.271926880 -0.374359131
vt 0.882568359 0.944335938
vn -0.102508545 0.985658526 -0.134049594
v 0.096374467 0.288597107 -0.363677979
vt 0.871093750 0.945068359
vn -0.039208859 0.854750872 -0.517555594
v 0.111267045 0.274795532 -0.381622314
vt 0.871093750 0.934082031
vn -0.055186667 0.961823404 -0.268049151
v 0.129562333 0.289680481 -0.354522705
vt 0.858642578 0.941162109
vn 0.189064249 0.921688557 -0.338740289
v 0.133697465 0.285408020 -0.362487793
vt 0.859375000 0.937255859
vn 0.203847796 0.831072271 -0.517460167
v 0.131973222 0.276336670 -0.375457764
vt 0.862548828 0.931884766
vn 0.007864939 0.990989983 -0.133705035
vt 0.451416016 0.843505859
v 0.208953828 0.047882050 -0.361938477
vt 0.471191406 0.826660156
vn 0.227662951 -0.965604722 0.125607133
vt 0.484375000 0.837890625
vt 0.450195312 0.819824219
v 0.174087495 0.039031953 -0.379852295
vt 0.480712891 0.809082031
vn 0.165802166 -0.979021966 0.118430100
vt 0.434814453 0.812011719
v 0.181350663 0.036315888 -0.415527344
vt 0.498535156 0.812988281
vn 0.472075164 -0.574358225 -0.668773293
vt 0.505615234 0.840576172
v 0.107795686 0.030364960 -0.370208681
vt 0.476806641 0.775634766
vn 0.141399592 -0.981941283 0.125688508
v 0.159622148 0.067047089 -0.431549072
vt 0.518554688 0.812255859
vn 0.102680884 -0.173767909 -0.979418874
vt 0.519042969 0.837646484
vt 0.543701172 0.832763672
v 0.111450151 0.142425507 -0.432647705
vt 0.562988281 0.812255859
vn -0.258801758 -0.180376962 -0.948939323
v 0.160079911 0.031616181 -0.425567627
vt 0.503662109 0.802246094
vn 0.086568512 -0.716158211 -0.692548513
v 0.135711625 0.053802460 -0.421966553
vt 0.519531250 0.797851562
vn -0.267783076 -0.141767517 -0.952992320
v 0.134933427 0.028198212 -0.421478271
vt 0.502197266 0.789550781
vn 0.133671969 -0.990744889 0.023589190
v 0.126892045 0.037841767 -0.419311523
vt 0.506835938 0.785644531
vn -0.220152035 0.031450219 -0.974958420
v 0.110717736 0.025176972 -0.417083681
vt 0.500244141 0.777343750
vn -0.007857498 -0.864321709 -0.502878010
v 0.061912499 0.039031953 -0.403381288
vt 0.521484375 0.759033203
vn -0.236594975 0.055205408 -0.970038772
v 0.074882470 0.020843476 -0.409332216
vt 0.496826172 0.759277344
vn 0.102473490 -0.993204236 -0.055177987
v 0.030948609 0.022644013 -0.344055116
vt 0.464843750 0.736816406
v 0.057361580 0.032653809 -0.295532167
vt 0.440429688 0.750000000
vt 0.414062500 0.787109375
v 0.027414313 0.040863037 -0.192947358
vt 0.389648438 0.734375000
vn 0.133816853 -0.983947039 0.118073680
vt 0.346191406 0.752929688
vt 0.363037109 0.701416016
v -0.039836898 0.027618408 -0.231048554
vt 0.409423828 0.700683594
vn 0.125953078 -0.984007955 0.125953048
v -0.022922538 0.021453857 -0.295074403
vt 0.441162109 0.709472656
v 0.022514313 0.019561738 -0.362548769
vt 0.474121094 0.732666016
v 0.040054284 0.017211884 -0.401580751
vt 0.493408203 0.741699219
vn 0.007870830 -0.905147195 -0.425025642
v 0.001906360 0.012817353 -0.393096864
vt 0.489746094 0.722412109
vn 0.070971824 -0.946291029 -0.315430313
v -0.045402557 0.011718720 -0.346923769
vt 0.467285156 0.698242188
v -0.038005862 0.007842988 -0.386932313
vt 0.487304688 0.702392578
vn -0.229079157 -0.600345254 -0.766229987
v -0.007924115 0.012237519 -0.397003114
vt 0.516357422 0.721435547
vn -0.117916800 0.070749938 -0.990499973
v 0.001040424 0.035308808 -0.389648378
vt 0.527099609 0.728515625
vn -0.149894804 0.071002677 -0.986149132
v -0.003352200 0.035736054 -0.390869081
vt 0.527832031 0.726318359
vn -0.330708802 0.204724371 -0.921259880
v -0.046981845 0.035308808 -0.374633729
vt 0.533447266 0.703613281
vn -0.385516316 0.180956528 -0.904782832
v -0.030088458 0.055389374 -0.377258241
vt 0.541015625 0.714355469
vn -0.361846089 0.086528331 -0.928213477
v 0.000324213 0.063232392 -0.390930116
vt 0.540527344 0.731445312
vn -0.363197029 0.007895528 -0.931678951
v -0.048561130 0.095428437 -0.367309570
vt 0.562988281 0.709472656
vn -0.392776638 0.031422060 -0.919096947
v -0.016557731 0.106964082 -0.383178711
vt 0.573486328 0.740234375
vn -0.427001029 -0.071166866 -0.901446283
v 0.013693773 0.063049287 -0.391845644
vt 0.538818359 0.738037109
vn -0.229129255 -0.055307087 -0.971823573
v 0.004217586 0.099700898 -0.392150879
vt 0.565185547 0.748535156
vn -0.298694670 -0.078603886 -0.951106250
v 0.067977868 0.065002412 -0.405792177
vt 0.533203125 0.765380859
vn -0.243634358 -0.078591742 -0.966677725
v 0.049938161 0.108489960 -0.406066895
vt 0.563720703 0.772705078
vn -0.282616109 -0.133457616 -0.949903786
v 0.077453576 0.090820283 -0.411285400
vt 0.550537109 0.782226562
vn -0.282624811 -0.180565849 -0.942082345
v 0.092895463 0.148956269 -0.428894043
vt 0.570556641 0.806152344
vn -0.276164860 -0.205151007 -0.938960075
v 0.095764108 0.198165879 -0.438629150
vt 0.590332031 0.821289062
vn -0.228850842 -0.189393774 -0.954859912
v 0.056884717 0.204406723 -0.431335449
vt 0.603271484 0.806152344
vn -0.274757236 -0.227655962 -0.934174180
v 0.046878770 0.159408554 -0.415985107
vt 0.587158203 0.788330078
vn -0.322584838 -0.220301822 -0.920546591
v 0.008068044 0.146545380 -0.398468018
vt 0.593261719 0.766845703
vn -0.339235455 -0.181451514 -0.923035622
v 0.006647065 0.196517929 -0.411132812
vt 0.613281250 0.780761719
vn -0.354539752 -0.259995788 -0.898167014
v -0.010538140 0.138153046 -0.390411377
vt 0.593750000 0.756103516
vn -0.379283845 -0.126427978 -0.916602314
v -0.028387111 0.175903305 -0.389251709
vt 0.614501953 0.757812500
vn -0.417219520 -0.220417842 -0.881671071
v -0.030649224 0.154510468 -0.384368896
vt 0.605468750 0.749511719
vn -0.487630129 -0.165165052 -0.857284963
v -0.045463596 0.108825654 -0.368927002
vt 0.590820312 0.729248047
vn -0.495127708 -0.086450912 -0.864508450
v -0.037525218 0.200576767 -0.392608643
vt 0.627197266 0.761230469
vn -0.447571993 -0.259120613 -0.855883062
v 0.034660291 0.234069809 -0.433258057
vt 0.621826172 0.805419922
vn -0.290574074 -0.267013937 -0.918841898
v 0.057685800 0.243423447 -0.439453125
vt 0.619384766 0.817871094
vn -0.196188718 -0.211883754 -0.957400382
v -0.001124995 0.224899277 -0.416839600
vt 0.627441406 0.785888672
vn -0.425091535 -0.236161977 -0.873799026
v -0.043933913 0.216232285 -0.392242432
vt 0.635253906 0.762207031
vn -0.550822735 -0.118033484 -0.826233923
v 0.009743640 0.256011963 -0.431457520
vt 0.637451172 0.800781250
vn -0.394828618 0.071069069 -0.916002035
v 0.044238992 0.252426147 -0.439849854
vt 0.626708984 0.814941406
vn -0.330493718 0.118033387 -0.936398506
v -0.026706742 0.250915527 -0.407623291
vt 0.645019531 0.780273438
vn -0.568340480 0.055255253 -0.820936024
v -0.041954085 0.240478501 -0.392333984
vt 0.645507812 0.768310547
vn -0.631410778 0.055248372 -0.773477972
v 0.007785749 0.257568359 -0.421264648
vt 0.642333984 0.798828125
vn -0.157622173 0.898445904 -0.409817427
v 0.031646680 0.254287720 -0.424591064
vt 0.642822266 0.811035156
vn -0.196448997 0.872233033 -0.447903454
v -0.013543176 0.259262085 -0.407836914
vt 0.647949219 0.787597656
vn -0.213147655 0.939428151 -0.268408060
v 0.020681333 0.262512207 -0.414031982
vt 0.647216797 0.804931641
vn -0.165740207 0.962871253 -0.213094488
v -0.046897933 0.257095337 -0.391815186
vt 0.654052734 0.770019531
vn -0.235194772 0.885899901 -0.399830937
v 0.014334637 0.265014648 -0.368438721
vt 0.669189453 0.798828125
vn -0.118179925 0.992710948 -0.023636004
v -0.034744304 0.261199951 -0.353881836
vt 0.673339844 0.773437500
v 0.006467304 0.262298584 -0.343292236
vt 0.681152344 0.793212891
vn -0.055032920 0.998453617 -0.007861876
v -0.006621872 0.264678955 -0.307037354
vt 0.697998047 0.784423828
vn -0.117869407 0.966528535 -0.227880731
v -0.045753513 0.264923096 -0.309722900
vt 0.694335938 0.765136719
vn 0.141499907 0.966916621 -0.212250054
v -0.030859025 0.266662598 -0.291381836
vt 0.704345703 0.771484375
vn 0.062797733 -0.871318877 -0.486682594
v -0.019836463 0.274307251 -0.323059082
vt 0.708984375 0.788085938
vn -0.172439039 -0.877871394 -0.446773767
v 0.016433679 0.264312744 -0.328582764
vt 0.694091797 0.799560547
vn -0.424710006 -0.574145019 -0.699984908
v -0.042903937 0.273605347 -0.327941895
vt 0.719726562 0.783447266
vn 0.236948788 -0.876710534 -0.418609560
v -0.035160102 0.279327393 -0.333099365
vt 0.718261719 0.788574219
vn 0.204895958 -0.780180931 -0.591046095
v -0.025196116 0.293708801 -0.348052979
vt 0.719238281 0.800048828
vn 0.047343947 -0.718050778 -0.694378674
vt 0.795898438 0.800781250
vt 0.797363281 0.823730469
vt 0.763916016 0.828125000
vt 0.782714844 0.846191406
v 0.087051339 0.252548218 -0.448089600
vt 0.763427734 0.861083984
vn -0.157813475 -0.047344059 -0.986333430
vt 0.751464844 0.844970703
vt 0.771240234 0.867431641
vt 0.785644531 0.857666016
v 0.115005441 0.270217896 -0.447570801
vt 0.754638672 0.858154297
vn -0.086635746 0.945116341 -0.315038800
vt 0.749023438 0.843994141
vt 0.737304688 0.894775391
v 0.059890695 0.265487671 -0.445434570
vt 0.762695312 0.873046875
vn -0.157329291 0.912509382 -0.377590090
v 0.030528974 0.264053345 -0.425384521
vt 0.762207031 0.889892578
vn -0.196698055 0.967754185 -0.157358423
vt 0.766845703 0.877685547
vt 0.774658203 0.874755859
vt 0.766601562 0.886962891
vt 0.775634766 0.886474609
vt 0.763916016 0.894775391
vt 0.774169922 0.895996094
vt 0.756347656 0.915283203
vt 0.735595703 0.903564453
v 0.037986714 0.265197754 -0.349884033
vt 0.741455078 0.916015625
vn -0.180760905 0.982396007 0.047154985
vt 0.753662109 0.927734375
v 0.052902181 0.271804810 -0.343383789
vt 0.733398438 0.914550781
vn -0.431442350 -0.007844461 -0.902106404
vt 0.725585938 0.909667969
v 0.032970391 0.265823364 -0.336425781
vt 0.739990234 0.922851562
vn -0.243777424 -0.306687623 -0.920062721
vt 0.745605469 0.931396484
vt 0.758300781 0.942138672
v 0.029716449 0.290153503 -0.358398438
vt 0.724609375 0.927246094
vn -0.062955126 -0.613811851 -0.786938131
v 0.003560980 0.282455444 -0.347045898
vt 0.733154297 0.937500000
vn -0.212007806 -0.698840380 -0.683135986
vt 0.745849609 0.949462891
vt 0.731201172 0.952636719
v 0.044658616 0.298606873 -0.363311768
vt 0.719482422 0.921386719
vn 0.102178566 -0.448014170 -0.888168395
vt 0.719726562 0.908447266
vt 0.705566406 0.919189453
v 0.025310472 0.308471680 -0.369598389
vt 0.716064453 0.932373047
vn 0.007872699 -0.456622154 -0.889625907
v 0.033542585 0.332565308 -0.379882812
vt 0.703857422 0.933593750
vn 0.086837791 -0.331562907 -0.939428151
v 0.053115796 0.350318909 -0.383026123
vt 0.695800781 0.929443359
vn 0.134091139 -0.236631691 -0.962301970
vt 0.697265625 0.920654297
v 0.076217599 0.378398895 -0.384674072
vt 0.683105469 0.928955078
vn 0.172736302 -0.149181485 -0.973605216
v 0.029199550 0.375469208 -0.390777588
vt 0.684570312 0.940673828
vn 0.102397002 -0.141780674 -0.984587789
v 0.000303340 0.338584900 -0.384002686
vt 0.703369141 0.947509766
vn 0.031597007 -0.339668989 -0.940014124
v -0.013634731 0.362522095 -0.392028809
vt 0.692626953 0.955810547
vn 0.071038000 -0.228900671 -0.970854402
v 0.001602367 0.312835693 -0.370697021
vt 0.716552734 0.943603516
vn -0.141208038 -0.549142063 -0.823713124
v -0.022901583 0.345249146 -0.385284424
vt 0.703125000 0.959228516
vn -0.070916817 -0.464898556 -0.882519305
v -0.017057462 0.305183411 -0.359802246
vt 0.723632812 0.950927734
vn -0.181802630 -0.584930062 -0.790445924
v -0.029180571 0.320129395 -0.369659424
vt 0.717773438 0.958984375
vn 0.142049611 -0.576090515 -0.804948211
v -0.049587294 0.304298401 -0.364929199
vt 0.725341797 0.965820312
vn 0.133453369 -0.573064923 -0.808570862
v -0.037002612 0.334114075 -0.381103516
vt 0.710205078 0.964843750
vn 0.071182296 -0.442912728 -0.893734515
v -0.028862050 0.371337861 -0.394775391
vt 0.690917969 0.964355469
vn -0.015734496 -0.251750112 -0.967664421
v -0.050762225 0.346195191 -0.386169434
vt 0.705810547 0.972412109
vn -0.039299592 -0.306535989 -0.951047480
v -0.008674672 0.384616822 -0.395721436
vt 0.683105469 0.962158203
vn 0.157734737 -0.717693388 -0.678259552
v -0.041454367 0.385288209 -0.395690918
vt 0.685302734 0.970703125
vn -0.141504452 -0.558156133 -0.817580760
v -0.052429248 0.370819062 -0.392089844
vt 0.684570312 0.973144531
vn -0.102537289 -0.181411982 -0.978046954
vt 0.821533203 0.620117188
vt 0.834960938 0.612792969
v -0.074737549 0.041290283 -0.103706323
vt 0.852294922 0.640869141
vn 0.070969686 -0.977803648 0.197137862
vt 0.833984375 0.647216797
vt 0.818115234 0.678466797
vt 0.805908203 0.656982422
v -0.080551162 0.019714355 -0.253204286
vt 0.831054688 0.692626953
vn 0.110414408 -0.985842407 0.126187861
v -0.137329102 0.024536133 -0.168060258
vt 0.861572266 0.672607422
vn 0.039309263 -0.982729971 0.180822358
v -0.027463904 0.056823730 -0.048057523
vt 0.847900391 0.614990234
vn 0.039301980 -0.974687338 0.220090732
vt 0.849365234 0.591308594
v -0.052906029 0.056854248 -0.048999749
vt 0.855957031 0.619628906
vn -0.031457007 -0.967305303 0.251656681
v -0.026628477 0.070617676 0.013423953
vt 0.856689453 0.594482422
vn -0.023632972 -0.976832390 0.212697417
v -0.023178076 0.084136963 0.079650909
vt 0.865966797 0.572509766
vn -0.031410426 -0.981577873 0.188462988
vt 0.853759766 0.559570312
v 0.009645493 0.092346191 0.128479034
vt 0.862304688 0.552734375
vn -0.007847480 -0.988790512 0.149103373
v -0.032813996 0.094879150 0.136642486
vt 0.876708984 0.554931641
vn -0.031411398 -0.989461064 0.141351610
v -0.063949555 0.089385986 0.097618140
vt 0.883300781 0.571289062
vn -0.047220610 -0.983764112 0.173142537
v -0.073638901 0.072204590 0.011375466
vt 0.872314453 0.601318359
vn -0.070741184 -0.974657297 0.212223843
v -0.121238686 0.090881348 0.081535384
vt 0.899169922 0.586181641
vn -0.078649931 -0.983125031 0.165165052
v -0.129104584 0.097503662 0.141037032
vt 0.911621094 0.567871094
vn -0.031507730 -0.992495358 0.118154265
v -0.178665131 0.095214844 0.083366446
vt 0.918457031 0.593505859
vn -0.054973386 -0.989522040 0.133506984
v -0.151992783 0.082916260 0.028137257
vt 0.901611328 0.608642578
vn -0.078684010 -0.975682557 0.204578653
v -0.107742295 0.069183350 -0.014888720
vt 0.879150391 0.615478516
vn -0.047220606 -0.960153878 0.275453985
v -0.084587090 0.050537109 -0.070877038
vt 0.862304688 0.632568359
vn -0.023578156 -0.958848178 0.282938808
v -0.160537720 0.052337646 -0.072082467
vt 0.887207031 0.644287109
vn -0.094327435 -0.958996296 0.267261267
v -0.129547104 0.071594238 -0.010839416
vt 0.887207031 0.617675781
vn -0.047255740 -0.952992380 0.299286902
v -0.144989014 0.039886475 -0.113624521
vt 0.874267578 0.656005859
vn -0.165472284 -0.953436017 0.252148420
v -0.201400742 0.073211670 -0.015870992
vt 0.910156250 0.631347656
vn -0.133783564 -0.967964053 0.212479979
v -0.180770859 0.080657959 0.011814170
vt 0.908203125 0.618408203
vn -0.039231602 -0.965099335 0.258929104
v -0.186935410 0.087249756 0.037864741
vt 0.914306641 0.610351562
vn -0.039496325 -0.979510546 0.197482005
v -0.251571625 0.088348389 0.033626620
vt 0.933593750 0.622802734
vn -0.117669612 -0.980580688 0.156892970
v -0.216201752 0.094573975 0.072578490
vt 0.928222656 0.603759766
vn -0.015816268 -0.988520741 0.150255203
v -0.209472626 0.099395752 0.112129271
vt 0.932861328 0.590332031
vn -0.031383354 -0.996423304 0.078458577
v -0.260086030 0.091583252 0.051059786
vt 0.937988281 0.617431641
vn -0.165642068 -0.978077412 0.126203597
v -0.261550874 0.096313477 0.086746283
vt 0.943603516 0.605957031
vn -0.102093481 -0.989522040 0.102093600
v -0.217620820 0.100341797 0.123024046
vt 0.936523438 0.588134766
vn 0.000000051 -0.998484433 0.055034619
v -0.266616821 0.082885742 -0.048870023
vt 0.927001953 0.652587891
vn -0.204946846 -0.969556570 0.134003818
v -0.302597046 0.093750000 -0.009595803
vt 0.941406250 0.641601562
vn -0.189169943 -0.977378368 0.094585069
v -0.223342896 0.070434570 -0.060787141
vt 0.910400391 0.650146484
vn -0.236308336 -0.953110516 0.189046785
v -0.260787964 0.072143555 -0.098243646
vt 0.917724609 0.668457031
vn -0.229079038 -0.940014243 0.252777010
v -0.303268433 0.084716797 -0.086708002
vt 0.934570312 0.670166016
vn -0.818694711 -0.480195999 -0.314882427
v -0.295578003 0.080139160 -0.100311212
vt 0.930908203 0.673583984
vn -0.329810143 -0.926609576 0.180610433
v -0.295547485 0.102081299 -0.095703058
vt 0.936523438 0.676025391
vn -0.969405949 0.023643991 -0.244321674
v -0.299514771 0.084655762 -0.100006036
vt 0.932128906 0.675292969
vn -0.292163849 -0.300060242 0.908077180
v -0.305343628 0.078430176 -0.112449579
vt 0.929687500 0.679687500
vn -0.839764714 -0.541530550 0.039241474
v -0.297195435 0.067047119 -0.142547533
vt 0.922607422 0.689208984
vn -0.314804494 -0.912933171 0.259713799
v -0.299057007 0.077911377 -0.135772631
vt 0.928222656 0.688476562
vn -0.947943151 0.039497569 -0.315980881
v -0.222259521 0.044097900 -0.157775819
vt 0.892089844 0.683349609
vn -0.212690681 -0.937414765 0.275710285
v -0.284805298 0.048522949 -0.185226381
vt 0.909179688 0.701904297
vn -0.968594074 -0.047248539 -0.244117051
v -0.272262573 0.048706055 -0.182418764
vt 0.906005859 0.698242188
vn -0.204237416 -0.934779286 0.290645719
v -0.173461914 0.034881592 -0.155548036
vt 0.876220703 0.675292969
vn -0.188323572 -0.949465096 0.251098245
v -0.200424209 0.029571533 -0.194961488
vt 0.878417969 0.692871094
vn -0.189962327 -0.941896856 0.277028531
v -0.279922485 0.043395996 -0.203216493
vt 0.903808594 0.706054688
vn -0.691521406 -0.667946815 -0.275036782
v -0.176727310 0.023895264 -0.199752748
vt 0.869140625 0.690917969
vn -0.158103913 -0.956529200 0.245061249
v -0.242187515 0.023071289 -0.241027772
vt 0.885009766 0.714111328
vn -0.471987575 -0.881043494 -0.031465739
v -0.157379165 0.016510010 -0.214492753
vt 0.860107422 0.691894531
vn 0.055279493 -0.987132728 0.150044218
v -0.148178115 0.007751465 -0.288116395
vt 0.846679688 0.716064453
v -0.181518570 0.006103516 -0.273437440
vt 0.858642578 0.715576172
vn -0.039556846 -0.981011450 0.189873233
v -0.189880386 0.001342773 -0.301971376
vt 0.857177734 0.726562500
vn -0.730361581 -0.227747187 -0.643974543
v -0.167007476 0.000000000 -0.328735292
vt 0.846923828 0.732421875
vn -0.063125305 -0.994224012 -0.086797282
v -0.211730972 0.009613037 -0.276855409
vt 0.868408203 0.721923828
vn -0.717938960 -0.568039656 -0.402361244
v -0.195678741 0.084411621 -0.283538759
vt 0.884277344 0.745605469
vn -0.732351720 0.070872672 -0.677228212
v -0.238250747 0.060760498 -0.239273012
vt 0.894042969 0.724365234
vn -0.701374829 0.070925467 -0.709255219
v -0.227203384 0.098571777 -0.248245180
vt 0.900146484 0.737792969
vn -0.710846484 0.023694819 -0.702947974
v -0.278274536 0.089599609 -0.201888978
vt 0.915527344 0.715576172
vn -0.748310030 0.047261618 -0.661663413
v -0.267593414 0.124755859 -0.208633363
vt 0.922607422 0.727050781
vn -0.682820499 0.031393979 -0.729911327
v -0.216552749 0.134185791 -0.258544862
vt 0.907958984 0.749267578
vn -0.730271578 -0.000000062 -0.683157027
v -0.234680191 0.146270752 -0.240829408
vt 0.918945312 0.744140625
vn -0.714897454 0.007855952 -0.699185193
v -0.243087783 0.148193359 -0.231201112
vt 0.923339844 0.738525391
vn -0.733079433 0.055177953 -0.677901149
v -0.277847290 0.128967285 -0.200057924
vt 0.927734375 0.723144531
vn -0.936514556 0.055089034 -0.346274167
v -0.284866333 0.138183594 -0.169357240
vt 0.937988281 0.712402344
vn -0.957665861 0.054947987 -0.282589763
v -0.293838501 0.134643555 -0.141982958
vt 0.941162109 0.704833984
vn -0.919522822 0.007859113 -0.392958343
v -0.275253296 0.143463135 -0.201095521
vt 0.935302734 0.728027344
vn -0.865069807 0.117964000 -0.487584651
v -0.288772583 0.162994370 -0.152130052
vt 0.944580078 0.719726562
vn -0.921345651 0.047248434 -0.385862559
v -0.271530181 0.161849946 -0.198791444
vt 0.934814453 0.735351562
vn -0.778442442 0.133671865 -0.613318145
v -0.277389526 0.176300019 -0.181625307
vt 0.939697266 0.738037109
vn -0.907709420 0.118396826 -0.402549237
v -0.259201080 0.184753388 -0.212280214
vt 0.936767578 0.744384766
vn -0.798425317 0.039525945 -0.600795150
v -0.236190811 0.195220917 -0.237960756
vt 0.934326172 0.753417969
vn -0.745241404 -0.000000062 -0.666794777
v 0.258224428 0.318115234 -0.413208008
vt 0.386718750 0.065429688
vn 0.181451395 -0.733695030 -0.654803038
v 0.261550844 0.306961060 -0.390655518
vt 0.380859375 0.057128906
vn -0.425104618 -0.881698489 -0.204679891
v 0.245452836 0.318191528 -0.403961182
vt 0.389892578 0.059814453
vn -0.401861459 -0.882519305 -0.244268626
v 0.226135209 0.322341919 -0.369934082
vt 0.392822266 0.044677734
vn -0.480598152 -0.866652429 -0.133937076
v 0.228271425 0.336189270 -0.432739258
vt 0.402099609 0.068359375
vn -0.181327417 -0.646471441 -0.741076946
v 0.275619447 0.301277161 -0.380859375
vt 0.374023438 0.055908203
vn 0.544710398 -0.702597499 -0.457872540
v 0.217330888 0.333152771 -0.409545898
vt 0.402343750 0.058105469
vn -0.504798472 -0.843959987 -0.181411862
v 0.231597856 0.317489624 -0.350219727
vt 0.387695312 0.038085938
vn -0.426627606 -0.876956761 -0.221214205
v 0.208923295 0.338363647 -0.391296387
vt 0.404052734 0.050048828
vn -0.403051853 -0.877230585 -0.260798186
v 0.216674760 0.326515198 -0.368438721
vt 0.396484375 0.042724609
vn -0.181502312 -0.907511473 -0.378787339
v 0.188888490 0.355037689 -0.418426514
vt 0.416992188 0.057373047
vn -0.402161181 -0.859520972 -0.315420449
v 0.193206728 0.355049133 -0.435638428
vt 0.417480469 0.064697266
vn -0.376415670 -0.635201335 -0.674411237
v 0.191116288 0.335319519 -0.378265381
vt 0.407714844 0.042968750
vn -0.196899235 -0.897860467 -0.393798381
v 0.217086747 0.308151245 -0.327087402
vt 0.388916016 0.026611328
vn -0.173621744 -0.915459931 -0.363027185
v 0.171722367 0.341682434 -0.381805420
vt 0.415527344 0.040771484
vn -0.385731161 -0.834438801 -0.393603086
v 0.271713227 0.291618347 -0.346160889
vt 0.368896484 0.042480469
vn -0.346188515 -0.920546770 -0.180962101
v 0.260513276 0.292678833 -0.327972412
vt 0.370849609 0.033935547
vn -0.434135377 -0.891950905 -0.126293823
v 0.176986650 0.328857422 -0.352783203
vt 0.408691406 0.031250000
vn -0.340019256 -0.885631621 -0.316296935
v 0.234222367 0.310951233 -0.335235596
vt 0.383789062 0.032958984
vn -0.252690226 -0.931795180 -0.260586739
v 0.218399018 0.301055908 -0.305755615
vt 0.384765625 0.018798828
vn -0.047220659 -0.983764112 -0.173142448
v 0.241210908 0.303848267 -0.311035156
vt 0.377197266 0.024902344
vn -0.259939224 -0.960987568 -0.094523288
v 0.192306489 0.310203552 -0.315734863
vt 0.396240234 0.018798828
vn -0.268324465 -0.915459931 -0.299892008
v 0.186080903 0.311866760 -0.310546875
vt 0.398193359 0.016113281
vn -0.558190644 -0.809769571 -0.180822223
v 0.196136445 0.302925110 -0.290222168
vt 0.390625000 0.009765625
vn -0.306007028 -0.949406624 0.070617102
v 0.217346162 0.301124573 -0.285217285
vt 0.381835938 0.011230469
vn 0.023551406 -0.973455131 0.227662936
v 0.237609833 0.304054260 -0.287994385
vt 0.375732422 0.015869141
vn 0.000000062 -0.989949524 0.141421393
v 0.157638505 0.346679688 -0.369415283
vt 0.419677734 0.034179688
vn -0.629433692 -0.747452497 -0.212433755
v 0.158721879 0.337493896 -0.331420898
vt 0.413574219 0.020019531
vn -0.494639039 -0.800844133 -0.337610662
v 0.259933442 0.294357300 -0.313507080
vt 0.367919922 0.029052734
vn -0.181615353 -0.963351429 0.197408140
v 0.250686616 0.306457520 -0.283752441
vt 0.367431641 0.015869141
vn 0.306887001 -0.802627265 0.511478186
v 0.270919770 0.294120789 -0.316955566
vt 0.363281250 0.032226562
vn 0.384375870 -0.839351237 0.384375751
v 0.158035234 0.355407715 -0.386962891
vt 0.423583984 0.041259766
vn -0.645209491 -0.645209491 -0.409157127
v 0.150054887 0.360824585 -0.377624512
vt 0.426757812 0.037353516
vn -0.889488101 -0.338477790 -0.306991369
v 0.167694047 0.362739563 -0.410247803
vt 0.424560547 0.051757812
vn -0.786621690 -0.432641953 -0.440508008
v 0.170806840 0.354774475 -0.402313232
vt 0.421142578 0.048828125
vn -0.480598211 -0.748472512 -0.456962079
v 0.173095644 0.366062164 -0.423767090
vt 0.424804688 0.057617188
vn -0.526889861 -0.786402822 -0.322425038
v 0.170562685 0.369976044 -0.426177979
vt 0.426269531 0.065917969
vn -0.834852874 0.307162762 -0.456806123
v 0.155868486 0.371566772 -0.391906738
vt 0.431884766 0.052246094
vn -0.922863424 0.220856130 -0.315508723
v 0.176254213 0.366706848 -0.433868408
vt 0.424072266 0.069335938
vn -0.321709812 0.156931490 -0.933742702
v 0.179473817 0.383329391 -0.419708252
vt 0.428955078 0.076416016
vn -0.426428139 0.821268797 -0.379047126
v 0.191284120 0.380208969 -0.432586670
vt 0.422119141 0.077148438
vn 0.039242439 0.824093580 -0.565092742
v 0.214096010 0.370819092 -0.435363770
vt 0.412597656 0.079101562
vn 0.464494854 0.606205344 -0.645569324
v 0.244445741 0.338615417 -0.429809570
vt 0.396484375 0.071777344
vn 0.710868418 0.379129857 -0.592390597
v 0.260330141 0.325057983 -0.408508301
vt 0.384277344 0.067626953
vn 0.811980665 0.559714913 -0.165549606
v 0.237121537 0.350418091 -0.411773682
vt 0.391113281 0.079345703
vn 0.709961116 0.702072740 -0.055219322
v 0.224105790 0.361606598 -0.406158447
vt 0.395263672 0.085205078
vn 0.777409613 0.628209889 -0.031410616
v 0.218353212 0.371845245 -0.409240723
vt 0.399414062 0.087646484
vn 0.574358225 0.818263769 0.023603654
v 0.231307939 0.352565765 -0.397308350
vt 0.383544922 0.083251953
vn 0.660353720 0.746828616 0.078613415
v 0.226013139 0.352714539 -0.393127441
vt 0.383056641 0.085693359
vn 0.857922077 0.511604965 0.047224931
v 0.232604936 0.351234436 -0.374328613
vt 0.375244141 0.087158203
vn 0.583183646 0.811728597 0.031523325
v 0.245651200 0.341979980 -0.400329590
vt 0.380859375 0.076416016
vn 0.670685828 0.741699696 0.007890302
v 0.264083833 0.324081421 -0.361724854
vt 0.365722656 0.066162109
vn 0.749147058 0.662403762 -0.000000127
v 0.253219575 0.333717346 -0.336212158
vt 0.355712891 0.072021484
vn 0.623420954 0.781249106 0.031565506
v 0.276016176 0.309318542 -0.377502441
vt 0.372070312 0.058837891
vn 0.873555541 0.472192258 -0.118048191
v 0.265762299 0.317512512 -0.354827881
vt 0.363037109 0.063720703
vn 0.730181396 0.683072984 -0.015702954
v 0.263534516 0.324073792 -0.312927246
vt 0.346679688 0.067138672
vn 0.606111348 0.795029283 -0.023614848
v 0.273056000 0.314819336 -0.348815918
vt 0.360595703 0.060546875
vn 0.551780045 0.827670276 -0.102473564
v 0.283126801 0.308830261 -0.323791504
vt 0.354492188 0.044189453
vn 0.910230935 0.408034593 -0.070621498
v 0.277999848 0.316841125 -0.302856445
vt 0.345947266 0.040771484
vn 0.670185268 0.741146088 0.039422542
v 0.283187836 0.293334961 -0.344146729
vt 0.364501953 0.043945312
vn 0.884636521 -0.466013819 -0.015797175
v 0.280868500 0.307540894 -0.309478760
vt 0.356201172 0.031738281
vn 0.781541169 -0.489449918 0.386823297
v 0.269943208 0.315689087 -0.289855957
vt 0.353759766 0.022705078
vn 0.592372119 -0.489694118 0.639761686
vt 0.049316406 0.535400391
vt 0.049804688 0.543457031
v 0.229019120 0.357814789 -0.380737305
vt 0.041259766 0.532226562
vn 0.810094953 0.582010090 0.070784867
vt 0.048095703 0.531738281
vt 0.045898438 0.549804688
v 0.226150468 0.355293274 -0.335601807
vt 0.023437500 0.519531250
vn 0.702794671 0.710691273 0.031586152
vt 0.043945312 0.522460938
v 0.211654618 0.369892120 -0.349456787
vt 0.021972656 0.532714844
vn 0.604409814 0.792797267 0.078494661
vt 0.032714844 0.502197266
vt 0.053222656 0.512695312
v 0.239303544 0.341773987 -0.316894531
vt 0.018554688 0.507080078
vn 0.645569205 0.763661265 0.007872678
v 0.224533036 0.357364655 -0.304473877
vt 0.008544922 0.512939453
vn 0.685719907 0.725129247 -0.063054837
v 0.201171830 0.377183914 -0.333129883
vt 0.011230469 0.533447266
vn 0.628442347 0.777697504 -0.015711175
v 0.208999589 0.372703552 -0.304321289
vt 0.000732422 0.521972656
vn 0.821448088 0.458115339 -0.339637339
v 0.183944657 0.389711380 -0.330108643
vt 0.003173828 0.541503906
vn 0.623246253 0.670581460 -0.402348995
v 0.183593705 0.388696671 -0.362670898
vt 0.015869141 0.551757812
vn 0.369986981 0.928903520 0.015744038
v 0.166351274 0.389278412 -0.342773438
vt 0.002197266 0.552978516
vn 0.031597037 0.955812752 -0.292273343
v 0.187911943 0.387523651 -0.402557373
vt 0.032714844 0.562500000
vn 0.274731666 0.957636297 -0.086344339
vt 0.054687500 0.559814453
vt 0.045410156 0.570556641
vt 0.036376953 0.572021484
v 0.171173051 0.386117935 -0.393524170
vt 0.023193359 0.565185547
vn -0.235716879 0.966438949 -0.102143958
v 0.153396562 0.383119583 -0.354400635
vt 0.001464844 0.563232422
vn -0.338824451 0.756445110 -0.559454143
v 0.160812333 0.381082535 -0.391784668
vt 0.020996094 0.570068359
vn -0.684318602 0.668587029 -0.291031986
vt 0.034912109 0.580566406
vt 0.019531250 0.574951172
v 0.145568803 0.365642548 -0.359558105
vt 0.000244141 0.571044922
vn 0.117978528 -0.062921986 -0.991020679
vt 0.008789062 0.576171875
vt 0.015625000 0.584960938
vt 0.701171875 0.362060547
vt 0.718261719 0.346679688
vt 0.706542969 0.366455078
vt 0.702392578 0.356201172
vt 0.708007812 0.349609375
vt 0.694335938 0.369140625
v 0.259841889 0.327178955 -0.279602051
vt 0.691894531 0.378906250
vn 0.703892827 0.672257245 0.229358226
v 0.247161835 0.336158752 -0.291839600
vt 0.699462891 0.380371094
vn 0.623653948 0.781541109 -0.015788825
vt 0.718261719 0.363281250
vt 0.709960938 0.376708984
v 0.242095917 0.343589783 -0.288909912
vt 0.697265625 0.385742188
vn 0.692055762 0.715648651 -0.094371371
vt 0.703857422 0.389404297
v 0.222610444 0.363311768 -0.266326904
vt 0.687500000 0.404785156
vn 0.874178410 0.480404377 0.070879191
vt 0.704345703 0.397949219
v 0.242599458 0.328529358 -0.259979248
vt 0.680175781 0.390380859
vn 0.684827209 0.133816868 0.716313362
vt 0.682617188 0.370361328
vt 0.696289062 0.352294922
v 0.230514497 0.313972473 -0.261169434
vt 0.673583984 0.386718750
vn 0.363412321 -0.592519820 0.718924046
v 0.234847993 0.308273315 -0.274841309
vt 0.674804688 0.379394531
vn 0.126294017 -0.891950905 0.434135407
vt 0.675781250 0.371337891
vt 0.665771484 0.374755859
v 0.208511323 0.310554504 -0.261871338
vt 0.662841797 0.387451172
vn -0.220226690 -0.825850487 0.519106090
vt 0.656250000 0.374511719
v 0.179229707 0.313301086 -0.285583496
vt 0.651367188 0.381835938
vn 0.157033160 -0.981456876 0.109923191
v 0.213378876 0.317497253 -0.257354736
vt 0.665039062 0.391357422
vn 0.078439347 -0.525542676 0.847143531
v 0.198852509 0.326576233 -0.254089355
vt 0.655517578 0.397460938
vn 0.470461726 -0.854672015 0.219548762
v 0.230422944 0.332298279 -0.254089355
vt 0.673828125 0.397216797
vn 0.212856054 -0.244390070 0.946026325
v 0.208114594 0.336036682 -0.249847427
vt 0.662597656 0.401855469
vn 0.574287236 -0.605754912 0.550686181
v 0.219940156 0.351032257 -0.249969497
vt 0.673339844 0.408447266
vn 0.897721410 -0.401612163 0.181119114
v 0.210311860 0.334884644 -0.215377823
vt 0.651123047 0.415283203
vn 0.763093948 -0.645089626 -0.039334808
v 0.188034028 0.313087463 -0.234954849
vt 0.637939453 0.394287109
vn 0.693774223 -0.717425525 -0.063070439
v 0.179199189 0.308830261 -0.261962891
vt 0.640136719 0.385253906
vn 0.867514491 -0.496849179 -0.023659578
vt 0.638671875 0.379882812
v 0.193298325 0.315521240 -0.178939834
vt 0.628906250 0.412597656
vn 0.687001526 -0.726484299 0.015793080
v 0.213165268 0.337860107 -0.171249405
vt 0.639404297 0.434570312
vn 0.774274349 -0.632060587 0.031602956
v 0.228500336 0.358283997 -0.186950698
vt 0.654052734 0.437011719
vn 0.935327768 -0.353695363 -0.007860004
v 0.171508759 0.297966003 -0.221389785
vt 0.621826172 0.393310547
vn 0.710491955 -0.702597499 0.039471708
vt 0.628662109 0.385986328
vt 0.633544922 0.376708984
v 0.227401704 0.362262726 -0.237213150
vt 0.674072266 0.418212891
vn 0.996392667 -0.047073629 -0.070610635
v 0.170166001 0.298164368 -0.153076187
vt 0.606933594 0.406494141
vn 0.583020747 -0.811501682 0.039393246
v 0.187454209 0.313522339 -0.133560196
vt 0.603515625 0.415039062
vn 0.660353720 -0.746828556 0.078613475
v 0.168182343 0.285415649 -0.221176147
vt 0.614746094 0.389160156
vn 0.229415670 0.973039150 0.023732588
vt 0.618652344 0.383300781
vt 0.590332031 0.376953125
vt 0.620849609 0.372314453
vt 0.580810547 0.346923828
vt 0.591064453 0.389892578
v 0.155044541 0.287086487 -0.188629150
vt 0.605712891 0.395019531
vn 0.993852854 -0.007887673 0.110427968
v 0.152923569 0.287300110 -0.159744263
vt 0.595703125 0.398193359
vn 0.956290245 -0.276612818 0.094838582
v 0.150665268 0.289482117 -0.118438721
vt 0.580810547 0.402587891
vn 0.575642586 -0.812207818 0.094626121
v 0.156097397 0.287391663 -0.152725220
vt 0.591552734 0.397705078
vn 0.031471636 0.999225974 -0.023603810
v 0.154388413 0.288040161 -0.126739502
vt 0.582519531 0.399414062
vn -0.015738325 0.999380589 -0.031476595
vt 1.000000000 0.468750000
vt 0.992919922 0.480957031
vt 0.992187500 0.455810547
v 0.227294892 0.378063202 -0.195236221
vt 0.665771484 0.440673828
vn 0.995371222 0.094797306 -0.015799677
v 0.227050766 0.380022049 -0.147796646
vt 0.656005859 0.461425781
vn 0.995215952 0.094782516 0.023695482
v 0.224426240 0.400656223 -0.176910415
vt 0.671142578 0.457031250
vn 0.980152965 0.197611526 -0.015809057
v 0.221511826 0.412283897 -0.118217483
vt 0.661865234 0.486816406
vn 0.977621377 0.204985172 0.047304127
v 0.225891083 0.384414673 -0.216003433
vt 0.675292969 0.435546875
vn 0.980580688 0.188271523 -0.054912653
v 0.217636093 0.428449631 -0.146392837
vt 0.675292969 0.480957031
vn 0.946173429 0.323275924 -0.015769696
v 0.209671006 0.448410034 -0.115386978
vt 0.675781250 0.501464844
vn 0.919437528 0.392922074 0.015716743
v 0.218429536 0.418927193 -0.200515762
vt 0.684814453 0.455322266
vn 0.943916738 0.322504908 -0.070793889
v 0.222671479 0.390138626 -0.247375503
vt 0.688232422 0.426269531
vn 0.968954682 0.228452772 -0.094532304
v 0.207641572 0.447811127 -0.180511490
vt 0.692382812 0.475830078
vn 0.882519305 0.464898556 -0.070916861
v 0.222869843 0.376613617 -0.269348145
vt 0.690673828 0.411865234
vn 0.980490208 0.094127096 -0.172566414
v 0.216964692 0.392858505 -0.282897949
vt 0.700683594 0.414794922
vn 0.922719836 0.331232816 -0.197162509
v 0.214935258 0.379825592 -0.294982910
vt 0.699951172 0.405273438
vn 0.935096622 -0.023573840 -0.353608131
v 0.210220292 0.390594482 -0.301971436
vt 0.706542969 0.406738281
vn 0.826233923 0.236066863 -0.511478305
v 0.193923905 0.399477005 -0.319396973
vt 0.718750000 0.404785156
vn 0.714654684 0.337694019 -0.612561345
v 0.216537446 0.412991524 -0.237564102
vt 0.693847656 0.438232422
vn 0.914662659 0.378481150 -0.141930550
v 0.208038285 0.406957507 -0.291107178
vt 0.708740234 0.416748047
vn 0.801066339 0.471215546 -0.369118959
v 0.189086869 0.428909302 -0.298004150
vt 0.720947266 0.424072266
vn 0.689989150 0.556695879 -0.462606519
v 0.204833955 0.429100037 -0.257965088
vt 0.707519531 0.438476562
vn 0.843881071 0.488977879 -0.220828816
v 0.206375092 0.436306000 -0.233078018
vt 0.702148438 0.450683594
vn 0.857072890 0.495372474 -0.141535103
v 0.195999101 0.429439545 -0.283538818
vt 0.716308594 0.429687500
vn 0.747059345 0.589783847 -0.306687683
v 0.163223222 0.466403961 -0.284393311
vt 0.736572266 0.446777344
vn 0.651125550 0.658970475 -0.376554728
v 0.154159501 0.456226349 -0.311676025
vt 0.740478516 0.434082031
vn 0.585003018 0.592908561 -0.553381383
v 0.190200776 0.458965302 -0.234573379
vt 0.713623047 0.459228516
vn 0.769746900 0.604801238 -0.204218701
v 0.179626435 0.464057922 -0.253448486
vt 0.723144531 0.455810547
vn 0.708859205 0.645849586 -0.283543795
v 0.160263032 0.483024597 -0.254455566
vt 0.734619141 0.465576172
vn 0.645849466 0.708859265 -0.283543795
v 0.170394868 0.486099243 -0.217346206
vt 0.723144531 0.479492188
vn 0.707718611 0.676264524 -0.204452157
v 0.145858735 0.510345459 -0.213790894
vt 0.736328125 0.493652344
vn 0.621334910 0.747174978 -0.235950112
v 0.193832368 0.467678070 -0.183990493
vt 0.703369141 0.482910156
vn 0.787206292 0.598276913 -0.149569348
v 0.159118623 0.513778687 -0.159912109
vt 0.719482422 0.514892578
vn 0.679359138 0.710957348 -0.181689218
v 0.128585786 0.539535522 -0.161941528
vt 0.736328125 0.528320312
vn 0.575088501 0.787792504 -0.220582008
v 0.179870576 0.488800049 -0.167617813
vt 0.709960938 0.499267578
vn 0.755694687 0.637617409 -0.149564713
v 0.191268906 0.478630066 -0.144073501
vt 0.697753906 0.503906250
vn 0.812207878 0.575642645 -0.094626300
v 0.199020371 0.468570709 -0.122993484
vt 0.687500000 0.506347656
vn 0.867649317 0.496926457 -0.015775578
v 0.198852524 0.467025757 -0.054897323
vt 0.679931641 0.534912109
vn 0.912255406 0.408942103 0.023592675
v 0.187194809 0.488975525 -0.072425850
vt 0.691162109 0.537841797
vn 0.867730260 0.496972829 0.007888322
v 0.167297348 0.510559082 -0.133132935
vt 0.709716797 0.522460938
vn 0.731512845 0.668587089 -0.133717522
v 0.147750840 0.534408569 -0.114044204
vt 0.716796875 0.540771484
vn 0.669249773 0.716491044 -0.196838304
v 0.122459389 0.558273315 -0.105697639
vt 0.726074219 0.557373047
vn 0.520897508 0.812915862 -0.260448873
v 0.181488022 0.494659424 -0.126953140
vt 0.699951172 0.518066406
vn 0.840827107 0.534357488 -0.086440310
v 0.177108750 0.507209778 -0.128173843
vt 0.705078125 0.522705078
vn 0.762904942 0.637065053 -0.110110126
v 0.176086411 0.504936218 -0.105377212
vt 0.701904297 0.532470703
vn 0.781346262 0.615606248 -0.102601163
v 0.185852036 0.490798950 -0.091911323
vt 0.693847656 0.530517578
vn 0.857922077 0.511604965 -0.047225200
v 0.182769760 0.501380920 -0.076225296
vt 0.695556641 0.541748047
vn 0.827747285 0.559714854 -0.039416671
v 0.174148545 0.508216858 -0.065673843
vt 0.695800781 0.549072266
vn 0.828365386 0.560132802 0.007889061
v 0.164352402 0.525741577 -0.075637832
vt 0.706298828 0.552734375
vn 0.821781397 0.568925619 0.031606842
v 0.153945908 0.533401489 -0.104988113
vt 0.713134766 0.543701172
vn 0.765204012 0.615318835 -0.189328969
v 0.158569321 0.535369873 -0.081260696
vt 0.710205078 0.553710938
vn 0.746321380 0.652049303 -0.133552387
v 0.157409653 0.537185669 -0.072242752
vt 0.710205078 0.558837891
vn 0.742092431 0.568411291 0.355256915
v 0.137985215 0.554382324 -0.090316780
vt 0.719970703 0.559570312
vn 0.670122743 0.725309432 -0.157676086
v 0.138717636 0.548187256 -0.108871467
vt 0.720214844 0.550048828
vn 0.575374186 0.725129128 -0.378328353
v 0.117286660 0.571029663 -0.090171821
vt 0.727783203 0.567871094
vn 0.455944330 0.841138840 -0.290861189
v 0.107414231 0.573684692 -0.082092293
vt 0.730712891 0.574218750
vn 0.456466526 0.857842386 -0.236103520
vt 0.898681641 0.422851562
vt 0.902343750 0.407470703
vt 0.914062500 0.417724609
vt 0.919921875 0.409667969
vt 0.912841797 0.400878906
vt 0.892333984 0.399902344
vt 0.940429688 0.408447266
vt 0.941650391 0.401611328
v 0.154785112 0.337196350 -0.332733154
vt 0.942871094 0.406005859
vn 0.909307599 0.023516599 -0.415459692
vt 0.956787109 0.403808594
vt 0.965820312 0.407714844
vt 0.976074219 0.403076172
vt 0.966552734 0.401611328
vt 0.194091797 0.099609375
vt 0.178222656 0.094238281
vt 0.197753906 0.090820312
v 0.169006303 0.406812996 -0.336975098
vt 0.209472656 0.094726562
vn 0.550686121 0.338278711 -0.763093889
vt 0.207275391 0.084716797
vt 0.215087891 0.077636719
v 0.176300004 0.421937943 -0.322052002
vt 0.206787109 0.107421875
vn 0.599243045 0.512510598 -0.615012765
vt 0.197509766 0.119384766
vt 0.222412109 0.124755859
v 0.135940507 0.438835144 -0.341857910
vt 0.231201172 0.106201172
vn 0.503375471 0.495510340 -0.707871974
v 0.139236405 0.389484406 -0.362335205
vt 0.224365234 0.078369141
vn 0.455733150 0.133576959 -0.880036712
v 0.140441850 0.469711304 -0.308593750
vt 0.230712891 0.131103516
vn 0.470114857 0.720842898 -0.509291291
vt 0.215820312 0.134521484
vt 0.217041016 0.068359375
v 0.125930741 0.459251404 -0.331665039
vt 0.238769531 0.117675781
vn 0.393896073 0.645989776 -0.653867781
v 0.096237138 0.489997864 -0.313201904
vt 0.256347656 0.135498047
vn 0.290609658 0.754014611 -0.589074016
v 0.114837602 0.498596191 -0.288208008
vt 0.246337891 0.148437500
vn 0.409753740 0.780108273 -0.472792983
v 0.091285661 0.510498047 -0.284301758
vt 0.258789062 0.155761719
vn 0.260513604 0.836801589 -0.481555700
vt 0.211669922 0.056396484
vt 0.209228516 0.063476562
vt 0.226318359 0.055175781
vt 0.243896484 0.063964844
v 0.053195909 0.503746033 -0.308441162
vt 0.279052734 0.142333984
vn 0.125956818 0.802975357 -0.582550883
v 0.062087975 0.524742126 -0.272216797
vt 0.275390625 0.163818359
vn 0.196382076 0.864081621 -0.463461995
vt 0.255126953 0.060546875
vt 0.244140625 0.051513672
v 0.066490121 0.394252777 -0.386871338
vt 0.262939453 0.067382812
vn 0.157749385 0.055212297 -0.985934496
vt 0.279296875 0.053466797
v 0.107139535 0.395426750 -0.375762939
vt 0.242431641 0.074707031
vn 0.338530093 0.149583101 -0.928990006
v 0.130004838 0.413336277 -0.360168457
vt 0.232666016 0.089355469
vn 0.458558798 0.355778486 -0.814337432
v 0.110145524 0.437957764 -0.356994629
vt 0.246093750 0.099609375
vn 0.339161336 0.512685895 -0.788747668
v 0.103233285 0.410389423 -0.373321533
vt 0.246582031 0.082275391
vn 0.299770594 0.378657699 -0.875646055
v 0.070190378 0.405337811 -0.384277344
vt 0.262939453 0.073974609
vn 0.228141323 0.267476141 -0.936166704
v 0.093566850 0.462848663 -0.343627930
vt 0.257080078 0.113769531
vn 0.236653596 0.654741883 -0.717849672
v 0.074943490 0.439018250 -0.367614746
vt 0.264892578 0.094726562
vn 0.205253094 0.544710457 -0.813118577
v 0.067436166 0.423841476 -0.377563477
vt 0.267333984 0.084228516
vn 0.157695428 0.425778002 -0.890979946
v 0.046886392 0.409885645 -0.386596680
vt 0.275634766 0.072998047
vn 0.102203794 0.338059098 -0.935558975
v 0.014823861 0.404148310 -0.391296387
vt 0.291015625 0.065185547
vn 0.384956479 0.188550144 -0.903469622
v 0.005962321 0.424297303 -0.383575439
vt 0.297607422 0.077636719
vn 0.322494805 0.637124062 -0.700050056
v 0.048091840 0.436237335 -0.373199463
vt 0.278320312 0.090087891
vn 0.078632854 0.534704208 -0.841372967
v 0.046798658 0.454959869 -0.359649658
vt 0.280761719 0.103759766
vn 0.086716272 0.638547897 -0.764680922
v -0.013981870 0.433624238 -0.379638672
vt 0.308837891 0.082031250
vn 0.110301085 0.748472452 -0.653928638
v 0.008484789 0.391547173 -0.393493652
vt 0.291992188 0.055175781
vn 0.440712631 -0.385623634 -0.810596645
vt 0.292724609 0.038574219
vt 0.297363281 0.045898438
v 0.070968583 0.478424072 -0.334472656
vt 0.269531250 0.123779297
vn 0.149227336 0.714720905 -0.683304667
v 0.038253736 0.483200073 -0.334533691
vt 0.286865234 0.124023438
vn 0.062730022 0.705714107 -0.705714226
v -0.016916325 0.460308075 -0.359130859
vt 0.312744141 0.101806641
vn 0.023650533 0.662218392 -0.748937547
v 0.009904815 0.493507385 -0.325439453
vt 0.302246094 0.130371094
vn 0.023650538 0.748937488 -0.662218451
v -0.027309468 0.434957474 -0.379028320
vt 0.315917969 0.083496094
vn -0.055150721 0.740593791 -0.669685900
v -0.051738787 0.467658967 -0.352142334
vt 0.331298828 0.105468750
vn -0.031380642 0.674681008 -0.737442136
v -0.059185073 0.496894836 -0.321533203
vt 0.338378906 0.129638672
vn -0.015676873 0.752484202 -0.658423722
v -0.045986228 0.431016892 -0.379821777
vt 0.324951172 0.081054688
vn -0.205234125 0.734106302 -0.647276521
v -0.025377318 0.514381409 -0.300292969
vt 0.320800781 0.147460938
vn -0.000000113 0.808396518 -0.588638306
v -0.030389840 0.433748215 -0.401245117
vt 0.321777344 0.071533203
vn -0.055131841 0.992372096 -0.110263601
v -0.041648921 0.428379029 -0.419586182
vt 0.329101562 0.061523438
vn -0.369301170 0.880036652 -0.298583835
v 0.014451938 0.522605896 -0.286773682
vt 0.299560547 0.155273438
vn 0.039407860 0.843330503 -0.535948396
v -0.056625407 0.529777527 -0.275360107
vt 0.331542969 0.166503906
vn -0.023659585 0.867514372 -0.496849179
v -0.012772598 0.547546387 -0.242370591
vt 0.311523438 0.183105469
vn 0.023697002 0.892590702 -0.450244904
v 0.042850453 0.525772095 -0.276519775
vt 0.285644531 0.162353516
vn 0.094371155 0.880798340 -0.463992000
v 0.005475488 0.565170288 -0.203536972
vt 0.306640625 0.202636719
vn 0.078671813 0.912594080 -0.401226729
v 0.049621545 0.547409058 -0.230224594
vt 0.281738281 0.183593750
vn 0.188550085 0.903469563 -0.384956658
v -0.009748515 0.429794282 -0.416076660
vt 0.312744141 0.064453125
vn 0.353139430 0.926010132 -0.133408323
v -0.018594800 0.429182023 -0.427154541
vt 0.318115234 0.059570312
vn 0.133560404 0.895640969 -0.424251080
v 0.004329150 0.419770211 -0.412445068
vt 0.304443359 0.063232422
vn 0.752052128 0.601641834 -0.269155622
v 0.007173483 0.411124676 -0.414642334
vt 0.302734375 0.059082031
vn 0.852829397 -0.181621075 -0.489587396
v -0.008999405 0.418056458 -0.435119629
vt 0.314697266 0.054199219
vn 0.597315133 0.330095261 -0.730925322
v -0.007573184 0.399625272 -0.428527832
vt 0.310546875 0.048095703
vn 0.424709946 -0.699985027 -0.574145019
v -0.029281674 0.418911904 -0.437622070
vt 0.323974609 0.054199219
vn -0.110219285 0.574714124 -0.810898006
v -0.015838681 0.408898562 -0.437042236
vt 0.316894531 0.050537109
vn 0.062960796 -0.322674692 -0.944413662
v -0.024366433 0.391930550 -0.417541504
vt 0.311523438 0.041015625
vn 0.007840772 -0.909531295 -0.415561706
vt 0.308593750 0.030517578
v -0.043979697 0.392638177 -0.416015625
vt 0.319824219 0.036376953
vn -0.449572206 -0.780835867 -0.433797628
v -0.038230952 0.401896924 -0.432220459
vt 0.322021484 0.044433594
vn -0.229186416 -0.655947208 -0.719170928
v -0.054378565 0.410213441 -0.421142578
vt 0.333740234 0.047851562
vn -0.867514431 -0.212935403 -0.449530035
v -0.041378077 0.415272683 -0.435485840
vt 0.330078125 0.052246094
vn -0.401462972 0.070846327 -0.913131118
v -0.048481043 0.418047875 -0.428680420
vt 0.336425781 0.052978516
vn -0.715449631 0.542483628 -0.440276593
v -0.054142054 0.420606583 -0.408142090
vt 0.338378906 0.059814453
vn -0.734724700 0.655721903 -0.173805773
vt 0.404296875 0.994628906
vt 0.396484375 0.989501953
v 0.227325425 0.360153198 -0.132110611
vt 0.399658203 0.985351562
vn 0.910707772 -0.408248276 0.062807329
vt 0.407958984 0.988281250
v 0.225112900 0.378311157 -0.112266555
vt 0.393310547 0.986083984
vn 0.993111670 0.078818440 0.086700097
v 0.201583847 0.328857422 -0.125488296
vt 0.408935547 0.978759766
vn 0.744623005 -0.658403397 0.109733842
vt 0.416992188 0.986328125
vt 0.385986328 0.994140625
vt 0.416259766 0.977050781
v 0.224380478 0.361320496 -0.098678604
vt 0.395263672 0.981689453
vn 0.892062128 -0.426295131 0.149992630
v 0.179916367 0.311515808 -0.100288391
vt 0.412841797 0.971191406
vn 0.668587089 -0.731512904 0.133717343
v 0.186737061 0.328567505 -0.052478798
vt 0.401367188 0.967773438
vn 0.732829034 -0.661909938 0.157597572
v 0.216339111 0.398820877 -0.048183456
vt 0.382324219 0.987060547
vn 0.986671269 0.063147008 0.149973899
v 0.212738037 0.365798950 -0.025781643
vt 0.388183594 0.974853516
vn 0.896416008 -0.401028126 0.188719034
v 0.204788208 0.394218445 0.015924441
vt 0.378906250 0.972900391
vn 0.972646356 -0.047063477 0.227473587
v 0.173156738 0.327339172 -0.001561885
vt 0.397216797 0.961425781
vn 0.716491163 -0.669249833 0.196838155
v 0.205963135 0.366535187 0.001874556
vt 0.385498047 0.968261719
vn 0.833612680 -0.487584710 0.259520799
v 0.168518066 0.315063477 -0.032062534
vt 0.404541016 0.960205078
vn 0.647377431 -0.742115557 0.173686564
v 0.149475098 0.313812256 0.023330687
vt 0.396972656 0.949462891
vn 0.566227496 -0.794291317 0.220199540
v 0.218399033 0.404967904 -0.069404617
vt 0.382568359 0.989746094
vn 0.981033564 0.164813682 0.102027349
v 0.205627441 0.443748474 -0.021398559
vt 0.371582031 0.987792969
vn 0.964802384 0.251005530 0.078439079
v 0.212921128 0.434995651 -0.080497757
vt 0.378173828 0.994140625
vn 0.953880250 0.291682422 0.070949621
vt 0.378417969 0.999755859
vt 0.370361328 0.994384766
v 0.146530151 0.304794312 -0.005401611
vt 0.405517578 0.950683594
vn 0.511351585 -0.841763318 0.173072785
v 0.125762939 0.299346924 0.021165852
vt 0.400390625 0.941894531
vn 0.425778091 -0.883095145 0.197119445
v 0.161285400 0.305030823 -0.053314213
vt 0.412109375 0.961914062
vn 0.572447896 -0.807700336 0.141151458
v 0.128479004 0.291305542 -0.030305859
vt 0.415039062 0.947265625
vn 0.488871515 -0.851582527 0.189240530
v 0.100723274 0.291442871 0.032512669
vt 0.397949219 0.930175781
vn 0.536715806 -0.805073619 0.252572089
v 0.147277832 0.297767639 -0.045562744
vt 0.414794922 0.957031250
vn 0.473440081 -0.867973328 0.149922654
v 0.167449936 0.299095154 -0.120994568
vt 0.423828125 0.973388672
vn 0.566227496 -0.817884088 0.102235474
vt 0.425048828 0.979248047
vt 0.434082031 0.971679688
v 0.152343750 0.293998718 -0.088172913
vt 0.423583984 0.966796875
vn 0.496895552 -0.859708071 0.118308425
v 0.139480591 0.288909912 -0.080596916
vt 0.425781250 0.963134766
vn 0.244268686 0.969195306 0.031518470
vt 0.436279297 0.972412109
v 0.138473511 0.291275024 -0.059459686
vt 0.420898438 0.958740234
vn 0.513309062 -0.844985604 0.150044128
v 0.136337280 0.289428711 -0.056465149
vt 0.421630859 0.956298828
vn 0.015744081 0.999752104 -0.015744172
v 0.170532227 0.290008545 -0.092750549
vt 0.436035156 0.958740234
vn -0.047155056 0.998114347 -0.039295878
v 0.133148193 0.289909363 -0.034900665
vt 0.417236328 0.947998047
vn -0.047168173 0.998391926 -0.031445451
v 0.118217476 0.290214539 0.001681809
vt 0.407226562 0.937500000
vn -0.031471733 0.999225974 -0.023603803
v 0.103454597 0.290794373 0.040019993
vt 0.397705078 0.927001953
vn -0.055007432 0.997991085 -0.031432826
v 0.177169800 0.294792175 0.018903729
vt 0.418945312 0.919677734
vn -0.054992147 0.997713804 -0.039280109
v 0.226013184 0.295555115 -0.024629602
vt 0.438476562 0.923583984
vn -0.039309245 0.998453617 -0.039309237
v 0.200256363 0.296943665 0.051067345
vt 0.419677734 0.904541016
vn -0.039328698 0.998947680 -0.023597226
vt 0.731689453 0.199951172
vt 0.721679688 0.198730469
vt 0.734375000 0.185302734
v 0.193649307 0.378225327 0.049705494
vt 0.755126953 0.194335938
vn 0.934087932 -0.196236894 0.298280030
v 0.192718506 0.367374420 0.038734425
vt 0.753417969 0.200927734
vn 0.785553098 -0.542031527 0.298510104
v 0.184524551 0.414427757 0.099334709
vt 0.776611328 0.176025391
vn 0.967963994 -0.133783564 0.212479755
v 0.164642349 0.330574036 0.034755703
vt 0.752685547 0.221923828
vn 0.706126869 -0.659051597 0.258913100
vt 0.735839844 0.224609375
vt 0.749267578 0.233154297
v 0.178024307 0.382087708 0.092727654
vt 0.779296875 0.193603516
vn 0.961226106 -0.275761545 -0.000000114
v 0.170867935 0.364845276 0.088691704
vt 0.780761719 0.204101562
vn 0.881452739 -0.472206801 -0.007870208
v 0.189300552 0.394618988 0.103134148
vt 0.784667969 0.184326172
vn 0.930056989 0.141873136 -0.338919193
v 0.158203140 0.345050812 0.086494438
vt 0.781738281 0.217041016
vn 0.805249274 -0.592095017 0.031578325
v 0.182846084 0.347858429 0.095268242
vt 0.791992188 0.208496094
vn 0.543846726 0.078818373 -0.835474968
v 0.148864761 0.335868835 0.087089531
vt 0.780761719 0.223876953
vn 0.440780967 -0.897304058 0.023613246
v 0.135955825 0.320045471 0.074958809
vt 0.769775391 0.232910156
vn 0.581956089 -0.770698547 0.259520859
v 0.113296524 0.307899475 0.081687935
vt 0.768798828 0.243896484
vn 0.449348569 -0.859280527 0.244382516
vt 0.746337891 0.245361328
v 0.089324966 0.294258118 0.068130501
vt 0.765380859 0.255859375
vn 0.376450390 -0.901912272 0.211753324
vt 0.750732422 0.256103516
v 0.118888870 0.319908142 0.108520515
vt 0.777099609 0.244140625
vn 0.543290257 -0.787377179 0.291329533
v 0.121879600 0.329063416 0.125762939
vt 0.782470703 0.244140625
vn -0.157622054 -0.977256954 -0.141859815
v 0.170028701 0.330535889 0.088058464
vt 0.790527344 0.221679688
vn 0.306687444 -0.023591379 -0.951517880
v 0.172393814 0.322868347 0.090393059
vt 0.794433594 0.226562500
vn -0.260733187 -0.845407546 -0.466159225
v 0.175140396 0.314613342 0.106048584
vt 0.798828125 0.234863281
vn -0.283534914 -0.913612485 -0.291410834
v 0.142852813 0.315513611 0.148162842
vt 0.797119141 0.258544922
vn -0.291546524 -0.937676728 -0.189111188
v 0.194213882 0.317276001 0.100891113
vt 0.804443359 0.223632812
vn 0.282207489 -0.658484399 -0.697679937
v 0.176269546 0.312080383 0.117469788
vt 0.802490234 0.238281250
vn -0.142031983 -0.978442788 -0.149922624
v 0.160964996 0.309959412 0.159133911
vt 0.811035156 0.258544922
vn -0.189023226 -0.976620197 -0.102387525
v 0.181930557 0.315956116 0.116058350
vt 0.804443359 0.234619141
vn 0.078545615 -0.958256423 -0.274909586
v 0.178817779 0.309188843 0.138916001
vt 0.810791016 0.243896484
vn 0.000000028 -0.992988288 -0.118212849
v 0.165695220 0.307960510 0.179229736
vt 0.817138672 0.264892578
vn -0.110400572 -0.993605554 0.023657333
v 0.138839751 0.314338684 0.162155151
vt 0.806152344 0.267089844
vn -0.354980588 -0.930837989 -0.086772956
v 0.197448745 0.337043762 0.099700920
vt 0.801513672 0.211669922
vn 0.503671587 0.102308296 -0.857815921
v 0.210983291 0.315330505 0.112518303
vt 0.813232422 0.222900391
vn 0.117724031 -0.949640512 -0.290385932
v 0.221542373 0.334487915 0.117012009
vt 0.815185547 0.211914062
vn 0.550515831 0.566244960 -0.613432109
v 0.194915801 0.306617737 0.175277695
vt 0.826660156 0.255126953
vn -0.007880587 -0.992957532 -0.118209191
v 0.187179595 0.307327271 0.186599717
vt 0.831054688 0.263183594
vn -0.173142463 -0.983764231 0.047220748
v 0.167511016 0.312835693 0.215576172
vt 0.824218750 0.280273438
vn -0.188865125 -0.975803435 0.110171422
v 0.214752227 0.303596497 0.233337387
vt 0.836181641 0.286621094
vn -0.164757729 -0.839480460 0.517810404
v 0.218200713 0.301750183 0.195419297
vt 0.839599609 0.259277344
vn -0.086773016 -0.986057222 -0.141992167
v 0.236602813 0.307144165 0.168075547
vt 0.837402344 0.239501953
vn -0.023630086 -0.984587789 -0.173287407
v 0.246322647 0.311782837 0.135314927
vt 0.830078125 0.221679688
vn 0.353695303 -0.699530840 -0.620931804
v 0.260910064 0.327003509 0.145080552
vt 0.839355469 0.215087891
vn 0.631489277 0.631489336 -0.449936271
v 0.232879654 0.334434509 0.145843491
vt 0.831298828 0.206298828
vn 0.259096563 0.965723753 -0.015702901
v 0.256393462 0.328125030 0.168273911
vt 0.848876953 0.208007812
vn 0.291546524 0.937676728 0.189111188
v 0.234252959 0.331886292 0.167236313
vt 0.842041016 0.200927734
vn 0.219975173 0.966319680 0.133556291
v 0.245117217 0.327224731 0.177871689
vt 0.850097656 0.201171875
vn 0.347828835 0.909098089 0.229250729
v 0.224350005 0.335037231 0.171173081
vt 0.841552734 0.196533203
vn 0.291510314 0.953317583 0.078786492
v 0.200180069 0.344058990 0.146255478
vt 0.822753906 0.194580078
vn 0.402361333 0.915174901 0.023668224
v 0.202667251 0.340187073 0.110298142
vt 0.805664062 0.206298828
vn 0.715825617 0.645029783 -0.267451465
v 0.224319488 0.334213257 0.181610093
vt 0.847167969 0.193359375
vn 0.299166232 0.936862767 0.181074232
v 0.225616485 0.327033997 0.208709702
vt 0.861328125 0.187500000
vn 0.323145360 0.914264977 0.244329348
v 0.189605743 0.344474792 0.177581772
vt 0.835937500 0.181640625
vn 0.486982763 0.856147110 0.172800243
v 0.199005142 0.352409363 0.130111679
vt 0.811767578 0.195312500
vn 0.968503952 0.141732335 0.204724267
v 0.198516861 0.355697632 0.109489426
vt 0.800781250 0.197753906
vn 0.900545835 0.181689128 -0.394976377
v 0.179595977 0.345161438 0.194717392
vt 0.843505859 0.173828125
vn 0.384281218 0.886199594 0.258801550
v 0.199951202 0.328491211 0.235504135
vt 0.871093750 0.178222656
vn 0.228085056 0.707850039 0.668524861
v 0.164520293 0.345546752 0.217514038
vt 0.856201172 0.167968750
vn 0.505901217 0.774661303 0.379425853
v 0.179351836 0.354095459 0.187667832
vt 0.836914062 0.173095703
vn 0.889075041 0.188830137 0.416999638
v 0.161697417 0.356620789 0.211853027
vt 0.846923828 0.160888672
vn 0.718095481 0.339319855 0.607619107
v 0.184600860 0.357818604 0.185073838
vt 0.833007812 0.172363281
vn 0.886444986 0.000000059 0.462833941
v 0.174545318 0.369506836 0.188278183
vt 0.831542969 0.164306641
vn 0.821935415 0.276612908 0.497903049
v 0.200485244 0.356266022 0.138687119
vt 0.812500000 0.189697266
vn 0.925468862 0.337247163 0.172544912
v 0.184646636 0.363906860 0.171859726
vt 0.825927734 0.173583984
vn 0.866356611 0.393798470 0.307162642
v 0.181991592 0.389785767 0.159606919
vt 0.813232422 0.166992188
vn 0.921231329 0.228339434 0.314950734
v 0.163116470 0.444110870 0.171218872
vt 0.807128906 0.137939453
vn 0.890537202 0.110332094 0.441328019
v 0.192291275 0.363140106 0.146423325
vt 0.813964844 0.183105469
vn 0.935356677 0.282965064 0.212223664
v 0.195648208 0.362304688 0.125640854
vt 0.804443359 0.189941406
vn 0.962871253 0.260448813 0.071031339
v 0.184967056 0.416311264 0.122184746
vt 0.789550781 0.168457031
vn 0.968503952 0.204724446 0.141732126
v 0.167816177 0.445419312 0.159667969
vt 0.801025391 0.142333984
vn 0.943916798 0.070793808 0.322504759
v 0.161666885 0.475692749 0.185363770
vt 0.805664062 0.122802734
vn 0.933943987 -0.054937825 0.353171974
v 0.174942032 0.475715637 0.145721421
vt 0.786621094 0.136230469
vn 0.956840813 -0.015685858 0.290189266
v 0.178268448 0.442367554 0.128387436
vt 0.786621094 0.154541016
vn 0.959441066 0.110099852 0.259520799
v 0.182022110 0.459484100 0.117889397
vt 0.777343750 0.149658203
vn 0.973245323 0.031395063 0.227613688
v 0.183837906 0.429010391 0.106292717
vt 0.779052734 0.166748047
vn 0.985076845 0.047283739 0.165492773
v 0.191696182 0.424449921 0.076011650
vt 0.763427734 0.169677734
vn 0.971035838 -0.031578347 0.236837864
v 0.193222046 0.443065643 0.068984978
vt 0.756347656 0.157958984
vn 0.980128467 0.062728271 0.188184530
v 0.186126724 0.474029541 0.092552178
vt 0.763916016 0.141357422
vn 0.977074921 0.133953854 0.165472224
v 0.204177856 0.417691231 0.017881382
vt 0.734619141 0.172607422
vn 0.982729971 0.039309248 0.180822179
vt 0.705078125 0.174316406
v 0.204071045 0.437713623 0.006700979
vt 0.726318359 0.160888672
vn 0.982001901 0.133552298 0.133552119
vt 0.710693359 0.156982422
v 0.193893433 0.472404480 0.038169846
vt 0.734130859 0.143066406
vn 0.968203902 0.228275746 0.102330349
v 0.176620498 0.506408691 0.115921006
vt 0.758789062 0.126220703
vn 0.967305303 0.220199630 0.125828177
v 0.197311401 0.467494965 -0.006918921
vt 0.713623047 0.146728516
vn 0.937676728 0.346704036 0.023638772
v 0.188995361 0.489273071 0.037010178
vt 0.728027344 0.137207031
vn 0.929018736 0.370032907 -0.000000138
vt 0.692871094 0.145263672
v 0.185974121 0.493171692 0.003011690
vt 0.711914062 0.134277344
vn 0.884057522 0.465708911 -0.039466988
vt 0.680908203 0.135253906
v 0.140716508 0.491462708 -0.272186279
vt 0.909667969 0.545166016
vn 0.536749125 0.749870241 -0.386775255
vt 0.893798828 0.558593750
vt 0.898437500 0.537353516
vt 0.906005859 0.561523438
vt 0.920166016 0.552978516
v 0.113952599 0.514480591 -0.258361816
vt 0.911621094 0.526611328
vn 0.418439835 0.828984737 -0.371069431
v 0.137512177 0.508079529 -0.239501953
vt 0.923828125 0.535156250
vn 0.549598873 0.777289927 -0.306205213
vt 0.936523438 0.534912109
vt 0.895996094 0.524414062
v 0.116699189 0.531570435 -0.210998535
vt 0.932373047 0.516601562
vn 0.471331686 0.832686126 -0.290654689
vt 0.955810547 0.512695312
v 0.087783776 0.530456543 -0.246261597
vt 0.912109375 0.509765625
vn 0.299444675 0.882574022 -0.362485826
vt 0.895019531 0.506591797
vt 0.916992188 0.484863281
v 0.105972260 0.545196533 -0.186218262
vt 0.940917969 0.504394531
vn 0.408891380 0.864962757 -0.290942103
v 0.078437775 0.561538696 -0.172775269
vt 0.940673828 0.485839844
vn 0.306431770 0.895723879 -0.322146356
v 0.095512368 0.568176270 -0.129684448
vt 0.963623047 0.486816406
vn 0.432802558 0.865605235 -0.251812518
vt 0.978759766 0.497070312
vt 0.987792969 0.484619141
v 0.084251381 0.586318970 -0.082542427
vt 0.984619141 0.472900391
vn 0.385337234 0.880771041 -0.275241017
v 0.063018769 0.574981689 -0.147048950
vt 0.950927734 0.473632812
vn 0.291410804 0.913612485 -0.283534974
v 0.058200814 0.588638306 -0.108131409
vt 0.968994141 0.463378906
vn 0.284178942 0.915688038 -0.284179091
v 0.033000920 0.588027954 -0.128250122
vt 0.955566406 0.456787109
vn 0.173029929 0.935934961 -0.306735069
v 0.041789979 0.569442749 -0.179779038
vt 0.931884766 0.468017578
vn 0.172544956 0.925468862 -0.337247193
v 0.002995945 0.596359253 -0.114021294
vt 0.952880859 0.438964844
vn 0.055109486 0.952608287 -0.299166262
v 0.022972088 0.604202271 -0.081916802
vt 0.962890625 0.436279297
vn 0.133849874 0.936949790 -0.322814703
vt 0.905761719 0.461425781
vt 0.892333984 0.479248047
v 0.000933141 0.581466675 -0.160888672
vt 0.929687500 0.448730469
vn 0.062799610 0.941995382 -0.329698384
v -0.036048919 0.584381104 -0.153991699
vt 0.926757812 0.431640625
vn -0.007865812 0.951753318 -0.306763500
v -0.031738311 0.569900513 -0.193756089
vt 0.913574219 0.444580078
vn -0.000000091 0.922375739 -0.386294156
vt 0.898193359 0.445312500
vt 0.256835938 0.545166016
vt 0.238769531 0.562500000
vt 0.249023438 0.540039062
v 0.167510986 0.523162842 -0.016288770
vt 0.254882812 0.563232422
vn 0.834930420 0.543492496 -0.086643860
v 0.156463608 0.530967712 -0.066528335
vt 0.266845703 0.550292969
vn 0.781030118 0.623246372 -0.039446097
vt 0.264160156 0.546142578
vt 0.269042969 0.548339844
v 0.141647324 0.557250977 -0.020431530
vt 0.271728516 0.569091797
vn 0.761892319 0.628364921 -0.157091349
v 0.136749253 0.553771973 -0.064933784
vt 0.277832031 0.553955078
vn 0.717046857 0.685528338 0.126074046
v 0.164779663 0.541244507 0.048931107
vt 0.248779297 0.586669922
vn 0.872475445 0.479468554 -0.094321810
v 0.137390122 0.557785034 -0.068244942
vt 0.279296875 0.552734375
vn 0.677228391 0.732351661 0.070872620
vt 0.269775391 0.544433594
vt 0.280273438 0.545898438
v 0.133514389 0.560516357 -0.044658672
vt 0.278076172 0.562011719
vn 0.699984968 0.699985087 -0.141570106
v 0.116767868 0.570953369 -0.066856392
vt 0.288085938 0.557128906
vn 0.600813985 0.790544748 -0.118581839
v 0.120086655 0.571746826 -0.072029121
vt 0.287597656 0.554687500
vn 0.535948336 0.843330622 -0.039408080
vt 0.289794922 0.549316406
vt 0.293212891 0.552246094
v 0.090835556 0.595977783 -0.041049961
vt 0.299560547 0.570312500
vn 0.511795163 0.810998559 -0.283455878
v 0.114410385 0.580459595 -0.036251076
vt 0.287597656 0.568847656
vn 0.643974602 0.730361521 -0.227747247
vt 0.303710938 0.555419922
v 0.123130791 0.582366943 -0.005998144
vt 0.281250000 0.578857422
vn 0.725331903 0.646491587 -0.236521423
v 0.107086174 0.602890015 0.007975571
vt 0.288818359 0.587646484
vn 0.608320355 0.734724641 -0.300210208
v 0.068946823 0.608123779 -0.038394928
vt 0.309326172 0.574218750
vn 0.376508147 0.862831354 -0.337288707
v 0.146453857 0.563949585 0.022478092
vt 0.264892578 0.583251953
vn 0.781419277 0.591984451 -0.197328255
v 0.155624390 0.546524048 0.010197627
vt 0.259765625 0.575927734
vn 0.820220888 0.552071869 -0.149848193
v 0.153427124 0.559677124 0.043708790
vt 0.258056641 0.588623047
vn 0.842519641 0.519685090 -0.141732410
v 0.131896973 0.600982666 0.071098320
vt 0.270263672 0.605957031
vn 0.804622531 0.560080469 -0.197211549
v 0.149642944 0.581604004 0.106048569
vt 0.253662109 0.611572266
vn 0.888854921 0.448360503 -0.094391823
v 0.169403076 0.535568237 0.077148423
vt 0.239990234 0.593994141
vn 0.912057996 0.408853590 -0.031450413
vt 0.229980469 0.572021484
v 0.179199219 0.511390686 0.076545700
vt 0.230712891 0.589355469
vn 0.949128389 0.308466733 0.063275084
vt 0.223388672 0.570556641
vt 0.220947266 0.601562500
v 0.163894668 0.548599243 0.108200058
vt 0.239746094 0.605712891
vn 0.931679010 0.363196939 0.007895447
v 0.165725723 0.539993286 0.132843018
vt 0.230957031 0.611572266
v 0.152374282 0.581085205 0.140396103
vt 0.244628906 0.621337891
vn 0.943129361 0.330095291 -0.039297193
v 0.162445083 0.543823242 0.156356812
vt 0.228027344 0.618896484
vn 0.966438949 0.235716864 0.102143809
v 0.169921890 0.507102966 0.156158432
vt 0.215576172 0.614990234
vn 0.971520424 0.142173767 0.189564839
vt 0.205810547 0.601562500
vt 0.199462891 0.607421875
vt 0.201904297 0.613525391
v 0.163146988 0.515289307 0.181198120
vt 0.211914062 0.621337891
vn 0.952696919 0.086608864 0.291320413
vt 0.200195312 0.626708984
v 0.153152481 0.568939209 0.183410645
vt 0.229980469 0.630126953
vn 0.966707587 0.188625932 0.172906905
v 0.151062027 0.585525513 0.162887558
vt 0.240234375 0.628417969
vn 0.966707587 0.251501173 0.047156330
v 0.141616836 0.617858887 0.169189438
vt 0.249267578 0.636962891
vn 0.962541461 0.268249273 -0.039448559
v 0.133483902 0.636688232 0.152130112
vt 0.260498047 0.636474609
vn 0.934635043 0.306309015 -0.180643901
v 0.133041397 0.650985718 0.172271714
vt 0.257080078 0.645996094
vn 0.963261306 0.244763151 -0.110538311
v 0.119178779 0.694641113 0.160430893
vt 0.271972656 0.655761719
vn 0.924013793 0.300107092 -0.236926779
v 0.138351455 0.611923218 0.127883896
vt 0.259277344 0.624267578
vn 0.897721291 0.401612222 -0.181119367
v 0.124572754 0.648742676 0.135116562
vt 0.269531250 0.634277344
vn 0.872232974 0.337892056 -0.353608131
v 0.138961792 0.601150513 0.103385918
vt 0.261718750 0.614990234
vn 0.856967032 0.479587108 -0.188690141
v 0.125411987 0.624206543 0.105323784
vt 0.270507812 0.620605469
vn 0.836801589 0.481555670 -0.260513842
v 0.101448067 0.712219238 0.132751450
vt 0.286621094 0.652587891
vn 0.832275391 0.337621152 -0.439692795
v 0.097633369 0.736480713 0.148330674
vt 0.288574219 0.664550781
vn 0.825314641 0.440167814 -0.353706419
v 0.114356995 0.639083862 0.099449150
vt 0.278076172 0.622558594
vn 0.794487774 0.487705439 -0.361846089
v 0.118934631 0.623123169 0.082832329
vt 0.276855469 0.614501953
vn 0.762551248 0.581740260 -0.283008844
v 0.118148804 0.613815308 0.060188286
vt 0.279785156 0.606201172
v 0.099693298 0.644744873 0.079246514
vt 0.288085938 0.618652344
vn 0.727210224 0.561216652 -0.395223081
v 0.103553772 0.658996582 0.100120537
vt 0.284912109 0.627929688
vn 0.803373754 0.362305850 -0.472573012
v 0.107284546 0.621582031 0.051681507
vt 0.286132812 0.605224609
vn 0.654986501 0.686552167 -0.315656304
v 0.092781067 0.642654419 0.064430229
vt 0.292968750 0.614013672
vn 0.628345430 0.636199772 -0.447696269
v 0.082389832 0.665557861 0.076004021
vt 0.297851562 0.623291016
vn 0.687752306 0.450596422 -0.569174528
v 0.084274292 0.698669434 0.098442063
vt 0.297363281 0.639404297
vn 0.699314713 0.392873496 -0.597167850
v 0.094406120 0.627960205 0.041740410
vt 0.293457031 0.603759766
vn 0.566788554 0.732101977 -0.377859205
v 0.083908074 0.625793457 0.022083277
vt 0.299560547 0.597412109
vn 0.495051086 0.793653488 -0.353608102
v 0.067687981 0.646148682 0.039394375
vt 0.306152344 0.607177734
vn 0.494699925 0.730271399 -0.471142977
v 0.069610596 0.661468506 0.058975216
vt 0.304687500 0.617187500
vn 0.566770911 0.574642897 -0.590386629
v 0.066757202 0.680236816 0.070785515
vt 0.306152344 0.625976562
vn 0.551249325 0.464624494 -0.692999423
v 0.049354549 0.662658691 0.044509884
vt 0.314208984 0.613769531
vn 0.400520742 0.651828051 -0.643974781
v 0.061088551 0.627380371 -0.001106980
vt 0.311279297 0.590820312
vn 0.353793651 0.841242909 -0.408828408
v 0.046901695 0.644912720 0.020492552
vt 0.316406250 0.602050781
vn 0.315351844 0.788379848 -0.528214574
v 0.044586167 0.619628906 -0.031181339
vt 0.319335938 0.579101562
vn 0.259577036 0.888854980 -0.377566785
v 0.051673871 0.604522705 -0.064239502
vt 0.317138672 0.564208984
vn 0.251718879 0.912481189 -0.322514951
vt 0.312988281 0.548583984
vt 0.321777344 0.543945312
vt 0.329833984 0.558349609
v 0.024082171 0.624496460 -0.029638289
vt 0.327636719 0.580810547
vn 0.142085001 0.907765925 -0.394680887
v 0.030872334 0.637817383 0.000610769
vt 0.323730469 0.594238281
vn 0.220356271 0.857815862 -0.464322388
v 0.013697616 0.655441284 0.019577028
vt 0.330322266 0.605224609
vn 0.188190326 0.768444300 -0.611618996
v 0.000929822 0.642471313 -0.001628752
vt 0.335937500 0.594970703
vn 0.094770536 0.852935791 -0.513341010
v -0.003043313 0.608139038 -0.076591484
vt 0.340087891 0.562744141
vn 0.031424943 0.934894562 -0.353531629
vt 0.340087891 0.547851562
v -0.054199237 0.603759766 -0.089546189
vt 0.360839844 0.557617188
vn -0.023650741 0.946026325 -0.323225677
v -0.004198326 0.627517700 -0.029775614
vt 0.339355469 0.582031250
vn 0.039471675 0.899956405 -0.434189528
v -0.037899032 0.626602173 -0.031555168
vt 0.353271484 0.581787109
vn -0.015781429 0.915317416 -0.402424067
v -0.033744823 0.641510010 -0.005026332
vt 0.349365234 0.593994141
vn -0.023536941 0.855171680 -0.517810404
v -0.030376444 0.654144287 0.011922844
vt 0.348144531 0.602783203
vn -0.031445529 0.770412564 -0.636769652
v -0.069801338 0.640182495 -0.000803397
vt 0.364990234 0.596435547
vn -0.149643525 0.850604653 -0.504062057
v -0.062591568 0.620666504 -0.042831410
vt 0.363769531 0.577148438
vn -0.101952247 0.917569458 -0.384281248
v -0.082588211 0.605850220 -0.075073227
vt 0.372070312 0.562744141
vn -0.134187385 0.939311087 -0.315734833
v -0.067688011 0.589141846 -0.134521469
vt 0.369384766 0.546142578
vn -0.086408250 0.950489879 -0.298500985
v -0.091629043 0.623504639 -0.025249464
vt 0.375488281 0.583984375
vn -0.228261635 0.897304058 -0.377812237
v -0.096359283 0.576904297 -0.160201997
vt 0.390136719 0.541015625
vn -0.189612344 0.932260275 -0.308119953
v -0.106147788 0.599929810 -0.078964211
vt 0.381103516 0.563476562
vn -0.244359851 0.922261059 -0.299537778
v -0.128082290 0.596908569 -0.066024758
vt 0.390869141 0.566406250
vn -0.354759961 0.890841424 -0.283807844
v -0.131317168 0.578704834 -0.123382546
vt 0.397216797 0.546875000
vn -0.299249828 0.913499177 -0.275624722
v -0.153854385 0.571884155 -0.112617463
vt 0.405517578 0.549804688
vn -0.433649361 0.867298603 -0.244420499
v -0.122962967 0.613235474 -0.025699593
vt 0.389160156 0.582275391
vn -0.379070848 0.860806525 -0.339584172
v -0.146224990 0.591751099 -0.053955052
vt 0.400634766 0.568359375
vn -0.465781480 0.852616847 -0.236837998
v -0.159362808 0.578277588 -0.075729340
vt 0.407958984 0.560302734
vn -0.545186400 0.821730137 -0.165926233
v -0.165969864 0.570373535 -0.092544526
vt 0.411376953 0.554931641
vn -0.449656129 0.851979911 -0.268215865
v -0.142532364 0.600753784 -0.031978581
vt 0.397705078 0.577636719
vn -0.487645179 0.825850606 -0.283148706
v -0.160385147 0.586151123 -0.040657014
vt 0.406494141 0.572998047
vn -0.589073956 0.777577519 -0.219920874
v -0.110847481 0.629165649 0.000862320
vt 0.383300781 0.593994141
vn -0.345686078 0.848502040 -0.400681466
v -0.168762222 0.575927734 -0.079917878
vt 0.413818359 0.558105469
vn -0.496602148 0.867083073 -0.039412841
v -0.176254287 0.567825317 -0.092979401
vt 0.416015625 0.553955078
vn -0.424565673 0.833406508 -0.353804618
v -0.192962661 0.556228638 -0.091918916
vt 0.421875000 0.552246094
vn -0.669914663 0.732965410 -0.118220173
v -0.102165230 0.642440796 0.017822282
vt 0.378906250 0.602539062
vn -0.321947724 0.816647589 -0.478995264
v -0.127258301 0.631057739 0.020900749
vt 0.389892578 0.601318359
vn -0.465245366 0.788551331 -0.402161151
v -0.146911636 0.611526489 0.003517414
vt 0.399169922 0.592041016
vn -0.544710517 0.773646712 -0.323668510
v -0.122032173 0.652389526 0.049739856
vt 0.387695312 0.615966797
vn -0.525736928 0.674826384 -0.517889977
v -0.160095230 0.594985962 -0.013713810
vt 0.405517578 0.582763672
vn -0.624960124 0.735712528 -0.261059195
v -0.148788452 0.632064819 0.051960014
vt 0.400390625 0.612304688
vn -0.599243224 0.709630072 -0.370584518
v -0.169937134 0.609191895 0.044750243
vt 0.412109375 0.605224609
vn -0.687387466 0.671585321 -0.276535094
v -0.184326187 0.567932129 -0.032817811
vt 0.417480469 0.573730469
vn -0.702181995 0.694292247 -0.157793641
v -0.184432998 0.576171875 -0.001070706
vt 0.419189453 0.584960938
vn -0.716713369 0.661581397 -0.220527098
v -0.160385132 0.635650635 0.081108123
vt 0.408447266 0.621582031
vn -0.723781586 0.605773628 -0.330421925
v -0.188339233 0.582809448 0.031433139
vt 0.422851562 0.596435547
vn -0.768491626 0.603814781 -0.211727202
v -0.142059326 0.651458740 0.072402976
vt 0.398437500 0.622558594
vn -0.678597391 0.568128049 -0.465549320
v -0.179534912 0.618331909 0.097763091
vt 0.420410156 0.623046875
vn -0.789952576 0.568765759 -0.229086161
v -0.203979492 0.555160522 0.008881604
vt 0.431884766 0.584472656
vn -0.789952517 0.592464328 -0.157990411
v -0.193145752 0.591491699 0.078826934
vt 0.428955078 0.612548828
vn -0.835760534 0.528263628 -0.149806052
v -0.161773682 0.649826050 0.103263885
vt 0.409912109 0.631103516
vn -0.800375640 0.478655934 -0.360953599
v -0.189147949 0.613159180 0.125022918
vt 0.427734375 0.631103516
vn -0.873907447 0.440890193 -0.204698920
v -0.214645386 0.547485352 0.040748633
vt 0.441406250 0.592041016
vn -0.858480811 0.504061997 -0.094511554
v -0.216293335 0.536697388 0.003652610
vt 0.439941406 0.579589844
vn -0.832994819 0.542232335 -0.110018082
v -0.216491714 0.530876160 -0.030132256
vt 0.434570312 0.568359375
vn -0.789337099 0.607789516 -0.086827010
v -0.204544067 0.576766968 0.102310218
vt 0.439453125 0.617675781
vn -0.898864746 0.433662772 -0.063078128
v -0.221145630 0.540054321 0.072402991
vt 0.450683594 0.601318359
vn -0.905063093 0.424986124 -0.015740126
v -0.220947251 0.538955688 0.107696570
vt 0.455322266 0.614013672
vn -0.934635103 0.353433430 0.039270490
v -0.202453628 0.543624878 -0.065154992
vt 0.428222656 0.561523438
vn -0.741146147 0.670185208 -0.039422598
v -0.208450332 0.537048340 -0.069618188
vt 0.431396484 0.558837891
vn -0.762905002 0.637064934 0.110110067
v -0.204910263 0.580001831 0.147125274
vt 0.444824219 0.631591797
vn -0.940483809 0.339838654 0.000000108
v -0.183471695 0.562316895 -0.064475983
vt 0.419189453 0.562255859
vn -0.615031898 0.788502336 0.000000046
v -0.210723862 0.558517456 0.155868575
vt 0.456298828 0.632324219
vn -0.960243046 0.259737819 0.102321088
v -0.223678574 0.523704529 0.131881759
vt 0.464843750 0.618408203
vn -0.959589362 0.251695514 0.125847876
v -0.218154892 0.526275635 0.162414595
vt 0.466308594 0.631347656
vn -0.961823404 0.204978719 0.181327462
v -0.197128281 0.599868774 0.137634307
vt 0.435546875 0.634521484
vn -0.928817272 0.362081289 -0.078713223
v -0.196517929 0.606582642 0.167816192
vt 0.444824219 0.640136719
vn -0.959114790 0.283017427 0.000000113
v -0.188415512 0.631179810 0.160583526
vt 0.431884766 0.643066406
vn -0.944442868 0.314814240 -0.094444171
v -0.182723984 0.649230957 0.160400420
vt 0.427490234 0.644775391
vn -0.944647729 0.283394247 -0.165313229
v -0.177291855 0.649673462 0.140716583
vt 0.420654297 0.641601562
vn -0.889212728 0.346242070 -0.299027175
v -0.167007446 0.654037476 0.119102508
vt 0.412841797 0.636962891
vn -0.843933702 0.354925305 -0.402248621
v -0.163848877 0.699768066 0.150100723
vt 0.411376953 0.660156250
vn -0.887428522 0.329840630 -0.321987212
v -0.143280029 0.720245361 0.125595108
vt 0.396972656 0.657470703
vn -0.779141307 0.393505633 -0.487946987
v -0.150253296 0.668060303 0.099929832
vt 0.402832031 0.635009766
vn -0.766015053 0.386955947 -0.513308883
v -0.131958008 0.667663574 0.076110855
vt 0.392822266 0.627929688
vn -0.668194473 0.463805467 -0.581722140
v -0.132171631 0.700317383 0.097511306
vt 0.392089844 0.643310547
vn -0.679274499 0.410724014 -0.608187497
v -0.149002075 0.734497070 0.150634781
vt 0.399658203 0.669677734
vn -0.820450604 0.441781014 -0.362891525
v -0.132324219 0.751525879 0.140029922
vt 0.392578125 0.671630859
vn -0.650805354 0.595918119 -0.470461607
v -0.117729187 0.676727295 0.069145218
vt 0.385498047 0.629150391
vn -0.537772238 0.498230010 -0.680123508
v -0.119400024 0.730102539 0.105476394
vt 0.385742188 0.654541016
vn -0.605474055 0.487524420 -0.629063725
v -0.109077454 0.756958008 0.120658889
vt 0.380371094 0.666748047
vn -0.487584859 0.621277332 -0.613412976
v -0.106315613 0.766815186 0.131393448
vt 0.378906250 0.673339844
vn -0.479943275 0.723848701 -0.495678991
v -0.101242065 0.731170654 0.092521682
vt 0.376953125 0.650878906
vn -0.473513842 0.520865023 -0.710270524
v -0.077507019 0.769714355 0.113861091
vt 0.366455078 0.668212891
vn -0.346285135 0.747660756 -0.566648126
v -0.103630066 0.777496338 0.145156875
vt 0.377441406 0.680419922
vn -0.457047343 0.772252262 -0.441286981
v -0.069488525 0.789031982 0.136947647
vt 0.362060547 0.680664062
vn -0.283438295 0.834568083 -0.472397029
v -0.076721191 0.755004883 0.097511299
vt 0.366210938 0.659423828
vn -0.331325620 0.638984859 -0.694205821
v -0.044452671 0.773559570 0.104240425
vt 0.352539062 0.666503906
vn -0.196170583 0.753294647 -0.627745509
v -0.038265228 0.788269043 0.122413643
vt 0.348876953 0.676025391
vn -0.094626270 0.843749940 -0.528329432
v -0.030664442 0.803131104 0.149505615
vt 0.344238281 0.687744141
vn -0.062757254 0.933512747 -0.353009075
v -0.007012367 0.792877197 0.130111694
vt 0.336181641 0.678955078
vn 0.149227336 0.856094301 -0.494806856
v -0.014624598 0.771789551 0.099601746
vt 0.340332031 0.663818359
vn 0.086472102 0.738944352 -0.668194413
v -0.034172062 0.757873535 0.085632332
vt 0.348876953 0.656494141
vn -0.110212453 0.645529211 -0.755741656
v 0.014121054 0.770263672 0.106781006
vt 0.328369141 0.665039062
vn 0.275932789 0.725309372 -0.630703926
v 0.031642914 0.785186768 0.137527466
vt 0.319824219 0.678710938
vn 0.331067979 0.811905026 -0.480837047
v 0.038208008 0.762054443 0.111076348
vt 0.318115234 0.663818359
vn 0.395037740 0.695266664 -0.600457668
v 0.061069489 0.757202148 0.122650139
vt 0.307861328 0.665283203
vn 0.512033224 0.638072312 -0.575052917
v 0.059135441 0.774322510 0.144760117
vt 0.307128906 0.677001953
vn 0.497220308 0.741884410 -0.449866146
v 0.036880489 0.743316650 0.092575066
vt 0.319335938 0.652832031
vn 0.401350826 0.590221882 -0.700396776
v 0.080131531 0.756439209 0.143814072
vt 0.297363281 0.671142578
vn 0.659701645 0.620433748 -0.424094111
v 0.006599422 0.744628906 0.080009460
vt 0.332275391 0.649902344
vn 0.267211616 0.589437604 -0.762339473
v -0.006294732 0.738830566 0.072280884
vt 0.337890625 0.645996094
vn 0.141207829 0.549142003 -0.823713243
v 0.084197998 0.731231689 0.121482834
vt 0.297363281 0.656250000
vn 0.679528713 0.481991440 -0.553104937
v 0.063789368 0.728912354 0.099914543
vt 0.307128906 0.649658203
vn 0.557226956 0.494440973 -0.667102933
v 0.047531124 0.720886230 0.082908623
vt 0.314941406 0.642822266
vn 0.472031325 0.479898632 -0.739515960
v 0.028652187 0.724151611 0.074691765
vt 0.322998047 0.641845703
vn 0.354418546 0.504061997 -0.787597060
v 0.046432491 0.681915283 0.058319088
vt 0.315429688 0.623291016
vn 0.417426288 0.504061997 -0.756093204
v 0.021642679 0.689056396 0.051036835
vt 0.326416016 0.624267578
vn 0.268224120 0.504892647 -0.820450723
v 0.024724953 0.667755127 0.036643982
vt 0.325195312 0.613525391
vn 0.275453836 0.613868833 -0.739790738
v -0.011413582 0.667205811 0.026906973
vt 0.340576172 0.611083984
vn 0.125980243 0.669270575 -0.732260883
v -0.000805504 0.683502197 0.041095737
vt 0.335937500 0.619873047
vn 0.157168686 0.565807700 -0.809419453
v -0.014914519 0.699096680 0.048191074
vt 0.341796875 0.626953125
vn 0.078867264 0.504751325 -0.859654665
v -0.027811058 0.677276611 0.034778602
vt 0.347167969 0.616455078
vn -0.047086850 0.627822816 -0.776930869
v -0.068588264 0.661254883 0.027790083
vt 0.364013672 0.610595703
vn -0.196899340 0.708837211 -0.677333355
v -0.031097418 0.730651855 0.065750130
vt 0.348144531 0.642333984
vn -0.055221055 0.520654321 -0.851979911
v -0.047698982 0.684173584 0.041591655
vt 0.354736328 0.620849609
vn -0.173513815 0.520540953 -0.836020470
v -0.053890232 0.735748291 0.073219307
vt 0.357177734 0.646240234
vn -0.228233427 0.550907850 -0.802751541
v -0.075080879 0.731323242 0.077850349
vt 0.365722656 0.645751953
vn -0.337060690 0.509510159 -0.791700423
v -0.076179512 0.682525635 0.048671737
vt 0.366943359 0.622802734
vn -0.306934565 0.535167634 -0.787011325
v -0.100135803 0.693237305 0.067367569
vt 0.376953125 0.632080078
vn -0.433662921 0.488856196 -0.756938636
v -0.095069893 0.671539307 0.049358383
vt 0.375488281 0.620117188
vn -0.394349366 0.583636880 -0.709828615
v -0.097373970 0.657287598 0.036491409
vt 0.376708984 0.612060547
vn -0.354848236 0.717581749 -0.599299014
v 0.438461334 0.233963028 0.090949975
vt 0.103271484 0.823730469
vn 0.875047326 -0.244382501 0.417815238
vt 0.103027344 0.806640625
vt 0.125000000 0.812744141
v 0.457778960 0.287948638 0.083030663
vt 0.118896484 0.843017578
vn 0.836540997 0.363027245 0.410378397
vt 0.135986328 0.833251953
v 0.436264068 0.244064346 0.107147180
vt 0.097900391 0.830322266
vn 0.955097854 -0.221014291 0.197334141
v 0.409072876 0.297668457 0.066322297
vt 0.132812500 0.861328125
vn 0.110181570 0.983764231 0.141661972
vt 0.154785156 0.842285156
vt 0.145751953 0.869384766
v 0.448928863 0.288375884 0.101890527
vt 0.109863281 0.848388672
vn 0.818872333 0.511795282 0.259834349
v 0.409835845 0.294494659 0.094940156
vt 0.119873047 0.863769531
vn 0.133375362 0.988547087 0.070610441
v 0.380050689 0.297699004 0.088767976
vt 0.125000000 0.876708984
vn 0.054926001 0.996515274 0.062772565
v 0.320724517 0.299819946 0.079566933
vt 0.137695312 0.903076172
vn 0.007873485 0.999938011 0.007873483
vt 0.162109375 0.884033203
v 0.393295318 0.296134979 0.113281220
vt 0.113281250 0.873535156
vn 0.118198164 0.992864966 -0.015759818
v 0.258743316 0.299636871 0.094001755
vt 0.143798828 0.930664062
vn -0.023614774 0.999690175 -0.007871618
v 0.447036773 0.288986236 0.115035973
vt 0.103759766 0.851074219
vn 0.702948034 0.710846424 -0.023695003
v 0.373092681 0.297882110 0.115264863
vt 0.114746094 0.883789062
vn 0.047191415 0.998885930 -0.000000050
v 0.269149810 0.300025970 0.199249253
vt 0.090576172 0.943847656
vn 0.031479437 0.999473393 0.007869822
v 0.242218047 0.299636841 0.191497788
vt 0.098876953 0.953369141
v 0.349746734 0.298919708 0.186202973
vt 0.086914062 0.905761719
vn 0.023614686 0.999690175 0.007871530
v 0.418502837 0.294700652 0.142990068
vt 0.095947266 0.869140625
vn 0.094735153 0.994719684 -0.039473057
v 0.389724761 0.297302276 0.175979584
vt 0.084228516 0.887207031
vn 0.055034529 0.998484433 -0.000000051
v 0.448013335 0.290756255 0.133483842
vt 0.095458984 0.854736328
vn 0.990255177 0.133605897 -0.039295979
v 0.435684234 0.245651260 0.119232140
vt 0.093017578 0.832763672
vn 0.970672905 -0.220966130 -0.094699912
v 0.444595367 0.293724090 0.162658647
vt 0.083007812 0.861328125
vn 0.700505137 0.708376050 0.086579166
v 0.437973052 0.234512344 0.151275605
vt 0.076416016 0.834960938
vn 0.987286627 -0.142169222 0.071084514
v 0.431961089 0.230697647 0.114532433
vt 0.092041016 0.825195312
vn 0.975169599 -0.220199540 0.023592694
vt 0.094482422 0.795410156
v 0.410202056 0.127990752 0.119224526
vt 0.069335938 0.782470703
vn 0.801858068 -0.597462833 -0.007861433
vt 0.076660156 0.777832031
v 0.430862457 0.192626968 0.160705537
vt 0.064697266 0.819091797
vn 0.977621377 -0.204985082 -0.047304381
v 0.416275054 0.131011993 0.163085908
vt 0.050537109 0.793212891
vn 0.545118272 -0.837428033 0.039501287
v 0.431472808 0.224243194 0.197189301
vt 0.053710938 0.838867188
vn 0.984587789 -0.102397069 0.141780496
v 0.420455962 0.163497955 0.187103242
vt 0.047363281 0.811279297
vn 0.959441066 -0.259520888 0.110099681
v 0.409988433 0.131530792 0.202667207
vt 0.036376953 0.798828125
vn 0.712723374 -0.673562586 0.195803031
v 0.425033599 0.186309844 0.214691132
vt 0.039062500 0.825439453
vn 0.866356671 -0.307162732 0.393798321
v 0.427078277 0.189880401 0.204376191
vt 0.044677734 0.825439453
vn 0.978077412 -0.189305261 0.086764812
v 0.425949126 0.196395904 0.217956513
vt 0.039794922 0.830322266
vn 0.942082465 -0.094208173 0.321878016
v 0.427871734 0.231353790 0.219131440
vt 0.044921875 0.845214844
vn 0.866786897 -0.047279224 0.496432364
v 0.433639556 0.293800384 0.217513993
vt 0.059082031 0.871582031
vn 0.907737672 0.086827137 0.410455137
v 0.437057525 0.294853240 0.205001786
vt 0.064453125 0.868896484
vn 0.986333430 -0.047343954 0.157813206
v 0.427536041 0.294425994 0.212737992
vt 0.062744141 0.874023438
vn 0.055032834 0.998453617 0.007861788
v 0.399581939 0.295860320 0.238021806
vt 0.057617188 0.889892578
vn 0.070653968 0.997006595 0.031401731
v 0.412857085 0.293739349 0.261260927
vt 0.047119141 0.886962891
vn 0.810521305 0.299027324 0.503624737
v 0.390213042 0.293853790 0.292632997
vt 0.037597656 0.902343750
vn 0.645569324 0.606205344 0.464494854
v 0.369522125 0.295623809 0.293823183
vt 0.039550781 0.911621094
vn 0.078958273 0.994874716 0.063166596
v 0.367874175 0.297164947 0.260803163
vt 0.052734375 0.906738281
vn 0.039328609 0.998947680 0.023597142
v 0.327499449 0.296867400 0.318084717
vt 0.036376953 0.932617188
vn 0.039295804 0.998114347 0.047154959
v 0.304428130 0.299240142 0.254577637
vt 0.063720703 0.934326172
vn 0.015744086 0.999752104 0.015744083
v 0.244018599 0.298698455 0.318389893
vt 0.047607422 0.967773438
vn 0.015738238 0.999380589 0.031476505
v 0.254287750 0.299774170 0.221878037
vt 0.078369141 0.956298828
v 0.180481002 0.299064666 0.301818848
vt 0.060791016 0.994140625
vn -0.007873815 0.999969006 -0.000000043
v 0.234863311 0.299530029 0.226242051
vt 0.081054688 0.964111328
vn -0.023615502 0.999721110 -0.000000041
v 0.240661651 0.304145813 0.229537949
vt 0.082519531 0.964111328
vn 0.284738600 -0.134459794 0.949128330
v 0.224884063 0.300453186 0.225112900
vt 0.080566406 0.966552734
vn -0.150044128 -0.987132728 0.055279493
vt 0.082519531 0.973876953
v 0.173126251 0.313377380 0.230392441
vt 0.081542969 0.991943359
vn -0.236948669 -0.418609530 0.876710594
vt 0.079833984 0.994873047
vt 0.086181641 0.982910156
v 0.222427398 0.320671082 0.232406601
vt 0.085449219 0.970947266
vn 0.393408269 0.684530318 0.613716722
vt 0.089599609 0.971679688
v 0.251571685 0.309249878 0.221298203
vt 0.083984375 0.960205078
vn 0.534770429 0.660598695 0.526906073
v 0.257583648 0.318862945 0.192382798
vt 0.088867188 0.960449219
vn 0.432094157 0.856332064 0.282825172
vt 0.092285156 0.964599609
v 0.265640289 0.309524566 0.202117905
vt 0.086181641 0.953613281
vn 0.728737235 0.514868677 0.451500028
v 0.270462066 0.311775237 0.186737046
vt 0.089843750 0.954833984
vn 0.690690219 0.651446462 0.313949972
vt 0.093261719 0.962890625
v 0.272781402 0.305618316 0.171508774
vt 0.095947266 0.952880859
vn 0.946644247 -0.299770653 -0.118330643
v 0.270980865 0.320533782 0.170700058
vt 0.094238281 0.958984375
vn 0.866437256 0.496232271 -0.055137049
vt 0.095703125 0.969238281
v 0.265762359 0.308410674 0.152130112
vt 0.096923828 0.961914062
vn 0.393737346 -0.826848567 -0.401612163
v 0.211624175 0.116027832 0.182601929
vt 0.149414062 0.622070312
vn 0.094385885 -0.991051257 0.094385862
vt 0.186767578 0.611328125
vt 0.196533203 0.642333984
v 0.170837432 0.108978271 0.157409668
vt 0.146972656 0.601806641
vt 0.151367188 0.566894531
v 0.137847945 0.110656738 0.203948990
vt 0.124755859 0.604248047
vn 0.102093600 -0.989522040 0.102093570
v 0.206558272 0.119415283 0.233398438
vt 0.128662109 0.634521484
vn 0.078818440 -0.993111670 0.086700261
v 0.259201080 0.122528076 0.207244873
vt 0.154052734 0.644042969
vn 0.078916550 -0.994347930 0.071024887
v 0.334854156 0.125793457 0.185012802
vt 0.184082031 0.661865234
vn 0.071104653 -0.995464504 0.063204132
vt 0.224365234 0.657958984
vt 0.229736328 0.663574219
vt 0.224121094 0.668945312
vt 0.210937500 0.683593750
v 0.366653472 0.129241973 0.209716782
vt 0.184326172 0.680175781
vn 0.054973494 -0.997375369 0.047120132
vt 0.198486328 0.693847656
v 0.317947417 0.128906250 0.248107895
vt 0.158203125 0.674316406
vn 0.054951474 -0.996975780 0.054951459
v 0.261459410 0.127593994 0.288330078
vt 0.127929688 0.667236328
v 0.236694396 0.128509521 0.314666748
vt 0.111816406 0.668212891
vn 0.047274936 -0.992772460 0.110308088
v 0.185287520 0.123260498 0.291595459
vt 0.105224609 0.645996094
vn 0.062978521 -0.991910815 0.110212348
v 0.277725279 0.130310059 0.315124512
vt 0.123779297 0.680175781
vn 0.039261956 -0.997252405 0.062819086
v 0.252151549 0.134368926 0.351074219
vt 0.105468750 0.683837891
vn 0.196673796 -0.770960808 0.605754972
v 0.202056944 0.133636504 0.362548828
vt 0.093994141 0.673583984
vn 0.110157795 -0.912735283 0.393420398
v 0.276687682 0.132568359 0.337219238
vt 0.116943359 0.687255859
vn 0.377777308 -0.535184264 0.755554318
v 0.252273619 0.171051055 0.364288330
vt 0.098632812 0.699462891
vn 0.378657848 -0.299770653 0.875645936
v 0.330703795 0.131896973 0.315185547
vt 0.139648438 0.695800781
vn 0.314882636 -0.818694592 0.480195910
v 0.295486510 0.198028594 0.343597412
vt 0.114990234 0.717529297
vn 0.488977969 -0.220828652 0.843881071
v 0.242401183 0.208313018 0.381134033
vt 0.087890625 0.714599609
vn 0.440167934 -0.212223709 0.872475445
v 0.308090270 0.164016753 0.331329346
vt 0.125000000 0.705322266
vn 0.378234446 -0.189117104 0.906186283
v 0.250198424 0.230850250 0.382751465
vt 0.088623047 0.725830078
vn 0.504140377 -0.220561311 0.834982276
v 0.340683043 0.178741485 0.320312440
vt 0.139160156 0.714599609
vn 0.591046274 -0.204895943 0.780180871
v 0.326797545 0.212539703 0.333282471
vt 0.128906250 0.727539062
vn 0.447365195 -0.164818645 0.879033089
v 0.346542418 0.131561309 0.288879335
vt 0.152587891 0.695068359
vn 0.617030025 -0.680315018 0.395531952
v 0.302932799 0.228179961 0.346618652
vt 0.115722656 0.730712891
vn 0.501687050 -0.211649135 0.838757813
v 0.283371031 0.293556243 0.376831055
vt 0.100097656 0.757324219
vn 0.514046967 0.079084188 0.854108512
v 0.253799498 0.274017364 0.391479492
vt 0.084960938 0.744628906
vn 0.408853680 -0.031450216 0.912057936
v 0.324874938 0.270690948 0.345642090
vt 0.122314453 0.751708984
vn 0.511351645 -0.173072770 0.841763258
v 0.345932066 0.200058013 0.321136415
vt 0.140380859 0.723144531
vn 0.740226448 -0.212618142 0.637854457
v 0.364608824 0.271270782 0.320281923
vt 0.142333984 0.754638672
vn 0.648246765 -0.166014314 0.743111968
v 0.318161070 0.293922454 0.355133057
vt 0.117431641 0.760742188
vn 0.354451656 0.771916926 0.527738988
v 0.286789000 0.296531707 0.346832275
vt 0.109130859 0.770019531
vn 0.031401746 0.997006476 0.070653945
v 0.225875914 0.294876128 0.396118164
vt 0.084472656 0.776367188
vn 0.102681026 0.932027698 0.347535729
vt 0.100585938 0.788818359
vt 0.129638672 0.773437500
v 0.360092223 0.293334991 0.324890077
vt 0.138427734 0.763671875
vn 0.441383004 0.630547106 0.638428867
vt 0.150390625 0.772460938
v 0.372970641 0.293258697 0.316955507
vt 0.145263672 0.763671875
vn 0.757598519 0.165724710 0.631331861
vt 0.157714844 0.765869141
v 0.384384185 0.257537872 0.289764345
vt 0.158935547 0.750488281
vn 0.798225820 -0.197580576 0.569032133
vt 0.175048828 0.765869141
v 0.377609313 0.228744537 0.288574159
vt 0.159179688 0.737548828
vn 0.789952695 -0.229086205 0.568765759
v 0.411209136 0.267318755 0.253753603
vt 0.178222656 0.754394531
vn 0.842728853 -0.189023241 0.504061937
vt 0.194335938 0.765869141
v 0.417221099 0.232452422 0.227874726
vt 0.190917969 0.739257812
vn 0.834982336 -0.126035005 0.535648882
vt 0.196777344 0.738525391
v 0.403213531 0.206039459 0.244491547
vt 0.182373047 0.728271484
vn 0.795547068 -0.165410697 0.582875907
v 0.417037994 0.195877105 0.227981538
vt 0.191894531 0.723632812
vn 0.723960876 -0.243943229 0.645269215
vt 0.197265625 0.724121094
vt 0.198730469 0.719970703
v 0.391555816 0.193893462 0.253570497
vt 0.176513672 0.722412109
vn 0.757032931 -0.260229975 0.599317551
v 0.399337798 0.131225616 0.216369599
vt 0.191406250 0.693847656
vn 0.646070123 -0.535765350 0.543644190
v 0.380508453 0.151489288 0.248626694
vt 0.176025391 0.702880859
vn 0.746874869 -0.275164306 0.605361521
v 0.373916656 0.131286651 0.248107895
vt 0.174072266 0.693847656
vn 0.407946736 -0.862964094 0.298114836
v 0.355972350 0.165054351 0.289245546
vt 0.155517578 0.709472656
vn 0.793776155 -0.259352505 0.550141692
vt 0.492919922 0.618652344
vt 0.514648438 0.621826172
vt 0.490234375 0.633789062
vt 0.510009766 0.603271484
vt 0.522949219 0.601318359
v 0.166153014 0.126220703 0.333038330
vt 0.508300781 0.635986328
vn 0.117687844 -0.988577425 0.094150260
v 0.187149107 0.139709502 0.368469238
vt 0.520263672 0.625244141
vn -0.055116262 -0.322824597 0.944852650
v 0.151779220 0.121368408 0.295562744
vt 0.495605469 0.643066406
vt 0.466308594 0.636718750
v 0.158569396 0.128479034 0.357574463
vt 0.518554688 0.635498047
vn -0.149768770 -0.575427830 0.804022491
v 0.095428512 0.111877441 0.248947158
vt 0.482177734 0.661376953
vn 0.070813537 -0.991388738 0.110154346
vt 0.460693359 0.656250000
v 0.121383719 0.119415283 0.312988281
vt 0.507080078 0.650634766
vn 0.086797386 -0.994224012 0.063125364
v 0.119545043 0.119873077 0.344940186
vt 0.519287109 0.649169922
vn -0.078749806 -0.716624260 0.692999423
v 0.115455687 0.181457534 0.359008789
vt 0.542968750 0.646728516
vn -0.102732159 -0.300294369 0.948298156
vt 0.440429688 0.668212891
vt 0.438720703 0.651123047
vt 0.427734375 0.673828125
v 0.047699012 0.100219727 0.178070098
vt 0.456054688 0.676269531
vn 0.039295901 -0.990255177 0.133605897
v 0.041626021 0.109832764 0.255493164
vt 0.485595703 0.674316406
vn 0.031507850 -0.992495358 0.118154250
v 0.077980094 0.116973877 0.312744141
vt 0.509033203 0.663818359
vn 0.039501376 -0.995433331 0.086902946
v 0.028120095 0.116851807 0.319610596
vt 0.507080078 0.679931641
vn 0.000000059 -0.992988288 0.118212938
v 0.097999632 0.119079620 0.341491699
vt 0.520507812 0.656982422
vn 0.118459739 -0.766038835 0.631784678
v 0.085151732 0.119873077 0.347900391
vt 0.521972656 0.662109375
vn 0.157553688 -0.921688557 0.354495615
v 0.052722991 0.122131377 0.368377686
vt 0.527343750 0.674316406
vn 0.228311166 -0.842389107 0.488113314
v 0.085868895 0.152435333 0.360717773
vt 0.533691406 0.660156250
vn 0.456877202 -0.346596360 0.819227815
v 0.095581114 0.146514922 0.354370117
vt 0.531982422 0.656494141
vn 0.401612312 -0.425236374 0.811099052
v 0.080062926 0.177948013 0.375610352
vt 0.546142578 0.660888672
vn 0.435767621 -0.411998302 0.800227523
v -0.000624294 0.128906280 0.402801514
vt 0.539550781 0.700683594
vn 0.157676086 -0.670122743 0.725309432
v -0.000908101 0.158737198 0.416442871
vt 0.551269531 0.699462891
vn 0.274562716 -0.407921553 0.870755672
v 0.089592040 0.190917984 0.383666992
vt 0.551757812 0.656494141
vn 0.479928464 -0.432722211 0.763164639
v 0.023586338 0.211502090 0.426513672
vt 0.569580078 0.684082031
vn 0.416754901 -0.456071198 0.786329687
v 0.081970274 0.220870987 0.406341553
vt 0.566894531 0.657958984
vn 0.474193633 -0.371451497 0.798225641
v -0.002409154 0.201965347 0.437042236
vt 0.570556641 0.696533203
vn -0.007896924 -0.418544233 0.908162057
v 0.124084532 0.224624649 0.374694824
vt 0.561279297 0.639648438
vn 0.268057585 -0.346897900 0.898780882
v 0.000066228 0.226760879 0.446929932
vt 0.580078125 0.695312500
vn 0.173459873 -0.244420484 0.954028547
v -0.047176294 0.233703628 0.446624756
vt 0.587402344 0.714843750
vn -0.055186450 -0.268049091 0.961823404
v 0.044868533 0.234283462 0.433074951
vt 0.577148438 0.674316406
vn 0.448471546 -0.251773387 0.857603252
v -0.008887703 0.292617828 0.458526611
vt 0.605712891 0.692382812
vn 0.125584021 0.078489989 0.988973260
v 0.026584690 0.266418457 0.443847656
vt 0.591064453 0.680419922
vn 0.323457062 -0.118337855 0.938813984
v 0.047267977 0.257720947 0.435119629
vt 0.585449219 0.671630859
vn 0.487584919 -0.117964007 0.865069747
v -0.041004118 0.299438506 0.459350586
vt 0.612548828 0.703125000
vn 0.023692045 0.157946199 0.987163424
v -0.081710748 0.244140640 0.447448730
vt 0.598144531 0.724609375
vn -0.149899200 -0.189346492 0.970400989
v -0.053764280 0.302894622 0.457031250
vt 0.617675781 0.705810547
vn -0.150086239 0.695136607 0.703035772
v -0.008263052 0.305191040 0.419403076
vt 0.617919922 0.681640625
vn 0.094292529 0.974356353 0.204300448
v 0.009696071 0.290878326 0.452423096
vt 0.602539062 0.684814453
vn 0.205362096 0.726665676 0.655578732
v 0.054969851 0.294464141 0.435546875
vt 0.597412109 0.665527344
vn 0.425738454 0.346897960 0.835708559
v 0.092453063 0.289878875 0.410095215
vt 0.591552734 0.647216797
vn 0.551249564 0.275624782 0.787499249
v 0.038337767 0.302055359 0.418975830
vt 0.606689453 0.666259766
vn 0.118271656 0.977712512 0.173465073
v -0.011545125 0.305107117 0.391723633
vt 0.627441406 0.675292969
vn -0.000000045 0.999969006 -0.007873815
v -0.101943903 0.275405884 0.445495605
vt 0.628662109 0.724853516
vn -0.212750047 -0.007879603 0.977074921
v -0.078819208 0.301460296 0.451049805
vt 0.626220703 0.712646484
vn -0.078565024 0.989919007 0.117847465
v -0.105682321 0.300056458 0.355865479
vt 0.661132812 0.696533203
v 0.066757254 0.300437927 0.389404297
vt 0.605712891 0.649414062
vn 0.086927302 0.995713115 0.031609885
v -0.020944543 0.304313660 0.365417480
vt 0.638183594 0.671875000
vn -0.000000050 0.998885930 -0.047191504
v -0.083587602 0.300781250 0.317047119
vt 0.668457031 0.681884766
v 0.055805255 0.299583435 0.324310303
vt 0.627441406 0.638916016
vn 0.031464819 0.999009490 -0.031464916
v -0.044265699 0.301124573 0.323822021
vt 0.656005859 0.670410156
vn -0.007854129 0.997467637 -0.070686720
v -0.101493798 0.297454834 0.274871826
vt 0.684570312 0.676025391
vn -0.000000053 0.997498453 -0.070688903
v 0.000063938 0.298744202 0.283294678
vt 0.654785156 0.646728516
v -0.064903229 0.293144226 0.208236724
vt 0.691406250 0.647705078
vn -0.007861891 0.998453617 -0.055032920
v 0.091918997 0.299179107 0.377746582
vt 0.601806641 0.638916016
vn 0.055260450 0.994688690 0.086837851
v 0.072380111 0.297996521 0.277160645
vt 0.639648438 0.624267578
vn -0.000000048 0.999504447 -0.031480499
v 0.030185733 0.295608521 0.224578872
vt 0.666015625 0.625244141
vn -0.015728591 0.998762369 -0.047185663
v 0.116569564 0.298889190 0.331024170
vt 0.612548828 0.621337891
vn 0.007873728 0.999969006 -0.000000045
v 0.109764144 0.298889190 0.288452148
vt 0.628173828 0.614501953
vn -0.007871623 0.999690175 -0.023614770
v 0.082489051 0.296714783 0.237915039
vt 0.650390625 0.611816406
v 0.117301978 0.298271209 0.273712158
vt 0.631591797 0.608886719
vn -0.007872842 0.999845147 -0.015745634
v 0.061897308 0.294357300 0.177490234
vt 0.674560547 0.605468750
vn -0.023603812 0.999225974 -0.031471726
v 0.154724166 0.298339844 0.254241943
vt 0.634521484 0.590820312
vt 0.614990234 0.592529297
vt 0.633300781 0.570556641
v 0.177307174 0.298683196 0.337310791
vt 0.603515625 0.600830078
vn 0.007871536 0.999690175 0.023614684
vt 0.600097656 0.574462891
v 0.131729186 0.298156768 0.374206543
vt 0.594726562 0.625000000
vn 0.023695586 0.995215952 0.094782427
v 0.178390563 0.296813995 0.388519287
vt 0.586669922 0.606933594
vn -0.000000031 0.995495498 0.094809048
v 0.119346678 0.291458160 0.391906738
vt 0.589355469 0.633300781
vn 0.471041292 0.243371323 0.847874105
v 0.150772154 0.297714263 0.377075195
vt 0.592285156 0.617431641
vn -0.047248498 0.968594015 0.244117141
v 0.127319396 0.289199859 0.391723633
vt 0.587402344 0.630126953
vn -0.330309451 0.015729053 0.943741739
vt 0.574951172 0.592773438
v 0.095108092 0.233428970 0.398803711
vt 0.570312500 0.650146484
vn 0.566490412 -0.149490446 0.810395777
v 0.125213683 0.246475235 0.380889893
vt 0.570556641 0.636718750
vn 0.236956343 -0.213260517 0.947824776
v 0.158172667 0.285522491 0.404174805
vt 0.581787109 0.618408203
vn -0.299770594 0.378657728 0.875645995
v 0.145294249 0.240737930 0.386566162
vt 0.566650391 0.629882812
vn -0.360653877 -0.266570330 0.893794775
v 0.160385191 0.216995254 0.383666992
vt 0.555175781 0.627441406
vn -0.307200819 -0.315077841 0.897972047
v 0.187377989 0.252929717 0.408782959
vt 0.566162109 0.612548828
vn -0.157793567 -0.134124592 0.978320897
v 0.172882140 0.286636382 0.408477783
vt 0.579833984 0.613037109
vn -0.062990092 0.559037805 0.826746047
v 0.201980650 0.295272857 0.401153564
vt 0.578369141 0.601562500
vn 0.173443675 0.299584359 0.938171983
v 0.194152892 0.198242217 0.388122559
vt 0.544433594 0.617431641
vn -0.118337773 -0.323456913 0.938814044
v 0.195388854 0.243865997 0.407897949
vt 0.561523438 0.610839844
vn 0.000000138 -0.353706270 0.935356557
v 0.233367980 0.253036529 0.398345947
vt 0.558349609 0.596435547
vn 0.275547981 -0.039363928 0.960481107
v 0.227722228 0.195556670 0.380279541
vt 0.537109375 0.605957031
vn 0.213227436 -0.339584172 0.916087687
vt 0.535644531 0.597412109
v 0.220153868 0.225738555 0.391845703
vt 0.549804688 0.604492188
vt 0.561767578 0.586181641
vt 0.562011719 0.578125000
v 0.241134703 0.242691070 0.390289307
vt 0.552246094 0.593750000
vn 0.423845857 -0.392449677 0.816295385
vt 0.545410156 0.589111328
v 0.231552184 0.230178863 0.389709473
vt 0.549804688 0.599365234
vn 0.542199016 -0.353607953 0.762221575
v 0.232559264 0.216064483 0.385040283
vt 0.542968750 0.600830078
vn 0.465115309 -0.134016171 0.875047207
v 0.243316710 0.227539092 0.372406006
vt 0.544433594 0.594238281
vn 0.313785970 -0.243183970 0.917823493
vt 0.369384766 0.095214844
vt 0.343261719 0.107421875
vt 0.351806641 0.080810547
vt 0.353515625 0.114746094
v -0.012101130 0.106231689 0.231933624
vt 0.395019531 0.114746094
vn -0.015744556 -0.991910815 0.125956967
vt 0.398925781 0.091796875
vt 0.360839844 0.131103516
vt 0.426025391 0.092529297
v -0.020069070 0.115631104 0.305145264
vt 0.425048828 0.112304688
vn -0.023589103 -0.990744889 0.133671969
v -0.024160326 0.123687774 0.360504150
vt 0.447509766 0.109619141
vn -0.031445354 -0.990530550 0.133643046
vt 0.445556641 0.080322266
v -0.116249032 0.115203857 0.278839171
vt 0.423095703 0.151855469
vt 0.463623047 0.098144531
v -0.107833825 0.106079102 0.206253096
vt 0.393798828 0.156738281
vn -0.023613205 -0.991757095 0.125937447
vt 0.370117188 0.170654297
vt 0.348144531 0.146972656
v -0.197906449 0.117126465 0.279968321
vt 0.428955078 0.184082031
vn -0.023563622 -0.989674628 0.141382128
vt 0.363525391 0.202636719
vt 0.352539062 0.193603516
v -0.199615449 0.100311279 0.156189024
vt 0.378662109 0.197509766
vn -0.023556363 -0.997221589 0.070669286
v -0.199478120 0.103668213 0.174560606
vt 0.386474609 0.195556641
v -0.176025346 0.108093262 0.211395323
vt 0.399414062 0.183837891
vn -0.007872980 -0.992002964 0.125968680
v -0.261001557 0.102325439 0.176025450
vt 0.393554688 0.218017578
vn -0.015773913 -0.993760109 0.110417835
vt 0.372070312 0.210449219
v -0.220230058 0.108825684 0.223968565
vt 0.408935547 0.199462891
vn -0.039466787 -0.986671269 0.157867447
v -0.295608491 0.110839844 0.209137037
vt 0.407714844 0.230224609
vn -0.157955945 -0.979327261 0.126364872
v -0.309036225 0.116394043 0.235076979
vt 0.418945312 0.232177734
vn -0.251353651 -0.942576408 0.219934568
v -0.307235658 0.121673584 0.266754210
vt 0.432373047 0.227539062
vn -0.410467982 -0.891978681 0.189446911
v -0.269607484 0.122680664 0.288360655
vt 0.437988281 0.210693359
vn -0.055212270 -0.985934496 0.157749563
v -0.297836244 0.126220703 0.299469054
vt 0.444091797 0.220703125
vn -0.585387349 -0.775242746 0.237319320
v -0.292983949 0.130706787 0.331207335
vt 0.456298828 0.217285156
vn -0.520136654 -0.638349652 0.567421973
v -0.221343935 0.131195098 0.362487853
vt 0.463867188 0.186035156
vn -0.205157250 -0.852192104 0.481330782
v -0.186492860 0.120574951 0.303375304
vt 0.437500000 0.177246094
vn -0.039514825 -0.987872243 0.150156632
v -0.190933168 0.131378204 0.375762999
vt 0.467529297 0.174316406
vn -0.078713238 -0.928817272 0.362081349
v -0.142761171 0.124359131 0.339263976
vt 0.449951172 0.157714844
v -0.160720766 0.130737334 0.379425108
vt 0.467529297 0.161865234
vn -0.196990803 -0.858880401 0.472778261
v -0.165771425 0.140899688 0.377594054
vt 0.471679688 0.164550781
vn -0.015755711 -0.275727302 0.961106777
v -0.161315858 0.159790054 0.384307921
vt 0.479736328 0.162597656
vn -0.102235384 -0.314570785 0.943712533
v -0.147109926 0.131530792 0.388458312
vt 0.470214844 0.155517578
vn -0.220233500 -0.597776949 0.770817757
v -0.152893007 0.191635147 0.396270812
vt 0.493652344 0.157958984
vn -0.259810179 -0.393651932 0.881780505
v -0.078720026 0.129974395 0.395111084
vt 0.466796875 0.128417969
vn -0.063036986 -0.874639630 0.480657876
v -0.069869928 0.173355117 0.415557861
vt 0.485839844 0.122314453
vn -0.102128059 -0.416368783 0.903441727
vt 0.477539062 0.093994141
vt 0.495605469 0.095214844
v -0.127441347 0.187393203 0.414581358
vt 0.493896484 0.144775391
vn -0.274867088 -0.329840630 0.903135240
v -0.130065858 0.199630752 0.415618956
vt 0.498535156 0.145263672
vn -0.330677807 -0.409410775 0.850314796
v -0.160385072 0.213928238 0.413177550
vt 0.504882812 0.155517578
vn -0.102005377 -0.533567190 0.839583874
v -0.107688837 0.201141372 0.423553467
vt 0.499023438 0.135742188
vn -0.189311087 -0.394398332 0.899228215
v -0.095252924 0.223312393 0.436004639
vt 0.508789062 0.128906250
vn -0.126250550 -0.418205380 0.899536073
vt 0.513183594 0.108886719
vt 0.517578125 0.124023438
v -0.118484430 0.236007705 0.435028136
vt 0.513671875 0.137695312
vn -0.228708193 -0.425870657 0.875400901
v -0.156494081 0.248489395 0.434509337
vt 0.520263672 0.150390625
vn -0.189346403 -0.149899304 0.970400989
vt 0.719726562 0.569580078
v 0.077400222 0.291069031 0.075149551
vt 0.707519531 0.579345703
vn 0.125781626 0.990530550 0.055029418
vt 0.717773438 0.568359375
v 0.090332054 0.292816162 0.107734688
vt 0.694824219 0.582519531
v 0.138748184 0.295005798 0.107055672
vt 0.690185547 0.570068359
v 0.072105423 0.291458130 0.089263931
vt 0.704101562 0.584960938
vn 0.039338343 0.999195039 -0.007867726
v 0.070732132 0.293441772 0.091774002
vt 0.704589844 0.585937500
vn 0.354759961 -0.890841424 0.283807844
v 0.063049331 0.291763306 0.103698745
vt 0.700927734 0.590576172
vn 0.062797718 0.996914387 0.047098264
v 0.034748100 0.293533325 0.131332412
vt 0.694824219 0.604980469
vn 0.284232259 -0.907963872 0.307918191
v 0.037242912 0.291938782 0.132644668
vt 0.693847656 0.604492188
vn -0.007873572 0.999938011 -0.007873571
v -0.007631753 0.293312073 0.157714859
vt 0.697509766 0.620361328
vn 0.141732365 -0.897637784 0.417322844
v 0.004631544 0.292068481 0.154617324
vt 0.694580078 0.616943359
v -0.023931477 0.291542053 0.160141006
vt 0.699951172 0.624755859
vn -0.023608925 0.999442518 -0.023608917
v -0.088401765 0.290580750 0.161331207
vt 0.711181641 0.645263672
v -0.069427468 0.289718628 0.142272979
vt 0.714111328 0.635009766
vn -0.047185667 0.998762369 -0.015728578
v -0.065536477 0.291404724 0.141326934
vt 0.713867188 0.633544922
vn -0.219866589 -0.903023839 0.369061977
v 0.116035484 0.294441223 0.128448486
vt 0.684082031 0.578369141
vn -0.039320182 0.998731434 -0.031456150
v 0.122291587 0.295188904 0.134872437
vt 0.681640625 0.576660156
vn -0.305828333 0.948851883 -0.078417517
v 0.129592910 0.299209595 0.133453369
vt 0.680419922 0.573730469
v 0.120407134 0.295951843 0.177062988
vt 0.666503906 0.585449219
v 0.151412994 0.296913147 0.166854858
vt 0.664794922 0.574462891
vn -0.039334778 0.999102235 -0.015733931
v 0.128723174 0.296035767 0.156631470
vt 0.673095703 0.578613281
vn -0.031471726 0.999225974 0.023603724
v 0.149658218 0.296218872 0.126037598
vt 0.677978516 0.567382812
vt 0.180664062 0.123291016
vt 0.181884766 0.118652344
vt 0.191650391 0.132080078
vt 0.176269531 0.112304688
v 0.078910850 0.303604126 0.121078506
vt 0.164794922 0.108642578
vn 0.346897960 -0.898780942 0.268057436
vt 0.170166016 0.127197266
vt 0.172851562 0.093505859
v 0.097335838 0.319892883 0.143569946
vt 0.152343750 0.109619141
vn 0.463005155 -0.831839681 0.306054175
vt 0.159179688 0.125244141
vt 0.152587891 0.121093750
v 0.085662864 0.320732117 0.161026001
vt 0.149169922 0.102050781
vn 0.402248800 -0.843933642 0.354925334
v 0.053436302 0.303886414 0.150436416
vt 0.162353516 0.094726562
vn 0.298648477 -0.903804302 0.306507558
v 0.026811626 0.302299500 0.166687027
vt 0.166503906 0.082275391
vn 0.212250084 -0.919749916 0.330166638
v 0.065010101 0.316940308 0.173629761
vt 0.151855469 0.092529297
vn 0.314269781 -0.832814693 0.455691040
vt 0.177490234 0.073974609
v 0.101249717 0.331939697 0.163284302
vt 0.143066406 0.106933594
vn -0.211961955 -0.973455131 0.086354971
v 0.010963468 0.304534912 0.179534927
vt 0.165527344 0.074951172
vn 0.164676875 -0.862592578 0.478346825
v 0.097969085 0.337585449 0.177093506
vt 0.138671875 0.101562500
vn 0.291954786 -0.757503986 0.583909333
v 0.028638870 0.321235657 0.199844375
vt 0.152587891 0.074462891
vn 0.228424460 -0.779793501 0.582875967
vt 0.140380859 0.125000000
vt 0.144775391 0.126953125
vt 0.141113281 0.132568359
v 0.146560699 0.311836243 0.188110352
vt 0.130615234 0.122558594
vn -0.314570755 -0.943712533 0.102235608
vt 0.132080078 0.130615234
vt 0.118652344 0.127929688
v 0.146194488 0.319320679 0.221496582
vt 0.118408203 0.118652344
vn -0.403455198 -0.767356157 0.498386025
vt 0.112548828 0.126953125
v 0.122154266 0.322570801 0.186355591
vt 0.133056641 0.112548828
vn -0.457317084 -0.875210404 0.157695666
v 0.105842620 0.332992554 0.188079834
vt 0.134033203 0.104736328
vn -0.707871795 -0.503375590 0.495510399
v 0.135055572 0.323753357 0.216003418
vt 0.121093750 0.114013672
vn -0.580592990 -0.431521893 0.690435112
v 0.155807525 0.345317870 0.231323242
vt 0.107666016 0.113525391
vn -0.134249926 0.086867720 0.987132728
vt 0.101074219 0.129394531
vt 0.101074219 0.114013672
v 0.141449004 0.357910186 0.231765747
vt 0.108886719 0.106445312
vn -0.110400498 -0.023657240 0.993605673
v 0.114814788 0.370876312 0.219970703
vt 0.115722656 0.096679688
vn -0.629316688 -0.283192545 0.723714411
v 0.103454620 0.365455627 0.203109741
vt 0.124023438 0.094726562
vn -0.015745463 -0.606205285 0.795152426
v 0.124832183 0.390230179 0.228469849
vt 0.106445312 0.093750000
vn 0.110089689 0.078635454 0.990806103
v 0.142303497 0.372608215 0.221267700
vt 0.103027344 0.102539062
vn 0.647983551 0.292382896 0.703299165
vt 0.097412109 0.110107422
vt 0.092285156 0.116699219
v 0.161804229 0.384979278 0.197677612
vt 0.089111328 0.103515625
vn 0.708925307 0.244185433 0.661663413
vt 0.085693359 0.109863281
v 0.131576568 0.423240662 0.216598511
vt 0.095214844 0.090087891
vn 0.699466050 0.102169238 0.707325041
v 0.154006988 0.437648773 0.187576294
vt 0.078857422 0.092285156
vn 0.811224937 0.047255885 0.582821667
vt 0.070556641 0.093994141
v 0.150650054 0.470764160 0.207305908
vt 0.075683594 0.083984375
vn 0.864722252 -0.149361044 0.479527652
vt 0.067138672 0.085693359
v 0.133407623 0.446292907 0.225677490
vt 0.091064453 0.084960938
vn 0.788968623 -0.252469867 0.560167551
v 0.114753753 0.410319835 0.228591919
vt 0.102294922 0.085449219
vn 0.550226867 -0.322275609 0.770317435
v 0.115501434 0.438922882 0.242553711
vt 0.095458984 0.079589844
vn 0.638270438 -0.299435407 0.709189177
v 0.089233428 0.420288086 0.253295898
vt 0.104003906 0.075195312
vn 0.481675893 -0.363230824 0.797528625
v 0.091995269 0.390249252 0.233825684
vt 0.113525391 0.083251953
vn 0.495510459 -0.503375530 0.707871854
v 0.109993011 0.392205238 0.220016479
vt 0.110595703 0.090087891
vn -0.023696963 -0.450244844 0.892590702
v 0.073196441 0.409287214 0.256286621
vt 0.110107422 0.070800781
vn 0.361622393 -0.385206282 0.849026203
v 0.085830718 0.358863831 0.211120605
vt 0.128417969 0.087890625
vn 0.432829559 -0.637439668 0.637439609
v 0.069801360 0.380731583 0.239715576
vt 0.117431641 0.075927734
vn 0.355257154 -0.568411171 0.742092371
v 0.048992191 0.398478508 0.260253906
vt 0.114501953 0.068359375
vn 0.284729719 -0.419185281 0.862097979
v 0.068618804 0.329864502 0.190399170
vt 0.144042969 0.088867188
vn 0.369849622 -0.723960698 0.582316279
v 0.053989440 0.345985413 0.217025772
vt 0.136718750 0.076416016
vn 0.315734953 -0.670936525 0.670936465
v 0.034420047 0.364356995 0.241546646
vt 0.132324219 0.062744141
vn 0.251937419 -0.614097118 0.747938752
v 0.030445132 0.387580872 0.259796143
vt 0.124755859 0.058105469
vn 0.204699159 -0.440890193 0.873907387
v 0.016592057 0.339561462 0.224548355
vt 0.145996094 0.063476562
vn 0.181689188 -0.710957229 0.679359138
v -0.013443912 0.355133057 0.246429458
vt 0.144531250 0.047607422
vn 0.094696976 -0.654986501 0.749683440
v -0.020465819 0.329566956 0.219650283
vt 0.158203125 0.053955078
vn 0.031342078 -0.752207041 0.658181131
v -0.009780853 0.319458008 0.206222549
vt 0.160888672 0.061035156
vn 0.086557955 -0.802627265 0.590167165
v -0.038597077 0.310302734 0.193481460
vt 0.172607422 0.054687500
vn -0.054897211 -0.839144766 0.541130722
v -0.044342011 0.324256897 0.211944595
vt 0.166748047 0.048095703
vn -0.102222748 -0.770603180 0.629063845
v -0.069358796 0.311813354 0.189376861
vt 0.180175781 0.045410156
vn -0.165848523 -0.837140679 0.521238565
v -0.021768542 0.300910950 0.178817764
vt 0.173095703 0.063720703
vn 0.015744226 -0.889543176 0.456579715
v -0.050331090 0.297668457 0.167358413
vt 0.183349609 0.057373047
vn -0.102169096 -0.895945251 0.432254344
v -0.069374062 0.297904968 0.161376983
vt 0.190185547 0.051513672
vn -0.189399526 -0.915431440 0.355124325
v -0.043899510 0.293075562 0.156219497
vt 0.184326172 0.062988281
vn -0.070883632 -0.929364324 0.362294614
vt 0.180908203 0.072021484
vt 0.192138672 0.055908203
vt 0.931152344 0.032958984
vt 0.928710938 0.067626953
v 0.188873321 0.298171997 0.155029282
vt 0.887695312 0.039550781
vn -0.031479523 0.999473393 -0.007869910
vt 0.890869141 0.009033203
vt 0.977783203 0.044921875
vt 0.987792969 0.024902344
vt 0.933349609 0.085937500
vt 0.903076172 0.106445312
vt 0.889648438 0.072753906
vt 0.886230469 0.062988281
vt 0.877197266 0.067871094
vt 0.871826172 0.049804688
vt 0.841308594 0.021484375
vt 0.967773438 0.988769531
v 0.266799957 0.301673919 0.186431870
vt 0.963623047 0.984863281
vn -0.015703296 -0.973605216 -0.227697954
vt 0.979980469 0.989990234
vt 0.960693359 0.987792969
vt 0.988769531 0.981933594
vt 0.989746094 0.993408203
vt 0.969482422 0.978515625
vt 0.955078125 0.966064453
vt 0.957519531 0.975341797
vt 0.943847656 0.961425781
vt 0.960449219 0.948242188
vt 0.944335938 0.953369141
vt 0.939453125 0.966064453
vt 0.930664062 0.998046875
vt 0.897216797 0.968750000
vt 0.740966797 0.621337891
vt 0.750000000 0.608886719
v 0.131393462 0.471305847 0.237716675
vt 0.752685547 0.624511719
vn 0.778948367 -0.188835904 0.597980380
vt 0.739013672 0.632568359
v 0.135131866 0.495223999 0.238235474
vt 0.762939453 0.622070312
vn 0.812207997 -0.094626114 0.575642467
v 0.120643646 0.473762512 0.249588013
vt 0.754638672 0.631347656
vn 0.663995385 -0.173903480 0.727232873
v 0.154251128 0.503021240 0.205947876
vt 0.763671875 0.605224609
vn 0.897304118 -0.023613207 0.440780818
vt 0.750244141 0.597900391
vt 0.766845703 0.593017578
vt 0.790771484 0.591552734
v 0.142807022 0.584228516 0.217025742
vt 0.799560547 0.605712891
vn 0.944384396 0.118048102 0.306924790
v 0.146743804 0.541091919 0.219116211
vt 0.781005859 0.609130859
vn 0.913612545 0.063007809 0.401674330
v 0.134689361 0.527748108 0.241943359
vt 0.777099609 0.621093750
vn 0.840308547 -0.015706640 0.541881025
v 0.126647979 0.597320557 0.254608154
vt 0.808105469 0.622558594
vn 0.897109687 0.031477589 0.440685302
v 0.118881255 0.523925781 0.261230469
vt 0.777099609 0.632568359
vn 0.722775817 -0.102131285 0.683494210
v 0.114616424 0.583358765 0.271881104
vt 0.803466797 0.633544922
vn 0.800992310 -0.047117136 0.596817672
v 0.105735809 0.585632324 0.282745361
vt 0.805175781 0.639648438
vn 0.726054549 -0.110486485 0.678702891
v 0.099647552 0.535095215 0.280364990
vt 0.783447266 0.643798828
vn 0.628364980 -0.157091156 0.761892319
v 0.092544585 0.584442139 0.295959473
vt 0.805664062 0.647949219
vn 0.668380380 -0.172992498 0.723423302
v 0.075286895 0.559310913 0.304321289
vt 0.794921875 0.657714844
vn 0.574340582 -0.196691886 0.794635355
v 0.108390838 0.466823578 0.257385254
vt 0.751953125 0.637939453
vn 0.576072633 -0.213067859 0.789140403
v 0.087524444 0.510253906 0.283386230
vt 0.772216797 0.650634766
vn 0.526320636 -0.235665858 0.816975057
v 0.099884063 0.441547394 0.255157471
vt 0.740722656 0.641113281
vn 0.494684845 -0.274824768 0.824474514
vt 0.731201172 0.645263672
v 0.069496192 0.476531982 0.283325195
vt 0.757324219 0.658203125
vn 0.409741193 -0.307305753 0.858880341
vt 0.726318359 0.652099609
v 0.059810672 0.527191162 0.305358887
vt 0.780517578 0.665527344
vn 0.473263413 -0.252407014 0.843986154
v 0.066314735 0.574401855 0.313842773
vt 0.801513672 0.662841797
vn 0.494944334 -0.219975159 0.840619504
v 0.047573123 0.454765320 0.283142090
vt 0.747070312 0.666992188
vn 0.245214656 -0.355956525 0.901756525
v 0.047477759 0.543426514 0.316040039
vt 0.788085938 0.672363281
vn 0.362835288 -0.244519293 0.899200141
v 0.047798190 0.576828003 0.323516846
vt 0.802978516 0.672119141
vn 0.458215505 -0.450315058 0.766325653
v 0.045215644 0.513244629 0.306884766
vt 0.774414062 0.671630859
vn 0.292091250 -0.323668510 0.899956346
vt 0.720947266 0.662597656
v 0.030517615 0.560211182 0.325347900
vt 0.795410156 0.680664062
vn 0.251719087 -0.322514862 0.912481129
v 0.024395024 0.510536194 0.310882568
vt 0.772460938 0.680908203
vn 0.157553732 -0.354495585 0.921688557
vt 0.715576172 0.670410156
vt 0.711669922 0.651123047
v 0.018589055 0.439575195 0.282501221
vt 0.739257812 0.678955078
vn 0.117785856 -0.376914263 0.918728590
v 0.018085517 0.568038940 0.335937500
vt 0.799804688 0.687255859
vn 0.346790254 -0.622645855 0.701461792
v 0.026226081 0.574295044 0.343811035
vt 0.805175781 0.685791016
vn 0.369838148 -0.826233983 0.424920321
v 0.000755108 0.542984009 0.325683594
vt 0.786621094 0.693115234
vn 0.133490607 -0.408323765 0.903023839
v -0.004790507 0.562316895 0.339019775
vt 0.795654297 0.696777344
vn 0.196406528 -0.777769387 0.597075582
v 0.002775232 0.575164795 0.361175537
vt 0.807128906 0.698486328
vn 0.204370022 -0.809619308 0.550226748
v -0.017959556 0.566482544 0.352661133
vt 0.798828125 0.704833984
vn 0.063037194 -0.874639630 0.480657876
v -0.022310216 0.575088501 0.365051270
vt 0.803955078 0.709228516
vn 0.047332335 -0.686317027 0.725760698
v -0.040367085 0.571792603 0.360076904
vt 0.803955078 0.713378906
vn -0.141151398 -0.807700336 0.572447896
v -0.028743707 0.560867310 0.340179443
vt 0.794677734 0.707519531
vn -0.047085144 -0.714126408 0.698431432
v -0.035461389 0.538894653 0.325683594
vt 0.783203125 0.708740234
vn -0.078727819 -0.417258143 0.905371487
v -0.059020959 0.565780640 0.337493896
vt 0.794189453 0.720947266
vn -0.275932789 -0.725309372 0.630703926
v -0.070724450 0.577102661 0.353912354
vt 0.802734375 0.726562500
vn -0.361622185 -0.817580760 0.448097259
v -0.065132104 0.587554932 0.372497559
vt 0.812011719 0.724365234
vn -0.157773942 -0.686317086 0.709983349
v -0.093032800 0.575714111 0.325378418
vt 0.792724609 0.737304688
vn -0.434135288 -0.434135407 0.789337099
v -0.092529260 0.581085205 0.336761475
vt 0.798339844 0.736816406
vn -0.616470754 -0.640181184 0.458401471
v -0.072853051 0.556274414 0.325897217
vt 0.787109375 0.726318359
vn -0.212066501 -0.353444338 0.911101043
v -0.018136941 0.512664795 0.316802979
vt 0.772216797 0.699707031
vn 0.062929876 -0.346113503 0.936079741
v -0.015805207 0.487342834 0.306396484
vt 0.760253906 0.697265625
vn 0.078828320 -0.378375262 0.922289729
v -0.037212335 0.507606506 0.314361572
vt 0.768310547 0.707763672
vn -0.078828052 -0.378375262 0.922289729
v -0.053737603 0.516601562 0.316070557
vt 0.771484375 0.715332031
vn -0.142249033 -0.331914693 0.932522357
v -0.090789758 0.537734985 0.316986084
vt 0.777587891 0.733154297
vn -0.252336293 -0.291763961 0.922605097
v -0.015383684 0.435472488 0.284484863
vt 0.735839844 0.693603516
vn 0.047104262 -0.392534316 0.918530405
v -0.025846446 0.425292969 0.280609131
vt 0.730712891 0.697509766
vn -0.039506115 -0.379260004 0.924446344
v -0.085555993 0.489540100 0.300292969
vt 0.756347656 0.727783203
vn -0.173621595 -0.363027215 0.915459931
v -0.111953698 0.552001953 0.311523438
vt 0.780761719 0.744140625
vn -0.479720414 -0.220199570 0.849341333
v -0.125221223 0.582778931 0.310394347
vt 0.792724609 0.752685547
vn -0.565458536 -0.196339831 0.801066518
v -0.103866540 0.511146545 0.302764893
vt 0.764404297 0.737304688
vn -0.377753615 -0.306924909 0.873555541
v -0.068435632 0.444034576 0.283905029
vt 0.736083984 0.717285156
vn -0.125518069 -0.376554579 0.917851806
v -0.099197350 0.458038330 0.284057617
vt 0.739746094 0.731445312
vn -0.276535034 -0.355545193 0.892813623
v -0.147262543 0.530090332 0.282043517
vt 0.766113281 0.760742188
vn -0.590917587 -0.173335865 0.787890255
v -0.149505585 0.565689087 0.286560118
vt 0.781005859 0.764648438
vn -0.660353601 -0.133643016 0.738967299
v -0.133926362 0.500671387 0.283813536
vt 0.755126953 0.750732422
vn -0.504672706 -0.244450897 0.827978969
v -0.167724580 0.531402588 0.264587462
vt 0.763183594 0.771972656
vn -0.715648413 -0.094371237 0.692055881
v -0.157196015 0.583831787 0.281524718
vt 0.787353516 0.770996094
vn -0.747267365 -0.070793755 0.660741866
v -0.165283173 0.480018616 0.257019103
vt 0.740478516 0.764404297
vn -0.629608989 -0.181012616 0.755530953
v -0.167144746 0.592071533 0.269561827
vt 0.788818359 0.778564453
vn -0.818086445 -0.031464878 0.574233949
v -0.187454194 0.505966187 0.238754317
vt 0.746093750 0.780517578
vn -0.824500024 -0.023557154 0.565371513
v -0.193405122 0.548828125 0.228271529
vt 0.761718750 0.792236328
vn -0.903385937 0.062844217 0.424198776
v -0.185119599 0.483299255 0.238082930
vt 0.737060547 0.776123047
vn -0.771533906 -0.133837521 0.621950984
v -0.204269379 0.499526978 0.209899947
vt 0.737304688 0.792724609
vn -0.889212608 -0.031476572 0.456410140
v -0.215164170 0.514389038 0.182586715
vt 0.738525391 0.807128906
vn -0.942082345 0.094208203 0.321878254
v -0.196258515 0.464214325 0.216293380
vt 0.724853516 0.782470703
vn -0.846206844 -0.156704977 0.509291291
v -0.199218735 0.579574585 0.201004058
vt 0.768798828 0.809082031
vn -0.955306172 0.165796906 0.244747981
vt 0.739990234 0.817382812
vt 0.752685547 0.824707031
v -0.179534882 0.454685211 0.236480758
vt 0.725341797 0.770263672
vn -0.715095878 -0.251462311 0.652230501
v -0.158370942 0.451629639 0.253906310
vt 0.728515625 0.758544922
vn -0.534522414 -0.267261267 0.801783800
v -0.153884858 0.427524567 0.247741729
vt 0.718017578 0.754638672
vn -0.543694794 -0.346704006 0.764324784
v -0.128295869 0.461872101 0.273895323
vt 0.737792969 0.745117188
vn -0.408739775 -0.314415306 0.856781781
v -0.134246796 0.412031651 0.252136290
vt 0.713867188 0.744384766
vn -0.417374521 -0.393749624 0.818999290
v -0.163940400 0.395162582 0.221054107
vt 0.699707031 0.758789062
vn -0.376230448 -0.454611897 0.807328105
v -0.111991845 0.402818441 0.257507324
vt 0.712646484 0.733642578
vn -0.338782132 -0.433326125 0.835137784
v -0.132537812 0.381984711 0.233810455
vt 0.698242188 0.741943359
vn -0.439651906 -0.533863127 0.722285569
v -0.112655610 0.372333527 0.236312896
vt 0.696289062 0.732421875
vn -0.324204266 -0.585149348 0.743297935
v -0.091308556 0.395144463 0.260711670
vt 0.711181641 0.723876953
vn -0.220417678 -0.417219430 0.881671250
v -0.066772424 0.380823135 0.259185791
vt 0.706787109 0.712402344
vn -0.148961082 -0.454723686 0.878087163
v -0.084098786 0.356964111 0.235137969
vt 0.691162109 0.718017578
vn -0.236359641 -0.638171256 0.732715249
v -0.103706330 0.339096069 0.210784942
vt 0.677978516 0.726562500
vn -0.314027339 -0.683009684 0.659457803
v -0.025928462 0.376457214 0.260528564
vt 0.707763672 0.694335938
vn 0.015731111 -0.409005284 0.912396491
v -0.038803067 0.361637115 0.251068115
vt 0.698974609 0.698486328
vn -0.125765994 -0.605249405 0.786038280
v -0.072296113 0.331733704 0.214706451
vt 0.677490234 0.710937500
vn -0.196643114 -0.731512904 0.652855635
v -0.096176118 0.320495605 0.191299468
vt 0.666259766 0.721435547
vn -0.274427384 -0.784078598 0.556695938
vt 0.663574219 0.707275391
vt 0.675292969 0.697265625
v -0.043102231 0.346843719 0.236770645
vt 0.689941406 0.698974609
vn -0.118337788 -0.702138186 0.702138305
vt 0.680908203 0.687500000
vt 0.697509766 0.687011719
v 0.006779706 0.377916336 0.259094238
vt 0.709960938 0.680175781
vn 0.117669828 -0.462834090 0.878600359
vt 0.703125000 0.666259766
vt 0.238525391 0.319580078
v 0.142532364 0.612487793 0.193740830
vt 0.215332031 0.311523438
vn 0.975048900 0.204445779 0.086496145
vt 0.241455078 0.304199219
vt 0.219482422 0.325683594
v 0.135375991 0.623687744 0.226974472
vt 0.199462891 0.297607422
vn 0.969918251 0.102511734 0.220794275
v 0.135894790 0.645675659 0.203857407
vt 0.195068359 0.315673828
vn 0.984099448 0.173201546 0.039363839
vt 0.200927734 0.333740234
vt 0.222900391 0.291015625
v 0.128204361 0.687255859 0.208312973
vt 0.172119141 0.325439453
vn 0.974687338 0.220090732 -0.039302047
vt 0.180908203 0.353027344
v 0.129074112 0.670196533 0.246612534
vt 0.169921875 0.301025391
vn 0.979908168 0.110634848 0.165952042
vt 0.203613281 0.274902344
vt 0.244384766 0.277343750
v 0.129119903 0.623474121 0.248886093
vt 0.192626953 0.286132812
vn 0.939750373 -0.039485253 0.339573532
vt 0.204101562 0.259765625
vt 0.242919922 0.260742188
v 0.117431670 0.608566284 0.271484375
vt 0.192138672 0.268554688
vn 0.865069807 -0.117964000 0.487584651
vt 0.198730469 0.253417969
v 0.105712920 0.606430054 0.288482666
vt 0.186767578 0.257568359
vn 0.769462228 -0.227697939 0.596725702
v 0.105339080 0.639038086 0.302062988
vt 0.166748047 0.261718750
vn 0.791044652 -0.195803061 0.579577148
v 0.112121612 0.654281616 0.296295166
vt 0.161621094 0.270751953
vn 0.869409204 -0.063229695 0.490030497
v 0.096015960 0.647521973 0.314239502
vt 0.157958984 0.256347656
vn 0.686894536 -0.023685953 0.726370990
v 0.100219756 0.682312012 0.308868408
vt 0.142089844 0.270263672
vn 0.684954524 0.078730457 0.724319518
v 0.121719383 0.666168213 0.275878906
vt 0.162597656 0.284667969
vn 0.945556343 0.039398234 0.323064923
v 0.112533599 0.683349609 0.292541504
vt 0.148193359 0.280761719
vn 0.852935970 0.157951131 0.497545809
v 0.116165183 0.699676514 0.276306152
vt 0.145263672 0.294189453
vn 0.930056989 0.212809697 0.299509764
v 0.124252334 0.697204590 0.244995102
vt 0.156250000 0.309814453
vn 0.960243046 0.259737879 0.102320835
v 0.104347251 0.716888428 0.288879395
vt 0.131103516 0.292480469
vn 0.819889605 0.354759961 0.449362397
v 0.098625213 0.695220947 0.306793213
vt 0.135498047 0.275878906
vn 0.685677409 0.244321898 0.685677230
v 0.085800201 0.681121826 0.318145752
vt 0.136230469 0.262207031
vn 0.694378853 0.047344066 0.718050599
v 0.121444717 0.711486816 0.206130967
vt 0.159912109 0.333740234
vn 0.942430973 0.329850852 -0.054975275
v 0.116783164 0.713348389 0.259002686
vt 0.143310547 0.307128906
vn 0.898306489 0.370354444 0.236396313
v 0.112342849 0.733093262 0.235488877
vt 0.139648438 0.325439453
vn 0.883314908 0.457430959 0.102527477
v 0.110305794 0.730895996 0.178710923
vt 0.156494141 0.354248047
vn 0.890620112 0.409842938 -0.197039992
vt 0.160888672 0.373535156
v 0.108055130 0.740234375 0.201644883
vt 0.145019531 0.345458984
vn 0.857178867 0.511161804 -0.062912352
v 0.092407234 0.754913330 0.168579087
vt 0.145263672 0.369140625
vn 0.756962180 0.615031898 -0.220780790
vt 0.149658203 0.384765625
v 0.104316734 0.735046387 0.264587402
vt 0.128662109 0.311035156
vn 0.801659942 0.526580572 0.282938629
v 0.101570144 0.749694824 0.229476914
vt 0.131103516 0.334228516
vn 0.765633166 0.639343143 0.071037993
v 0.069107063 0.774475098 0.160293564
vt 0.134033203 0.384033203
vn 0.575517178 0.772612154 -0.268049240
vt 0.136718750 0.394531250
v 0.094200142 0.757812500 0.190521225
vt 0.137451172 0.357910156
vn 0.754573345 0.652391613 -0.070741378
v 0.074020393 0.776977539 0.183670029
vt 0.125976562 0.370361328
vn 0.631174743 0.765299439 -0.126235068
v 0.041080479 0.789520264 0.154739380
vt 0.122314453 0.398925781
vn 0.441259563 0.843121111 -0.307305902
vt 0.127441406 0.409667969
v 0.027963644 0.798706055 0.166488647
vt 0.110839844 0.400390625
vn 0.322106481 0.903469682 -0.282825351
v 0.049911506 0.793670654 0.187271118
vt 0.111083984 0.379150391
vn 0.448471427 0.881207168 -0.149490610
v 0.019372946 0.804687500 0.180435181
vt 0.100830078 0.395751953
vn 0.260448724 0.954978883 -0.142063037
v 0.014858255 0.808624268 0.204772949
vt 0.084960938 0.380126953
vn 0.229300916 0.972552359 -0.039534718
v 0.081703201 0.772491455 0.211776718
vt 0.121337891 0.352294922
vn 0.691201270 0.722619593 -0.007854682
v 0.058116924 0.790985107 0.212142929
vt 0.106445312 0.361816406
vn 0.551044405 0.834438801 -0.007872173
v 0.040954601 0.799713135 0.216140747
vt 0.095703125 0.366210938
vn 0.386282086 0.922347069 0.007883218
v 0.071205154 0.780670166 0.241378769
vt 0.105468750 0.340087891
vn 0.638349593 0.756562531 0.141855344
v 0.050930038 0.792816162 0.248184204
vt 0.091552734 0.343994141
vn 0.425778061 0.890980065 0.157695472
v 0.020235075 0.806335449 0.237106323
vt 0.078125000 0.359863281
vn 0.283429414 0.952637911 0.110222489
v -0.004094349 0.810852051 0.237075806
vt 0.061767578 0.360107422
vn 0.110520922 0.986794233 0.118415244
v 0.014741916 0.801239014 0.267669678
vt 0.066406250 0.338623047
vn 0.212690786 0.937414885 0.275710195
v -0.024797423 0.807006836 0.262176514
vt 0.045654297 0.349853516
vn -0.015702832 0.965723753 0.259096563
v -0.027299860 0.800079346 0.282653809
vt 0.040527344 0.335693359
vn 0.000000016 0.905175209 0.425038785
v 0.045421619 0.788055420 0.273986816
vt 0.083496094 0.328369141
vn 0.432574987 0.825825036 0.361789912
v 0.015407583 0.793670654 0.285156250
vt 0.064453125 0.327636719
vn 0.188876897 0.873555601 0.448582530
v -0.019185996 0.786102295 0.308532715
vt 0.043212891 0.314453125
vn 0.070515111 0.822676003 0.564120531
v 0.025375389 0.783996582 0.295379639
vt 0.070556641 0.315429688
vn 0.283394337 0.755718231 0.590404749
v -0.008005591 0.764373779 0.330596924
vt 0.054199219 0.283203125
vn 0.268408120 0.623654068 0.734174907
v 0.020816829 0.769500732 0.313232422
vt 0.069824219 0.295654297
vn 0.346274316 0.605979979 0.716158032
v 0.051376365 0.769805908 0.296203613
vt 0.086914062 0.309570312
vn 0.458286971 0.647922873 0.608415306
v 0.065422080 0.773895264 0.275878906
vt 0.096191406 0.321289062
vn 0.573489130 0.746321440 0.337808520
v 0.084625266 0.761840820 0.261535645
vt 0.111816406 0.322998047
vn 0.740226328 0.637854636 0.212618053
v 0.076057456 0.761932373 0.280731201
vt 0.104248047 0.313476562
vn 0.646250606 0.598963976 0.472866148
v 0.093696617 0.732757568 0.290771484
vt 0.120361328 0.295898438
vn 0.687001586 0.536966801 0.489587218
v 0.070899986 0.737457275 0.308807373
vt 0.104248047 0.289062500
vn 0.536348403 0.512685955 0.670435369
v 0.045299556 0.752136230 0.314575195
vt 0.086914062 0.291748047
vn 0.401749283 0.527788222 0.748356283
v 0.026536969 0.744842529 0.327178955
vt 0.081542969 0.276855469
vn 0.387064755 0.418661833 0.821524918
v 0.053707149 0.732421875 0.321228027
vt 0.099365234 0.277587891
vn 0.370573103 0.559801877 0.741146028
v 0.091232322 0.719970703 0.303375244
vt 0.122558594 0.284179688
vn 0.658342838 0.391870797 0.642667949
v 0.085449249 0.715637207 0.310028076
vt 0.121337891 0.278564453
vn 0.761118114 0.368789196 0.533567131
v 0.075653106 0.720336914 0.327056885
vt 0.112792969 0.270507812
vn 0.588801563 0.706561863 0.392534226
v 0.083473235 0.702301025 0.331420898
vt 0.121337891 0.262451172
vn 0.777769506 0.196406484 0.597075462
v 0.081390411 0.687194824 0.332397461
vt 0.128417969 0.257080078
vn 0.745356143 -0.298142344 0.596284688
v 0.001891855 0.805145264 0.163162231
vt 0.399169922 0.414306641
vn 0.180610254 0.926609576 -0.329810232
vt 0.423095703 0.416503906
vt 0.408203125 0.437744141
vt 0.410644531 0.401855469
vt 0.400390625 0.395751953
vt 0.389404297 0.438964844
v -0.015129084 0.810668945 0.179870605
vt 0.386474609 0.411376953
vn 0.055212270 0.985934496 -0.157749563
vt 0.388916016 0.381347656
v -0.018075934 0.812683105 0.207473755
vt 0.375244141 0.395996094
vn 0.047185577 0.998762369 -0.015728589
vt 0.368896484 0.372558594
v -0.031208025 0.811614990 0.235717773
vt 0.358642578 0.385253906
vn -0.023636004 0.992710948 0.118179835
vt 0.348632812 0.368164062
v -0.038265221 0.811401367 0.192398071
vt 0.372314453 0.413330078
vn -0.094664469 0.993976474 -0.055220947
v -0.040523518 0.811798096 0.225830078
vt 0.359130859 0.395263672
vn -0.110376626 0.993389368 0.031536140
v -0.055984482 0.807250977 0.248184204
vt 0.343750000 0.390136719
vn -0.181615442 0.963351429 0.197408050
v -0.066787705 0.807830811 0.220794693
vt 0.350097656 0.408935547
vn -0.220254108 0.975410879 -0.007866231
v -0.051616661 0.808441162 0.180435181
vt 0.370605469 0.426513672
vn -0.149181515 0.973605216 -0.172736451
vt 0.372314453 0.462158203
vt 0.392822266 0.460693359
v -0.064163186 0.796142578 0.280792236
vt 0.324707031 0.378173828
vn -0.188323662 0.910231054 0.368800521
vt 0.337402344 0.359375000
v -0.061717983 0.800201416 0.156860366
vt 0.371826172 0.445312500
vn -0.244329497 0.914264858 -0.323145330
v -0.058509804 0.786102295 0.299224854
vt 0.316162109 0.367187500
vn -0.211727232 0.768491566 0.603814781
vt 0.324218750 0.344238281
v -0.029266331 0.771606445 0.326416016
vt 0.308349609 0.342041016
vn -0.133816749 0.716313541 0.684827089
v -0.044929475 0.753479004 0.336639404
vt 0.292480469 0.346191406
vn -0.313380986 0.579755068 0.752114594
v -0.071372978 0.803710938 0.180297866
vt 0.361083984 0.434326172
vn -0.268349558 0.955008626 -0.126282141
v -0.093574516 0.790985107 0.164169326
vt 0.353515625 0.454101562
vn -0.423728317 0.855303228 -0.298179090
vt 0.351318359 0.471191406
v -0.082542412 0.798980713 0.176528946
vt 0.356445312 0.441406250
vn -0.378787458 0.907511473 -0.181502298
v -0.086517327 0.801116943 0.207595840
vt 0.344970703 0.424804688
vn -0.385862768 0.921345592 -0.047248483
v -0.084480271 0.801483154 0.236068740
vt 0.336181641 0.408935547
vn -0.363321513 0.924100280 0.118474409
v -0.107574455 0.789550781 0.192291275
vt 0.338867188 0.442626953
vn -0.505711675 0.853388309 -0.126427874
v -0.111549363 0.788635254 0.227264419
vt 0.325195312 0.424560547
vn -0.559714854 0.827747285 0.039416574
v -0.084152207 0.795349121 0.265716553
vt 0.323486328 0.394042969
vn -0.347048938 0.891284823 0.291836649
v -0.104354843 0.788024902 0.257781982
vt 0.316894531 0.406738281
vn -0.495786458 0.842050016 0.212479949
v -0.086921670 0.783721924 0.288269043
vt 0.310302734 0.385009766
vn -0.378598839 0.780860126 0.496911019
v -0.109725930 0.776397705 0.277465820
vt 0.304443359 0.400146484
vn -0.549074471 0.729484737 0.407883942
v -0.124488816 0.773010254 0.257507324
vt 0.304443359 0.415771484
vn -0.693601847 0.685719907 0.220691562
v -0.084556557 0.773742676 0.301239014
vt 0.302001953 0.378662109
vn -0.329657674 0.643617511 0.690711558
v -0.107994057 0.763000488 0.297332764
vt 0.292724609 0.391601562
vn -0.510027409 0.596339881 0.619879663
v -0.138229340 0.743743896 0.285949767
vt 0.279296875 0.410400391
vn -0.686295748 0.583745837 0.433865249
v -0.064407319 0.753784180 0.326690674
vt 0.289306641 0.359863281
vn -0.385349184 0.456127703 0.802155674
v -0.049682584 0.720397949 0.352325439
vt 0.269042969 0.343261719
vn -0.457558930 0.410225332 0.788894951
v -0.093589753 0.751983643 0.314392090
vt 0.285400391 0.378173828
vn -0.402423978 0.536565423 0.741722763
v -0.123252839 0.727935791 0.312377989
vt 0.267822266 0.393554688
vn -0.587427318 0.548265517 0.595259786
v -0.102935761 0.732238770 0.321716309
vt 0.271728516 0.378906250
vn -0.324427515 0.530162215 0.783374012
v -0.087448090 0.725982666 0.328186035
vt 0.268310547 0.367431641
vn -0.220301688 0.401263982 0.889075100
v -0.073432893 0.718658447 0.336822510
vt 0.263183594 0.358398438
vn -0.613488853 0.070787199 0.786524415
v -0.065170258 0.707366943 0.347229004
vt 0.256591797 0.351074219
vn -0.694898009 0.371138752 0.615932465
v -0.105209321 0.725677490 0.333038330
vt 0.264648438 0.377197266
vn -0.164899960 0.753828585 0.636042833
v -0.075294465 0.694000244 0.335083008
vt 0.247802734 0.359863281
vn 0.023590004 0.330258518 0.943595767
v -0.071067780 0.696411133 0.339508057
vt 0.249023438 0.356445312
vn -0.723423481 0.668380260 0.172992632
v -0.062000241 0.701324463 0.360931396
vt 0.249511719 0.345458984
vn -0.590167165 0.802627385 0.086557895
v -0.082710229 0.687896729 0.379669189
vt 0.228515625 0.347900391
vn -0.605605006 0.794364989 0.047190044
v -0.093704194 0.711395264 0.341918945
vt 0.255126953 0.370361328
vn 0.211753428 0.376450360 0.901912272
v -0.087516747 0.682678223 0.351409912
vt 0.233642578 0.362548828
vn -0.660353661 0.746828556 0.078613594
v -0.088211022 0.681549072 0.384460449
vt 0.223388672 0.348632812
vn -0.685528338 0.717046857 0.126074240
v -0.073219262 0.690155029 0.394287109
vt 0.225830078 0.339599609
vn -0.543627322 0.709079206 0.449083507
v -0.080215417 0.676818848 0.400421143
vt 0.219238281 0.338134766
vn -0.346542567 0.378046513 0.858480692
v -0.102294885 0.677459717 0.387390137
vt 0.217285156 0.347900391
vn -0.394680858 0.907765925 0.142085090
v -0.094764680 0.696014404 0.344848633
vt 0.244873047 0.370117188
vn 0.228275836 -0.102330431 0.968203843
v -0.098602265 0.678710938 0.339752197
vt 0.231689453 0.373046875
vn -0.440508008 0.125859499 0.888882518
v -0.115837067 0.694641113 0.344574034
vt 0.242675781 0.379394531
vn -0.345867395 -0.141491219 0.927553833
v -0.093238793 0.673431396 0.384338379
vt 0.218017578 0.351806641
vn -0.967036128 0.251586586 0.039310526
v -0.111709557 0.666778564 0.377807617
vt 0.210693359 0.343505859
vn 0.274968922 -0.699206948 -0.659925580
v -0.097076379 0.670013428 0.397399902
vt 0.211669922 0.349853516
v -0.100662194 0.669281006 0.352050781
vt 0.223144531 0.371093750
vn -0.798225760 0.569032192 0.197580710
v -0.107864343 0.652938843 0.358032227
vt 0.212646484 0.375244141
vn -0.913612425 0.283534855 0.291410983
v -0.099624597 0.658508301 0.381195068
vt 0.209716797 0.360107422
vn -0.904558837 0.212374672 0.369689435
v -0.115043610 0.657836914 0.337616026
vt 0.219726562 0.386718750
vn -0.756445050 0.338824332 0.559454262
v -0.122848481 0.671020508 0.325744689
vt 0.229248047 0.393310547
vn -0.576719224 -0.134304494 0.805827022
v -0.116935693 0.637329102 0.338958800
vt 0.207275391 0.391357422
vn -0.864108324 -0.023566607 0.502754033
v -0.105606042 0.640151978 0.368774414
vt 0.203613281 0.372558594
vn -0.921659946 -0.039387204 0.385994494
v -0.099510156 0.651245117 0.381835938
vt 0.202880859 0.362304688
vn -0.843749881 -0.094626173 0.528329492
v -0.097274743 0.630889893 0.381225586
vt 0.195068359 0.368164062
vn -0.762527704 -0.298722208 0.573861182
v -0.089149430 0.645446777 0.394989014
vt 0.196777344 0.358398438
vn -0.628364742 -0.157091215 0.761892438
v -0.094505273 0.658843994 0.390991211
vt 0.203369141 0.355224609
vn -0.791432917 0.007835963 0.611205816
v -0.086227380 0.666870117 0.398742676
vt 0.197753906 0.349365234
vn -0.622781277 -0.055183150 0.780447602
v -0.079460099 0.631134033 0.397277832
vt 0.187988281 0.357421875
vn -0.424080759 -0.337694019 0.840308428
v -0.088752709 0.616775513 0.381591797
vt 0.186767578 0.365966797
vn -0.574002922 -0.542550802 0.613318384
v -0.104324304 0.623748779 0.364074707
vt 0.194824219 0.378417969
vn -0.860136211 -0.291972876 0.418231517
v -0.098442040 0.605087280 0.356750488
vt 0.183593750 0.381835938
vn -0.698345304 -0.510027528 0.502181053
v -0.081130944 0.609130859 0.376739502
vt 0.180175781 0.367431641
vn -0.433285713 -0.535698771 0.724769115
v -0.112449609 0.591735840 0.320678711
vt 0.180908203 0.406250000
vn -0.700765610 -0.433057457 0.566911638
vt 0.169433594 0.394531250
v -0.077125512 0.594955444 0.374267578
vt 0.169433594 0.375000000
vn -0.566770911 -0.590386569 0.574642956
vt 0.167236328 0.402832031
vt 0.178222656 0.418945312
v -0.115608178 0.619720459 0.335510314
vt 0.197021484 0.395751953
vn -0.763921499 -0.259890825 0.590661168
v -0.129745454 0.610412598 0.316833556
vt 0.193847656 0.411621094
vn -0.605773568 -0.330421984 0.723781586
v -0.134872407 0.601028442 0.308990538
vt 0.189941406 0.419433594
vn -0.655456007 -0.276397139 0.702838540
v -0.144988984 0.626434326 0.309265196
vt 0.204833984 0.418212891
vn -0.725467145 -0.212908864 0.654497743
v -0.147369355 0.596466064 0.294799864
vt 0.190429688 0.431640625
vn -0.725151598 -0.189170003 0.662095129
vt 0.174560547 0.439941406
vt 0.185546875 0.443603516
vt 0.193359375 0.451660156
v -0.132598847 0.643051147 0.324096739
vt 0.212890625 0.403564453
vn -0.669956207 -0.047291033 0.740892947
v -0.165649384 0.615417480 0.276733458
vt 0.205322266 0.443603516
vn -0.842519641 -0.141732275 0.519685149
v -0.177780122 0.597671509 0.252807677
vt 0.201416016 0.462890625
vn -0.892590642 0.023697080 0.450244993
vt 0.184570312 0.488281250
v -0.155532807 0.648117065 0.302825987
vt 0.219238281 0.421630859
vn -0.778442323 -0.133671924 0.613318384
v -0.179656953 0.623031616 0.247650176
vt 0.217285156 0.461669922
vn -0.931243658 -0.031567611 0.363027334
v -0.168395966 0.651931763 0.282959044
vt 0.225585938 0.435302734
vn -0.911804318 -0.039301936 0.408740014
v -0.185150132 0.615783691 0.232070953
vt 0.217773438 0.472900391
vn -0.945732474 0.078811012 0.315244287
vt 0.209960938 0.499755859
v -0.176589951 0.673065186 0.256988585
vt 0.242919922 0.447753906
vn -0.972582757 0.071164548 0.221401080
v -0.189117417 0.621719360 0.212951690
vt 0.227294922 0.483154297
vn -0.979571700 0.142195836 0.142196015
v -0.193756089 0.612091064 0.192245513
vt 0.229492188 0.497314453
vn -0.969105005 0.220609218 0.110304751
vt 0.212402344 0.529052734
v -0.175964341 0.694915771 0.233917266
vt 0.261718750 0.456054688
vn -0.973455131 0.211961970 0.086355016
v -0.189849839 0.631576538 0.186004668
vt 0.241699219 0.496826172
vn -0.975441039 0.220260844 0.000000118
vt 0.234619141 0.511962891
vt 0.224365234 0.529296875
vt 0.250000000 0.511474609
vt 0.237548828 0.527587891
vt 0.261230469 0.507324219
v -0.175750718 0.696411133 0.206832916
vt 0.271240234 0.470214844
vn -0.959767520 0.275343090 -0.055068512
v -0.168075547 0.714477539 0.186325088
vt 0.289062500 0.475830078
vn -0.931330740 0.315705299 -0.181530461
v -0.173278779 0.680786133 0.265716612
vt 0.245605469 0.440917969
vn -0.945468307 0.173335820 0.275761694
vt 0.295166016 0.499023438
vt 0.268554688 0.516357422
v -0.164672837 0.726928711 0.200408950
vt 0.291259766 0.464843750
vn -0.899284184 0.433865160 -0.055219106
v -0.155853257 0.733581543 0.169204727
vt 0.306884766 0.478271484
vn -0.862964272 0.455017447 -0.219663516
vt 0.314941406 0.487548828
vt 0.314453125 0.504394531
v -0.138000488 0.755798340 0.159820572
vt 0.324707031 0.474609375
vn -0.739997029 0.629784584 -0.236169174
vt 0.331054688 0.485107422
v -0.148269638 0.751556396 0.189392105
vt 0.310546875 0.461914062
vn -0.781346381 0.615606129 -0.102600954
v -0.163986191 0.727569580 0.236236587
vt 0.279785156 0.445800781
vn -0.916002095 0.394828469 0.071069226
v -0.154235825 0.745483398 0.215271011
vt 0.297607422 0.450683594
vn -0.811905026 0.583310425 0.023647800
v -0.125831604 0.775665283 0.187942520
vt 0.328369141 0.452392578
vn -0.671082854 0.734243572 -0.102636136
v -0.133102402 0.770019531 0.224456802
vt 0.311279297 0.435791016
vn -0.725760698 0.686317086 0.047332279
v -0.155456528 0.739227295 0.248168960
vt 0.283935547 0.435302734
vn -0.794635415 0.574340403 0.196692005
v -0.166091904 0.709533691 0.264648497
vt 0.262207031 0.434570312
vn -0.916002095 0.323759317 0.236897200
v -0.118728630 0.774139404 0.160827652
vt 0.339355469 0.466796875
vn -0.583020747 0.764229774 -0.275752932
vt 0.350097656 0.482666016
v -0.156829804 0.719238281 0.279907286
vt 0.264404297 0.422363281
vn -0.828984678 0.418439895 0.371069431
v -0.142700166 0.720367432 0.301391661
vt 0.262451172 0.406738281
vn -0.676389933 0.369655013 0.637065053
v -0.165359467 0.684478760 0.285827696
vt 0.243164062 0.427246094
vn -0.900180757 0.165822744 0.402712584
v -0.158126801 0.695739746 0.294891417
vt 0.248291016 0.418701172
vn -0.780447364 0.244382530 0.575481594
v -0.156158417 0.668182373 0.303466856
vt 0.231201172 0.417968750
vn -0.763093770 0.039334729 0.645089746
v -0.144821137 0.684143066 0.311615050
vt 0.239257812 0.406738281
vn -0.611957610 0.149066627 0.776715577
v -0.126556367 0.657104492 0.327728331
vt 0.220947266 0.396728516
vn -0.590167046 0.141640112 0.794758558
v -0.137786835 0.698577881 0.313049376
vt 0.247802734 0.401855469
vn -0.824271262 0.164854258 0.541664124
v -0.133163422 0.688201904 0.329162657
vt 0.240966797 0.392578125
vn -0.793775916 -0.330085039 0.510846019
v -0.134246796 0.703186035 0.328826964
vt 0.248779297 0.392333984
vn -0.835059941 0.267849416 0.480553508
v -0.126373261 0.719818115 0.326080382
vt 0.259521484 0.389404297
vn -0.580450177 0.658889413 0.478479266
v -0.117515534 0.714111328 0.338501036
vt 0.254882812 0.382080078
vn -0.360642821 0.407683253 0.838886857
vt 0.067138672 0.627929688
v 0.089569122 0.601623535 0.304870605
vt 0.064941406 0.614746094
vn 0.638092160 -0.259963363 0.724746466
vt 0.085205078 0.627441406
vt 0.088134766 0.613037109
vt 0.052246094 0.626953125
vt 0.059082031 0.638427734
v 0.067878760 0.593872070 0.318725586
vt 0.081054688 0.601562500
vn 0.675742507 -0.432160795 0.597167671
v 0.090812713 0.619293213 0.312774658
vt 0.059082031 0.604980469
vn 0.695158362 -0.276483327 0.663559973
vt 0.045166016 0.614990234
vt 0.045898438 0.603271484
v 0.073112525 0.632827759 0.334045410
vt 0.057861328 0.582031250
vn 0.740249455 -0.062999882 0.669374228
vt 0.101318359 0.603515625
v 0.069442786 0.620819092 0.334320068
vt 0.065429688 0.583984375
vn 0.804973423 -0.284108192 0.520865023
v 0.063148536 0.643020630 0.352905273
vt 0.058837891 0.565185547
vn 0.926067293 0.109872438 0.361009151
v 0.049232520 0.582672119 0.333099365
vt 0.097656250 0.594238281
vn 0.593019843 -0.656275153 0.466508776
vt 0.115234375 0.586914062
v 0.057186164 0.634170532 0.368652344
vt 0.070556641 0.559814453
vn 0.883095205 -0.197119400 0.425777912
v 0.053550757 0.651809692 0.379638672
vt 0.063964844 0.548828125
vn 0.888965011 -0.039334677 0.456282794
v 0.048305552 0.634918213 0.383270264
vt 0.070556641 0.540283203
vn 0.813321412 -0.181615382 0.552742541
v 0.055702247 0.610885620 0.354095459
vt 0.080566406 0.572753906
vn 0.766038895 -0.434351861 0.473838419
v 0.023174327 0.590652466 0.373931885
vt 0.108642578 0.562011719
vn 0.418231487 -0.749660075 0.512925267
vt 0.130371094 0.572021484
v 0.030429881 0.596435547 0.372528076
vt 0.100585938 0.561767578
vn 0.670518935 -0.528526604 0.520638108
v 0.023700755 0.598434448 0.380310059
vt 0.106689453 0.555175781
vn 0.141930550 -0.504641414 0.851582527
vt 0.149414062 0.560546875
v 0.036994975 0.607894897 0.373382568
vt 0.091308594 0.555664062
vn 0.433487773 -0.575356305 0.693580210
v 0.048172038 0.614364624 0.371246338
vt 0.083007812 0.557617188
vn 0.745401978 -0.447241068 0.494319081
v 0.040473979 0.618835449 0.384460449
vt 0.084228516 0.544921875
vn 0.564971030 -0.439421773 0.698366821
v -0.028331716 0.592834473 0.379547119
vt 0.146484375 0.542724609
vn -0.007837762 -0.556490541 0.830816984
vt 0.162841797 0.556884766
vt 0.172851562 0.531982422
v 0.047908824 0.637756348 0.394500732
vt 0.068115234 0.543457031
vn 0.518705249 0.275070965 0.809494317
v 0.060035747 0.633346558 0.388061523
vt 0.066650391 0.539306641
vn 0.645089626 0.763093948 -0.039334856
v -0.013753849 0.619659424 0.393707275
vt 0.123779297 0.527587891
vn 0.071138039 -0.331976891 0.940601230
v 0.049797099 0.632766724 0.389343262
vt 0.067871094 0.533691406
vn -0.525397301 -0.839067340 -0.141151398
v 0.066429175 0.621002197 0.381195068
vt 0.062255859 0.541992188
vn -0.196436852 0.110004514 -0.974326193
v 0.068336532 0.618255615 0.387634277
vt 0.059814453 0.539306641
v 0.082428016 0.606674194 0.375793457
vt 0.054931641 0.547607422
vn -0.606280506 -0.779503524 -0.157475337
vt 0.068359375 0.529541016
v 0.033004802 0.641067505 0.398254395
vt 0.078125000 0.524414062
vn 0.385194540 -0.322305471 0.864722133
v 0.006667179 0.619583130 0.389251709
vt 0.108886719 0.534667969
vn 0.086582117 -0.519491792 0.850077629
v 0.027633710 0.619049072 0.391448975
vt 0.092041016 0.538330078
vn 0.181327477 -0.646471381 0.741077006
v -0.024925191 0.633117676 0.391967773
vt 0.126464844 0.515380859
vn 0.000000135 -0.517953753 0.855408609
v 0.037841838 0.651428223 0.396942139
vt 0.070312500 0.518066406
vn 0.614726245 0.031524476 0.788110375
vt 0.063720703 0.532470703
vt 0.060791016 0.524169922
v 0.049446147 0.657562256 0.391204834
vt 0.063720703 0.518066406
vn 0.402211368 -0.268140763 0.875400901
v 0.066345252 0.645431519 0.377532959
vt 0.055419922 0.525390625
vn 0.015757419 -0.858773649 0.512112796
v 0.068664588 0.651672363 0.378997803
vt 0.054931641 0.522460938
vn 0.629745662 0.259770095 0.732079208
v 0.050773662 0.662109375 0.384582520
vt 0.061035156 0.515136719
vn 0.812789261 0.528707683 0.244625777
v 0.046382941 0.672424316 0.384002686
vt 0.059570312 0.508056641
vn 0.956021607 0.134317145 0.260733038
v 0.033191722 0.669677734 0.400299072
vt 0.066162109 0.503662109
vn 0.434677482 0.165967777 0.885161102
v 0.011128468 0.655029297 0.410125732
vt 0.088623047 0.507324219
vn 0.227719188 -0.007852328 0.973695219
v 0.011904759 0.634338379 0.404541016
vt 0.096191406 0.521240234
vn 0.212374836 -0.369689286 0.904558897
v -0.001155335 0.684387207 0.407989502
vt 0.087890625 0.484619141
vn 0.322106659 0.086418897 0.942750871
v -0.001212442 0.628768921 0.401702881
vt 0.107910156 0.522216797
vn -0.204300418 -0.660047829 0.722909629
v -0.006945567 0.647613525 0.410430908
vt 0.104980469 0.506591797
vn -0.070741117 -0.212223724 0.974657297
v -0.018047290 0.668121338 0.408905029
vt 0.106445312 0.490234375
vn 0.031411599 -0.141351521 0.989461064
v -0.026615100 0.650711060 0.406585693
vt 0.119140625 0.498779297
vn 0.007860035 -0.353695333 0.935327649
v -0.016639667 0.685638428 0.417297363
vt 0.099365234 0.477783203
vn 0.291338712 -0.330708623 0.897637725
v 0.006960909 0.696289062 0.399688721
vt 0.076416016 0.476562500
vn 0.536765993 0.568340361 0.623595655
v 0.039535560 0.679901123 0.388153076
vt 0.056640625 0.489990234
vn 0.545578182 0.751158416 0.371625632
v -0.012059170 0.697662354 0.417816162
vt 0.092773438 0.471679688
vn 0.339203775 0.276096046 0.899284124
v -0.030380206 0.686798096 0.418304443
vt 0.107421875 0.472412109
vn -0.102387458 -0.189023212 0.976620197
v -0.031373933 0.667633057 0.408813477
vt 0.115722656 0.485595703
vn -0.094699673 -0.220966160 0.970673025
v -0.036037404 0.702453613 0.414611816
vt 0.104980469 0.459228516
vn -0.251843512 0.503687263 0.826361954
v -0.012908896 0.707550049 0.408782959
vt 0.088134766 0.462890625
vn 0.268140823 0.875400960 0.402211189
v -0.043254811 0.690185547 0.414916992
vt 0.113525391 0.464355469
vn -0.503250957 -0.110086150 0.857099533
v -0.051479299 0.666046143 0.410736084
vt 0.128417969 0.476806641
vn -0.086751312 0.070978485 0.993698299
v -0.048862416 0.683258057 0.407470703
vt 0.121093750 0.465820312
vn -0.290645510 0.109974049 0.950489819
v -0.057613332 0.695098877 0.400421143
vt 0.120849609 0.450683594
vn -0.519347012 0.511478245 0.684593916
v -0.036640126 0.708343506 0.406768799
vt 0.102294922 0.452880859
vn -0.267013907 0.918841958 0.290573955
vt 0.140625000 0.455810547
vt 0.132568359 0.445800781
v -0.069953874 0.654724121 0.406860352
vt 0.144531250 0.474365234
vn -0.353008956 -0.062757149 0.933512926
vt 0.150390625 0.457275391
vt 0.160888672 0.470703125
vt 0.160644531 0.486083984
v -0.052749589 0.645782471 0.409820557
vt 0.137451172 0.488037109
vn -0.078965552 -0.284276426 0.955484867
v -0.049159966 0.705780029 0.391204834
vt 0.110351562 0.440185547
vn -0.347113758 0.915118039 0.205112666
v -0.047885850 0.629852295 0.402496338
vt 0.140869141 0.501953125
vn 0.189328998 -0.615318775 0.765204191
v -0.074188188 0.618515015 0.391693115
vt 0.162109375 0.499267578
vn -0.134120330 -0.639044583 0.757386208
vt 0.173828125 0.498535156
vt 0.173095703 0.508544922
v -0.055049855 0.620223999 0.389648438
vt 0.150878906 0.510009766
vn -0.023597786 -0.527020156 0.849525154
v -0.033863027 0.619842529 0.393859863
vt 0.137451172 0.519775391
vn -0.062803417 -0.306167305 0.949903846
v -0.068016008 0.603973389 0.383758545
vt 0.165527344 0.517089844
vn -0.165920958 -0.418753237 0.892813563
vt 0.176513672 0.520263672
vt 0.192626953 0.512207031
vt 0.189697266 0.532958984
vt 0.207275391 0.529052734
vt 0.011962891 0.715087891
vt 0.000000000 0.705810547
v 0.086425826 0.605728149 0.379852295
vt 0.010253906 0.707031250
vn 0.774056911 0.631883264 0.039492574
vt 0.003906250 0.690429688
vt 0.017578125 0.696777344
vt 0.000976562 0.678466797
vt 0.982177734 0.548828125
v 0.065849341 0.655639648 0.339477539
vt 0.960693359 0.568847656
vn 0.764680982 0.165549532 0.622781277
vt 0.958984375 0.552490234
vt 0.948486328 0.563232422
v 0.080444366 0.661163330 0.324798584
vt 0.975830078 0.564453125
vn 0.558190703 0.180822372 0.809769392
vt 0.999755859 0.560791016
vt 0.990234375 0.570312500
v 0.055763278 0.664764404 0.354461670
vt 0.948730469 0.577636719
vn 0.894895673 0.345398366 0.282598466
vt 0.931152344 0.564453125
vt 0.929199219 0.570556641
vt 0.921630859 0.562011719
vt 0.925537109 0.574218750
v 0.049705539 0.672790527 0.354248047
vt 0.948974609 0.585693359
vn 0.709983170 0.694205880 0.118330412
v 0.065582305 0.662628174 0.335601807
vt 0.964355469 0.572998047
vn 0.703035891 0.537150979 0.466057301
v 0.067825347 0.668518066 0.328033447
vt 0.971435547 0.574218750
vn 0.567757130 -0.134053677 0.812207878
vt 0.986816406 0.581054688
v 0.054653201 0.674102783 0.337188721
vt 0.963134766 0.584472656
vn 0.496232361 -0.055136856 0.866437197
v 0.033767734 0.689086914 0.340545654
vt 0.957519531 0.602539062
vn 0.055219300 0.433865160 0.899284065
v 0.025636707 0.692810059 0.353240967
vt 0.948730469 0.609375000
vn 0.631784678 0.766038954 0.118459523
v 0.065063506 0.694000244 0.344299316
vt 0.978027344 0.593994141
vn 0.354980737 -0.086772986 0.930837929
vt 0.994384766 0.591308594
v 0.052482639 0.691009521 0.345428467
vt 0.969726562 0.596923828
vn -0.094126925 -0.172566235 0.980490208
v 0.067199737 0.713531494 0.339721680
vt 0.987548828 0.605712891
vn 0.371069431 0.418439984 0.828984678
vt 0.999267578 0.608154297
v 0.047802001 0.712219238 0.343200684
vt 0.975585938 0.612304688
vn -0.133506835 0.329840690 0.934548557
v 0.056831390 0.726684570 0.330749512
vt 0.988769531 0.620117188
vn 0.015757859 0.756374717 0.653948903
vt 0.991455078 0.628906250
v 0.029832870 0.714050293 0.334625244
vt 0.967041016 0.623291016
vn 0.110356137 0.370480984 0.922261059
vt 0.973144531 0.644531250
v 0.026773484 0.692474365 0.335601807
vt 0.957275391 0.610351562
vn 0.647458136 0.426374882 0.631666362
v 0.018590959 0.720794678 0.340393066
vt 0.960693359 0.631347656
vn 0.535167813 0.306934506 0.787011325
v -0.005954710 0.727996826 0.352447510
vt 0.949707031 0.647216797
vn 0.354484707 0.464768797 0.811375856
v -0.001840737 0.714691162 0.358917236
vt 0.945312500 0.635742188
vn 0.509980559 0.533518016 0.674743295
v 0.019607576 0.705963135 0.343780518
vt 0.955566406 0.621582031
vn 0.714192510 0.353172153 0.604316533
v 0.083618201 0.655227661 0.371856689
vt 0.014892578 0.776123047
vn -0.438935727 -0.705432355 -0.556507587
v 0.099922217 0.652938843 0.364868164
vt 0.024658203 0.776611328
vn 0.023680713 0.268382937 -0.963021278
v 0.094574012 0.656005859 0.372314453
vt 0.031250000 0.785156250
vn 0.415039062 -0.211434871 0.884894311
v 0.076805152 0.665313721 0.374511719
vt 0.027343750 0.759033203
vn 0.260928571 0.909296930 -0.324184179
vt 0.992675781 0.394531250
v 0.084457435 0.637466431 0.370788574
vt 0.998779297 0.383300781
vn 0.039387316 -0.244200453 0.968924582
vt 0.997314453 0.395996094
vt 0.999511719 0.404785156
v 0.065742530 0.663024902 0.378967285
vt 0.614501953 0.085449219
vn -0.448304981 -0.833689988 -0.322464913
vt 0.615722656 0.091552734
vt 0.608642578 0.099853516
vt 0.602539062 0.103759766
v 0.054496806 0.669830322 0.392120361
vt 0.606445312 0.073486328
vn 0.290403962 -0.722085178 0.627900183
vt 0.613037109 0.070800781
vt 0.594726562 0.088623047
vt 0.614257812 0.056396484
v 0.045303386 0.670959473 0.402587891
vt 0.607421875 0.064453125
vn 0.267749816 0.669374406 0.692999303
vt 0.598388672 0.061279297
v 0.055931129 0.675109863 0.386138916
vt 0.599853516 0.073486328
vn 0.338530183 0.928989947 -0.149583220
vt 0.591552734 0.082275391
vt 0.594970703 0.067626953
vt 0.052246094 0.490234375
vt 0.048339844 0.492431641
vt 0.043212891 0.476074219
v 0.029417075 0.690734863 0.382537842
vt 0.059326172 0.470947266
vn 0.568890095 0.813828886 0.118518665
vt 0.044433594 0.462646484
v -0.002096972 0.705963135 0.390289307
vt 0.073486328 0.462158203
vn 0.394976228 0.900545895 0.181689009
v 0.001098668 0.708312988 0.365081787
vt 0.060058594 0.448974609
vn 0.409817398 0.898445904 0.157621980
vt 0.056152344 0.445068359
v -0.022331199 0.709899902 0.393707275
vt 0.086914062 0.450195312
vn 0.047088142 0.988851488 0.141264439
v -0.022783246 0.714843750 0.364471436
vt 0.075683594 0.434570312
vn 0.149564639 0.755694807 0.637617409
vt 0.051025391 0.434570312
v -0.036567654 0.715515137 0.361846924
vt 0.089355469 0.428710938
vn -0.274841726 0.753851771 0.596799374
v -0.024311036 0.750823975 0.344757080
vt 0.066894531 0.410644531
vn 0.000000086 0.545544028 0.838082135
vt 0.053955078 0.401367188
vt 0.038574219 0.406250000
vt 0.035400391 0.387695312
vt 0.060791016 0.389160156
vt 0.046142578 0.381347656
vt 0.078369141 0.399414062
vt 0.096191406 0.417724609
v -0.051876035 0.707397461 0.361541748
vt 0.109130859 0.422119141
vn -0.482685000 0.830851197 0.276950419
vt 0.113525391 0.410644531
vt 0.117919922 0.419189453
v -0.063804589 0.700714111 0.384216309
vt 0.120605469 0.436035156
vn -0.502800465 0.856332064 0.117843896
vt 0.134765625 0.433837891
vt 0.391601562 0.236816406
vt 0.404052734 0.236083984
v -0.058685336 0.006256074 -0.376556337
vt 0.401855469 0.244140625
vn -0.408790469 -0.267286062 -0.872610211
vt 0.414062500 0.245849609
v -0.070915252 0.035217255 -0.362213075
vt 0.388183594 0.246337891
vn -0.488249689 0.157499790 -0.858374178
v -0.073608428 0.004974335 -0.370452821
vt 0.401123047 0.250488281
vn -0.015789686 -0.963171303 -0.268424749
v -0.088226348 0.014373749 -0.358612001
vt 0.394775391 0.255371094
vn -0.425196975 0.330708593 -0.842519641
v -0.091629058 0.003662080 -0.362396181
vt 0.399902344 0.257324219
vn 0.102245048 -0.990989983 0.086515032
v -0.096801788 0.007019013 -0.360443056
vt 0.397949219 0.259033203
vn -0.307764888 0.481375635 -0.820705950
v -0.108589202 0.017517060 -0.346527040
vt 0.389892578 0.263427734
vn -0.376786649 0.266890407 -0.887018263
v -0.120819122 0.002288789 -0.352874696
vt 0.397216797 0.269042969
vn 0.094234452 -0.989461064 0.109940149
v -0.074562095 0.011444092 -0.320159853
vt 0.416503906 0.261230469
vn 0.125824496 -0.983003378 0.133688480
vt 0.432373047 0.234130859
vt 0.440185547 0.257080078
vt 0.437988281 0.277832031
vt 0.454833984 0.274414062
vt 0.406738281 0.289306641
vt 0.389404297 0.286132812
v -0.129058868 0.004363984 -0.351226747
vt 0.394531250 0.271240234
vn -0.362711191 0.378481060 -0.851582468
v -0.138793975 0.011413574 -0.340728700
vt 0.388671875 0.274902344
vn -0.260351628 0.307688117 -0.915174961
v -0.155014068 0.009338379 -0.336242616
vt 0.386962891 0.281005859
vn -0.323668659 0.205253154 -0.923639417
v -0.159576446 0.013671875 -0.332763612
vt 0.384521484 0.282958984
vn -0.676746011 0.133775294 -0.723960698
vt 0.382568359 0.296630859
v -0.113403350 0.065551758 -0.335143983
vt 0.369873047 0.262207031
vn -0.314570934 0.102235459 -0.943712473
v -0.152130157 0.035644531 -0.331695497
vt 0.376708984 0.278564453
vn -0.283878624 0.197137788 -0.938376129
v -0.163192779 0.079803467 -0.318298280
vt 0.356689453 0.280029297
vn -0.676829875 0.078701079 -0.731920481
vt 0.348632812 0.296630859
v -0.152587920 0.077514648 -0.322357118
vt 0.359375000 0.275878906
vn -0.291113168 0.094414979 -0.952018321
v -0.093910247 0.072570771 -0.344085693
vt 0.369628906 0.253173828
vn -0.410161585 0.094652601 -0.907087862
v -0.146118194 0.121337891 -0.324859560
vt 0.343750000 0.267822266
vn -0.353695482 0.007859840 -0.935327590
v -0.117729217 0.129486084 -0.334625185
vt 0.344238281 0.254882812
vn -0.330258608 0.023589836 -0.943595707
v -0.072944671 0.089508027 -0.350830078
vt 0.365966797 0.242431641
vn -0.474030793 0.079005055 -0.876956701
v -0.065055877 0.076995820 -0.363616943
vt 0.372802734 0.238525391
vn -0.473720431 0.086848661 -0.876382470
vt 0.384765625 0.228027344
vt 0.367187500 0.229003906
v -0.061378513 0.116973847 -0.361694336
vt 0.357421875 0.232421875
vn -0.636121392 0.054973386 -0.769628167
vt 0.362548828 0.226562500
vt 0.369140625 0.220703125
v -0.067382850 0.138030976 -0.350158691
vt 0.347167969 0.234375000
vn -0.490767032 -0.031662442 -0.870715439
v -0.053188361 0.156845078 -0.367340088
vt 0.343261719 0.223876953
vn -0.615318894 -0.189328909 -0.765204012
vt 0.346923828 0.213867188
v -0.064361610 0.200012192 -0.377227783
vt 0.323486328 0.221191406
vn -0.536348462 -0.228736863 -0.812409997
v -0.083732642 0.182479843 -0.352996826
vt 0.327880859 0.233154297
vn -0.527739167 -0.275684625 -0.803423524
v -0.087623626 0.141052216 -0.343292236
vt 0.342529297 0.241699219
vn -0.322096735 -0.149264351 -0.934865713
v -0.138778716 0.145050049 -0.326721132
vt 0.335693359 0.261718750
vn -0.314814389 -0.094444342 -0.944442809
v -0.096229590 0.207275376 -0.354217529
vt 0.316162109 0.235107422
vn -0.354583770 -0.196990967 -0.914037764
v -0.164764434 0.115600586 -0.315246522
vt 0.342285156 0.276611328
vn -0.606205404 -0.015745653 -0.795152247
v -0.127700835 0.175048813 -0.336151063
vt 0.324707031 0.252685547
vn -0.300004303 -0.205266058 -0.931591809
v -0.160385162 0.153106689 -0.322357118
vt 0.329101562 0.268798828
vn -0.536164999 -0.118271738 -0.835786462
v -0.190475494 0.140045166 -0.287383974
vt 0.328125000 0.287841797
vn -0.741699696 -0.007890483 -0.670685709
v -0.155517608 0.178619370 -0.329528749
vt 0.319824219 0.263427734
vn -0.581668377 -0.078603879 -0.809619248
v -0.127502471 0.211776718 -0.345855653
vt 0.311035156 0.246826172
vn -0.416987032 -0.086544506 -0.904782832
v -0.162612945 0.206619248 -0.322540224
vt 0.307373047 0.264892578
vn -0.646070063 -0.102425791 -0.756374598
vt 0.325439453 0.302246094
vt 0.337158203 0.309082031
v -0.197235137 0.164276093 -0.280883729
vt 0.317138672 0.289062500
vn -0.748774707 -0.031527419 -0.662074327
v -0.212509185 0.191696137 -0.264404237
vt 0.303710938 0.295654297
vn -0.744874835 -0.031363212 -0.666466773
vt 0.316894531 0.310546875
v -0.105491675 0.242889389 -0.357879639
vt 0.301513672 0.232910156
vn -0.407796204 -0.078422382 -0.909698963
v -0.197662383 0.205657929 -0.283416688
vt 0.301025391 0.284912109
vn -0.762905061 -0.110110059 -0.637064874
vt 0.297851562 0.307861328
vt 0.314941406 0.314208984
v -0.225402862 0.215713471 -0.251464784
vt 0.291015625 0.301025391
vn -0.695331872 -0.181734517 -0.695331693
v -0.243911758 0.204803437 -0.229888856
vt 0.290771484 0.310791016
vn -0.719126225 -0.205464676 -0.663808584
vt 0.291748047 0.318115234
v -0.203338653 0.230270356 -0.279785097
vt 0.290527344 0.285400391
vn -0.786062598 -0.078606322 -0.613128662
v -0.190765411 0.223236054 -0.299804628
vt 0.296142578 0.276611328
vn -0.761493206 -0.188410729 -0.620185018
v -0.246704131 0.217193574 -0.238265932
vt 0.286376953 0.309082031
vn -0.748472571 -0.267874420 -0.606656551
v -0.179748565 0.240920991 -0.316009462
vt 0.291748047 0.267089844
vn -0.756374776 -0.015757868 -0.653948843
v -0.258926421 0.208801240 -0.212524354
vt 0.287353516 0.318115234
vn -0.733695090 -0.181451514 -0.654802978
v -0.154083297 0.264343262 -0.342925966
vt 0.290283203 0.250000000
vn -0.473013282 -0.102486238 -0.875074267
v -0.251724273 0.229202241 -0.224533021
vt 0.282470703 0.315673828
vn -0.881425500 0.086568519 -0.464322209
v -0.262558013 0.226776093 -0.208343446
vt 0.281738281 0.320312500
vn -0.566911638 0.480300009 -0.669270515
v -0.263809234 0.217498749 -0.220474184
vt 0.284423828 0.321777344
vn -0.031551022 0.402273744 -0.914975643
v -0.266769439 0.205474824 -0.217468202
vt 0.286376953 0.323730469
vn -0.629063845 -0.487524539 -0.605473876
v -0.274917632 0.230300874 -0.202682436
vt 0.279296875 0.324951172
vn -0.684509158 0.527150631 -0.503546834
v -0.251419097 0.239181489 -0.220992997
vt 0.280029297 0.317382812
vn -0.574714124 -0.810897887 -0.110219024
v -0.265213042 0.239028901 -0.191940263
vt 0.277343750 0.327148438
vn -0.480285197 -0.842467487 -0.244079277
v -0.243667632 0.229934663 -0.242370546
vt 0.280761719 0.311035156
vn -0.392534286 -0.894978344 0.211968645
v -0.282852203 0.245254487 -0.228301957
vt 0.272705078 0.322265625
vn -0.134337962 -0.964073002 0.229164943
v -0.296371490 0.246231049 -0.217483461
vt 0.270019531 0.330322266
vn -0.094453007 -0.991757095 0.086582035
v -0.231979400 0.228820771 -0.255248964
vt 0.283447266 0.303222656
vn -0.346790195 -0.622645974 -0.701461792
v -0.290023834 0.233383149 -0.246353075
vt 0.270996094 0.317626953
vn -0.197162315 -0.970038831 -0.141956821
v -0.295028716 0.236038178 -0.242095888
vt 0.269531250 0.321777344
vn 0.070758827 -0.935587764 0.345931649
v -0.315017730 0.238510102 -0.232421815
vt 0.265869141 0.330566406
vn -0.078436732 -0.980460048 0.180404708
v -0.332351714 0.247222871 -0.212875307
vt 0.261474609 0.339599609
vn -0.031567503 -0.962811232 0.268324465
v -0.212860137 0.234222382 -0.267761171
vt 0.286376953 0.293701172
vn -0.559749722 -0.299584389 -0.772612214
v -0.237442046 0.240051240 -0.258941591
vt 0.279785156 0.301025391
vn -0.331562996 -0.086837955 -0.939428091
v -0.218414336 0.248092622 -0.269164979
vt 0.281738281 0.291015625
vn -0.730249107 -0.007852200 -0.683135986
v -0.294815093 0.237182587 -0.247405946
vt 0.269042969 0.319580078
vn -0.189117268 0.378234237 -0.906186223
v -0.265029937 0.239776582 -0.249938920
vt 0.274169922 0.308837891
vn -0.236756980 0.662919164 -0.710270584
v -0.234039336 0.247848481 -0.256042421
vt 0.276855469 0.298583984
vn -0.533468843 0.549158931 -0.643300414
v -0.263961822 0.248306245 -0.237701371
vt 0.269531250 0.309570312
vn -0.189311311 0.899228215 -0.394398361
v -0.226501495 0.275146455 -0.251251161
vt 0.269531250 0.293701172
vn -0.922117949 0.023643991 -0.386186004
v -0.241958648 0.257644624 -0.237258866
vt 0.271728516 0.300537109
vn -0.593930185 0.752311528 -0.285086393
v -0.234710723 0.267272919 -0.235626176
vt 0.269042969 0.299072266
vn -0.900545895 0.434473902 0.015799150
v -0.251602203 0.257247895 -0.216491655
vt 0.263916016 0.308593750
vn -0.321709722 0.933742642 -0.156931534
v -0.270553619 0.257842988 -0.191329911
vt 0.257324219 0.318603516
vn -0.141679630 0.976014912 -0.165292874
v -0.283157378 0.250076264 -0.227218583
vt 0.264648438 0.318603516
vn -0.039433766 0.977955699 -0.205055252
v -0.218292266 0.271530122 -0.268341005
vt 0.274169922 0.286865234
vn -0.805023491 -0.386727035 -0.449865907
v -0.312912017 0.242172211 -0.242523134
vt 0.265380859 0.327148438
vn -0.007844524 0.745218396 -0.666774392
v -0.322402984 0.248062104 -0.233322084
vt 0.257568359 0.327880859
vn 0.023643974 0.969406009 -0.244321883
v -0.334548980 0.240844697 -0.252624452
vt 0.258056641 0.333007812
vn -0.196236938 -0.926238358 -0.321828514
v -0.354812652 0.247039765 -0.243698061
vt 0.252685547 0.336181641
vn -0.015755927 0.961106777 -0.275727361
v -0.352493316 0.247314423 -0.219604433
vt 0.257812500 0.343261719
vn -0.039409135 -0.993111670 0.110345788
v -0.230148345 0.299743623 -0.292266786
vt 0.265380859 0.280029297
vn -0.800844133 -0.494639069 -0.337610602
v -0.213928252 0.281654328 -0.295654237
vt 0.271484375 0.275634766
vn -0.660353720 -0.644630969 -0.385206223
v -0.192108184 0.265823334 -0.300842226
vt 0.280029297 0.270996094
vn -0.623595774 -0.536765933 -0.568340302
v -0.197891265 0.253097504 -0.293365419
vt 0.283447266 0.277099609
vn -0.725399673 -0.118271738 -0.678090811
v -0.179367095 0.253417939 -0.309661806
vt 0.286621094 0.267333984
vn -0.756445169 -0.007879698 -0.654009700
v -0.197265655 0.278976411 -0.315704286
vt 0.274414062 0.266113281
vn -0.560150266 -0.662712932 -0.497034609
v -0.215072662 0.298973054 -0.319030702
vt 0.265136719 0.267333984
vn -0.691137433 -0.534060717 -0.486937582
v -0.204376265 0.297920197 -0.329437196
vt 0.266845703 0.261718750
vn -0.518465042 -0.534176052 -0.667720020
v -0.178588912 0.279022187 -0.331848085
vt 0.277587891 0.257080078
vn -0.378293067 -0.630488336 -0.677774906
v -0.187515303 0.306968659 -0.345580995
vt 0.265625000 0.252929688
vn -0.401612222 -0.425236434 -0.811098933
v -0.162109405 0.269119263 -0.329193056
vt 0.284912109 0.253906250
vn -0.579595089 -0.250635713 -0.775403917
v -0.165603682 0.290245026 -0.344726503
vt 0.272216797 0.249267578
vn -0.259834588 -0.511795282 -0.818872273
v -0.163299605 0.310127228 -0.356262147
vt 0.263671875 0.243896484
vn -0.252446443 -0.394447476 -0.883562207
v -0.133026168 0.278671265 -0.345428407
vt 0.277832031 0.241699219
vn -0.164905146 -0.596799433 -0.785262287
v -0.134216353 0.292747468 -0.354278505
vt 0.271972656 0.238281250
vn -0.157499924 -0.488249540 -0.858374119
v -0.109687850 0.321472138 -0.372863770
vt 0.261962891 0.222656250
vn -0.149195343 -0.384766728 -0.910876215
v -0.152755782 0.339088410 -0.370574892
vt 0.253906250 0.234375000
vn -0.244329542 -0.323145390 -0.914264917
v -0.090309180 0.282958955 -0.352813721
vt 0.275390625 0.223876953
vn -0.007895168 -0.623712361 -0.781614125
v -0.088966414 0.299194306 -0.364501953
vt 0.269531250 0.221191406
vn -0.055295039 -0.505553901 -0.861021399
v -0.076202437 0.319549561 -0.375366211
vt 0.261962891 0.212646484
vn -0.023668420 -0.402361393 -0.915174901
v -0.087585494 0.351757020 -0.385498047
vt 0.252441406 0.209228516
vn -0.094359696 -0.235898986 -0.967185616
vt 0.253906250 0.198242188
vt 0.257324219 0.196289062
vt 0.266357422 0.207763672
v -0.126266524 0.267440796 -0.336730897
vt 0.282226562 0.239501953
vn -0.110386975 -0.512510598 -0.851556003
v -0.143295333 0.266098022 -0.338226259
vt 0.287353516 0.244140625
vn -0.000000077 0.963291407 -0.268458277
v -0.063564345 0.282676697 -0.349243164
vt 0.274169922 0.214111328
vt 0.267822266 0.199951172
vt 0.272460938 0.203125000
vt 0.275390625 0.206787109
vt 0.272949219 0.196289062
vt 0.278320312 0.204589844
v -0.069015540 0.264541626 -0.326812744
vt 0.282226562 0.213378906
vn 0.219825909 0.816496611 -0.533863246
vt 0.291503906 0.204101562
v -0.089386024 0.268783569 -0.337707520
vt 0.281738281 0.223388672
vn 0.220301703 -0.542886615 -0.810395837
v -0.099700965 0.269195557 -0.339660645
vt 0.281494141 0.228515625
vn -0.031542175 -0.165595815 -0.985689163
v -0.120544471 0.265869141 -0.338622987
vt 0.283691406 0.237060547
vn -0.078762233 0.850631058 -0.519830108
v -0.092948951 0.262619019 -0.349487305
vt 0.287597656 0.227539062
vn 0.063040927 0.961375296 -0.267924279
v -0.082611129 0.259887695 -0.368865967
vt 0.296142578 0.221191406
vn -0.204946980 0.843435287 -0.496602058
v -0.104103126 0.261947632 -0.357452393
vt 0.294921875 0.231201172
vn -0.149448976 0.873095989 -0.464078039
v -0.118408240 0.262512207 -0.353607118
vt 0.293701172 0.236816406
vn -0.299584448 0.015767543 -0.953939557
v -0.101226844 0.260253906 -0.359100342
vt 0.295410156 0.232177734
vn -0.448014200 -0.102178708 -0.888168216
v -0.128524825 0.241836533 -0.342987001
vt 0.300048828 0.243896484
vn -0.411237627 -0.134443089 -0.901559114
v -0.083320655 0.224853501 -0.363220215
vt 0.308837891 0.226318359
vn -0.552209318 -0.094664499 -0.828313768
v -0.075103804 0.258224487 -0.377990723
vt 0.300292969 0.218017578
vn -0.455972701 0.471695751 -0.754713178
vt 0.305175781 0.208007812
v -0.080421485 0.210418686 -0.368865967
vt 0.317382812 0.226562500
vn -0.621085405 -0.180822358 -0.762598276
v -0.074646033 0.223113999 -0.372161865
vt 0.312988281 0.223144531
vn -0.525850296 -0.070636645 -0.847639024
v -0.056716960 0.227493271 -0.381042480
vt 0.314208984 0.215820312
vn -0.463633746 -0.102156624 -0.880118072
vt 0.311523438 0.207763672
v -0.051296275 0.210266098 -0.384002686
vt 0.321777344 0.215332031
vn -0.511557460 -0.125921860 -0.849972129
vt 0.320556641 0.210937500
vt 0.326660156 0.210449219
vt 0.339843750 0.207275391
vt 0.102050781 0.199462891
vt 0.093994141 0.191894531
v -0.230194122 0.286239624 -0.229415849
vt 0.101562500 0.184082031
vn -0.997713923 -0.039280117 0.054992236
v -0.234222442 0.296188325 -0.272125185
vt 0.116943359 0.204345703
vn -0.956051469 -0.284445077 -0.071111120
vt 0.103515625 0.208740234
vt 0.124511719 0.218261719
v -0.229812652 0.299217224 -0.225418046
vt 0.106201172 0.177978516
vn -0.848083317 -0.526125848 0.062821120
v -0.225509658 0.279006928 -0.212158158
vt 0.092285156 0.176025391
vn -0.895640969 0.361398965 0.259264588
v -0.229583755 0.270843476 -0.200134233
vt 0.083496094 0.173828125
vt 0.088623047 0.191894531
vt 0.078125000 0.183105469
v -0.241531387 0.264724702 -0.189300492
vt 0.074951172 0.174804688
vn -0.400966227 0.912001491 -0.086482897
v -0.249694839 0.265075684 -0.166076615
vt 0.061767578 0.170898438
vn -0.189023316 0.976620197 -0.102387615
vt 0.064697266 0.185058594
v -0.233734146 0.268386811 -0.181533769
vt 0.076416016 0.170898438
vn -0.353608012 0.935096562 -0.023573857
v -0.215301529 0.277221680 -0.163467363
vt 0.073486328 0.161132812
vn -0.552209198 0.828313828 0.094664469
v -0.221054092 0.273956299 -0.127563432
vt 0.056152344 0.154296875
vn -0.227662936 0.973455131 -0.023551347
v -0.211364761 0.285919189 -0.180618241
vt 0.082763672 0.162109375
vn -0.782199323 -0.608377397 0.134317204
v -0.200912490 0.282295227 -0.138854936
vt 0.064453125 0.151611328
vn -0.878735423 -0.431521922 0.203992292
v -0.221405044 0.296066284 -0.122619577
vt 0.070800781 0.136718750
vn -0.575195611 -0.811577380 0.102432214
v -0.240234390 0.307037354 -0.165054277
vt 0.093017578 0.149658203
vn -0.653300285 -0.755624592 0.047226656
v -0.234207168 0.301765442 -0.183486894
vt 0.095458984 0.158691406
vn -0.606280446 -0.795251012 0.000000114
v -0.249084502 0.314804077 -0.205947831
vt 0.110351562 0.162597656
vn -0.702794671 -0.710691273 -0.031586152
v -0.267318755 0.333755463 -0.179443315
vt 0.112792969 0.145019531
vn -0.748309910 -0.661663592 0.047261812
v -0.270950347 0.338600129 -0.197875932
vt 0.121093750 0.150878906
vn -0.781249046 -0.623421013 -0.031565491
v -0.241836578 0.311836243 -0.249649003
vt 0.120849609 0.185546875
vn -0.676389992 -0.731445014 -0.086514883
v -0.264785796 0.334869355 -0.248748735
vt 0.135498047 0.173095703
vn -0.653037369 -0.660905361 0.369792402
v -0.235839874 0.312721223 -0.284973085
vt 0.127685547 0.206787109
vn -0.855672121 -0.510263264 -0.086352102
v -0.254898101 0.325561494 -0.256164491
vt 0.130615234 0.182861328
vn -0.284809679 -0.917720377 0.276898444
v -0.236099273 0.318023652 -0.296508729
vt 0.132568359 0.215332031
vn -0.627301514 -0.705714226 -0.329333186
v -0.239471465 0.315978974 -0.284515321
vt 0.130126953 0.204589844
vn 0.401115060 -0.841554999 0.361789972
v -0.269271880 0.315643281 -0.258178651
vt 0.138916016 0.184326172
vn 0.236756980 -0.710270584 0.662919164
v -0.247741729 0.309593171 -0.297271669
vt 0.137451172 0.212402344
vn 0.498152226 -0.853975177 -0.150236398
v -0.280532867 0.355247468 -0.251617372
vt 0.147949219 0.161132812
vn -0.906045556 -0.204845116 0.370297015
v -0.284927398 0.360034913 -0.228607133
vt 0.141845703 0.150878906
vn -0.904167414 -0.424565613 -0.047173813
v -0.257705718 0.303535432 -0.287261903
vt 0.141357422 0.204589844
vn 0.361399055 -0.895640969 0.259264469
v -0.299240142 0.314308137 -0.262603700
vt 0.155517578 0.179443359
vn -0.181231514 -0.598852336 0.780084014
v -0.304763824 0.328613251 -0.257476747
vt 0.159179688 0.170410156
vn -0.536214769 0.023656553 0.843750000
v -0.274856597 0.307067841 -0.269744813
vt 0.145263672 0.190429688
vn -0.023606589 -0.904922903 0.424920350
v -0.313003570 0.310295075 -0.276428163
vt 0.164794922 0.182617188
vn -0.330708534 -0.771653533 0.543307185
v -0.301132232 0.348556489 -0.270996034
vt 0.164550781 0.158447266
vn -0.701461852 0.599001050 0.386198133
v -0.280899078 0.368305176 -0.265411317
vt 0.158447266 0.149658203
vn -0.797031879 0.599746644 -0.071022563
v -0.320571929 0.331352204 -0.279327333
vt 0.174804688 0.166259766
vn -0.645029724 0.715825737 0.267451406
v -0.314682037 0.334403962 -0.288177431
vt 0.179199219 0.162353516
vn -0.588185608 0.807774782 -0.039212331
v -0.303054839 0.341613740 -0.310180604
vt 0.192871094 0.156005859
vn -0.648977220 0.759778142 -0.039571725
v -0.273544341 0.368717164 -0.319915712
vt 0.195068359 0.144042969
vn -0.653300345 0.755624473 -0.047226477
v -0.335067779 0.318504304 -0.287170351
vt 0.179443359 0.175048828
vn -0.613716722 -0.393408239 0.684530318
v -0.342697173 0.318290681 -0.313873231
vt 0.197753906 0.173339844
vn -0.535765409 0.843042612 -0.047273383
v -0.315322906 0.335685700 -0.323577821
vt 0.203613281 0.161865234
vn -0.550993264 0.834361196 0.015742699
v -0.291915923 0.352554291 -0.339477479
vt 0.213378906 0.154785156
vn -0.614344716 0.787621379 0.047257334
v -0.344314605 0.318084687 -0.295410097
vt 0.187011719 0.176025391
vn -0.899536014 0.126250654 0.418205529
v -0.339157134 0.293991059 -0.316772401
vt 0.189697266 0.192138672
vn -0.308370173 -0.846041501 0.434881210
v -0.351882964 0.308700532 -0.330993593
vt 0.205322266 0.184570312
vn -0.800671458 0.596578658 -0.054947961
v -0.334671050 0.320297211 -0.329376161
vt 0.208496094 0.175048828
vn -0.597610712 0.794193029 -0.110086121
v -0.329452544 0.325149506 -0.341766298
vt 0.217529297 0.176025391
vn -0.653847456 0.756257236 0.023633091
v -0.336929351 0.315742463 -0.349700868
vt 0.216308594 0.184570312
vn -0.661663532 0.748309910 -0.047261626
v -0.350326568 0.298301667 -0.323120058
vt 0.198486328 0.189453125
vn -0.831455648 -0.478479236 0.282381296
v -0.344894439 0.308410615 -0.373382509
vt 0.219970703 0.202636719
vn -0.756962299 0.646571875 -0.094620213
v -0.333877623 0.319549531 -0.395294130
vt 0.229248047 0.204833984
vn -0.755882263 0.653523028 -0.039368790
v -0.352645904 0.299568146 -0.346221864
vt 0.207519531 0.195800781
vn -0.992218256 0.102371670 -0.070872612
v -0.337997496 0.311248749 -0.394683778
vt 0.224609375 0.211425781
vn -0.898976505 0.102514803 -0.425830841
v -0.347976714 0.303535432 -0.370269716
vt 0.216308594 0.203613281
vn -0.958640993 0.031430796 -0.282877505
v -0.350662261 0.293983430 -0.354614198
vt 0.207763672 0.200927734
vn -0.620185137 -0.761493146 -0.188410565
v -0.346084625 0.291755646 -0.343872011
vt 0.200927734 0.199707031
vn -0.102629758 -0.994719684 0.000000057
v -0.341964781 0.302078217 -0.383666933
vt 0.218017578 0.211425781
vn -0.039427578 -0.914719522 -0.402161151
v -0.338821441 0.296386689 -0.363799989
vt 0.206298828 0.208740234
vn 0.401948810 -0.890592515 -0.212796465
v -0.329727203 0.293350190 -0.332305849
vt 0.189453125 0.201416016
vn 0.362081349 -0.928817272 -0.078713335
v -0.317276031 0.299064606 -0.303283632
vt 0.174072266 0.194335938
vn 0.220199615 -0.967305183 0.125828326
v -0.302047759 0.308822602 -0.328338563
vt 0.173583984 0.211914062
vn 0.323759347 -0.916002095 -0.236897096
v -0.298873931 0.304595917 -0.284789979
vt 0.160156250 0.192382812
vn -0.086805366 -0.954859972 0.284090579
v -0.304092437 0.303520173 -0.300140321
vt 0.166748047 0.197753906
vn 0.007900543 -0.995464504 -0.094806105
v -0.275314361 0.300086945 -0.289916933
vt 0.149902344 0.201171875
vn 0.007861891 -0.998453617 0.055032920
v -0.261764556 0.305442780 -0.307098329
vt 0.147216797 0.214355469
vn 0.251152366 -0.918275774 -0.306091934
v -0.283859283 0.303153962 -0.312560976
vt 0.159667969 0.209716797
vn 0.039448433 -0.962541580 -0.268249243
v -0.278366119 0.316780061 -0.344268739
vt 0.167724609 0.225097656
vn 0.133787781 -0.912904918 -0.385623634
v -0.251510680 0.335159272 -0.375549257
vt 0.166992188 0.245361328
vn 0.213260561 -0.900433540 -0.379129916
v -0.276199400 0.338218659 -0.391387880
vt 0.185791016 0.243408203
vn 0.290753305 -0.903692722 -0.314327896
v -0.240173385 0.323944062 -0.336975038
vt 0.146972656 0.232666016
vn 0.415306479 -0.869792819 -0.266423047
v -0.229934737 0.337211579 -0.365783632
vt 0.155273438 0.248046875
vn 0.527673602 -0.811199784 -0.252023250
v -0.222503707 0.335205048 -0.332885683
vt 0.138427734 0.238525391
vn -0.047041882 -0.736988664 -0.674266100
v -0.233276397 0.321639985 -0.307220399
vt 0.133789062 0.222167969
vn 0.274867207 -0.903135180 -0.329840660
v -0.225769088 0.315940827 -0.317962587
vt 0.130859375 0.229736328
vn -0.786938310 -0.377730429 -0.487901598
v -0.210159346 0.317199677 -0.337066591
vt 0.130615234 0.242187500
vn -0.583909392 -0.347189397 -0.733831942
vt 0.122070312 0.232177734
vt 0.117187500 0.223388672
vt 0.121337891 0.240722656
vt 0.123046875 0.253173828
v -0.290756255 0.322425812 -0.358886659
vt 0.180175781 0.227294922
vn 0.331232756 -0.906946838 -0.260254294
v -0.289138854 0.324737519 -0.377929628
vt 0.188476562 0.234130859
vn 0.487584770 -0.865069687 -0.117964081
v -0.285415709 0.330406159 -0.400604188
vt 0.198486328 0.242675781
vn 0.522200227 -0.846597433 -0.102857657
v -0.317001373 0.308135957 -0.356536806
vt 0.190673828 0.216064453
vn 0.472866327 -0.866921484 -0.157622099
v -0.311782897 0.319068879 -0.407989442
vt 0.213134766 0.229003906
vn 0.400557905 -0.887510657 -0.227768242
v -0.271072447 0.341361970 -0.413909853
vt 0.203857422 0.249023438
vn 0.465187460 -0.843645096 -0.268074155
v -0.296310484 0.335578889 -0.432189882
vt 0.222167969 0.238525391
vn 0.235949963 -0.747174978 -0.621334970
v -0.326858580 0.315200776 -0.409423769
vt 0.226074219 0.220458984
vn -0.078740202 -0.803149581 -0.590551138
v -0.316848814 0.330581635 -0.426452577
vt 0.232421875 0.225830078
vn -0.401861578 -0.244268790 -0.882519245
v -0.323196471 0.328391999 -0.417877138
vt 0.234130859 0.217285156
vn -0.786840796 0.582262158 -0.204578519
v -0.297134459 0.353206605 -0.433502138
vt 0.243164062 0.219726562
vn -0.496494263 0.425566345 -0.756562471
v -0.302108824 0.351158112 -0.411712587
vt 0.244140625 0.198486328
vn -0.662383199 0.749123812 -0.007885460
v -0.316391051 0.337966889 -0.395690858
vt 0.237548828 0.197509766
vn -0.691201389 0.722619474 -0.007854500
v -0.305740416 0.345626801 -0.376220644
vt 0.233154297 0.176269531
vn -0.596578717 0.800671399 0.054948084
v -0.297226012 0.350639313 -0.386199892
vt 0.238281250 0.178222656
vn -0.622162998 0.779672623 0.070879370
v -0.288864195 0.361350983 -0.401092470
vt 0.245361328 0.178222656
vn -0.714126527 0.698431373 0.047085326
v -0.289566100 0.357158631 -0.369659364
vt 0.232666016 0.165283203
vn -0.677228332 0.732351601 0.070872791
v -0.281814635 0.369167298 -0.390655458
vt 0.242919922 0.163818359
vn -0.572747290 0.815968633 0.078458562
v -0.276840240 0.366477937 -0.349395692
vt 0.216552734 0.149658203
vn -0.622491241 0.780084014 0.063037135
v -0.266250670 0.374816865 -0.361205995
vt 0.219482422 0.145263672
vn -0.505317450 0.860618830 0.063164711
v -0.252121001 0.383157700 -0.344024599
vt 0.212646484 0.140380859
vn -0.541931272 0.840386152 -0.007854043
v -0.212921143 0.280166626 -0.025823545
vt 0.613525391 0.477050781
vn -0.054951474 0.996975780 -0.054951459
v -0.206222534 0.277603149 -0.095191903
vt 0.614257812 0.500976562
vn -0.086902961 0.995433331 -0.039501354
v -0.254745483 0.271697998 -0.089080758
vt 0.593750000 0.503906250
vn -0.110089630 0.990806222 -0.078635439
v -0.184860229 0.278823853 -0.094360307
vt 0.623535156 0.502197266
vn -0.235086367 0.963853955 0.125379354
v -0.187301651 0.280288696 -0.101997331
vt 0.623046875 0.504638672
vn -0.932260334 0.189612269 0.308120102
vt 0.611572266 0.518798828
v -0.171630859 0.278915405 -0.061546285
vt 0.631347656 0.490234375
vn -0.125956967 0.991910815 0.015744589
v -0.174087524 0.279327393 -0.050517995
vt 0.630126953 0.484863281
v -0.152053833 0.281578064 0.009335558
vt 0.642089844 0.464843750
v -0.218582153 0.282424927 0.013229419
vt 0.612548828 0.463867188
v -0.134796128 0.283462524 0.043109931
vt 0.651123047 0.457275391
v -0.241271958 0.281158447 0.025482230
vt 0.597412109 0.463134766
vn -0.078869902 0.993760109 -0.078869887
v -0.282180786 0.271347046 -0.065971315
vt 0.582275391 0.492675781
vn -0.055260539 0.994688690 -0.086837940
v -0.263351440 0.280715942 0.035556845
vt 0.587646484 0.460693359
vn -0.031562723 0.994224012 -0.102578700
vt 0.599609375 0.539306641
vt 0.608642578 0.542480469
v -0.267410278 0.265151978 -0.141494706
vt 0.592041016 0.528564453
vn -0.102713123 0.987625599 -0.118515112
vt 0.590576172 0.555175781
v -0.292831451 0.258377045 -0.172378480
vt 0.578369141 0.550048828
vn -0.063219935 0.987810552 -0.142244741
v -0.309707642 0.263885498 -0.122528017
vt 0.574218750 0.523193359
vn -0.031507850 0.992495358 -0.118154250
v -0.332626343 0.271942139 -0.045684747
vt 0.554687500 0.482910156
vn -0.007894412 0.994688690 -0.102626652
v -0.328292876 0.254714936 -0.190734804
vt 0.560058594 0.558837891
vn -0.000000061 0.991020679 -0.133709177
vt 0.579589844 0.570312500
v -0.329269409 0.276931763 0.009838168
vt 0.562011719 0.463378906
vn 0.007894297 0.994688690 -0.102626652
v -0.325668335 0.278869629 0.030885760
vt 0.567871094 0.457763672
v -0.400039673 0.275558472 -0.018150257
vt 0.529052734 0.469970703
vn 0.015759701 0.992864966 -0.118198253
v -0.412277222 0.262268066 -0.128936693
vt 0.531494141 0.521728516
vn -0.007880674 0.992957532 -0.118209280
v -0.404098511 0.269012451 -0.069450304
vt 0.524658203 0.492431641
vn -0.007887779 0.993852854 -0.110428140
v -0.419876099 0.271224976 -0.053943556
vt 0.516113281 0.482421875
vn -0.173158646 0.968113899 -0.181029439
v -0.412460327 0.274887085 -0.020612642
vt 0.523437500 0.469726562
vn -0.323759407 0.916002095 -0.236897096
v -0.420516968 0.269622803 -0.043640058
vt 0.513671875 0.477294922
vn -0.086283080 -0.988334119 0.125502810
vt 0.549804688 0.582519531
vt 0.532958984 0.583984375
v -0.361679107 0.248779267 -0.237426698
vt 0.530029297 0.580810547
vn 0.023536772 0.988547087 -0.149066672
v -0.415115386 0.254775971 -0.194793627
vt 0.520019531 0.557373047
vn 0.007880556 0.992957532 -0.118209280
v -0.376998931 0.248596162 -0.245040834
vt 0.516845703 0.581054688
vn 0.070978388 0.993698299 -0.086751491
v -0.403945923 0.266784668 -0.063423082
vt 0.504638672 0.486816406
v -0.417312652 0.250091523 -0.234283373
vt 0.506591797 0.571289062
vn -0.078436866 0.980460048 -0.180404678
v -0.387710601 0.247100800 -0.263671815
vt 0.498779297 0.584228516
vn -0.070785068 0.951664925 -0.298869997
v -0.400711089 0.244979829 -0.251525819
vt 0.499511719 0.578857422
vn -0.220410928 -0.968233824 -0.118077226
v -0.419906646 0.247268647 -0.228668138
vt 0.504394531 0.569335938
vn -0.197580576 -0.979999900 -0.023709605
v -0.376815826 0.244811982 -0.248947084
vt 0.483886719 0.578369141
vn 0.000000056 -0.995495498 0.094809145
v -0.436019927 0.253829926 -0.202651903
vt 0.507812500 0.558593750
vn -0.274757177 0.934174240 -0.227655932
v -0.444381744 0.257873535 -0.169555590
vt 0.510498047 0.544189453
vn -0.094150290 0.988577425 -0.117687821
v -0.435501128 0.250167817 -0.202270433
vt 0.505126953 0.559082031
vn -0.047351323 -0.994378924 0.094702810
v -0.445053130 0.254028291 -0.170516893
vt 0.508300781 0.544433594
vn -0.251283884 -0.965872645 0.062821060
vt 0.474609375 0.574462891
vt 0.482421875 0.579589844
v -0.358169585 0.246688813 -0.235046327
vt 0.472412109 0.572265625
vn 0.134287760 -0.979510546 -0.150086269
vt 0.466796875 0.564697266
vt 0.471191406 0.575683594
v -0.420150787 0.252960175 -0.175506517
vt 0.495849609 0.546386719
vn -0.007887663 -0.993852854 0.110428140
v -0.446762085 0.257553101 -0.137756273
vt 0.509521484 0.528808594
vn -0.078564934 -0.989919007 0.117847554
v -0.442733765 0.262741089 -0.121299662
vt 0.512695312 0.520751953
vn -0.149601728 0.984221458 -0.094485283
v -0.441665649 0.260635376 -0.112419046
vt 0.510009766 0.514160156
vn -0.079022318 -0.987779796 0.134338111
v -0.445022583 0.265228271 -0.099067606
vt 0.512939453 0.510009766
vn -0.172688574 0.981184721 -0.086344279
v -0.439193726 0.267547607 -0.077262796
vt 0.512695312 0.499511719
v -0.437728882 0.264816284 -0.079452433
vt 0.511230469 0.500000000
vn -0.063070312 -0.985474706 0.157676011
v -0.382827759 0.261062622 -0.102455065
vt 0.486816406 0.503417969
v -0.331466705 0.252700776 -0.170394838
vt 0.458251953 0.532470703
vn -0.023635916 -0.992710948 0.118179925
v -0.329360962 0.268798828 -0.043147974
vt 0.473144531 0.473144531
vn -0.244018823 -0.968203902 0.055101108
vt 0.455078125 0.570068359
vt 0.458496094 0.558593750
v -0.326034576 0.250442475 -0.190780580
vt 0.455566406 0.544189453
vn -0.117771141 -0.989277959 0.086365603
vt 0.444091797 0.557373047
v -0.311386108 0.257995605 -0.126678407
vt 0.453125000 0.507568359
vn -0.306431830 -0.950724602 0.047143452
v -0.309402466 0.251266479 -0.148849428
vt 0.449462891 0.519287109
vn -0.337693989 -0.926695287 0.164920434
v -0.304153442 0.246231064 -0.166000307
vt 0.446044922 0.528320312
vn -0.244382516 -0.969646931 -0.007883235
v -0.275375396 0.240356416 -0.175338700
vt 0.434082031 0.534667969
vn -0.252753228 -0.963621795 -0.086883858
vt 0.429443359 0.543457031
v -0.294540405 0.242279038 -0.150100648
vt 0.441650391 0.518310547
vn -0.875047266 -0.417815387 -0.244382426
v -0.286270142 0.240341172 -0.161239564
vt 0.437500000 0.525390625
vn -0.742926419 -0.260814607 -0.616470695
v -0.272293121 0.235290498 -0.171447694
vt 0.431640625 0.533447266
vn -0.353892237 0.880798221 -0.314570755
vt 0.422607422 0.540527344
vt 0.420410156 0.547119141
v -0.281875640 0.233825654 -0.188003480
vt 0.426269531 0.531250000
vn -0.881480157 0.283332795 -0.377777070
v -0.288375854 0.233047470 -0.168304369
vt 0.433105469 0.524169922
vn -0.946173489 -0.015769612 -0.323275775
v -0.295455933 0.215728745 -0.140472338
vt 0.431152344 0.509033203
vn -0.925839186 -0.031384435 -0.376612425
v -0.275466949 0.207778901 -0.201507509
vt 0.413818359 0.534667969
vn -0.891395688 -0.236653775 -0.386534274
v -0.282577515 0.203674287 -0.175781190
vt 0.418457031 0.522705078
vn -0.945732534 -0.126097709 -0.299481809
vt 0.409179688 0.541259766
v -0.283554077 0.190017685 -0.164321840
vt 0.414550781 0.516845703
vn -0.902912557 -0.070662767 -0.423976213
v -0.272262603 0.197662324 -0.187087953
vt 0.410400391 0.527587891
vn -0.826361954 -0.251843661 -0.503687084
vt 0.405029297 0.540527344
vt 0.406005859 0.518554688
vt 0.397705078 0.531005859
vt 0.404052734 0.506591797
vt 0.389160156 0.519042969
v -0.303329468 0.162582383 -0.126495287
vt 0.406738281 0.498535156
vn -0.937822282 -0.015761774 -0.346757710
v -0.302536011 0.146148682 -0.132568285
vt 0.402343750 0.496582031
vn -0.880798399 -0.039321411 -0.471856147
vt 0.395507812 0.499023438
vt 0.391601562 0.506835938
v -0.311691284 0.186370835 -0.103599489
vt 0.422363281 0.487304688
vn -0.945820689 -0.031527411 -0.323155254
v -0.311752319 0.136383057 -0.083228998
vt 0.404541016 0.476562500
vn -0.959589362 -0.125847831 -0.251695424
v -0.307723999 0.123962402 -0.093124323
vt 0.396728516 0.476806641
vn -0.996086419 -0.039527286 -0.079054348
v -0.303573608 0.235794052 -0.123481691
vt 0.442871094 0.504150391
vn -0.935038984 -0.078574754 -0.345728576
v -0.325668335 0.218093857 -0.061130460
vt 0.446777344 0.475097656
vn -0.949202180 -0.023533989 -0.313785702
v -0.316970825 0.245895371 -0.087448053
vt 0.455078125 0.487792969
vn -0.953317642 -0.078786634 -0.291510224
v -0.318588257 0.261657715 -0.097228937
vt 0.461181641 0.493408203
vn -0.236359686 -0.969074905 0.070907988
v -0.336532593 0.249069199 -0.032199793
vt 0.465332031 0.467285156
vn -0.940345407 0.047017209 -0.336956948
v -0.319686890 0.174880967 -0.073463373
vt 0.424316406 0.468505859
vn -0.949903905 -0.062803619 -0.306167215
v -0.331802368 0.168807968 -0.034908224
vt 0.429443359 0.458496094
vn -0.955544531 -0.039485358 -0.292191178
v -0.338150024 0.222518906 -0.022418909
vt 0.456054688 0.459960938
v -0.352645874 0.257614136 0.011694975
vt 0.472412109 0.452392578
vn -0.940923393 -0.031364165 -0.337164044
v -0.340927124 0.271682739 -0.009142810
vt 0.477539062 0.460693359
vn -0.881125391 -0.330422014 -0.338289052
v -0.337295532 0.270812988 -0.018953258
vt 0.476562500 0.464355469
vn -0.797827125 -0.560848832 -0.221179664
v -0.359115601 0.272583008 -0.010807924
vt 0.487548828 0.461669922
v -0.360031128 0.276870728 0.028909750
vt 0.481933594 0.451660156
vn -0.567439497 -0.819634855 -0.078810930
v -0.412338257 0.273315430 -0.014408991
vt 0.506835938 0.464599609
vn -0.047314495 -0.993605554 0.102514908
v -0.318252563 0.149444580 -0.072158739
vt 0.412841797 0.468505859
vn -0.904922962 -0.236066908 -0.354100168
v -0.330276489 0.153656006 -0.041511465
vt 0.409667969 0.462402344
vn -0.945233643 -0.110277310 -0.307200789
v -0.316604614 0.148071289 -0.061832361
vt 0.408447266 0.466064453
vn -0.695136666 -0.007899341 -0.718834281
v -0.320266724 0.140899658 -0.055213861
vt 0.405761719 0.464111328
vn -0.879738033 -0.062838487 -0.471288085
v -0.314559937 0.148468018 -0.071899340
vt 0.405029297 0.471923828
vn 0.850789547 -0.212697327 0.480538398
v -0.313217163 0.175415024 -0.062499940
vt 0.404296875 0.465576172
vn 0.707346916 -0.471564680 -0.526580632
v -0.304306030 0.165603623 -0.073432863
vt 0.400878906 0.461914062
vn -0.842702627 -0.055130135 -0.535549164
v -0.311813354 0.167144760 -0.072418153
vt 0.402587891 0.465576172
vn 0.684001327 -0.369517833 0.628966510
v -0.305465698 0.146453857 -0.086753778
vt 0.398437500 0.469238281
vn 0.848816514 -0.102172285 0.518720984
v -0.308944702 0.128753662 -0.082061701
vt 0.400146484 0.475097656
vn 0.616798460 -0.300491452 0.727505684
v -0.302627563 0.120849609 -0.093620233
vt 0.395019531 0.476074219
vn 0.449474365 -0.134053662 0.883177459
v -0.300216675 0.150817871 -0.089546144
vt 0.399658203 0.463867188
v -0.300094604 0.128814697 -0.100837640
vt 0.392333984 0.472900391
vn 0.353009164 0.509902060 0.784464538
v -0.300979614 0.143341064 -0.096038751
vt 0.395751953 0.467773438
vn 0.874341190 -0.283570021 0.393847227
v -0.297286987 0.142181396 -0.111274652
vt 0.389160156 0.467529297
vn 0.818694770 -0.314882517 0.480195850
v -0.297531128 0.145904541 -0.093826227
vt 0.396972656 0.465332031
vn -0.982032180 -0.188550219 -0.007856119
v -0.298782349 0.153228760 -0.083244264
vt 0.399414062 0.461425781
vn -0.965099394 -0.039231729 -0.258928955
v -0.305099487 0.132171631 -0.119399957
vt 0.785644531 0.019287109
vn -0.961226165 -0.000000054 -0.275761455
vt 0.812011719 0.013916016
vt 0.809082031 0.026611328
vt 0.785644531 0.007080078
vt 0.779785156 0.009033203
vt 0.774414062 0.009277344
vt 0.785644531 0.034912109
v -0.310226440 0.105682373 -0.096023493
vt 0.795410156 0.032226562
vn -0.979418874 -0.102681041 0.173767999
vt 0.807617188 0.034179688
vt 0.789794922 0.037109375
v -0.297988892 0.129638672 -0.093490534
vt 0.789062500 0.042236328
vn -0.951753259 -0.007865759 0.306763589
vt 0.785644531 0.040527344
vt 0.801513672 0.039794922
vt 0.782470703 0.046875000
v -0.293075562 0.143707275 -0.109329157
vt 0.781250000 0.043701172
vn -0.985076964 0.165492877 -0.047283571
vt 0.778564453 0.043212891
vt 0.779296875 0.052978516
v -0.299697876 0.124725342 -0.086112909
vt 0.791015625 0.045410156
vn -0.832814753 0.062853880 -0.549971819
vt 0.812011719 0.045654297
vt 0.809570312 0.049072266
vt 0.783203125 0.061767578
vt 0.781494141 0.060058594
vt 0.774658203 0.059326172
vt 0.777099609 0.051025391
vt 0.771484375 0.061767578
vt 0.005859375 0.786132812
vt 0.007568359 0.777832031
vt 0.014648438 0.786621094
vt 0.009521484 0.796630859
v -0.359115630 0.240005463 -0.265075624
vt 0.995117188 0.376464844
vn 0.235578790 -0.934462190 0.266989201
v -0.377243072 0.242340058 -0.266448915
vt 1.000000000 0.378906250
vn -0.149181440 -0.973605216 -0.172736362
v -0.358688384 0.243820161 -0.268005311
vt 0.993408203 0.378906250
vn 0.220192686 0.935819209 -0.275240988
vt 0.996582031 0.367919922
vt 0.993896484 0.366699219
vt 0.010742188 0.729248047
vt 0.020507812 0.712402344
vt 0.020019531 0.740478516
vt 0.008056641 0.740234375
vt 0.024169922 0.751953125
vt 0.010986328 0.769042969
vt 0.013427734 0.802001953
vt 0.006103516 0.808593750
vt 0.003173828 0.801513672
vt 0.009765625 0.807617188
vt 0.004150391 0.814941406
vt 0.012207031 0.814208984
vt 0.002441406 0.487304688
vt 0.002441406 0.491943359
vt 0.000244141 0.491455078
vt 0.877197266 0.462402344
v -0.315292358 0.091400146 -0.057189871
vt 0.878662109 0.427978516
vn -0.667205572 -0.737850904 -0.102043092
vt 0.896484375 0.436523438
vt 0.851318359 0.438720703
vt 0.884521484 0.395019531
v -0.326370239 0.098175049 -0.018100668
vt 0.855224609 0.421142578
vn -0.849104881 -0.511035383 -0.133655265
v -0.328414917 0.098510742 -0.010350157
vt 0.850341797 0.422119141
vn -0.212223738 -0.974657297 0.070741326
v -0.326370239 0.136016846 -0.042125635
vt 0.873779297 0.395996094
vn -0.946998000 -0.149941400 -0.284099251
vt 0.877197266 0.383789062
vt 0.892578125 0.393554688
v -0.336929321 0.150299072 -0.010703971
vt 0.853759766 0.384033203
vn -0.977803648 -0.197137877 0.070969753
vt 0.873291016 0.373291016
vt 0.894287109 0.375488281
v -0.329971313 0.118499756 -0.016258169
vt 0.854736328 0.406738281
vn -0.971096396 -0.197377354 0.134216711
v -0.325637817 0.108886719 -0.013285566
vt 0.851318359 0.414062500
vn -0.929364383 0.070883706 0.362294734
v -0.325515747 0.102172852 -0.005611349
vt 0.847412109 0.420410156
vn -0.354155242 0.676829755 -0.645349264
v -0.323074341 0.124694824 -0.006146362
vt 0.842773438 0.406250000
vn -0.663477421 0.142173648 -0.734564126
v -0.322799683 0.141387939 -0.011432580
vt 0.845947266 0.394042969
vn -0.553312063 -0.134375811 0.822063923
v -0.319259644 0.161102280 -0.002088479
vt 0.839111328 0.381591797
vn -0.802627444 0.086557798 -0.590167046
v -0.338821411 0.162963852 -0.009031226
vt 0.852783203 0.375244141
vn -0.982274711 -0.102156617 -0.157163814
vt 0.860351562 0.339111328
v -0.329116821 0.162612900 -0.006753853
vt 0.846435547 0.378173828
vn -0.283359021 -0.338456750 0.897304118
v -0.322463989 0.181121811 0.004047460
vt 0.834716797 0.368408203
vn -0.931591868 -0.363162965 0.015789829
v -0.342941284 0.184860215 -0.000359198
vt 0.844970703 0.360595703
vn -0.932260334 -0.308120012 0.189612433
v -0.349838257 0.210296616 0.016645502
vt 0.831787109 0.343505859
vn -0.953939617 -0.299584359 -0.015767459
v -0.333847046 0.204849228 0.018016882
vt 0.822998047 0.351318359
vn -0.661028147 0.125910044 -0.739721835
v -0.345474243 0.220550522 0.031328268
vt 0.821533203 0.336914062
vn -0.739424467 0.078662105 -0.668628275
v -0.360305786 0.240570053 0.051040720
vt 0.812744141 0.318847656
vn -0.903804362 -0.055014238 -0.424394965
vt 0.836425781 0.316650391
v -0.357528687 0.240219101 0.033325266
vt 0.822753906 0.322509766
vn -0.962391794 -0.118326910 -0.244542047
vt 0.821289062 0.300292969
vt 0.837402344 0.298095703
vt 0.919677734 0.805175781
vt 0.928466797 0.812255859
vt 0.897949219 0.846923828
vt 0.900878906 0.865478516
v -0.355422974 0.105346650 0.009696081
vt 0.912353516 0.882080078
vn -0.157793641 -0.978320897 0.134124696
v -0.350479096 0.113189667 0.068962172
vt 0.953613281 0.871582031
vn -0.188515231 -0.973995626 0.125676930
vt 0.954345703 0.810058594
v -0.282882661 0.104400635 0.120086737
vt 0.973632812 0.820556641
vn -0.243476301 -0.966051340 0.086394913
v -0.395645112 0.122833222 0.091018759
vt 0.973144531 0.899414062
vn -0.102279745 -0.983459711 0.149485931
v -0.363418549 0.122924775 0.126815870
vt 0.988037109 0.884521484
vn -0.181096688 -0.976347685 0.118106648
v -0.391769379 0.115509003 0.050563890
vt 0.944335938 0.900878906
vn -0.078545541 -0.981820107 0.172800407
v -0.433731049 0.120605439 0.064712614
vt 0.961425781 0.924072266
vn -0.071077920 -0.979296744 0.189541370
v -0.451675385 0.124725312 0.083038419
vt 0.975097656 0.937255859
vn -0.078936107 -0.986702085 0.142085150
v -0.453170747 0.123718232 0.066993803
vt 0.965332031 0.940185547
vn -0.362328380 0.874313951 -0.322944760
v -0.449233979 0.119262666 0.050949182
vt 0.956298828 0.934082031
vn -0.535648942 -0.819227874 0.204807073
v -0.438735932 0.112701386 0.029300775
vt 0.937011719 0.932617188
vn -0.070732445 -0.982396007 0.172901765
v -0.404281586 0.110534638 0.022203526
vt 0.926025391 0.912841797
vn -0.047138941 -0.989919007 0.133560538
v -0.448593110 0.113830537 0.027195062
vt 0.937988281 0.941650391
vn -0.596505105 -0.792723954 0.125580147
v -0.444442719 0.116699189 0.025791254
vt 0.938720703 0.944824219
vn -0.000000058 0.993883729 -0.110431567
v -0.430679321 0.107604951 -0.010723030
vt 0.913330078 0.938232422
vn -0.063080132 -0.993512928 0.094620332
v -0.449050903 0.115142792 0.008474437
vt 0.930175781 0.951416016
vn -0.307458609 0.946026325 -0.102486186
v -0.431838989 0.115814179 0.000578786
vt 0.934326172 0.961669922
v -0.448226929 0.110687226 -0.006954107
vt 0.923583984 0.953369141
vn -0.315980941 -0.947943091 0.039497711
v -0.387191772 0.103454560 -0.036270060
vt 0.887939453 0.914062500
v -0.404953003 0.103790253 -0.046543039
vt 0.883544922 0.928222656
vn -0.023603724 -0.999225974 -0.031471636
v -0.390731812 0.106719941 -0.041255869
vt 0.883544922 0.915527344
vn 0.180515662 0.965366781 -0.188364312
v -0.375930786 0.104797333 -0.012490195
vt 0.899414062 0.899414062
vn -0.031445365 -0.998391926 0.047168169
v -0.350387573 0.102477998 -0.010305331
vt 0.898925781 0.886230469
vn -0.070971824 -0.946291029 -0.315430313
v -0.376449585 0.107818574 -0.015870972
vt 0.896240234 0.897949219
vn 0.149899259 0.970400989 -0.189346597
v -0.398147583 0.113159150 0.008174976
vt 0.880371094 0.897216797
vn 0.086581931 0.991757214 -0.094453134
vt 0.898925781 0.367919922
vt 0.886962891 0.362304688
v -0.336929321 0.106140137 0.001203013
vt 0.892333984 0.353515625
vn -0.259770155 0.732079268 -0.629745603
v -0.363876313 0.112091035 0.021535950
vt 0.905761719 0.332763672
vn -0.526320636 0.392776459 -0.754130840
v -0.364791870 0.107635468 -0.008927270
vt 0.886230469 0.335449219
vn 0.110304557 0.969105005 -0.220609322
vt 0.883789062 0.346191406
vt 0.883789062 0.360351562
vt 0.872070312 0.353027344
vt 0.881347656 0.327636719
v -0.377395600 0.114532441 0.033878401
vt 0.912597656 0.321533203
vn -0.512033403 0.575052798 -0.638072193
v -0.349533081 0.167999253 0.021570278
vt 0.933349609 0.358154297
vn -0.597555339 0.157251313 -0.786256850
vt 0.922119141 0.383789062
vt 0.934326172 0.384033203
vt 0.950195312 0.380126953
v -0.388900727 0.184677109 0.054615099
vt 0.962402344 0.336425781
vn -0.659274936 0.180515677 -0.729911387
v -0.386978120 0.212036118 0.060981825
vt 0.978515625 0.346435547
vn -0.677753985 0.244306594 -0.693515599
vt 0.965820312 0.380615234
v -0.380142182 0.231582627 0.063324049
vt 0.987792969 0.357666016
vn -0.653340936 0.354220867 -0.669083893
vt 0.987060547 0.375976562
v -0.386672944 0.161071762 0.048404772
vt 0.946777344 0.330322266
vn -0.751911044 0.055403899 -0.656932533
v -0.396713227 0.180297837 0.065918043
vt 0.967041016 0.327148438
vn -0.843566537 0.031535134 -0.536098123
v -0.399368256 0.132049531 0.072753988
vt 0.943847656 0.304687500
vn -0.811325610 0.141784981 -0.567140043
v -0.412185639 0.157363877 0.089263991
vt 0.964111328 0.307861328
vn -0.830383539 -0.063267373 -0.553588808
v -0.389511079 0.124084443 0.057159502
vt 0.930419922 0.310791016
vn -0.661889493 0.480657727 -0.575213373
v -0.419967622 0.133575410 0.081741415
vt 0.946533203 0.288330078
vn -0.070758827 0.935587764 -0.345931649
v -0.422439545 0.145416230 0.110649191
vt 0.958740234 0.281005859
vn -0.667720139 0.518464923 -0.534175932
v -0.390426606 0.115020722 0.034008104
vt 0.911865234 0.311767578
vn 0.031457007 0.967305303 -0.251656681
vt 0.888183594 0.312988281
vt 0.904296875 0.276367188
vt 0.885009766 0.289306641
v -0.438156098 0.121337861 0.048023306
vt 0.920166016 0.277832031
vn -0.031430926 0.958640933 -0.282877654
vt 0.919189453 0.269775391
vt 0.932861328 0.266113281
v -0.438552827 0.133483857 0.090400785
vt 0.950683594 0.274902344
vn -0.228311166 0.928989947 -0.291293472
v -0.459884614 0.130004853 0.095481962
vt 0.950927734 0.259277344
vn -0.512829542 0.820527196 -0.252469867
vt 0.939453125 0.256835938
v -0.430160522 0.111206025 -0.040759958
vt 0.866699219 0.281982422
vn 0.047343943 0.986333430 -0.157813385
vt 0.854003906 0.293701172
v -0.413131714 0.106811494 -0.052616037
vt 0.858398438 0.283691406
vn 0.063031092 0.732737899 -0.677585602
vt 0.854003906 0.284912109
v -0.443069458 0.111114472 -0.027286444
vt 0.871826172 0.276123047
vn -0.361611158 0.904027700 -0.227972209
vt 0.883789062 0.269531250
vt 0.875732422 0.269531250
v -0.430709839 0.105316132 -0.046375189
vt 0.863281250 0.276367188
vn -0.235716790 -0.966438949 -0.102143869
vt 0.858886719 0.255371094
v -0.365829468 0.253387451 0.062404703
vt 0.361083984 0.876953125
vn -0.925839186 0.031384323 -0.376612425
vt 0.382080078 0.885986328
vt 0.366699219 0.887695312
vt 0.386718750 0.859863281
vt 0.347656250 0.888183594
v -0.371108979 0.265808105 0.077087477
vt 0.352783203 0.867187500
vn -0.748356462 0.181180954 -0.638072133
v -0.371078461 0.282386780 0.077674940
vt 0.354736328 0.856201172
vn -0.220260844 -0.975441039 0.000000072
v -0.416000366 0.276214600 0.014976576
vt 0.379882812 0.812255859
vn -0.015787177 -0.994595706 0.102617063
v -0.397720307 0.235168442 0.086731032
vt 0.328613281 0.878417969
vn -0.690010548 0.282276928 -0.666487217
vt 0.341064453 0.898925781
v -0.391830415 0.283912659 0.093589857
vt 0.339355469 0.847900391
vn -0.337694049 -0.840308368 -0.424080819
v -0.413681000 0.244277939 0.100448683
vt 0.317382812 0.866699219
vn -0.573648572 0.125731096 -0.809394240
v -0.409561127 0.208908066 0.092079237
vt 0.316162109 0.893310547
vn -0.755694807 0.149564520 -0.637617290
vt 0.337402344 0.919433594
vt 0.327148438 0.918945312
v -0.429946870 0.286888123 0.117584310
vt 0.311035156 0.833251953
vn -0.299836040 -0.891617656 -0.339288056
v -0.446304291 0.287376404 0.114746176
vt 0.307128906 0.822021484
v -0.464157104 0.281890839 0.063591085
vt 0.332275391 0.794433594
vn -0.031536113 -0.993389487 0.110376656
v -0.414321870 0.180236802 0.093208387
vt 0.307617188 0.911621094
vn -0.776619911 0.054912455 -0.627571523
vt 0.304443359 0.927490234
v -0.427505463 0.213928208 0.108505331
vt 0.301757812 0.884765625
vn -0.669956386 0.047290966 -0.740892768
v -0.442825288 0.276229858 0.125549391
vt 0.298828125 0.836425781
vn -0.666057587 0.047015756 -0.744417131
v -0.445541352 0.285850525 0.128768995
vt 0.298583984 0.828125000
vn -0.536164999 -0.638667047 -0.551934421
v -0.468185395 0.291427612 0.128738478
vt 0.291015625 0.812744141
vn -0.110018119 -0.990163505 0.086442910
v -0.426376313 0.169723496 0.106239393
vt 0.294921875 0.915283203
vn -0.794856906 -0.102308378 -0.598110020
v -0.447311372 0.207656845 0.127136320
vt 0.282958984 0.884277344
vn -0.857815921 -0.102308370 -0.503671587
v -0.467391938 0.272598267 0.150482252
vt 0.275634766 0.832275391
vn -0.873096049 -0.086523093 -0.479809403
v -0.464584321 0.285530090 0.147766188
vt 0.280029297 0.822998047
vn -0.597167730 -0.699314833 -0.392873377
vt 0.287597656 0.934082031
vt 0.308349609 0.946533203
v -0.434921235 0.148895234 0.129913419
vt 0.276123047 0.927001953
vn -0.857922137 -0.047225125 -0.511604786
vt 0.291259766 0.952636719
vt 0.282226562 0.953613281
v -0.446823090 0.141509980 0.126312345
vt 0.270996094 0.936279297
vn -0.387245983 0.893036485 -0.229186356
vt 0.272460938 0.960693359
v -0.444229096 0.147338837 0.145950407
vt 0.264648438 0.925537109
vn -0.921345651 -0.047248553 -0.385862559
v -0.452102631 0.144988984 0.167007536
vt 0.247558594 0.926269531
vn -0.927639782 0.243701905 -0.283008605
v -0.455673188 0.199905381 0.154602140
vt 0.262695312 0.888671875
vn -0.933541656 -0.141208023 -0.329485118
v -0.461807221 0.133148164 0.123115629
vt 0.263427734 0.947509766
vn -0.676390052 0.731445014 -0.086514942
v -0.459915131 0.130706757 0.123367399
vt 0.262695312 0.950927734
vn -0.156892851 -0.980580688 0.117669746
vt 0.270263672 0.971679688
v -0.458847016 0.134643525 0.156936735
vt 0.247314453 0.938476562
vn -0.440931201 -0.889736295 0.118106693
v -0.459304780 0.138244599 0.165206999
vt 0.243164062 0.933349609
vn -0.864722252 0.479527742 -0.149360999
v -0.439407319 0.133819550 0.150085539
vt 0.234863281 0.950927734
v -0.460067719 0.138397187 0.192001432
vt 0.225341797 0.926025391
vn -0.031582214 -0.718498111 0.694811523
v -0.460189790 0.142944306 0.191131681
vt 0.227783203 0.923095703
vn -0.943362534 -0.078613594 -0.322315365
v -0.415481538 0.138610810 0.190612882
vt 0.193359375 0.941650391
vn -0.039387092 -0.921660006 0.385994405
v -0.401046723 0.129669160 0.135864347
vt 0.221191406 0.976074219
vn -0.086772971 -0.986057103 0.141992271
vt 0.237304688 1.000000000
vt 0.208496094 0.999267578
v -0.383926362 0.134704560 0.189071730
vt 0.181152344 0.960205078
vn -0.181225911 -0.890371203 0.417607814
v -0.390670747 0.161071777 0.196319655
vt 0.166503906 0.919433594
vn 0.023578372 -0.282938749 0.958848178
v -0.467208833 0.166213989 0.200759977
vt 0.220947266 0.905029297
vn -0.125781536 -0.330176860 0.935501158
v -0.469192475 0.191268921 0.197219938
vt 0.229003906 0.889404297
v -0.475875825 0.200637817 0.211532682
vt 0.220458984 0.880859375
vn -0.204186961 -0.337694019 0.918841958
v -0.416030854 0.237945557 0.220398024
vt 0.166259766 0.854248047
vn 0.007865382 -0.330340177 0.943829238
v -0.475662202 0.249450684 0.190109327
vt 0.245605469 0.847167969
vn -0.934894621 -0.164981455 -0.314250171
v -0.484237641 0.235946655 0.222183317
vt 0.216796875 0.852539062
vn -0.353444219 -0.377007306 0.856120825
v -0.439071625 0.267028809 0.231735304
vt 0.175781250 0.825927734
vn -0.007899142 -0.157985523 0.987409830
v -0.493179291 0.266357422 0.231903151
vt 0.210449219 0.828125000
vn -0.583183527 -0.197021484 0.788085997
v -0.478713959 0.283195496 0.177551344
vt 0.256347656 0.822509766
vn -0.826336384 -0.472192258 -0.306924790
v -0.492050141 0.283203125 0.216384962
vt 0.228027344 0.821777344
vn -0.875400960 -0.402211279 -0.268140674
v -0.487808198 0.295829773 0.151214674
vt 0.270996094 0.806884766
vn -0.258929044 -0.965099335 -0.039231606
v -0.495681733 0.297569275 0.172149733
vt 0.254394531 0.804687500
vn -0.693537116 -0.709299386 -0.126097530
v -0.499130219 0.291084290 0.226547316
vt 0.216308594 0.813964844
vn -0.974958539 -0.220151976 -0.031450137
v -0.499435395 0.298667908 0.203720167
vt 0.233398438 0.809814453
vn -0.229021952 0.971368849 0.063178442
v -0.495162934 0.295028687 0.228805616
vt 0.211914062 0.810058594
vn 0.031348720 0.877763510 0.478067607
v -0.454421967 0.288841248 0.229904249
vt 0.190917969 0.807373047
vn 0.000000126 0.110431567 0.993883729
v -0.417648286 0.285171509 0.230331495
vt 0.176513672 0.796875000
vn 0.000000122 0.173335910 0.984862804
v -0.435440034 0.288818359 0.229187086
vt 0.184570312 0.797607422
vn 0.062914148 0.975169599 0.212335259
v -0.448226899 0.294120789 0.199157789
vt 0.212646484 0.782714844
vn 0.078762114 0.992402971 0.094514519
v -0.414047211 0.293716431 0.193008497
vt 0.201904297 0.766601562
vn 0.007899256 0.987409830 0.157985523
v -0.492019624 0.299972534 0.168792799
vt 0.251953125 0.796630859
vn 0.047185581 0.998762369 0.015728492
v -0.449966401 0.296531677 0.163360670
vt 0.236816406 0.771484375
vn 0.039320093 0.998731434 0.031456061
v -0.398544282 0.296287537 0.177749693
vt 0.205566406 0.752197266
vn -0.031418279 0.997529209 0.062836446
v -0.407730073 0.296257019 0.155548170
vt 0.224609375 0.747558594
v -0.499160737 0.298324585 0.155975416
vt 0.262451172 0.798339844
vn -0.706039846 0.706039786 0.054914277
v -0.442581147 0.295791626 0.145813063
vt 0.244873047 0.762207031
vn 0.039261855 0.997252405 -0.062819101
v -0.481552094 0.297950745 0.135513380
vt 0.266113281 0.781250000
v -0.440750092 0.293724060 0.124168478
vt 0.256835938 0.753662109
vn 0.039253373 0.989186585 -0.141312405
v -0.499282807 0.294723511 0.142303541
vt 0.271972656 0.796630859
vn -0.299770653 -0.946644366 0.118330628
v -0.498886079 0.297142029 0.135482863
vt 0.274414062 0.792236328
vn -0.252375722 0.962182224 -0.102527618
v -0.498306245 0.289825439 0.106803983
vt 0.291992188 0.786132812
vn -0.197377250 -0.971096396 0.134216636
v -0.496414155 0.294334412 0.115165800
vt 0.285644531 0.784423828
vn -0.015797142 0.987317383 -0.157970831
v -0.497817993 0.283584565 0.058971487
vt 0.321777344 0.770751953
vn -0.149227381 -0.981759489 0.117811210
v -0.499557465 0.290191621 0.081482023
vt 0.305908203 0.775634766
vn -0.079022437 0.987779796 -0.134338081
v -0.461776704 0.290756226 0.099754415
vt 0.280273438 0.758789062
vn 0.023635916 0.992710948 -0.118179925
v -0.496475220 0.285110444 0.050952993
vt 0.323974609 0.765625000
vn -0.204946935 0.969556451 -0.134003744
v -0.485244751 0.285041779 0.050296865
vt 0.320556641 0.757324219
vn 0.015744556 0.991910815 -0.125956967
v -0.498855591 0.282173127 0.022991266
vt 0.337646484 0.755615234
vn -0.141780689 0.984587789 -0.102397159
v -0.482070923 0.278564453 -0.006482041
vt 0.335937500 0.733642578
v -0.430862427 0.278411865 -0.003233118
vt 0.310791016 0.693847656
v -0.498550415 0.278717041 0.017446604
vt 0.341308594 0.757080078
vn -0.220410928 -0.968233943 0.118077390
v -0.486038208 0.279586792 0.032562338
vt 0.338867188 0.769775391
vn -0.031477470 -0.991542220 0.125910163
v -0.366317749 0.284500122 0.061187811
vt 0.253417969 0.689941406
vn 0.031507730 0.992495358 -0.118154265
v -0.485061646 0.285018891 0.050335012
vt 0.330566406 0.776367188
vn -0.070749931 -0.990499973 0.117916718
v -0.477493286 0.282073945 0.058605276
vt 0.330078125 0.785156250
vn -0.062978402 -0.991910815 0.110212363
v -0.435409546 0.274795532 -0.003714245
vt 0.366699219 0.771484375
vn -0.015706647 -0.997375369 0.070680186
v -0.405044526 0.293495178 0.132721022
vt 0.236816406 0.735351562
vn 0.023613205 0.991757095 -0.125937447
v -0.361648530 0.297470093 0.157135069
vt 0.212890625 0.718994141
vn 0.015711484 0.989827394 -0.141403943
v -0.349258393 0.288047791 0.103012152
vt 0.224365234 0.693359375
vn 0.039295781 0.990255177 -0.133605897
v -0.321762085 0.281219482 0.054992735
vt 0.237060547 0.660888672
vn 0.039442230 0.993945599 -0.102549985
vt 0.243164062 0.657470703
vt 0.246582031 0.646972656
v -0.312911987 0.282539368 0.060440123
vt 0.234130859 0.659667969
vn -0.039295901 0.990255177 -0.133605897
vt 0.624267578 0.030517578
vt 0.662597656 0.059814453
vt 0.619873047 0.051025391
vt 0.657714844 0.078613281
vt 0.672119141 0.075683594
vt 0.711181641 0.033203125
vt 0.655761719 0.082275391
vt 0.645751953 0.082519531
vt 0.672363281 0.078369141
v -0.452774048 0.277236938 -0.015514294
vt 0.679199219 0.071044922
vn 0.125595436 0.957665801 -0.259040803
vt 0.652832031 0.093750000
vt 0.675292969 0.147460938
vt 0.644775391 0.152343750
v -0.466384888 0.271163940 -0.037303843
vt 0.720703125 0.025390625
vn -0.094453044 -0.991757214 -0.086581923
v -0.468643188 0.273849487 -0.038333811
vt 0.718017578 0.024658203
vn 0.023550533 0.965574980 -0.259056717
v -0.457290649 0.272659302 -0.025566021
vt 0.729492188 0.020507812
vn 0.252164036 -0.961375296 -0.110321738
vt 0.731933594 0.012695312
vt 0.748291016 0.013183594
v -0.485336304 0.275085449 -0.023298180
vt 0.718017578 0.039550781
vn -0.047255926 0.811224759 -0.582821786
v -0.478897095 0.273223877 -0.020893013
vt 0.728515625 0.037597656
vn -0.031562615 -0.994224131 0.102578729
vt 0.762939453 0.054931641
vt 0.745361328 0.062011719
v -0.499801636 0.273803711 -0.023168478
vt 0.726318359 0.050292969
vn -0.172566220 -0.980490208 0.094127126
v -0.499801636 0.276916504 -0.024064932
vt 0.716308594 0.051757812
vn -0.181029484 0.968113899 -0.173158601
v -0.497726440 0.271362305 -0.039058600
vt 0.720214844 0.048583984
vn 0.015755735 -0.275727361 -0.961106777
vt 0.906738281 0.242187500
vt 0.903076172 0.220458984
vt 0.919433594 0.237304688
vt 0.920410156 0.250000000
v -0.091774039 0.390617341 -0.390350342
vt 0.922363281 0.212158203
vn -0.110417917 -0.015774019 -0.993760109
vt 0.928466797 0.240478516
v -0.060218863 0.395092934 -0.392883301
vt 0.930908203 0.229492188
vn -0.629316866 -0.283192605 -0.723714232
vt 0.933105469 0.244384766
vt 0.941650391 0.240966797
v -0.063068442 0.413774461 -0.388488770
vt 0.939697266 0.222167969
vn -0.337621272 0.439692646 -0.832275391
vt 0.944091797 0.233886719
vt 0.946777344 0.246093750
vt 0.953857422 0.226562500
vt 0.947021484 0.242919922
v -0.098243766 0.446250886 -0.366729736
vt 0.951416016 0.193115234
vn -0.078963369 0.576431572 -0.813321352
vt 0.973876953 0.211914062
v -0.123611495 0.464813203 -0.348113954
vt 0.960693359 0.173583984
vn -0.110376731 0.662259579 -0.741100073
v -0.097168021 0.414924592 -0.384979248
vt 0.933349609 0.202392578
vn -0.102257781 0.377566695 -0.920318842
v -0.152603194 0.448043793 -0.354431093
vt 0.945068359 0.161376953
vn -0.251656771 0.605548799 -0.754969895
v -0.097244307 0.490936249 -0.325805664
vt 0.983154297 0.171142578
vn -0.078730524 0.724319637 -0.684954524
v -0.136886641 0.475578278 -0.334289491
vt 0.967041016 0.162109375
vn -0.220664188 0.701396465 -0.677753925
v -0.121185355 0.439224213 -0.368347108
vt 0.943359375 0.182128906
vn -0.165637106 0.496910900 -0.851847351
v -0.105697684 0.390001267 -0.388641357
vt 0.918457031 0.203857422
vn -0.142244846 0.063219823 -0.987810552
v -0.117309622 0.410991162 -0.383300722
vt 0.927734375 0.191406250
vn -0.204724535 0.330708623 -0.921259820
v -0.155471846 0.430305451 -0.364776552
vt 0.932617188 0.164794922
vn -0.290029019 0.431124002 -0.854409397
v -0.177764937 0.463760346 -0.329650819
vt 0.954833984 0.140625000
vn -0.385206461 0.644630969 -0.660353661
v -0.166748092 0.485618562 -0.311096132
vt 0.972412109 0.138916016
vn -0.323065162 0.732806087 -0.598852336
v -0.182922408 0.438518494 -0.347381532
vt 0.936035156 0.145507812
vn -0.433649480 0.512494624 -0.741146028
v -0.158905074 0.404625267 -0.374298036
vt 0.916748047 0.168945312
vn -0.329536080 0.251075000 -0.910146892
v -0.197189376 0.472084016 -0.305053651
vt 0.963623047 0.123046875
vn -0.496988326 0.694205821 -0.520654321
v -0.165267989 0.498779267 -0.292663515
vt 0.983154297 0.131591797
vn -0.354980677 0.796734154 -0.489084303
v -0.212768599 0.438442200 -0.326538026
vt 0.937988281 0.125732422
vn -0.520395458 0.575588822 -0.630782187
v -0.189666793 0.415827721 -0.356658876
vt 0.919921875 0.146972656
vn -0.456127793 0.385349184 -0.802155495
v -0.226898238 0.421707124 -0.327606142
vt 0.926269531 0.120361328
vn -0.557639480 0.447682261 -0.699012697
v -0.218200728 0.456172913 -0.302307069
vt 0.953369141 0.114501953
vn -0.628442466 0.612731278 -0.479187250
v -0.191772506 0.492668122 -0.278045595
vt 0.980468750 0.110351562
vn -0.510137498 0.761282027 -0.400261641
v -0.218353316 0.470985383 -0.278747499
vt 0.967041016 0.105224609
vn -0.607335687 0.694097877 -0.386486262
v -0.236480758 0.457538575 -0.269622743
vt 0.963867188 0.093994141
vn -0.709189355 0.622510552 -0.330954939
v -0.214447051 0.487098694 -0.251495302
vt 0.981201172 0.092041016
vn -0.634713650 0.713073313 -0.297766805
v -0.249450728 0.421925515 -0.301849306
vt 0.935058594 0.103515625
vn -0.723423481 0.550430775 -0.416754723
v -0.239440963 0.423074692 -0.314208925
vt 0.928955078 0.110595703
vn -0.628539503 0.549971938 -0.549971879
v -0.248260543 0.405798525 -0.318237245
vt 0.918212891 0.108886719
vn -0.659620464 0.345515400 -0.667472899
v -0.217987105 0.398612946 -0.344909608
vt 0.909179688 0.131835938
vn -0.560167730 0.252469838 -0.788968384
v -0.241607711 0.389097184 -0.329315126
vt 0.905517578 0.116943359
vn -0.510216117 0.769248843 -0.384624392
v -0.193908736 0.402154893 -0.359344423
vt 0.911621094 0.147216797
vn -0.464840949 0.181209072 -0.866652369
v -0.223632857 0.388622254 -0.340911806
vt 0.903320312 0.128417969
vn 0.079005033 0.948061347 -0.308119982
v -0.207824752 0.378448457 -0.353454530
vt 0.895263672 0.140625000
vn 0.338153034 0.629122078 -0.699898481
v -0.229492232 0.388208359 -0.379455507
vt 0.883544922 0.124755859
vn 0.236484513 0.969586670 -0.063062623
v -0.190872237 0.374290437 -0.365295351
vt 0.897460938 0.154052734
vn -0.418544382 -0.007897120 -0.908161998
v -0.245239303 0.388193101 -0.379180849
vt 0.880615234 0.115722656
vn -0.313872784 0.949465096 -0.000000000
vt 0.897705078 0.110595703
vt 0.885742188 0.102783203
v -0.251419127 0.385690659 -0.399108827
vt 0.869384766 0.109863281
vn -0.392970592 0.919551075 0.000000011
vt 0.866943359 0.094726562
v -0.236297652 0.387023896 -0.398956239
vt 0.871826172 0.117431641
vn 0.117945760 0.982881844 -0.141535029
v -0.222457930 0.382152528 -0.394134462
vt 0.874511719 0.124511719
vn 0.732601404 0.622317433 -0.275710344
v -0.279190123 0.372238129 -0.416870058
vt 0.853759766 0.095458984
vn -0.480881840 0.875047147 -0.055183128
vt 0.859375000 0.088867188
v -0.246398985 0.384271592 -0.420928895
vt 0.858398438 0.110351562
vn -0.118279099 0.969888031 -0.212902278
v -0.232223570 0.382396668 -0.412048280
vt 0.863769531 0.117431641
vn 0.496926337 0.772996664 -0.394386142
v -0.280410826 0.368709534 -0.430267274
vt 0.845458984 0.094482422
vn -0.624335349 0.766588867 -0.150156543
vt 0.848388672 0.081298828
v -0.259201109 0.378845185 -0.434204042
vt 0.848388672 0.104248047
vn -0.181231782 0.543694854 -0.819482148
vt 0.833740234 0.087646484
v -0.244659483 0.375539750 -0.432800233
vt 0.851562500 0.110595703
vn 0.369517803 0.495311230 -0.786208332
v -0.230331481 0.371231049 -0.424133241
vt 0.857177734 0.118164062
vn 0.837663293 -0.031609923 -0.545271516
v -0.254989684 0.358089417 -0.435424745
vt 0.841308594 0.108642578
vn 0.434460282 -0.600345194 -0.671438754
v -0.270034850 0.350246400 -0.435607851
vt 0.835205078 0.102539062
vn 0.165164888 -0.393250018 -0.904474974
vt 0.822753906 0.098388672
vt 0.816406250 0.087158203
vt 0.831542969 0.113769531
v -0.243438780 0.364978760 -0.433288515
vt 0.847900391 0.112548828
vn 0.527526259 -0.700743973 -0.480285227
v -0.256271422 0.351058930 -0.410400331
vt 0.842285156 0.120605469
vn 0.385194421 -0.864722192 -0.322305560
vt 0.825927734 0.117919922
vt 0.835205078 0.126464844
vt 0.848876953 0.135498047
v -0.232696593 0.364746064 -0.416870058
vt 0.855224609 0.120117188
vn 0.410570383 -0.797454059 -0.442152798
v -0.236358687 0.344474763 -0.387176454
vt 0.854492188 0.131103516
vn 0.315391093 -0.835786521 -0.449432373
vt 0.863525391 0.138916016
v -0.223251387 0.350578278 -0.385803163
vt 0.862792969 0.131103516
vn 0.552191973 -0.702072680 -0.449642062
v -0.216644332 0.352336854 -0.380126894
vt 0.869384766 0.134033203
vn 0.726212740 -0.639382899 -0.252595782
v -0.213455245 0.365219086 -0.389312685
vt 0.872314453 0.130126953
vn 0.928989887 0.007872822 -0.370021552
v -0.203781173 0.360927552 -0.356414735
vt 0.885498047 0.144775391
vn 0.435453147 -0.570047855 -0.696725190
vt 0.872314453 0.151123047
v -0.189224288 0.340721101 -0.358978212
vt 0.885742188 0.160156250
vn -0.409817517 -0.283719808 -0.866921425
vt 0.871582031 0.158447266
vt 0.873779297 0.166992188
vt 0.876708984 0.178955078
vt 0.887207031 0.184326172
v -0.161376998 0.360660523 -0.374237001
vt 0.895996094 0.177001953
vn -0.259505004 -0.165139526 -0.951517880
v -0.166122481 0.383598298 -0.374664247
vt 0.905761719 0.168701172
vn -0.306735128 0.015729945 -0.951664984
v -0.122909591 0.343975037 -0.378478944
vt 0.894042969 0.201171875
vn -0.172417939 -0.266463906 -0.948297977
vt 0.886474609 0.212646484
v -0.114730887 0.366207093 -0.384918213
vt 0.906005859 0.203125000
vn -0.165103838 -0.149379611 -0.974898219
v -0.131210372 0.392539948 -0.384216249
vt 0.915771484 0.188720703
vn -0.227698132 0.015703259 -0.973605156
vt 0.770019531 0.567138672
vt 0.751708984 0.579101562
vt 0.759033203 0.550537109
vt 0.737792969 0.544921875
v -0.091514632 0.511390686 -0.301239014
vt 0.775146484 0.546875000
vn -0.071109153 0.813803494 -0.576773405
vt 0.789550781 0.577392578
v -0.130722091 0.496086091 -0.313171327
vt 0.758300781 0.532226562
vn -0.196116239 0.784464478 -0.588348448
vt 0.743408203 0.535156250
vt 0.796875000 0.556884766
vt 0.748535156 0.515625000
vt 0.759277344 0.511474609
v -0.114326522 0.519058228 -0.283966064
vt 0.779052734 0.532226562
vn -0.141535074 0.857072949 -0.495372444
v -0.139617965 0.516700745 -0.278045595
vt 0.775390625 0.519531250
vn -0.252572209 0.852430940 -0.457786977
v -0.081138648 0.532775879 -0.266845703
vt 0.795898438 0.543457031
vn -0.094371334 0.880798221 -0.463991940
v -0.100456275 0.543121338 -0.241622895
vt 0.804443359 0.528076172
vn -0.165921181 0.892813563 -0.418753266
v -0.062435187 0.552032471 -0.232162446
vt 0.818115234 0.543945312
vn -0.055014271 0.903804302 -0.424395114
vt 0.823242188 0.569580078
vt 0.844238281 0.549560547
v -0.062557250 0.574523926 -0.179870576
vt 0.844482422 0.532226562
vn -0.078936256 0.931446731 -0.355212808
vt 0.862792969 0.538818359
v -0.097007781 0.562362671 -0.199279755
vt 0.827148438 0.520751953
vn -0.165472448 0.914037824 -0.370342910
vt 0.865478516 0.519775391
vt 0.890136719 0.516113281
vt 0.890380859 0.548339844
vt 0.846435547 0.512207031
vt 0.890869141 0.499755859
v -0.121864356 0.552124023 -0.209442109
vt 0.814453125 0.510742188
vn -0.227972299 0.904027700 -0.361611098
v -0.143859893 0.534286499 -0.237930268
vt 0.794433594 0.507812500
vn -0.298583955 0.880036652 -0.369301081
v -0.127075225 0.569335938 -0.158630341
vt 0.837646484 0.495849609
vn -0.252352238 0.914776504 -0.315440148
vt 0.852539062 0.484619141
vt 0.879882812 0.485107422
v -0.133819610 0.557479858 -0.186523408
vt 0.822265625 0.499755859
vn -0.329840750 0.887428463 -0.321987331
v -0.137374908 0.569915771 -0.145446748
vt 0.840576172 0.487548828
vn -0.378610700 0.883424759 -0.276070178
vt 0.850585938 0.471679688
v -0.164550811 0.547821045 -0.178039521
vt 0.816650391 0.483154297
vn -0.425672233 0.859227121 -0.283781379
v -0.181594878 0.547042847 -0.146453813
vt 0.824707031 0.466796875
vn -0.542886615 0.810395837 -0.220301747
vt 0.855712891 0.460937500
v -0.171859771 0.527236938 -0.226211503
vt 0.791259766 0.492187500
vn -0.463005155 0.831839681 -0.306054175
v -0.194442779 0.528442383 -0.179153398
vt 0.804443359 0.468994141
vn -0.591634333 0.773068786 -0.228765205
v -0.186462417 0.551589966 -0.113716096
vt 0.837646484 0.455810547
vn -0.549598932 0.777289808 -0.306205064
vt 0.853027344 0.456298828
v -0.195968643 0.548568726 -0.110786408
vt 0.837402344 0.450439453
vn -0.600757718 0.727232933 -0.331997573
vt 0.846923828 0.446044922
v -0.214065567 0.532592773 -0.101875268
vt 0.831787109 0.438720703
vn -0.746137321 0.636180162 -0.196351841
v -0.210861221 0.538986206 -0.072967492
vt 0.844726562 0.430908203
vn -0.749123812 0.662383080 0.007885584
v -0.206741348 0.534362793 -0.112983666
vt 0.829345703 0.445068359
vn -0.674577296 0.713796854 -0.188254058
v -0.231292740 0.513839722 -0.085533105
vt 0.828613281 0.423339844
vn -0.819100797 0.567069709 -0.086635582
v -0.228027359 0.517799377 -0.073219262
vt 0.834960938 0.420654297
vn -0.785480320 0.565545738 0.251353770
v -0.234359756 0.505340576 -0.073753320
vt 0.829589844 0.415771484
vn -0.843959987 0.536348283 0.007887564
v -0.229446426 0.510177612 -0.099273644
vt 0.822265625 0.427001953
vn -0.794193089 0.597610593 -0.110086091
v -0.220108062 0.514152527 -0.146057084
vt 0.807617188 0.446777344
vn -0.706148505 0.690456212 -0.156921804
v -0.253921539 0.473846436 -0.127319291
vt 0.796875000 0.419921875
vn -0.837140858 0.544931173 -0.047385242
v -0.241256729 0.493949890 -0.049518544
vt 0.834228516 0.402343750
vn -0.853255332 0.521433711 0.007900602
v -0.239975005 0.485702515 -0.174285844
vt 0.783691406 0.443115234
vn -0.770698607 0.621277332 -0.141556785
v -0.255477905 0.469726562 -0.079513505
vt 0.812988281 0.401367188
vn -0.892590702 0.450244844 0.023697196
v -0.218856841 0.499664307 -0.205078080
vt 0.781005859 0.463378906
vn -0.669706762 0.709101260 -0.220609203
v -0.258773834 0.456615418 -0.189102128
vt 0.765869141 0.436035156
vn -0.851556182 0.512510538 -0.110386811
v -0.253860503 0.447730988 -0.243316606
vt 0.744873047 0.454589844
vn -0.785552979 0.581309140 -0.212099224
v -0.234359771 0.474998474 -0.232574418
vt 0.760742188 0.462646484
vn -0.719171107 0.655947149 -0.229186326
vt 0.761230469 0.478027344
v -0.196975738 0.505363464 -0.241775468
vt 0.773681641 0.484130859
vn -0.561058939 0.774419367 -0.292382807
v -0.266555816 0.449943513 -0.146667436
vt 0.780273438 0.416503906
vn -0.907737613 0.418348640 -0.031573381
v -0.276962310 0.417015046 -0.194381669
vt 0.750488281 0.419433594
vn -0.941995382 0.329698324 -0.062799580
v -0.278152496 0.418014497 -0.133163407
vt 0.773925781 0.398925781
vn -0.969195306 0.244268686 0.031518660
v -0.268112212 0.445472717 -0.107284494
vt 0.793212891 0.401123047
vn -0.934318066 0.353313565 0.047108579
v -0.257247925 0.459686279 -0.024787856
vt 0.829833984 0.378662109
vn -0.927611053 0.369472176 0.055027883
v -0.267807007 0.433403015 -0.055259656
vt 0.808837891 0.378662109
vn -0.967185616 0.235898897 0.094359688
v -0.274612427 0.403412819 -0.065025277
vt 0.794677734 0.370605469
vn -0.985842526 0.110414326 0.126187980
v -0.282180816 0.390321702 -0.121726938
vt 0.768554688 0.384765625
vn -0.990989983 0.086514965 0.102245115
vt 0.757812500 0.495849609
vt 0.745849609 0.482910156
v -0.167892501 0.516906738 -0.255828798
vt 0.777587891 0.501220703
vn -0.402850688 0.829398394 -0.387052536
vt 0.740722656 0.499511719
vt 0.466552734 0.003173828
vt 0.448730469 0.009521484
vt 0.448730469 0.000000000
vt 0.439941406 0.001708984
v -0.197189331 0.288726807 -0.072807267
vt 0.476562500 0.013427734
vn -0.456198186 -0.880934596 0.125847891
v -0.174713135 0.280929565 -0.061664540
vt 0.484375000 0.005126953
vn -0.431084216 -0.885682225 0.172433823
vt 0.453369141 0.021484375
v -0.183181763 0.290306091 -0.023225740
vt 0.498291016 0.013671875
vn -0.409296572 -0.897304177 0.165292963
v -0.151092529 0.283027649 -0.000560065
vt 0.508300781 0.000732422
vn -0.394398302 -0.899228215 0.189311311
v -0.154312134 0.286293030 0.012322467
vt 0.513916016 0.000976562
vn -0.322784573 -0.928989947 0.181074411
v -0.159530625 0.292716980 0.036338847
vt 0.523437500 0.007812500
vn -0.354583591 -0.914037824 0.196990997
v -0.190765381 0.303100586 0.019649548
vt 0.514648438 0.020996094
vn -0.474445403 -0.854001820 0.213500544
v -0.211318970 0.308883667 -0.010451269
vt 0.502441406 0.029785156
vn -0.597980440 -0.778948307 0.188836068
v -0.210388184 0.300254822 -0.048065141
vt 0.486083984 0.023681641
vn -0.561111391 -0.814006805 0.150156707
v -0.239181519 0.320465088 -0.066581674
vt 0.475830078 0.038085938
vn -0.698345304 -0.698345423 0.156931654
vt 0.438232422 0.025146484
v -0.242584243 0.313430786 -0.119331308
vt 0.452392578 0.033691406
vn -0.692055762 -0.715648651 0.094371371
v -0.263748169 0.335800141 -0.121192880
vt 0.451171875 0.047363281
vn -0.762904942 -0.637065053 0.110110126
v -0.232360840 0.330307007 -0.002573680
vt 0.502685547 0.044677734
vn -0.721729577 -0.658970535 0.211812079
v -0.203903183 0.319480896 0.045688674
vt 0.519042969 0.037597656
vn -0.628597498 -0.738602161 0.243581697
v -0.275131226 0.364646912 -0.059238382
vt 0.475585938 0.064208984
vn -0.904782832 -0.385516226 0.180956721
v -0.283218384 0.361125946 -0.116882272
vt 0.449707031 0.062011719
vn -0.956958413 -0.274537265 0.094127201
v -0.261795044 0.368614197 0.002889922
vt 0.503662109 0.066894531
vn -0.905708313 -0.346531957 0.244147614
vt 0.447998047 0.074462891
v -0.264755249 0.398818493 -0.002595375
vt 0.500000000 0.080078125
vn -0.981941283 0.015711024 0.188532874
vt 0.473144531 0.081787109
vt 0.006835938 0.631835938
vt 0.002441406 0.620117188
vt 0.008300781 0.634277344
vt 0.001220703 0.620117188
vt 0.001708984 0.637695312
vt 0.001464844 0.615966797
v -0.150161743 0.281082153 -0.005792578
vt 0.005371094 0.598144531
vn -0.415255517 0.901026011 0.125360161
vt 0.006835938 0.596679688
vt 0.003173828 0.593017578
v -0.130386338 0.283126831 0.037990607
vt 0.003906250 0.581054688
vn -0.898613334 -0.134003773 0.417776525
vt 0.009521484 0.592529297
vt 0.001708984 0.580322266
v -0.132797226 0.285179138 0.040653266
vt 0.028076172 0.178955078
vn -0.346542627 -0.913612485 0.212651283
vt 0.025146484 0.164550781
vt 0.029541016 0.178710938
vt 0.022216797 0.169677734
v -0.124374375 0.292694092 0.090026893
vt 0.009033203 0.184326172
vn -0.290171534 -0.933254480 0.211746916
vt 0.028076172 0.181884766
v -0.111946091 0.285537720 0.077972449
vt 0.015625000 0.190673828
vn -0.755554259 0.535184205 0.377777189
v -0.132568344 0.284629822 0.066963233
vt 0.024169922 0.194580078
vn 0.015714888 0.997898698 -0.062859803
vt 0.074951172 0.196533203
v -0.187973008 0.286529541 0.077552840
vt 0.049072266 0.219238281
vn 0.039501265 0.995433331 -0.086902961
v -0.148529023 0.290809631 0.148941070
vt 0.009765625 0.239501953
vn 0.063125283 0.994224012 -0.086797386
v -0.201263398 0.295600891 0.156707808
vt 0.037597656 0.258789062
vn 0.055177961 0.993204236 -0.102473505
v -0.218780503 0.286552429 0.063560538
vt 0.068359375 0.223876953
vn 0.015799487 0.995371222 -0.094797306
v -0.228988633 0.285987854 0.068641715
vt 0.073974609 0.228271484
vn -0.070872791 0.992218256 -0.102371752
vt 0.086181641 0.209228516
vt 0.097900391 0.219482422
v -0.220169052 0.291282654 0.109443717
vt 0.059082031 0.244140625
vn -0.023677217 0.994440794 -0.102601074
v -0.234115571 0.293693542 0.140411422
vt 0.058837891 0.261474609
v -0.269424409 0.293533325 0.143859908
vt 0.074218750 0.272460938
v -0.236144990 0.298439026 0.177642867
vt 0.048828125 0.278564453
vn -0.023657333 0.993605554 -0.110400662
v -0.225646943 0.296051025 0.154449508
vt 0.049804688 0.264648438
v -0.191497773 0.299728394 0.204361007
vt 0.027587891 0.283935547
v -0.228073090 0.301788330 0.212539718
vt 0.041015625 0.294677734
vn 0.047154959 0.998114347 -0.039295893
vt 0.038818359 0.649414062
vt 0.057128906 0.648193359
v -0.167297348 0.303558350 0.067382857
vt 0.059814453 0.665771484
vn -0.433649302 -0.867298722 0.244420648
v -0.139572129 0.297889709 0.090919532
vt 0.078613281 0.664550781
vn -0.330800921 -0.913640797 0.236286521
vt 0.082763672 0.657958984
v -0.133987412 0.306068420 0.127441436
vt 0.091064453 0.681640625
vn -0.347048849 -0.891284823 0.291836709
v -0.159362778 0.317779541 0.126937896
vt 0.078857422 0.692382812
vn -0.457901001 -0.836853743 0.300004274
v -0.186019883 0.319320679 0.083549544
vt 0.052734375 0.680908203
vn -0.533386648 -0.800080061 0.274537355
vt 0.024658203 0.639892578
vt 0.035156250 0.667968750
v -0.204956040 0.336700439 0.087890670
vt 0.041748047 0.690185547
vn -0.441054285 -0.882108629 -0.165395260
v -0.172058091 0.328857422 0.132904097
vt 0.072509766 0.700195312
vn 0.078916535 -0.994347930 -0.071024813
v -0.192977890 0.331573486 0.100547828
vt 0.052490234 0.692871094
vn -0.220254019 -0.975410879 -0.007866145
v -0.164627045 0.329574585 0.145675689
vt 0.079589844 0.703857422
vn -0.070621289 -0.973005533 0.219710976
v -0.206695542 0.323966980 0.101394698
vt 0.046630859 0.699462891
vn 0.354759872 -0.851423681 -0.386294097
v -0.230483994 0.320755005 0.093605094
vt 0.034912109 0.705566406
vn -0.149643511 -0.504062057 -0.850604653
v -0.187469453 0.316795349 0.158416793
vt 0.073730469 0.718505859
vn 0.345867544 -0.927553773 -0.141491249
v -0.177093476 0.320884705 0.173400924
vt 0.083007812 0.720458984
vn 0.471987635 -0.881043553 0.031465814
v -0.205642670 0.309341431 0.188873336
vt 0.075195312 0.738037109
vn 0.291113108 -0.952018380 0.094415046
v -0.224884018 0.312316895 0.117027335
vt 0.046630859 0.713378906
vn 0.228141472 -0.951900601 -0.204540595
v -0.207824677 0.310195923 0.163452193
vt 0.067138672 0.728515625
vn 0.189429119 -0.978717029 -0.078928769
v -0.226257309 0.316780090 0.103523307
vt 0.040771484 0.708007812
vn 0.062799692 -0.941995382 -0.329698324
v -0.242706284 0.317352295 0.104049735
vt 0.033935547 0.712646484
vn -0.196789429 -0.826515496 -0.527395546
v -0.251815766 0.314376831 0.120376639
vt 0.036132812 0.722167969
vn -0.047283664 -0.985076845 -0.165492862
v -0.288192719 0.313468933 0.125030577
vt 0.025146484 0.735595703
vn -0.243064433 -0.815441847 -0.525332630
v -0.268569916 0.310913086 0.150909469
vt 0.037597656 0.741210938
vn 0.023661710 -0.985903800 -0.165631786
v -0.231735200 0.308181763 0.147903487
vt 0.052246094 0.729248047
vn -0.007894325 -0.994688690 -0.102626562
v -0.241577119 0.306518555 0.178161666
vt 0.056884766 0.744873047
vn -0.007856475 -0.989919007 -0.141416952
v -0.237258881 0.306045532 0.182769820
vt 0.061035156 0.745117188
vn 0.125956967 -0.991910815 0.015744641
v -0.274764985 0.301109314 0.199676558
vt 0.059082031 0.762207031
vn 0.078845352 -0.985566676 -0.149806112
v -0.221481293 0.311241150 0.209259078
vt 0.075195312 0.751708984
vn 0.173903614 -0.980183661 0.094856508
v -0.265090913 0.302314758 0.216827437
vt 0.065673828 0.765380859
vn 0.188625798 0.958848178 -0.212204188
v -0.193206802 0.558410645 -0.067398041
vt 0.422851562 0.559570312
vn -0.662816048 0.741722703 0.102578737
vt 0.433593750 0.557373047
v -0.267746001 0.375564545 -0.302093446
vt 0.718750000 0.065673828
vn -0.803149760 0.519685030 -0.291338533
vt 0.697509766 0.057373047
vt 0.714111328 0.057617188
vt 0.698730469 0.065673828
vt 0.738525391 0.068847656
v -0.266128570 0.392529458 -0.303497255
vt 0.715087891 0.073242188
vn -0.817176938 0.267153919 -0.510735452
vt 0.702392578 0.075927734
v -0.277328521 0.384017915 -0.277984560
vt 0.729492188 0.074218750
vn -0.957783937 0.164864361 -0.235520512
v -0.283950835 0.371204346 -0.240997270
vt 0.749511719 0.075439453
vn -0.992988288 0.094570272 -0.070927612
vt 0.747070312 0.066406250
vt 0.757080078 0.070312500
vt 0.706054688 0.087158203
vt 0.698974609 0.083496094
v -0.269363433 0.403383464 -0.283660829
vt 0.721679688 0.082763672
vn -0.875047207 0.417815268 -0.244382426
v -0.277847320 0.397005051 -0.251586854
vt 0.738281250 0.086181641
vn -0.950489879 0.290645629 -0.109973922
v -0.285781890 0.358631104 -0.178497255
vt 0.778808594 0.083007812
vn -0.956021607 -0.292337209 0.023703154
vt 0.776855469 0.066650391
vt 0.786132812 0.069580078
v -0.259170562 0.421514481 -0.282348573
vt 0.716064453 0.092529297
vn -0.797230482 0.536749125 -0.276267916
vt 0.708984375 0.114257812
vt 0.802734375 0.059570312
vt 0.820068359 0.069335938
vt 0.812011719 0.082763672
vt 0.807617188 0.095947266
vt 0.726318359 0.116210938
vt 0.714355469 0.128662109
vt 0.699707031 0.129394531
v -0.265579253 0.433952302 -0.229019120
vt 0.736328125 0.108642578
vn -0.884305477 0.442152679 -0.150015995
vt 0.746337891 0.125732422
vt 0.758056641 0.110839844
v -0.284103423 0.384351701 -0.199905351
vt 0.763671875 0.092529297
vn -0.985689163 0.165595725 -0.031541929
vt 0.787597656 0.119140625
v -0.283065826 0.393587083 -0.147033647
vt 0.787109375 0.105224609
vn -0.995215952 0.094782427 0.023695745
vt 0.799072266 0.108642578
vt 0.593994141 0.290283203
v -0.243087769 0.355087280 0.030202914
vt 0.580078125 0.273681641
vn -0.779310107 -0.558899224 0.283385605
vt 0.596679688 0.265869141
v -0.212768540 0.343742371 0.087463424
vt 0.550048828 0.281250000
vn -0.769960642 -0.628539443 0.109994523
vt 0.571777344 0.294921875
vt 0.547851562 0.286865234
v -0.227371201 0.333740234 0.090423629
vt 0.539550781 0.283935547
vn -0.291836739 -0.063099869 -0.954384565
vt 0.535888672 0.290527344
v -0.230545029 0.372516632 0.091583297
vt 0.546386719 0.263427734
vn -0.915402889 -0.402461648 0.007891542
v -0.238876328 0.345352173 0.096046492
vt 0.536132812 0.276611328
vn -0.434040904 0.047349844 -0.899648070
v -0.251327485 0.337799072 0.101905867
vt 0.528320312 0.278564453
vn -0.552604914 0.086837843 -0.828907192
v -0.249801636 0.378715515 0.047500659
vt 0.571777344 0.258789062
vn -0.903692663 -0.290753335 0.314328015
v -0.245285019 0.359291077 0.101547286
vt 0.534912109 0.266845703
vn -0.605980039 0.031479418 -0.794856727
v -0.255722016 0.359825134 0.109657332
vt 0.528808594 0.266113281
vn -0.852935970 0.157951042 -0.497545809
v -0.239120468 0.406342268 0.097999617
vt 0.547607422 0.243408203
vn -0.992002964 -0.125968680 0.007873176
v -0.249496445 0.412599087 0.064231917
vt 0.567382812 0.240234375
vn -0.965366721 -0.070636623 0.251152456
vt 0.603027344 0.248291016
v -0.248352036 0.388898849 0.105804488
vt 0.538085938 0.250244141
vn -0.967754304 0.196697980 -0.157358304
v -0.239013657 0.437740326 0.108970687
vt 0.546386719 0.223632812
vn -0.986948133 0.031582303 0.157911837
v -0.245300278 0.446308136 0.084060714
vt 0.561523438 0.219970703
vn -0.977621377 0.047304228 0.204985261
v -0.258438110 0.437656403 0.015844392
vt 0.600585938 0.223144531
vn -0.980643213 0.134442970 0.142351553
vt 0.625244141 0.251953125
v -0.243606567 0.473045349 0.078414962
vt 0.567138672 0.205078125
vn -0.970642745 0.181502253 0.157828197
v -0.237136826 0.464244843 0.116104171
vt 0.545654297 0.206787109
vn -0.968593955 0.047248457 0.244117320
v -0.226638779 0.448169708 0.148330733
vt 0.524658203 0.210205078
vn -0.946026385 0.023650635 0.323225796
v -0.238525376 0.439247131 0.119262740
vt 0.540283203 0.221679688
vn -0.961375296 0.252163976 0.110321872
v -0.243667588 0.402165890 0.136230513
vt 0.524169922 0.237792969
vn -0.962451637 0.220890492 0.157779068
v -0.232635483 0.441665649 0.141479537
vt 0.527099609 0.215820312
vn -0.911550879 0.290753275 0.290753424
v -0.254287690 0.362449646 0.127990767
vt 0.520996094 0.260742188
vn -0.954859853 0.284090489 0.086805552
v -0.236663803 0.405650854 0.159805343
vt 0.511474609 0.231201172
vn -0.910146892 0.251075000 0.329536080
v -0.248840317 0.365055084 0.153961226
vt 0.508056641 0.254150391
vn -0.922605038 0.291763961 0.252336532
v -0.258163422 0.354797363 0.116790824
vt 0.523681641 0.267333984
vn -0.965366781 0.251152307 0.070636705
v -0.254653901 0.358074188 0.150970504
vt 0.507324219 0.260009766
vn -0.955842495 0.173789516 0.236985847
v -0.261123627 0.340980530 0.119148307
vt 0.519287109 0.275390625
vn -0.905624211 0.362249643 -0.220499694
v -0.255233735 0.352611542 0.141098067
vt 0.510498047 0.265136719
vn -0.946762085 0.189352378 0.260359675
v -0.257553071 0.343261719 0.145553634
vt 0.508056641 0.269775391
vn -0.465708911 0.884057522 0.039466877
v -0.266494721 0.335731506 0.109275870
vt 0.520996094 0.281250000
vn -0.409957528 0.843566358 -0.346887082
v -0.262435883 0.326454163 0.107902579
vt 0.522949219 0.285888672
vn -0.472778291 -0.196990967 -0.858880341
vt 0.528808594 0.293457031
vt 0.511474609 0.297851562
v -0.300277680 0.329940796 0.132553160
vt 0.503662109 0.293945312
vn -0.614230514 0.464610100 -0.637854576
v -0.289901704 0.333595276 0.140365660
vt 0.504150391 0.286865234
vn -0.268157542 0.962212205 -0.047321919
v -0.283462495 0.334121704 0.163070723
vt 0.492431641 0.282226562
vn -0.276397169 0.955544472 0.102661788
v -0.279495209 0.334480286 0.181030318
vt 0.488525391 0.277587891
vn -0.307535052 0.938376069 0.157710269
v -0.246246308 0.343925476 0.180648848
vt 0.486328125 0.261962891
vn -0.544388235 0.804747820 0.236690596
v -0.245849580 0.332221985 0.235229537
vt 0.455810547 0.264648438
vn -0.236220434 0.771653533 0.590551198
v -0.279556245 0.327178955 0.211303756
vt 0.472167969 0.281738281
vn -0.346531928 0.905708373 0.244147480
v -0.237777680 0.342254639 0.204711959
vt 0.471435547 0.259521484
vn -0.322017133 0.918926954 0.227768227
v -0.219314545 0.341247559 0.232742354
vt 0.459472656 0.251464844
vn -0.236359656 0.638171315 0.732715189
v -0.220993012 0.347541809 0.218093917
vt 0.467041016 0.248779297
vn -0.630547047 0.638428926 0.441383004
v -0.241897553 0.353443146 0.179565474
vt 0.489501953 0.256591797
vn -0.907172501 0.047330718 0.418088347
v -0.223220795 0.353336334 0.209457442
vt 0.473388672 0.249023438
vn -0.804747760 0.236690551 0.544388354
v -0.215377778 0.361461639 0.215774581
vt 0.470703125 0.240966797
vn -0.669249833 0.322814673 0.669249952
v -0.240066499 0.358577728 0.188140914
vt 0.486816406 0.252197266
vn -0.842389166 0.228311077 0.488113493
v -0.226409882 0.370250702 0.198928878
vt 0.482910156 0.241210938
vn -0.732897103 0.291582733 0.614688039
v -0.238906831 0.367782593 0.180175826
vt 0.493408203 0.247558594
vn -0.881479919 0.283332825 0.377777249
v -0.202072114 0.393678665 0.214492843
vt 0.473876953 0.222167969
vn -0.661663473 0.244185373 0.708925307
v -0.232177705 0.379844666 0.186218306
vt 0.492431641 0.238769531
vn -0.850710154 0.259939224 0.456862986
v -0.221466035 0.407855749 0.188858077
vt 0.494384766 0.222167969
vn -0.746436477 0.259288490 0.612863839
v -0.194381684 0.437938690 0.208282515
vt 0.486816406 0.197998047
vn -0.762527645 0.055027772 0.644611180
v -0.222457871 0.434057236 0.173065230
vt 0.508300781 0.212646484
vn -0.866921425 0.283719748 0.409817547
v -0.213104233 0.448547363 0.180374190
vt 0.506835938 0.202392578
vn -0.865069628 0.078642681 0.495449126
vt 0.487548828 0.185302734
vt 0.474121094 0.182861328
v -0.215255722 0.471946716 0.183166549
vt 0.509033203 0.190429688
vn -0.913612425 -0.063007779 0.401674569
vt 0.496582031 0.170898438
vt 0.513916016 0.169433594
v -0.225357041 0.479087830 0.156066939
vt 0.525390625 0.192138672
vn -0.953939557 0.015767569 0.299584448
v -0.228790268 0.494354248 0.138687178
vt 0.536865234 0.187500000
vn -0.967395008 0.149434969 0.204490125
vt 0.527587891 0.166748047
vt 0.543457031 0.172363281
v -0.236755371 0.502830505 0.071182288
vt 0.572998047 0.188964844
vn -0.943916738 0.322504848 0.070793860
vt 0.557373047 0.164794922
vt 0.576171875 0.169189453
v -0.248901367 0.473487854 0.037540480
vt 0.589355469 0.204101562
vn -0.959678411 0.267451316 0.086528495
v -0.241607666 0.494255066 0.019777341
vt 0.599853516 0.190917969
vn -0.908162057 0.418544233 -0.007896962
vt 0.594238281 0.162109375
v -0.254287720 0.462955475 0.005115555
vt 0.605468750 0.208007812
vn -0.951665044 0.298869967 0.070785105
vt 0.632568359 0.215332031
vt 0.622314453 0.206054688
v -0.248046875 0.480529785 -0.029413180
vt 0.622802734 0.197265625
vn -0.900405407 0.434406102 0.023694979
vt 0.648681641 0.197753906
v -0.234603882 0.505798340 -0.005416829
vt 0.613037109 0.184082031
vn -0.852324784 0.520865083 -0.047351286
vt 0.632324219 0.190917969
vt 0.612304688 0.166503906
vt 0.628417969 0.170410156
v -0.222641006 0.519836426 -0.066482507
vt 0.645996094 0.175781250
vn -0.812132120 0.583473563 0.000000081
vt 0.648437500 0.184814453
vt 0.649169922 0.164550781
vt 0.649658203 0.177246094
vt 0.651123047 0.164794922
vt 0.000000000 0.648193359
vt 0.010742188 0.639160156
vt 0.009277344 0.677978516
vt 0.148681641 0.982666016
vt 0.128417969 0.980957031
vt 0.145263672 0.962158203
vt 0.157958984 0.996093750
vt 0.128173828 0.966308594
vt 0.121093750 0.959716797
vt 0.146972656 0.937255859
vt 0.157714844 0.923339844
vt 0.144287109 0.937500000
vt 0.640136719 0.141601562
vt 0.630859375 0.162109375
vt 0.615478516 0.151855469
v -0.299179047 0.285537720 0.080947936
vt 0.609375000 0.139160156
vn 0.007872980 0.992002964 -0.125968680
vt 0.591064453 0.104248047
v -0.287155122 0.291862488 0.131118834
vt 0.590820312 0.117431641
vn -0.039501376 0.995433331 -0.086902946
v -0.309860200 0.288619995 0.081291258
vt 0.605712891 0.144287109
vn -0.102093600 0.989522040 -0.102093570
v -0.300033540 0.289199829 0.108184874
vt 0.596191406 0.131347656
vn -0.039280128 0.997713923 -0.054992147
v -0.294235200 0.290924072 0.141449034
vt 0.583251953 0.117675781
vn 0.007887663 0.993852854 -0.110428140
v -0.308029145 0.287643433 0.110160887
vt 0.592041016 0.135253906
v -0.319076508 0.284370422 0.084663458
vt 0.601806641 0.148681641
vn -0.062978521 0.991910815 -0.110212348
vt 0.613769531 0.158447266
vt 0.582519531 0.156738281
vt 0.551269531 0.140625000
v -0.273727387 0.295013428 0.177536055
vt 0.572998047 0.095947266
vn -0.039373800 0.992218256 -0.118121259
v -0.312972993 0.297653198 0.170761168
vt 0.563232422 0.116455078
vn 0.062861636 0.990071774 -0.125723451
vt 0.585693359 0.081787109
v -0.341964692 0.298721313 0.178253233
vt 0.547119141 0.123779297
vn -0.007900543 0.995464504 0.094806105
vt 0.529541016 0.160156250
vt 0.524658203 0.149414062
v -0.281417817 0.295883179 0.186752364
vt 0.565917969 0.094726562
vn -0.031476598 0.999380589 -0.015738316
vt 0.562988281 0.076660156
vt 0.577636719 0.064697266
v -0.254928559 0.303527832 0.227081344
vt 0.563964844 0.069580078
vn -0.086946376 0.995930731 0.023712605
v -0.245269746 0.303581238 0.241302535
vt 0.564453125 0.062255859
vn -0.094664454 0.993976474 0.055220880
v -0.282699555 0.298812866 0.210952803
vt 0.557128906 0.083740234
vn -0.227726102 0.973725259 -0.000000013
v -0.282852143 0.299369812 0.216079757
vt 0.556884766 0.081542969
vn 0.078869902 -0.993760109 0.078869887
v -0.295516938 0.294685364 0.194793761
vt 0.557617188 0.096679688
vn -0.102093570 0.989522040 0.102093510
v -0.318771333 0.290679932 0.210266173
vt 0.541503906 0.100341797
vn -0.110301241 0.984832287 0.133937150
v -0.290634125 0.295722961 0.234680235
vt 0.543212891 0.079833984
vn -0.141382128 0.989674628 0.023563657
v -0.312576264 0.292129517 0.269134581
vt 0.524658203 0.072753906
vn -0.739974022 0.551044405 0.385731190
v -0.274642885 0.293846130 0.317291319
vt 0.516845703 0.044433594
vn -0.432722211 0.841841400 0.322574764
v -0.270706147 0.297119141 0.251220763
vt 0.542968750 0.067871094
vn -0.149806172 0.985566676 0.078845307
v -0.273666352 0.301033020 0.224655196
vt 0.553710938 0.076416016
vn -0.055116281 -0.748008311 0.661396861
v -0.106353745 0.287300110 0.087196387
vt 0.955566406 0.699462891
vn -0.455944330 -0.809694350 0.369472295
vt 0.952148438 0.706054688
vt 0.953125000 0.697509766
v -0.080535866 0.289558411 0.125885040
vt 0.964843750 0.707763672
vn -0.394055128 -0.851159275 0.346768707
v -0.092452981 0.293342590 0.129196197
vt 0.963378906 0.714111328
vn -0.268207461 -0.922949553 0.276096076
vt 0.949218750 0.711425781
vt 0.970214844 0.709472656
vt 0.974365234 0.718505859
vt 0.952148438 0.726806641
v -0.084022500 0.299682617 0.152664214
vt 0.968994141 0.720458984
vn -0.260351390 -0.915174901 0.307688177
v -0.096946694 0.302368164 0.151428252
vt 0.965332031 0.723876953
vn -0.267683268 -0.913272679 0.307048649
v -0.097595185 0.309165955 0.171676666
vt 0.968505859 0.731933594
vn -0.268759906 -0.885327101 0.379425943
vt 0.978515625 0.729736328
vt 0.974121094 0.740478516
v -0.127090424 0.318733215 0.169235259
vt 0.960937500 0.742919922
vn -0.393737286 -0.826848567 0.401612222
vt 0.944580078 0.736572266
vt 0.946289062 0.747070312
v -0.129013032 0.330627441 0.186355621
vt 0.965087891 0.751220703
vn -0.402361244 -0.717938960 0.568039656
vt 0.979248047 0.751708984
v -0.152694672 0.336326599 0.171752959
vt 0.954345703 0.756103516
vn 0.078985490 -0.908331990 0.410724044
vt 0.940673828 0.758300781
v -0.134078950 0.354400635 0.209228545
vt 0.971923828 0.764160156
vn -0.424198538 -0.628442407 0.652009070
vt 0.988037109 0.768554688
vt 0.982421875 0.776367188
v -0.155105561 0.351886749 0.189392120
vt 0.959472656 0.765869141
vn 0.267874479 -0.606656611 0.748472452
v -0.173858613 0.325805664 0.195617720
vt 0.944335938 0.767089844
vn 0.599299073 -0.717581749 0.354848057
vt 0.925048828 0.773193359
v -0.161315888 0.373958588 0.206680328
vt 0.965332031 0.777587891
vn -0.236543238 -0.599243104 0.764823556
v -0.181838959 0.335433960 0.211349532
vt 0.945556641 0.776855469
vn 0.675242424 -0.345472783 0.651687324
vt 0.971923828 0.787353516
vt 0.987792969 0.787597656
v -0.174377412 0.371894836 0.219970748
vt 0.960937500 0.784667969
vn 0.552329600 -0.244603008 0.796932518
v -0.204040498 0.317276001 0.220764205
vt 0.933105469 0.781982422
vn 0.503624976 -0.645269334 0.574447095
v -0.208419770 0.312728882 0.208923385
vt 0.927734375 0.779052734
vn 0.212512866 -0.960243046 0.181029439
vt 0.922119141 0.780273438
v -0.218887299 0.313323975 0.226272628
vt 0.926269531 0.785156250
vn 0.347135454 -0.686381161 0.639044523
v -0.193496674 0.334922791 0.221176192
vt 0.941406250 0.782714844
vn 0.518609166 -0.251446754 0.817202091
v -0.206237763 0.350284576 0.231430098
vt 0.938964844 0.792724609
vn 0.157946289 -0.023691872 0.987163424
v -0.183151215 0.350154877 0.217651412
vt 0.950195312 0.782226562
v -0.248336762 0.306900024 0.229812667
vt 0.914794922 0.795654297
vn 0.212204173 -0.958848178 0.188625887
v -0.232940644 0.313385010 0.231536910
vt 0.922363281 0.791015625
vn 0.189730853 -0.221352443 0.956559062
vt 0.934814453 0.795166016
vt 0.922607422 0.800537109
vt 0.937744141 0.798828125
vt 0.944580078 0.801269531
v -0.192611665 0.373867035 0.228866622
vt 0.954833984 0.792236328
vn -0.141992107 0.086773075 0.986057222
vt 0.958007812 0.803466797
v -0.174606293 0.425012589 0.227951095
vt 0.972900391 0.801757812
vn -0.473013103 -0.102486178 0.875074506
vt 0.974609375 0.813720703
vt 0.982421875 0.802001953
vt 0.982910156 0.811767578
vt 0.370605469 0.325683594
vt 0.368896484 0.322753906
v -0.097434975 0.287643433 0.112289466
vt 0.381347656 0.329589844
vn -0.015722271 0.998361051 -0.055027816
vt 0.373779297 0.315673828
vt 0.378417969 0.335693359
vt 0.385009766 0.337890625
vt 0.385009766 0.338867188
vt 0.397216797 0.340332031
v -0.115196198 0.292861938 0.196014434
vt 0.414794922 0.342285156
vn 0.023568720 0.997744679 -0.062850103
vt 0.401611328 0.362060547
vt 0.406738281 0.326416016
vt 0.430664062 0.372070312
v -0.144195527 0.296585083 0.231018096
vt 0.432128906 0.343994141
vn 0.078995198 0.995340228 -0.055296738
v -0.124114946 0.298233032 0.283660948
vt 0.439208984 0.366943359
v -0.167739838 0.299339294 0.214767486
vt 0.434082031 0.335205078
vn 0.094570264 0.992988288 -0.070927791
vt 0.420654297 0.317382812
vt 0.437255859 0.326660156
v -0.173141435 0.299224854 0.254333556
vt 0.446289062 0.344970703
vt 0.451904297 0.321533203
v -0.105689958 0.301467896 0.287017822
vt 0.435058594 0.374755859
vn -0.000000054 0.996914387 -0.078497238
v -0.103576615 0.300117493 0.307403564
vt 0.438964844 0.383056641
vn -0.000000047 0.999721110 -0.023615502
vt 0.436279297 0.392089844
vt 0.451904297 0.400146484
v -0.171188310 0.299720764 0.297637999
vt 0.457275391 0.358886719
vn 0.015745549 0.999845147 -0.007872842
v -0.217773393 0.301818848 0.275024474
vt 0.466308594 0.339599609
vn 0.070686631 0.997467637 -0.007854129
vt 0.465332031 0.325195312
v -0.222442582 0.304199219 0.291168272
vt 0.472656250 0.343017578
vn -0.110089608 0.990806222 0.078635380
v -0.210235551 0.300621033 0.330383360
vt 0.479003906 0.358154297
vn -0.047139037 0.997775495 0.047138963
v -0.243209794 0.296905518 0.302673399
vt 0.483398438 0.340087891
vn -0.157397434 0.983733773 0.086568549
vt 0.476562500 0.321533203
vt 0.497314453 0.336425781
v -0.184646547 0.299636841 0.396728575
vt 0.487060547 0.387695312
vn -0.031476595 0.999380589 0.015738238
v -0.218246415 0.295768738 0.357544005
vt 0.489013672 0.365478516
vn -0.142085120 0.986702085 0.078936137
v -0.117965639 0.300048828 0.439758360
vt 0.483642578 0.421142578
vn -0.149522871 0.826310754 0.543004096
vt 0.475585938 0.435058594
vt 0.489257812 0.431640625
v -0.171890199 0.299514771 0.425079405
vt 0.492187500 0.399658203
vn -0.244785935 0.623809576 0.742254376
vt 0.501464844 0.437255859
vt 0.490722656 0.454345703
vt 0.510498047 0.413574219
v -0.202758729 0.262924194 0.421783507
vt 0.510009766 0.392333984
vn -0.455789477 0.212177932 0.864428520
v -0.193176210 0.294700623 0.419921935
vt 0.496337891 0.392089844
vn -0.449195057 0.772300303 0.449195117
v -0.218963563 0.294143677 0.387725890
vt 0.497070312 0.375488281
vn -0.693429470 0.472792834 0.543711841
v -0.238998353 0.294136047 0.362365782
vt 0.497070312 0.361572266
vn -0.724926472 0.401861459 0.559454262
v -0.227004945 0.242309570 0.398498595
vt 0.519042969 0.378173828
vn -0.779672563 0.401649505 0.480404407
v -0.227493227 0.240921021 0.419647276
vt 0.522460938 0.385742188
vn -0.567721546 0.236550704 0.788502395
v -0.192748964 0.243530273 0.427002013
vt 0.517089844 0.399414062
vn -0.181029290 -0.212512776 0.960243046
v -0.250244081 0.221496582 0.400756896
vt 0.531250000 0.375488281
vn -0.754713178 0.471695811 0.455972642
v -0.185546815 0.222000122 0.418670714
vt 0.526611328 0.402587891
vn -0.086280361 -0.454933465 0.886335969
vt 0.528564453 0.412597656
v -0.228408754 0.219589233 0.409942687
vt 0.532226562 0.385742188
vn -0.274638534 -0.423728198 0.863150120
v -0.215560853 0.190246582 0.399231017
vt 0.545410156 0.390625000
vn -0.094714411 -0.457786947 0.884002447
vt 0.540771484 0.414550781
vt 0.556884766 0.410644531
v -0.247604311 0.228286743 0.378356993
vt 0.525390625 0.366455078
vn -0.748008251 0.440931201 0.496047676
v -0.270736635 0.205230713 0.382965147
vt 0.538330078 0.365478516
vn -0.640962303 0.000000006 0.767572343
v -0.256118715 0.188690186 0.380432189
vt 0.546630859 0.372314453
vn -0.369472116 -0.455944479 0.809694529
v -0.203735292 0.159362793 0.386871397
vt 0.558349609 0.393554688
vn -0.205406755 -0.434514582 0.876929462
vt 0.566406250 0.407226562
vt 0.571044922 0.396972656
vt 0.573242188 0.384521484
vt 0.572753906 0.350585938
v -0.291305482 0.195053101 0.365814269
vt 0.544189453 0.354980469
vn -0.643974602 0.227747127 0.730361581
v -0.283218324 0.228012085 0.328155577
vt 0.526855469 0.341796875
vn -0.710624695 0.489541471 0.505333245
v -0.267654359 0.255355835 0.338836730
vt 0.514404297 0.348632812
vn -0.784223258 0.219582528 0.580325365
v -0.288162172 0.260513306 0.309204161
vt 0.514160156 0.335693359
vn -0.790445864 0.181802556 0.584930122
vt 0.510742188 0.323242188
v -0.306198061 0.217773438 0.298767149
vt 0.532226562 0.326171875
vn -0.770698488 0.369620711 0.519041955
v -0.312789887 0.241104126 0.281463683
vt 0.525878906 0.320312500
vn -0.880934417 0.125847742 0.456198305
v -0.303848207 0.219848633 0.313476622
vt 0.533447266 0.332519531
vn -0.456976324 0.843042552 0.283640504
v -0.319992006 0.219924927 0.292480528
vt 0.537841797 0.322753906
vn -0.965604722 0.125607088 0.227663025
v -0.312972963 0.220031738 0.287078917
vt 0.535644531 0.322021484
vn -0.780084014 0.504296660 0.370342970
v -0.311874330 0.206619263 0.323150694
vt 0.541259766 0.335205078
vn -0.893794656 0.266570330 0.360654116
v -0.315536439 0.185943604 0.271942198
vt 0.552734375 0.316894531
vn -0.967514753 -0.251711190 0.023598058
v -0.302169740 0.190216064 0.357849181
vt 0.546875000 0.349121094
vn -0.947824776 -0.213260621 0.236956343
v -0.305007875 0.146270752 0.278167784
vt 0.570800781 0.325195312
vn -0.976771712 -0.173298255 0.126035213
v -0.302871674 0.163650513 0.256927550
vt 0.566406250 0.313720703
vn -0.983947039 -0.118073702 -0.133816659
vt 0.578125000 0.337402344
v -0.306564301 0.156127930 0.245147780
vt 0.570312500 0.310791016
vn -0.984679401 0.055142008 0.165426269
vt 0.581054688 0.323486328
vt 0.602783203 0.269531250
v -0.273605317 0.102386475 0.168090880
vt 0.641601562 0.281250000
vn -0.125781611 -0.990530550 0.055029538
vt 0.599609375 0.295654297
vt 0.640625000 0.273193359
vt 0.622070312 0.300048828
vt 0.668212891 0.277099609
v -0.295272797 0.110717773 0.172744825
vt 0.651367188 0.289062500
vn -0.292191237 -0.955544472 0.039485388
v -0.325149506 0.117248535 0.151657179
vt 0.650878906 0.306640625
vn -0.228452668 -0.968954682 0.094532244
vt 0.616699219 0.337890625
vt 0.648681641 0.329101562
v -0.329238862 0.122375488 0.217514113
vt 0.679931641 0.286865234
vn -0.557673752 -0.722619653 0.408437282
v -0.346725434 0.126861542 0.202545241
vt 0.682617188 0.301757812
vn -0.548871875 -0.674328387 0.493984878
vt 0.685058594 0.274658203
v -0.356216401 0.129058808 0.195953444
vt 0.684082031 0.310058594
vn -0.323155284 -0.819711149 0.472910374
vt 0.693603516 0.329345703
v -0.308120698 0.136138916 0.240112379
vt 0.697265625 0.274169922
vn -0.898864686 -0.063078240 0.433662921
vt 0.693359375 0.261718750
vt 0.710205078 0.271484375
v -0.313552827 0.150970459 0.238464430
vt 0.703369141 0.278808594
vn -0.646471322 -0.181327358 0.741077065
v -0.324203461 0.163330078 0.232635573
vt 0.703857422 0.287841797
vn -0.727505684 -0.300491542 0.616798520
v -0.310958833 0.157852173 0.242141798
vt 0.711181641 0.272460938
vn -0.439855278 -0.180654868 0.879710853
vt 0.719970703 0.262695312
v -0.354995698 0.183425903 0.211624220
vt 0.717041016 0.314208984
vn -0.473263174 -0.252407074 0.843986273
v -0.302749604 0.178131104 0.246322706
vt 0.728515625 0.269531250
vt 0.741699219 0.260986328
v -0.347518891 0.184432983 0.237487867
vt 0.726318359 0.286865234
vn -0.401861340 -0.055157434 0.914037883
v -0.332382172 0.182464600 0.229827955
vt 0.719726562 0.299804688
vn -0.842885554 -0.165426135 0.512033403
v -0.331619233 0.164566040 0.237457350
vt 0.712158203 0.280029297
vn -0.251937151 -0.614097059 0.747938812
v -0.345474213 0.163848877 0.226043776
vt 0.713134766 0.287597656
vn 0.125937283 -0.023613306 -0.991757214
v -0.349838227 0.157363892 0.224807814
vt 0.715332031 0.286376953
vn -0.299166143 -0.858134747 0.417258233
v -0.352340668 0.169494629 0.232650831
vt 0.720703125 0.287841797
vn -0.692162752 -0.251695573 0.676431954
v -0.343551606 0.174468994 0.230911329
vt 0.718505859 0.293701172
vn -0.094714679 0.252572089 -0.962931275
v -0.340225190 0.210403442 0.240982130
vt 0.741455078 0.294677734
vn -0.536298215 0.015773494 0.843881309
v -0.334915131 0.206817627 0.232620314
vt 0.737548828 0.300537109
vn -0.693257272 -0.196948096 0.693257511
v -0.314041108 0.208435059 0.247299269
vt 0.743164062 0.281005859
vn -0.882985353 -0.409957528 0.228630289
v -0.325241059 0.220535278 0.264434874
vt 0.753417969 0.280273438
vn -0.988820970 -0.149107978 0.000000136
vt 0.757812500 0.263671875
vt 0.761474609 0.267089844
v -0.327377290 0.219863892 0.244659498
vt 0.748779297 0.291748047
vn -0.860163033 -0.071022652 0.505050004
v -0.322433442 0.224746704 0.258758605
vt 0.754638672 0.284912109
vn -0.935934901 0.141569957 0.322465122
vt 0.769531250 0.275634766
vt 0.767333984 0.260742188
v -0.332260102 0.218521118 0.235778883
vt 0.745849609 0.300781250
vn -0.559297800 0.055142064 0.827130914
v -0.329910249 0.233184814 0.234649733
vt 0.754150391 0.301269531
vn -0.711779416 0.094903931 0.695962250
v -0.328079194 0.260574341 0.233703673
vt 0.768310547 0.304687500
vn -0.935038865 0.078574680 0.345728815
vt 0.794189453 0.288574219
vt 0.790039062 0.260498047
v -0.327621430 0.285675049 0.230361998
vt 0.782470703 0.308837891
vn -0.526369154 0.494944215 0.691350698
vt 0.793945312 0.309814453
v -0.330123872 0.257446289 0.232635558
vt 0.766357422 0.306396484
vn -0.015697377 0.078487568 0.996791542
v -0.345748872 0.235458374 0.234268263
vt 0.752685547 0.311279297
vn -0.165103585 -0.149379522 0.974898219
v -0.351242036 0.218948364 0.227264479
vt 0.741699219 0.312744141
vn -0.385194302 -0.322305530 0.864722252
v -0.371047944 0.284690857 0.230438292
vt 0.778564453 0.336181641
vn 0.000000124 0.133709177 0.991020679
v -0.376632661 0.252975464 0.233017027
vt 0.759521484 0.331298828
vn -0.071084499 -0.142169222 0.987286627
v -0.384536713 0.233200073 0.221618727
vt 0.746582031 0.333007812
vn -0.205253080 -0.402612031 0.892062068
vt 0.748779297 0.350830078
vt 0.766601562 0.366455078
vt 0.778320312 0.362548828
v -0.389541596 0.212310791 0.211914137
vt 0.733642578 0.335449219
vn -0.062960766 -0.322674632 0.944413662
vt 0.704101562 0.336181641
v -0.374374360 0.212219238 0.214340284
vt 0.734619141 0.326416016
v -0.378097504 0.170059204 0.200286940
vt 0.710205078 0.327636719
vn -0.235079005 -0.274258941 0.932480574
vt 0.692626953 0.341308594
v -0.372116059 0.285804749 0.228515685
vt 0.779785156 0.337890625
vn 0.007883298 0.969646931 0.244382516
vt 0.781005859 0.370117188
vt 0.803466797 0.357177734
v -0.340805024 0.286575317 0.226654112
vt 0.783203125 0.319091797
vn -0.007883319 0.969646931 0.244382516
v -0.370925874 0.296859741 0.183578551
vt 0.805175781 0.338378906
vn -0.015703322 0.973605216 0.227697954
vt 0.810058594 0.353515625
vt 0.809814453 0.327148438
vt 0.992675781 0.403076172
vt 0.998046875 0.422851562
vt 0.992187500 0.427490234
v -0.314956635 0.296394348 0.210037291
vt 0.057861328 0.047851562
v -0.326003999 0.298423767 0.193298399
vt 0.069091797 0.050781250
vn -0.117811121 -0.981759489 -0.149227381
v -0.287063569 0.299438477 0.202987731
vt 0.049560547 0.060546875
vn 0.086365581 -0.989278078 -0.117771178
vt 0.041015625 0.053710938
vt 0.046630859 0.066894531
vt 0.039550781 0.064697266
vt 0.039794922 0.084960938
v -0.280563325 0.303283691 0.232406661
vt 0.040283203 0.040283203
vn -0.118154086 -0.661663473 0.740433037
vt 0.081298828 0.074218750
vt 0.060546875 0.079833984
vt 0.039306641 0.054199219
vt 0.036621094 0.045166016
v -0.315109223 0.306549072 0.214416564
vt 0.061035156 0.041992188
vn -0.716779828 0.464725405 0.519862473
v -0.302902192 0.303329468 0.225921690
vt 0.051757812 0.040283203
vn -0.464077920 -0.149448842 0.873096049
v -0.282821625 0.319595337 0.231201217
vt 0.047119141 0.027832031
vn -0.462166190 0.751999319 0.469999611
v -0.324356049 0.313529968 0.187057555
vt 0.080322266 0.039306641
vn -0.669249833 0.669249833 0.322814703
v -0.327468842 0.304786682 0.166442931
vt 0.087402344 0.046630859
vn -0.314376444 -0.919551075 -0.235782251
v -0.313430756 0.321784973 0.178100646
vt 0.086181641 0.030273438
vn -0.376415610 0.893987060 0.243101761
v -0.317184418 0.308906555 0.147064269
vt 0.100830078 0.052978516
vn -0.346113592 -0.786621749 -0.511304021
vt 0.110839844 0.062988281
vt 0.116699219 0.044189453
v -0.326034516 0.321502686 0.157638609
vt 0.098144531 0.043212891
vn -0.780084074 0.504296660 -0.370342851
v -0.329025239 0.316131592 0.171600401
vt 0.089355469 0.039550781
vn -0.744874716 0.627262831 0.227382869
v -0.310775727 0.328094482 0.165329039
vt 0.094970703 0.031982422
vn -0.314570814 0.943712413 0.102235503
vt 0.112060547 0.030517578
vt 0.096435547 0.018554688
vt 0.080078125 0.009765625
vt 0.059326172 0.019042969
v -0.273269624 0.322189331 0.234024093
vt 0.043457031 0.025390625
vn -0.259834379 0.511795223 0.818872273
vt 0.035888672 0.014160156
v -0.264633149 0.305694580 0.233657882
vt 0.034179688 0.034667969
vn 0.055238247 -0.291972846 0.954830170
vt 0.022460938 0.026611328
vt 0.025146484 0.031494141
vt 0.029052734 0.041259766
vt 0.008789062 0.028808594
vt 0.026611328 0.052978516
vt 0.021484375 0.039306641
vt 0.017089844 0.045654297
vt 0.027099609 0.791259766
vt 0.017822266 0.804199219
vt 0.019531250 0.786376953
v -0.095703088 0.658233643 0.390258789
vt 0.996093750 0.519287109
vn -0.221221209 0.869083405 0.442442447
v -0.099540673 0.651977539 0.381988525
vt 1.000000000 0.524658203
vn 0.683325589 -0.471259117 -0.557656705
v -0.120735131 0.649642944 0.375854552
vt 0.995117188 0.536132812
vn -0.133453548 0.808570862 -0.573064923
v -0.116615258 0.643615723 0.377014220
vt 0.999511719 0.535644531
vn 0.503624797 -0.574447155 -0.645269394
v -0.139099076 0.638046265 0.368713439
vt 0.995605469 0.549072266
vn -0.393932968 0.716957867 -0.575142026
v -0.141952470 0.631637573 0.368225157
vt 0.999267578 0.552246094
vn -0.023688857 -0.805424929 0.592224300
vt 0.999511719 0.484375000
v -0.117233239 0.647384644 0.382080138
vt 0.996337891 0.498046875
vn -0.282459259 -0.251075000 0.925839186
vt 0.994628906 0.488525391
vt 0.992187500 0.498535156
vt 1.000000000 0.500488281
vt 0.992431641 0.514648438
vt 0.997802734 0.512695312
vt 0.068603516 0.130371094
vt 0.043701172 0.119873047
vt 0.084472656 0.124755859
vt 0.089843750 0.132324219
vt 0.063232422 0.101562500
vt 0.041503906 0.095458984
vt 0.031005859 0.129882812
vt 0.023681641 0.089599609
v -0.128585771 0.663391113 0.380432189
vt 0.025634766 0.084716797
vn -0.801066339 0.196339801 0.565458715
vt 0.015136719 0.069335938
v -0.129363969 0.662963867 0.379730284
vt 0.000000000 0.496337891
vn -0.462777168 0.886335850 -0.015687339
v -0.129852250 0.662597656 0.372436583
vt 0.003906250 0.498535156
v -0.150405839 0.651794434 0.367767394
vt 0.000488281 0.512695312
vt 0.998535156 0.454345703
vt 0.994384766 0.438964844
vt 0.999755859 0.429687500
f 1/1/1 2/2/2 3/3/3
f 3/3/3 2/2/2 4/4/4
f 1/1/1 3/3/3 5/5/5
f 5/5/5 3/3/3 6/6/6
f 2/2/2 1/1/1 7/7/7
f 1/1/1 5/5/5 8/8/8
f 1/1/1 8/8/8 7/7/7
f 8/8/8 5/5/5 9/9/9
f 9/9/9 5/5/5 10/10/10
f 8/8/8 9/9/9 11/11/11
f 8/8/8 11/11/11 7/7/7
f 12/12/12 4/4/4 2/2/2
f 4/4/4 12/12/12 13/13/13
f 14/14/14 2/2/2 7/7/7
f 2/2/2 14/14/14 12/12/12
f 7/7/7 11/11/11 15/15/15
f 14/14/14 7/7/7 16/16/16
f 16/16/16 7/7/7 15/15/15
f 12/12/12 14/14/14 17/17/17
f 17/17/17 14/14/14 16/16/16
f 18/18/18 13/13/13 12/12/12
f 18/18/18 12/12/12 17/17/17
f 17/17/17 16/16/16 19/19/19
f 17/17/17 19/19/19 18/18/18
f 13/13/13 18/18/18 20/20/20
f 19/19/19 16/16/16 21/21/21
f 19/19/19 21/21/21 18/18/18
f 18/18/18 21/21/21 22/22/22
f 20/20/20 18/18/18 23/23/23
f 23/23/23 18/18/18 22/22/22
f 20/20/20 23/23/23 24/24/24
f 22/22/22 21/21/21 25/25/25
f 22/22/22 25/25/25 23/23/23
f 26/26/26 21/21/21 16/16/16
f 21/21/21 26/26/26 25/25/25
f 26/26/26 16/16/16 15/15/15
f 24/24/24 23/23/23 27/27/27
f 27/27/27 23/23/23 25/25/25
f 24/24/24 27/27/27 28/28/28
f 29/29/29 30/30/30 28/28/28
f 25/25/25 26/26/26 31/31/31
f 29/29/29 28/28/28 32/32/32
f 28/28/28 27/27/27 33/33/33
f 28/28/28 33/33/33 32/32/32
f 27/27/27 25/25/25 34/34/34
f 27/27/27 34/34/34 33/33/33
f 34/34/34 25/25/25 31/31/31
f 33/33/33 34/34/34 35/35/35
f 33/33/33 35/35/35 32/32/32
f 34/34/34 31/31/31 36/36/36
f 34/34/34 36/36/36 35/35/35
f 37/37/37 29/29/29 32/32/32
f 29/29/29 37/37/37 38/38/38
f 38/38/38 37/37/37 39/39/39
f 38/38/38 39/39/39 40/40/40
f 40/40/40 39/39/39 41/41/41
f 41/41/41 39/39/39 37/37/37
f 40/40/40 41/41/41 42/42/42
f 42/42/42 41/41/41 43/43/43
f 43/43/43 41/41/41 44/44/44
f 44/44/44 41/41/41 37/37/37
f 44/44/44 37/37/37 45/45/45
f 45/45/45 37/37/37 32/32/32
f 44/44/44 45/45/45 46/46/46
f 45/45/45 32/32/32 47/47/30
f 45/45/45 47/47/30 46/46/46
f 47/47/30 32/32/32 35/35/35
f 46/46/46 47/47/30 48/48/47
f 46/46/46 48/48/47 49/49/48
f 47/47/30 35/35/35 50/50/49
f 49/49/48 48/48/47 51/51/50
f 47/47/30 50/50/49 52/52/51
f 47/47/30 52/52/51 48/48/47
f 50/50/49 35/35/35 53/53/52
f 50/50/49 53/53/52 52/52/51
f 53/53/52 35/35/35 54/54/53
f 54/54/53 35/35/35 36/36/36
f 54/54/53 36/36/36 55/55/54
f 54/54/53 55/55/54 53/53/52
f 55/55/54 36/36/36 31/31/31
f 56/56/55 48/48/47 52/52/51
f 48/48/47 56/56/55 51/51/50
f 57/57/56 52/52/51 53/53/52
f 52/52/51 57/57/56 56/56/55
f 53/53/52 55/55/54 58/58/57
f 53/53/52 58/58/57 57/57/56
f 55/55/54 31/31/31 59/59/58
f 55/55/54 59/59/58 58/58/57
f 59/59/58 31/31/31 26/26/26
f 59/59/58 26/26/26 15/15/15
f 57/57/56 58/58/57 60/60/59
f 58/58/57 59/59/58 61/61/60
f 58/58/57 61/61/60 60/60/59
f 61/61/60 59/59/58 62/62/61
f 59/59/58 15/15/15 63/63/62
f 59/59/58 63/63/62 62/62/61
f 63/63/62 15/15/15 64/64/63
f 64/64/63 15/15/15 11/11/11
f 62/62/61 63/63/62 65/65/64
f 64/64/63 11/11/11 66/66/65
f 66/66/65 11/11/11 9/9/9
f 63/63/62 64/64/63 67/67/66
f 63/63/62 67/67/66 65/65/64
f 64/64/63 66/66/65 68/68/67
f 64/64/63 68/68/67 67/67/66
f 66/66/65 9/9/9 69/69/68
f 66/66/65 69/69/68 68/68/67
f 69/69/68 9/9/9 70/70/69
f 67/67/66 68/68/67 71/71/70
f 67/67/66 71/71/70 65/65/64
f 68/68/67 69/69/68 72/72/71
f 72/72/71 69/69/68 70/70/69
f 71/71/70 68/68/67 73/73/72
f 73/73/72 68/68/67 72/72/71
f 65/65/64 71/71/70 74/74/73
f 74/74/73 71/71/70 73/73/72
f 72/72/71 70/70/69 75/75/74
f 75/75/74 70/70/69 76/76/75
f 73/73/72 72/72/71 77/77/76
f 77/77/76 72/72/71 75/75/74
f 74/74/73 73/73/72 78/78/77
f 73/73/72 77/77/76 79/79/78
f 73/73/72 79/79/78 78/78/77
f 77/77/76 75/75/74 80/80/79
f 80/80/79 75/75/74 81/81/80
f 80/80/79 81/81/80 82/82/81
f 77/77/76 80/80/79 83/83/82
f 77/77/76 83/83/82 79/79/78
f 80/80/79 82/82/81 84/84/83
f 80/80/79 84/84/83 83/83/82
f 84/84/83 82/82/81 85/85/84
f 86/86/85 78/78/77 79/79/78
f 78/78/77 86/86/85 74/74/73
f 86/86/85 79/79/78 87/87/86
f 87/87/86 79/79/78 83/83/82
f 84/84/83 85/85/84 88/88/87
f 88/88/87 85/85/84 89/89/88
f 90/90/89 83/83/82 84/84/83
f 90/90/89 84/84/83 88/88/87
f 83/83/82 90/90/89 91/91/90
f 91/91/90 90/90/89 92/92/87
f 92/92/87 90/90/89 88/88/87
f 83/83/82 91/91/90 93/93/91
f 83/83/82 93/93/91 87/87/86
f 93/93/91 91/91/90 94/94/92
f 94/94/92 91/91/90 92/92/87
f 87/87/86 93/93/91 95/95/93
f 92/92/87 88/88/87 96/96/94
f 87/87/86 95/95/93 97/97/95
f 87/87/86 97/97/95 86/86/85
f 92/92/87 96/96/94 98/98/96
f 86/86/85 97/97/95 99/99/97
f 86/86/85 99/99/97 74/74/73
f 97/97/95 95/95/93 100/100/98
f 97/97/95 100/100/98 99/99/97
f 92/92/87 98/98/96 101/101/99
f 101/101/99 98/98/96 102/102/100
f 92/92/87 101/101/99 94/94/92
f 74/74/73 99/99/97 103/103/101
f 103/103/101 99/99/97 100/100/98
f 74/74/73 103/103/101 104/104/102
f 74/74/73 104/104/102 65/65/64
f 65/65/64 104/104/102 62/62/61
f 62/62/61 104/104/102 105/105/103
f 62/62/61 105/105/103 61/61/60
f 104/104/102 103/103/101 106/106/104
f 104/104/102 106/106/104 105/105/103
f 61/61/60 105/105/103 107/107/105
f 107/107/105 105/105/103 106/106/104
f 61/61/60 107/107/105 60/60/59
f 107/107/105 106/106/104 108/108/106
f 107/107/105 108/108/106 60/60/59
f 106/106/104 103/103/101 109/109/107
f 106/106/104 109/109/107 108/108/106
f 109/109/107 103/103/101 110/110/108
f 110/110/108 103/103/101 100/100/98
f 108/108/106 109/109/107 111/111/109
f 111/111/109 109/109/107 110/110/108
f 60/60/59 108/108/106 112/112/110
f 112/112/110 108/108/106 111/111/109
f 60/60/59 112/112/110 113/113/111
f 60/60/59 113/113/111 57/57/56
f 112/112/110 111/111/109 114/114/112
f 57/57/56 113/113/111 115/115/113
f 57/57/56 115/115/113 56/56/55
f 113/113/111 112/112/110 116/116/114
f 56/56/55 115/115/113 117/117/115
f 117/117/115 115/115/113 113/113/111
f 118/118/116 111/111/109 110/110/108
f 111/111/109 118/118/116 114/114/112
f 116/116/114 112/112/110 119/119/117
f 119/119/117 112/112/110 114/114/112
f 113/113/111 116/116/114 120/120/118
f 113/113/111 120/120/118 117/117/115
f 120/120/118 116/116/114 119/119/117
f 117/117/115 120/120/118 121/121/119
f 120/120/118 119/119/117 122/122/120
f 120/120/118 122/122/120 121/121/119
f 119/119/117 114/114/112 123/123/121
f 119/119/117 123/123/121 122/122/120
f 122/122/120 123/123/121 124/124/122
f 122/122/120 124/124/122 121/121/119
f 123/123/121 114/114/112 125/125/123
f 123/123/121 125/125/123 124/124/122
f 125/125/123 114/114/112 126/126/124
f 126/126/124 114/114/112 118/118/116
f 124/124/122 125/125/123 127/127/125
f 127/127/125 125/125/123 126/126/124
f 127/127/125 126/126/124 128/128/126
f 128/128/126 126/126/124 118/118/116
f 124/124/122 127/127/125 129/129/127
f 129/129/127 127/127/125 128/128/126
f 130/130/128 121/121/119 124/124/122
f 130/130/128 124/124/122 129/129/127
f 129/129/127 128/128/126 131/131/129
f 130/130/128 129/129/127 132/132/130
f 132/132/130 129/129/127 131/131/129
f 133/133/131 128/128/126 118/118/116
f 128/128/126 133/133/131 131/131/129
f 133/133/131 118/118/116 134/134/132
f 134/134/132 118/118/116 110/110/108
f 131/131/129 133/133/131 135/135/133
f 134/134/132 110/110/108 136/136/134
f 136/136/134 110/110/108 100/100/98
f 133/133/131 134/134/132 137/137/135
f 133/133/131 137/137/135 135/135/133
f 134/134/132 136/136/134 138/138/136
f 134/134/132 138/138/136 137/137/135
f 136/136/134 100/100/98 139/139/137
f 136/136/134 139/139/137 138/138/136
f 137/137/135 138/138/136 140/140/138
f 137/137/135 140/140/138 135/135/133
f 138/138/136 139/139/137 141/141/139
f 138/138/136 141/141/139 140/140/138
f 139/139/137 100/100/98 142/142/140
f 139/139/137 142/142/140 141/141/139
f 142/142/140 100/100/98 95/95/93
f 142/142/140 95/95/93 93/93/91
f 142/142/140 93/93/91 94/94/92
f 142/142/140 94/94/92 141/141/139
f 141/141/139 94/94/92 143/143/141
f 144/144/142 140/140/138 141/141/139
f 144/144/142 141/141/139 143/143/141
f 140/140/138 144/144/142 135/135/133
f 143/143/141 94/94/92 145/145/143
f 143/143/141 145/145/143 144/144/142
f 145/145/143 94/94/92 101/101/99
f 135/135/133 144/144/142 146/146/144
f 146/146/144 144/144/142 145/145/143
f 145/145/143 101/101/99 147/147/145
f 145/145/143 147/147/145 146/146/144
f 147/147/145 101/101/99 148/148/146
f 147/147/145 148/148/146 149/149/147
f 147/147/145 149/149/147 146/146/144
f 149/149/147 148/148/146 150/150/148
f 135/135/133 146/146/144 151/151/149
f 151/151/149 146/146/144 149/149/147
f 151/151/149 149/149/147 150/150/148
f 135/135/133 151/151/149 131/131/129
f 131/131/129 151/151/149 132/132/130
f 132/132/130 151/151/149 150/150/148
f 132/132/130 150/150/148 152/152/150
f 152/152/150 150/150/148 153/153/151
f 132/132/130 152/152/150 130/130/128
f 152/152/150 153/153/151 154/154/152
f 152/152/150 154/154/152 155/155/153
f 155/155/153 154/154/152 156/156/154
f 130/130/128 152/152/150 157/157/155
f 157/157/155 152/152/150 155/155/153
f 130/130/128 157/157/155 121/121/119
f 155/155/153 156/156/154 51/51/50
f 155/155/153 51/51/50 158/158/156
f 158/158/156 51/51/50 56/56/55
f 157/157/155 155/155/153 159/159/157
f 157/157/155 159/159/157 121/121/119
f 159/159/157 155/155/153 158/158/156
f 159/159/157 158/158/156 56/56/55
f 121/121/119 159/159/157 117/117/115
f 117/117/115 159/159/157 56/56/55
f 5/160/5 6/161/6 160/162/158
f 5/160/5 160/162/158 10/163/10
f 160/162/158 6/161/6 161/164/159
f 10/163/10 160/162/158 162/165/160
f 162/165/160 160/162/158 161/164/159
f 161/164/159 6/161/6 163/166/161
f 163/166/161 6/161/6 3/167/3
f 163/166/161 3/167/3 4/168/4
f 161/164/159 163/166/161 164/169/162
f 161/164/159 164/169/162 165/170/163
f 165/170/163 164/169/162 166/171/164
f 161/164/159 165/170/163 167/172/165
f 161/164/159 167/172/165 162/165/160
f 165/170/163 166/171/164 168/173/166
f 165/170/163 168/173/166 167/172/165
f 168/173/166 166/171/164 169/174/167
f 168/173/166 169/174/167 170/175/168
f 167/172/165 168/173/166 171/176/169
f 168/173/166 170/175/168 172/177/170
f 168/173/166 172/177/170 171/176/169
f 172/177/170 170/175/168 173/178/171
f 173/178/171 170/175/168 174/179/172
f 171/176/169 172/177/170 175/180/173
f 175/180/173 172/177/170 173/178/171
f 171/176/169 175/180/173 167/172/165
f 173/178/171 174/179/172 176/181/174
f 173/178/171 176/181/174 175/180/173
f 176/181/174 174/179/172 177/182/175
f 167/172/165 175/180/173 178/183/176
f 167/172/165 178/183/176 162/165/160
f 175/180/173 176/181/174 179/184/177
f 175/180/173 179/184/177 178/183/176
f 179/184/177 176/181/174 180/185/178
f 180/185/178 176/181/174 177/182/175
f 178/183/176 179/184/177 181/186/179
f 162/165/160 178/183/176 182/187/180
f 182/187/180 178/183/176 181/186/179
f 162/165/160 182/187/180 183/188/181
f 162/165/160 183/188/181 10/163/10
f 10/163/10 183/188/181 9/189/9
f 9/189/9 183/188/181 70/190/69
f 70/190/69 183/188/181 76/191/75
f 76/191/75 183/188/181 182/187/180
f 76/191/75 182/187/180 181/186/179
f 76/191/75 181/186/179 81/192/80
f 76/191/75 81/192/80 75/193/74
f 81/192/80 181/186/179 184/194/182
f 184/194/182 181/186/179 179/184/177
f 184/194/182 179/184/177 180/185/178
f 81/192/80 184/194/182 82/195/81
f 82/195/81 184/194/182 185/196/183
f 186/197/184 185/196/183 187/198/185
f 187/198/185 185/196/183 188/199/186
f 185/196/183 184/194/182 189/200/187
f 184/194/182 180/185/178 190/201/188
f 184/194/182 190/201/188 189/200/187
f 190/201/188 180/185/178 191/202/189
f 185/196/183 189/200/187 192/203/190
f 185/196/183 192/203/190 188/199/186
f 191/202/189 180/185/178 177/182/175
f 192/203/190 189/200/187 193/204/191
f 193/204/191 189/200/187 190/201/188
f 188/199/186 192/203/190 194/205/192
f 194/205/192 192/203/190 193/204/191
f 188/199/186 194/205/192 195/206/193
f 188/199/186 195/206/193 196/207/194
f 195/206/193 194/205/192 197/208/195
f 195/206/193 197/208/195 198/209/196
f 198/209/196 197/208/195 199/210/197
f 197/208/195 194/205/192 200/211/198
f 200/211/198 194/205/192 193/204/191
f 199/210/197 197/208/195 201/212/199
f 201/212/199 197/208/195 200/211/198
f 199/210/197 201/212/199 202/213/200
f 199/210/197 202/213/200 203/214/201
f 201/212/199 200/211/198 204/215/202
f 200/211/198 193/204/191 205/216/203
f 200/211/198 205/216/203 204/215/202
f 205/216/203 193/204/191 190/201/188
f 205/216/203 190/201/188 191/202/189
f 202/213/200 201/212/199 206/217/204
f 206/217/204 201/212/199 204/215/202
f 202/213/200 206/217/204 207/218/205
f 202/213/200 207/218/205 208/219/206
f 206/217/204 204/215/202 209/220/207
f 206/217/204 209/220/207 207/218/205
f 208/219/206 207/218/205 210/221/208
f 210/221/208 207/218/205 209/220/207
f 208/219/206 210/221/208 211/222/209
f 208/219/206 211/222/209 212/223/210
f 210/221/208 209/220/207 213/224/211
f 213/224/211 209/220/207 214/225/212
f 213/224/211 214/225/212 215/226/213
f 215/226/213 214/225/212 216/227/214
f 216/227/214 214/225/212 217/228/215
f 214/225/212 209/220/207 218/229/216
f 214/225/212 218/229/216 217/228/215
f 218/229/216 209/220/207 204/215/202
f 217/228/215 218/229/216 219/230/217
f 217/228/215 219/230/217 177/182/175
f 218/229/216 204/215/202 220/231/218
f 220/231/218 204/215/202 205/216/203
f 220/231/218 205/216/203 191/202/189
f 218/229/216 220/231/218 221/232/219
f 218/229/216 221/232/219 219/230/217
f 221/232/219 220/231/218 191/202/189
f 177/182/175 219/230/217 222/233/220
f 177/182/175 222/233/220 191/202/189
f 222/233/220 219/230/217 221/232/219
f 222/233/220 221/232/219 191/202/189
f 4/234/4 223/235/221 163/236/161
f 223/235/221 4/234/4 13/237/13
f 223/235/221 13/237/13 224/238/222
f 223/235/221 224/238/222 163/236/161
f 224/238/222 13/237/13 20/239/20
f 163/236/161 224/238/222 225/240/223
f 163/236/161 225/240/223 164/241/162
f 224/238/222 20/239/20 226/242/224
f 164/241/162 225/240/223 227/243/225
f 164/241/162 227/243/225 166/244/164
f 166/244/164 227/243/225 169/245/167
f 169/245/167 227/243/225 228/246/226
f 227/243/225 225/240/223 229/247/227
f 229/247/227 225/240/223 224/238/222
f 228/246/226 227/243/225 230/248/228
f 230/248/228 227/243/225 229/247/227
f 229/247/227 224/238/222 231/249/229
f 231/249/229 224/238/222 226/242/224
f 229/247/227 231/249/229 232/250/230
f 229/247/227 232/250/230 230/248/228
f 232/250/230 231/249/229 233/251/231
f 233/251/231 231/249/229 226/242/224
f 230/248/228 232/250/230 234/252/232
f 234/252/232 232/250/230 233/251/231
f 233/251/231 226/242/224 235/253/233
f 233/251/231 235/253/233 234/252/232
f 235/253/233 226/242/224 236/254/28
f 236/254/28 226/242/224 237/255/224
f 237/255/224 226/242/224 20/239/20
f 237/255/224 20/239/20 24/256/24
f 237/255/224 24/256/24 238/257/234
f 238/257/234 24/256/24 28/258/28
f 238/257/234 28/258/28 30/259/30
f 237/255/224 238/257/234 239/260/235
f 237/255/224 239/260/235 240/261/28
f 237/255/224 240/261/28 236/254/28
f 236/254/28 240/261/28 241/262/234
f 236/254/28 241/262/234 235/253/233
f 235/253/233 241/262/234 242/263/236
f 235/253/233 242/263/236 234/252/232
f 242/263/236 241/262/234 243/264/237
f 242/263/236 243/264/237 234/252/232
f 243/264/237 241/262/234 244/265/224
f 243/264/237 244/265/224 245/266/238
f 243/264/237 245/266/238 246/267/239
f 234/252/232 243/264/237 247/268/240
f 247/268/240 243/264/237 246/267/239
f 246/267/239 245/266/238 248/269/241
f 246/267/239 248/269/241 247/268/240
f 248/269/241 245/266/238 249/270/242
f 248/269/241 249/270/242 250/271/243
f 248/269/241 250/271/243 251/272/244
f 248/269/241 251/272/244 247/268/240
f 251/272/244 250/271/243 252/273/245
f 251/272/244 252/273/245 253/274/246
f 247/268/240 251/272/244 254/275/247
f 247/268/240 254/275/247 234/252/232
f 251/272/244 253/274/246 255/276/248
f 251/272/244 255/276/248 254/275/247
f 234/252/232 254/275/247 256/277/249
f 234/252/232 256/277/249 230/248/228
f 254/275/247 255/276/248 257/278/250
f 254/275/247 257/278/250 256/277/249
f 230/248/228 256/277/249 258/279/251
f 258/279/251 256/277/249 257/278/250
f 230/248/228 258/279/251 228/246/226
f 228/246/226 258/279/251 259/280/252
f 228/246/226 259/280/252 260/281/253
f 260/281/253 259/280/252 261/282/254
f 259/280/252 258/279/251 262/283/255
f 259/280/252 262/283/255 261/282/254
f 262/283/255 258/279/251 257/278/250
f 262/283/255 257/278/250 263/284/256
f 263/284/256 257/278/250 255/276/248
f 261/282/254 262/283/255 264/285/257
f 264/285/257 262/283/255 263/284/256
f 263/284/256 255/276/248 265/286/258
f 265/286/258 255/276/248 253/274/246
f 263/284/256 265/286/258 266/287/259
f 263/284/256 266/287/259 264/285/257
f 265/286/258 253/274/246 267/288/260
f 265/286/258 267/288/260 266/287/259
f 267/288/260 253/274/246 268/289/261
f 264/285/257 266/287/259 269/290/262
f 270/291/263 261/282/254 264/285/257
f 261/282/254 270/291/263 271/292/264
f 264/285/257 269/290/262 272/293/265
f 264/285/257 272/293/265 270/291/263
f 272/293/265 269/290/262 273/294/266
f 270/291/263 272/293/265 274/295/267
f 270/291/263 274/295/267 275/296/268
f 272/293/265 273/294/266 276/297/269
f 272/293/265 276/297/269 274/295/267
f 276/297/269 273/294/266 277/298/270
f 274/295/267 276/297/269 278/299/271
f 274/295/267 278/299/271 279/300/272
f 276/297/269 277/298/270 280/301/273
f 276/297/269 280/301/273 278/299/271
f 278/299/271 280/301/273 281/302/274
f 280/301/273 277/298/270 282/303/275
f 281/302/274 280/301/273 283/304/276
f 283/304/276 280/301/273 282/303/275
f 283/304/276 282/303/275 284/305/89
f 283/304/276 284/305/89 285/306/277
f 285/306/277 284/305/89 286/307/278
f 286/307/278 284/305/89 287/308/279
f 286/307/278 287/308/279 288/309/280
f 286/307/278 288/309/280 289/310/281
f 286/307/278 289/310/281 290/311/282
f 289/310/281 288/309/280 291/312/283
f 289/310/281 291/312/283 292/313/284
f 289/310/281 292/313/284 293/314/285
f 169/315/167 228/316/226 170/317/168
f 170/317/168 228/316/226 260/318/253
f 170/317/168 260/318/253 294/319/286
f 170/317/168 294/319/286 174/320/172
f 294/319/286 260/318/253 271/321/264
f 271/321/264 260/318/253 261/322/254
f 174/320/172 294/319/286 295/323/287
f 174/320/172 295/323/287 177/324/175
f 177/324/175 295/323/287 217/325/215
f 295/323/287 294/319/286 296/326/288
f 295/323/287 296/326/288 217/325/215
f 296/326/288 294/319/286 271/321/264
f 217/325/215 296/326/288 297/327/289
f 296/326/288 271/321/264 275/328/268
f 275/328/268 271/321/264 270/329/263
f 296/326/288 275/328/268 297/327/289
f 279/330/272 275/328/268 274/331/267
f 275/328/268 279/330/272 297/327/289
f 297/327/289 279/330/272 281/332/274
f 281/332/274 279/330/272 278/333/271
f 297/327/289 281/332/274 283/334/276
f 216/335/214 217/325/215 297/327/289
f 216/335/214 297/327/289 283/334/276
f 216/335/214 283/334/276 298/336/290
f 298/336/290 283/334/276 285/337/277
f 216/335/214 298/336/290 299/338/291
f 216/335/214 299/338/291 215/339/213
f 298/336/290 285/337/277 300/340/292
f 298/336/290 300/340/292 299/338/291
f 300/340/292 285/337/277 290/341/282
f 290/341/282 285/337/277 286/342/278
f 299/338/291 300/340/292 301/343/293
f 299/338/291 301/343/293 215/339/213
f 300/340/292 290/341/282 302/344/294
f 300/340/292 302/344/294 301/343/293
f 302/344/294 290/341/282 289/345/281
f 302/344/294 289/345/281 293/346/285
f 215/339/213 301/343/293 303/347/295
f 215/339/213 303/347/295 213/348/211
f 213/348/211 303/347/295 210/349/208
f 303/347/295 301/343/293 304/350/296
f 210/349/208 303/347/295 305/351/297
f 305/351/297 303/347/295 304/350/296
f 210/349/208 305/351/297 306/352/298
f 210/349/208 306/352/298 211/353/209
f 211/353/209 306/352/298 307/354/299
f 307/354/299 306/352/298 308/355/300
f 308/355/300 306/352/298 305/351/297
f 308/355/300 305/351/297 309/356/301
f 309/356/301 305/351/297 304/350/296
f 308/355/300 309/356/301 310/357/302
f 311/358/303 304/350/296 301/343/293
f 304/350/296 311/358/303 309/356/301
f 311/358/303 301/343/293 302/344/294
f 310/357/302 309/356/301 312/359/304
f 312/359/304 309/356/301 311/358/303
f 311/358/303 302/344/294 313/360/305
f 311/358/303 313/360/305 312/359/304
f 313/360/305 302/344/294 293/346/285
f 313/360/305 293/346/285 314/361/306
f 313/360/305 314/361/306 312/359/304
f 314/361/306 293/346/285 315/362/307
f 314/361/306 315/362/307 316/363/308
f 314/361/306 316/363/308 312/359/304
f 317/364/309 310/357/302 312/359/304
f 317/364/309 312/359/304 316/363/308
f 317/364/309 316/363/308 318/365/310
f 310/357/302 317/364/309 319/366/311
f 319/366/311 317/364/309 320/367/312
f 320/367/312 317/364/309 321/368/313
f 29/369/29 38/370/38 322/371/314
f 29/369/29 322/371/314 30/372/30
f 239/373/235 238/374/234 30/372/30
f 239/373/235 30/372/30 323/375/315
f 323/375/315 30/372/30 324/376/316
f 324/376/316 30/372/30 322/371/314
f 322/371/314 38/370/38 325/377/317
f 325/377/317 38/370/38 40/378/40
f 322/371/314 325/377/317 326/379/318
f 325/377/317 40/378/40 327/380/319
f 325/377/317 327/380/319 326/379/318
f 327/380/319 40/378/40 328/381/320
f 328/381/320 40/378/40 42/382/42
f 328/381/320 42/382/42 329/383/321
f 328/381/320 329/383/321 330/384/322
f 328/381/320 330/384/322 331/385/323
f 327/380/319 328/381/320 332/386/324
f 332/386/324 328/381/320 331/385/323
f 327/380/319 332/386/324 326/379/318
f 332/386/324 331/385/323 333/387/325
f 333/387/325 331/385/323 334/388/326
f 333/387/325 334/388/326 335/389/327
f 332/386/324 333/387/325 336/390/328
f 336/390/328 333/387/325 335/389/327
f 326/379/318 332/386/324 337/391/329
f 337/391/329 332/386/324 336/390/328
f 326/379/318 337/391/329 338/392/330
f 326/379/318 338/392/330 322/371/314
f 322/371/314 338/392/330 324/376/316
f 338/392/330 337/391/329 339/393/331
f 337/391/329 336/390/328 340/394/332
f 337/391/329 340/394/332 339/393/331
f 338/392/330 339/393/331 341/395/333
f 338/392/330 341/395/333 324/376/316
f 339/393/331 340/394/332 342/396/334
f 340/394/332 336/390/328 343/397/335
f 340/394/332 343/397/335 342/396/334
f 343/397/335 336/390/328 344/398/336
f 344/398/336 336/390/328 335/389/327
f 342/396/334 343/397/335 345/399/337
f 345/399/337 343/397/335 344/398/336
f 344/398/336 335/389/327 346/400/338
f 344/398/336 346/400/338 345/399/337
f 346/400/338 335/389/327 347/401/339
f 345/399/337 346/400/338 348/402/340
f 348/402/340 346/400/338 349/403/341
f 349/403/341 346/400/338 347/401/339
f 349/403/341 347/401/339 350/404/342
f 351/405/343 342/396/334 345/399/337
f 351/405/343 345/399/337 352/406/344
f 353/407/345 339/393/331 342/396/334
f 353/407/345 342/396/334 351/405/343
f 339/393/331 353/407/345 341/395/333
f 353/407/345 351/405/343 354/408/346
f 353/407/345 354/408/346 341/395/333
f 355/409/347 356/410/348 351/405/343
f 351/405/343 356/410/348 354/408/346
f 357/411/349 358/412/350 356/410/348
f 356/410/348 358/412/350 359/413/351
f 356/410/348 359/413/351 354/408/346
f 354/408/346 359/413/351 360/414/352
f 360/414/352 359/413/351 361/415/353
f 362/416/354 341/395/333 354/408/346
f 360/414/352 361/415/353 363/417/355
f 354/408/346 360/414/352 364/418/356
f 354/408/346 364/418/356 362/416/354
f 364/418/356 360/414/352 363/417/355
f 341/395/333 362/416/354 365/419/357
f 341/395/333 365/419/357 324/376/316
f 362/416/354 364/418/356 366/420/358
f 362/416/354 366/420/358 365/419/357
f 366/420/358 364/418/356 367/421/359
f 367/421/359 364/418/356 363/417/355
f 365/419/357 366/420/358 368/422/360
f 365/419/357 368/422/360 324/376/316
f 366/420/358 367/421/359 369/423/361
f 366/420/358 369/423/361 368/422/360
f 324/376/316 368/422/360 370/424/362
f 324/376/316 370/424/362 323/375/315
f 323/375/315 370/424/362 371/425/46
f 370/424/362 368/422/360 372/426/363
f 370/424/362 372/426/363 371/425/46
f 371/425/46 372/426/363 373/427/364
f 371/425/46 373/427/364 374/428/365
f 372/426/363 368/422/360 375/429/366
f 372/426/363 375/429/366 373/427/364
f 375/429/366 368/422/360 369/423/361
f 373/427/364 375/429/366 376/430/367
f 375/429/366 369/423/361 377/431/368
f 375/429/366 377/431/368 376/430/367
f 377/431/368 369/423/361 367/421/359
f 376/430/367 377/431/368 378/432/369
f 377/431/368 367/421/359 379/433/370
f 379/433/370 367/421/359 363/417/355
f 378/432/369 377/431/368 380/434/371
f 380/434/371 377/431/368 379/433/370
f 381/435/372 378/432/369 382/436/373
f 382/436/373 378/432/369 380/434/371
f 382/436/373 380/434/371 383/437/374
f 379/433/370 363/417/355 384/438/375
f 379/433/370 384/438/375 380/434/371
f 384/438/375 363/417/355 385/439/376
f 385/439/376 363/417/355 361/415/353
f 385/439/376 361/415/353 386/440/377
f 384/438/375 385/439/376 387/441/378
f 384/438/375 387/441/378 380/434/371
f 380/434/371 387/441/378 383/437/374
f 387/441/378 385/439/376 388/442/379
f 383/437/374 387/441/378 389/443/380
f 389/443/380 387/441/378 390/444/381
f 389/443/380 390/444/381 391/445/382
f 389/443/380 391/445/382 383/437/374
f 383/437/374 391/445/382 392/446/383
f 393/447/384 394/448/385 395/449/386
f 395/449/386 394/448/385 396/450/387
f 393/447/384 395/449/386 397/451/388
f 394/448/385 393/447/384 398/452/389
f 395/449/386 396/450/387 399/453/390
f 395/449/386 399/453/390 397/451/388
f 396/450/387 394/448/385 400/454/391
f 399/453/390 396/450/387 401/455/392
f 401/455/392 396/450/387 402/456/393
f 402/456/393 396/450/387 400/454/391
f 399/453/390 401/455/392 403/457/394
f 397/451/388 399/453/390 404/458/395
f 404/458/395 399/453/390 403/457/394
f 401/455/392 402/456/393 405/459/396
f 401/455/392 405/459/396 403/457/394
f 405/459/396 402/456/393 406/460/397
f 406/460/397 402/456/393 400/454/391
f 403/457/394 405/459/396 407/461/398
f 408/462/399 400/454/391 394/448/385
f 408/462/399 394/448/385 398/452/389
f 400/454/391 408/462/399 409/463/400
f 407/461/398 405/459/396 410/464/401
f 410/464/401 405/459/396 406/460/397
f 406/460/397 400/454/391 411/465/402
f 411/465/402 400/454/391 409/463/400
f 406/460/397 411/465/402 412/466/403
f 411/465/402 409/463/400 413/467/404
f 411/465/402 413/467/404 412/466/403
f 410/464/401 406/460/397 414/468/405
f 414/468/405 406/460/397 412/466/403
f 410/464/401 414/468/405 415/469/406
f 414/468/405 412/466/403 416/470/407
f 414/468/405 416/470/407 415/469/406
f 416/470/407 412/466/403 417/471/408
f 417/471/408 412/466/403 418/472/409
f 418/472/409 412/466/403 413/467/404
f 410/464/401 415/469/406 419/473/410
f 419/473/410 415/469/406 420/474/411
f 410/464/401 419/473/410 407/461/398
f 418/472/409 413/467/404 421/475/412
f 421/475/412 413/467/404 409/463/400
f 418/472/409 421/475/412 422/476/413
f 422/476/413 421/475/412 423/477/414
f 423/477/414 421/475/412 409/463/400
f 423/477/414 409/463/400 408/462/399
f 407/461/398 419/473/410 424/478/415
f 424/478/415 419/473/410 425/479/416
f 424/478/415 425/479/416 426/480/417
f 407/461/398 424/478/415 427/481/418
f 427/481/418 424/478/415 426/480/417
f 407/461/398 427/481/418 403/457/394
f 403/457/394 427/481/418 428/482/419
f 428/482/419 427/481/418 426/480/417
f 403/457/394 428/482/419 404/458/395
f 428/482/419 426/480/417 429/483/420
f 429/483/420 426/480/417 430/484/421
f 428/482/419 429/483/420 431/485/422
f 428/482/419 431/485/422 404/458/395
f 431/485/422 429/483/420 432/486/423
f 431/485/422 432/486/423 433/487/424
f 431/485/422 433/487/424 434/488/425
f 431/485/422 434/488/425 404/458/395
f 404/458/395 434/488/425 397/451/388
f 397/451/388 434/488/425 435/489/426
f 397/451/388 435/489/426 393/447/384
f 393/447/384 435/489/426 436/490/427
f 393/447/384 436/490/427 398/452/389
f 435/489/426 434/488/425 437/491/428
f 435/489/426 437/491/428 436/490/427
f 437/491/428 434/488/425 438/492/429
f 438/492/429 434/488/425 439/493/430
f 437/491/428 438/492/429 440/494/431
f 441/495/432 442/496/433 440/494/431
f 440/494/431 442/496/433 443/497/434
f 440/494/431 443/497/434 437/491/428
f 437/491/428 443/497/434 436/490/427
f 436/490/427 443/497/434 444/498/435
f 444/498/435 443/497/434 445/499/436
f 436/490/427 444/498/435 446/500/437
f 436/490/427 446/500/437 398/452/389
f 446/500/437 444/498/435 447/501/438
f 447/501/438 444/498/435 448/502/439
f 447/501/438 448/502/439 449/503/440
f 447/501/438 449/503/440 446/500/437
f 446/500/437 449/503/440 450/504/441
f 450/504/441 449/503/440 451/505/442
f 398/452/389 446/500/437 452/506/443
f 452/506/443 446/500/437 450/504/441
f 398/452/389 452/506/443 408/462/399
f 452/506/443 450/504/441 453/507/444
f 408/462/399 452/506/443 423/477/414
f 423/477/414 452/506/443 453/507/444
f 423/477/414 453/507/444 454/508/445
f 440/509/431 438/510/429 455/511/446
f 440/509/431 455/511/446 441/512/432
f 455/511/446 438/510/429 439/513/430
f 441/512/432 455/511/446 456/514/447
f 441/512/432 456/514/447 442/515/433
f 455/511/446 439/513/430 457/516/448
f 455/511/446 457/516/448 456/514/447
f 445/517/436 443/518/434 442/515/433
f 445/517/436 442/515/433 458/519/449
f 458/519/449 442/515/433 456/514/447
f 458/519/449 456/514/447 459/520/450
f 459/520/450 456/514/447 460/521/451
f 460/521/451 456/514/447 457/516/448
f 459/520/450 460/521/451 461/522/452
f 461/522/452 460/521/451 462/523/453
f 460/521/451 457/516/448 463/524/454
f 460/521/451 463/524/454 462/523/453
f 463/524/454 457/516/448 439/513/430
f 462/523/453 463/524/454 464/525/455
f 463/524/454 439/513/430 465/526/456
f 465/526/456 439/513/430 434/527/425
f 465/526/456 434/527/425 433/528/424
f 465/526/456 433/528/424 432/529/423
f 463/524/454 465/526/456 466/530/457
f 463/524/454 466/530/457 464/525/455
f 466/530/457 465/526/456 432/529/423
f 464/525/455 466/530/457 467/531/458
f 466/530/457 432/529/423 468/532/459
f 466/530/457 468/532/459 467/531/458
f 468/532/459 432/529/423 429/533/420
f 468/532/459 429/533/420 430/534/421
f 468/532/459 430/534/421 467/531/458
f 467/531/458 430/534/421 469/535/460
f 469/535/460 430/534/421 425/536/416
f 425/536/416 430/534/421 426/537/417
f 451/538/442 449/539/440 448/540/439
f 453/541/444 450/542/441 451/538/442
f 453/541/444 451/538/442 454/543/445
f 451/538/442 448/540/439 470/544/461
f 451/538/442 470/544/461 454/543/445
f 470/544/461 448/540/439 471/545/462
f 471/545/462 448/540/439 445/546/436
f 471/545/462 445/546/436 458/547/449
f 471/545/462 458/547/449 472/548/463
f 471/545/462 472/548/463 470/544/461
f 472/548/463 458/547/449 459/549/450
f 472/548/463 459/549/450 473/550/464
f 472/548/463 473/550/464 470/544/461
f 473/550/464 459/549/450 461/551/452
f 474/552/465 454/543/445 470/544/461
f 474/552/465 470/544/461 473/550/464
f 422/553/413 423/554/414 454/543/445
f 422/553/413 454/543/445 475/555/466
f 475/555/466 454/543/445 474/552/465
f 422/553/413 475/555/466 476/556/467
f 422/553/413 476/556/467 418/557/409
f 418/557/409 476/556/467 417/558/408
f 417/558/408 476/556/467 477/559/468
f 417/558/408 477/559/468 416/560/407
f 416/560/407 477/559/468 478/561/469
f 477/559/468 476/556/467 479/562/470
f 479/562/470 476/556/467 475/555/466
f 478/561/469 477/559/468 480/563/471
f 480/563/471 477/559/468 479/562/470
f 479/562/470 475/555/466 481/564/472
f 481/564/472 475/555/466 474/552/465
f 480/563/471 479/562/470 482/565/473
f 482/565/473 479/562/470 481/564/472
f 481/564/472 474/552/465 483/566/474
f 481/564/472 483/566/474 482/565/473
f 483/566/474 474/552/465 473/550/464
f 480/563/471 482/565/473 484/567/475
f 484/567/475 482/565/473 483/566/474
f 485/568/476 478/561/469 480/563/471
f 485/568/476 480/563/471 484/567/475
f 478/561/469 485/568/476 486/569/477
f 478/561/469 486/569/477 196/570/194
f 485/568/476 484/567/475 487/571/478
f 487/571/478 484/567/475 488/572/479
f 488/572/479 484/567/475 489/573/480
f 489/573/480 484/567/475 483/566/474
f 485/568/476 487/571/478 490/574/481
f 485/568/476 490/574/481 486/569/477
f 196/570/194 486/569/477 187/575/185
f 196/570/194 187/575/185 188/576/186
f 187/575/185 486/569/477 490/574/481
f 489/573/480 483/566/474 491/577/482
f 491/577/482 483/566/474 473/550/464
f 490/574/481 487/571/478 492/578/483
f 492/578/483 487/571/478 493/579/484
f 187/575/185 490/574/481 494/580/485
f 187/575/185 494/580/485 186/581/184
f 186/581/184 494/580/485 85/582/84
f 186/581/184 85/582/84 185/583/183
f 185/583/183 85/582/84 82/584/81
f 85/582/84 494/580/485 89/585/88
f 494/580/485 490/574/481 495/586/486
f 494/580/485 495/586/486 89/585/88
f 495/586/486 490/574/481 492/578/483
f 495/586/486 492/578/483 496/587/487
f 495/586/486 496/587/487 89/585/88
f 496/587/487 492/578/483 497/588/488
f 89/585/88 496/587/487 498/589/489
f 498/589/489 496/587/487 497/588/488
f 89/585/88 498/589/489 499/590/490
f 499/590/490 498/589/489 497/588/488
f 445/591/436 448/592/439 444/593/435
f 500/594/491 489/573/480 491/577/482
f 489/573/480 500/594/491 501/595/492
f 501/595/492 500/594/491 502/596/493
f 501/595/492 502/596/493 503/597/494
f 500/594/491 491/577/482 504/598/495
f 500/594/491 504/598/495 502/596/493
f 503/597/494 502/596/493 505/599/496
f 503/597/494 505/599/496 506/600/497
f 502/596/493 504/598/495 507/601/498
f 502/596/493 507/601/498 505/599/496
f 504/598/495 491/577/482 508/602/499
f 504/598/495 508/602/499 507/601/498
f 506/600/497 505/599/496 509/603/500
f 509/603/500 505/599/496 507/601/498
f 508/602/499 491/577/482 510/604/501
f 510/604/501 491/577/482 473/550/464
f 508/602/499 510/604/501 511/605/502
f 510/604/501 473/550/464 512/606/503
f 510/604/501 512/606/503 511/605/502
f 512/606/503 473/550/464 461/551/452
f 512/606/503 461/551/452 513/607/504
f 512/606/503 513/607/504 511/605/502
f 513/607/504 461/551/452 514/608/505
f 508/602/499 511/605/502 515/609/506
f 508/602/499 515/609/506 507/601/498
f 513/607/504 514/608/505 516/610/507
f 513/607/504 516/610/507 511/605/502
f 516/610/507 514/608/505 517/611/508
f 515/609/506 511/605/502 518/612/509
f 518/612/509 511/605/502 516/610/507
f 507/601/498 515/609/506 519/613/510
f 519/613/510 515/609/506 518/612/509
f 507/601/498 519/613/510 509/603/500
f 516/610/507 517/611/508 520/614/511
f 516/610/507 520/614/511 518/612/509
f 520/614/511 517/611/508 521/615/512
f 521/615/512 517/611/508 522/616/513
f 518/612/509 520/614/511 523/617/514
f 518/612/509 523/617/514 519/613/510
f 520/614/511 521/615/512 524/618/515
f 520/614/511 524/618/515 523/617/514
f 524/618/515 521/615/512 525/619/516
f 524/618/515 525/619/516 526/620/517
f 524/618/515 526/620/517 523/617/514
f 526/620/517 525/619/516 527/621/518
f 519/613/510 523/617/514 528/622/519
f 528/622/519 523/617/514 526/620/517
f 519/613/510 528/622/519 509/603/500
f 526/620/517 527/621/518 529/623/520
f 529/623/520 527/621/518 530/624/521
f 528/622/519 526/620/517 531/625/522
f 531/625/522 526/620/517 529/623/520
f 509/603/500 528/622/519 532/626/523
f 532/626/523 528/622/519 531/625/522
f 509/603/500 532/626/523 533/627/524
f 509/603/500 533/627/524 506/600/497
f 506/600/497 533/627/524 534/628/525
f 534/628/525 533/627/524 535/629/526
f 531/625/522 529/623/520 536/630/527
f 531/625/522 536/630/527 532/626/523
f 537/631/528 529/623/520 530/624/521
f 529/623/520 537/631/528 536/630/527
f 537/631/528 530/624/521 538/632/529
f 532/626/523 536/630/527 539/633/530
f 532/626/523 539/633/530 533/627/524
f 539/633/530 536/630/527 540/634/531
f 540/634/531 536/630/527 541/635/532
f 540/634/531 541/635/532 539/633/530
f 541/635/532 536/630/527 537/631/528
f 533/627/524 539/633/530 542/636/533
f 542/636/533 539/633/530 541/635/532
f 533/627/524 542/636/533 535/629/526
f 535/629/526 542/636/533 543/637/534
f 543/637/534 542/636/533 541/635/532
f 535/629/526 543/637/534 544/638/535
f 544/638/535 543/637/534 545/639/536
f 543/637/534 541/635/532 546/640/537
f 543/637/534 546/640/537 545/639/536
f 546/640/537 541/635/532 537/631/528
f 545/639/536 546/640/537 547/641/538
f 545/639/536 547/641/538 548/642/539
f 547/641/538 546/640/537 549/643/540
f 546/640/537 537/631/528 550/644/541
f 546/640/537 550/644/541 549/643/540
f 550/644/541 537/631/528 538/632/529
f 549/643/540 550/644/541 551/645/542
f 551/645/542 550/644/541 538/632/529
f 551/645/542 538/632/529 552/646/543
f 416/647/407 478/648/469 415/649/406
f 415/649/406 478/648/469 198/650/196
f 198/650/196 478/648/469 195/651/193
f 195/651/193 478/648/469 196/652/194
f 415/649/406 198/650/196 420/653/411
f 420/653/411 198/650/196 199/654/197
f 420/653/411 199/654/197 553/655/544
f 553/655/544 199/654/197 203/656/201
f 553/655/544 203/656/201 420/653/411
f 420/653/411 203/656/201 419/657/410
f 419/657/410 203/656/201 425/658/416
f 425/658/416 203/656/201 469/659/460
f 514/660/505 461/661/452 462/662/453
f 514/660/505 462/662/453 554/663/545
f 554/663/545 462/662/453 464/664/455
f 554/663/545 464/664/455 467/665/458
f 514/660/505 554/663/545 555/666/546
f 514/660/505 555/666/546 517/667/508
f 517/667/508 555/666/546 522/668/513
f 555/666/546 554/663/545 556/669/547
f 555/666/546 556/669/547 522/668/513
f 554/663/545 467/665/458 557/670/548
f 558/671/549 521/672/512 522/668/513
f 557/670/548 467/665/458 469/673/460
f 558/671/549 522/668/513 559/674/550
f 559/674/550 522/668/513 556/669/547
f 558/671/549 559/674/550 560/675/551
f 558/671/549 560/675/551 561/676/552
f 561/676/552 560/675/551 562/677/553
f 202/678/200 469/673/460 203/679/201
f 469/673/460 202/678/200 208/680/206
f 469/673/460 208/680/206 212/681/210
f 469/673/460 212/681/210 557/670/548
f 562/677/553 560/675/551 563/682/554
f 562/677/553 563/682/554 564/683/555
f 307/684/299 212/681/210 211/685/209
f 212/681/210 307/684/299 565/686/556
f 565/686/556 307/684/299 308/687/300
f 557/670/548 212/681/210 566/688/557
f 566/688/557 212/681/210 565/686/556
f 557/670/548 566/688/557 567/689/558
f 557/670/548 567/689/558 554/663/545
f 554/663/545 567/689/558 556/669/547
f 556/669/547 567/689/558 568/690/559
f 556/669/547 568/690/559 559/674/550
f 567/689/558 566/688/557 569/691/560
f 567/689/558 569/691/560 568/690/559
f 566/688/557 565/686/556 570/692/561
f 566/688/557 570/692/561 569/691/560
f 559/674/550 568/690/559 571/693/562
f 559/674/550 571/693/562 560/675/551
f 568/690/559 569/691/560 572/694/563
f 568/690/559 572/694/563 571/693/562
f 569/691/560 570/692/561 573/695/564
f 569/691/560 573/695/564 572/694/563
f 574/696/565 570/692/561 565/686/556
f 570/692/561 574/696/565 573/695/564
f 574/696/565 565/686/556 575/697/566
f 573/695/564 574/696/565 576/698/567
f 576/698/567 574/696/565 575/697/566
f 575/697/566 565/686/556 308/687/300
f 572/694/563 573/695/564 577/699/568
f 577/699/568 573/695/564 576/698/567
f 572/694/563 577/699/568 578/700/569
f 572/694/563 578/700/569 571/693/562
f 577/699/568 576/698/567 579/701/570
f 577/699/568 579/701/570 578/700/569
f 575/697/566 308/687/300 580/702/571
f 580/702/571 308/687/300 310/703/302
f 580/702/571 310/703/302 319/704/311
f 571/693/562 578/700/569 581/705/572
f 571/693/562 581/705/572 560/675/551
f 560/675/551 581/705/572 563/682/554
f 581/705/572 578/700/569 582/706/573
f 581/705/572 582/706/573 563/682/554
f 582/706/573 578/700/569 583/707/574
f 583/707/574 578/700/569 579/701/570
f 563/682/554 582/706/573 584/708/575
f 584/708/575 582/706/573 583/707/574
f 583/707/574 579/701/570 585/709/576
f 583/707/574 585/709/576 586/710/577
f 583/707/574 586/710/577 584/708/575
f 584/708/575 586/710/577 587/711/578
f 586/710/577 585/709/576 588/712/579
f 584/708/575 587/711/578 589/713/580
f 588/712/579 585/709/576 590/714/581
f 590/714/581 585/709/576 579/701/570
f 588/712/579 590/714/581 591/715/582
f 584/708/575 589/713/580 592/716/583
f 584/708/575 592/716/583 563/682/554
f 592/716/583 589/713/580 593/717/584
f 592/716/583 593/717/584 594/718/585
f 563/682/554 592/716/583 595/719/586
f 595/719/586 592/716/583 594/718/585
f 595/719/586 594/718/585 596/720/587
f 563/682/554 595/719/586 564/683/555
f 564/683/555 595/719/586 597/721/588
f 598/722/589 590/714/581 579/701/570
f 598/722/589 579/701/570 576/698/567
f 590/714/581 598/722/589 599/723/590
f 598/722/589 576/698/567 600/724/591
f 598/722/589 600/724/591 599/723/590
f 600/724/591 576/698/567 575/697/566
f 590/714/581 599/723/590 591/715/582
f 600/724/591 575/697/566 601/725/592
f 601/725/592 575/697/566 580/702/571
f 599/723/590 600/724/591 602/726/593
f 602/726/593 600/724/591 601/725/592
f 601/725/592 580/702/571 603/727/594
f 601/725/592 603/727/594 602/726/593
f 603/727/594 580/702/571 319/704/311
f 599/723/590 602/726/593 604/728/595
f 599/723/590 604/728/595 591/715/582
f 602/726/593 603/727/594 605/729/596
f 602/726/593 605/729/596 604/728/595
f 603/727/594 319/704/311 606/730/597
f 606/730/597 319/704/311 320/731/312
f 606/730/597 320/731/312 607/732/598
f 603/727/594 606/730/597 608/733/599
f 608/733/599 606/730/597 607/732/598
f 603/727/594 608/733/599 605/729/596
f 608/733/599 607/732/598 609/734/600
f 610/735/601 604/728/595 605/729/596
f 610/735/601 605/729/596 608/733/599
f 610/735/601 608/733/599 609/734/600
f 604/728/595 610/735/601 591/715/582
f 610/735/601 609/734/600 611/736/602
f 610/735/601 611/736/602 591/715/582
f 591/715/582 611/736/602 612/737/603
f 489/738/480 501/739/492 613/740/604
f 489/738/480 613/740/604 488/741/479
f 613/740/604 501/739/492 614/742/605
f 488/741/479 613/740/604 615/743/606
f 488/741/479 615/743/606 487/744/478
f 614/742/605 501/739/492 503/745/494
f 487/744/478 615/743/606 493/746/484
f 615/743/606 613/740/604 616/747/607
f 616/747/607 613/740/604 614/742/605
f 493/746/484 615/743/606 617/748/608
f 615/743/606 616/747/607 618/749/609
f 615/743/606 618/749/609 617/748/608
f 616/747/607 614/742/605 619/750/610
f 618/749/609 616/747/607 620/751/611
f 620/751/611 616/747/607 619/750/610
f 620/751/611 619/750/610 621/752/612
f 618/749/609 620/751/611 622/753/613
f 622/753/613 620/751/611 623/754/614
f 618/749/609 622/753/613 624/755/615
f 618/749/609 624/755/615 617/748/608
f 624/755/615 622/753/613 625/756/616
f 626/757/617 619/750/610 614/742/605
f 626/757/617 614/742/605 503/745/494
f 619/750/610 626/757/617 627/758/618
f 626/757/617 503/745/494 628/759/619
f 626/757/617 628/759/619 627/758/618
f 628/759/619 503/745/494 506/760/497
f 627/758/618 628/759/619 534/761/525
f 534/761/525 628/759/619 506/760/497
f 629/762/620 624/755/615 625/756/616
f 629/762/620 625/756/616 630/763/621
f 624/755/615 629/762/620 631/764/622
f 624/755/615 631/764/622 617/748/608
f 629/762/620 630/763/621 632/765/623
f 632/765/623 630/763/621 633/766/624
f 631/764/622 629/762/620 634/767/625
f 634/767/625 629/762/620 632/765/623
f 617/748/608 631/764/622 635/768/626
f 617/748/608 635/768/626 493/746/484
f 493/746/484 635/768/626 492/769/483
f 492/769/483 635/768/626 497/770/488
f 635/768/626 631/764/622 636/771/627
f 635/768/626 636/771/627 497/770/488
f 636/771/627 631/764/622 634/767/625
f 497/770/488 636/771/627 637/772/628
f 497/770/488 637/772/628 499/773/490
f 636/771/627 634/767/625 638/774/629
f 636/771/627 638/774/629 637/772/628
f 638/774/629 634/767/625 632/765/623
f 637/772/628 638/774/629 639/775/630
f 499/773/490 637/772/628 640/776/631
f 640/776/631 637/772/628 639/775/630
f 499/773/490 640/776/631 89/89/88
f 639/775/630 638/774/629 641/777/632
f 641/777/632 638/774/629 632/765/623
f 639/775/630 641/777/632 640/776/631
f 89/89/88 640/776/631 88/88/87
f 641/777/632 632/765/623 642/778/633
f 642/778/633 632/765/623 633/766/624
f 642/778/633 633/766/624 643/779/634
f 642/778/633 643/779/634 644/780/635
f 642/778/633 644/780/635 641/777/632
f 641/777/632 644/780/635 640/776/631
f 88/88/87 640/776/631 645/781/636
f 645/781/636 640/776/631 644/780/635
f 88/88/87 645/781/636 96/96/94
f 645/781/636 644/780/635 646/782/637
f 645/781/636 646/782/637 96/96/94
f 623/783/614 620/784/611 621/785/612
f 623/783/614 621/785/612 647/786/638
f 623/783/614 647/786/638 648/787/639
f 647/786/638 621/785/612 649/788/640
f 623/783/614 648/787/639 650/789/641
f 623/783/614 650/789/641 622/790/613
f 622/790/613 650/789/641 625/791/616
f 648/787/639 647/786/638 651/792/642
f 651/792/642 647/786/638 649/788/640
f 648/787/639 651/792/642 652/793/643
f 651/792/642 649/788/640 653/794/644
f 648/787/639 652/793/643 654/795/645
f 648/787/639 654/795/645 650/789/641
f 652/793/643 651/792/642 655/796/646
f 652/793/643 655/796/646 654/795/645
f 655/796/646 651/792/642 653/794/644
f 650/789/641 654/795/645 656/797/647
f 657/798/648 625/791/616 650/789/641
f 657/798/648 650/789/641 656/797/647
f 625/791/616 657/798/648 658/799/649
f 625/791/616 658/799/649 630/800/621
f 630/800/621 658/799/649 659/801/650
f 630/800/621 659/801/650 633/802/624
f 658/799/649 657/798/648 660/803/651
f 660/803/651 657/798/648 656/797/647
f 660/803/651 656/797/647 661/804/652
f 662/805/653 656/797/647 654/795/645
f 662/805/653 654/795/645 655/796/646
f 661/804/652 656/797/647 663/806/654
f 663/806/654 656/797/647 662/805/653
f 661/804/652 663/806/654 664/807/655
f 661/804/652 664/807/655 665/808/656
f 663/806/654 662/805/653 666/809/657
f 665/808/656 664/807/655 667/810/658
f 665/808/656 667/810/658 668/811/659
f 664/807/655 663/806/654 669/812/660
f 664/807/655 669/812/660 667/810/658
f 669/812/660 663/806/654 666/809/657
f 667/810/658 669/812/660 670/813/661
f 667/810/658 670/813/661 668/811/659
f 670/813/661 669/812/660 666/809/657
f 668/811/659 670/813/661 671/814/662
f 668/811/659 671/814/662 672/815/663
f 673/816/664 666/809/657 662/805/653
f 673/816/664 662/805/653 655/796/646
f 670/813/661 666/809/657 674/817/665
f 666/809/657 673/816/664 675/818/666
f 666/809/657 675/818/666 674/817/665
f 671/814/662 670/813/661 676/819/667
f 676/819/667 670/813/661 674/817/665
f 671/814/662 676/819/667 677/820/668
f 671/814/662 677/820/668 678/821/669
f 678/821/669 677/820/668 679/822/670
f 677/820/668 676/819/667 680/823/671
f 680/823/671 676/819/667 681/824/672
f 681/824/672 676/819/667 674/817/665
f 681/824/672 674/817/665 682/825/673
f 682/825/673 674/817/665 675/818/666
f 682/825/673 675/818/666 683/826/674
f 683/826/674 675/818/666 684/827/675
f 683/826/674 684/827/675 685/828/676
f 685/828/676 684/827/675 686/829/677
f 685/828/676 686/829/677 687/830/678
f 686/829/677 684/827/675 688/831/679
f 686/829/677 688/831/679 687/830/678
f 684/827/675 675/818/666 689/832/680
f 684/827/675 689/832/680 688/831/679
f 689/832/680 675/818/666 690/833/681
f 690/833/681 675/818/666 673/816/664
f 690/833/681 673/816/664 655/796/646
f 687/830/678 688/831/679 691/834/682
f 687/830/678 691/834/682 692/835/683
f 688/831/679 689/832/680 693/836/684
f 688/831/679 693/836/684 691/834/682
f 689/832/680 690/833/681 694/837/685
f 689/832/680 694/837/685 693/836/684
f 690/833/681 655/796/646 695/838/686
f 690/833/681 695/838/686 694/837/685
f 695/838/686 655/796/646 653/794/644
f 696/839/687 692/835/683 691/834/682
f 696/839/687 691/834/682 693/836/684
f 692/835/683 696/839/687 697/840/688
f 697/840/688 696/839/687 698/841/689
f 696/839/687 693/836/684 699/842/690
f 699/842/690 693/836/684 694/837/685
f 696/839/687 699/842/690 700/843/691
f 700/843/691 699/842/690 701/844/692
f 701/844/692 699/842/690 694/837/685
f 700/843/691 701/844/692 702/845/693
f 701/844/692 694/837/685 703/846/694
f 703/846/694 694/837/685 695/838/686
f 702/845/693 701/844/692 704/847/695
f 704/847/695 701/844/692 703/846/694
f 702/845/693 704/847/695 705/848/696
f 702/845/693 705/848/696 706/849/697
f 704/847/695 703/846/694 707/850/698
f 704/847/695 707/850/698 705/848/696
f 703/846/694 695/838/686 708/851/699
f 703/846/694 708/851/699 707/850/698
f 708/851/699 695/838/686 653/794/644
f 707/850/698 708/851/699 709/852/700
f 709/852/700 708/851/699 653/794/644
f 707/850/698 709/852/700 705/848/696
f 710/853/701 706/849/697 705/848/696
f 706/849/697 710/853/701 711/854/702
f 711/854/702 710/853/701 712/855/703
f 710/853/701 705/848/696 713/856/704
f 710/853/701 713/856/704 712/855/703
f 713/856/704 705/848/696 709/852/700
f 712/855/703 713/856/704 714/857/705
f 715/858/706 709/852/700 653/794/644
f 709/852/700 715/858/706 713/856/704
f 713/856/704 715/858/706 714/857/705
f 715/858/706 653/794/644 649/788/640
f 715/858/706 649/788/640 716/859/707
f 715/858/706 716/859/707 714/857/705
f 716/859/707 649/788/640 621/785/612
f 714/857/705 716/859/707 717/860/708
f 714/857/705 717/860/708 718/861/709
f 716/859/707 621/785/612 719/862/710
f 716/859/707 719/862/710 717/860/708
f 719/862/710 621/785/612 619/863/610
f 717/860/708 719/862/710 720/864/711
f 720/864/711 719/862/710 619/863/610
f 717/860/708 720/864/711 718/861/709
f 720/864/711 619/863/610 627/865/618
f 718/861/709 720/864/711 721/866/712
f 721/866/712 720/864/711 627/865/618
f 718/861/709 721/866/712 722/867/713
f 721/866/712 627/865/618 723/868/714
f 721/866/712 723/868/714 724/869/715
f 723/868/714 627/865/618 534/870/525
f 724/869/715 723/868/714 725/871/716
f 725/871/716 723/868/714 534/870/525
f 725/871/716 534/870/525 535/872/526
f 726/873/717 558/874/549 561/875/552
f 558/874/549 726/873/717 521/876/512
f 521/876/512 726/873/717 525/877/516
f 726/873/717 561/875/552 727/878/718
f 525/877/516 726/873/717 728/879/719
f 728/879/719 726/873/717 727/878/718
f 525/877/516 728/879/719 527/880/518
f 727/878/718 561/875/552 562/881/553
f 527/880/518 728/879/719 729/882/720
f 729/882/720 728/879/719 727/878/718
f 527/880/518 729/882/720 530/883/521
f 727/878/718 562/881/553 730/884/721
f 727/878/718 730/884/721 729/882/720
f 730/884/721 562/881/553 564/885/555
f 730/884/721 564/885/555 597/886/588
f 729/882/720 730/884/721 731/887/722
f 729/882/720 731/887/722 530/883/521
f 730/884/721 597/886/588 732/888/723
f 730/884/721 732/888/723 731/887/722
f 530/883/521 731/887/722 733/889/724
f 733/889/724 731/887/722 732/888/723
f 530/883/521 733/889/724 538/890/529
f 538/890/529 733/889/724 552/891/543
f 552/891/543 733/889/724 734/892/725
f 734/892/725 733/889/724 735/893/726
f 735/893/726 733/889/724 732/888/723
f 734/892/725 735/893/726 736/894/727
f 736/894/727 735/893/726 737/895/728
f 735/893/726 732/888/723 738/896/729
f 735/893/726 738/896/729 737/895/728
f 738/896/729 732/888/723 597/886/588
f 737/895/728 738/896/729 739/897/730
f 737/895/728 739/897/730 740/898/731
f 738/896/729 597/886/588 596/899/587
f 596/899/587 597/886/588 595/900/586
f 739/897/730 738/896/729 741/901/732
f 741/901/732 738/896/729 596/899/587
f 739/897/730 741/901/732 742/902/733
f 742/902/733 741/901/732 743/903/734
f 743/903/734 741/901/732 596/899/587
f 743/903/734 596/899/587 594/904/585
f 544/905/535 725/906/716 535/907/526
f 725/906/716 544/905/535 744/908/735
f 744/908/735 544/905/535 745/909/736
f 745/909/736 544/905/535 545/910/536
f 745/909/736 545/910/536 548/911/539
f 744/908/735 745/909/736 746/912/737
f 745/909/736 548/911/539 747/913/738
f 725/906/716 744/908/735 748/914/739
f 747/913/738 548/911/539 749/915/740
f 749/915/740 548/911/539 547/916/538
f 749/915/740 547/916/538 549/917/540
f 745/909/736 747/913/738 750/918/741
f 745/909/736 750/918/741 746/912/737
f 747/913/738 749/915/740 751/919/742
f 747/913/738 751/919/742 750/918/741
f 749/915/740 549/917/540 752/920/743
f 749/915/740 752/920/743 751/919/742
f 752/920/743 549/917/540 551/921/542
f 752/920/743 551/921/542 552/922/543
f 752/920/743 552/922/543 751/919/742
f 751/919/742 552/922/543 753/923/744
f 750/918/741 751/919/742 754/924/745
f 750/918/741 754/924/745 746/912/737
f 754/924/745 751/919/742 753/923/744
f 753/923/744 552/922/543 734/925/725
f 746/912/737 754/924/745 755/926/746
f 754/924/745 753/923/744 756/927/747
f 754/924/745 756/927/747 755/926/746
f 753/923/744 734/925/725 757/928/748
f 746/912/737 755/926/746 758/929/749
f 746/912/737 758/929/749 759/930/750
f 746/912/737 759/930/750 744/908/735
f 744/908/735 759/930/750 748/914/739
f 759/930/750 758/929/749 760/931/751
f 759/930/750 760/931/751 748/914/739
f 758/929/749 755/926/746 761/932/752
f 758/929/749 761/932/752 760/931/751
f 748/914/739 760/931/751 762/933/753
f 762/933/753 760/931/751 761/932/752
f 748/914/739 762/933/753 763/934/754
f 748/914/739 763/934/754 725/906/716
f 725/906/716 763/934/754 724/935/715
f 724/935/715 763/934/754 764/936/755
f 724/935/715 764/936/755 721/937/712
f 721/937/712 764/936/755 722/938/713
f 764/936/755 763/934/754 765/939/756
f 765/939/756 763/934/754 762/933/753
f 722/938/713 764/936/755 766/940/619
f 766/940/619 764/936/755 765/939/756
f 765/939/756 762/933/753 767/941/757
f 765/939/756 767/941/757 766/940/619
f 722/938/713 766/940/619 768/942/758
f 768/942/758 766/940/619 767/941/757
f 722/938/713 768/942/758 769/943/759
f 722/938/713 769/943/759 718/944/709
f 718/944/709 769/943/759 714/945/705
f 714/945/705 769/943/759 712/946/703
f 712/946/703 769/943/759 770/947/760
f 712/946/703 770/947/760 711/948/702
f 770/947/760 769/943/759 771/949/761
f 771/949/761 769/943/759 768/942/758
f 771/949/761 768/942/758 772/950/762
f 772/950/762 768/942/758 767/941/757
f 772/950/762 767/941/757 773/951/763
f 773/951/763 767/941/757 774/952/764
f 773/951/763 774/952/764 775/953/765
f 775/953/765 774/952/764 776/954/766
f 774/952/764 767/941/757 777/955/767
f 777/955/767 767/941/757 762/933/753
f 776/954/766 774/952/764 778/956/768
f 778/956/768 774/952/764 777/955/767
f 777/955/767 762/933/753 779/957/769
f 779/957/769 762/933/753 761/932/752
f 777/955/767 779/957/769 780/958/770
f 780/958/770 779/957/769 761/932/752
f 777/955/767 780/958/770 778/956/768
f 776/954/766 778/956/768 781/959/771
f 776/954/766 781/959/771 782/960/772
f 778/956/768 780/958/770 783/961/773
f 780/958/770 761/932/752 784/962/774
f 780/958/770 784/962/774 783/961/773
f 784/962/774 761/932/752 785/963/515
f 785/963/515 761/932/752 755/926/746
f 783/961/773 784/962/774 786/964/775
f 786/964/775 784/962/774 785/963/515
f 778/956/768 783/961/773 787/965/776
f 787/965/776 783/961/773 786/964/775
f 778/956/768 787/965/776 781/959/771
f 785/963/515 755/926/746 756/927/747
f 785/963/515 756/927/747 788/966/777
f 786/964/775 785/963/515 789/967/778
f 789/967/778 785/963/515 788/966/777
f 787/965/776 786/964/775 790/968/779
f 790/968/779 786/964/775 789/967/778
f 781/959/771 787/965/776 791/969/780
f 791/969/780 787/965/776 790/968/779
f 788/966/777 756/927/747 792/970/781
f 788/966/777 792/970/781 789/967/778
f 792/970/781 756/927/747 793/971/782
f 793/971/782 756/927/747 753/923/744
f 789/967/778 792/970/781 794/972/783
f 794/972/783 792/970/781 793/971/782
f 793/971/782 753/923/744 757/928/748
f 795/973/784 790/968/779 789/967/778
f 795/973/784 789/967/778 794/972/783
f 790/968/779 795/973/784 796/974/785
f 790/968/779 796/974/785 791/969/780
f 795/973/784 794/972/783 797/975/786
f 795/973/784 797/975/786 796/974/785
f 798/976/787 794/972/783 793/971/782
f 798/976/787 793/971/782 757/928/748
f 794/972/783 798/976/787 799/977/788
f 794/972/783 799/977/788 797/975/786
f 798/976/787 757/928/748 800/978/789
f 800/978/789 757/928/748 801/979/790
f 801/979/790 757/928/748 734/925/725
f 801/979/790 734/925/725 736/980/727
f 801/979/790 736/980/727 737/981/728
f 801/979/790 737/981/728 740/982/731
f 800/978/789 801/979/790 802/983/791
f 802/983/791 801/979/790 740/982/731
f 798/976/787 800/978/789 803/984/792
f 798/976/787 803/984/792 799/977/788
f 803/984/792 800/978/789 802/983/791
f 799/977/788 803/984/792 804/985/793
f 799/977/788 804/985/793 797/975/786
f 803/984/792 802/983/791 805/986/794
f 803/984/792 805/986/794 804/985/793
f 802/983/791 740/982/731 806/987/795
f 806/987/795 740/982/731 739/988/730
f 806/987/795 739/988/730 807/989/796
f 802/983/791 806/987/795 808/990/797
f 802/983/791 808/990/797 805/986/794
f 806/987/795 807/989/796 809/991/798
f 806/987/795 809/991/798 808/990/797
f 805/986/794 808/990/797 810/992/799
f 810/992/799 808/990/797 809/991/798
f 805/986/794 810/992/799 811/993/800
f 805/986/794 811/993/800 804/985/793
f 810/992/799 809/991/798 812/994/801
f 810/992/799 812/994/801 811/993/800
f 813/995/802 809/991/798 807/989/796
f 809/991/798 813/995/802 812/994/801
f 813/995/802 807/989/796 814/996/803
f 814/996/803 807/989/796 815/997/804
f 813/995/802 814/996/803 816/998/805
f 813/995/802 816/998/805 812/994/801
f 817/999/806 818/1000/807 814/996/803
f 814/996/803 818/1000/807 816/998/805
f 816/998/805 818/1000/807 819/1001/808
f 819/1001/808 818/1000/807 820/1002/809
f 819/1001/808 820/1002/809 821/1003/810
f 816/998/805 819/1001/808 822/1004/811
f 819/1001/808 821/1003/810 823/1005/812
f 823/1005/812 821/1003/810 824/1006/813
f 824/1006/813 821/1003/810 825/1007/814
f 819/1001/808 823/1005/812 826/1008/815
f 819/1001/808 826/1008/815 822/1004/811
f 826/1008/815 823/1005/812 827/1009/816
f 827/1009/816 823/1005/812 824/1006/813
f 816/998/805 822/1004/811 828/1010/817
f 824/1006/813 825/1007/814 829/1011/818
f 829/1011/818 825/1007/814 830/1012/819
f 829/1011/818 830/1012/819 831/1013/820
f 816/998/805 828/1010/817 832/1014/821
f 816/998/805 832/1014/821 812/994/801
f 828/1010/817 822/1004/811 833/1015/822
f 828/1010/817 833/1015/822 832/1014/821
f 833/1015/822 822/1004/811 834/1016/823
f 834/1016/823 822/1004/811 826/1008/815
f 832/1014/821 833/1015/822 835/1017/824
f 834/1016/823 826/1008/815 836/1018/825
f 836/1018/825 826/1008/815 827/1009/816
f 833/1015/822 834/1016/823 837/1019/826
f 833/1015/822 837/1019/826 835/1017/824
f 834/1016/823 836/1018/825 838/1020/827
f 834/1016/823 838/1020/827 837/1019/826
f 836/1018/825 827/1009/816 839/1021/828
f 839/1021/828 827/1009/816 824/1006/813
f 838/1020/827 836/1018/825 840/1022/829
f 840/1022/829 836/1018/825 839/1021/828
f 837/1019/826 838/1020/827 841/1023/830
f 838/1020/827 840/1022/829 842/1024/831
f 837/1019/826 841/1023/830 843/1025/832
f 837/1019/826 843/1025/832 835/1017/824
f 841/1023/830 838/1020/827 844/1026/833
f 844/1026/833 838/1020/827 842/1024/831
f 842/1024/831 840/1022/829 845/1027/834
f 845/1027/834 840/1022/829 839/1021/828
f 844/1026/833 842/1024/831 846/1028/835
f 846/1028/835 842/1024/831 845/1027/834
f 841/1023/830 844/1026/833 847/1029/836
f 841/1023/830 847/1029/836 843/1025/832
f 844/1026/833 846/1028/835 848/1030/837
f 844/1026/833 848/1030/837 847/1029/836
f 846/1028/835 845/1027/834 849/1031/838
f 849/1031/838 845/1027/834 850/1032/839
f 850/1032/839 845/1027/834 851/1033/840
f 851/1033/840 845/1027/834 839/1021/828
f 846/1028/835 849/1031/838 852/1034/841
f 846/1028/835 852/1034/841 848/1030/837
f 852/1034/841 849/1031/838 853/1035/842
f 852/1034/841 853/1035/842 854/1036/843
f 851/1033/840 839/1021/828 855/1037/844
f 851/1033/840 855/1037/844 856/1038/845
f 852/1034/841 854/1036/843 857/1039/846
f 855/1037/844 839/1021/828 858/1040/847
f 858/1040/847 839/1021/828 824/1006/813
f 858/1040/847 824/1006/813 829/1011/818
f 857/1039/846 854/1036/843 859/1041/848
f 859/1041/848 854/1036/843 860/1042/849
f 859/1041/848 860/1042/849 861/1043/850
f 852/1034/841 857/1039/846 862/1044/851
f 862/1044/851 857/1039/846 863/1045/852
f 852/1034/841 862/1044/851 848/1030/837
f 848/1030/837 862/1044/851 864/1046/853
f 848/1030/837 864/1046/853 865/1047/854
f 848/1030/837 865/1047/854 866/1048/855
f 848/1030/837 866/1048/855 867/1049/856
f 867/1049/856 866/1048/855 868/1050/857
f 848/1030/837 867/1049/856 847/1029/836
f 867/1049/856 868/1050/857 869/1051/858
f 847/1029/836 867/1049/856 870/1052/859
f 870/1052/859 867/1049/856 869/1051/858
f 847/1029/836 870/1052/859 843/1025/832
f 843/1025/832 870/1052/859 871/1053/860
f 843/1025/832 871/1053/860 835/1017/824
f 870/1052/859 869/1051/858 872/1054/861
f 870/1052/859 872/1054/861 871/1053/860
f 873/1055/862 874/1056/863 869/1051/858
f 871/1053/860 872/1054/861 875/1057/864
f 871/1053/860 875/1057/864 835/1017/824
f 872/1054/861 869/1051/858 876/1058/865
f 876/1058/865 869/1051/858 874/1056/863
f 872/1054/861 876/1058/865 875/1057/864
f 876/1058/865 874/1056/863 877/1059/866
f 877/1059/866 874/1056/863 878/1060/867
f 876/1058/865 877/1059/866 879/1061/868
f 876/1058/865 879/1061/868 875/1057/864
f 877/1059/866 878/1060/867 880/1062/869
f 880/1062/869 878/1060/867 881/1063/870
f 880/1062/869 881/1063/870 882/1064/871
f 877/1059/866 880/1062/869 883/1065/872
f 877/1059/866 883/1065/872 879/1061/868
f 880/1062/869 882/1064/871 884/1066/873
f 880/1062/869 884/1066/873 883/1065/872
f 884/1066/873 882/1064/871 885/1067/874
f 886/1068/875 887/1069/876 885/1067/874
f 884/1066/873 885/1067/874 888/1070/877
f 888/1070/877 885/1067/874 887/1069/876
f 883/1065/872 884/1066/873 889/1071/878
f 889/1071/878 884/1066/873 888/1070/877
f 888/1070/877 887/1069/876 890/1072/879
f 890/1072/879 887/1069/876 891/1073/880
f 890/1072/879 891/1073/880 892/1074/881
f 892/1074/881 891/1073/880 893/1075/882
f 893/1075/882 891/1073/880 894/1076/883
f 890/1072/879 892/1074/881 895/1077/884
f 895/1077/884 892/1074/881 893/1075/882
f 893/1075/882 894/1076/883 896/1078/885
f 888/1070/877 890/1072/879 897/1079/886
f 897/1079/886 890/1072/879 895/1077/884
f 888/1070/877 897/1079/886 898/1080/887
f 888/1070/877 898/1080/887 889/1071/878
f 893/1075/882 896/1078/885 899/1081/888
f 899/1081/888 896/1078/885 782/960/772
f 899/1081/888 782/960/772 781/959/771
f 899/1081/888 781/959/771 791/969/780
f 893/1075/882 899/1081/888 900/1082/889
f 900/1082/889 899/1081/888 791/969/780
f 893/1075/882 900/1082/889 895/1077/884
f 900/1082/889 791/969/780 796/974/785
f 895/1077/884 900/1082/889 901/1083/890
f 901/1083/890 900/1082/889 796/974/785
f 895/1077/884 901/1083/890 902/1084/891
f 895/1077/884 902/1084/891 897/1079/886
f 901/1083/890 796/974/785 903/1085/892
f 901/1083/890 903/1085/892 902/1084/891
f 903/1085/892 796/974/785 797/975/786
f 897/1079/886 902/1084/891 904/1086/893
f 904/1086/893 902/1084/891 903/1085/892
f 897/1079/886 904/1086/893 898/1080/887
f 903/1085/892 797/975/786 905/1087/894
f 903/1085/892 905/1087/894 904/1086/893
f 905/1087/894 797/975/786 804/985/793
f 905/1087/894 804/985/793 906/1088/895
f 906/1088/895 804/985/793 811/993/800
f 904/1086/893 905/1087/894 907/1089/896
f 907/1089/896 905/1087/894 906/1088/895
f 908/1090/897 898/1080/887 904/1086/893
f 908/1090/897 904/1086/893 907/1089/896
f 907/1089/896 906/1088/895 909/1091/898
f 909/1091/898 906/1088/895 811/993/800
f 907/1089/896 909/1091/898 908/1090/897
f 909/1091/898 811/993/800 910/1092/899
f 898/1080/887 908/1090/897 911/1093/900
f 898/1080/887 911/1093/900 889/1071/878
f 908/1090/897 909/1091/898 912/1094/901
f 908/1090/897 912/1094/901 911/1093/900
f 912/1094/901 909/1091/898 910/1092/899
f 910/1092/899 811/993/800 812/994/801
f 889/1071/878 911/1093/900 913/1095/902
f 913/1095/902 911/1093/900 912/1094/901
f 889/1071/878 913/1095/902 883/1065/872
f 883/1065/872 913/1095/902 914/1096/903
f 914/1096/903 913/1095/902 912/1094/901
f 883/1065/872 914/1096/903 879/1061/868
f 912/1094/901 910/1092/899 915/1097/904
f 912/1094/901 915/1097/904 914/1096/903
f 879/1061/868 914/1096/903 916/1098/905
f 916/1098/905 914/1096/903 915/1097/904
f 879/1061/868 916/1098/905 875/1057/864
f 916/1098/905 915/1097/904 917/1099/906
f 917/1099/906 915/1097/904 910/1092/899
f 916/1098/905 917/1099/906 875/1057/864
f 917/1099/906 910/1092/899 918/1100/907
f 917/1099/906 918/1100/907 875/1057/864
f 918/1100/907 910/1092/899 812/994/801
f 875/1057/864 918/1100/907 835/1017/824
f 918/1100/907 812/994/801 832/1014/821
f 918/1100/907 832/1014/821 835/1017/824
f 919/1101/908 153/1102/151 150/1103/148
f 919/1101/908 150/1103/148 920/1104/909
f 920/1104/909 150/1103/148 148/1105/146
f 153/1102/151 919/1101/908 921/1106/910
f 920/1104/909 148/1105/146 922/1107/911
f 922/1107/911 148/1105/146 101/1108/99
f 922/1107/911 101/1108/99 102/1109/100
f 919/1101/908 920/1104/909 923/1110/912
f 919/1101/908 923/1110/912 921/1106/910
f 920/1104/909 922/1107/911 924/1111/913
f 920/1104/909 924/1111/913 923/1110/912
f 922/1107/911 102/1109/100 925/1112/914
f 922/1107/911 925/1112/914 924/1111/913
f 925/1112/914 102/1109/100 926/1113/915
f 926/1113/915 102/1109/100 98/1114/96
f 924/1111/913 925/1112/914 927/1115/916
f 924/1111/913 927/1115/916 923/1110/912
f 926/1113/915 98/1114/96 928/1116/917
f 929/1117/918 921/1106/910 923/1110/912
f 929/1117/918 923/1110/912 927/1115/916
f 925/1112/914 926/1113/915 930/1118/919
f 925/1112/914 930/1118/919 927/1115/916
f 926/1113/915 928/1116/917 931/1119/920
f 931/1119/920 928/1116/917 932/1120/637
f 930/1118/919 926/1113/915 933/1121/921
f 933/1121/921 926/1113/915 931/1119/920
f 927/1115/916 930/1118/919 934/1122/922
f 927/1115/916 934/1122/922 929/1117/918
f 930/1118/919 933/1121/921 935/1123/923
f 930/1118/919 935/1123/923 934/1122/922
f 929/1117/918 934/1122/922 936/1124/924
f 929/1117/918 936/1124/924 937/1125/925
f 929/1117/918 937/1125/925 921/1106/910
f 936/1124/924 934/1122/922 938/1126/926
f 938/1126/926 934/1122/922 935/1123/923
f 937/1125/925 936/1124/924 939/1127/927
f 939/1127/927 936/1124/924 938/1126/926
f 921/1106/910 937/1125/925 940/1128/928
f 921/1106/910 940/1128/928 153/1102/151
f 153/1102/151 940/1128/928 154/1129/152
f 154/1129/152 940/1128/928 941/1130/929
f 154/1129/152 941/1130/929 156/1131/154
f 940/1128/928 937/1125/925 942/1132/930
f 940/1128/928 942/1132/930 941/1130/929
f 942/1132/930 937/1125/925 939/1127/927
f 941/1130/929 942/1132/930 943/1133/931
f 942/1132/930 939/1127/927 944/1134/932
f 943/1133/931 942/1132/930 945/1135/933
f 943/1133/931 945/1135/933 946/1136/934
f 946/1136/934 945/1135/933 947/1137/935
f 945/1135/933 942/1132/930 948/1138/936
f 945/1135/933 948/1138/936 947/1137/935
f 948/1138/936 942/1132/930 944/1134/932
f 947/1137/935 948/1138/936 949/1139/937
f 949/1139/937 948/1138/936 944/1134/932
f 949/1139/937 944/1134/932 950/1140/938
f 950/1140/938 944/1134/932 951/1141/939
f 952/1142/940 944/1134/932 939/1127/927
f 944/1134/932 952/1142/940 951/1141/939
f 952/1142/940 939/1127/927 938/1126/926
f 952/1142/940 938/1126/926 953/1143/941
f 952/1142/940 953/1143/941 951/1141/939
f 953/1143/941 938/1126/926 935/1123/923
f 951/1141/939 953/1143/941 954/1144/942
f 954/1144/942 953/1143/941 935/1123/923
f 951/1141/939 954/1144/942 955/1145/943
f 955/1145/943 954/1144/942 956/1146/944
f 956/1146/944 954/1144/942 957/1147/945
f 954/1144/942 935/1123/923 958/1148/946
f 954/1144/942 958/1148/946 957/1147/945
f 958/1148/946 935/1123/923 933/1121/921
f 957/1147/945 958/1148/946 959/1149/947
f 958/1148/946 933/1121/921 960/1150/948
f 958/1148/946 960/1150/948 959/1149/947
f 959/1149/947 960/1150/948 961/1151/949
f 960/1150/948 933/1121/921 931/1119/920
f 961/1151/949 960/1150/948 962/1152/947
f 962/1152/947 960/1150/948 931/1119/920
f 961/1151/949 962/1152/947 963/1153/950
f 963/1153/950 962/1152/947 964/1154/951
f 964/1154/951 962/1152/947 965/1155/952
f 964/1154/951 965/1155/952 966/1156/953
f 966/1156/953 965/1155/952 679/1157/670
f 967/1158/954 678/1159/669 679/1157/670
f 967/1158/954 679/1157/670 697/1160/688
f 697/1160/688 679/1157/670 968/1161/955
f 968/1161/955 679/1157/670 965/1155/952
f 697/1160/688 968/1161/955 692/1162/683
f 969/1163/956 965/1155/952 962/1152/947
f 965/1155/952 969/1163/956 968/1161/955
f 692/1162/683 968/1161/955 970/1164/957
f 970/1164/957 968/1161/955 969/1163/956
f 692/1162/683 970/1164/957 687/1165/678
f 969/1163/956 962/1152/947 971/1166/958
f 969/1163/956 971/1166/958 970/1164/957
f 971/1166/958 962/1152/947 931/1119/920
f 687/1165/678 970/1164/957 972/1167/959
f 972/1167/959 970/1164/957 971/1166/958
f 972/1167/959 971/1166/958 931/1119/920
f 687/1165/678 972/1167/959 685/1168/676
f 972/1167/959 931/1119/920 973/1169/960
f 685/1168/676 972/1167/959 974/1170/961
f 974/1170/961 972/1167/959 973/1169/960
f 685/1168/676 974/1170/961 683/1171/674
f 974/1170/961 973/1169/960 975/1172/962
f 974/1170/961 975/1172/962 683/1171/674
f 976/1173/963 46/1174/46 49/1175/48
f 977/1176/315 44/1177/44 46/1174/46
f 977/1176/315 46/1174/46 976/1173/963
f 977/1176/315 976/1173/963 978/1178/964
f 978/1178/964 976/1173/963 979/1179/965
f 976/1173/963 49/1175/48 980/1180/966
f 976/1173/963 980/1180/966 979/1179/965
f 980/1180/966 49/1175/48 981/1181/967
f 981/1181/967 49/1175/48 51/1182/50
f 156/1183/154 941/1184/929 51/1182/50
f 51/1182/50 941/1184/929 981/1181/967
f 981/1181/967 941/1184/929 943/1185/931
f 981/1181/967 943/1185/931 982/1186/968
f 982/1186/968 943/1185/931 946/1187/934
f 980/1180/966 981/1181/967 983/1188/969
f 983/1188/969 981/1181/967 982/1186/968
f 984/1189/967 979/1179/965 980/1180/966
f 984/1189/967 980/1180/966 983/1188/969
f 979/1179/965 984/1189/967 985/1190/970
f 979/1179/965 985/1190/970 986/1191/971
f 985/1190/970 984/1189/967 987/1192/972
f 987/1192/972 984/1189/967 983/1188/969
f 988/1193/973 989/1194/974 985/1190/970
f 988/1193/973 985/1190/970 990/1195/975
f 990/1195/975 985/1190/970 987/1192/972
f 988/1193/973 990/1195/975 991/1196/976
f 987/1192/972 983/1188/969 992/1197/977
f 987/1192/972 992/1197/977 990/1195/975
f 991/1196/976 990/1195/975 993/1198/978
f 991/1196/976 993/1198/978 994/1199/979
f 990/1195/975 992/1197/977 995/1200/980
f 990/1195/975 995/1200/980 993/1198/978
f 994/1199/979 993/1198/978 996/1201/981
f 995/1200/980 992/1197/977 997/1202/982
f 993/1198/978 995/1200/980 998/1203/983
f 998/1203/983 995/1200/980 997/1202/982
f 997/1202/982 992/1197/977 999/1204/984
f 999/1204/984 992/1197/977 983/1188/969
f 996/1201/981 993/1198/978 1000/1205/985
f 1000/1205/985 993/1198/978 998/1203/983
f 996/1201/981 1000/1205/985 1001/1206/986
f 996/1201/981 1001/1206/986 1002/1207/987
f 1000/1205/985 998/1203/983 1003/1208/988
f 1000/1205/985 1003/1208/988 1001/1206/986
f 1004/1209/989 998/1203/983 997/1202/982
f 1004/1209/989 997/1202/982 999/1204/984
f 1003/1208/988 998/1203/983 1005/1210/990
f 1005/1210/990 998/1203/983 1004/1209/989
f 1001/1206/986 1003/1208/988 1006/1211/991
f 1001/1206/986 1006/1211/991 1007/1212/992
f 1001/1206/986 1007/1212/992 1008/1213/993
f 1008/1213/993 1007/1212/992 961/1214/949
f 961/1214/949 1007/1212/992 959/1215/947
f 959/1215/947 1007/1212/992 1006/1211/991
f 1006/1211/991 1003/1208/988 1009/1216/994
f 1006/1211/991 1009/1216/994 959/1215/947
f 1009/1216/994 1003/1208/988 1005/1210/990
f 959/1215/947 1009/1216/994 957/1217/945
f 957/1217/945 1009/1216/994 1010/1218/995
f 1010/1218/995 1009/1216/994 1005/1210/990
f 957/1217/945 1010/1218/995 956/1219/944
f 956/1219/944 1010/1218/995 1011/1220/996
f 1011/1220/996 1010/1218/995 1005/1210/990
f 956/1219/944 1011/1220/996 955/1221/943
f 1011/1220/996 1005/1210/990 1012/1222/997
f 1012/1222/997 1005/1210/990 1004/1209/989
f 955/1221/943 1011/1220/996 1013/1223/998
f 1013/1223/998 1011/1220/996 1012/1222/997
f 955/1221/943 1013/1223/998 951/1224/939
f 951/1224/939 1013/1223/998 1014/1225/999
f 951/1224/939 1014/1225/999 950/1226/938
f 1014/1225/999 1013/1223/998 1015/1227/1000
f 1014/1225/999 1015/1227/1000 950/1226/938
f 1015/1227/1000 1013/1223/998 1012/1222/997
f 950/1226/938 1015/1227/1000 1016/1228/1001
f 950/1226/938 1016/1228/1001 949/1229/937
f 949/1229/937 1016/1228/1001 947/1230/935
f 1016/1228/1001 1015/1227/1000 1017/1231/1002
f 1017/1231/1002 1015/1227/1000 1012/1222/997
f 947/1230/935 1016/1228/1001 1018/1232/1003
f 947/1230/935 1018/1232/1003 946/1187/934
f 946/1187/934 1018/1232/1003 982/1186/968
f 1018/1232/1003 1016/1228/1001 1019/1233/1004
f 1019/1233/1004 1016/1228/1001 1017/1231/1002
f 982/1186/968 1018/1232/1003 1020/1234/1005
f 1020/1234/1005 1018/1232/1003 1019/1233/1004
f 982/1186/968 1020/1234/1005 983/1188/969
f 983/1188/969 1020/1234/1005 999/1204/984
f 1020/1234/1005 1019/1233/1004 1021/1235/1006
f 1021/1235/1006 1019/1233/1004 1017/1231/1002
f 1020/1234/1005 1021/1235/1006 999/1204/984
f 1021/1235/1006 1017/1231/1002 1012/1222/997
f 999/1204/984 1021/1235/1006 1004/1209/989
f 1004/1209/989 1021/1235/1006 1012/1222/997
f 985/1236/970 989/1237/974 986/1238/971
f 988/1239/973 991/1240/976 989/1237/974
f 986/1238/971 989/1237/974 1022/1241/1007
f 989/1237/974 991/1240/976 1023/1242/1008
f 986/1238/971 1022/1241/1007 1024/1243/48
f 986/1238/971 1024/1243/48 979/1244/965
f 1022/1241/1007 989/1237/974 1025/1245/1009
f 1025/1245/1009 989/1237/974 1023/1242/1008
f 979/1244/965 1024/1243/48 1026/1246/1010
f 979/1244/965 1026/1246/1010 978/1247/964
f 1024/1243/48 1022/1241/1007 1027/1248/1011
f 1024/1243/48 1027/1248/1011 1026/1246/1010
f 1022/1241/1007 1025/1245/1009 1028/1249/1012
f 1022/1241/1007 1028/1249/1012 1027/1248/1011
f 1025/1245/1009 1023/1242/1008 1029/1250/1013
f 1025/1245/1009 1029/1250/1013 1028/1249/1012
f 978/1247/964 1026/1246/1010 43/1251/43
f 978/1247/964 43/1251/43 977/1252/315
f 977/1252/315 43/1251/43 44/1253/44
f 43/1251/43 1026/1246/1010 1030/1254/1014
f 1030/1254/1014 1026/1246/1010 1031/1255/1015
f 1031/1255/1015 1026/1246/1010 1032/1256/1016
f 1032/1256/1016 1026/1246/1010 1027/1248/1011
f 1031/1255/1015 1032/1256/1016 1033/1257/1017
f 1034/1258/1018 1027/1248/1011 1028/1249/1012
f 1027/1248/1011 1034/1258/1018 1032/1256/1016
f 1034/1258/1018 1028/1249/1012 1029/1250/1013
f 1033/1257/1017 1032/1256/1016 1035/1259/1019
f 1035/1259/1019 1032/1256/1016 1034/1258/1018
f 1033/1257/1017 1035/1259/1019 1036/1260/1020
f 1035/1259/1019 1034/1258/1018 1037/1261/1021
f 1035/1259/1019 1037/1261/1021 1036/1260/1020
f 1037/1261/1021 1034/1258/1018 1038/1262/1022
f 1038/1262/1022 1034/1258/1018 1029/1250/1013
f 1036/1260/1020 1037/1261/1021 1039/1263/1023
f 1039/1263/1023 1037/1261/1021 1038/1262/1022
f 1036/1260/1020 1039/1263/1023 1040/1264/1024
f 1040/1264/1024 1039/1263/1023 1041/1265/1025
f 1039/1263/1023 1038/1262/1022 1042/1266/1026
f 1042/1266/1026 1038/1262/1022 1029/1250/1013
f 1041/1265/1025 1039/1263/1023 1043/1267/1027
f 1039/1263/1023 1042/1266/1026 1044/1268/1028
f 1039/1263/1023 1044/1268/1028 1043/1267/1027
f 1041/1265/1025 1043/1267/1027 1045/1269/1029
f 1044/1268/1028 1042/1266/1026 1046/1270/1030
f 1046/1270/1030 1042/1266/1026 1029/1250/1013
f 1045/1269/1029 1043/1267/1027 1047/1271/1031
f 1045/1269/1029 1047/1271/1031 1048/1272/1032
f 1043/1267/1027 1044/1268/1028 1049/1273/1033
f 1043/1267/1027 1049/1273/1033 1047/1271/1031
f 1048/1272/1032 1047/1271/1031 1050/1274/1034
f 1047/1271/1031 1049/1273/1033 1051/1275/1035
f 1047/1271/1031 1051/1275/1035 1050/1274/1034
f 1051/1275/1035 1049/1273/1033 1052/1276/1036
f 1048/1272/1032 1050/1274/1034 1053/1277/1037
f 1048/1272/1032 1053/1277/1037 1054/1278/1038
f 1054/1278/1038 1053/1277/1037 1055/1279/1039
f 1053/1277/1037 1050/1274/1034 1056/1280/1040
f 1053/1277/1037 1056/1280/1040 1055/1279/1039
f 1050/1274/1034 1051/1275/1035 1057/1281/1041
f 1050/1274/1034 1057/1281/1041 1056/1280/1040
f 1051/1275/1035 1052/1276/1036 1058/1282/1042
f 1051/1275/1035 1058/1282/1042 1057/1281/1041
f 1059/1283/1043 1052/1276/1036 1049/1273/1033
f 1052/1276/1036 1059/1283/1043 1058/1282/1042
f 1059/1283/1043 1049/1273/1033 1044/1268/1028
f 1057/1281/1041 1058/1282/1042 1060/1284/1044
f 1057/1281/1041 1060/1284/1044 1056/1280/1040
f 1060/1284/1044 1058/1282/1042 1059/1283/1043
f 1056/1280/1040 1060/1284/1044 1061/1285/1045
f 1056/1280/1040 1061/1285/1045 1055/1279/1039
f 1062/1286/1046 1055/1279/1039 1063/1287/1047
f 1063/1287/1047 1055/1279/1039 1061/1285/1045
f 1063/1287/1047 1061/1285/1045 1064/1288/951
f 1061/1285/1045 1060/1284/1044 1065/1289/1048
f 1065/1289/1048 1060/1284/1044 1059/1283/1043
f 1064/1288/951 1061/1285/1045 1066/1290/1049
f 1064/1288/951 1066/1290/1049 1067/1291/88
f 1061/1285/1045 1065/1289/1048 1068/1292/1050
f 1061/1285/1045 1068/1292/1050 1066/1290/1049
f 1067/1291/88 1066/1290/1049 1069/1293/1051
f 1067/1291/88 1069/1293/1051 1070/1294/1052
f 1069/1293/1051 1066/1290/1049 1071/1295/83
f 1069/1293/1051 1071/1295/83 1070/1294/1052
f 1071/1295/83 1066/1290/1049 1068/1292/1050
f 1070/1294/1052 1071/1295/83 1072/1296/1053
f 1073/1297/1054 1068/1292/1050 1065/1289/1048
f 1073/1297/1054 1065/1289/1048 1059/1283/1043
f 1071/1295/83 1068/1292/1050 1074/1298/1055
f 1072/1296/1053 1071/1295/83 1075/1299/1056
f 1075/1299/1056 1071/1295/83 1074/1298/1055
f 1074/1298/1055 1068/1292/1050 1076/1300/1057
f 1076/1300/1057 1068/1292/1050 1073/1297/1054
f 1074/1298/1055 1076/1300/1057 1077/1301/1058
f 1074/1298/1055 1077/1301/1058 1078/1302/490
f 1074/1298/1055 1078/1302/490 1075/1299/1056
f 1078/1302/490 1077/1301/1058 1079/1303/1059
f 1079/1303/1059 1077/1301/1058 1076/1300/1057
f 1075/1299/1056 1078/1302/490 1080/1304/1060
f 1078/1302/490 1079/1303/1059 1081/1305/96
f 1078/1302/490 1081/1305/96 1080/1304/1060
f 1081/1305/96 1079/1303/1059 963/1306/950
f 963/1306/950 1079/1303/1059 1076/1300/1057
f 1081/1305/96 963/1306/950 964/1307/951
f 963/1306/950 1076/1300/1057 1082/1308/1061
f 963/1306/950 1082/1308/1061 961/1309/949
f 1082/1308/1061 1076/1300/1057 1083/1310/1062
f 1083/1310/1062 1076/1300/1057 1073/1297/1054
f 961/1309/949 1082/1308/1061 1084/1311/1063
f 1083/1310/1062 1073/1297/1054 1085/1312/1064
f 1085/1312/1064 1073/1297/1054 1059/1283/1043
f 1082/1308/1061 1083/1310/1062 1086/1313/1065
f 1082/1308/1061 1086/1313/1065 1084/1311/1063
f 1083/1310/1062 1085/1312/1064 1087/1314/1066
f 1083/1310/1062 1087/1314/1066 1086/1313/1065
f 961/1309/949 1084/1311/1063 1008/1315/993
f 1085/1312/1064 1059/1283/1043 1088/1316/1067
f 1088/1316/1067 1059/1283/1043 1044/1268/1028
f 1088/1316/1067 1044/1268/1028 1046/1270/1030
f 1085/1312/1064 1088/1316/1067 1089/1317/1068
f 1089/1317/1068 1088/1316/1067 1046/1270/1030
f 1085/1312/1064 1089/1317/1068 1087/1314/1066
f 1090/1318/1069 1086/1313/1065 1087/1314/1066
f 1089/1317/1068 1046/1270/1030 1091/1319/1070
f 1089/1317/1068 1091/1319/1070 1087/1314/1066
f 1091/1319/1070 1046/1270/1030 1092/1320/1071
f 1087/1314/1066 1091/1319/1070 1093/1321/1072
f 1087/1314/1066 1093/1321/1072 1090/1318/1069
f 1093/1321/1072 1091/1319/1070 1092/1320/1071
f 1092/1320/1071 1046/1270/1030 1029/1250/1013
f 1094/1322/1073 1086/1313/1065 1090/1318/1069
f 1094/1322/1073 1090/1318/1069 1093/1321/1072
f 1086/1313/1065 1094/1322/1073 1084/1311/1063
f 1084/1311/1063 1094/1322/1073 1095/1323/1074
f 1095/1323/1074 1094/1322/1073 1093/1321/1072
f 1084/1311/1063 1095/1323/1074 1008/1315/993
f 1092/1320/1071 1029/1250/1013 1096/1324/1075
f 1096/1324/1075 1029/1250/1013 1023/1242/1008
f 1097/1325/1076 1093/1321/1072 1092/1320/1071
f 1097/1325/1076 1092/1320/1071 1096/1324/1075
f 1095/1323/1074 1093/1321/1072 1098/1326/1077
f 1098/1326/1077 1093/1321/1072 1097/1325/1076
f 1095/1323/1074 1098/1326/1077 1008/1315/993
f 1096/1324/1075 1023/1242/1008 1099/1327/1078
f 1099/1327/1078 1023/1242/1008 991/1240/976
f 1099/1327/1078 991/1240/976 994/1328/979
f 1097/1325/1076 1096/1324/1075 1100/1329/1030
f 1100/1329/1030 1096/1324/1075 1099/1327/1078
f 1097/1325/1076 1100/1329/1030 1098/1326/1077
f 1008/1315/993 1098/1326/1077 1002/1330/987
f 1008/1315/993 1002/1330/987 1001/1331/986
f 1002/1330/987 1098/1326/1077 1101/1332/1079
f 1002/1330/987 1101/1332/1079 996/1333/981
f 1098/1326/1077 1100/1329/1030 1102/1334/1080
f 1098/1326/1077 1102/1334/1080 1101/1332/1079
f 1100/1329/1030 1099/1327/1078 1103/1335/1081
f 1100/1329/1030 1103/1335/1081 1102/1334/1080
f 1103/1335/1081 1099/1327/1078 994/1328/979
f 996/1333/981 1101/1332/1079 1104/1336/1082
f 1104/1336/1082 1101/1332/1079 1102/1334/1080
f 996/1333/981 1104/1336/1082 994/1328/979
f 1104/1336/1082 1102/1334/1080 1103/1335/1081
f 1104/1336/1082 1103/1335/1081 994/1328/979
f 1030/1337/1014 42/1338/42 43/1339/43
f 42/1338/42 1030/1337/1014 329/1340/321
f 329/1340/321 1030/1337/1014 1105/1341/1083
f 1105/1341/1083 1030/1337/1014 1031/1342/1015
f 329/1340/321 1105/1341/1083 330/1343/322
f 1105/1341/1083 1031/1342/1015 1033/1344/1017
f 1105/1341/1083 1033/1344/1017 1106/1345/1084
f 1106/1345/1084 1033/1344/1017 1107/1346/1085
f 1107/1346/1085 1033/1344/1017 1036/1347/1020
f 1105/1341/1083 1106/1345/1084 1108/1348/1085
f 1108/1348/1085 1106/1345/1084 1107/1346/1085
f 1107/1346/1085 1036/1347/1020 1040/1349/1024
f 1109/1350/1086 330/1343/322 1105/1341/1083
f 1109/1350/1086 1105/1341/1083 1108/1348/1085
f 330/1343/322 1109/1350/1086 334/1351/326
f 330/1343/322 334/1351/326 331/1352/323
f 1109/1350/1086 1108/1348/1085 1110/1353/1087
f 347/1354/339 335/1355/327 334/1351/326
f 347/1354/339 334/1351/326 1111/1356/1088
f 1111/1356/1088 334/1351/326 1112/1357/409
f 334/1351/326 1109/1350/1086 1113/1358/1089
f 334/1351/326 1113/1358/1089 1112/1357/409
f 1113/1358/1089 1109/1350/1086 1110/1353/1087
f 1111/1356/1088 1112/1357/409 1114/1359/1090
f 1114/1359/1090 1112/1357/409 1113/1358/1089
f 1111/1356/1088 1114/1359/1090 350/1360/342
f 1114/1359/1090 1113/1358/1089 1115/1361/1091
f 1115/1361/1091 1113/1358/1089 1110/1353/1087
f 1114/1359/1090 1115/1361/1091 1116/1362/1092
f 1116/1362/1092 1115/1361/1091 1117/1363/1093
f 1117/1363/1093 1115/1361/1091 1118/1364/1094
f 1118/1364/1094 1115/1361/1091 1119/1365/1095
f 1119/1365/1095 1115/1361/1091 1110/1353/1087
f 1118/1364/1094 1119/1365/1095 1120/1366/1096
f 1120/1366/1096 1119/1365/1095 1121/1367/1097
f 1121/1367/1097 1119/1365/1095 1122/1368/1098
f 1119/1365/1095 1110/1353/1087 1123/1369/1099
f 1119/1365/1095 1123/1369/1099 1122/1368/1098
f 1123/1369/1099 1110/1353/1087 1108/1348/1085
f 1122/1368/1098 1123/1369/1099 1124/1370/1100
f 1123/1369/1099 1108/1348/1085 1125/1371/322
f 1123/1369/1099 1125/1371/322 1124/1370/1100
f 1125/1371/322 1108/1348/1085 1107/1346/1085
f 1124/1370/1100 1125/1371/322 1126/1372/1101
f 1124/1370/1100 1126/1372/1101 1127/1373/1102
f 1127/1373/1102 1126/1372/1101 1128/1374/1103
f 1128/1374/1103 1126/1372/1101 1129/1375/1104
f 1129/1375/1104 1126/1372/1101 1125/1371/322
f 1128/1374/1103 1129/1375/1104 1130/1376/1105
f 1125/1371/322 1107/1346/1085 1131/1377/1106
f 1125/1371/322 1131/1377/1106 1129/1375/1104
f 1131/1377/1106 1107/1346/1085 1040/1349/1024
f 1131/1377/1106 1040/1349/1024 1132/1378/1107
f 1131/1377/1106 1132/1378/1107 1129/1375/1104
f 1132/1378/1107 1040/1349/1024 1041/1379/1025
f 1132/1378/1107 1041/1379/1025 1045/1380/1029
f 1133/1381/1108 1130/1376/1105 1129/1375/1104
f 1133/1381/1108 1129/1375/1104 1132/1378/1107
f 1130/1376/1105 1133/1381/1108 1134/1382/1109
f 1130/1376/1105 1134/1382/1109 1135/1383/1110
f 1133/1381/1108 1132/1378/1107 1136/1384/1111
f 1133/1381/1108 1136/1384/1111 1134/1382/1109
f 1132/1378/1107 1045/1380/1029 1137/1385/1112
f 1132/1378/1107 1137/1385/1112 1136/1384/1111
f 1137/1385/1112 1045/1380/1029 1048/1386/1032
f 1137/1385/1112 1048/1386/1032 1054/1387/1038
f 1135/1383/1110 1134/1382/1109 1138/1388/1113
f 1138/1388/1113 1134/1382/1109 1136/1384/1111
f 1138/1388/1113 1136/1384/1111 1137/1385/1112
f 1138/1388/1113 1137/1385/1112 1054/1387/1038
f 1135/1383/1110 1138/1388/1113 1139/1389/1114
f 1139/1389/1114 1138/1388/1113 1054/1387/1038
f 633/1390/624 1140/1391/1115 643/1392/634
f 643/1392/634 1140/1391/1115 1141/1393/636
f 643/1392/634 1141/1393/636 1142/1394/635
f 1141/1393/636 1140/1391/1115 1143/1395/1116
f 1143/1395/1116 1140/1391/1115 1144/1396/1117
f 1143/1395/1116 1144/1396/1117 1145/1397/1118
f 1143/1395/1116 1145/1397/1118 1141/1393/636
f 1145/1397/1118 1144/1396/1117 1146/1398/1119
f 1145/1397/1118 1146/1398/1119 1147/1399/1120
f 1145/1397/1118 1147/1399/1120 1141/1393/636
f 1147/1399/1120 1146/1398/1119 1148/1400/1121
f 1147/1399/1120 1148/1400/1121 1149/1401/490
f 1149/1401/490 1148/1400/1121 1150/1402/1122
f 1141/1393/636 1147/1399/1120 1080/1304/1060
f 1080/1304/1060 1147/1399/1120 1149/1401/490
f 1080/1304/1060 1149/1401/490 1075/1299/1056
f 1075/1299/1056 1149/1401/490 1150/1402/1122
f 1075/1299/1056 1150/1402/1122 1072/1296/1053
f 1072/1296/1053 1150/1402/1122 1151/1403/1053
f 1151/1403/1053 1150/1402/1122 1152/1404/1123
f 1152/1404/1123 1150/1402/1122 1153/1405/1124
f 1141/1393/636 1080/1304/1060 1154/1406/1125
f 1141/1393/636 1154/1406/1125 1142/1394/635
f 1142/1394/635 1154/1406/1125 1155/1407/1126
f 1142/1394/635 1155/1407/1126 1156/1408/632
f 1154/1406/1125 1080/1304/1060 1157/1409/633
f 1157/1409/633 1080/1304/1060 1081/1305/96
f 1157/1409/633 1081/1305/96 1158/1410/1127
f 1154/1406/1125 1157/1409/633 1159/1411/1128
f 1154/1406/1125 1159/1411/1128 1155/1407/1126
f 1159/1411/1128 1157/1409/633 1158/1410/1127
f 1155/1407/1126 1159/1411/1128 1156/1408/632
f 1159/1411/1128 1158/1410/1127 1160/1412/96
f 1159/1411/1128 1160/1412/96 1156/1408/632
f 659/1413/650 1140/1414/1115 633/1415/624
f 1140/1414/1115 659/1413/650 1144/1416/1117
f 1144/1416/1117 659/1413/650 1161/1417/1129
f 1161/1417/1129 659/1413/650 658/1418/649
f 1144/1416/1117 1161/1417/1129 1146/1419/1119
f 1161/1417/1129 658/1418/649 1162/1420/1130
f 1162/1420/1130 658/1418/649 660/1421/651
f 1162/1420/1130 660/1421/651 661/1422/652
f 1161/1417/1129 1162/1420/1130 1163/1423/1131
f 1146/1419/1119 1161/1417/1129 1164/1424/1132
f 1164/1424/1132 1161/1417/1129 1163/1423/1131
f 1146/1419/1119 1164/1424/1132 1165/1425/1133
f 1164/1424/1132 1163/1423/1131 1166/1426/1134
f 1164/1424/1132 1166/1426/1134 1165/1425/1133
f 1146/1419/1119 1165/1425/1133 1148/1427/1121
f 1162/1420/1130 661/1422/652 1167/1428/1135
f 1162/1420/1130 1167/1428/1135 1163/1423/1131
f 1148/1427/1121 1165/1425/1133 1168/1429/1136
f 1168/1429/1136 1165/1425/1133 1166/1426/1134
f 1166/1426/1134 1163/1423/1131 1169/1430/1137
f 1169/1430/1137 1163/1423/1131 1167/1428/1135
f 1168/1429/1136 1166/1426/1134 1170/1431/1138
f 1167/1428/1135 661/1422/652 672/1432/663
f 672/1432/663 661/1422/652 665/1433/656
f 672/1432/663 665/1433/656 668/1434/659
f 1167/1428/1135 672/1432/663 1171/1435/1139
f 1171/1435/1139 672/1432/663 671/1436/662
f 1171/1435/1139 671/1436/662 678/1437/669
f 1171/1435/1139 678/1437/669 1172/1438/1140
f 1172/1438/1140 678/1437/669 967/1439/954
f 1167/1428/1135 1171/1435/1139 1173/1440/1141
f 1173/1440/1141 1171/1435/1139 1172/1438/1140
f 1167/1428/1135 1173/1440/1141 1174/1441/1142
f 1167/1428/1135 1174/1441/1142 1169/1430/1137
f 1173/1440/1141 1172/1438/1140 1175/1442/1143
f 1173/1440/1141 1175/1442/1143 1174/1441/1142
f 1172/1438/1140 967/1439/954 1176/1443/1144
f 1172/1438/1140 1176/1443/1144 1175/1442/1143
f 1176/1443/1144 967/1439/954 697/1444/688
f 1176/1443/1144 697/1444/688 698/1445/689
f 1175/1442/1143 1176/1443/1144 1177/1446/1145
f 1177/1446/1145 1176/1443/1144 698/1445/689
f 1174/1441/1142 1175/1442/1143 1178/1447/1146
f 1178/1447/1146 1175/1442/1143 1177/1446/1145
f 1174/1441/1142 1178/1447/1146 1179/1448/1147
f 1174/1441/1142 1179/1448/1147 1169/1430/1137
f 1178/1447/1146 1177/1446/1145 1180/1449/1148
f 1177/1446/1145 698/1445/689 1181/1450/1149
f 1177/1446/1145 1181/1450/1149 1180/1449/1148
f 1181/1450/1149 698/1445/689 700/1451/691
f 700/1451/691 698/1445/689 696/1452/687
f 1181/1450/1149 700/1451/691 1182/1453/1150
f 1182/1453/1150 700/1451/691 702/1454/693
f 1180/1449/1148 1181/1450/1149 1183/1455/1151
f 1183/1455/1151 1181/1450/1149 1182/1453/1150
f 1182/1453/1150 702/1454/693 1184/1456/1152
f 1182/1453/1150 1184/1456/1152 1183/1455/1151
f 1184/1456/1152 702/1454/693 706/1457/697
f 1184/1456/1152 706/1457/697 1185/1458/1153
f 1185/1458/1153 706/1457/697 711/1459/702
f 1184/1456/1152 1185/1458/1153 1186/1460/1154
f 1184/1456/1152 1186/1460/1154 1183/1455/1151
f 1183/1455/1151 1186/1460/1154 1187/1461/1155
f 1183/1455/1151 1187/1461/1155 1180/1449/1148
f 1187/1461/1155 1186/1460/1154 1188/1462/1156
f 1187/1461/1155 1188/1462/1156 1189/1463/1157
f 1187/1461/1155 1189/1463/1157 1190/1464/1158
f 1180/1449/1148 1187/1461/1155 1191/1465/1159
f 1191/1465/1159 1187/1461/1155 1190/1464/1158
f 1180/1449/1148 1191/1465/1159 1178/1447/1146
f 1178/1447/1146 1191/1465/1159 1179/1448/1147
f 1179/1448/1147 1191/1465/1159 1190/1464/1158
f 1190/1464/1158 1189/1463/1157 1192/1466/1160
f 1179/1448/1147 1190/1464/1158 1193/1467/1161
f 1179/1448/1147 1193/1467/1161 1169/1430/1137
f 1190/1464/1158 1192/1466/1160 1194/1468/1162
f 1190/1464/1158 1194/1468/1162 1193/1467/1161
f 1194/1468/1162 1192/1466/1160 1195/1469/1163
f 1169/1430/1137 1193/1467/1161 1196/1470/1164
f 1169/1430/1137 1196/1470/1164 1166/1426/1134
f 1166/1426/1134 1196/1470/1164 1170/1431/1138
f 1196/1470/1164 1193/1467/1161 1197/1471/1165
f 1196/1470/1164 1197/1471/1165 1170/1431/1138
f 1197/1471/1165 1193/1467/1161 1194/1468/1162
f 1197/1471/1165 1194/1468/1162 1198/1472/1166
f 1198/1472/1166 1194/1468/1162 1199/1473/1167
f 1197/1471/1165 1198/1472/1166 1200/1474/1168
f 1197/1471/1165 1200/1474/1168 1170/1431/1138
f 1200/1474/1168 1198/1472/1166 1201/1475/1169
f 1200/1474/1168 1201/1475/1169 1202/1476/1170
f 1170/1431/1138 1200/1474/1168 1203/1477/1171
f 1203/1477/1171 1200/1474/1168 1202/1476/1170
f 1170/1431/1138 1203/1477/1171 1168/1429/1136
f 1203/1477/1171 1202/1476/1170 1204/1478/1172
f 1204/1478/1172 1202/1476/1170 1205/1479/1173
f 1204/1478/1172 1205/1479/1173 1206/1480/1174
f 1168/1429/1136 1203/1477/1171 1207/1481/1175
f 1207/1481/1175 1203/1477/1171 1204/1478/1172
f 1168/1429/1136 1207/1481/1175 1148/1427/1121
f 1204/1478/1172 1206/1480/1174 1208/1482/1176
f 1204/1478/1172 1208/1482/1176 1207/1481/1175
f 1208/1482/1176 1206/1480/1174 1209/1483/1177
f 1148/1427/1121 1207/1481/1175 1210/1484/1178
f 1210/1484/1178 1207/1481/1175 1208/1482/1176
f 1210/1484/1178 1208/1482/1176 1209/1483/1177
f 1148/1427/1121 1210/1484/1178 1150/1485/1122
f 1210/1484/1178 1209/1483/1177 1153/1486/1124
f 1210/1484/1178 1153/1486/1124 1150/1485/1122
f 928/1487/917 646/1488/637 1211/1489/1179
f 928/1487/917 1211/1489/1179 932/1490/637
f 646/1488/637 928/1487/917 96/1491/94
f 96/1491/94 928/1487/917 98/1492/96
f 644/1493/635 643/1494/634 646/1488/637
f 646/1488/637 643/1494/634 1142/1495/635
f 646/1488/637 1142/1495/635 1160/1496/96
f 646/1488/637 1160/1496/96 1211/1489/1179
f 1160/1496/96 1142/1495/635 1156/1497/632
f 1211/1489/1179 1160/1496/96 1158/1498/1127
f 1211/1489/1179 1158/1498/1127 1081/1499/96
f 973/1500/960 1212/1501/1180 975/1502/962
f 1212/1501/1180 973/1500/960 931/1503/920
f 682/1504/673 683/1505/674 975/1502/962
f 682/1504/673 975/1502/962 681/1506/672
f 681/1506/672 975/1502/962 1212/1501/1180
f 681/1506/672 1212/1501/1180 680/1507/671
f 1212/1501/1180 931/1503/920 932/1508/637
f 1212/1501/1180 932/1508/637 680/1507/671
f 680/1507/671 932/1508/637 966/1509/953
f 680/1507/671 966/1509/953 677/1510/668
f 677/1510/668 966/1509/953 679/1511/670
f 966/1509/953 932/1508/637 964/1512/951
f 964/1512/951 932/1508/637 1211/1513/1179
f 964/1512/951 1211/1513/1179 1081/1514/96
f 1186/1515/1154 1185/1516/1153 1213/1517/1181
f 1186/1515/1154 1213/1517/1181 1188/1518/1156
f 1213/1517/1181 1185/1516/1153 1214/1519/1182
f 1188/1518/1156 1213/1517/1181 1215/1520/1183
f 1215/1520/1183 1213/1517/1181 1214/1519/1182
f 1214/1519/1182 1185/1516/1153 1216/1521/1184
f 1216/1521/1184 1185/1516/1153 711/1522/702
f 1216/1521/1184 711/1522/702 770/1523/760
f 771/1524/761 1217/1525/1185 770/1523/760
f 770/1523/760 1217/1525/1185 1218/1526/1186
f 770/1523/760 1218/1526/1186 1216/1521/1184
f 1216/1521/1184 1218/1526/1186 1219/1527/1187
f 1216/1521/1184 1219/1527/1187 1214/1519/1182
f 1219/1527/1187 1218/1526/1186 1220/1528/1188
f 1214/1519/1182 1219/1527/1187 1221/1529/1189
f 1214/1519/1182 1221/1529/1189 1215/1520/1183
f 1221/1529/1189 1219/1527/1187 1222/1530/1190
f 1221/1529/1189 1222/1530/1190 1223/1531/1191
f 1221/1529/1189 1223/1531/1191 1224/1532/1192
f 1221/1529/1189 1224/1532/1192 1215/1520/1183
f 1224/1532/1192 1223/1531/1191 1225/1533/1193
f 1224/1532/1192 1225/1533/1193 1226/1534/1194
f 1215/1520/1183 1224/1532/1192 1227/1535/1195
f 1215/1520/1183 1227/1535/1195 1188/1518/1156
f 1224/1532/1192 1226/1534/1194 1228/1536/1196
f 1224/1532/1192 1228/1536/1196 1227/1535/1195
f 1188/1518/1156 1227/1535/1195 1229/1537/1197
f 1229/1537/1197 1227/1535/1195 1228/1536/1196
f 1188/1518/1156 1229/1537/1197 1189/1538/1157
f 1189/1538/1157 1229/1537/1197 1230/1539/1198
f 1230/1539/1198 1229/1537/1197 1228/1536/1196
f 1189/1538/1157 1230/1539/1198 1192/1540/1160
f 1231/1541/1199 1228/1536/1196 1226/1534/1194
f 1228/1536/1196 1231/1541/1199 1230/1539/1198
f 1231/1541/1199 1226/1534/1194 1232/1542/1200
f 1192/1540/1160 1230/1539/1198 1233/1543/1201
f 1231/1541/1199 1232/1542/1200 1234/1544/1202
f 1234/1544/1202 1232/1542/1200 1235/1545/1203
f 1230/1539/1198 1231/1541/1199 1236/1546/1204
f 1236/1546/1204 1231/1541/1199 1234/1544/1202
f 1230/1539/1198 1236/1546/1204 1233/1543/1201
f 1192/1540/1160 1233/1543/1201 1195/1547/1163
f 1236/1546/1204 1234/1544/1202 1237/1548/1205
f 1237/1548/1205 1234/1544/1202 1235/1545/1203
f 1233/1543/1201 1236/1546/1204 1238/1549/1206
f 1238/1549/1206 1236/1546/1204 1237/1548/1205
f 1195/1547/1163 1233/1543/1201 1199/1550/1167
f 1195/1547/1163 1199/1550/1167 1194/1551/1162
f 1199/1550/1167 1233/1543/1201 1239/1552/1207
f 1239/1552/1207 1233/1543/1201 1238/1549/1206
f 1237/1548/1205 1235/1545/1203 1240/1553/1208
f 1240/1553/1208 1235/1545/1203 1241/1554/1209
f 1238/1549/1206 1237/1548/1205 1242/1555/1210
f 1242/1555/1210 1237/1548/1205 1240/1553/1208
f 1240/1553/1208 1241/1554/1209 1243/1556/1211
f 1240/1553/1208 1243/1556/1211 1242/1555/1210
f 1243/1556/1211 1241/1554/1209 1244/1557/1212
f 1243/1556/1211 1244/1557/1212 1245/1558/1213
f 1245/1558/1213 1244/1557/1212 1246/1559/1214
f 1245/1558/1213 1246/1559/1214 1247/1560/1215
f 1243/1556/1211 1245/1558/1213 1248/1561/1216
f 1243/1556/1211 1248/1561/1216 1242/1555/1210
f 1248/1561/1216 1245/1558/1213 1247/1560/1215
f 1242/1555/1210 1248/1561/1216 1249/1562/1217
f 1248/1561/1216 1247/1560/1215 1250/1563/1218
f 1248/1561/1216 1250/1563/1218 1249/1562/1217
f 1250/1563/1218 1247/1560/1215 1251/1564/1219
f 1251/1564/1219 1247/1560/1215 1252/1565/1220
f 1250/1563/1218 1251/1564/1219 1253/1566/1221
f 1253/1566/1221 1251/1564/1219 1254/1567/1222
f 1250/1563/1218 1253/1566/1221 1255/1568/1223
f 1250/1563/1218 1255/1568/1223 1249/1562/1217
f 1256/1569/1224 1242/1555/1210 1249/1562/1217
f 1242/1555/1210 1256/1569/1224 1238/1549/1206
f 1238/1549/1206 1256/1569/1224 1257/1570/1225
f 1238/1549/1206 1257/1570/1225 1239/1552/1207
f 1256/1569/1224 1249/1562/1217 1258/1571/1226
f 1256/1569/1224 1258/1571/1226 1257/1570/1225
f 1249/1562/1217 1255/1568/1223 1259/1572/1227
f 1249/1562/1217 1259/1572/1227 1258/1571/1226
f 1259/1572/1227 1255/1568/1223 1260/1573/1228
f 1260/1573/1228 1255/1568/1223 1253/1566/1221
f 1239/1552/1207 1257/1570/1225 1261/1574/1229
f 1261/1574/1229 1257/1570/1225 1258/1571/1226
f 1239/1552/1207 1261/1574/1229 1262/1575/1230
f 1262/1575/1230 1261/1574/1229 1258/1571/1226
f 1259/1572/1227 1260/1573/1228 1263/1576/1231
f 1259/1572/1227 1263/1576/1231 1258/1571/1226
f 1260/1573/1228 1253/1566/1221 1264/1577/1232
f 1264/1577/1232 1253/1566/1221 1265/1578/1233
f 1263/1576/1231 1260/1573/1228 1266/1579/1234
f 1266/1579/1234 1260/1573/1228 1264/1577/1232
f 1258/1571/1226 1263/1576/1231 1267/1580/1235
f 1258/1571/1226 1267/1580/1235 1262/1575/1230
f 1263/1576/1231 1266/1579/1234 1268/1581/1236
f 1263/1576/1231 1268/1581/1236 1267/1580/1235
f 1264/1577/1232 1265/1578/1233 1269/1582/1237
f 1269/1582/1237 1265/1578/1233 1270/1583/1238
f 1266/1579/1234 1264/1577/1232 1271/1584/1239
f 1271/1584/1239 1264/1577/1232 1269/1582/1237
f 1269/1582/1237 1270/1583/1238 1272/1585/1240
f 1272/1585/1240 1270/1583/1238 1273/1586/1241
f 1271/1584/1239 1269/1582/1237 1274/1587/1242
f 1274/1587/1242 1269/1582/1237 1272/1585/1240
f 1272/1585/1240 1273/1586/1241 1275/1588/1243
f 1272/1585/1240 1275/1588/1243 1276/1589/1244
f 1276/1589/1244 1275/1588/1243 1277/1590/1245
f 1274/1587/1242 1272/1585/1240 1278/1591/1246
f 1278/1591/1246 1272/1585/1240 1276/1589/1244
f 1276/1589/1244 1277/1590/1245 1279/1592/1247
f 1276/1589/1244 1279/1592/1247 1278/1591/1246
f 1279/1592/1247 1277/1590/1245 1280/1593/1248
f 1278/1591/1246 1279/1592/1247 1281/1594/1249
f 1280/1593/1248 1277/1590/1245 1282/1595/1250
f 1280/1593/1248 1282/1595/1250 861/1596/850
f 861/1596/850 1282/1595/1250 859/1597/848
f 1278/1591/1246 1281/1594/1249 1283/1598/1251
f 1278/1591/1246 1283/1598/1251 1274/1587/1242
f 1274/1587/1242 1283/1598/1251 1284/1599/1252
f 1274/1587/1242 1284/1599/1252 1271/1584/1239
f 1284/1599/1252 1283/1598/1251 1285/1600/1253
f 1271/1584/1239 1284/1599/1252 1286/1601/1254
f 1286/1601/1254 1284/1599/1252 1285/1600/1253
f 1271/1584/1239 1286/1601/1254 1266/1579/1234
f 1266/1579/1234 1286/1601/1254 1268/1581/1236
f 1286/1601/1254 1285/1600/1253 1287/1602/1255
f 1286/1601/1254 1287/1602/1255 1268/1581/1236
f 1287/1602/1255 1285/1600/1253 1288/1603/1256
f 1268/1581/1236 1287/1602/1255 1289/1604/1257
f 1289/1604/1257 1287/1602/1255 1290/1605/1258
f 1289/1604/1257 1290/1605/1258 1291/1606/1259
f 1268/1581/1236 1289/1604/1257 1292/1607/1260
f 1292/1607/1260 1289/1604/1257 1291/1606/1259
f 1268/1581/1236 1292/1607/1260 1267/1580/1235
f 1267/1580/1235 1292/1607/1260 1293/1608/1261
f 1293/1608/1261 1292/1607/1260 1291/1606/1259
f 1267/1580/1235 1293/1608/1261 1262/1575/1230
f 1293/1608/1261 1291/1606/1259 1294/1609/1262
f 1294/1609/1262 1291/1606/1259 1295/1610/1263
f 1262/1575/1230 1293/1608/1261 1296/1611/1264
f 1262/1575/1230 1296/1611/1264 1239/1552/1207
f 1293/1608/1261 1294/1609/1262 1297/1612/1265
f 1293/1608/1261 1297/1612/1265 1296/1611/1264
f 1294/1609/1262 1295/1610/1263 1298/1613/1266
f 1298/1613/1266 1295/1610/1263 1299/1614/1267
f 1298/1613/1266 1299/1614/1267 1206/1615/1174
f 1298/1613/1266 1206/1615/1174 1205/1616/1173
f 1294/1609/1262 1298/1613/1266 1300/1617/1268
f 1300/1617/1268 1298/1613/1266 1205/1616/1173
f 1294/1609/1262 1300/1617/1268 1297/1612/1265
f 1300/1617/1268 1205/1616/1173 1202/1618/1170
f 1300/1617/1268 1202/1618/1170 1201/1619/1169
f 1300/1617/1268 1201/1619/1169 1297/1612/1265
f 1297/1612/1265 1201/1619/1169 1296/1611/1264
f 1296/1611/1264 1201/1619/1169 1301/1620/1269
f 1296/1611/1264 1301/1620/1269 1239/1552/1207
f 1301/1620/1269 1201/1619/1169 1198/1621/1166
f 1239/1552/1207 1301/1620/1269 1199/1550/1167
f 1199/1550/1167 1301/1620/1269 1198/1621/1166
f 772/1622/762 1302/1623/1270 771/1624/761
f 1302/1623/1270 772/1622/762 773/1625/763
f 771/1624/761 1302/1623/1270 1303/1626/1271
f 1302/1623/1270 773/1625/763 1304/1627/1272
f 1302/1623/1270 1304/1627/1272 1303/1626/1271
f 1304/1627/1272 773/1625/763 775/1628/765
f 771/1624/761 1303/1626/1271 1217/1629/1185
f 1304/1627/1272 775/1628/765 1305/1630/1273
f 1305/1630/1273 775/1628/765 776/1631/766
f 1303/1626/1271 1304/1627/1272 1306/1632/1274
f 1306/1632/1274 1304/1627/1272 1305/1630/1273
f 1217/1629/1185 1303/1626/1271 1220/1633/1188
f 1217/1629/1185 1220/1633/1188 1218/1634/1186
f 1220/1633/1188 1303/1626/1271 1307/1635/1275
f 1307/1635/1275 1303/1626/1271 1306/1632/1274
f 1222/1636/1190 1219/1637/1187 1220/1633/1188
f 1222/1636/1190 1220/1633/1188 1308/1638/1276
f 1308/1638/1276 1220/1633/1188 1307/1635/1275
f 1222/1636/1190 1308/1638/1276 1223/1639/1191
f 1223/1639/1191 1308/1638/1276 1309/1640/1277
f 1309/1640/1277 1308/1638/1276 1310/1641/1278
f 1310/1641/1278 1308/1638/1276 1311/1642/1279
f 1311/1642/1279 1308/1638/1276 1307/1635/1275
f 1310/1641/1278 1311/1642/1279 1312/1643/1280
f 1312/1643/1280 1311/1642/1279 1313/1644/1281
f 1311/1642/1279 1307/1635/1275 1314/1645/1282
f 1314/1645/1282 1307/1635/1275 1306/1632/1274
f 1313/1644/1281 1311/1642/1279 1315/1646/1283
f 1315/1646/1283 1311/1642/1279 1314/1645/1282
f 1314/1645/1282 1306/1632/1274 1316/1647/1284
f 1314/1645/1282 1316/1647/1284 1315/1646/1283
f 1316/1647/1284 1306/1632/1274 1317/1648/1285
f 1317/1648/1285 1306/1632/1274 1305/1630/1273
f 1315/1646/1283 1316/1647/1284 1318/1649/1286
f 1313/1644/1281 1315/1646/1283 1319/1650/1287
f 1319/1650/1287 1315/1646/1283 1318/1649/1286
f 1313/1644/1281 1319/1650/1287 1320/1651/1288
f 1317/1648/1285 1305/1630/1273 1321/1652/1289
f 1321/1652/1289 1305/1630/1273 776/1631/766
f 1316/1647/1284 1317/1648/1285 1322/1653/1290
f 1316/1647/1284 1322/1653/1290 1318/1649/1286
f 1317/1648/1285 1321/1652/1289 1323/1654/1291
f 1317/1648/1285 1323/1654/1291 1322/1653/1290
f 1321/1652/1289 776/1631/766 1324/1655/1292
f 1324/1655/1292 776/1631/766 782/1656/772
f 1321/1652/1289 1324/1655/1292 1325/1657/1293
f 1321/1652/1289 1325/1657/1293 1323/1654/1291
f 1324/1655/1292 782/1656/772 1326/1658/1294
f 1324/1655/1292 1326/1658/1294 1325/1657/1293
f 1326/1658/1294 782/1656/772 896/1659/885
f 1327/1660/1295 1322/1653/1290 1323/1654/1291
f 1322/1653/1290 1327/1660/1295 1318/1649/1286
f 1323/1654/1291 1325/1657/1293 1328/1661/1296
f 1326/1658/1294 896/1659/885 1329/1662/1297
f 1329/1662/1297 896/1659/885 894/1663/883
f 1325/1657/1293 1326/1658/1294 1330/1664/1298
f 1325/1657/1293 1330/1664/1298 1328/1661/1296
f 1326/1658/1294 1329/1662/1297 1331/1665/1299
f 1326/1658/1294 1331/1665/1299 1330/1664/1298
f 1329/1662/1297 894/1663/883 1332/1666/1300
f 1332/1666/1300 894/1663/883 891/1667/880
f 1332/1666/1300 891/1667/880 1333/1668/1301
f 1329/1662/1297 1332/1666/1300 1334/1669/1302
f 1334/1669/1302 1332/1666/1300 1333/1668/1301
f 1329/1662/1297 1334/1669/1302 1331/1665/1299
f 1334/1669/1302 1333/1668/1301 1335/1670/1303
f 1334/1669/1302 1335/1670/1303 1336/1671/1304
f 1337/1672/1305 1330/1664/1298 1331/1665/1299
f 1330/1664/1298 1337/1672/1305 1328/1661/1296
f 1331/1665/1299 1334/1669/1302 1338/1673/1306
f 1331/1665/1299 1338/1673/1306 1337/1672/1305
f 1334/1669/1302 1336/1671/1304 1339/1674/1307
f 1334/1669/1302 1339/1674/1307 1338/1673/1306
f 1337/1672/1305 1338/1673/1306 1340/1675/1308
f 1337/1672/1305 1340/1675/1308 1328/1661/1296
f 1338/1673/1306 1339/1674/1307 1341/1676/1309
f 1338/1673/1306 1341/1676/1309 1340/1675/1308
f 1339/1674/1307 1336/1671/1304 1342/1677/1310
f 1339/1674/1307 1342/1677/1310 1341/1676/1309
f 1342/1677/1310 1336/1671/1304 1343/1678/1311
f 1342/1677/1310 1343/1678/1311 1344/1679/1312
f 1342/1677/1310 1344/1679/1312 1341/1676/1309
f 1344/1679/1312 1343/1678/1311 1345/1680/1313
f 1344/1679/1312 1345/1680/1313 1346/1681/1314
f 1341/1676/1309 1344/1679/1312 1347/1682/1315
f 1341/1676/1309 1347/1682/1315 1340/1675/1308
f 1344/1679/1312 1346/1681/1314 1348/1683/1316
f 1344/1679/1312 1348/1683/1316 1347/1682/1315
f 1348/1683/1316 1346/1681/1314 1349/1684/1317
f 1348/1683/1316 1349/1684/1317 1350/1685/1318
f 1348/1683/1316 1350/1685/1318 1347/1682/1315
f 1350/1685/1318 1349/1684/1317 1351/1686/1319
f 1350/1685/1318 1351/1686/1319 1352/1687/1320
f 1347/1682/1315 1350/1685/1318 1353/1688/1321
f 1353/1688/1321 1350/1685/1318 1352/1687/1320
f 1354/1689/1322 1340/1675/1308 1347/1682/1315
f 1354/1689/1322 1347/1682/1315 1353/1688/1321
f 1340/1675/1308 1354/1689/1322 1355/1690/1323
f 1340/1675/1308 1355/1690/1323 1328/1661/1296
f 1328/1661/1296 1355/1690/1323 1323/1654/1291
f 1323/1654/1291 1355/1690/1323 1327/1660/1295
f 1355/1690/1323 1354/1689/1322 1356/1691/1324
f 1355/1690/1323 1356/1691/1324 1327/1660/1295
f 1356/1691/1324 1354/1689/1322 1353/1688/1321
f 1327/1660/1295 1356/1691/1324 1357/1692/1325
f 1327/1660/1295 1357/1692/1325 1318/1649/1286
f 1356/1691/1324 1353/1688/1321 1358/1693/1326
f 1356/1691/1324 1358/1693/1326 1357/1692/1325
f 1359/1694/1327 1353/1688/1321 1352/1687/1320
f 1353/1688/1321 1359/1694/1327 1358/1693/1326
f 1359/1694/1327 1352/1687/1320 1360/1695/1328
f 1359/1694/1327 1360/1695/1328 1361/1696/1329
f 1359/1694/1327 1361/1696/1329 1358/1693/1326
f 1362/1697/1330 1318/1649/1286 1357/1692/1325
f 1362/1697/1330 1357/1692/1325 1358/1693/1326
f 1318/1649/1286 1362/1697/1330 1319/1650/1287
f 1358/1693/1326 1361/1696/1329 1363/1698/1331
f 1358/1693/1326 1363/1698/1331 1362/1697/1330
f 1362/1697/1330 1363/1698/1331 1319/1650/1287
f 1363/1698/1331 1361/1696/1329 1364/1699/1332
f 1319/1650/1287 1363/1698/1331 1320/1651/1288
f 1363/1698/1331 1364/1699/1332 1365/1700/1333
f 1320/1651/1288 1363/1698/1331 1366/1701/1334
f 1366/1701/1334 1363/1698/1331 1365/1700/1333
f 1367/1702/1335 891/1703/880 887/1704/876
f 891/1703/880 1367/1702/1335 1333/1705/1301
f 1333/1705/1301 1367/1702/1335 1335/1706/1303
f 1367/1702/1335 887/1704/876 886/1707/875
f 1335/1706/1303 1367/1702/1335 1368/1708/1336
f 1368/1708/1336 1367/1702/1335 886/1707/875
f 1335/1706/1303 1368/1708/1336 1336/1709/1304
f 1336/1709/1304 1368/1708/1336 1369/1710/1337
f 1336/1709/1304 1369/1710/1337 1343/1711/1311
f 1343/1711/1311 1369/1710/1337 1370/1712/1338
f 1343/1711/1311 1370/1712/1338 1345/1713/1313
f 1369/1710/1337 1368/1708/1336 1371/1714/1339
f 1370/1712/1338 1369/1710/1337 1372/1715/1340
f 1372/1715/1340 1369/1710/1337 1371/1714/1339
f 1345/1713/1313 1370/1712/1338 1373/1716/1341
f 1373/1716/1341 1370/1712/1338 1372/1715/1340
f 1372/1715/1340 1371/1714/1339 1374/1717/1342
f 1372/1715/1340 1374/1717/1342 1373/1716/1341
f 1371/1714/1339 1368/1708/1336 1375/1718/1343
f 1375/1718/1343 1368/1708/1336 886/1707/875
f 1371/1714/1339 1375/1718/1343 1374/1717/1342
f 882/1719/871 886/1707/875 885/1720/874
f 1376/1721/1344 1345/1713/1313 1373/1716/1341
f 1345/1713/1313 1376/1721/1344 1346/1722/1314
f 886/1707/875 882/1719/871 1377/1723/1345
f 886/1707/875 1377/1723/1345 1375/1718/1343
f 1346/1722/1314 1376/1721/1344 1378/1724/1346
f 1346/1722/1314 1378/1724/1346 1349/1725/1317
f 1349/1725/1317 1378/1724/1346 1379/1726/1347
f 1379/1726/1347 1378/1724/1346 1380/1727/1348
f 1375/1718/1343 1377/1723/1345 1381/1728/1349
f 1375/1718/1343 1381/1728/1349 1374/1717/1342
f 1382/1729/1350 1377/1723/1345 882/1719/871
f 1382/1729/1350 882/1719/871 881/1730/870
f 1381/1728/1349 1377/1723/1345 1383/1731/1351
f 1383/1731/1351 1377/1723/1345 1382/1729/1350
f 1374/1717/1342 1381/1728/1349 1384/1732/1352
f 1384/1732/1352 1381/1728/1349 1383/1731/1351
f 1374/1717/1342 1384/1732/1352 1385/1733/1353
f 1374/1717/1342 1385/1733/1353 1373/1716/1341
f 1384/1732/1352 1383/1731/1351 1386/1734/1354
f 1386/1734/1354 1383/1731/1351 1382/1729/1350
f 1385/1733/1353 1384/1732/1352 1387/1735/1355
f 1387/1735/1355 1384/1732/1352 1386/1734/1354
f 1373/1716/1341 1385/1733/1353 1388/1736/1356
f 1373/1716/1341 1388/1736/1356 1376/1721/1344
f 1388/1736/1356 1385/1733/1353 1389/1737/1357
f 1389/1737/1357 1385/1733/1353 1387/1735/1355
f 1376/1721/1344 1388/1736/1356 1390/1738/1358
f 1376/1721/1344 1390/1738/1358 1378/1724/1346
f 1388/1736/1356 1389/1737/1357 1391/1739/1359
f 1388/1736/1356 1391/1739/1359 1390/1738/1358
f 1389/1737/1357 1387/1735/1355 1392/1740/1360
f 1389/1737/1357 1392/1740/1360 1391/1739/1359
f 1378/1724/1346 1390/1738/1358 1393/1741/1361
f 1378/1724/1346 1393/1741/1361 1380/1727/1348
f 1390/1738/1358 1391/1739/1359 1394/1742/1362
f 1390/1738/1358 1394/1742/1362 1393/1741/1361
f 1391/1739/1359 1392/1740/1360 1395/1743/1363
f 1391/1739/1359 1395/1743/1363 1394/1742/1362
f 1380/1727/1348 1393/1741/1361 1396/1744/1364
f 1380/1727/1348 1396/1744/1364 1397/1745/1365
f 1393/1741/1361 1394/1742/1362 1398/1746/1366
f 1393/1741/1361 1398/1746/1366 1396/1744/1364
f 1398/1746/1366 1394/1742/1362 1399/1747/1367
f 1399/1747/1367 1394/1742/1362 1395/1743/1363
f 1396/1744/1364 1398/1746/1366 1400/1748/1368
f 1400/1748/1368 1398/1746/1366 1399/1747/1367
f 1397/1745/1365 1396/1744/1364 1401/1749/1369
f 1401/1749/1369 1396/1744/1364 1400/1748/1368
f 1397/1745/1365 1401/1749/1369 1402/1750/1370
f 1397/1745/1365 1402/1750/1370 1403/1751/1371
f 1401/1749/1369 1400/1748/1368 1404/1752/1372
f 1404/1752/1372 1400/1748/1368 1399/1747/1367
f 1402/1750/1370 1401/1749/1369 1405/1753/1373
f 1403/1751/1371 1402/1750/1370 1406/1754/1374
f 1406/1754/1374 1402/1750/1370 1405/1753/1373
f 1403/1751/1371 1406/1754/1374 1407/1755/1375
f 1407/1755/1375 1406/1754/1374 1408/1756/1376
f 1401/1749/1369 1404/1752/1372 1409/1757/1377
f 1401/1749/1369 1409/1757/1377 1405/1753/1373
f 1408/1756/1376 1406/1754/1374 1410/1758/1378
f 1410/1758/1378 1406/1754/1374 1405/1753/1373
f 1408/1756/1376 1410/1758/1378 1411/1759/1379
f 1408/1756/1376 1411/1759/1379 1412/1760/1380
f 1412/1760/1380 1411/1759/1379 1413/1761/1381
f 1413/1761/1381 1411/1759/1379 1414/1762/1382
f 1405/1753/1373 1409/1757/1377 1415/1763/1383
f 1410/1758/1378 1405/1753/1373 1416/1764/1384
f 1416/1764/1384 1405/1753/1373 1415/1763/1383
f 1415/1763/1383 1409/1757/1377 1417/1765/1385
f 1415/1763/1383 1417/1765/1385 1416/1764/1384
f 1414/1762/1382 1411/1759/1379 1418/1766/1386
f 1414/1762/1382 1418/1766/1386 1419/1767/1387
f 1419/1767/1387 1418/1766/1386 1420/1768/1262
f 1421/1769/1388 1411/1759/1379 1410/1758/1378
f 1421/1769/1388 1410/1758/1378 1416/1764/1384
f 1411/1759/1379 1421/1769/1388 1418/1766/1386
f 1418/1766/1386 1421/1769/1388 1422/1770/1389
f 1418/1766/1386 1422/1770/1389 1423/1771/1390
f 1421/1769/1388 1416/1764/1384 1424/1772/1391
f 1421/1769/1388 1424/1772/1391 1422/1770/1389
f 1424/1772/1391 1416/1764/1384 1425/1773/1392
f 1425/1773/1392 1416/1764/1384 1417/1765/1385
f 1422/1770/1389 1424/1772/1391 1426/1774/1393
f 1423/1771/1390 1422/1770/1389 1427/1775/1394
f 1427/1775/1394 1422/1770/1389 1426/1774/1393
f 1423/1771/1390 1427/1775/1394 1428/1776/1395
f 1428/1776/1395 1427/1775/1394 1429/1777/1396
f 1428/1776/1395 1429/1777/1396 1430/1778/1397
f 1428/1776/1395 1430/1778/1397 1431/1779/1398
f 1431/1779/1398 1430/1778/1397 1432/1780/1399
f 1430/1778/1397 1429/1777/1396 1433/1781/1400
f 1433/1781/1400 1429/1777/1396 1434/1782/1401
f 1429/1777/1396 1427/1775/1394 1435/1783/1402
f 1435/1783/1402 1427/1775/1394 1426/1774/1393
f 1434/1782/1401 1429/1777/1396 1436/1784/1403
f 1436/1784/1403 1429/1777/1396 1435/1783/1402
f 1434/1782/1401 1436/1784/1403 1437/1785/1404
f 1436/1784/1403 1435/1783/1402 1438/1786/1405
f 1254/1787/1222 1439/1788/1406 1436/1784/1403
f 1254/1787/1222 1436/1784/1403 1438/1786/1405
f 1254/1787/1222 1438/1786/1405 1253/1789/1221
f 1253/1789/1221 1438/1786/1405 1265/1790/1233
f 1438/1786/1405 1435/1783/1402 1440/1791/1407
f 1440/1791/1407 1435/1783/1402 1426/1774/1393
f 1265/1790/1233 1438/1786/1405 1441/1792/1408
f 1441/1792/1408 1438/1786/1405 1440/1791/1407
f 1265/1790/1233 1441/1792/1408 1442/1793/1409
f 1441/1792/1408 1440/1791/1407 1443/1794/1410
f 1441/1792/1408 1443/1794/1410 1442/1793/1409
f 1265/1790/1233 1442/1793/1409 1444/1795/1411
f 1444/1795/1411 1442/1793/1409 1443/1794/1410
f 1265/1790/1233 1444/1795/1411 1270/1796/1238
f 1270/1796/1238 1444/1795/1411 1273/1797/1241
f 1273/1797/1241 1444/1795/1411 1275/1798/1243
f 1445/1799/1412 1440/1791/1407 1426/1774/1393
f 1440/1791/1407 1445/1799/1412 1443/1794/1410
f 1275/1798/1243 1444/1795/1411 1446/1800/1413
f 1446/1800/1413 1444/1795/1411 1443/1794/1410
f 1275/1798/1243 1446/1800/1413 1447/1801/1414
f 1275/1798/1243 1447/1801/1414 1277/1802/1245
f 1446/1800/1413 1443/1794/1410 1448/1803/1415
f 1448/1803/1415 1443/1794/1410 1445/1799/1412
f 1447/1801/1414 1446/1800/1413 1449/1804/1416
f 1446/1800/1413 1448/1803/1415 1450/1805/1417
f 1446/1800/1413 1450/1805/1417 1449/1804/1416
f 1277/1802/1245 1447/1801/1414 1451/1806/1418
f 1451/1806/1418 1447/1801/1414 1449/1804/1416
f 1277/1802/1245 1451/1806/1418 1282/1807/1250
f 1451/1806/1418 1449/1804/1416 1452/1808/1419
f 1452/1808/1419 1449/1804/1416 1450/1805/1417
f 1282/1807/1250 1451/1806/1418 1453/1809/1420
f 1453/1809/1420 1451/1806/1418 1452/1808/1419
f 1282/1807/1250 1453/1809/1420 1454/1810/1421
f 1282/1807/1250 1454/1810/1421 859/1811/848
f 1453/1809/1420 1452/1808/1419 1455/1812/1422
f 1454/1810/1421 1453/1809/1420 1456/1813/1423
f 1456/1813/1423 1453/1809/1420 1455/1812/1422
f 859/1811/848 1454/1810/1421 863/1814/852
f 859/1811/848 863/1814/852 857/1815/846
f 863/1814/852 1454/1810/1421 1456/1813/1423
f 863/1814/852 1456/1813/1423 864/1816/853
f 863/1814/852 864/1816/853 862/1817/851
f 864/1816/853 1456/1813/1423 865/1818/854
f 865/1818/854 1456/1813/1423 1457/1819/1424
f 1457/1819/1424 1456/1813/1423 1455/1812/1422
f 865/1818/854 1457/1819/1424 1458/1820/1425
f 1459/1821/1426 1455/1812/1422 1452/1808/1419
f 1459/1821/1426 1452/1808/1419 1450/1805/1417
f 865/1818/854 1458/1820/1425 868/1822/857
f 865/1818/854 868/1822/857 866/1823/855
f 1458/1820/1425 1457/1819/1424 1460/1824/1427
f 868/1822/857 1458/1820/1425 1461/1825/1428
f 1461/1825/1428 1458/1820/1425 1460/1824/1427
f 868/1822/857 1461/1825/1428 873/1826/862
f 868/1822/857 873/1826/862 869/1827/858
f 873/1826/862 1461/1825/1428 1462/1828/1429
f 873/1826/862 1462/1828/1429 874/1829/863
f 1461/1825/1428 1460/1824/1427 1463/1830/1430
f 1461/1825/1428 1463/1830/1430 1462/1828/1429
f 1464/1831/1431 1460/1824/1427 1457/1819/1424
f 1464/1831/1431 1457/1819/1424 1455/1812/1422
f 1463/1830/1430 1460/1824/1427 1465/1832/1432
f 1465/1832/1432 1460/1824/1427 1464/1831/1431
f 1462/1828/1429 1463/1830/1430 1466/1833/1433
f 1463/1830/1430 1465/1832/1432 1467/1834/1434
f 1463/1830/1430 1467/1834/1434 1466/1833/1433
f 1465/1832/1432 1464/1831/1431 1468/1835/1435
f 1465/1832/1432 1468/1835/1435 1467/1834/1434
f 1464/1831/1431 1455/1812/1422 1469/1836/1436
f 1464/1831/1431 1469/1836/1436 1468/1835/1435
f 1469/1836/1436 1455/1812/1422 1459/1821/1426
f 1467/1834/1434 1468/1835/1435 1392/1740/1360
f 1467/1834/1434 1392/1740/1360 1387/1735/1355
f 1467/1834/1434 1387/1735/1355 1466/1833/1433
f 1392/1740/1360 1468/1835/1435 1395/1743/1363
f 1466/1833/1433 1387/1735/1355 1386/1734/1354
f 1466/1833/1433 1386/1734/1354 1470/1837/1437
f 1466/1833/1433 1470/1837/1437 1462/1828/1429
f 1470/1837/1437 1386/1734/1354 1382/1729/1350
f 1462/1828/1429 1470/1837/1437 874/1829/863
f 1470/1837/1437 1382/1729/1350 881/1730/870
f 1470/1837/1437 881/1730/870 874/1829/863
f 874/1829/863 881/1730/870 878/1838/867
f 1471/1839/1438 1395/1743/1363 1468/1835/1435
f 1471/1839/1438 1468/1835/1435 1469/1836/1436
f 1395/1743/1363 1471/1839/1438 1472/1840/1439
f 1471/1839/1438 1469/1836/1436 1473/1841/1440
f 1473/1841/1440 1469/1836/1436 1459/1821/1426
f 1473/1841/1440 1459/1821/1426 1450/1805/1417
f 1471/1839/1438 1473/1841/1440 1474/1842/1441
f 1471/1839/1438 1474/1842/1441 1472/1840/1439
f 1473/1841/1440 1450/1805/1417 1475/1843/1442
f 1473/1841/1440 1475/1843/1442 1474/1842/1441
f 1475/1843/1442 1450/1805/1417 1448/1803/1415
f 1475/1843/1442 1448/1803/1415 1445/1799/1412
f 1474/1842/1441 1475/1843/1442 1476/1844/1443
f 1476/1844/1443 1475/1843/1442 1445/1799/1412
f 1474/1842/1441 1476/1844/1443 1472/1840/1439
f 1399/1747/1367 1395/1743/1363 1472/1840/1439
f 1476/1844/1443 1445/1799/1412 1477/1845/1444
f 1477/1845/1444 1445/1799/1412 1426/1774/1393
f 1477/1845/1444 1426/1774/1393 1424/1772/1391
f 1477/1845/1444 1424/1772/1391 1425/1773/1392
f 1477/1845/1444 1425/1773/1392 1476/1844/1443
f 1472/1840/1439 1476/1844/1443 1478/1846/1445
f 1478/1846/1445 1476/1844/1443 1425/1773/1392
f 1472/1840/1439 1478/1846/1445 1399/1747/1367
f 1478/1846/1445 1425/1773/1392 1479/1847/1446
f 1479/1847/1446 1425/1773/1392 1417/1765/1385
f 1478/1846/1445 1479/1847/1446 1480/1848/1447
f 1480/1848/1447 1479/1847/1446 1417/1765/1385
f 1478/1846/1445 1480/1848/1447 1399/1747/1367
f 1399/1747/1367 1480/1848/1447 1481/1849/1448
f 1399/1747/1367 1481/1849/1448 1404/1752/1372
f 1480/1848/1447 1417/1765/1385 1482/1850/1449
f 1480/1848/1447 1482/1850/1449 1481/1849/1448
f 1481/1849/1448 1482/1850/1449 1404/1752/1372
f 1482/1850/1449 1417/1765/1385 1409/1757/1377
f 1482/1850/1449 1409/1757/1377 1404/1752/1372
f 1225/1851/1193 1483/1852/1450 1226/1853/1194
f 1226/1853/1194 1483/1852/1450 1232/1854/1200
f 1483/1852/1450 1225/1851/1193 1309/1855/1277
f 1309/1855/1277 1225/1851/1193 1223/1856/1191
f 1232/1854/1200 1483/1852/1450 1484/1857/1451
f 1483/1852/1450 1309/1855/1277 1485/1858/1452
f 1483/1852/1450 1485/1858/1452 1484/1857/1451
f 1485/1858/1452 1309/1855/1277 1310/1859/1278
f 1485/1858/1452 1310/1859/1278 1312/1860/1280
f 1485/1858/1452 1312/1860/1280 1486/1861/1453
f 1232/1854/1200 1484/1857/1451 1235/1862/1203
f 1485/1858/1452 1486/1861/1453 1487/1863/1454
f 1485/1858/1452 1487/1863/1454 1484/1857/1451
f 1487/1863/1454 1486/1861/1453 1488/1864/1455
f 1235/1862/1203 1484/1857/1451 1489/1865/1456
f 1235/1862/1203 1489/1865/1456 1241/1866/1209
f 1487/1863/1454 1488/1864/1455 1490/1867/1457
f 1490/1867/1457 1488/1864/1455 1491/1868/1458
f 1490/1867/1457 1491/1868/1458 1492/1869/1459
f 1487/1863/1454 1490/1867/1457 1493/1870/1460
f 1487/1863/1454 1493/1870/1460 1484/1857/1451
f 1241/1866/1209 1489/1865/1456 1494/1871/1461
f 1241/1866/1209 1494/1871/1461 1244/1872/1212
f 1495/1873/1462 1489/1865/1456 1484/1857/1451
f 1489/1865/1456 1495/1873/1462 1494/1871/1461
f 1495/1873/1462 1484/1857/1451 1493/1870/1460
f 1244/1872/1212 1494/1871/1461 1496/1874/1463
f 1496/1874/1463 1494/1871/1461 1495/1873/1462
f 1244/1872/1212 1496/1874/1463 1246/1875/1214
f 1495/1873/1462 1493/1870/1460 1497/1876/1464
f 1495/1873/1462 1497/1876/1464 1496/1874/1463
f 1498/1877/1465 1493/1870/1460 1490/1867/1457
f 1493/1870/1460 1498/1877/1465 1497/1876/1464
f 1498/1877/1465 1490/1867/1457 1492/1869/1459
f 1497/1876/1464 1498/1877/1465 1499/1878/1466
f 1499/1878/1466 1498/1877/1465 1492/1869/1459
f 1500/1879/1467 1246/1875/1214 1496/1874/1463
f 1246/1875/1214 1500/1879/1467 1247/1880/1215
f 1247/1880/1215 1500/1879/1467 1252/1881/1220
f 1501/1882/1468 1502/1883/1469 1492/1869/1459
f 1500/1879/1467 1496/1874/1463 1503/1884/1470
f 1492/1869/1459 1502/1883/1469 1504/1885/1471
f 1504/1885/1471 1502/1883/1469 1505/1886/1472
f 1504/1885/1471 1505/1886/1472 1506/1887/1262
f 1506/1887/1262 1505/1886/1472 1507/1888/1473
f 1504/1885/1471 1506/1887/1262 1501/1889/1468
f 1492/1869/1459 1504/1885/1471 1508/1890/1474
f 1508/1890/1474 1504/1885/1471 1501/1889/1468
f 1492/1869/1459 1508/1890/1474 1499/1878/1466
f 1509/1891/1475 1503/1884/1470 1496/1874/1463
f 1509/1891/1475 1496/1874/1463 1497/1876/1464
f 1510/1892/1476 1497/1876/1464 1499/1878/1466
f 1497/1876/1464 1510/1892/1476 1509/1891/1475
f 1510/1892/1476 1499/1878/1466 1508/1890/1474
f 1503/1884/1470 1509/1891/1475 1511/1893/1477
f 1512/1894/1478 1508/1890/1474 1501/1889/1468
f 1512/1894/1478 1501/1889/1468 1492/1895/1459
f 1512/1894/1478 1492/1895/1459 1491/1896/1458
f 1512/1894/1478 1491/1896/1458 1513/1897/1479
f 1513/1897/1479 1491/1896/1458 1514/1898/1480
f 1513/1897/1479 1514/1898/1480 1515/1899/1481
f 1512/1894/1478 1513/1897/1479 1516/1900/1482
f 1512/1894/1478 1516/1900/1482 1517/1901/1483
f 1512/1894/1478 1517/1901/1483 1518/1902/1484
f 1519/1903/1485 1508/1890/1474 1512/1894/1478
f 1519/1903/1485 1512/1894/1478 1518/1902/1484
f 1508/1890/1474 1519/1903/1485 1520/1904/1486
f 1508/1890/1474 1520/1904/1486 1510/1892/1476
f 1519/1903/1485 1518/1902/1484 1521/1905/1487
f 1510/1892/1476 1520/1904/1486 1522/1906/1488
f 1510/1892/1476 1522/1906/1488 1509/1891/1475
f 1520/1904/1486 1519/1903/1485 1523/1907/1489
f 1520/1904/1486 1523/1907/1489 1522/1906/1488
f 1523/1907/1489 1519/1903/1485 1524/1908/1490
f 1524/1908/1490 1519/1903/1485 1521/1905/1487
f 1509/1891/1475 1522/1906/1488 1511/1893/1477
f 1522/1906/1488 1523/1907/1489 1525/1909/1491
f 1522/1906/1488 1525/1909/1491 1511/1893/1477
f 1525/1909/1491 1523/1907/1489 1524/1908/1490
f 1524/1908/1490 1521/1905/1487 1526/1910/1492
f 1527/1911/1493 1521/1905/1487 1518/1902/1484
f 1527/1911/1493 1518/1902/1484 1528/1912/1494
f 1526/1910/1492 1521/1905/1487 1529/1913/1495
f 1529/1913/1495 1521/1905/1487 1527/1911/1493
f 1524/1908/1490 1526/1910/1492 1530/1914/1496
f 1530/1914/1496 1526/1910/1492 1529/1913/1495
f 1524/1908/1490 1530/1914/1496 1531/1915/1497
f 1524/1908/1490 1531/1915/1497 1525/1909/1491
f 1530/1914/1496 1529/1913/1495 1532/1916/1498
f 1529/1913/1495 1527/1911/1493 1533/1917/1499
f 1529/1913/1495 1533/1917/1499 1532/1916/1498
f 1531/1915/1497 1530/1914/1496 1534/1918/1500
f 1534/1918/1500 1530/1914/1496 1532/1916/1498
f 1525/1909/1491 1531/1915/1497 1535/1919/1501
f 1531/1915/1497 1534/1918/1500 1536/1920/1502
f 1531/1915/1497 1536/1920/1502 1535/1919/1501
f 1534/1918/1500 1532/1916/1498 1537/1921/1503
f 1534/1918/1500 1537/1921/1503 1536/1920/1502
f 1538/1922/1504 1532/1916/1498 1533/1917/1499
f 1532/1916/1498 1538/1922/1504 1537/1921/1503
f 1535/1919/1501 1536/1920/1502 1413/1923/1381
f 1413/1923/1381 1536/1920/1502 1537/1921/1503
f 1413/1923/1381 1537/1921/1503 1412/1924/1380
f 1535/1919/1501 1413/1923/1381 1539/1925/1505
f 1539/1925/1505 1413/1923/1381 1432/1926/1399
f 1539/1925/1505 1432/1926/1399 1430/1927/1397
f 1539/1925/1505 1430/1927/1397 1433/1928/1400
f 1535/1919/1501 1539/1925/1505 1540/1929/1506
f 1540/1929/1506 1539/1925/1505 1433/1928/1400
f 1535/1919/1501 1540/1929/1506 1525/1909/1491
f 1541/1930/1507 1412/1924/1380 1537/1921/1503
f 1541/1930/1507 1537/1921/1503 1538/1922/1504
f 1525/1909/1491 1540/1929/1506 1542/1931/1508
f 1525/1909/1491 1542/1931/1508 1511/1893/1477
f 1540/1929/1506 1433/1928/1400 1543/1932/1509
f 1540/1929/1506 1543/1932/1509 1542/1931/1508
f 1543/1932/1509 1433/1928/1400 1434/1933/1401
f 1543/1932/1509 1434/1933/1401 1437/1934/1404
f 1542/1931/1508 1543/1932/1509 1544/1935/1510
f 1542/1931/1508 1544/1935/1510 1511/1893/1477
f 1544/1935/1510 1543/1932/1509 1437/1934/1404
f 1511/1893/1477 1544/1935/1510 1545/1936/1511
f 1511/1893/1477 1545/1936/1511 1503/1884/1470
f 1503/1884/1470 1545/1936/1511 1500/1879/1467
f 1545/1936/1511 1544/1935/1510 1546/1937/1512
f 1545/1936/1511 1546/1937/1512 1500/1879/1467
f 1546/1937/1512 1544/1935/1510 1437/1934/1404
f 1500/1879/1467 1546/1937/1512 1252/1881/1220
f 1546/1937/1512 1437/1934/1404 1439/1938/1406
f 1546/1937/1512 1439/1938/1406 1252/1881/1220
f 1439/1938/1406 1437/1934/1404 1436/1939/1403
f 1252/1881/1220 1439/1938/1406 1251/1940/1219
f 1251/1940/1219 1439/1938/1406 1254/1941/1222
f 1507/1942/1473 1505/1943/1472 1547/1944/1513
f 1547/1944/1513 1505/1943/1472 1502/1945/1469
f 1507/1942/1473 1547/1944/1513 1506/1946/1262
f 1506/1946/1262 1547/1944/1513 1502/1945/1469
f 1506/1946/1262 1502/1945/1469 1501/1947/1468
f 1312/1948/1280 1548/1949/1514 1486/1950/1453
f 1486/1950/1453 1548/1949/1514 1488/1951/1455
f 1548/1949/1514 1312/1948/1280 1549/1952/1515
f 1549/1952/1515 1312/1948/1280 1313/1953/1281
f 1549/1952/1515 1313/1953/1281 1320/1954/1288
f 1488/1951/1455 1548/1949/1514 1550/1955/1516
f 1488/1951/1455 1550/1955/1516 1491/1956/1458
f 1491/1956/1458 1550/1955/1516 1516/1957/1482
f 1491/1956/1458 1516/1957/1482 1515/1958/1481
f 1515/1958/1481 1516/1957/1482 1513/1959/1479
f 1516/1957/1482 1550/1955/1516 1551/1960/1517
f 1550/1955/1516 1548/1949/1514 1552/1961/1518
f 1550/1955/1516 1552/1961/1518 1551/1960/1517
f 1552/1961/1518 1548/1949/1514 1549/1952/1515
f 1553/1962/1519 1549/1952/1515 1320/1954/1288
f 1549/1952/1515 1553/1962/1519 1552/1961/1518
f 1553/1962/1519 1320/1954/1288 1366/1963/1334
f 1552/1961/1518 1553/1962/1519 1554/1964/1520
f 1554/1964/1520 1553/1962/1519 1366/1963/1334
f 1552/1961/1518 1554/1964/1520 1551/1960/1517
f 1551/1960/1517 1554/1964/1520 1555/1965/1521
f 1551/1960/1517 1555/1965/1521 1556/1966/1522
f 1554/1964/1520 1366/1963/1334 1557/1967/1523
f 1557/1967/1523 1366/1963/1334 1365/1968/1333
f 1554/1964/1520 1557/1967/1523 1558/1969/1524
f 1554/1964/1520 1558/1969/1524 1555/1965/1521
f 1557/1967/1523 1365/1968/1333 1559/1970/1525
f 1559/1970/1525 1365/1968/1333 1364/1971/1332
f 1558/1969/1524 1557/1967/1523 1560/1972/1526
f 1560/1972/1526 1557/1967/1523 1559/1970/1525
f 1558/1969/1524 1560/1972/1526 1555/1965/1521
f 1559/1970/1525 1364/1971/1332 1561/1973/1527
f 1559/1970/1525 1561/1973/1527 1560/1972/1526
f 1561/1973/1527 1364/1971/1332 1361/1974/1329
f 1560/1972/1526 1561/1973/1527 1562/1975/1528
f 1562/1975/1528 1561/1973/1527 1361/1974/1329
f 1560/1972/1526 1562/1975/1528 1555/1965/1521
f 1562/1975/1528 1361/1974/1329 1360/1976/1328
f 1555/1965/1521 1562/1975/1528 1563/1977/1529
f 1555/1965/1521 1563/1977/1529 1556/1966/1522
f 1562/1975/1528 1360/1976/1328 1564/1978/1530
f 1564/1978/1530 1360/1976/1328 1565/1979/1531
f 1564/1978/1530 1565/1979/1531 1566/1980/1532
f 1562/1975/1528 1564/1978/1530 1567/1981/1533
f 1562/1975/1528 1567/1981/1533 1563/1977/1529
f 1567/1981/1533 1564/1978/1530 1566/1980/1532
f 1563/1977/1529 1567/1981/1533 1556/1966/1522
f 1556/1966/1522 1567/1981/1533 1566/1980/1532
f 1568/1982/1534 1569/1983/1535 1570/1984/1536
f 1570/1984/1536 1569/1983/1535 1571/1985/1537
f 1571/1985/1537 1569/1983/1535 1568/1982/1534
f 1515/1986/1481 1572/1987/1538 1514/1988/1480
f 1514/1988/1480 1572/1987/1538 1491/1989/1458
f 1573/1990/1539 1571/1991/1537 1568/1992/1534
f 1573/1990/1539 1568/1992/1534 1570/1993/1536
f 1573/1990/1539 1570/1993/1536 1574/1994/1540
f 1573/1990/1539 1574/1994/1540 1517/1995/1483
f 1574/1994/1540 1570/1993/1536 1571/1996/1537
f 1517/1995/1483 1574/1994/1540 1518/1997/1484
f 1518/1997/1484 1574/1994/1540 1575/1998/1541
f 1518/1997/1484 1575/1998/1541 1528/1999/1494
f 1574/1994/1540 1571/1996/1537 1576/2000/1542
f 1574/1994/1540 1576/2000/1542 1575/1998/1541
f 1575/1998/1541 1576/2000/1542 1528/1999/1494
f 1576/2000/1542 1571/1996/1537 1573/2001/1539
f 1528/1999/1494 1576/2000/1542 1517/2002/1483
f 1517/2002/1483 1576/2000/1542 1573/2001/1539
f 1517/2003/1483 1516/2004/1482 1551/2005/1517
f 1517/2003/1483 1551/2005/1517 1528/1912/1494
f 1528/1912/1494 1551/2005/1517 1577/2006/1543
f 1577/2006/1543 1551/2005/1517 1556/2007/1522
f 1528/1912/1494 1577/2006/1543 1527/1911/1493
f 1527/1911/1493 1577/2006/1543 1578/2008/1544
f 1527/1911/1493 1578/2008/1544 1533/1917/1499
f 1577/2006/1543 1556/2007/1522 1579/2009/1545
f 1577/2006/1543 1579/2009/1545 1578/2008/1544
f 1579/2009/1545 1556/2007/1522 1566/2010/1532
f 1533/1917/1499 1578/2008/1544 1580/2011/1546
f 1580/2011/1546 1578/2008/1544 1579/2009/1545
f 1533/1917/1499 1580/2011/1546 1538/1922/1504
f 1579/2009/1545 1566/2010/1532 1581/2012/1547
f 1579/2009/1545 1581/2012/1547 1580/2011/1546
f 1581/2012/1547 1566/2010/1532 1565/2013/1531
f 1538/1922/1504 1580/2011/1546 1541/1930/1507
f 1580/2011/1546 1581/2012/1547 1582/2014/1548
f 1580/2011/1546 1582/2014/1548 1541/1930/1507
f 1581/2012/1547 1565/2013/1531 1583/2015/1549
f 1581/2012/1547 1583/2015/1549 1582/2014/1548
f 1583/2015/1549 1565/2013/1531 1351/2016/1319
f 1351/2016/1319 1565/2013/1531 1360/2017/1328
f 1351/2016/1319 1360/2017/1328 1352/2018/1320
f 1583/2015/1549 1351/2016/1319 1379/2019/1347
f 1379/2019/1347 1351/2016/1319 1349/2020/1317
f 1583/2015/1549 1379/2019/1347 1380/2021/1348
f 1583/2015/1549 1380/2021/1348 1582/2014/1548
f 1582/2014/1548 1380/2021/1348 1397/2022/1365
f 1582/2014/1548 1397/2022/1365 1584/2023/1550
f 1582/2014/1548 1584/2023/1550 1541/1930/1507
f 1584/2023/1550 1397/2022/1365 1403/2024/1371
f 1584/2023/1550 1403/2024/1371 1407/2025/1375
f 1541/1930/1507 1584/2023/1550 1585/2026/1551
f 1585/2026/1551 1584/2023/1550 1407/2025/1375
f 1541/1930/1507 1585/2026/1551 1412/1924/1380
f 1585/2026/1551 1407/2025/1375 1408/2027/1376
f 1585/2026/1551 1408/2027/1376 1412/1924/1380
f 249/2028/242 245/2029/238 1586/2030/1552
f 1586/2030/1552 245/2029/238 244/2031/224
f 249/2028/242 1586/2030/1552 1587/2032/1553
f 1586/2030/1552 244/2031/224 1588/2033/1554
f 1586/2030/1552 1588/2033/1554 1589/2034/1555
f 1586/2030/1552 1589/2034/1555 1587/2032/1553
f 1588/2033/1554 244/2031/224 1590/2035/1556
f 1589/2034/1555 1588/2033/1554 1591/2036/1557
f 1591/2036/1557 1588/2033/1554 1590/2035/1556
f 1589/2034/1555 1591/2036/1557 1592/2037/1558
f 1589/2034/1555 1592/2037/1558 1587/2032/1553
f 1591/2036/1557 1590/2035/1556 1593/2038/1559
f 1590/2035/1556 244/2031/224 1594/2039/1560
f 1590/2035/1556 1594/2039/1560 1593/2038/1559
f 1594/2039/1560 244/2031/224 241/2040/234
f 1594/2039/1560 241/2040/234 240/2041/28
f 1594/2039/1560 240/2041/28 323/2042/315
f 323/2042/315 240/2041/28 239/2043/235
f 1594/2039/1560 323/2042/315 1593/2038/1559
f 1593/2038/1559 323/2042/315 371/2044/46
f 1593/2038/1559 371/2044/46 374/2045/365
f 1595/2046/1561 1591/2036/1557 1593/2038/1559
f 1595/2046/1561 1593/2038/1559 374/2045/365
f 1591/2036/1557 1595/2046/1561 1592/2037/1558
f 1592/2037/1558 1595/2046/1561 1596/2047/1562
f 1595/2046/1561 374/2045/365 1597/2048/1563
f 1595/2046/1561 1597/2048/1563 1596/2047/1562
f 1597/2048/1563 374/2045/365 1598/2049/1564
f 1598/2049/1564 374/2045/365 373/2050/364
f 1596/2047/1562 1597/2048/1563 1599/2051/1565
f 1596/2047/1562 1599/2051/1565 1592/2037/1558
f 1597/2048/1563 1598/2049/1564 1600/2052/1566
f 1597/2048/1563 1600/2052/1566 1599/2051/1565
f 1598/2049/1564 373/2050/364 1601/2053/1567
f 1598/2049/1564 1601/2053/1567 1600/2052/1566
f 1601/2053/1567 373/2050/364 376/2054/367
f 1599/2051/1565 1600/2052/1566 1602/2055/1568
f 1602/2055/1568 1600/2052/1566 1601/2053/1567
f 1603/2056/1569 1592/2037/1558 1599/2051/1565
f 1592/2037/1558 1603/2056/1569 1587/2032/1553
f 1599/2051/1565 1602/2055/1568 1604/2057/1570
f 1604/2057/1570 1602/2055/1568 1601/2053/1567
f 1603/2056/1569 1599/2051/1565 1605/2058/1571
f 1605/2058/1571 1599/2051/1565 1604/2057/1570
f 1587/2032/1553 1603/2056/1569 1606/2059/1572
f 1606/2059/1572 1603/2056/1569 1605/2058/1571
f 1587/2032/1553 1606/2059/1572 1607/2060/1573
f 1587/2032/1553 1607/2060/1573 249/2028/242
f 249/2028/242 1607/2060/1573 250/2061/243
f 250/2061/243 1607/2060/1573 252/2062/245
f 1607/2060/1573 1606/2059/1572 1608/2063/1574
f 1607/2060/1573 1608/2063/1574 252/2062/245
f 252/2062/245 1608/2063/1574 268/2064/261
f 252/2062/245 268/2064/261 253/2065/246
f 1608/2063/1574 1606/2059/1572 1609/2066/1575
f 1609/2066/1575 1606/2059/1572 1605/2058/1571
f 268/2064/261 1608/2063/1574 1610/2067/1576
f 1610/2067/1576 1608/2063/1574 1609/2066/1575
f 268/2064/261 1610/2067/1576 267/2068/260
f 267/2068/260 1610/2067/1576 1611/2069/1577
f 1610/2067/1576 1609/2066/1575 1612/2070/1578
f 1610/2067/1576 1612/2070/1578 1611/2069/1577
f 1609/2066/1575 1605/2058/1571 1613/2071/1579
f 1609/2066/1575 1613/2071/1579 1612/2070/1578
f 1613/2071/1579 1605/2058/1571 1614/2072/1580
f 1614/2072/1580 1605/2058/1571 1604/2057/1570
f 1612/2070/1578 1613/2071/1579 1615/2073/1581
f 1614/2072/1580 1604/2057/1570 1616/2074/1582
f 1616/2074/1582 1604/2057/1570 1601/2053/1567
f 1613/2071/1579 1614/2072/1580 1617/2075/1583
f 1613/2071/1579 1617/2075/1583 1615/2073/1581
f 1614/2072/1580 1616/2074/1582 1618/2076/1584
f 1614/2072/1580 1618/2076/1584 1617/2075/1583
f 1616/2074/1582 1601/2053/1567 1619/2077/1585
f 1616/2074/1582 1619/2077/1585 1618/2076/1584
f 1619/2077/1585 1601/2053/1567 376/2054/367
f 1617/2075/1583 1618/2076/1584 1620/2078/1586
f 1620/2078/1586 1618/2076/1584 1619/2077/1585
f 1617/2075/1583 1620/2078/1586 1621/2079/1587
f 1617/2075/1583 1621/2079/1587 1615/2073/1581
f 1620/2078/1586 1619/2077/1585 1622/2080/1588
f 1620/2078/1586 1622/2080/1588 1621/2079/1587
f 1619/2077/1585 376/2054/367 381/2081/372
f 381/2081/372 376/2054/367 378/2082/369
f 1619/2077/1585 381/2081/372 1623/2083/1589
f 1619/2077/1585 1623/2083/1589 1622/2080/1588
f 1623/2083/1589 381/2081/372 1624/2084/1590
f 1624/2084/1590 381/2081/372 382/2085/373
f 1625/2086/1591 1615/2073/1581 1621/2079/1587
f 1623/2083/1589 1624/2084/1590 1626/2087/1592
f 1623/2083/1589 1626/2087/1592 1622/2080/1588
f 1624/2084/1590 382/2085/373 392/2088/383
f 392/2088/383 382/2085/373 383/2089/374
f 1624/2084/1590 392/2088/383 1627/2090/1593
f 1628/2091/1594 392/2088/383 391/2092/382
f 392/2088/383 1628/2091/1594 1627/2090/1593
f 1626/2087/1592 1624/2084/1590 1629/2093/1595
f 1629/2093/1595 1624/2084/1590 1627/2090/1593
f 1626/2087/1592 1629/2093/1595 1630/2094/1596
f 1626/2087/1592 1630/2094/1596 1622/2080/1588
f 1627/2090/1593 1628/2091/1594 1631/2095/1597
f 1622/2080/1588 1630/2094/1596 1632/2096/1598
f 1632/2096/1598 1630/2094/1596 1629/2093/1595
f 1631/2095/1597 1628/2091/1594 1633/2097/1599
f 1622/2080/1588 1632/2096/1598 1634/2098/1600
f 1631/2095/1597 1633/2097/1599 1635/2099/1601
f 1635/2099/1601 1633/2097/1599 1636/2100/1602
f 1636/2100/1602 1633/2097/1599 1637/2101/1603
f 1637/2101/1603 1633/2097/1599 1638/2102/1604
f 1637/2101/1603 1638/2102/1604 1639/2103/1605
f 1637/2101/1603 1639/2103/1605 1636/2100/1602
f 1635/2099/1601 1636/2100/1602 1640/2104/1606
f 1640/2104/1606 1636/2100/1602 1641/2105/1607
f 1631/2095/1597 1635/2099/1601 1642/2106/1608
f 1642/2106/1608 1635/2099/1601 1640/2104/1606
f 1640/2104/1606 1641/2105/1607 1643/2107/1609
f 1640/2104/1606 1643/2107/1609 1642/2106/1608
f 1643/2107/1609 1641/2105/1607 1644/2108/1610
f 1631/2095/1597 1642/2106/1608 1645/2109/1611
f 1631/2095/1597 1645/2109/1611 1627/2090/1593
f 1642/2106/1608 1643/2107/1609 1646/2110/1612
f 1642/2106/1608 1646/2110/1612 1645/2109/1611
f 1643/2107/1609 1644/2108/1610 1647/2111/1613
f 1643/2107/1609 1647/2111/1613 1646/2110/1612
f 1647/2111/1613 1644/2108/1610 1648/2112/1614
f 1648/2112/1614 1644/2108/1610 1649/2113/1615
f 1627/2090/1593 1645/2109/1611 1650/2114/1616
f 1627/2090/1593 1650/2114/1616 1629/2093/1595
f 1645/2109/1611 1646/2110/1612 1651/2115/1617
f 1645/2109/1611 1651/2115/1617 1650/2114/1616
f 1629/2093/1595 1650/2114/1616 1652/2116/1618
f 1652/2116/1618 1650/2114/1616 1651/2115/1617
f 1647/2111/1613 1648/2112/1614 1653/2117/1619
f 1647/2111/1613 1653/2117/1619 1646/2110/1612
f 1651/2115/1617 1646/2110/1612 1654/2118/1620
f 1654/2118/1620 1646/2110/1612 1653/2117/1619
f 1651/2115/1617 1654/2118/1620 1655/2119/1621
f 1651/2115/1617 1655/2119/1621 1652/2116/1618
f 1654/2118/1620 1653/2117/1619 1656/2120/1622
f 1654/2118/1620 1656/2120/1622 1655/2119/1621
f 1652/2116/1618 1655/2119/1621 1657/2121/1623
f 1657/2121/1623 1655/2119/1621 1658/2122/1624
f 1658/2122/1624 1655/2119/1621 1656/2120/1622
f 1657/2121/1623 1658/2122/1624 1659/2123/1625
f 1658/2122/1624 1656/2120/1622 1660/2124/1626
f 1660/2124/1626 1656/2120/1622 1661/2125/1627
f 1661/2125/1627 1656/2120/1622 1662/2126/1628
f 1652/2116/1618 1657/2121/1623 1663/2127/1629
f 1662/2126/1628 1656/2120/1622 1664/2128/1630
f 1664/2128/1630 1656/2120/1622 1653/2117/1619
f 1662/2126/1628 1664/2128/1630 1665/2129/1631
f 1664/2128/1630 1653/2117/1619 1648/2112/1614
f 1665/2129/1631 1664/2128/1630 1666/2130/1632
f 1666/2130/1632 1664/2128/1630 1648/2112/1614
f 1665/2129/1631 1666/2130/1632 1667/2131/1633
f 1666/2130/1632 1648/2112/1614 1668/2132/1634
f 1666/2130/1632 1668/2132/1634 1667/2131/1633
f 1669/2133/1635 1670/2134/1636 1663/2127/1629
f 1663/2127/1629 1670/2134/1636 1671/2135/1637
f 1672/2136/1638 1652/2116/1618 1663/2127/1629
f 1672/2136/1638 1663/2127/1629 1671/2135/1637
f 1652/2116/1618 1672/2136/1638 1629/2093/1595
f 1629/2093/1595 1672/2136/1638 1673/2137/1639
f 1673/2137/1639 1672/2136/1638 1671/2135/1637
f 1629/2093/1595 1673/2137/1639 1632/2096/1598
f 1671/2135/1637 1670/2134/1636 1674/2138/1640
f 1674/2138/1640 1670/2134/1636 1675/2139/1641
f 1674/2138/1640 1675/2139/1641 1676/2140/1642
f 1674/2138/1640 1676/2140/1642 1677/2141/1643
f 1674/2138/1640 1677/2141/1643 1671/2135/1637
f 1677/2141/1643 1676/2140/1642 1678/2142/1644
f 1673/2137/1639 1671/2135/1637 1679/2143/1645
f 1673/2137/1639 1679/2143/1645 1632/2096/1598
f 1679/2143/1645 1671/2135/1637 1677/2141/1643
f 1677/2141/1643 1678/2142/1644 1680/2144/1646
f 1680/2144/1646 1678/2142/1644 1681/2145/1647
f 1677/2141/1643 1680/2144/1646 1682/2146/1648
f 1677/2141/1643 1682/2146/1648 1679/2143/1645
f 1680/2144/1646 1681/2145/1647 1683/2147/1649
f 1680/2144/1646 1683/2147/1649 1682/2146/1648
f 1679/2143/1645 1634/2098/1600 1632/2096/1598
f 1683/2147/1649 1681/2145/1647 1684/2148/1650
f 1684/2148/1650 1681/2145/1647 1685/2149/1651
f 1682/2146/1648 1683/2147/1649 1686/2150/1652
f 1683/2147/1649 1684/2148/1650 1687/2151/1653
f 1683/2147/1649 1687/2151/1653 1686/2150/1652
f 1687/2151/1653 1684/2148/1650 1688/2152/1654
f 1688/2152/1654 1684/2148/1650 1689/2153/1655
f 1688/2152/1654 1689/2153/1655 318/2154/310
f 1688/2152/1654 318/2154/310 316/2155/308
f 1688/2152/1654 316/2155/308 315/2156/307
f 1688/2152/1654 315/2156/307 1687/2151/1653
f 1687/2151/1653 315/2156/307 1686/2150/1652
f 1690/2157/1656 1679/2143/1645 1682/2146/1648
f 1690/2157/1656 1682/2146/1648 1686/2150/1652
f 1679/2143/1645 1690/2157/1656 1691/2158/1657
f 1679/2143/1645 1691/2158/1657 1634/2098/1600
f 1686/2150/1652 315/2156/307 1692/2159/384
f 1692/2159/384 315/2156/307 293/2160/285
f 1692/2159/384 293/2160/285 292/2161/284
f 1692/2159/384 292/2161/284 291/2162/283
f 288/2163/280 287/2164/279 291/2162/283
f 291/2162/283 287/2164/279 1693/2165/1658
f 291/2162/283 1693/2165/1658 1692/2159/384
f 1693/2165/1658 287/2164/279 284/2166/89
f 1694/2167/1659 1686/2150/1652 1692/2159/384
f 1694/2167/1659 1692/2159/384 1693/2165/1658
f 1686/2150/1652 1694/2167/1659 1695/2168/1660
f 1686/2150/1652 1695/2168/1660 1690/2157/1656
f 1690/2157/1656 1695/2168/1660 1696/2169/1661
f 1690/2157/1656 1696/2169/1661 1691/2158/1657
f 1695/2168/1660 1694/2167/1659 1697/2170/1662
f 1695/2168/1660 1697/2170/1662 1696/2169/1661
f 1697/2170/1662 1694/2167/1659 1693/2165/1658
f 1696/2169/1661 1697/2170/1662 1691/2158/1657
f 1697/2170/1662 1693/2165/1658 1698/2171/1663
f 1698/2171/1663 1693/2165/1658 284/2166/89
f 1691/2158/1657 1697/2170/1662 1699/2172/1664
f 1699/2172/1664 1697/2170/1662 1698/2171/1663
f 1691/2158/1657 1699/2172/1664 1700/2173/1665
f 1691/2158/1657 1700/2173/1665 1634/2098/1600
f 1700/2173/1665 1699/2172/1664 1701/2174/1666
f 1634/2098/1600 1700/2173/1665 1702/2175/1667
f 1702/2175/1667 1700/2173/1665 1701/2174/1666
f 1634/2098/1600 1702/2175/1667 1622/2080/1588
f 1622/2080/1588 1702/2175/1667 1621/2079/1587
f 1621/2079/1587 1702/2175/1667 1625/2086/1591
f 1625/2086/1591 1702/2175/1667 1701/2174/1666
f 1625/2086/1591 1701/2174/1666 1699/2172/1664
f 1625/2086/1591 1699/2172/1664 1698/2171/1663
f 1625/2086/1591 1698/2171/1663 1703/2176/1668
f 1625/2086/1591 1703/2176/1668 1615/2073/1581
f 1704/2177/1669 1698/2171/1663 284/2166/89
f 1698/2171/1663 1704/2177/1669 1703/2176/1668
f 1704/2177/1669 284/2166/89 282/2178/275
f 1615/2073/1581 1703/2176/1668 1705/2179/1670
f 1615/2073/1581 1705/2179/1670 1612/2070/1578
f 1703/2176/1668 1704/2177/1669 1706/2180/1671
f 1703/2176/1668 1706/2180/1671 1705/2179/1670
f 1704/2177/1669 282/2178/275 1707/2181/1672
f 1704/2177/1669 1707/2181/1672 1706/2180/1671
f 1707/2181/1672 282/2178/275 277/2182/270
f 1612/2070/1578 1705/2179/1670 1611/2069/1577
f 1611/2069/1577 1705/2179/1670 1706/2180/1671
f 1611/2069/1577 1706/2180/1671 1707/2181/1672
f 1707/2181/1672 277/2182/270 1708/2183/1673
f 1707/2181/1672 1708/2183/1673 1611/2069/1577
f 1708/2183/1673 277/2182/270 273/2184/266
f 1611/2069/1577 1708/2183/1673 267/2068/260
f 1708/2183/1673 273/2184/266 269/2185/262
f 267/2068/260 1708/2183/1673 266/2186/259
f 266/2186/259 1708/2183/1673 269/2185/262
f 1657/2187/1623 1659/2188/1625 1709/2189/1674
f 1657/2187/1623 1709/2189/1674 1710/2190/1675
f 1657/2187/1623 1710/2190/1675 1663/2191/1629
f 1663/2191/1629 1710/2190/1675 1669/2192/1635
f 1710/2190/1675 1709/2189/1674 1711/2193/1676
f 1709/2189/1674 1659/2188/1625 1712/2194/1677
f 1709/2189/1674 1712/2194/1677 1711/2193/1676
f 1712/2194/1677 1659/2188/1625 1713/2195/847
f 1713/2195/847 1659/2188/1625 1658/2196/1624
f 1713/2195/847 1658/2196/1624 1660/2197/1626
f 1713/2195/847 1660/2197/1626 1714/2198/1678
f 1714/2198/1678 1660/2197/1626 1715/2199/1679
f 1715/2199/1679 1660/2197/1626 1661/2200/1627
f 1714/2198/1678 1715/2199/1679 1716/2201/1680
f 1714/2198/1678 1716/2201/1680 1713/2195/847
f 1713/2195/847 1716/2201/1680 1717/2202/1681
f 1713/2195/847 1717/2202/1681 1712/2194/1677
f 1717/2202/1681 1716/2201/1680 1718/2203/1682
f 1712/2194/1677 1717/2202/1681 1719/2204/1683
f 1719/2204/1683 1717/2202/1681 1720/2205/1684
f 1712/2194/1677 1719/2204/1683 1711/2193/1676
f 1719/2204/1683 1720/2205/1684 1721/2206/1685
f 1719/2204/1683 1721/2206/1685 1722/2207/1686
f 1719/2204/1683 1722/2207/1686 1723/2208/1687
f 1719/2204/1683 1723/2208/1687 1711/2193/1676
f 1723/2208/1687 1722/2207/1686 1724/2209/1688
f 1723/2208/1687 1724/2209/1688 1711/2193/1676
f 1724/2209/1688 1722/2207/1686 1725/2210/1689
f 1724/2209/1688 1725/2210/1689 1726/2211/1690
f 1711/2193/1676 1724/2209/1688 1727/2212/1691
f 1724/2209/1688 1726/2211/1690 1728/2213/1692
f 1724/2209/1688 1728/2213/1692 1727/2212/1691
f 1711/2193/1676 1727/2212/1691 1729/2214/1693
f 1711/2193/1676 1729/2214/1693 1710/2190/1675
f 1710/2190/1675 1729/2214/1693 1669/2192/1635
f 1729/2214/1693 1727/2212/1691 1730/2215/1694
f 1730/2215/1694 1727/2212/1691 1728/2213/1692
f 1669/2192/1635 1729/2214/1693 1731/2216/1695
f 1729/2214/1693 1730/2215/1694 1732/2217/1696
f 1729/2214/1693 1732/2217/1696 1731/2216/1695
f 1732/2217/1696 1730/2215/1694 1733/2218/1697
f 1733/2218/1697 1730/2215/1694 1728/2213/1692
f 1731/2216/1695 1732/2217/1696 1734/2219/1698
f 1735/2220/1699 1728/2213/1692 1726/2211/1690
f 1735/2220/1699 1726/2211/1690 1736/2221/1700
f 1732/2217/1696 1733/2218/1697 1737/2222/1701
f 1732/2217/1696 1737/2222/1701 1734/2219/1698
f 1733/2218/1697 1728/2213/1692 1738/2223/1702
f 1728/2213/1692 1735/2220/1699 1739/2224/1703
f 1728/2213/1692 1739/2224/1703 1738/2223/1702
f 1733/2218/1697 1738/2223/1702 1740/2225/1704
f 1733/2218/1697 1740/2225/1704 1737/2222/1701
f 1740/2225/1704 1738/2223/1702 1741/2226/1705
f 1741/2226/1705 1738/2223/1702 1739/2224/1703
f 1739/2224/1703 1735/2220/1699 1742/2227/1706
f 1742/2227/1706 1735/2220/1699 1743/2228/1707
f 1739/2224/1703 1742/2227/1706 1744/2229/1708
f 1742/2227/1706 1743/2228/1707 1745/2230/1709
f 1742/2227/1706 1745/2230/1709 1744/2229/1708
f 1745/2230/1709 1743/2228/1707 1746/2231/1710
f 1746/2231/1710 1743/2228/1707 1747/2232/1711
f 1739/2224/1703 1744/2229/1708 1748/2233/1712
f 1739/2224/1703 1748/2233/1712 1741/2226/1705
f 1744/2229/1708 1745/2230/1709 1749/2234/1713
f 1745/2230/1709 1746/2231/1710 1750/2235/1714
f 1745/2230/1709 1750/2235/1714 1749/2234/1713
f 1746/2231/1710 1747/2232/1711 1751/2236/1715
f 1746/2231/1710 1751/2236/1715 1750/2235/1714
f 1748/2233/1712 1744/2229/1708 1752/2237/1716
f 1752/2237/1716 1744/2229/1708 1749/2234/1713
f 1753/2238/1717 1741/2226/1705 1748/2233/1712
f 1753/2238/1717 1748/2233/1712 1752/2237/1716
f 1752/2237/1716 1749/2234/1713 1754/2239/1718
f 1755/2240/1719 1749/2234/1713 1750/2235/1714
f 1749/2234/1713 1755/2240/1719 1754/2239/1718
f 1755/2240/1719 1750/2235/1714 1756/2241/1720
f 1756/2241/1720 1750/2235/1714 1751/2236/1715
f 1754/2239/1718 1755/2240/1719 1757/2242/1721
f 1757/2242/1721 1755/2240/1719 1756/2241/1720
f 1752/2237/1716 1754/2239/1718 1758/2243/1722
f 1752/2237/1716 1758/2243/1722 1753/2238/1717
f 1754/2239/1718 1757/2242/1721 1759/2244/1723
f 1757/2242/1721 1756/2241/1720 1760/2245/1724
f 1757/2242/1721 1760/2245/1724 1759/2244/1723
f 1754/2239/1718 1759/2244/1723 1761/2246/1725
f 1754/2239/1718 1761/2246/1725 1758/2243/1722
f 1759/2244/1723 1760/2245/1724 1762/2247/1726
f 1761/2246/1725 1759/2244/1723 1763/2248/1727
f 1763/2248/1727 1759/2244/1723 1762/2247/1726
f 1758/2243/1722 1761/2246/1725 1764/2249/1728
f 1764/2249/1728 1761/2246/1725 1763/2248/1727
f 1758/2243/1722 1764/2249/1728 1765/2250/1729
f 1758/2243/1722 1765/2250/1729 1753/2238/1717
f 1764/2249/1728 1763/2248/1727 1766/2251/1730
f 1766/2251/1730 1763/2248/1727 1762/2247/1726
f 1765/2250/1729 1764/2249/1728 1767/2252/1731
f 1767/2252/1731 1764/2249/1728 1766/2251/1730
f 1753/2238/1717 1765/2250/1729 1768/2253/1732
f 1768/2253/1732 1765/2250/1729 1767/2252/1731
f 1753/2238/1717 1768/2253/1732 1769/2254/1733
f 1753/2238/1717 1769/2254/1733 1741/2226/1705
f 1768/2253/1732 1767/2252/1731 1770/2255/1734
f 1768/2253/1732 1770/2255/1734 1769/2254/1733
f 1741/2226/1705 1769/2254/1733 1771/2256/1735
f 1741/2226/1705 1771/2256/1735 1740/2225/1704
f 1771/2256/1735 1769/2254/1733 1772/2257/1736
f 1772/2257/1736 1769/2254/1733 1770/2255/1734
f 1740/2225/1704 1771/2256/1735 1773/2258/1737
f 1773/2258/1737 1771/2256/1735 1772/2257/1736
f 1740/2225/1704 1773/2258/1737 1737/2222/1701
f 1737/2222/1701 1773/2258/1737 1774/2259/1738
f 1773/2258/1737 1772/2257/1736 1775/2260/1739
f 1775/2260/1739 1772/2257/1736 1770/2255/1734
f 1773/2258/1737 1775/2260/1739 1774/2259/1738
f 1737/2222/1701 1774/2259/1738 1734/2219/1698
f 1775/2260/1739 1770/2255/1734 1776/2261/1740
f 1775/2260/1739 1776/2261/1740 1774/2259/1738
f 1774/2259/1738 1776/2261/1740 1777/2262/1741
f 1777/2262/1741 1776/2261/1740 1778/2263/1742
f 1774/2259/1738 1777/2262/1741 1779/2264/1743
f 1774/2259/1738 1779/2264/1743 1734/2219/1698
f 1779/2264/1743 1777/2262/1741 1780/2265/1744
f 1779/2264/1743 1780/2265/1744 1781/2266/1745
f 1734/2219/1698 1779/2264/1743 1782/2267/1746
f 1782/2267/1746 1779/2264/1743 1781/2266/1745
f 1734/2219/1698 1782/2267/1746 1731/2216/1695
f 1782/2267/1746 1781/2266/1745 1783/2268/1747
f 1782/2267/1746 1783/2268/1747 1731/2216/1695
f 1783/2268/1747 1781/2266/1745 1784/2269/1748
f 1731/2216/1695 1783/2268/1747 1669/2192/1635
f 1669/2192/1635 1783/2268/1747 1675/2270/1641
f 1675/2270/1641 1783/2268/1747 1784/2269/1748
f 1669/2192/1635 1675/2270/1641 1670/2271/1636
f 1675/2270/1641 1784/2269/1748 1676/2272/1642
f 1676/2272/1642 1784/2269/1748 1678/2273/1644
f 1785/2274/1749 1778/2263/1742 1776/2261/1740
f 1785/2274/1749 1776/2261/1740 1770/2255/1734
f 1778/2263/1742 1785/2274/1749 1786/2275/1750
f 1778/2263/1742 1786/2275/1750 1787/2276/1751
f 1785/2274/1749 1770/2255/1734 1788/2277/1752
f 1785/2274/1749 1788/2277/1752 1786/2275/1750
f 1788/2277/1752 1770/2255/1734 1767/2252/1731
f 1787/2276/1751 1786/2275/1750 1789/2278/1753
f 1789/2278/1753 1786/2275/1750 1788/2277/1752
f 1789/2278/1753 1788/2277/1752 1767/2252/1731
f 1787/2276/1751 1789/2278/1753 1790/2279/1754
f 1789/2278/1753 1767/2252/1731 1766/2251/1730
f 1790/2279/1754 1789/2278/1753 1791/2280/1755
f 1789/2278/1753 1766/2251/1730 1792/2281/1756
f 1789/2278/1753 1792/2281/1756 1791/2280/1755
f 1792/2281/1756 1766/2251/1730 1762/2247/1726
f 1791/2280/1755 1792/2281/1756 1793/2282/1757
f 1792/2281/1756 1762/2247/1726 1794/2283/1758
f 1792/2281/1756 1794/2283/1758 1793/2282/1757
f 1793/2282/1757 1794/2283/1758 1795/2284/1759
f 1794/2283/1758 1762/2247/1726 1760/2245/1724
f 1795/2284/1759 1794/2283/1758 1796/2285/1760
f 1794/2283/1758 1760/2245/1724 1797/2286/1761
f 1794/2283/1758 1797/2286/1761 1796/2285/1760
f 1797/2286/1761 1760/2245/1724 1756/2241/1720
f 1797/2286/1761 1756/2241/1720 1798/2287/1762
f 1797/2286/1761 1798/2287/1762 1796/2285/1760
f 1798/2287/1762 1756/2241/1720 1751/2236/1715
f 1796/2285/1760 1798/2287/1762 1799/2288/1763
f 1796/2285/1760 1799/2288/1763 1800/2289/1764
f 1799/2288/1763 1798/2287/1762 1801/2290/1765
f 1799/2288/1763 1801/2290/1765 1800/2289/1764
f 1801/2290/1765 1798/2287/1762 1751/2236/1715
f 1800/2289/1764 1801/2290/1765 1802/2291/1766
f 1801/2290/1765 1751/2236/1715 1803/2292/1767
f 1801/2290/1765 1803/2292/1767 1802/2291/1766
f 1803/2292/1767 1751/2236/1715 1747/2232/1711
f 1802/2291/1766 1803/2292/1767 1804/2293/1768
f 1803/2292/1767 1747/2232/1711 1805/2294/1769
f 1803/2292/1767 1805/2294/1769 1804/2293/1768
f 1806/2295/1770 1807/2296/1771 1808/2297/1772
f 1809/2298/1773 1810/2299/1774 1807/2296/1771
f 1807/2296/1771 1810/2299/1774 1718/2300/1682
f 1807/2296/1771 1718/2300/1682 1808/2297/1772
f 1811/2301/1775 1807/2296/1771 1812/2302/490
f 1812/2302/490 1807/2296/1771 1806/2295/1770
f 1812/2302/490 1806/2295/1770 1813/2303/84
f 1813/2303/84 1806/2295/1770 1814/2304/83
f 1813/2303/84 1814/2304/83 1815/2305/84
f 1814/2304/83 1806/2295/1770 1816/2306/1776
f 1816/2306/1776 1806/2295/1770 1817/2307/1777
f 1817/2307/1777 1806/2295/1770 1808/2297/1772
f 1816/2306/1776 1817/2307/1777 1818/2308/1778
f 1715/2309/1679 1808/2297/1772 1718/2300/1682
f 1715/2309/1679 1718/2300/1682 1716/2310/1680
f 1808/2297/1772 1715/2309/1679 1819/2311/1779
f 1819/2311/1779 1715/2309/1679 1661/2312/1627
f 1819/2311/1779 1661/2312/1627 1820/2313/1780
f 1808/2297/1772 1819/2311/1779 1821/2314/1781
f 1808/2297/1772 1821/2314/1781 1817/2307/1777
f 1821/2314/1781 1819/2311/1779 1820/2313/1780
f 1817/2307/1777 1821/2314/1781 1822/2315/1782
f 1817/2307/1777 1822/2315/1782 1818/2308/1778
f 1821/2314/1781 1820/2313/1780 1823/2316/1783
f 1823/2316/1783 1820/2313/1780 1662/2317/1628
f 1824/2318/1784 1825/2319/1784 1818/2308/1778
f 1824/2318/1784 1818/2308/1778 1822/2315/1782
f 1824/2318/1784 1822/2315/1782 1826/2320/1785
f 1822/2315/1782 1821/2314/1781 1827/2321/1786
f 1827/2321/1786 1821/2314/1781 1823/2316/1783
f 1826/2320/1785 1822/2315/1782 1828/2322/1787
f 1828/2322/1787 1822/2315/1782 1827/2321/1786
f 1826/2320/1785 1828/2322/1787 1829/2323/1788
f 1826/2320/1785 1829/2323/1788 1830/2324/1789
f 1830/2324/1789 1829/2323/1788 1831/2325/1790
f 1665/2326/1631 1667/2327/1633 1823/2316/1783
f 1823/2316/1783 1667/2327/1633 1832/2328/1791
f 1823/2316/1783 1832/2328/1791 1833/2329/1792
f 1823/2316/1783 1833/2329/1792 1827/2321/1786
f 1833/2329/1792 1832/2328/1791 1834/2330/1793
f 1831/2325/1790 1829/2323/1788 1835/2331/1084
f 1835/2331/1084 1829/2323/1788 1828/2322/1787
f 1833/2329/1792 1834/2330/1793 1836/2332/1794
f 1836/2332/1794 1834/2330/1793 1837/2333/1795
f 1836/2332/1794 1837/2333/1795 1838/2334/1796
f 1836/2332/1794 1838/2334/1796 1839/2335/1797
f 1839/2335/1797 1838/2334/1796 1840/2336/1798
f 1833/2329/1792 1836/2332/1794 1841/2337/1799
f 1841/2337/1799 1836/2332/1794 1839/2335/1797
f 1833/2329/1792 1841/2337/1799 1842/2338/1800
f 1833/2329/1792 1842/2338/1800 1827/2321/1786
f 1841/2337/1799 1839/2335/1797 1843/2339/1801
f 1843/2339/1801 1839/2335/1797 1840/2336/1798
f 1842/2338/1800 1841/2337/1799 1844/2340/1802
f 1844/2340/1802 1841/2337/1799 1843/2339/1801
f 1832/2341/1791 1840/2336/1798 1834/2342/1793
f 1840/2336/1798 1832/2341/1791 1845/2343/1803
f 1840/2336/1798 1845/2343/1803 1668/2344/1634
f 1840/2336/1798 1668/2344/1634 1843/2339/1801
f 1668/2344/1634 1845/2343/1803 1667/2345/1633
f 1844/2340/1802 1843/2339/1801 1846/2346/1804
f 1846/2346/1804 1843/2339/1801 1668/2344/1634
f 1844/2340/1802 1846/2346/1804 1847/2347/1805
f 1844/2340/1802 1847/2347/1805 1842/2338/1800
f 1842/2338/1800 1847/2347/1805 1848/2348/1806
f 1842/2338/1800 1848/2348/1806 1827/2321/1786
f 1848/2348/1806 1847/2347/1805 1849/2349/1807
f 1827/2321/1786 1848/2348/1806 1850/2350/1808
f 1850/2350/1808 1848/2348/1806 1849/2349/1807
f 1827/2321/1786 1850/2350/1808 1851/2351/635
f 1827/2321/1786 1851/2351/635 1828/2322/1787
f 1850/2350/1808 1849/2349/1807 1852/2352/1809
f 1850/2350/1808 1852/2352/1809 1851/2351/635
f 1828/2322/1787 1851/2351/635 1835/2331/1084
f 1835/2331/1084 1851/2351/635 1852/2352/1809
f 1853/2353/1089 1849/2349/1807 1847/2347/1805
f 1849/2349/1807 1853/2353/1089 1852/2352/1809
f 1853/2353/1089 1847/2347/1805 1846/2346/1804
f 1852/2352/1809 1853/2353/1089 1835/2331/1084
f 1853/2353/1089 1846/2346/1804 1854/2354/1810
f 1854/2354/1810 1846/2346/1804 1668/2344/1634
f 1835/2331/1084 1853/2353/1089 1855/2355/1811
f 1648/2356/1614 1649/2357/1615 1668/2344/1634
f 1668/2344/1634 1649/2357/1615 1856/2358/1812
f 1668/2344/1634 1856/2358/1812 1854/2354/1810
f 1856/2358/1812 1649/2357/1615 1644/2359/1610
f 1853/2353/1089 1854/2354/1810 1857/2360/1813
f 1854/2354/1810 1856/2358/1812 1858/2361/1814
f 1854/2354/1810 1858/2361/1814 1857/2360/1813
f 1856/2358/1812 1644/2359/1610 1859/2362/1815
f 1856/2358/1812 1859/2362/1815 1858/2361/1814
f 1859/2362/1815 1644/2359/1610 1860/2363/1816
f 1860/2363/1816 1644/2359/1610 1641/2364/1607
f 1858/2361/1814 1859/2362/1815 1861/2365/1817
f 1858/2361/1814 1861/2365/1817 1857/2360/1813
f 1859/2362/1815 1860/2363/1816 1862/2366/1818
f 1859/2362/1815 1862/2366/1818 1861/2365/1817
f 1860/2363/1816 1641/2364/1607 1863/2367/1819
f 1860/2363/1816 1863/2367/1819 1862/2366/1818
f 1863/2367/1819 1641/2364/1607 1639/2368/1605
f 1639/2368/1605 1641/2364/1607 1636/2369/1602
f 1862/2366/1818 1863/2367/1819 1864/2370/1820
f 1864/2370/1820 1863/2367/1819 1639/2368/1605
f 1861/2365/1817 1862/2366/1818 1865/2371/1821
f 1865/2371/1821 1862/2366/1818 1864/2370/1820
f 1861/2365/1817 1865/2371/1821 1866/2372/1822
f 1864/2370/1820 1639/2368/1605 1867/2373/1823
f 1865/2371/1821 1864/2370/1820 1868/2374/1824
f 1868/2374/1824 1864/2370/1820 1867/2373/1823
f 1865/2371/1821 1868/2374/1824 1866/2372/1822
f 1867/2373/1823 1639/2368/1605 1638/2375/1604
f 1868/2374/1824 1867/2373/1823 1869/2376/1825
f 1868/2374/1824 1869/2376/1825 1866/2372/1822
f 1867/2373/1823 1638/2375/1604 1870/2377/1826
f 1870/2377/1826 1638/2375/1604 1633/2378/1599
f 1867/2373/1823 1870/2377/1826 1869/2376/1825
f 1869/2376/1825 1870/2377/1826 390/2379/381
f 390/2379/381 1870/2377/1826 391/2380/382
f 1869/2376/1825 390/2379/381 388/2381/379
f 388/2381/379 390/2379/381 387/2382/378
f 1871/2383/1827 1866/2372/1822 1869/2376/1825
f 1871/2383/1827 1869/2376/1825 388/2381/379
f 1871/2383/1827 388/2381/379 1872/2384/1828
f 1872/2384/1828 388/2381/379 386/2385/377
f 386/2385/377 388/2381/379 385/2386/376
f 1866/2372/1822 1871/2383/1827 1873/2387/1829
f 1873/2387/1829 1871/2383/1827 1874/2388/1830
f 1874/2388/1830 1871/2383/1827 1875/2389/1831
f 1866/2372/1822 1873/2387/1829 1876/2390/1832
f 1866/2372/1822 1876/2390/1832 1861/2365/1817
f 1861/2365/1817 1876/2390/1832 1857/2360/1813
f 1876/2390/1832 1873/2387/1829 1877/2391/1833
f 1857/2360/1813 1876/2390/1832 1878/2392/1834
f 1878/2392/1834 1876/2390/1832 1877/2391/1833
f 1857/2360/1813 1878/2392/1834 1879/2393/1835
f 1857/2360/1813 1879/2393/1835 1853/2353/1089
f 1853/2353/1089 1879/2393/1835 1855/2355/1811
f 1855/2355/1811 1879/2393/1835 1878/2392/1834
f 1855/2355/1811 1878/2392/1834 1880/2394/1836
f 1880/2394/1836 1878/2392/1834 1877/2391/1833
f 1881/2395/1837 1877/2391/1833 1873/2387/1829
f 1881/2395/1837 1873/2387/1829 1874/2388/1830
f 1877/2391/1833 1881/2395/1837 1882/2396/1838
f 1877/2391/1833 1882/2396/1838 1883/2397/1837
f 1877/2391/1833 1883/2397/1837 1880/2394/1836
f 1880/2394/1836 1883/2397/1837 1884/2398/1839
f 1880/2394/1836 1884/2398/1839 1885/2399/1840
f 1886/2400/1841 1855/2355/1811 1880/2394/1836
f 1886/2400/1841 1880/2394/1836 1885/2399/1840
f 1855/2355/1811 1886/2400/1841 1887/2401/1090
f 1887/2401/1090 1886/2400/1841 1885/2399/1840
f 1887/2401/1090 1885/2399/1840 1888/2402/1842
f 1855/2355/1811 1887/2401/1090 1835/2331/1084
f 1835/2331/1084 1887/2401/1090 1831/2325/1790
f 1831/2325/1790 1887/2401/1090 1889/2403/1843
f 1890/2404/1844 1891/2405/1845 1881/2395/1837
f 1890/2404/1844 1881/2395/1837 1874/2388/1830
f 1892/2406/1846 1893/2407/1847 1890/2404/1844
f 1890/2404/1844 1874/2388/1830 1894/2408/1848
f 1890/2404/1844 1894/2408/1848 1892/2406/1846
f 1892/2406/1846 1894/2408/1848 1895/2409/1849
f 1892/2406/1846 1895/2409/1849 1896/2410/1850
f 1896/2410/1850 1895/2409/1849 1897/2411/1851
f 1897/2411/1851 1895/2409/1849 1894/2408/1848
f 1897/2411/1851 1894/2408/1848 1898/2412/1852
f 1894/2408/1848 1874/2388/1830 1899/2413/1853
f 1894/2408/1848 1899/2413/1853 1898/2412/1852
f 1899/2413/1853 1874/2388/1830 1875/2389/1831
f 1899/2413/1853 1875/2389/1831 1900/2414/1854
f 1899/2413/1853 1900/2414/1854 1898/2412/1852
f 1897/2411/1851 1898/2412/1852 1901/2415/1476
f 1898/2412/1852 1900/2414/1854 1902/2416/1855
f 1898/2412/1852 1902/2416/1855 1903/2417/1856
f 1898/2412/1852 1903/2417/1856 1901/2415/1476
f 1903/2417/1856 1902/2416/1855 1904/2418/1857
f 1903/2417/1856 1904/2418/1857 1905/2419/1858
f 1903/2417/1856 1905/2419/1858 1901/2415/1476
f 1901/2415/1476 1905/2419/1858 1906/2420/1859
f 1907/2421/1860 361/2422/353 359/2423/351
f 361/2422/353 1907/2421/1860 386/2424/377
f 386/2424/377 1907/2421/1860 1872/2425/1828
f 1872/2425/1828 1907/2421/1860 1871/2426/1827
f 1871/2426/1827 1907/2421/1860 1875/2427/1831
f 1907/2421/1860 359/2423/351 1908/2428/1861
f 1907/2421/1860 1908/2428/1861 1875/2427/1831
f 1908/2428/1861 359/2423/351 358/2429/350
f 1875/2427/1831 1908/2428/1861 1900/2430/1854
f 1900/2430/1854 1908/2428/1861 358/2429/350
f 1900/2430/1854 358/2429/350 1909/2431/1862
f 1900/2430/1854 1909/2431/1862 1902/2432/1855
f 1909/2431/1862 358/2429/350 357/2433/349
f 1902/2432/1855 1909/2431/1862 1905/2434/1858
f 1902/2432/1855 1905/2434/1858 1910/2435/1863
f 1902/2432/1855 1910/2435/1863 1904/2436/1857
f 1904/2436/1857 1910/2435/1863 1905/2434/1858
f 1905/2434/1858 1909/2431/1862 1906/2437/1859
f 1909/2431/1862 357/2433/349 1911/2438/1864
f 1909/2431/1862 1911/2438/1864 1906/2437/1859
f 356/2439/348 355/2440/347 357/2433/349
f 357/2433/349 355/2440/347 1911/2438/1864
f 1911/2438/1864 355/2440/347 1893/2441/1847
f 1911/2438/1864 1893/2441/1847 1892/2442/1846
f 1911/2438/1864 1892/2442/1846 1896/2443/1850
f 1911/2438/1864 1896/2443/1850 1906/2437/1859
f 1906/2437/1859 1896/2443/1850 1901/2444/1476
f 1901/2444/1476 1896/2443/1850 1897/2445/1851
f 1633/2446/1599 1628/2447/1594 391/2448/382
f 1633/2446/1599 391/2448/382 1870/2449/1826
f 1912/2450/1865 1913/2451/1866 1914/2452/1867
f 1913/2451/1866 1912/2450/1865 1840/2453/1798
f 1912/2450/1865 1914/2452/1867 1834/2454/1793
f 1912/2450/1865 1834/2454/1793 1840/2453/1798
f 1661/2455/1627 1662/2456/1628 1820/2457/1780
f 1662/2458/1628 1665/2459/1631 1823/2460/1783
f 1914/2461/1867 1837/2462/1795 1834/2463/1793
f 1837/2462/1795 1914/2461/1867 1913/2464/1866
f 1837/2462/1795 1913/2464/1866 1838/2465/1796
f 1838/2465/1796 1913/2464/1866 1840/2466/1798
f 1667/2467/1633 1845/2468/1803 1832/2469/1791
f 351/2470/343 1915/2471/1868 355/2472/347
f 1915/2471/1868 351/2470/343 352/2473/344
f 355/2472/347 1915/2471/1868 1893/2474/1847
f 1915/2471/1868 352/2473/344 1916/2475/1869
f 1916/2475/1869 352/2473/344 1917/2476/1870
f 1893/2474/1847 1915/2471/1868 1918/2477/1871
f 1918/2477/1871 1915/2471/1868 1916/2475/1869
f 1893/2474/1847 1918/2477/1871 1891/2478/1845
f 1893/2474/1847 1891/2478/1845 1890/2479/1844
f 1891/2478/1845 1918/2477/1871 1919/2480/1872
f 1882/2481/1838 1881/2482/1837 1891/2478/1845
f 1882/2481/1838 1891/2478/1845 1919/2480/1872
f 1918/2477/1871 1916/2475/1869 1920/2483/1873
f 1918/2477/1871 1920/2483/1873 1919/2480/1872
f 1921/2484/1874 1916/2475/1869 1917/2476/1870
f 1916/2475/1869 1921/2484/1874 1920/2483/1873
f 1921/2484/1874 1917/2476/1870 1922/2485/1875
f 1921/2484/1874 1922/2485/1875 1923/2486/1876
f 1920/2483/1873 1921/2484/1874 1924/2487/1877
f 1924/2487/1877 1921/2484/1874 1923/2486/1876
f 1920/2483/1873 1924/2487/1877 1919/2480/1872
f 1924/2487/1877 1923/2486/1876 1925/2488/1878
f 1926/2489/1879 1882/2481/1838 1919/2480/1872
f 1882/2481/1838 1926/2489/1879 1883/2490/1837
f 1919/2480/1872 1924/2487/1877 1927/2491/1880
f 1927/2491/1880 1924/2487/1877 1925/2488/1878
f 1919/2480/1872 1927/2491/1880 1926/2489/1879
f 1927/2491/1880 1925/2488/1878 1928/2492/1881
f 1926/2489/1879 1927/2491/1880 1929/2493/1882
f 1929/2493/1882 1927/2491/1880 1928/2492/1881
f 1926/2489/1879 1929/2493/1882 1883/2490/1837
f 1929/2493/1882 1928/2492/1881 1930/2494/1883
f 1929/2493/1882 1930/2494/1883 1883/2490/1837
f 1930/2494/1883 1928/2492/1881 1931/2495/1884
f 1930/2494/1883 1931/2495/1884 1932/2496/1885
f 1930/2494/1883 1932/2496/1885 1933/2497/1886
f 1883/2490/1837 1930/2494/1883 1884/2498/1839
f 1930/2494/1883 1933/2497/1886 1934/2499/1887
f 1930/2494/1883 1934/2499/1887 1884/2498/1839
f 1884/2498/1839 1934/2499/1887 1888/2500/1842
f 1884/2498/1839 1888/2500/1842 1885/2501/1840
f 345/2502/337 348/2503/340 352/2504/344
f 352/2504/344 348/2503/340 1917/2505/1870
f 1917/2505/1870 348/2503/340 1935/2506/1888
f 1935/2506/1888 348/2503/340 1936/2507/1889
f 1936/2507/1889 348/2503/340 349/2508/341
f 1936/2507/1889 349/2508/341 1937/2509/1890
f 1938/2510/1891 1936/2507/1889 1939/2511/1892
f 1935/2506/1888 1936/2507/1889 1940/2512/1893
f 1940/2512/1893 1936/2507/1889 1938/2510/1891
f 1940/2512/1893 1938/2510/1891 1941/2513/1894
f 1941/2513/1894 1938/2510/1891 1942/2514/1895
f 1941/2513/1894 1942/2514/1895 1943/2515/1896
f 1941/2513/1894 1943/2515/1896 1944/2516/1897
f 1940/2512/1893 1941/2513/1894 1945/2517/1898
f 1945/2517/1898 1941/2513/1894 1944/2516/1897
f 1935/2506/1888 1940/2512/1893 1946/2518/1899
f 1946/2518/1899 1940/2512/1893 1945/2517/1898
f 1945/2517/1898 1944/2516/1897 1947/2519/1900
f 1947/2519/1900 1944/2516/1897 1948/2520/1901
f 1946/2518/1899 1945/2517/1898 1949/2521/1902
f 1947/2519/1900 1948/2520/1901 1950/2522/1903
f 1950/2522/1903 1948/2520/1901 1951/2523/79
f 1947/2519/1900 1950/2522/1903 1952/2524/1904
f 1947/2519/1900 1952/2524/1904 1945/2517/1898
f 1945/2517/1898 1952/2524/1904 1949/2521/1902
f 1946/2518/1899 1949/2521/1902 1953/2525/1088
f 1953/2525/1088 1949/2521/1902 1954/2526/1905
f 1953/2525/1088 1954/2526/1905 1955/2527/1906
f 1946/2518/1899 1953/2525/1088 1956/2528/1907
f 1956/2528/1907 1953/2525/1088 1955/2527/1906
f 1946/2518/1899 1956/2528/1907 1935/2506/1888
f 1935/2506/1888 1956/2528/1907 1957/2529/1908
f 1957/2529/1908 1956/2528/1907 1958/2530/1909
f 1958/2530/1909 1956/2528/1907 1955/2527/1906
f 1958/2530/1909 1955/2527/1906 1959/2531/1910
f 1923/2532/1876 1922/2533/1875 1960/2534/1911
f 1923/2532/1876 1960/2534/1911 1961/2535/1912
f 1960/2534/1911 1922/2533/1875 1962/2536/1913
f 1960/2534/1911 1962/2536/1913 1961/2535/1912
f 1962/2536/1913 1922/2533/1875 1957/2537/1908
f 1957/2537/1908 1922/2533/1875 1917/2538/1870
f 1957/2537/1908 1917/2538/1870 1935/2539/1888
f 1962/2536/1913 1957/2537/1908 1958/2540/1909
f 1962/2536/1913 1958/2540/1909 1963/2541/1914
f 1962/2536/1913 1963/2541/1914 1961/2535/1912
f 1964/2542/1915 1923/2532/1876 1961/2535/1912
f 1964/2542/1915 1961/2535/1912 1963/2541/1914
f 1923/2532/1876 1964/2542/1915 1925/2543/1878
f 1925/2543/1878 1964/2542/1915 1928/2544/1881
f 1928/2544/1881 1964/2542/1915 1931/2545/1884
f 1931/2545/1884 1964/2542/1915 1965/2546/1916
f 1931/2545/1884 1965/2546/1916 1966/2547/1917
f 1931/2545/1884 1966/2547/1917 1932/2548/1885
f 1932/2548/1885 1966/2547/1917 1967/2549/1918
f 1932/2548/1885 1967/2549/1918 1933/2550/1886
f 1965/2546/1916 1964/2542/1915 1968/2551/1919
f 1968/2551/1919 1964/2542/1915 1963/2541/1914
f 1965/2546/1916 1968/2551/1919 1969/2552/1920
f 1969/2552/1920 1968/2551/1919 1970/2553/1921
f 1969/2552/1920 1970/2553/1921 1971/2554/1922
f 1968/2551/1919 1963/2541/1914 1972/2555/1923
f 1968/2551/1919 1972/2555/1923 1970/2553/1921
f 1970/2553/1921 1972/2555/1923 1973/2556/1924
f 1970/2553/1921 1973/2556/1924 1974/2557/1925
f 1972/2555/1923 1963/2541/1914 1975/2558/1926
f 1972/2555/1923 1975/2558/1926 1973/2556/1924
f 1975/2558/1926 1963/2541/1914 1959/2559/1910
f 1959/2559/1910 1963/2541/1914 1958/2540/1909
f 1975/2558/1926 1959/2559/1910 1948/2560/1901
f 1948/2560/1901 1959/2559/1910 1951/2561/79
f 1975/2558/1926 1948/2560/1901 1976/2562/1927
f 1975/2558/1926 1976/2562/1927 1973/2556/1924
f 1976/2562/1927 1948/2560/1901 1944/2563/1897
f 1976/2562/1927 1944/2563/1897 1943/2564/1896
f 1976/2562/1927 1943/2564/1896 1973/2556/1924
f 1973/2556/1924 1943/2564/1896 1977/2565/1928
f 1977/2565/1928 1943/2564/1896 1978/2566/1929
f 1978/2566/1929 1943/2564/1896 1942/2567/1895
f 1979/2568/1930 1951/2561/79 1959/2559/1910
f 1979/2568/1930 1959/2559/1910 1955/2569/1906
f 1979/2568/1930 1955/2569/1906 1980/2570/1931
f 1980/2570/1931 1955/2569/1906 1954/2571/1905
f 1951/2561/79 1979/2568/1930 1981/2572/1932
f 1951/2561/79 1981/2572/1932 1950/2573/1903
f 1950/2573/1903 1981/2572/1932 1952/2574/1904
f 1981/2572/1932 1979/2568/1930 1982/2575/1933
f 1982/2575/1933 1979/2568/1930 1980/2570/1931
f 1981/2572/1932 1982/2575/1933 1952/2574/1904
f 1982/2575/1933 1980/2570/1931 1954/2571/1905
f 1952/2574/1904 1982/2575/1933 1949/2576/1902
f 1949/2576/1902 1982/2575/1933 1954/2571/1905
f 1983/2577/1934 1934/2578/1887 1933/2579/1886
f 1934/2578/1887 1983/2577/1934 1888/2580/1842
f 1983/2577/1934 1933/2579/1886 1967/2581/1918
f 1888/2580/1842 1983/2577/1934 1984/2582/1935
f 1984/2582/1935 1983/2577/1934 1967/2581/1918
f 1888/2580/1842 1984/2582/1935 1985/2583/1936
f 1888/2580/1842 1985/2583/1936 1986/2584/1937
f 1984/2582/1935 1967/2581/1918 1987/2585/1938
f 1987/2585/1938 1967/2581/1918 1966/2586/1917
f 1985/2583/1936 1984/2582/1935 1988/2587/1939
f 1985/2583/1936 1988/2587/1939 1986/2584/1937
f 1984/2582/1935 1987/2585/1938 1989/2588/1940
f 1984/2582/1935 1989/2588/1940 1988/2587/1939
f 1987/2585/1938 1966/2586/1917 1990/2589/1941
f 1987/2585/1938 1990/2589/1941 1989/2588/1940
f 1990/2589/1941 1966/2586/1917 1965/2590/1916
f 1990/2589/1941 1965/2590/1916 1969/2591/1920
f 1986/2584/1937 1988/2587/1939 1991/2592/1942
f 1991/2592/1942 1988/2587/1939 1989/2588/1940
f 1986/2584/1937 1991/2592/1942 1992/2593/1801
f 1986/2584/1937 1992/2593/1801 1993/2594/1943
f 1990/2589/1941 1969/2591/1920 1994/2595/1944
f 1994/2595/1944 1969/2591/1920 1971/2596/1922
f 1995/2597/1945 1989/2588/1940 1990/2589/1941
f 1995/2597/1945 1990/2589/1941 1994/2595/1944
f 1991/2592/1942 1989/2588/1940 1996/2598/1946
f 1996/2598/1946 1989/2588/1940 1995/2597/1945
f 1997/2599/1947 1992/2593/1801 1991/2592/1942
f 1997/2599/1947 1991/2592/1942 1996/2598/1946
f 1992/2593/1801 1997/2599/1947 1998/2600/1948
f 1992/2593/1801 1998/2600/1948 1993/2594/1943
f 1995/2597/1945 1994/2595/1944 1999/2601/1949
f 1999/2601/1949 1994/2595/1944 1971/2596/1922
f 1996/2598/1946 1995/2597/1945 2000/2602/1950
f 2000/2602/1950 1995/2597/1945 1999/2601/1949
f 1997/2599/1947 1996/2598/1946 2001/2603/1951
f 2001/2603/1951 1996/2598/1946 2000/2602/1950
f 1997/2599/1947 2001/2603/1951 2002/2604/1952
f 1997/2599/1947 2002/2604/1952 1998/2600/1948
f 1999/2601/1949 1971/2596/1922 1974/2605/1925
f 1974/2605/1925 1971/2596/1922 1970/2606/1921
f 1999/2601/1949 1974/2605/1925 2003/2607/1953
f 1999/2601/1949 2003/2607/1953 2000/2602/1950
f 1973/2608/1924 1977/2609/1928 1974/2605/1925
f 1974/2605/1925 1977/2609/1928 2004/2610/1954
f 1974/2605/1925 2004/2610/1954 2003/2607/1953
f 2004/2610/1954 1977/2609/1928 1978/2611/1929
f 2000/2602/1950 2003/2607/1953 2005/2612/1955
f 2005/2612/1955 2003/2607/1953 2004/2610/1954
f 2005/2612/1955 2004/2610/1954 2006/2613/1956
f 2000/2602/1950 2005/2612/1955 2007/2614/1957
f 2007/2614/1957 2005/2612/1955 2006/2613/1956
f 2004/2610/1954 1978/2611/1929 2008/2615/1958
f 2004/2610/1954 2008/2615/1958 2006/2613/1956
f 2008/2615/1958 1978/2611/1929 2009/2616/1959
f 2009/2616/1959 1978/2611/1929 1942/2617/1895
f 2006/2613/1956 2008/2615/1958 2010/2618/1960
f 2010/2618/1960 2008/2615/1958 2009/2616/1959
f 2006/2613/1956 2010/2618/1960 2011/2619/1961
f 2009/2616/1959 1942/2617/1895 2012/2620/1085
f 2009/2616/1959 2012/2620/1085 2010/2618/1960
f 2011/2619/1961 2010/2618/1960 2013/2621/1962
f 2013/2621/1962 2010/2618/1960 2012/2620/1085
f 2006/2613/1956 2011/2619/1961 2014/2622/1963
f 2006/2613/1956 2014/2622/1963 2007/2614/1957
f 2014/2622/1963 2011/2619/1961 2013/2621/1962
f 2013/2621/1962 2012/2620/1085 2015/2623/1964
f 2016/2624/1965 2012/2620/1085 1942/2617/1895
f 2012/2620/1085 2016/2624/1965 2015/2623/1964
f 2016/2624/1965 1942/2617/1895 1938/2625/1891
f 2016/2624/1965 1938/2625/1891 1939/2626/1892
f 2016/2624/1965 1939/2626/1892 2017/2627/1966
f 2016/2624/1965 2017/2627/1966 2015/2623/1964
f 2013/2621/1962 2015/2623/1964 2018/2628/1967
f 2019/2629/1968 2014/2622/1963 2013/2621/1962
f 2019/2629/1968 2013/2621/1962 2018/2628/1967
f 2014/2622/1963 2019/2629/1968 2020/2630/1957
f 2014/2622/1963 2020/2630/1957 2007/2614/1957
f 2019/2629/1968 2018/2628/1967 2021/2631/1969
f 2019/2629/1968 2021/2631/1969 2020/2630/1957
f 2021/2631/1969 2018/2628/1967 2022/2632/1970
f 2007/2614/1957 2020/2630/1957 2023/2633/1971
f 2023/2633/1971 2020/2630/1957 2021/2631/1969
f 2007/2614/1957 2023/2633/1971 2000/2602/1950
f 2021/2631/1969 2022/2632/1970 2024/2634/1972
f 2021/2631/1969 2024/2634/1972 2023/2633/1971
f 2024/2634/1972 2022/2632/1970 2025/2635/1973
f 2000/2602/1950 2023/2633/1971 2001/2603/1951
f 2024/2634/1972 2025/2635/1973 2026/2636/1974
f 2024/2634/1972 2026/2636/1974 2023/2633/1971
f 2001/2603/1951 2023/2633/1971 2027/2637/1975
f 2001/2603/1951 2027/2637/1975 2002/2604/1952
f 2027/2637/1975 2023/2633/1971 2028/2638/1976
f 2028/2638/1976 2023/2633/1971 2026/2636/1974
f 2002/2604/1952 2027/2637/1975 2029/2639/1977
f 2027/2637/1975 2028/2638/1976 2030/2640/1978
f 2027/2637/1975 2030/2640/1978 2029/2639/1977
f 2002/2604/1952 2029/2639/1977 1998/2600/1948
f 2028/2638/1976 2026/2636/1974 2031/2641/1979
f 2028/2638/1976 2031/2641/1979 2032/2642/1980
f 2028/2638/1976 2032/2642/1980 2030/2640/1978
f 2031/2641/1979 2026/2636/1974 2033/2643/1981
f 2031/2641/1979 2033/2643/1981 2032/2642/1980
f 2034/2644/1982 2026/2636/1974 2025/2635/1973
f 2026/2636/1974 2034/2644/1982 2033/2643/1981
f 2034/2644/1982 2025/2635/1973 2035/2645/1983
f 2034/2644/1982 2035/2645/1983 2036/2646/1984
f 2034/2644/1982 2036/2646/1984 2033/2643/1981
f 2033/2643/1981 2036/2646/1984 2037/2647/1985
f 2033/2643/1981 2037/2647/1985 2032/2642/1980
f 2037/2647/1985 2036/2646/1984 2038/2648/1986
f 2032/2642/1980 2037/2647/1985 2039/2649/1987
f 2032/2642/1980 2039/2649/1987 2030/2640/1978
f 2037/2647/1985 2038/2648/1986 2040/2650/1988
f 2037/2647/1985 2040/2650/1988 2039/2649/1987
f 2040/2650/1988 2038/2648/1986 2041/2651/1989
f 2040/2650/1988 2041/2651/1989 2042/2652/1053
f 2030/2640/1978 2039/2649/1987 2043/2653/1990
f 2040/2650/1988 2042/2652/1053 2044/2654/1991
f 2039/2649/1987 2040/2650/1988 2045/2655/80
f 2045/2655/80 2040/2650/1988 2044/2654/1991
f 2044/2654/1991 2042/2652/1053 2046/2656/1992
f 2044/2654/1991 2046/2656/1992 2045/2655/80
f 2030/2640/1978 2043/2653/1990 2047/2657/1993
f 2030/2640/1978 2047/2657/1993 2029/2639/1977
f 2048/2658/1994 2043/2653/1990 2039/2649/1987
f 2048/2658/1994 2039/2649/1987 2045/2655/80
f 2043/2653/1990 2048/2658/1994 2047/2657/1993
f 2029/2639/1977 2047/2657/1993 2049/2659/1995
f 2049/2659/1995 2047/2657/1993 2048/2658/1994
f 2029/2639/1977 2049/2659/1995 1998/2600/1948
f 2048/2658/1994 2045/2655/80 2050/2660/1996
f 2048/2658/1994 2050/2660/1996 2049/2659/1995
f 2050/2660/1996 2045/2655/80 2046/2656/1992
f 1998/2600/1948 2049/2659/1995 2051/2661/1997
f 2049/2659/1995 2050/2660/1996 2052/2662/1998
f 2049/2659/1995 2052/2662/1998 2051/2661/1997
f 2052/2662/1998 2050/2660/1996 2053/2663/1999
f 2053/2663/1999 2050/2660/1996 2046/2656/1992
f 2051/2661/1997 2052/2662/1998 2054/2664/2000
f 2054/2664/2000 2052/2662/1998 2055/2665/2001
f 2055/2665/2001 2052/2662/1998 2053/2663/1999
f 2054/2664/2000 2055/2665/2001 2056/2666/2002
f 2054/2664/2000 2056/2666/2002 2051/2661/1997
f 2055/2665/2001 2053/2663/1999 2057/2667/1792
f 2057/2667/1792 2053/2663/1999 2058/2668/2001
f 2051/2661/1997 2056/2666/2002 2059/2669/2003
f 2051/2661/1997 2059/2669/2003 2060/2670/2004
f 2058/2668/2001 2053/2663/1999 2061/2671/2005
f 2051/2661/1997 2060/2670/2004 2062/2672/2006
f 2051/2661/1997 2062/2672/2006 2063/2673/2007
f 2063/2673/2007 2062/2672/2006 2060/2670/2004
f 2051/2661/1997 2063/2673/2007 1998/2600/1948
f 2063/2673/2007 2060/2670/2004 2064/2674/2008
f 1998/2600/1948 2063/2673/2007 1993/2594/1943
f 1993/2594/1943 2063/2673/2007 2064/2674/2008
f 2065/2675/2009 2061/2671/2005 2053/2663/1999
f 2065/2675/2009 2053/2663/1999 2046/2656/1992
f 2065/2675/2009 2046/2656/1992 2042/2652/1053
f 2065/2675/2009 2042/2652/1053 2066/2676/2010
f 2065/2675/2009 2066/2676/2010 2067/2677/2011
f 2065/2675/2009 2067/2677/2011 2061/2671/2005
f 2061/2671/2005 2067/2677/2011 2068/2678/2012
f 2061/2671/2005 2068/2678/2012 1825/2679/1784
f 2061/2671/2005 1825/2679/1784 1824/2680/1784
f 1825/2679/1784 2068/2678/2012 2069/2681/2013
f 1888/2682/1842 1986/2683/1937 1887/2684/1090
f 1887/2684/1090 1986/2683/1937 1889/2685/1843
f 1889/2685/1843 1986/2683/1937 2064/2686/2008
f 2064/2686/2008 1986/2683/1937 1993/2687/1943
f 1889/2685/1843 2064/2686/2008 1830/2688/1789
f 1889/2685/1843 1830/2688/1789 1831/2689/1790
f 1830/2688/1789 2064/2686/2008 2058/2690/2001
f 2058/2690/2001 2064/2686/2008 2070/2691/2014
f 1830/2688/1789 2058/2690/2001 1826/2692/1785
f 1826/2692/1785 2058/2690/2001 2061/2693/2005
f 1826/2692/1785 2061/2693/2005 1824/2694/1784
f 2071/2695/2015 2072/2696/2016 2073/2697/2017
f 2073/2697/2017 2072/2696/2016 2070/2698/2014
f 2073/2697/2017 2070/2698/2014 2064/2699/2008
f 2072/2696/2016 2071/2695/2015 2074/2700/2018
f 2073/2697/2017 2064/2699/2008 2075/2701/2019
f 2073/2697/2017 2075/2701/2019 2071/2695/2015
f 2071/2695/2015 2075/2701/2019 2074/2700/2018
f 2075/2701/2019 2064/2699/2008 2060/2702/2004
f 2075/2701/2019 2060/2702/2004 2059/2703/2003
f 2075/2701/2019 2059/2703/2003 2076/2704/2020
f 2075/2701/2019 2076/2704/2020 2074/2700/2018
f 2076/2704/2020 2059/2703/2003 2077/2705/2021
f 2074/2700/2018 2076/2704/2020 2078/2706/2022
f 2074/2700/2018 2078/2706/2022 2077/2705/2021
f 2077/2705/2021 2078/2706/2022 2076/2704/2020
f 318/2707/310 1689/2708/1655 321/2709/313
f 318/2707/310 321/2709/313 317/2710/309
f 321/2709/313 1689/2708/1655 2079/2711/2023
f 321/2709/313 2079/2711/2023 320/2712/312
f 320/2712/312 2079/2711/2023 2080/2713/2024
f 320/2712/312 2080/2713/2024 607/2714/598
f 607/2714/598 2080/2713/2024 609/2715/600
f 609/2715/600 2080/2713/2024 2081/2716/2025
f 2081/2716/2025 2080/2713/2024 2079/2711/2023
f 612/2717/603 611/2718/602 609/2715/600
f 612/2717/603 609/2715/600 2081/2716/2025
f 612/2717/603 2081/2716/2025 588/2719/579
f 612/2717/603 588/2719/579 591/2720/582
f 588/2719/579 2081/2716/2025 2082/2721/2026
f 588/2719/579 2082/2721/2026 586/2722/577
f 586/2722/577 2082/2721/2026 2083/2723/2027
f 2082/2721/2026 2081/2716/2025 2084/2724/2028
f 2084/2724/2028 2081/2716/2025 2079/2711/2023
f 2083/2723/2027 2082/2721/2026 2085/2725/2029
f 2086/2726/2030 2083/2723/2027 2087/2727/2031
f 2087/2727/2031 2083/2723/2027 2085/2725/2029
f 2082/2721/2026 2084/2724/2028 2088/2728/2032
f 2082/2721/2026 2088/2728/2032 2085/2725/2029
f 2084/2724/2028 2079/2711/2023 2089/2729/2033
f 2088/2728/2032 2084/2724/2028 2090/2730/2034
f 2090/2730/2034 2084/2724/2028 2089/2729/2033
f 2085/2725/2029 2088/2728/2032 2091/2731/2035
f 2091/2731/2035 2088/2728/2032 2090/2730/2034
f 2087/2727/2031 2085/2725/2029 2092/2732/2036
f 2087/2727/2031 2092/2732/2036 2093/2733/2037
f 2085/2725/2029 2091/2731/2035 2094/2734/2038
f 2085/2725/2029 2094/2734/2038 2092/2732/2036
f 2091/2731/2035 2090/2730/2034 2095/2735/2039
f 2093/2733/2037 2092/2732/2036 2096/2736/2040
f 2093/2733/2037 2096/2736/2040 2097/2737/2041
f 2092/2732/2036 2094/2734/2038 2098/2738/2042
f 2092/2732/2036 2098/2738/2042 2096/2736/2040
f 2094/2734/2038 2091/2731/2035 2099/2739/2043
f 2099/2739/2043 2091/2731/2035 2095/2735/2039
f 2098/2738/2042 2094/2734/2038 2100/2740/2044
f 2100/2740/2044 2094/2734/2038 2099/2739/2043
f 2096/2736/2040 2098/2738/2042 2101/2741/2045
f 2101/2741/2045 2098/2738/2042 2100/2740/2044
f 2102/2742/2046 2096/2736/2040 2103/2743/2047
f 2103/2743/2047 2096/2736/2040 2101/2741/2045
f 2103/2743/2047 2101/2741/2045 2104/2744/2048
f 2103/2743/2047 2104/2744/2048 2105/2745/2049
f 2104/2744/2048 2101/2741/2045 2106/2746/2050
f 2106/2746/2050 2101/2741/2045 2107/2747/2051
f 2107/2747/2051 2101/2741/2045 2100/2740/2044
f 2107/2747/2051 2100/2740/2044 2108/2748/2052
f 2108/2748/2052 2100/2740/2044 2109/2749/2053
f 2109/2749/2053 2100/2740/2044 2099/2739/2043
f 2108/2748/2052 2109/2749/2053 2110/2750/2054
f 2109/2749/2053 2099/2739/2043 2111/2751/2055
f 2110/2750/2054 2109/2749/2053 2112/2752/2056
f 2111/2751/2055 2099/2739/2043 2095/2735/2039
f 2112/2752/2056 2109/2749/2053 2113/2753/2057
f 2113/2753/2057 2109/2749/2053 2111/2751/2055
f 2110/2750/2054 2112/2752/2056 2114/2754/2058
f 2114/2754/2058 2112/2752/2056 2113/2753/2057
f 2111/2751/2055 2095/2735/2039 2115/2755/2059
f 2111/2751/2055 2115/2755/2059 2113/2753/2057
f 2110/2750/2054 2114/2754/2058 2116/2756/2060
f 2110/2750/2054 2116/2756/2060 1805/2757/1769
f 1805/2757/1769 2116/2756/2060 1804/2758/1768
f 1804/2758/1768 2116/2756/2060 2117/2759/2061
f 1804/2758/1768 2117/2759/2061 1802/2760/1766
f 2116/2756/2060 2114/2754/2058 2118/2761/2062
f 2116/2756/2060 2118/2761/2062 2117/2759/2061
f 2119/2762/2063 2114/2754/2058 2113/2753/2057
f 2114/2754/2058 2119/2762/2063 2118/2761/2062
f 1802/2760/1766 2117/2759/2061 2120/2763/2064
f 1802/2760/1766 2120/2763/2064 1800/2764/1764
f 2117/2759/2061 2118/2761/2062 2121/2765/2065
f 2117/2759/2061 2121/2765/2065 2120/2763/2064
f 2118/2761/2062 2119/2762/2063 2122/2766/2066
f 2118/2761/2062 2122/2766/2066 2121/2765/2065
f 1800/2764/1764 2120/2763/2064 2123/2767/2067
f 1800/2764/1764 2123/2767/2067 1796/2768/1760
f 2120/2763/2064 2121/2765/2065 2124/2769/2068
f 2120/2763/2064 2124/2769/2068 2123/2767/2067
f 1796/2768/1760 2123/2767/2067 1795/2770/1759
f 1795/2770/1759 2123/2767/2067 2124/2769/2068
f 2121/2765/2065 2122/2766/2066 2125/2771/2069
f 2121/2765/2065 2125/2771/2069 2124/2769/2068
f 2125/2771/2069 2122/2766/2066 2126/2772/2070
f 2126/2772/2070 2122/2766/2066 2119/2762/2063
f 2124/2769/2068 2125/2771/2069 2127/2773/2071
f 1795/2770/1759 2124/2769/2068 2128/2774/2072
f 2128/2774/2072 2124/2769/2068 2127/2773/2071
f 1795/2770/1759 2128/2774/2072 1791/2775/1755
f 1795/2770/1759 1791/2775/1755 1793/2776/1757
f 1791/2775/1755 2128/2774/2072 1790/2777/1754
f 1790/2777/1754 2128/2774/2072 2127/2773/2071
f 2127/2773/2071 2125/2771/2069 2129/2778/2073
f 2129/2778/2073 2125/2771/2069 2126/2772/2070
f 1790/2777/1754 2127/2773/2071 2130/2779/2074
f 2130/2779/2074 2127/2773/2071 2129/2778/2073
f 1790/2777/1754 2130/2779/2074 1787/2780/1751
f 1787/2780/1751 2130/2779/2074 1778/2781/1742
f 1778/2781/1742 2130/2779/2074 1777/2782/1741
f 2129/2778/2073 2126/2772/2070 2131/2783/2075
f 2129/2778/2073 2131/2783/2075 2130/2779/2074
f 1777/2782/1741 2130/2779/2074 2132/2784/2076
f 2132/2784/2076 2130/2779/2074 2131/2783/2075
f 1777/2782/1741 2132/2784/2076 1780/2785/1744
f 2132/2784/2076 2131/2783/2075 2133/2786/2077
f 2133/2786/2077 2131/2783/2075 2126/2772/2070
f 2132/2784/2076 2133/2786/2077 1780/2785/1744
f 1780/2785/1744 2133/2786/2077 2134/2787/2078
f 2133/2786/2077 2126/2772/2070 2135/2788/2079
f 2133/2786/2077 2135/2788/2079 2134/2787/2078
f 2135/2788/2079 2126/2772/2070 2119/2762/2063
f 2135/2788/2079 2119/2762/2063 2113/2753/2057
f 2134/2787/2078 2135/2788/2079 2136/2789/2080
f 2136/2789/2080 2135/2788/2079 2113/2753/2057
f 2134/2787/2078 2136/2789/2080 1780/2785/1744
f 1780/2785/1744 2136/2789/2080 1781/2790/1745
f 2136/2789/2080 2113/2753/2057 2115/2755/2059
f 1781/2790/1745 2136/2789/2080 2137/2791/2081
f 2137/2791/2081 2136/2789/2080 2115/2755/2059
f 1781/2790/1745 2137/2791/2081 1784/2792/1748
f 1784/2792/1748 2137/2791/2081 1678/2793/1644
f 1678/2793/1644 2137/2791/2081 1681/2794/1647
f 1681/2794/1647 2137/2791/2081 1685/2795/1651
f 2137/2791/2081 2115/2755/2059 2138/2796/2082
f 2137/2791/2081 2138/2796/2082 1685/2795/1651
f 2138/2796/2082 2115/2755/2059 2139/2797/2083
f 2139/2797/2083 2115/2755/2059 2095/2735/2039
f 1685/2795/1651 2138/2796/2082 2140/2798/2084
f 1685/2795/1651 2140/2798/2084 1684/2799/1650
f 1684/2799/1650 2140/2798/2084 1689/2708/1655
f 1689/2708/1655 2140/2798/2084 2141/2800/2085
f 2141/2800/2085 2140/2798/2084 2138/2796/2082
f 1689/2708/1655 2141/2800/2085 2079/2711/2023
f 2079/2711/2023 2141/2800/2085 2089/2729/2033
f 2139/2797/2083 2095/2735/2039 2142/2801/2086
f 2139/2797/2083 2142/2801/2086 2138/2796/2082
f 2138/2796/2082 2142/2801/2086 2141/2800/2085
f 2141/2800/2085 2142/2801/2086 2089/2729/2033
f 2142/2801/2086 2095/2735/2039 2090/2730/2034
f 2142/2801/2086 2090/2730/2034 2089/2729/2033
f 587/2802/578 586/2803/577 2086/2804/2030
f 2086/2804/2030 586/2803/577 2083/2805/2027
f 587/2802/578 2086/2804/2030 2143/2806/2087
f 587/2802/578 2143/2806/2087 589/2807/580
f 2143/2806/2087 2086/2804/2030 2144/2808/2088
f 2144/2808/2088 2086/2804/2030 2087/2809/2031
f 589/2807/580 2143/2806/2087 593/2810/584
f 2144/2808/2088 2087/2809/2031 2093/2811/2037
f 2144/2808/2088 2093/2811/2037 2097/2812/2041
f 2143/2806/2087 2144/2808/2088 2145/2813/2089
f 2143/2806/2087 2145/2813/2089 593/2810/584
f 2144/2808/2088 2097/2812/2041 2146/2814/2090
f 2144/2808/2088 2146/2814/2090 2145/2813/2089
f 593/2810/584 2145/2813/2089 2147/2815/2091
f 2145/2813/2089 2146/2814/2090 2148/2816/2092
f 2145/2813/2089 2148/2816/2092 2147/2815/2091
f 593/2810/584 2147/2815/2091 2149/2817/2093
f 2149/2817/2093 2147/2815/2091 2148/2816/2092
f 593/2810/584 2149/2817/2093 594/2818/585
f 594/2818/585 2149/2817/2093 743/2819/734
f 743/2819/734 2149/2817/2093 2150/2820/2094
f 743/2819/734 2150/2820/2094 742/2821/733
f 2149/2817/2093 2148/2816/2092 2151/2822/2095
f 2149/2817/2093 2151/2822/2095 2150/2820/2094
f 742/2821/733 2150/2820/2094 815/2823/804
f 742/2821/733 815/2823/804 807/2824/796
f 742/2821/733 807/2824/796 739/2825/730
f 815/2823/804 2150/2820/2094 817/2826/806
f 817/2826/806 2150/2820/2094 2151/2822/2095
f 815/2823/804 817/2826/806 814/2827/803
f 2152/2828/2096 2151/2822/2095 2148/2816/2092
f 2152/2828/2096 2148/2816/2092 2153/2829/2097
f 2153/2829/2097 2148/2816/2092 2146/2814/2090
f 2151/2822/2095 2152/2828/2096 2154/2830/2098
f 2151/2822/2095 2154/2830/2098 817/2826/806
f 817/2826/806 2154/2830/2098 820/2831/809
f 817/2826/806 820/2831/809 818/2832/807
f 2154/2830/2098 2152/2828/2096 2155/2833/2099
f 2155/2833/2099 2152/2828/2096 2153/2829/2097
f 820/2831/809 2154/2830/2098 2156/2834/2100
f 2156/2834/2100 2154/2830/2098 2155/2833/2099
f 820/2831/809 2156/2834/2100 821/2835/810
f 2156/2834/2100 2155/2833/2099 2157/2836/2101
f 2156/2834/2100 2157/2836/2101 821/2835/810
f 2157/2836/2101 2155/2833/2099 2153/2829/2097
f 821/2835/810 2157/2836/2101 2158/2837/2102
f 821/2835/810 2158/2837/2102 825/2838/814
f 2157/2836/2101 2153/2829/2097 2159/2839/2103
f 2158/2837/2102 2157/2836/2101 2160/2840/2104
f 2160/2840/2104 2157/2836/2101 2159/2839/2103
f 825/2838/814 2158/2837/2102 2161/2841/2105
f 825/2838/814 2161/2841/2105 830/2842/819
f 830/2842/819 2161/2841/2105 2162/2843/2106
f 830/2842/819 2162/2843/2106 831/2844/820
f 831/2844/820 2162/2843/2106 2163/2845/2107
f 2163/2845/2107 2162/2843/2106 2161/2841/2105
f 831/2844/820 2163/2845/2107 2164/2846/2108
f 2161/2841/2105 2158/2837/2102 2165/2847/2109
f 2161/2841/2105 2165/2847/2109 2163/2845/2107
f 2165/2847/2109 2158/2837/2102 2160/2840/2104
f 2164/2846/2108 2163/2845/2107 2166/2848/2110
f 2164/2846/2108 2166/2848/2110 2167/2849/2111
f 2167/2849/2111 2166/2848/2110 2168/2850/2112
f 2166/2848/2110 2163/2845/2107 2169/2851/2113
f 2169/2851/2113 2163/2845/2107 2165/2847/2109
f 2166/2848/2110 2169/2851/2113 2168/2850/2112
f 2165/2847/2109 2160/2840/2104 2170/2852/2114
f 2165/2847/2109 2170/2852/2114 2169/2851/2113
f 2168/2850/2112 2169/2851/2113 2171/2853/2115
f 2168/2850/2112 2171/2853/2115 2172/2854/2116
f 2169/2851/2113 2170/2852/2114 2173/2855/2117
f 2169/2851/2113 2173/2855/2117 2171/2853/2115
f 2172/2854/2116 2171/2853/2115 2174/2856/2118
f 2170/2852/2114 2160/2840/2104 2175/2857/2119
f 2170/2852/2114 2175/2857/2119 2173/2855/2117
f 2171/2853/2115 2173/2855/2117 2176/2858/2120
f 2176/2858/2120 2173/2855/2117 2177/2859/2121
f 2177/2859/2121 2173/2855/2117 2178/2860/2122
f 2178/2860/2122 2173/2855/2117 2175/2857/2119
f 2178/2860/2122 2175/2857/2119 2105/2861/2049
f 2175/2857/2119 2160/2840/2104 2179/2862/2123
f 2175/2857/2119 2179/2862/2123 2105/2861/2049
f 2179/2862/2123 2160/2840/2104 2159/2839/2103
f 2171/2853/2115 2176/2858/2120 2180/2863/2124
f 2171/2853/2115 2180/2863/2124 2174/2856/2118
f 2180/2863/2124 2176/2858/2120 2181/2864/2125
f 2180/2863/2124 2181/2864/2125 2182/2865/2126
f 2174/2856/2118 2180/2863/2124 2183/2866/2127
f 2183/2866/2127 2180/2863/2124 2182/2865/2126
f 2174/2856/2118 2183/2866/2127 2184/2867/2128
f 2184/2867/2128 2183/2866/2127 2185/2868/2129
f 2185/2868/2129 2183/2866/2127 2182/2865/2126
f 2185/2868/2129 2182/2865/2126 2186/2869/2130
f 2186/2869/2130 2182/2865/2126 2187/2870/2131
f 2102/2871/2046 2105/2861/2049 2179/2862/2123
f 2105/2861/2049 2102/2871/2046 2103/2872/2047
f 2102/2871/2046 2179/2862/2123 2188/2873/2132
f 2188/2873/2132 2179/2862/2123 2159/2839/2103
f 2188/2873/2132 2159/2839/2103 2153/2829/2097
f 2188/2873/2132 2153/2829/2097 2146/2814/2090
f 2188/2873/2132 2146/2814/2090 2097/2812/2041
f 2188/2873/2132 2097/2812/2041 2102/2871/2046
f 2102/2871/2046 2097/2812/2041 2096/2874/2040
f 1810/2875/1774 1720/2876/1684 1718/2877/1682
f 1718/2877/1682 1720/2876/1684 1717/2878/1681
f 1720/2876/1684 1810/2875/1774 2189/2879/2133
f 2189/2879/2133 1810/2875/1774 2190/2880/2134
f 1720/2876/1684 2189/2879/2133 1721/2881/1685
f 2189/2879/2133 2190/2880/2134 2191/2882/2135
f 2191/2882/2135 2190/2880/2134 2192/2883/2136
f 2191/2882/2135 2192/2883/2136 2193/2884/2137
f 2191/2882/2135 2193/2884/2137 2194/2885/2138
f 2191/2882/2135 2194/2885/2138 2195/2886/2139
f 2191/2882/2135 2195/2886/2139 2196/2887/2140
f 2189/2879/2133 2191/2882/2135 2197/2888/2141
f 2189/2879/2133 2197/2888/2141 1721/2881/1685
f 2197/2888/2141 2191/2882/2135 2196/2887/2140
f 1721/2881/1685 2197/2888/2141 2198/2889/2142
f 2198/2889/2142 2197/2888/2141 2196/2887/2140
f 1722/2890/1686 1721/2881/1685 2199/2891/2143
f 2199/2891/2143 1721/2881/1685 2198/2889/2142
f 2199/2891/2143 2198/2889/2142 2200/2892/2144
f 2198/2889/2142 2196/2887/2140 2201/2893/2145
f 2201/2893/2145 2196/2887/2140 2202/2894/2146
f 2200/2892/2144 2198/2889/2142 2203/2895/2147
f 2203/2895/2147 2198/2889/2142 2201/2893/2145
f 2200/2892/2144 2203/2895/2147 2204/2896/2148
f 2203/2895/2147 2201/2893/2145 2205/2897/2149
f 2204/2896/2148 2203/2895/2147 2187/2898/2131
f 2203/2895/2147 2205/2897/2149 2206/2899/2150
f 2187/2898/2131 2203/2895/2147 2186/2900/2130
f 2186/2900/2130 2203/2895/2147 2206/2899/2150
f 1809/2901/1773 2190/2902/2134 1810/2903/1774
f 2190/2902/2134 1809/2901/1773 1811/2904/1775
f 1811/2904/1775 1809/2901/1773 1807/2905/1771
f 2190/2902/2134 1811/2904/1775 1812/2906/490
f 2190/2902/2134 1812/2906/490 2207/2907/2151
f 2190/2902/2134 2207/2907/2151 2192/2908/2136
f 2207/2907/2151 1812/2906/490 1813/2909/84
f 2207/2907/2151 1813/2909/84 2192/2908/2136
f 2192/2908/2136 1813/2909/84 2208/2910/2152
f 2192/2908/2136 2208/2910/2152 2193/2911/2137
f 2208/2910/2152 1813/2909/84 1815/2912/84
f 2209/2913/2153 2193/2914/2137 2208/2915/2152
f 2193/2914/2137 2209/2913/2153 2194/2916/2138
f 2194/2916/2138 2209/2913/2153 2210/2917/2154
f 2209/2913/2153 2208/2915/2152 1815/2918/84
f 2210/2917/2154 2209/2913/2153 2211/2919/2155
f 2211/2919/2155 2209/2913/2153 1815/2918/84
f 2211/2919/2155 1815/2918/84 2212/2920/2156
f 2212/2920/2156 1815/2918/84 1814/2921/83
f 2212/2920/2156 1814/2921/83 2213/2922/2157
f 2212/2920/2156 2213/2922/2157 2214/2923/2158
f 2214/2923/2158 2213/2922/2157 2215/2924/2159
f 2213/2922/2157 1814/2921/83 2216/2925/2160
f 2213/2922/2157 2216/2925/2160 2215/2924/2159
f 2216/2925/2160 1814/2921/83 2217/2926/2161
f 2217/2926/2161 1814/2921/83 1816/2927/1776
f 2217/2926/2161 1816/2927/1776 1818/2928/1778
f 2216/2925/2160 2217/2926/2161 2218/2929/2162
f 2216/2925/2160 2218/2929/2162 2215/2924/2159
f 2217/2926/2161 1818/2928/1778 2219/2930/1781
f 2217/2926/2161 2219/2930/1781 2218/2929/2162
f 2219/2930/1781 1818/2928/1778 2220/2931/1778
f 2219/2930/1781 2220/2931/1778 2221/2932/2163
f 2218/2929/2162 2219/2930/1781 2222/2933/1784
f 2218/2929/2162 2222/2933/1784 2215/2924/2159
f 2222/2933/1784 2219/2930/1781 2221/2932/2163
f 2215/2924/2159 2222/2933/1784 2223/2934/1991
f 2223/2934/1991 2222/2933/1784 2221/2932/2163
f 2223/2934/1991 2221/2932/2163 2224/2935/2164
f 2195/2936/2139 2194/2937/2138 2225/2938/2165
f 2226/2939/2166 2194/2937/2138 2210/2940/2154
f 2194/2937/2138 2226/2939/2166 2225/2938/2165
f 2225/2938/2165 2226/2939/2166 2227/2941/2167
f 2225/2938/2165 2227/2941/2167 2228/2942/2168
f 2195/2936/2139 2225/2938/2165 2229/2943/2169
f 2229/2943/2169 2225/2938/2165 2228/2942/2168
f 2196/2944/2140 2195/2936/2139 2202/2945/2146
f 2202/2945/2146 2195/2936/2139 2229/2943/2169
f 2202/2945/2146 2229/2943/2169 2230/2946/2170
f 2229/2943/2169 2228/2942/2168 2231/2947/2171
f 2230/2946/2170 2229/2943/2169 2232/2948/2172
f 2232/2948/2172 2229/2943/2169 2231/2947/2171
f 2231/2947/2171 2228/2942/2168 2233/2949/2173
f 2230/2946/2170 2232/2948/2172 2234/2950/2174
f 2234/2950/2174 2232/2948/2172 2231/2947/2171
f 2230/2946/2170 2234/2950/2174 2235/2951/2175
f 2231/2947/2171 2233/2949/2173 2236/2952/2176
f 2236/2952/2176 2233/2949/2173 2237/2953/2177
f 2236/2952/2176 2237/2953/2177 2238/2954/2178
f 2231/2947/2171 2236/2952/2176 2239/2955/2179
f 2231/2947/2171 2239/2955/2179 2234/2950/2174
f 2236/2952/2176 2238/2954/2178 2240/2956/2180
f 2236/2952/2176 2240/2956/2180 2239/2955/2179
f 2241/2957/2181 2235/2951/2175 2234/2950/2174
f 2241/2957/2181 2234/2950/2174 2239/2955/2179
f 2235/2951/2175 2241/2957/2181 2242/2958/2182
f 2242/2958/2182 2241/2957/2181 2243/2959/2183
f 2243/2959/2183 2241/2957/2181 2239/2955/2179
f 2242/2958/2182 2243/2959/2183 2244/2960/2184
f 2244/2960/2184 2243/2959/2183 2245/2961/2185
f 2243/2959/2183 2239/2955/2179 2246/2962/2186
f 2243/2959/2183 2246/2962/2186 2245/2961/2185
f 2246/2962/2186 2239/2955/2179 2240/2956/2180
f 2245/2961/2185 2246/2962/2186 2247/2963/2187
f 2246/2962/2186 2240/2956/2180 2248/2964/2188
f 2246/2962/2186 2248/2964/2188 2247/2963/2187
f 2248/2964/2188 2240/2956/2180 2238/2954/2178
f 2247/2963/2187 2248/2964/2188 2249/2965/2189
f 2248/2964/2188 2238/2954/2178 2250/2966/2190
f 2248/2964/2188 2250/2966/2190 2251/2967/2191
f 2252/2968/2192 831/1013/820 2164/2969/2108
f 831/1013/820 2252/2968/2192 829/1011/818
f 2252/2968/2192 2164/2969/2108 856/1038/845
f 829/1011/818 2252/2968/2192 858/1040/847
f 2252/2968/2192 856/1038/845 855/1037/844
f 2252/2968/2192 855/1037/844 858/1040/847
f 2253/2970/2193 1805/2971/1769 1747/2972/1711
f 1805/2971/1769 2253/2970/2193 2110/2973/2054
f 2253/2970/2193 1747/2972/1711 1743/2974/1707
f 2110/2973/2054 2253/2970/2193 2254/2975/2194
f 2110/2973/2054 2254/2975/2194 2108/2976/2052
f 2253/2970/2193 1743/2974/1707 2255/2977/2195
f 2253/2970/2193 2255/2977/2195 2254/2975/2194
f 2255/2977/2195 1743/2974/1707 2256/2978/2196
f 2256/2978/2196 1743/2974/1707 1735/2979/1699
f 2256/2978/2196 1735/2979/1699 1736/2980/1700
f 2108/2976/2052 2254/2975/2194 2106/2981/2050
f 2108/2976/2052 2106/2981/2050 2107/2982/2051
f 2254/2975/2194 2255/2977/2195 2257/2983/2197
f 2254/2975/2194 2257/2983/2197 2106/2981/2050
f 2255/2977/2195 2256/2978/2196 2258/2984/2198
f 2255/2977/2195 2258/2984/2198 2257/2983/2197
f 2256/2978/2196 1736/2980/1700 2259/2985/2199
f 2259/2985/2199 1736/2980/1700 1726/2986/1690
f 2259/2985/2199 1726/2986/1690 1725/2987/1689
f 2106/2981/2050 2257/2983/2197 2260/2988/2200
f 2106/2981/2050 2260/2988/2200 2104/2989/2048
f 1722/2990/1686 2199/2991/2143 1725/2987/1689
f 1725/2987/1689 2199/2991/2143 2200/2992/2144
f 1725/2987/1689 2200/2992/2144 2259/2985/2199
f 2259/2985/2199 2200/2992/2144 2204/2993/2148
f 2104/2989/2048 2260/2988/2200 2177/2994/2121
f 2104/2989/2048 2177/2994/2121 2178/2995/2122
f 2104/2989/2048 2178/2995/2122 2105/2996/2049
f 2177/2994/2121 2260/2988/2200 2261/2997/2201
f 2261/2997/2201 2260/2988/2200 2257/2983/2197
f 2177/2994/2121 2261/2997/2201 2176/2998/2120
f 2261/2997/2201 2257/2983/2197 2258/2984/2198
f 2176/2998/2120 2261/2997/2201 2181/2999/2125
f 2181/2999/2125 2261/2997/2201 2258/2984/2198
f 2181/2999/2125 2258/2984/2198 2262/3000/2202
f 2262/3000/2202 2258/2984/2198 2256/2978/2196
f 2262/3000/2202 2256/2978/2196 2259/2985/2199
f 2181/2999/2125 2262/3000/2202 2182/3001/2126
f 2262/3000/2202 2259/2985/2199 2263/3002/2203
f 2262/3000/2202 2263/3002/2203 2182/3001/2126
f 2263/3002/2203 2259/2985/2199 2204/2993/2148
f 2182/3001/2126 2263/3002/2203 2187/3003/2131
f 2187/3003/2131 2263/3002/2203 2204/2993/2148
f 2201/3004/2145 2264/3005/2204 2205/3006/2149
f 2264/3005/2204 2201/3004/2145 2265/3007/2205
f 2265/3007/2205 2201/3004/2145 2202/3008/2146
f 2265/3007/2205 2202/3008/2146 2230/3009/2170
f 2265/3007/2205 2230/3009/2170 2266/3010/2206
f 2266/3010/2206 2230/3009/2170 2235/3011/2175
f 2264/3005/2204 2265/3007/2205 2267/3012/2207
f 2265/3007/2205 2266/3010/2206 2268/3013/2208
f 2265/3007/2205 2268/3013/2208 2267/3012/2207
f 2266/3010/2206 2235/3011/2175 2269/3014/2209
f 2266/3010/2206 2269/3014/2209 2268/3013/2208
f 2264/3005/2204 2267/3012/2207 2270/3015/2210
f 2264/3005/2204 2270/3015/2210 2205/3006/2149
f 2267/3012/2207 2268/3013/2208 2271/3016/2211
f 2271/3016/2211 2268/3013/2208 2272/3017/2212
f 2272/3017/2212 2268/3013/2208 2269/3014/2209
f 2267/3012/2207 2271/3016/2211 2273/3018/2213
f 2267/3012/2207 2273/3018/2213 2270/3015/2210
f 2205/3006/2149 2270/3015/2210 2274/3019/2214
f 2274/3019/2214 2270/3015/2210 2273/3018/2213
f 2205/3006/2149 2274/3019/2214 2206/3020/2150
f 2273/3018/2213 2271/3016/2211 2275/3021/2215
f 2275/3021/2215 2271/3016/2211 2272/3017/2212
f 2274/3019/2214 2273/3018/2213 2276/3022/2216
f 2276/3022/2216 2273/3018/2213 2275/3021/2215
f 2206/3020/2150 2274/3019/2214 2277/3023/2217
f 2277/3023/2217 2274/3019/2214 2276/3022/2216
f 2206/3020/2150 2277/3023/2217 2278/3024/2218
f 2206/3020/2150 2278/3024/2218 2186/3025/2130
f 2278/3024/2218 2277/3023/2217 2279/3026/2219
f 2277/3023/2217 2276/3022/2216 2280/3027/2220
f 2277/3023/2217 2280/3027/2220 2279/3026/2219
f 2280/3027/2220 2276/3022/2216 2281/3028/2221
f 2282/3029/2222 2276/3022/2216 2275/3021/2215
f 2276/3022/2216 2282/3029/2222 2281/3028/2221
f 2282/3029/2222 2275/3021/2215 2283/3030/2223
f 2281/3028/2221 2282/3029/2222 2284/3031/2224
f 2284/3031/2224 2282/3029/2222 2283/3030/2223
f 2283/3030/2223 2275/3021/2215 2285/3032/2225
f 2285/3032/2225 2275/3021/2215 2272/3017/2212
f 2284/3031/2224 2283/3030/2223 2286/3033/2226
f 2283/3030/2223 2285/3032/2225 2287/3034/2227
f 2283/3030/2223 2287/3034/2227 2286/3033/2226
f 2285/3032/2225 2272/3017/2212 2288/3035/2228
f 2287/3034/2227 2285/3032/2225 2289/3036/2229
f 2289/3036/2229 2285/3032/2225 2288/3035/2228
f 2288/3035/2228 2272/3017/2212 2290/3037/2230
f 2290/3037/2230 2272/3017/2212 2269/3014/2209
f 2289/3036/2229 2288/3035/2228 2291/3038/2231
f 2288/3035/2228 2290/3037/2230 2292/3039/2232
f 2288/3035/2228 2292/3039/2232 2291/3038/2231
f 2290/3037/2230 2269/3014/2209 2293/3040/2233
f 2290/3037/2230 2293/3040/2233 2292/3039/2232
f 2293/3040/2233 2269/3014/2209 2294/3041/2234
f 2294/3041/2234 2269/3014/2209 2235/3011/2175
f 2294/3041/2234 2235/3011/2175 2242/3042/2182
f 2294/3041/2234 2242/3042/2182 2244/3043/2184
f 2294/3041/2234 2244/3043/2184 2295/3044/2235
f 2294/3041/2234 2295/3044/2235 2293/3040/2233
f 2293/3040/2233 2295/3044/2235 2296/3045/2236
f 2293/3040/2233 2296/3045/2236 2292/3039/2232
f 2292/3039/2232 2296/3045/2236 2297/3046/2237
f 2292/3039/2232 2297/3046/2237 2298/3047/2238
f 2292/3039/2232 2298/3047/2238 2299/3048/2239
f 2292/3039/2232 2299/3048/2239 2291/3038/2231
f 2300/3049/2240 2298/3047/2238 2301/3050/2241
f 2298/3047/2238 2300/3049/2240 2302/3051/2242
f 2298/3047/2238 2302/3051/2242 2299/3048/2239
f 2302/3051/2242 2300/3049/2240 2303/3052/2243
f 2302/3051/2242 2303/3052/2243 2304/3053/2244
f 2302/3051/2242 2304/3053/2244 2299/3048/2239
f 2291/3038/2231 2299/3048/2239 2305/3054/2245
f 2291/3038/2231 2305/3054/2245 2289/3036/2229
f 2299/3048/2239 2304/3053/2244 2306/3055/2246
f 2299/3048/2239 2306/3055/2246 2305/3054/2245
f 2306/3055/2246 2304/3053/2244 2307/3056/2247
f 2289/3036/2229 2305/3054/2245 2308/3057/2248
f 2308/3057/2248 2305/3054/2245 2306/3055/2246
f 2308/3057/2248 2306/3055/2246 2307/3056/2247
f 2289/3036/2229 2308/3057/2248 2287/3034/2227
f 2308/3057/2248 2307/3056/2247 2309/3058/2249
f 2287/3034/2227 2308/3057/2248 2310/3059/2250
f 2310/3059/2250 2308/3057/2248 2309/3058/2249
f 2287/3034/2227 2310/3059/2250 2286/3033/2226
f 2309/3058/2249 2307/3056/2247 2311/3060/2251
f 2286/3033/2226 2310/3059/2250 2312/3061/2252
f 2312/3061/2252 2310/3059/2250 2309/3058/2249
f 2309/3058/2249 2311/3060/2251 2313/3062/2253
f 2309/3058/2249 2313/3062/2253 2312/3061/2252
f 2313/3062/2253 2311/3060/2251 2314/3063/2254
f 2286/3033/2226 2312/3061/2252 2315/3064/2255
f 2315/3064/2255 2312/3061/2252 2313/3062/2253
f 2286/3033/2226 2315/3064/2255 2284/3031/2224
f 2315/3064/2255 2313/3062/2253 2316/3065/2256
f 2315/3064/2255 2316/3065/2256 2284/3031/2224
f 2316/3065/2256 2313/3062/2253 2314/3063/2254
f 2284/3031/2224 2316/3065/2256 2281/3028/2221
f 2316/3065/2256 2314/3063/2254 1281/3066/1249
f 1281/3066/1249 2314/3063/2254 1283/3067/1251
f 2316/3065/2256 1281/3066/1249 2317/3068/2257
f 2316/3065/2256 2317/3068/2257 2281/3028/2221
f 2317/3068/2257 1281/3066/1249 1279/3069/1247
f 2317/3068/2257 1279/3069/1247 1280/3070/1248
f 2281/3028/2221 2317/3068/2257 2318/3071/2258
f 2318/3071/2258 2317/3068/2257 1280/3070/1248
f 2281/3028/2221 2318/3071/2258 2280/3027/2220
f 2318/3071/2258 1280/3070/1248 2319/3072/2259
f 2318/3071/2258 2319/3072/2259 2280/3027/2220
f 2319/3072/2259 1280/3070/1248 861/3073/850
f 2319/3072/2259 861/3073/850 860/3074/849
f 2280/3027/2220 2319/3072/2259 2279/3026/2219
f 2279/3026/2219 2319/3072/2259 860/3074/849
f 2279/3026/2219 860/3074/849 2320/3075/2260
f 2320/3075/2260 860/3074/849 854/3076/843
f 2320/3075/2260 854/3076/843 853/3077/842
f 2279/3026/2219 2320/3075/2260 2321/3078/2261
f 2279/3026/2219 2321/3078/2261 2278/3024/2218
f 2320/3075/2260 853/3077/842 2322/3079/2262
f 2320/3075/2260 2322/3079/2262 2321/3078/2261
f 2322/3079/2262 853/3077/842 849/3080/838
f 2278/3024/2218 2321/3078/2261 2323/3081/2263
f 2323/3081/2263 2321/3078/2261 2322/3079/2262
f 2278/3024/2218 2323/3081/2263 2185/3082/2129
f 2185/3082/2129 2323/3081/2263 2184/3083/2128
f 2184/3083/2128 2323/3081/2263 2324/3084/2264
f 2324/3084/2264 2323/3081/2263 2322/3079/2262
f 2184/3083/2128 2324/3084/2264 2174/3085/2118
f 2322/3079/2262 849/3080/838 2325/3086/2265
f 2322/3079/2262 2325/3086/2265 2324/3084/2264
f 2174/3085/2118 2324/3084/2264 2172/3087/2116
f 2172/3087/2116 2324/3084/2264 2325/3086/2265
f 2325/3086/2265 849/3080/838 850/3088/839
f 2325/3086/2265 850/3088/839 851/3089/840
f 2172/3087/2116 2325/3086/2265 2326/3090/2266
f 2326/3090/2266 2325/3086/2265 851/3089/840
f 2172/3087/2116 2326/3090/2266 2168/3091/2112
f 2326/3090/2266 851/3089/840 856/3092/845
f 2168/3091/2112 2326/3090/2266 2167/3093/2111
f 2167/3093/2111 2326/3090/2266 856/3092/845
f 2167/3093/2111 856/3092/845 2164/3094/2108
f 2185/3095/2129 2186/3096/2130 2278/3097/2218
f 2070/3098/2014 2072/3099/2016 2057/3100/1792
f 2070/3098/2014 2057/3100/1792 2058/3101/2001
f 2057/3100/1792 2072/3099/2016 2074/3102/2018
f 2057/3100/1792 2074/3102/2018 2077/3103/2021
f 2057/3100/1792 2077/3103/2021 2056/3104/2002
f 2057/3100/1792 2056/3104/2002 2055/3105/2001
f 2056/3104/2002 2077/3103/2021 2059/3106/2003
f 1818/3107/1778 1825/3108/1784 2069/3109/2013
f 1818/3107/1778 2069/3109/2013 2327/3110/2267
f 1818/3107/1778 2327/3110/2267 2220/3111/1778
f 2220/3111/1778 2327/3110/2267 2328/3112/2268
f 2327/3110/2267 2069/3109/2013 2329/3113/2269
f 2328/3112/2268 2327/3110/2267 2330/3114/2270
f 2330/3114/2270 2327/3110/2267 2329/3113/2269
f 2328/3112/2268 2330/3114/2270 2331/3115/2271
f 2328/3112/2268 2331/3115/2271 2220/3111/1778
f 2330/3114/2270 2329/3113/2269 2332/3116/2010
f 2330/3114/2270 2332/3116/2010 2331/3115/2271
f 2329/3113/2269 2069/3109/2013 2333/3117/2272
f 2329/3113/2269 2333/3117/2272 2332/3116/2010
f 2333/3117/2272 2069/3109/2013 2068/3118/2012
f 2333/3117/2272 2068/3118/2012 2067/3119/2011
f 2333/3117/2272 2067/3119/2011 2332/3116/2010
f 2332/3116/2010 2067/3119/2011 2066/3120/2010
f 2334/3121/2273 2220/3111/1778 2331/3115/2271
f 2335/3122/2274 2331/3115/2271 2332/3116/2010
f 2335/3122/2274 2332/3116/2010 2066/3120/2010
f 2331/3115/2271 2335/3122/2274 2334/3121/2273
f 2220/3111/1778 2334/3121/2273 2221/3123/2163
f 2335/3122/2274 2066/3120/2010 2336/3124/2275
f 2336/3124/2275 2066/3120/2010 2042/3125/1053
f 2336/3124/2275 2042/3125/1053 2041/3126/1989
f 2335/3122/2274 2336/3124/2275 2337/3127/2276
f 2335/3122/2274 2337/3127/2276 2334/3121/2273
f 2221/3123/2163 2334/3121/2273 2251/3128/2191
f 2251/3128/2191 2334/3121/2273 2337/3127/2276
f 2221/3123/2163 2251/3128/2191 2224/3129/2164
f 2224/3129/2164 2251/3128/2191 2338/3130/2277
f 2224/3129/2164 2338/3130/2277 2339/3131/2278
f 2251/3128/2191 2337/3127/2276 2340/3132/2279
f 2251/3128/2191 2340/3132/2279 2341/3133/2280
f 2342/3134/2281 2337/3127/2276 2336/3124/2275
f 2337/3127/2276 2342/3134/2281 2340/3132/2279
f 2342/3134/2281 2336/3124/2275 2343/3135/2282
f 2342/3134/2281 2343/3135/2282 2344/3136/2283
f 2342/3134/2281 2344/3136/2283 2340/3132/2279
f 2344/3136/2283 2343/3135/2282 2345/3137/2284
f 2344/3136/2283 2345/3137/2284 2346/3138/2285
f 2344/3136/2283 2346/3138/2285 2347/3139/2286
f 2344/3136/2283 2347/3139/2286 2340/3132/2279
f 2340/3132/2279 2347/3139/2286 2348/3140/2287
f 2349/3141/2288 2210/3142/2154 2211/3143/2155
f 2210/3142/2154 2349/3141/2288 2350/3144/2289
f 2210/3142/2154 2350/3144/2289 2351/3145/2290
f 2210/3142/2154 2351/3145/2290 2226/3146/2166
f 2351/3145/2290 2350/3144/2289 1153/3147/1124
f 2351/3145/2290 1153/3147/1124 1209/3148/1177
f 2226/3146/2166 2351/3145/2290 2227/3149/2167
f 2351/3145/2290 1209/3148/1177 2352/3150/2291
f 2227/3149/2167 2351/3145/2290 2353/3151/2292
f 2353/3151/2292 2351/3145/2290 2352/3150/2291
f 2352/3150/2291 1209/3148/1177 2354/3152/2293
f 2352/3150/2291 2354/3152/2293 2353/3151/2292
f 2353/3151/2292 2354/3152/2293 2227/3149/2167
f 2354/3152/2293 1209/3148/1177 1206/3153/1174
f 2354/3152/2293 1206/3153/1174 1299/3154/1267
f 2227/3149/2167 2354/3152/2293 2355/3155/2294
f 2355/3155/2294 2354/3152/2293 1299/3154/1267
f 2227/3149/2167 2355/3155/2294 2228/3156/2168
f 2228/3156/2168 2355/3155/2294 2233/3157/2173
f 2355/3155/2294 1299/3154/1267 2356/3158/2295
f 2356/3158/2295 1299/3154/1267 1295/3159/1263
f 2233/3157/2173 2355/3155/2294 2357/3160/2296
f 2357/3160/2296 2355/3155/2294 2356/3158/2295
f 2233/3157/2173 2357/3160/2296 2237/3161/2177
f 2356/3158/2295 1295/3159/1263 2358/3162/2297
f 2358/3162/2297 1295/3159/1263 1291/3163/1259
f 2358/3162/2297 1291/3163/1259 1290/3164/1258
f 2356/3158/2295 2358/3162/2297 2359/3165/2298
f 2356/3158/2295 2359/3165/2298 2357/3160/2296
f 2237/3161/2177 2357/3160/2296 2360/3166/2299
f 2360/3166/2299 2357/3160/2296 2359/3165/2298
f 2237/3161/2177 2360/3166/2299 2238/3167/2178
f 2359/3165/2298 2358/3162/2297 2361/3168/2300
f 2361/3168/2300 2358/3162/2297 1290/3164/1258
f 2360/3166/2299 2359/3165/2298 2362/3169/2301
f 2361/3168/2300 1290/3164/1258 1288/3170/1256
f 1288/3170/1256 1290/3164/1258 1287/3171/1255
f 2359/3165/2298 2361/3168/2300 2363/3172/2302
f 2363/3172/2302 2361/3168/2300 1288/3170/1256
f 2359/3165/2298 2363/3172/2302 2362/3169/2301
f 2364/3173/2303 2238/3167/2178 2360/3166/2299
f 2364/3173/2303 2360/3166/2299 2362/3169/2301
f 2238/3167/2178 2364/3173/2303 2365/3174/2304
f 2238/3167/2178 2365/3174/2304 2250/3175/2190
f 2250/3175/2190 2365/3174/2304 2366/3176/2305
f 2366/3176/2305 2365/3174/2304 2364/3173/2303
f 2364/3173/2303 2362/3169/2301 2367/3177/2306
f 2366/3176/2305 2364/3173/2303 2368/3178/2307
f 2368/3178/2307 2364/3173/2303 2367/3177/2306
f 2367/3177/2306 2362/3169/2301 2369/3179/1200
f 2367/3177/2306 2369/3179/1200 2368/3178/2307
f 2369/3179/1200 2362/3169/2301 2363/3172/2302
f 2370/3180/2308 2366/3176/2305 2371/3181/2309
f 2371/3181/2309 2366/3176/2305 2368/3178/2307
f 2303/3182/2243 2300/3183/2240 2371/3181/2309
f 2303/3182/2243 2371/3181/2309 2368/3178/2307
f 2303/3182/2243 2368/3178/2307 2304/3184/2244
f 2304/3184/2244 2368/3178/2307 2307/3185/2247
f 2372/3186/2310 2368/3178/2307 2369/3179/1200
f 2368/3178/2307 2372/3186/2310 2307/3185/2247
f 2372/3186/2310 2369/3179/1200 2363/3172/2302
f 2307/3185/2247 2372/3186/2310 2311/3187/2251
f 2372/3186/2310 2363/3172/2302 2373/3188/2311
f 2372/3186/2310 2373/3188/2311 2311/3187/2251
f 2373/3188/2311 2363/3172/2302 1288/3170/1256
f 2311/3187/2251 2373/3188/2311 2314/3189/2254
f 2373/3188/2311 1288/3170/1256 1285/3190/1253
f 2314/3189/2254 2373/3188/2311 1283/3191/1251
f 1283/3191/1251 2373/3188/2311 1285/3190/1253
f 2349/3192/2288 2211/3193/2155 2374/3194/2312
f 2374/3194/2312 2211/3193/2155 2212/3195/2156
f 2349/3192/2288 2374/3194/2312 2350/3196/2289
f 2350/3196/2289 2374/3194/2312 1152/3197/1123
f 2350/3196/2289 1152/3197/1123 1153/3198/1124
f 1152/3197/1123 2374/3194/2312 1151/3199/1053
f 2374/3194/2312 2212/3195/2156 2375/3200/2313
f 2374/3194/2312 2375/3200/2313 1151/3199/1053
f 1151/3199/1053 2375/3200/2313 1072/3201/1053
f 2375/3200/2313 2212/3195/2156 2214/3202/2158
f 1072/3201/1053 2375/3200/2313 1070/3203/1052
f 2375/3200/2313 2214/3202/2158 2376/3204/2314
f 1070/3203/1052 2375/3200/2313 2377/3205/182
f 2377/3205/182 2375/3200/2313 2376/3204/2314
f 2376/3204/2314 2214/3202/2158 2378/3206/2315
f 2378/3206/2315 2214/3202/2158 2215/3207/2159
f 2378/3206/2315 2215/3207/2159 2223/3208/1991
f 2376/3204/2314 2378/3206/2315 2379/3209/1337
f 2379/3209/1337 2378/3206/2315 2223/3208/1991
f 2376/3204/2314 2379/3209/1337 2377/3205/182
f 2379/3209/1337 2223/3208/1991 2224/3210/2164
f 2380/3211/2316 1070/3203/1052 2377/3205/182
f 1070/3203/1052 2380/3211/2316 2381/3212/2317
f 2381/3212/2317 2380/3211/2316 2377/3205/182
f 1070/3203/1052 2381/3212/2317 1067/3213/88
f 1067/3213/88 2381/3212/2317 1064/3214/951
f 2381/3212/2317 2377/3205/182 2382/3215/2318
f 2382/3215/2318 2377/3205/182 2379/3209/1337
f 2381/3212/2317 2382/3215/2318 1064/3214/951
f 2383/3216/2319 2379/3209/1337 2224/3210/2164
f 2379/3209/1337 2383/3216/2319 2382/3215/2318
f 2383/3216/2319 2224/3210/2164 2339/3217/2278
f 2383/3216/2319 2339/3217/2278 2384/3218/2320
f 2382/3215/2318 2383/3216/2319 2385/3219/2321
f 2385/3219/2321 2383/3216/2319 2384/3218/2320
f 2384/3218/2320 2339/3217/2278 2386/3220/2322
f 2384/3218/2320 2386/3220/2322 2385/3219/2321
f 2386/3220/2322 2339/3217/2278 2347/3221/2286
f 2386/3220/2322 2347/3221/2286 2346/3222/2285
f 2387/3223/2323 1064/3214/951 2382/3215/2318
f 2387/3223/2323 2382/3215/2318 2385/3219/2321
f 2385/3219/2321 2386/3220/2322 2388/3224/2324
f 2388/3224/2324 2386/3220/2322 2346/3222/2285
f 2385/3219/2321 2388/3224/2324 2387/3223/2323
f 1064/3214/951 2387/3223/2323 2389/3225/2325
f 1064/3214/951 2389/3225/2325 1063/3226/1047
f 1063/3226/1047 2389/3225/2325 1062/3227/1046
f 2389/3225/2325 2387/3223/2323 2390/3228/2326
f 1054/3229/1038 1055/3230/1039 1062/3227/1046
f 1054/3229/1038 1062/3227/1046 1139/3231/1114
f 1139/3231/1114 1062/3227/1046 2389/3225/2325
f 2389/3225/2325 2390/3228/2326 2391/3232/2327
f 2389/3225/2325 2391/3232/2327 1139/3231/1114
f 2390/3228/2326 2387/3223/2323 2392/3233/2328
f 2392/3233/2328 2387/3223/2323 2388/3224/2324
f 2390/3228/2326 2392/3233/2328 2391/3232/2327
f 2392/3233/2328 2388/3224/2324 2393/3234/2329
f 2392/3233/2328 2393/3234/2329 2391/3232/2327
f 2393/3234/2329 2388/3224/2324 2394/3235/2330
f 2394/3235/2330 2388/3224/2324 2346/3222/2285
f 2391/3232/2327 2393/3234/2329 2395/3236/2331
f 2395/3236/2331 2393/3234/2329 2394/3235/2330
f 2391/3232/2327 2395/3236/2331 2396/3237/2332
f 2391/3232/2327 2396/3237/2332 2397/3238/2333
f 2391/3232/2327 2397/3238/2333 1139/3231/1114
f 2396/3237/2332 2395/3236/2331 2398/3239/2334
f 1139/3231/1114 2397/3238/2333 2399/3240/2335
f 1139/3231/1114 2399/3240/2335 1135/3241/1110
f 2397/3238/2333 2396/3237/2332 2400/3242/2336
f 2400/3242/2336 2396/3237/2332 2398/3239/2334
f 2397/3238/2333 2400/3242/2336 2399/3240/2335
f 1135/3241/1110 2399/3240/2335 2401/3243/2337
f 2401/3243/2337 2399/3240/2335 2400/3242/2336
f 1135/3241/1110 2401/3243/2337 1130/3244/1105
f 1130/3244/1105 2401/3243/2337 1128/3245/1103
f 2402/3246/2338 2398/3239/2334 2395/3236/2331
f 2402/3246/2338 2395/3236/2331 2394/3235/2330
f 2403/3247/2339 2400/3242/2336 2398/3239/2334
f 2403/3247/2339 2398/3239/2334 2402/3246/2338
f 2401/3243/2337 2400/3242/2336 2404/3248/2340
f 2404/3248/2340 2400/3242/2336 2403/3247/2339
f 2405/3249/2341 1128/3245/1103 2401/3243/2337
f 2405/3249/2341 2401/3243/2337 2404/3248/2340
f 1128/3245/1103 2405/3249/2341 1127/3250/1102
f 1127/3250/1102 2405/3249/2341 1124/3251/1100
f 1124/3251/1100 2405/3249/2341 1122/3252/1098
f 1122/3252/1098 2405/3249/2341 2404/3248/2340
f 1122/3252/1098 2404/3248/2340 1121/3253/1097
f 2406/3254/2342 2404/3248/2340 2403/3247/2339
f 2404/3248/2340 2406/3254/2342 1121/3253/1097
f 2406/3254/2342 2403/3247/2339 2402/3246/2338
f 2406/3254/2342 2402/3246/2338 2407/3255/2343
f 2408/3256/2344 2402/3246/2338 2394/3235/2330
f 2402/3246/2338 2408/3256/2344 2407/3255/2343
f 2408/3256/2344 2394/3235/2330 2346/3222/2285
f 2408/3256/2344 2346/3222/2285 2409/3257/2345
f 2408/3256/2344 2409/3257/2345 2407/3255/2343
f 2409/3257/2345 2346/3222/2285 2345/3258/2284
f 2407/3255/2343 2409/3257/2345 2410/3259/2346
f 2410/3259/2346 2409/3257/2345 2411/3260/2347
f 2407/3255/2343 2410/3259/2346 2412/3261/2348
f 2412/3261/2348 2410/3259/2346 2413/3262/2349
f 2413/3262/2349 2410/3259/2346 2414/3263/2350
f 2407/3255/2343 2412/3261/2348 2415/3264/2351
f 2415/3264/2351 2412/3261/2348 2413/3262/2349
f 2407/3255/2343 2415/3264/2351 2406/3254/2342
f 2415/3264/2351 2413/3262/2349 2416/3265/2352
f 2406/3254/2342 2415/3264/2351 2417/3266/2353
f 2417/3266/2353 2415/3264/2351 2416/3265/2352
f 2406/3254/2342 2417/3266/2353 1121/3253/1097
f 2417/3266/2353 2416/3265/2352 2418/3267/2354
f 2417/3266/2353 2418/3267/2354 1121/3253/1097
f 2418/3267/2354 2416/3265/2352 2419/3268/2355
f 1121/3253/1097 2418/3267/2354 1120/3269/1096
f 2418/3267/2354 2419/3268/2355 2420/3270/2356
f 1120/3269/1096 2418/3267/2354 1118/3271/1094
f 1118/3271/1094 2418/3267/2354 2420/3270/2356
f 350/3272/342 2421/3273/2357 349/3274/341
f 2421/3273/2357 350/3272/342 1114/3275/1090
f 349/3274/341 2421/3273/2357 1937/3276/1890
f 2421/3273/2357 1114/3275/1090 1116/3277/1092
f 1937/3276/1890 2421/3273/2357 2422/3278/2358
f 2422/3278/2358 2421/3273/2357 1116/3277/1092
f 1937/3276/1890 2422/3278/2358 2423/3279/2359
f 1937/3276/1890 2423/3279/2359 1936/3280/1889
f 1936/3280/1889 2423/3279/2359 1939/3281/1892
f 2422/3278/2358 1116/3277/1092 2424/3282/2360
f 2423/3279/2359 2422/3278/2358 2425/3283/2361
f 2425/3283/2361 2422/3278/2358 2424/3282/2360
f 2424/3282/2360 1116/3277/1092 1117/3284/1093
f 1939/3281/1892 2423/3279/2359 2426/3285/2362
f 2426/3285/2362 2423/3279/2359 2425/3283/2361
f 1939/3281/1892 2426/3285/2362 2017/3286/1966
f 2424/3282/2360 1117/3284/1093 2427/3287/2363
f 2427/3287/2363 1117/3284/1093 1118/3288/1094
f 2427/3287/2363 1118/3288/1094 2420/3289/2356
f 2424/3282/2360 2427/3287/2363 2428/3290/2364
f 2428/3290/2364 2427/3287/2363 2420/3289/2356
f 2424/3282/2360 2428/3290/2364 2429/3291/2365
f 2424/3282/2360 2429/3291/2365 2425/3283/2361
f 2428/3290/2364 2420/3289/2356 2430/3292/2366
f 2428/3290/2364 2430/3292/2366 2429/3291/2365
f 2430/3292/2366 2420/3289/2356 2419/3293/2355
f 2431/3294/2367 2426/3285/2362 2425/3283/2361
f 2430/3292/2366 2419/3293/2355 2432/3295/1242
f 2432/3295/1242 2419/3293/2355 2416/3296/2352
f 2430/3292/2366 2432/3295/1242 2433/3297/2368
f 2434/3298/2369 2425/3283/2361 2429/3291/2365
f 2425/3283/2361 2434/3298/2369 2431/3294/2367
f 2435/3299/2370 2429/3291/2365 2430/3292/2366
f 2435/3299/2370 2430/3292/2366 2433/3297/2368
f 2429/3291/2365 2435/3299/2370 2436/3300/2371
f 2436/3300/2371 2435/3299/2370 2437/3301/2372
f 2437/3301/2372 2435/3299/2370 2438/3302/2373
f 2437/3301/2372 2438/3302/2373 2436/3300/2371
f 2438/3302/2373 2435/3299/2370 2433/3297/2368
f 2429/3291/2365 2436/3300/2371 2439/3303/2374
f 2439/3303/2374 2436/3300/2371 2438/3302/2373
f 2439/3303/2374 2438/3302/2373 2433/3297/2368
f 2429/3291/2365 2439/3303/2374 2434/3298/2369
f 2434/3298/2369 2439/3303/2374 2433/3297/2368
f 2434/3298/2369 2433/3297/2368 2440/3304/2375
f 2440/3304/2375 2433/3297/2368 2432/3295/1242
f 2434/3298/2369 2440/3304/2375 2441/3305/2376
f 2434/3298/2369 2441/3305/2376 2431/3294/2367
f 2440/3304/2375 2432/3295/1242 2442/3306/2377
f 2442/3306/2377 2432/3295/1242 2416/3296/2352
f 2442/3306/2377 2416/3296/2352 2443/3307/2378
f 2443/3307/2378 2416/3296/2352 2413/3308/2349
f 2443/3307/2378 2413/3308/2349 2414/3309/2350
f 2442/3306/2377 2443/3307/2378 2444/3310/2379
f 2442/3306/2377 2444/3310/2379 2440/3304/2375
f 2443/3307/2378 2414/3309/2350 2445/3311/2380
f 2443/3307/2378 2445/3311/2380 2444/3310/2379
f 2445/3311/2380 2414/3309/2350 2411/3312/2347
f 2411/3312/2347 2414/3309/2350 2410/3313/2346
f 2440/3304/2375 2444/3310/2379 2446/3314/2381
f 2440/3304/2375 2446/3314/2381 2441/3305/2376
f 2444/3310/2379 2445/3311/2380 2447/3315/2382
f 2444/3310/2379 2447/3315/2382 2446/3314/2381
f 2445/3311/2380 2411/3312/2347 2448/3316/2383
f 2445/3311/2380 2448/3316/2383 2447/3315/2382
f 2448/3316/2383 2411/3312/2347 2345/3317/2284
f 2345/3317/2284 2411/3312/2347 2409/3318/2345
f 2448/3316/2383 2345/3317/2284 2449/3319/2384
f 2449/3319/2384 2345/3317/2284 2343/3320/2282
f 2447/3315/2382 2448/3316/2383 2450/3321/2385
f 2450/3321/2385 2448/3316/2383 2449/3319/2384
f 2451/3322/2386 2446/3314/2381 2447/3315/2382
f 2451/3322/2386 2447/3315/2382 2450/3321/2385
f 2452/3323/2387 2441/3305/2376 2446/3314/2381
f 2452/3323/2387 2446/3314/2381 2451/3322/2386
f 2441/3305/2376 2452/3323/2387 2431/3294/2367
f 2450/3321/2385 2449/3319/2384 2453/3324/2388
f 2451/3322/2386 2450/3321/2385 2454/3325/2389
f 2454/3325/2389 2450/3321/2385 2453/3324/2388
f 2451/3322/2386 2454/3325/2389 2455/3326/2390
f 2451/3322/2386 2455/3326/2390 2452/3323/2387
f 2455/3326/2390 2454/3325/2389 2022/3327/1970
f 2022/3327/1970 2454/3325/2389 2025/3328/1973
f 2025/3328/1973 2454/3325/2389 2453/3324/2388
f 2025/3328/1973 2453/3324/2388 2035/3329/1983
f 2455/3326/2390 2022/3327/1970 2456/3330/2391
f 2456/3330/2391 2022/3327/1970 2018/3331/1967
f 2452/3323/2387 2455/3326/2390 2457/3332/1880
f 2457/3332/1880 2455/3326/2390 2456/3330/2391
f 2452/3323/2387 2457/3332/1880 2431/3294/2367
f 2457/3332/1880 2456/3330/2391 2458/3333/2392
f 2457/3332/1880 2458/3333/2392 2431/3294/2367
f 2458/3333/2392 2456/3330/2391 2018/3331/1967
f 2431/3294/2367 2458/3333/2392 2426/3285/2362
f 2426/3285/2362 2458/3333/2392 2017/3286/1966
f 2017/3286/1966 2458/3333/2392 2018/3331/1967
f 2017/3286/1966 2018/3331/1967 2015/3334/1964
f 2459/3335/2393 2035/3329/1983 2453/3324/2388
f 2035/3329/1983 2459/3335/2393 2036/3336/1984
f 2036/3336/1984 2459/3335/2393 2038/3337/1986
f 2459/3335/2393 2453/3324/2388 2460/3338/2394
f 2460/3338/2394 2453/3324/2388 2449/3319/2384
f 2460/3338/2394 2449/3319/2384 2343/3320/2282
f 2459/3335/2393 2460/3338/2394 2461/3339/2395
f 2459/3335/2393 2461/3339/2395 2038/3337/1986
f 2461/3339/2395 2460/3338/2394 2343/3320/2282
f 2038/3337/1986 2461/3339/2395 2041/3340/1989
f 2461/3339/2395 2343/3320/2282 2336/3341/2275
f 2461/3339/2395 2336/3341/2275 2041/3340/1989
f 1111/3342/1088 350/3343/342 347/3344/339
f 2462/3345/334 2463/3346/2396 2464/3347/2397
f 2462/3345/334 2464/3347/2397 2341/3348/2280
f 2464/3347/2397 2463/3346/2396 2249/3349/2189
f 2464/3347/2397 2249/3349/2189 2341/3348/2280
f 2341/3348/2280 2249/3349/2189 2251/3350/2191
f 2251/3350/2191 2249/3349/2189 2248/3351/2188
f 2462/3345/334 2341/3348/2280 2465/3352/2398
f 2245/3353/2185 2247/3354/2187 2249/3349/2189
f 2245/3353/2185 2249/3349/2189 2463/3346/2396
f 2340/3355/2279 2348/3356/2287 2341/3348/2280
f 2341/3348/2280 2348/3356/2287 2465/3352/2398
f 2466/3357/2399 2463/3346/2396 2462/3345/334
f 2466/3357/2399 2462/3345/334 2467/3358/2400
f 2467/3358/2400 2462/3345/334 2465/3352/2398
f 2466/3357/2399 2467/3358/2400 2468/3359/2401
f 2468/3359/2401 2467/3358/2400 2465/3352/2398
f 2463/3346/2396 2466/3357/2399 2469/3360/2402
f 2469/3360/2402 2466/3357/2399 2468/3359/2401
f 2463/3346/2396 2469/3360/2402 2470/3361/2403
f 2463/3346/2396 2470/3361/2403 2245/3353/2185
f 2469/3360/2402 2468/3359/2401 2471/3362/2404
f 2245/3353/2185 2470/3361/2403 2472/3363/2405
f 2245/3353/2185 2472/3363/2405 2244/3364/2184
f 2244/3364/2184 2472/3363/2405 2295/3365/2235
f 2472/3363/2405 2470/3361/2403 2473/3366/2406
f 2472/3363/2405 2473/3366/2406 2295/3365/2235
f 2474/3367/2407 2470/3361/2403 2469/3360/2402
f 2470/3361/2403 2474/3367/2407 2473/3366/2406
f 2474/3367/2407 2469/3360/2402 2471/3362/2404
f 2295/3365/2235 2473/3366/2406 2475/3368/2408
f 2475/3368/2408 2473/3366/2406 2474/3367/2407
f 2295/3365/2235 2475/3368/2408 2296/3369/2236
f 2475/3368/2408 2474/3367/2407 2471/3362/2404
f 2296/3369/2236 2475/3368/2408 2297/3370/2237
f 2297/3370/2237 2475/3368/2408 2471/3362/2404
f 2297/3370/2237 2471/3362/2404 2298/3371/2238
f 2298/3371/2238 2471/3362/2404 2301/3372/2241
f 2301/3372/2241 2471/3362/2404 2468/3359/2401
f 2301/3372/2241 2468/3359/2401 2476/3373/2409
f 2476/3373/2409 2468/3359/2401 2465/3352/2398
f 2301/3372/2241 2476/3373/2409 2300/3374/2240
f 2476/3373/2409 2465/3352/2398 2477/3375/2410
f 2476/3373/2409 2477/3375/2410 2300/3374/2240
f 2300/3374/2240 2477/3375/2410 2371/3376/2309
f 2477/3375/2410 2465/3352/2398 2348/3356/2287
f 2371/3376/2309 2477/3375/2410 2370/3377/2308
f 2370/3377/2308 2477/3375/2410 2348/3356/2287
f 2370/3377/2308 2348/3356/2287 2251/3378/2191
f 2370/3377/2308 2251/3378/2191 2250/3379/2190
f 2251/3378/2191 2348/3356/2287 2347/3380/2286
f 2251/3378/2191 2347/3380/2286 2338/3381/2277
f 2338/3381/2277 2347/3380/2286 2339/3382/2278
f 2366/3383/2305 2370/3384/2308 2250/3385/2190
f 2478/3386/2411 2479/3387/2412 2480/3388/2413
f 2480/3388/2413 2479/3387/2412 2481/3389/2414
f 2480/3388/2413 2481/3389/2414 2482/3390/2415
f 2482/3390/2415 2481/3389/2414 2483/3391/2416
f 2478/3392/2411 2484/3393/2417 2479/3394/2412
f 2479/3394/2412 2484/3393/2417 2481/3395/2414
f 2484/3393/2417 2478/3392/2411 2480/3396/2413
f 2481/3395/2414 2484/3393/2417 2483/3397/2416
f 2484/3393/2417 2480/3396/2413 2482/3398/2415
f 2484/3393/2417 2482/3398/2415 2483/3397/2416
f 1431/3399/1398 1432/3400/1399 1423/3401/1390
f 1431/3399/1398 1423/3401/1390 1428/3402/1395
f 1423/3401/1390 1432/3400/1399 1418/3403/1386
f 1418/3403/1386 1432/3400/1399 1420/3404/1262
f 1420/3404/1262 1432/3400/1399 1413/3405/1381
f 1420/3404/1262 1413/3405/1381 1414/3406/1382
f 1420/3404/1262 1414/3406/1382 2485/3407/2418
f 1420/3404/1262 2485/3407/2418 1419/3408/1387
f 1419/3408/1387 2485/3407/2418 1414/3406/1382
f 2486/3409/2419 2487/3410/2419 2488/3411/2419
f 1572/3412/1538 1515/3413/1481 1491/3414/1458
