mtllib StylizedSnowman.mtl
o tripo_node_dfbb1718-c167-4bb2-99df-2f02d046fd0f
g tripo_node_dfbb1718-c167-4bb2-99df-2f02d046fd0f
usemtl tripo_material_dfbb1718_c167_4bb2_99df_2f02d046fd0f
v 0.126220703 0.149261475 -0.161766052
vt 0.310546875 0.394531250
vn 0.481495559 -0.607789576 -0.631469727
v 0.155822754 0.154022217 -0.141441345
vt 0.311279297 0.374755859
vn 0.674577177 -0.502011001 -0.541230619
v 0.133483887 0.131530762 -0.144325256
vt 0.322509766 0.386962891
vn 0.487509340 -0.542550802 -0.684085786
v 0.152008057 0.119171143 -0.120834365
vt 0.332275391 0.373046875
vn 0.771103919 -0.487841278 -0.409157246
v 0.142196655 0.112548828 -0.119857803
vt 0.336669922 0.377685547
vn 0.487947017 -0.779141247 -0.393505722
v 0.164764404 0.139831543 -0.102096573
vt 0.325683594 0.357910156
vn 0.660905361 -0.653037429 -0.369792342
v 0.154937744 0.115386963 -0.087753311
vt 0.342529297 0.361572266
vn 0.717314184 -0.646370947 -0.260124981
v 0.165496826 0.158660889 -0.141624451
vt 0.306640625 0.370605469
vn 0.550294697 -0.660353661 -0.510988057
v 0.128952026 0.100860596 -0.103042610
vt 0.348876953 0.378906250
vn 0.549429536 -0.753503442 -0.361053765
v 0.184341431 0.144500732 -0.100288406
vt 0.318603516 0.349365234
vn 0.598276854 -0.669125378 -0.440835625
v 0.184707642 0.132995605 -0.078109756
vt 0.327392578 0.343505859
vn 0.599168658 -0.725309432 -0.339003354
v 0.119148254 0.104095459 -0.122032173
vt 0.343261719 0.388671875
vn 0.432574987 -0.825825036 -0.361790031
v 0.119216926 0.085693359 -0.092277534
vt 0.360107422 0.382324219
vn 0.448318839 -0.786524355 -0.424723178
v 0.092346199 0.079132080 -0.097785957
vt 0.364746094 0.398437500
vn 0.346703976 -0.795843303 -0.496417135
v 0.120094299 0.110504150 -0.139869690
vt 0.334716797 0.394042969
vn 0.480881751 -0.733147621 -0.480881810
v 0.086120605 0.081359863 -0.116371162
vt 0.357421875 0.405761719
vn 0.401114970 -0.841554999 -0.361790031
v 0.125762939 0.122314453 -0.138938904
vt 0.328857422 0.389892578
vn 0.583836615 -0.457601696 -0.670623243
v 0.095161438 0.101562500 -0.143211365
vt 0.339599609 0.407714844
vn 0.362126142 -0.739996970 -0.566806138
v 0.115997307 0.129974365 -0.153999329
vt 0.322509766 0.397705078
vn 0.553104758 -0.481991380 -0.679528832
v 0.105430596 0.117218018 -0.158546448
vt 0.327636719 0.405273438
vn 0.464624465 -0.551249444 -0.692999363
v 0.098312370 0.138854980 -0.174949646
vt 0.314697266 0.412109375
vn 0.465839386 -0.505317450 -0.726393819
v 0.087135307 0.122772217 -0.168708801
vt 0.324462891 0.416992188
vn 0.401674360 -0.598573744 -0.693085372
v 0.103820793 0.155975342 -0.184806824
vt 0.303710938 0.411376953
vn 0.433057398 -0.566911578 -0.700765789
v 0.086692803 0.145996094 -0.184715271
vt 0.310058594 0.420166016
vn 0.369517773 -0.495311171 -0.786208272
v 0.126861557 0.160278320 -0.175956726
vt 0.301025391 0.398193359
vn 0.435003489 -0.640641570 -0.632732451
v 0.125274643 0.169006348 -0.179237366
vt 0.296142578 0.399902344
vn 0.448471338 -0.409131825 -0.794659972
v 0.094764695 0.172454834 -0.203712463
vt 0.292236328 0.420410156
vn 0.377251655 -0.463705242 -0.801660001
v 0.152664170 0.175415039 -0.172248840
vt 0.291992188 0.384765625
vn 0.551061451 -0.440849245 -0.708507776
v 0.122047409 0.194946289 -0.194129944
vt 0.280273438 0.404052734
vn 0.495939940 -0.330626667 -0.802950561
v 0.179870605 0.177307129 -0.138343841
vt 0.296386719 0.361816406
vn 0.749053895 -0.410008460 -0.520395458
v 0.066429131 0.125610352 -0.188880920
vt 0.320556641 0.431396484
vn 0.307764679 -0.481375694 -0.820706129
v 0.052722920 0.144561768 -0.196266174
vt 0.311035156 0.439941406
vn 0.165905461 -0.466115624 -0.869029105
v 0.068038933 0.115844727 -0.174903870
vt 0.328613281 0.427490234
vn 0.283666849 -0.701287687 -0.654009819
v 0.037425987 0.120635986 -0.186668396
vt 0.326660156 0.445800781
vn 0.023578156 -0.597315311 -0.801659942
v 0.066986084 0.097290039 -0.158393860
vt 0.341064453 0.425292969
vn 0.212427244 -0.778900027 -0.590075791
v 0.073318481 0.085968018 -0.133445740
vt 0.352294922 0.416503906
vn 0.307372600 -0.811778963 -0.496525019
v 0.046566006 0.106750488 -0.167930603
vt 0.337402344 0.437744141
vn 0.102508448 -0.749100566 -0.654477239
v 0.054080963 0.092224121 -0.147087097
vt 0.349365234 0.429931641
vn 0.109909579 -0.800770104 -0.588801503
v 0.020906443 0.104431152 -0.171653748
vt 0.339843750 0.452148438
vn -0.071038172 -0.765633106 -0.639343023
v 0.036018368 0.097198486 -0.161491394
vt 0.344482422 0.442138672
vn 0.086458832 -0.825289249 -0.558052599
v 0.071327217 0.076690674 -0.111862183
vt 0.364501953 0.412109375
vn 0.196935907 -0.968924582 -0.149671257
v 0.071128853 0.073333740 -0.094215386
vt 0.371826172 0.407714844
vn 0.110356018 -0.922261059 -0.370480925
v 0.063659668 0.073120117 -0.123550408
vt 0.360839844 0.419433594
vn 0.236543372 -0.938288569 -0.252312899
v 0.035533905 0.075988770 -0.132072449
vt 0.363525391 0.434082031
vn 0.031567577 -0.931243718 -0.363027215
v 0.043128971 0.068725586 -0.104835503
vt 0.375488281 0.426025391
vn 0.055142067 -0.984679401 -0.165426090
v 0.048908234 0.076995850 -0.133811951
vt 0.359619141 0.428466797
vn 0.165164948 -0.739310026 -0.652794957
v 0.035312649 0.093139648 -0.152503967
vt 0.349609375 0.440673828
vn -0.007884574 -0.812106907 -0.583455443
v 0.030143742 0.071136475 -0.120666496
vt 0.369873047 0.435791016
vn -0.070732504 -0.958818555 -0.275070846
v 0.008673673 0.070953369 -0.107261643
vt 0.378662109 0.444335938
vn -0.023568736 -0.997744679 -0.062850013
v 0.020608909 0.069915771 -0.081756577
vt 0.389404297 0.434570312
vn -0.125937372 -0.991757214 -0.023613209
v 0.008386614 0.078063965 -0.127861023
vt 0.367431641 0.448974609
vn -0.086251326 -0.878195107 -0.470461637
v -0.020050043 0.070434570 -0.106574997
vt 0.385986328 0.452636719
vn -0.055101022 -0.968203902 -0.244018823
v 0.005362986 0.090393066 -0.148216248
vt 0.355712891 0.455078125
vn -0.094049014 -0.830766022 -0.548618913
v -0.031557083 0.079254150 -0.123146042
vt 0.374511719 0.466308594
vn -0.188812599 -0.865390956 -0.464164168
v -0.010215761 0.097747803 -0.151741028
vt 0.354003906 0.464843750
vn -0.150274009 -0.790915608 -0.593186677
v -0.023143772 0.105712891 -0.160133362
vt 0.348144531 0.472412109
vn -0.149564639 -0.755694807 -0.637617409
v 0.009707443 0.117614746 -0.182533264
vt 0.331787109 0.460205078
vn -0.079076782 -0.664244413 -0.743321121
v -0.030029302 0.118041992 -0.171882629
vt 0.340087891 0.478759766
vn -0.180671677 -0.714831233 -0.675554693
v 0.033660881 0.136169434 -0.190498352
vt 0.319091797 0.449951172
vn 0.086802647 -0.528707623 -0.844353855
v 0.019594183 0.140380859 -0.197563171
vt 0.316650391 0.458496094
vn 0.173594609 -0.599690795 -0.781176090
v -0.011826527 0.149444580 -0.210792542
vt 0.312500000 0.477783203
vn -0.118771203 -0.657200277 -0.744299114
v -0.053653724 0.131439209 -0.178932190
vt 0.337402344 0.492187500
vn -0.118308514 -0.717738032 -0.686188936
v 0.005982385 0.161224365 -0.216773987
vt 0.303955078 0.468994141
vn 0.110676177 -0.521759570 -0.845882952
v -0.031038299 0.170074463 -0.219993591
vt 0.301513672 0.489013672
vn -0.157951161 -0.497545898 -0.852935791
v -0.060783394 0.141754150 -0.188041657
vt 0.314697266 0.501464844
vn -0.235122532 -0.595643580 -0.768066585
v 0.027681334 0.192779541 -0.231697083
vt 0.282470703 0.460693359
vn 0.086910948 -0.371347249 -0.924417555
v 0.045577992 0.160278320 -0.206993103
vt 0.302001953 0.446289062
vn 0.180827796 -0.534621656 -0.825518668
v -0.032104511 0.199249268 -0.233100891
vt 0.282226562 0.492675781
vn -0.165781543 -0.299985498 -0.939428151
v 0.055854786 0.166381836 -0.209724426
vt 0.297363281 0.441406250
vn 0.157499760 -0.488249600 -0.858374238
v 0.051101670 0.191711426 -0.221870422
vt 0.282714844 0.446777344
vn 0.188882649 -0.432856292 -0.881452739
v 0.067764267 0.202392578 -0.226722717
vt 0.275146484 0.438964844
vn 0.244147375 -0.346531928 -0.905708432
v 0.050106030 0.225524902 -0.237785339
vt 0.262451172 0.450439453
vn 0.188958690 -0.267691672 -0.944794059
v 0.029077511 0.224639893 -0.237190247
vt 0.264160156 0.461425781
vn 0.023592690 -0.220199600 -0.975169480
v -0.030315418 0.223937988 -0.240837097
vt 0.266845703 0.492431641
vn -0.078490064 -0.125583947 -0.988973260
v -0.085914627 0.236755371 -0.225074738
vt 0.263671875 0.521728516
vn -0.330708772 -0.165354386 -0.929133773
v 0.049209576 0.236724854 -0.239189148
vt 0.256347656 0.451416016
vn 0.071002617 -0.149894729 -0.986149251
v -0.062366504 0.257919312 -0.232353181
vt 0.250976562 0.512451172
vn -0.251750201 -0.015734434 -0.967664361
v 0.061641674 0.247222900 -0.237037659
vt 0.250488281 0.444824219
vn 0.149941251 -0.284099430 -0.946998060
v 0.047443368 0.251159668 -0.240806580
vt 0.248291016 0.452636719
vn 0.007880490 -0.118209280 -0.992957532
v -0.018026374 0.261383057 -0.243507385
vt 0.245117188 0.487792969
vn -0.118073776 0.133816749 -0.983947039
v -0.071952842 0.277725220 -0.230537385
vt 0.240478516 0.517822266
vn -0.243514076 0.149250418 -0.958345115
v -0.033660911 0.302368164 -0.230674744
vt 0.220947266 0.496582031
vn -0.126250803 0.205157280 -0.970552027
v 0.038356759 0.291046143 -0.239341736
vt 0.226318359 0.458007812
vn 0.015721112 0.282982469 -0.958996296
v 0.039344765 0.279403687 -0.243156433
vt 0.233398438 0.458007812
vn -0.007872927 -0.015745636 -0.999845147
v 0.062171914 0.273773193 -0.245658875
vt 0.235107422 0.445556641
vn 0.125606999 0.227662876 -0.965604842
v 0.095321633 0.287719727 -0.228569031
vt 0.223632812 0.426025391
vn 0.244329274 0.323145300 -0.914264917
v 0.073898293 0.254333496 -0.242774963
vt 0.244628906 0.438720703
vn 0.141732156 -0.204724446 -0.968503952
v 0.104339577 0.272811890 -0.234260559
vt 0.233398438 0.422607422
vn 0.433218509 0.141780600 -0.890067399
v 0.120101906 0.285186768 -0.220375061
vt 0.226318359 0.411621094
vn 0.472265184 0.165292814 -0.865819752
v 0.130935654 0.258728027 -0.208747864
vt 0.242187500 0.403320312
vn 0.621277273 -0.141556859 -0.770698547
v 0.142929062 0.294586182 -0.204597473
vt 0.223144531 0.396240234
vn 0.526580393 0.047156453 -0.848816514
v 0.075897194 0.236816406 -0.232002258
vt 0.255371094 0.436279297
vn 0.236286297 -0.283543676 -0.929393172
v 0.083106972 0.244171143 -0.235847473
vt 0.250244141 0.433105469
vn 0.315244079 -0.504390717 -0.803872705
v 0.095558152 0.238494873 -0.226478577
vt 0.253662109 0.425048828
vn 0.360653877 -0.266570330 -0.893794775
v 0.098861672 0.255142212 -0.236137390
vt 0.242919922 0.425537109
vn 0.417258084 -0.275547832 -0.866007566
v 0.103507973 0.250411987 -0.227058411
vt 0.246826172 0.421386719
vn 0.463247538 -0.439692676 -0.769462228
v 0.114349343 0.258346558 -0.225090027
vt 0.242187500 0.415771484
vn 0.622471869 -0.228502348 -0.748542190
v 0.116653427 0.235961914 -0.214210510
vt 0.254882812 0.411621094
vn 0.573435903 -0.204237491 -0.793384194
v 0.158355698 0.263061523 -0.190635681
vt 0.241210938 0.385742188
vn 0.613412976 -0.204471022 -0.762834311
v 0.100997910 0.218933105 -0.219902039
vt 0.264648438 0.420898438
vn 0.449432284 -0.315391123 -0.835786581
v 0.182846054 0.298187256 -0.180809051
vt 0.222167969 0.372314453
vn 0.703057647 -0.015799053 -0.710957408
v 0.135177597 0.213806152 -0.196266174
vt 0.268310547 0.398925781
vn 0.598073006 -0.267558992 -0.755460799
v 0.153076157 0.245819092 -0.187232971
vt 0.251220703 0.387695312
vn 0.612410128 -0.211988166 -0.761587143
v 0.151672348 0.219482422 -0.181022644
vt 0.266601562 0.386962891
vn 0.551403224 -0.157543823 -0.819227934
v 0.163558945 0.201599121 -0.174644470
vt 0.276855469 0.379882812
vn 0.589437544 -0.267211705 -0.762339354
v 0.171997055 0.242858887 -0.171867400
vt 0.254394531 0.374511719
vn 0.609233558 -0.166154623 -0.775388300
v 0.169799790 0.209411621 -0.171958923
vt 0.272705078 0.376220703
vn 0.654986441 -0.094696850 -0.749683499
v 0.189834580 0.249633789 -0.157951385
vt 0.251464844 0.362304688
vn 0.761211693 -0.235426322 -0.604260981
v 0.179351807 0.201843262 -0.155967742
vt 0.279296875 0.366943359
vn 0.801288784 -0.235673204 -0.549904168
v 0.182388291 0.232696533 -0.159202605
vt 0.261230469 0.365966797
vn 0.795546889 -0.165410742 -0.582876086
v 0.196731567 0.222564697 -0.133125335
vt 0.270751953 0.350830078
vn 0.804622650 -0.197211444 -0.560080588
v 0.203903198 0.198303223 -0.117469810
vt 0.286865234 0.343505859
vn 0.813625634 -0.347568274 -0.466057509
v 0.214630127 0.230773926 -0.113243125
vt 0.268798828 0.336181641
vn 0.843881071 -0.220828682 -0.488977969
v 0.201766953 0.274002075 -0.151680022
vt 0.238037109 0.354248047
vn 0.742671192 -0.221221223 -0.632060766
v 0.224349976 0.264205933 -0.112083465
vt 0.249023438 0.331054688
vn 0.865846574 -0.204654634 -0.456537426
v 0.217254639 0.277618408 -0.130805999
vt 0.237548828 0.340576172
vn 0.866437197 0.055136930 -0.496232361
v 0.200607285 0.307556152 -0.148994476
vt 0.218261719 0.352050781
vn 0.840827107 0.125731155 -0.526499331
v 0.220916748 0.288162231 -0.117050201
vt 0.234863281 0.331542969
vn 0.917259157 0.070558421 -0.391991228
v 0.228286743 0.276107788 -0.105133086
vt 0.244140625 0.325683594
vn 0.951664984 -0.070784964 -0.298870116
v 0.235916138 0.285980225 -0.079780608
vt 0.242431641 0.311279297
vn 0.977074921 0.133953854 -0.165472493
v 0.236999512 0.275131226 -0.071693450
vt 0.251220703 0.307861328
vn 0.990255177 -0.039295804 -0.133605987
v 0.231018066 0.297637939 -0.045909911
vt 0.240966797 0.293212891
vn 0.978229523 0.205112681 0.031555656
v 0.228927612 0.241271973 -0.081619285
vt 0.268310547 0.317382812
vn 0.956021488 -0.134317040 -0.260733247
v 0.221252441 0.214752197 -0.092597984
vt 0.281494141 0.326660156
vn 0.883424699 -0.276070237 -0.378610730
v 0.231842041 0.213195801 -0.066040061
vt 0.287353516 0.312500000
vn 0.931446731 -0.331531852 -0.149978831
v 0.205551147 0.179809570 -0.089500450
vt 0.303222656 0.332519531
vn 0.843959868 -0.433811098 -0.315499097
v 0.195693970 0.176361084 -0.102851883
vt 0.301757812 0.342285156
vn 0.802155495 -0.385349244 -0.456127763
v 0.182037354 0.179473877 -0.129753143
vt 0.297119141 0.356445312
vn 0.813042462 -0.442042530 -0.378893703
v 0.197540283 0.166046143 -0.098403946
vt 0.307617188 0.342041016
vn 0.882081151 -0.291401833 -0.370159209
v 0.187408447 0.168823242 -0.118522659
vt 0.303955078 0.352783203
vn 0.800375521 -0.360953689 -0.478656083
v 0.201538086 0.154510498 -0.095260642
vt 0.314941406 0.339111328
vn 0.833612621 -0.487584710 -0.259520978
v 0.197784424 0.154296875 -0.075317398
vt 0.313964844 0.332275391
vn 0.868947744 -0.434473842 -0.236985847
v 0.121597305 0.013885498 -0.042797089
vt 0.562988281 0.818603516
vn 0.463977516 -0.511161804 -0.723490536
v 0.136138931 0.039825439 -0.035942085
vt 0.542968750 0.819580078
vn 0.684254825 0.204489991 -0.699985147
v 0.141128555 0.026062012 -0.030765539
vt 0.550048828 0.809082031
vn 0.787303865 0.055111285 -0.614097238
v 0.150054947 0.038970947 -0.006985195
vt 0.534667969 0.799804688
vn 0.750595331 0.434555233 -0.497763366
v 0.166915908 0.020507812 0.000713101
vt 0.550781250 0.783447266
vn 0.830740392 -0.015674334 -0.556439459
v 0.154220596 0.009796143 -0.008921630
vt 0.561279297 0.790527344
vn 0.536114931 -0.709563911 -0.457274556
v 0.138427749 0.055938721 -0.013761527
vt 0.528808594 0.817382812
vn 0.794659972 0.448471487 -0.409132004
v 0.121643081 0.058563232 -0.037948612
vt 0.537109375 0.835205078
vn 0.702072561 0.449642032 -0.552192092
v 0.117454544 0.075103760 -0.031267170
vt 0.528076172 0.842773438
vn 0.859414160 -0.457302898 -0.228651568
v 0.127807632 0.072174072 -0.009715086
vt 0.521240234 0.828369141
vn 0.599243104 0.764823496 -0.236543462
v 0.118324302 0.078582764 0.008986468
vt 0.511474609 0.826416016
vn 0.996147394 0.086280532 -0.015687494
v 0.099311844 0.066925049 -0.054489139
vt 0.541748047 0.854248047
vn 0.549361765 -0.078480288 -0.831891000
v 0.112579353 0.071350098 -0.059501652
vt 0.532714844 0.856933594
vn 0.463633686 -0.880118132 -0.102156587
v 0.114860550 0.033447266 -0.051284794
vt 0.553466797 0.831298828
vn 0.481600523 0.007895076 -0.876355290
v 0.099075332 0.022308350 -0.056610107
vt 0.562500000 0.836425781
vn 0.236308277 -0.189046741 -0.953110576
v 0.093299873 0.068023682 -0.072769165
vt 0.540527344 0.865722656
vn 0.275761604 -0.961226106 0.000000006
v 0.082397468 0.063415527 -0.060947418
vt 0.551025391 0.864990234
vn 0.055267263 -0.378976256 -0.923754573
v 0.109024055 0.073364258 -0.081054688
vt 0.528564453 0.866943359
vn 0.464322269 -0.818466365 -0.338404417
vt 0.518066406 0.870361328
vt 0.523925781 0.879638672
v 0.085014351 0.060394287 -0.088508606
vt 0.537597656 0.875732422
vn 0.149992719 -0.892062068 -0.426295161
vt 0.538330078 0.884765625
v 0.076805122 0.064239502 -0.074966423
vt 0.546630859 0.873291016
vn 0.133816853 -0.983947039 0.118073680
v 0.068420418 0.064422607 -0.074707024
vt 0.549560547 0.876708984
vn -0.110055529 -0.982638836 -0.149361044
v 0.053020485 0.064453125 -0.079322807
vt 0.550781250 0.885742188
vn -0.015744589 -0.991910815 -0.125956878
vt 0.538818359 0.898681641
vt 0.552001953 0.902587891
v 0.053184520 0.065063477 -0.057437893
vt 0.562988281 0.882080078
vn -0.110376544 -0.993389368 0.031536229
v 0.018392574 0.069519043 -0.053077690
vt 0.568603516 0.899902344
vn -0.070686631 -0.997467637 -0.007854023
v 0.066200271 0.064453125 -0.055309292
vt 0.561279297 0.873779297
vn -0.551454723 -0.527820945 -0.645989716
v 0.053623214 0.066986084 -0.039443966
vt 0.575683594 0.882568359
vn -0.741077006 -0.646471500 -0.181327224
v 0.051128402 0.068267822 -0.019258495
vt 0.587890625 0.888916016
vn -0.512160361 -0.858853698 0.007879496
v 0.011036891 0.069580078 -0.010006895
vt 0.588378906 0.910156250
vn -0.055296645 -0.995340228 -0.078995198
v 0.048206348 0.039703369 -0.012621873
vt 0.598632812 0.873046875
vn -0.999225974 -0.023603808 -0.031471554
v 0.056983963 0.043365479 -0.043964382
vt 0.576660156 0.867675781
vn -0.872718155 -0.125797257 -0.471739411
v 0.069747940 0.037292480 -0.055568691
vt 0.568603516 0.858642578
vn -0.510483503 -0.141364694 -0.848187804
v 0.080657974 0.026000977 -0.057659145
vt 0.567871094 0.848144531
vn -0.220499903 -0.362249702 -0.905624151
v 0.064926162 0.019409180 -0.044132225
vt 0.580566406 0.852783203
vn -0.674930334 -0.455185592 -0.580753922
v 0.087646499 0.011413574 -0.047641750
vt 0.573974609 0.837402344
vn -0.015744634 -0.897443056 -0.440849215
v 0.053661365 0.020263672 -0.024896616
vt 0.594238281 0.858154297
vn -0.918955266 -0.282755494 -0.274901003
v 0.070602432 0.010742188 -0.037483212
vt 0.584960938 0.844482422
vn -0.306507587 -0.903804421 -0.298648357
v 0.058002491 0.012542725 -0.018463129
vt 0.597900391 0.851074219
vn -0.557656586 -0.824703455 -0.094251707
v 0.051486991 0.019073486 0.003206975
vt 0.610839844 0.858154297
vn -0.927181423 -0.369301111 0.062859893
v 0.124008194 0.007812500 -0.028457643
vt 0.570556641 0.810791016
vn 0.110110015 -0.967395008 -0.228084967
v 0.162475616 0.003936768 0.025169367
vt 0.578369141 0.770507812
vn 0.165802136 -0.979021966 -0.118430056
v 0.084938072 0.004852295 -0.017377850
vt 0.594726562 0.829345703
vn -0.079022355 -0.987779796 -0.134337991
v 0.113990806 0.003112793 -0.005532265
vt 0.590332031 0.807861328
vn 0.039501358 -0.995433450 -0.086902879
v 0.147048980 0.000000000 0.064605705
vt 0.611328125 0.766113281
vn 0.023612574 -0.999597251 -0.015741650
v 0.093505882 0.002990723 0.011627199
vt 0.611816406 0.817138672
vn -0.102629758 -0.994719684 0.000000057
v 0.068893455 0.007476807 0.004796510
vt 0.612060547 0.840087891
vn -0.268449813 -0.963261306 0.007895662
v 0.083305389 0.006744385 0.062568672
vt 0.652587891 0.832275391
vn -0.245160773 -0.964826524 0.094901040
v 0.061687496 0.012298584 0.034767158
vt 0.632080078 0.849853516
vn -0.645529151 -0.739996970 0.188935503
v 0.085876495 0.010406494 0.080642700
vt 0.660644531 0.834472656
vn -0.662898540 -0.631331980 0.402474284
v 0.071540862 0.021728516 0.066154487
vt 0.653564453 0.852294922
vn -0.891839683 0.047354303 0.449866176
v 0.056358363 0.022735596 0.029472357
vt 0.627197266 0.861083984
vn -0.959767461 -0.055068657 0.275343239
v 0.053958915 0.040863037 0.016956335
vt 0.617919922 0.875976562
vn -0.922117829 0.212796405 0.323135436
v 0.067161582 0.047912598 0.037055973
vt 0.630371094 0.881103516
vn -0.739424288 0.464106768 0.487705499
v 0.057216663 0.067230225 0.004208092
vt 0.603759766 0.892089844
vn -0.574002922 -0.802031517 0.165124252
v 0.026382467 0.063842773 0.006873139
vt 0.601562500 0.903320312
vn 0.015728578 -0.998762369 -0.047185581
v 0.069229148 0.063049316 0.026985170
vt 0.620117188 0.892578125
vn -0.188364178 -0.965366781 0.180515811
v 0.086479209 0.066040039 0.041175842
vt 0.632324219 0.896972656
vn 0.244626015 -0.812789261 0.528707623
vt 0.232177734 0.733398438
vt 0.214355469 0.739013672
v 0.133468643 0.085327148 -0.047431953
vt 0.217285156 0.723632812
vn 0.425025702 -0.905147195 -0.007870862
v 0.132003799 0.082366943 -0.022350317
vt 0.233642578 0.722656250
vn 0.456622154 -0.889625907 0.007872775
v 0.136581436 0.087951660 -0.073883064
vt 0.200439453 0.724853516
vn 0.463176221 -0.839997590 -0.282616019
vt 0.190917969 0.736083984
vt 0.179931641 0.725830078
v 0.144241348 0.083587646 -0.060043342
vt 0.208984375 0.719726562
vn 0.564345837 -0.807328165 -0.172439069
v 0.141815186 0.099121094 -0.084747329
vt 0.192871094 0.718994141
vn 0.662898600 -0.631331980 -0.402474225
vt 0.185546875 0.709228516
v 0.148025528 0.090606689 -0.048751839
vt 0.215087891 0.713134766
vn 0.597462952 -0.801858068 -0.007861396
v 0.155181900 0.098937988 -0.062061317
vt 0.204345703 0.707519531
vn 0.716624379 -0.629999340 -0.299249798
vt 0.172119141 0.691650391
v 0.138610855 0.088256836 0.004734509
vt 0.251953125 0.716552734
vn 0.521043658 -0.852616847 0.039472971
v 0.164245620 0.105163574 -0.038410198
vt 0.218994141 0.699218750
vn 0.614955425 -0.788404346 -0.015768133
vt 0.259277344 0.729003906
v 0.165786758 0.105773926 -0.005528939
vt 0.240966797 0.695312500
vn 0.661889434 -0.748565376 0.039398126
v 0.172195449 0.109039307 -0.035030376
vt 0.220214844 0.693603516
vn 0.734243631 -0.671082854 -0.102636278
v 0.169677734 0.125976562 -0.072723404
vt 0.193847656 0.689697266
vn 0.599243104 -0.709630013 -0.370584607
vt 0.189697266 0.678222656
v 0.131500259 0.082580566 0.013423913
vt 0.260253906 0.719970703
vn 0.473013222 -0.875074327 0.102486156
v 0.114479087 0.078430176 0.027780529
vt 0.271728516 0.730224609
vn 0.503671706 -0.794856727 0.338404357
v 0.182968155 0.122406006 -0.049201980
vt 0.209716797 0.682128906
vn 0.715095997 -0.691521347 -0.102156632
v 0.204910293 0.150695801 -0.057014484
vt 0.200683594 0.660400391
vn 0.879276872 -0.471041173 -0.070656270
vt 0.187988281 0.661376953
vt 0.177001953 0.668945312
vt 0.177246094 0.656738281
v 0.197235122 0.143066406 -0.032791156
vt 0.218017578 0.665039062
vn 0.827747405 -0.559714794 0.039416458
v 0.188278213 0.133789062 -0.017868057
vt 0.229003906 0.672607422
vn 0.794635475 -0.605811119 0.039338309
v 0.187988296 0.134399414 0.012716277
vt 0.246826172 0.666748047
vn 0.773116946 -0.631115794 0.063111506
v 0.183624282 0.124511719 0.015462860
vt 0.250732422 0.673339844
vn 0.788502336 -0.615031779 -0.000000077
v 0.180831924 0.124389648 0.027511582
vt 0.258789062 0.673339844
vn 0.730925322 -0.660190463 0.172906995
v 0.156875625 0.101287842 0.030860890
vt 0.265625000 0.696289062
vn 0.621950924 -0.771533966 0.133837476
v 0.159439117 0.114532471 0.064544663
vt 0.286376953 0.682617188
vn 0.638270438 -0.709189296 0.299435437
v 0.139984161 0.095367432 0.053844444
vt 0.283447266 0.704101562
vn 0.528872371 -0.805148900 0.268382937
v 0.136657745 0.110626221 0.091423027
vt 0.308105469 0.689697266
vn 0.535101473 -0.747568130 0.393456876
v 0.125534087 0.085693359 0.045188900
vt 0.280761719 0.718017578
vn 0.416368872 -0.887729704 0.196400359
vt 0.288085938 0.748046875
v 0.111022979 0.086212158 0.076141350
vt 0.303710938 0.716308594
vn 0.426295251 -0.844695985 0.323668480
v 0.084129363 0.072601318 0.064537056
vt 0.304443359 0.736816406
vn 0.393847466 -0.874341130 0.283570051
v 0.115577728 0.100036621 0.098030083
vt 0.316894531 0.703125000
vn 0.447599590 -0.769556999 0.455452085
v 0.123222381 0.116027832 0.114265434
vt 0.326416016 0.688476562
vn 0.426374942 -0.647458076 0.631666362
v 0.085563689 0.087219238 0.101951592
vt 0.326416016 0.722656250
vn 0.362654805 -0.812031209 0.457260281
v 0.072425872 0.094909668 0.119796753
vt 0.341552734 0.723144531
vn 0.276121885 -0.717916667 0.639024675
v 0.101341277 0.116394043 0.126762390
vt 0.342041016 0.694091797
vn 0.385480493 -0.582154036 0.715892136
v 0.058288611 0.117828369 0.146125793
vt 0.365478516 0.712890625
vn 0.228502497 -0.622471929 0.748542190
v 0.059253726 0.078521729 0.102943420
vt 0.335693359 0.738281250
vn 0.189205363 -0.827773035 0.528198063
v 0.064964324 0.069671631 0.083824165
vt 0.321777344 0.743408203
vn 0.212809712 -0.930056930 0.299509883
v 0.074829131 0.063903809 0.054607391
vt 0.303466797 0.745849609
vn 0.102681071 -0.979418874 0.173767895
v 0.042053249 0.069305420 0.067955025
vt 0.320556641 0.757568359
vn 0.039364044 -0.984099448 0.173201546
vt 0.298583984 0.757568359
v 0.039215114 0.062225342 0.048969276
vt 0.314697266 0.761718750
vn 0.015816396 -0.988520741 0.150255203
v 0.045398735 0.061706543 0.030462271
vt 0.307617188 0.765869141
vn -0.039253410 -0.989186585 -0.141312316
vt 0.296142578 0.770751953
v 0.147903457 0.062500000 0.013581268
vt 0.806640625 0.652343750
vn 0.628442287 0.612731397 -0.479187489
vt 0.814208984 0.677001953
vt 0.798095703 0.664062500
vt 0.783203125 0.653320312
v 0.168594375 0.032928467 0.011268606
vt 0.832031250 0.661621094
vn 0.691863120 0.416690350 -0.589656293
vt 0.840820312 0.666503906
v 0.135864273 0.074157715 0.023252480
vt 0.793701172 0.635742188
vn 0.267691582 0.944794059 -0.188958883
vt 0.780029297 0.634521484
v 0.169143707 0.055877686 0.024841297
vt 0.824951172 0.648681641
vn 0.723848641 0.479943186 -0.495679140
v 0.181427032 0.027099609 0.027305592
vt 0.847167969 0.650634766
vn 0.924417496 0.086911082 -0.371347368
v 0.180557281 0.009185791 0.037048332
vt 0.868652344 0.637695312
vn 0.708925247 -0.661663473 -0.244185418
vt 0.853515625 0.663818359
vt 0.879638672 0.646972656
v 0.161102325 0.072601318 0.040470112
vt 0.814208984 0.634521484
vn 0.489526212 0.836932063 -0.244763225
v 0.182983428 0.042083740 0.044277180
vt 0.842041016 0.638671875
vn 0.949815989 0.298289359 -0.094196767
v 0.173980743 0.003723145 0.073204033
vt 0.875000000 0.609619141
vn 0.299286902 -0.952992260 0.047255814
vt 0.890869141 0.592285156
v 0.187820464 0.017150879 0.060405720
vt 0.862060547 0.627929688
vn 0.998731434 -0.031456064 -0.039320264
v 0.183563262 0.009765625 0.079978935
vt 0.866943359 0.610839844
vn 0.833638549 -0.519057810 0.188748255
v 0.183013946 0.029174805 0.082206719
vt 0.855712891 0.612060547
vn 0.912933171 0.314804584 0.259713620
v 0.175216705 0.058380127 0.046592701
vt 0.829833984 0.633056641
vn 0.810897887 0.574714184 0.110219009
v 0.175064117 0.016021729 0.099349968
vt 0.861328125 0.596679688
vn 0.635651171 -0.227578714 0.737669051
v 0.171142608 0.045501709 0.087196343
vt 0.842529297 0.604980469
vn 0.730902672 0.558001041 0.392958343
v 0.158386260 0.071380615 0.059898365
vt 0.818359375 0.619384766
vn 0.613261402 0.731196284 0.298768252
v 0.144805938 0.076232910 0.065383896
vt 0.811035156 0.611572266
vn 0.259096622 0.918615341 0.298353642
v 0.156539947 0.057373047 0.087570183
vt 0.830322266 0.600585938
vn 0.472031474 0.739515901 0.479898542
v 0.144180328 0.077667236 0.041530602
vt 0.803710938 0.626464844
vn 0.125583842 0.988973260 -0.078489996
v 0.126098663 0.078338623 0.059024807
vt 0.797851562 0.605957031
vn -0.173142523 0.983764112 0.047220655
v 0.162475616 0.041992188 0.100845329
vt 0.843261719 0.593505859
vn 0.417426467 0.504062057 0.756092966
v 0.139587432 0.063201904 0.091171265
vt 0.820800781 0.592285156
vn 0.204502687 0.692162871 0.692162752
v 0.152267486 0.030822754 0.109878533
vt 0.846191406 0.583984375
vn 0.337694138 0.164920390 0.926695168
v 0.121673614 0.071990967 0.084373474
vt 0.807617188 0.589843750
vn -0.070932120 0.890592456 0.449236870
v 0.131546050 0.037261963 0.111335754
vt 0.835205078 0.575439453
vn -0.015716776 0.392922074 0.919437528
v 0.113365203 0.056854248 0.098846436
vt 0.814208984 0.574218750
vn -0.331480175 0.528789997 0.781346381
v 0.104805022 0.068115234 0.075645447
vt 0.796630859 0.583496094
vn -0.630488336 0.709299386 0.315244228
v 0.139465362 0.015716553 0.113822937
vt 0.850341797 0.572998047
vn 0.102235638 -0.314570755 0.943712413
v 0.106407203 0.025543213 0.105384827
vt 0.831298828 0.561035156
vn -0.450146466 0.031589251 0.892395914
v 0.095169097 0.041107178 0.091583252
vt 0.807373047 0.560791016
vn -0.702597499 0.394717723 0.592076719
v 0.097320579 0.067047119 0.048988342
vt 0.779541016 0.590576172
vn -0.550039887 0.785771310 0.282877684
v 0.079383880 0.035430908 0.071128853
vt 0.791748047 0.556152344
vn -0.755530834 0.511557341 0.409245968
v 0.085639983 0.020507812 0.088127136
vt 0.814941406 0.551513672
vn -0.749123693 -0.007885517 0.662383199
vt 0.795898438 0.545654297
vt 0.753417969 0.572753906
vt 0.822998047 0.546630859
vt 0.773193359 0.594970703
vt 0.781494141 0.620361328
v 0.117210411 0.075958252 0.030538555
vt 0.784423828 0.619628906
vn -0.071137942 0.995930731 0.055329449
v 0.101921119 0.009307861 0.096122742
vt 0.835449219 0.553222656
vn -0.395111769 -0.750712574 0.529449999
vt 0.830566406 0.537597656
v 0.128479034 0.009124756 0.108818054
vt 0.850341797 0.564697266
vn -0.141403779 -0.801288724 0.581327200
v 0.116096526 0.002014160 0.083869934
vt 0.857666016 0.557128906
vn -0.102008581 -0.988699138 0.109855518
vt 0.866699219 0.531738281
v 0.160644561 0.002471924 0.091430657
vt 0.869140625 0.586669922
vn 0.133850053 -0.936949790 0.322814643
vt 0.511474609 0.945312500
v -0.004299391 0.072998047 -0.059886921
vt 0.523925781 0.927734375
vn 0.000000041 -0.999721229 -0.023615420
vt 0.522949219 0.959472656
vt 0.238281250 0.627441406
vt 0.221191406 0.634765625
vt 0.225830078 0.629882812
v -0.004998195 0.066040039 -0.051612843
vt 0.233154297 0.623779297
vn -0.102244966 -0.990989983 -0.086514942
v 0.004193319 0.070434570 -0.040042866
vt 0.226318359 0.620605469
vn -0.031445365 -0.998391926 0.047168169
v -0.013275133 0.071838379 -0.043376911
vt 0.235107422 0.619140625
vn 0.007871618 -0.999690175 -0.023614688
v -0.034004200 0.069610596 -0.050010666
vt 0.244628906 0.613525391
vn 0.102629848 -0.994719684 0.000000030
v -0.031137452 0.067535400 -0.029811844
vt 0.234619141 0.609130859
vn 0.007873068 -0.992003083 -0.125968605
v -0.045391068 0.069122314 -0.029149992
vt 0.235839844 0.602050781
vn 0.872475505 -0.440167785 -0.212223887
v -0.030656805 0.069244385 -0.079399087
vt 0.256347656 0.624755859
vn 0.078494824 -0.996883690 0.007849512
vt 0.250488281 0.648925781
v -0.057815541 0.066375732 -0.053321820
vt 0.253906250 0.606689453
vn 0.401077807 -0.880798340 -0.251656681
vt 0.263916016 0.640869141
v -0.053153977 0.041503906 -0.045776349
vt 0.246582031 0.596679688
vn 0.827259004 -0.141815826 -0.543627441
v -0.055244438 0.068145752 -0.079277016
vt 0.265625000 0.613037109
vn -0.109909594 -0.965634465 -0.235520542
vt 0.277832031 0.641845703
vt 0.260742188 0.653564453
v -0.070091240 0.066741943 -0.061767559
vt 0.262451172 0.600585938
vn 0.363786936 -0.371695429 -0.854108751
v -0.078071579 0.039581299 -0.063339211
vt 0.251708984 0.587890625
vn 0.354045361 -0.165221244 -0.920518339
v -0.085151665 0.068634033 -0.064361550
vt 0.270751953 0.592773438
vn -0.345387727 -0.643677056 -0.682925522
v -0.078163140 0.077606201 -0.095230088
vt 0.282226562 0.608642578
vn -0.251656651 -0.880798280 -0.401077718
v -0.092567444 0.101928711 -0.129249543
vt 0.308593750 0.620361328
vn -0.243476421 -0.824678063 -0.510514855
v -0.091575608 0.044769287 -0.065116853
vt 0.257812500 0.585693359
vn -0.094797395 0.015799496 -0.995371222
v -0.065803513 0.021728516 -0.052066781
vt 0.238525391 0.589355469
vn 0.614116073 -0.377917618 -0.692849040
v -0.052394848 0.014190674 -0.026542643
vt 0.226318359 0.599365234
vn 0.732079268 -0.629745543 -0.259770095
v -0.074905381 0.012939453 -0.048892949
vt 0.233886719 0.585449219
vn 0.133379474 -0.910118878 -0.392292619
v -0.081687912 0.021148682 -0.058479283
vt 0.242187500 0.583740234
vn 0.078759596 -0.433178335 -0.897860467
v -0.105682358 0.034301758 -0.061122868
vt 0.252929688 0.577880859
vn -0.173335969 -0.275761604 -0.945468307
v -0.111114487 0.040985107 -0.057052586
vt 0.256835938 0.575683594
vn -0.613128901 0.078606181 -0.786062479
v -0.101989731 0.018402100 -0.054832429
vt 0.242675781 0.575927734
vn -0.283008814 -0.581740260 -0.762551248
v -0.112647995 0.010681152 -0.041480988
vt 0.236572266 0.569580078
vn -0.196285352 -0.895061135 -0.400422007
v -0.103660569 0.005523682 -0.025505038
vt 0.225585938 0.570068359
vn -0.039514866 -0.987872243 -0.150156543
v -0.124748215 0.018310547 -0.041812867
vt 0.241943359 0.566406250
vn -0.589073956 -0.290609837 -0.754014552
v -0.148376450 0.014282227 -0.019300429
vt 0.239746094 0.552490234
vn -0.542550802 -0.574002981 -0.613318205
v -0.144729599 0.029174805 -0.024148909
vt 0.246826172 0.557617188
vn -0.705259144 0.164560363 -0.689586461
v -0.125144944 0.056610107 -0.037921879
vt 0.265136719 0.566162109
vn -0.762221694 0.353607953 -0.542198777
v -0.140670761 0.050415039 -0.014811485
vt 0.255859375 0.553466797
vn -0.714148581 0.470867097 -0.517953694
v -0.128158554 0.070922852 -0.008913012
vt 0.268066406 0.553466797
vn -0.676829755 0.645349264 -0.354155034
v -0.119987473 0.075988770 -0.027847264
vt 0.276367188 0.558349609
vn -0.857099473 -0.440344691 -0.267351955
v -0.103111252 0.073211670 -0.053398106
vt 0.276367188 0.579345703
vn -0.709255397 -0.070925586 -0.701374590
v -0.104782097 0.080474854 -0.075744607
vt 0.286376953 0.588134766
vn -0.494532347 -0.816370785 -0.298289269
v -0.130477890 0.083496094 -0.028713198
vt 0.283691406 0.554199219
vn -0.652391553 -0.754573405 -0.070741132
v -0.138580307 0.093414307 -0.006159277
vt 0.282470703 0.541503906
vn -0.605081201 -0.793678045 0.062865704
v -0.140441880 0.093017578 -0.021905869
vt 0.289306641 0.545410156
vn -0.675909340 -0.730925262 -0.094312817
v -0.125579819 0.086242676 -0.048747990
vt 0.288574219 0.564697266
vn -0.616086125 -0.758259833 -0.213260472
v -0.105140679 0.093078613 -0.107215859
vt 0.301757812 0.603515625
vn -0.410378575 -0.836540997 -0.363027155
v -0.127517700 0.108551025 -0.101356484
vt 0.313964844 0.591064453
vn -0.552708149 -0.742208123 -0.378999799
v -0.151824936 0.106292725 -0.031738251
vt 0.302246094 0.545898438
vn -0.652714252 -0.747082591 -0.125824317
v -0.142669663 0.105224609 -0.069931000
vt 0.308349609 0.568847656
vn -0.574074030 -0.786402822 -0.228056699
v -0.163543686 0.112274170 0.003451140
vt 0.300781250 0.523925781
vn -0.645509243 -0.763590276 -0.015744012
v -0.173278794 0.122283936 -0.018537490
vt 0.313964844 0.530273438
vn -0.587751985 -0.807179391 -0.054856740
v -0.185440049 0.134094238 -0.009902922
vt 0.320800781 0.519531250
vn -0.714720905 -0.699012876 0.023562353
v -0.161392212 0.120544434 -0.071334809
vt 0.322509766 0.561767578
vn -0.647276580 -0.734106362 -0.205233902
v -0.151855469 0.117309570 -0.096542329
vt 0.323974609 0.578613281
vn -0.566315055 -0.755086780 -0.330350339
v -0.154327393 0.127716064 -0.101264924
vt 0.331054688 0.580322266
vn -0.605361640 -0.668256342 -0.432401061
v -0.102851868 0.100402832 -0.130271882
vt 0.312011719 0.614501953
vn -0.535167754 -0.700440109 -0.472206742
v -0.126785278 0.123809814 -0.126167268
vt 0.328857422 0.603759766
vn -0.529996336 -0.680293739 -0.506265044
v -0.175231934 0.148071289 -0.099792451
vt 0.347656250 0.570312500
vn -0.716158152 -0.605980039 -0.346274167
v -0.157241821 0.144409180 -0.125602692
vt 0.347412109 0.590087891
vn -0.606111407 -0.621854544 -0.495909184
v -0.182479858 0.142913818 -0.071426362
vt 0.340332031 0.552978516
vn -0.778731346 -0.542752206 -0.314638823
v -0.106101990 0.112518311 -0.134071320
vt 0.319580078 0.616699219
vn -0.441054374 -0.661581457 -0.606449664
v -0.131118774 0.145721436 -0.152229279
vt 0.348876953 0.612792969
vn -0.574500561 -0.598110080 -0.558760643
v -0.177062988 0.165954590 -0.118530244
vt 0.362304688 0.577636719
vn -0.675554812 -0.573436022 -0.463461876
v -0.103752144 0.141204834 -0.168388337
vt 0.343505859 0.632568359
vn -0.402474225 -0.662898600 -0.631331921
v -0.075683594 0.109069824 -0.148841828
vt 0.312988281 0.638183594
vn -0.276587009 -0.774443567 -0.568978786
v -0.142257690 0.168151855 -0.159309357
vt 0.365234375 0.610595703
vn -0.583183646 -0.630468726 -0.512255788
v -0.037967682 0.093139648 -0.142494202
vt 0.291992188 0.650878906
vn -0.189234734 -0.812132239 -0.551934481
vt 0.289550781 0.666259766
vt 0.299316406 0.667724609
v -0.135604873 0.175659180 -0.177803010
vt 0.372070312 0.621826172
vn -0.536966741 -0.489587337 -0.687001407
v -0.045696262 0.103057861 -0.154975891
vt 0.300048828 0.654541016
vn -0.070826672 -0.826310754 -0.558743358
v -0.044582371 0.110504150 -0.160545349
vt 0.308593750 0.657470703
vn -0.157793745 -0.694292307 -0.702181876
vt 0.311279297 0.668457031
v -0.055072788 0.106689453 -0.153434753
vt 0.306396484 0.649658203
vn -0.392147869 -0.713709056 -0.580378711
v -0.052036289 0.102783203 -0.165626526
vt 0.304931641 0.653808594
vn -0.330095351 -0.534439981 -0.778081656
v -0.068481453 0.122375488 -0.168754548
vt 0.323242188 0.649658203
vn -0.142249212 -0.774467707 -0.616413057
vt 0.326660156 0.662597656
v -0.084075935 0.126190186 -0.166908234
vt 0.329589844 0.641357422
vn -0.417620808 -0.661889434 -0.622491181
v -0.069633491 0.130249023 -0.184822053
vt 0.332519531 0.654541016
vn -0.197654784 -0.648307443 -0.735275507
vt 0.337646484 0.661132812
vt 0.332763672 0.684814453
v -0.068923958 0.142730713 -0.185844392
vt 0.340087891 0.656250000
vn -0.408223242 -0.478877246 -0.777194083
v -0.074722305 0.163146973 -0.198265046
vt 0.355712891 0.659179688
vn -0.252595782 -0.639383018 -0.726212680
vt 0.356201172 0.686279297
v -0.115127571 0.153778076 -0.178520173
vt 0.355957031 0.631835938
vn -0.399781823 -0.603592157 -0.689819515
v -0.089187637 0.176269531 -0.207344025
vt 0.368896484 0.656005859
vn -0.338740319 -0.401761711 -0.850789428
vt 0.377929688 0.693603516
v -0.119316116 0.182800293 -0.191581696
vt 0.375488281 0.635498047
vn -0.496741116 -0.362699866 -0.788477778
v -0.088005081 0.215911865 -0.218605012
vt 0.394531250 0.662353516
vn -0.368936956 -0.251191080 -0.894867957
v -0.120262161 0.194976807 -0.194343537
vt 0.383300781 0.636718750
vn -0.432722360 -0.322574824 -0.841841459
vt 0.406982422 0.667968750
v -0.130737320 0.221160889 -0.202995270
vt 0.401611328 0.635498047
vn -0.433044106 -0.275573522 -0.858214438
v -0.162002578 0.212341309 -0.180976838
vt 0.399414062 0.610839844
vn -0.582550883 -0.299147755 -0.755741477
v -0.123573318 0.239746094 -0.207145661
vt 0.412841797 0.641845703
vn -0.409296691 -0.165292904 -0.897303998
v -0.134140030 0.255767822 -0.203849763
vt 0.423339844 0.635009766
vn -0.447365195 -0.164818764 -0.879033089
v -0.109458938 0.247650146 -0.217018098
vt 0.416503906 0.652832031
vn -0.450244993 -0.023697158 -0.892590642
v -0.093055747 0.267379761 -0.224708527
vt 0.428222656 0.664306641
vn -0.353531748 0.031424977 -0.934894621
vt 0.420898438 0.680908203
vt 0.434082031 0.677246094
v -0.110885635 0.277267456 -0.212577790
vt 0.435058594 0.651123047
vn -0.363027334 0.031567529 -0.931243658
v -0.140670791 0.269943237 -0.207282990
vt 0.434082031 0.634033203
vn -0.212204233 -0.188625932 -0.958848178
v -0.163620010 0.272171021 -0.199912995
vt 0.438964844 0.619140625
vn -0.541130781 -0.054897379 -0.839144707
v -0.164154068 0.261810303 -0.189628571
vt 0.430908203 0.614501953
vn -0.496432573 -0.236396462 -0.835267305
v -0.168792740 0.274032593 -0.186958283
vt 0.438720703 0.611083984
vn -0.545186460 0.165926218 -0.821730077
v -0.175170913 0.263977021 -0.183433503
vt 0.433593750 0.605957031
vn -0.653523147 -0.039368920 -0.755882025
v -0.175308242 0.235687256 -0.178489655
vt 0.415527344 0.603759766
vn -0.729911566 -0.251152396 -0.635729194
v -0.180175796 0.250976533 -0.173286408
vt 0.425537109 0.598876953
vn -0.852271736 -0.102588311 -0.512941182
v -0.180984512 0.279464692 -0.177879304
vt 0.441406250 0.604492188
vn -0.858640492 -0.023632366 -0.512033165
v -0.186248779 0.211181641 -0.146034211
vt 0.397949219 0.584472656
vn -0.785553098 -0.298510224 -0.542031467
v -0.180435181 0.185363770 -0.144889802
vt 0.381103516 0.587158203
vn -0.667102873 -0.494440973 -0.557226956
v -0.198287964 0.221435547 -0.136085480
vt 0.404052734 0.574462891
vn -0.831072330 -0.203847960 -0.517459989
v -0.204971313 0.215423584 -0.119613610
vt 0.397705078 0.564453125
vn -0.844196320 -0.362925559 -0.394484073
v -0.185134888 0.178863525 -0.128654450
vt 0.374511719 0.578369141
vn -0.811375916 -0.464768797 -0.354484499
v -0.196548462 0.177032471 -0.097099274
vt 0.368408203 0.559082031
vn -0.819227874 -0.456877142 -0.346596271
v -0.196029663 0.161468506 -0.071708649
vt 0.354003906 0.547363281
vn -0.755718112 -0.590404868 -0.283394158
v -0.210510254 0.248352051 -0.123290986
vt 0.419189453 0.561523438
vn -0.770698607 -0.141556919 -0.621277273
v -0.209823608 0.276000977 -0.127311677
vt 0.435546875 0.563964844
vn -0.801486790 -0.031430911 -0.597186089
v -0.212356567 0.227539062 -0.115112267
vt 0.405029297 0.558837891
vn -0.899228275 -0.189311281 -0.394398242
v -0.226654053 0.220489502 -0.074539147
vt 0.393798828 0.533691406
vn -0.927869201 -0.275215477 -0.251625448
v -0.206497192 0.172241211 -0.068489037
vt 0.361816406 0.541259766
vn -0.833690107 -0.495495081 -0.243814915
v -0.215911865 0.245788574 -0.114944428
vt 0.415771484 0.555664062
vn -0.762551308 -0.581740260 -0.283008605
v -0.227203369 0.256301880 -0.117530793
vt 0.424560547 0.552978516
vn -0.604931891 -0.408525437 -0.683494270
v -0.235397339 0.256042480 -0.105735749
vt 0.425537109 0.544677734
vn -0.889047563 -0.432722300 -0.149485737
v -0.227371216 0.252761841 -0.082389802
vt 0.414306641 0.533935547
vn -0.919749916 -0.330166668 -0.212249860
v -0.227935791 0.254867554 -0.074111909
vt 0.415283203 0.529296875
vn -0.993389487 -0.031536222 -0.110376477
v -0.225524902 0.199035645 -0.045989953
vt 0.375976562 0.520996094
vn -0.946968555 -0.291981995 -0.134153739
v -0.235656723 0.230743408 -0.022453273
vt 0.392089844 0.500488281
vn -0.974687338 -0.220090732 -0.039301772
v -0.237701401 0.242523193 -0.018062556
vt 0.398437500 0.495605469
vn -0.993760109 -0.078869894 -0.078869723
v -0.231277451 0.244354248 0.024377856
vt 0.389892578 0.471923828
vn -0.965366781 -0.243303865 0.094182253
v -0.225845322 0.209228516 -0.010952914
vt 0.375488281 0.498535156
vn -0.973605216 -0.227698043 0.015703447
v -0.226364121 0.211364746 0.009241140
vt 0.372314453 0.486816406
vn -0.971035779 -0.236838043 0.031578537
v -0.224975571 0.197448730 0.027992284
vt 0.359619141 0.479003906
vn -0.942518175 -0.290609807 0.164940819
v -0.218124375 0.178955078 0.016510045
vt 0.350097656 0.489746094
vn -0.910651624 -0.400372744 0.102055922
v -0.222946152 0.179870605 -0.013807261
vt 0.358154297 0.506591797
vn -0.883754790 -0.465549409 -0.047343872
v -0.205169663 0.159881592 0.003662144
vt 0.339111328 0.502441406
vn -0.845856428 -0.529648483 0.063241743
v -0.198226914 0.148406982 -0.014091457
vt 0.333984375 0.515625000
vn -0.812031209 -0.583401144 0.015767729
v -0.200271592 0.157226562 -0.034545865
vt 0.344726562 0.525634766
vn -0.825518668 -0.534621656 -0.180827752
v -0.199996933 0.143554688 -0.031913724
vt 0.336181641 0.526855469
vn -0.865819693 -0.472265333 -0.165292710
v -0.197845444 0.146850586 0.045005832
vt 0.323730469 0.491455078
vn -0.771533906 -0.621950924 0.133837655
v -0.186080918 0.130706787 -0.019639935
vt 0.322753906 0.525390625
vn -0.677438378 -0.724701583 0.126035184
v -0.184219345 0.129058838 -0.042468995
vt 0.327392578 0.538330078
vn -0.628694654 -0.754433692 -0.188608304
vt 0.370849609 0.757324219
vt 0.358154297 0.748046875
vt 0.359130859 0.738525391
v -0.021759018 0.070800781 -0.024885165
vt 0.354492188 0.764160156
vn 0.086291149 -0.996270061 0.000000032
vt 0.350830078 0.753662109
vt 0.347167969 0.765136719
v -0.033203106 0.063140869 -0.016715989
vt 0.350585938 0.771728516
vn 0.260448843 -0.954978883 0.142062977
v -0.047004681 0.066955566 -0.005228025
vt 0.350585938 0.783203125
vn 0.457430929 -0.883314788 0.102527581
vt 0.343994141 0.770751953
v -0.001574498 0.070343018 -0.001931656
vt 0.369140625 0.766357422
vn -0.023603724 -0.999225974 -0.031471636
v -0.044589978 0.035095215 -0.011789303
vt 0.333740234 0.783935547
vn 0.998021960 -0.062867478 -0.000000128
vt 0.327148438 0.764404297
v -0.006123046 0.072021484 0.009872449
vt 0.371093750 0.773925781
vn 0.007858233 -0.997991085 -0.062865533
v 0.011699696 0.063903809 0.005985747
vt 0.376708984 0.763671875
vn -0.212591797 -0.976347685 -0.039368790
vt 0.381103516 0.757324219
vt 0.378906250 0.739257812
v 0.010734579 0.067993164 0.015076647
vt 0.380126953 0.767822266
vn -0.102311447 -0.991634309 -0.078701079
vt 0.393310547 0.745849609
vt 0.399658203 0.759521484
v 0.022760415 0.062225342 0.045196541
vt 0.397705078 0.774658203
vn -0.062850021 -0.997744679 -0.023568721
vt 0.405273438 0.769042969
vt 0.414794922 0.773681641
v -0.005634760 0.065704346 0.044395458
vt 0.386718750 0.786376953
vn -0.023635948 -0.992710948 -0.118179835
v 0.016962077 0.062652588 0.059207924
vt 0.401855469 0.781982422
vn 0.031383466 -0.996423304 0.078458562
v 0.036304504 0.069274902 0.089492805
vt 0.422607422 0.783691406
vn 0.141500056 -0.966916621 0.212250024
v -0.008861514 0.066314697 0.069137588
vt 0.396728516 0.797119141
vn -0.055177961 -0.993204236 0.102473505
v 0.050735503 0.070739746 0.090209968
vt 0.427734375 0.778320312
vn 0.078811117 -0.945732474 0.315244168
vt 0.429931641 0.770507812
vt 0.437988281 0.777832031
v 0.011312515 0.066436768 0.090553299
vt 0.414062500 0.794921875
vn 0.000000074 -0.969677091 0.244390205
v 0.015670810 0.076690674 0.109565742
vt 0.426757812 0.798828125
vn 0.110686734 -0.877586901 0.466465116
v 0.026247058 0.083831787 0.119064339
vt 0.434326172 0.798095703
vn 0.117745914 -0.769272506 0.627977610
vt 0.453125000 0.778320312
v 0.005834136 0.077514648 0.113197334
vt 0.426269531 0.804443359
vn 0.007873642 -0.795226276 0.606261671
v 0.009897267 0.103332520 0.140769958
vt 0.444580078 0.811523438
vn 0.039466977 -0.694616556 0.718296766
v -0.010765041 0.089385986 0.125862122
vt 0.429443359 0.816162109
vn -0.031363025 -0.744874656 0.666466832
v -0.013318029 0.074157715 0.106651314
vt 0.416259766 0.810058594
vn -0.047138900 -0.872071505 0.487103045
v -0.036464661 0.068481445 0.086746238
vt 0.398437500 0.814208984
vn -0.102818944 -0.980735242 0.166092321
v -0.052627530 0.083801270 0.116394058
vt 0.410156250 0.830078125
vn -0.126034945 -0.834982216 0.535649002
v -0.043331113 0.073608398 0.101768516
vt 0.404296875 0.821289062
vn -0.134337962 -0.908757389 0.395111978
v -0.067634545 0.093627930 0.127021819
vt 0.414306641 0.839355469
vn -0.141859755 -0.788110435 0.598963976
v -0.058921784 0.076690674 0.096923843
vt 0.397949219 0.827880859
vn -0.164570451 -0.932566345 0.321304440
v -0.095260590 0.087219238 0.103973411
vt 0.394042969 0.848388672
vn -0.315862656 -0.876519144 0.363242239
v -0.117042512 0.105468750 0.123321556
vt 0.406250000 0.854248047
vn -0.307573199 -0.796535909 0.520508707
v -0.143646210 0.108215332 0.105194122
vt 0.406494141 0.865966797
vn -0.495372415 -0.770579457 0.401015908
v -0.078597993 0.074371338 0.084884658
vt 0.387207031 0.833007812
vn -0.305724829 -0.909335613 0.282207638
v -0.116310097 0.083038330 0.058979061
vt 0.368164062 0.841064453
vn -0.407833666 -0.886254072 0.219602883
v -0.047168702 0.070922852 0.077812217
vt 0.390869141 0.816406250
vn -0.086496212 -0.975048959 0.204445794
v -0.081291169 0.068634033 0.062377952
vt 0.373779297 0.825439453
vn -0.173632458 -0.970763624 0.165740207
v -0.104263283 0.078735352 0.055122402
vt 0.368164062 0.834716797
vn -0.354495555 -0.921688557 0.157553688
v -0.112571694 0.076812744 0.031265285
vt 0.358154297 0.836669922
vn -0.849341214 -0.479720563 0.220199704
v -0.027460072 0.063720703 0.056030288
vt 0.383300781 0.801025391
vn -0.086957142 -0.988150001 0.126483262
v -0.097434975 0.074401855 0.035629295
vt 0.357666016 0.827148438
vn -0.212433755 0.055075482 0.975622237
v -0.079017617 0.067810059 0.037803672
vt 0.359375000 0.816650391
vn 0.102729157 -0.964073002 0.244969398
v -0.115837067 0.070678711 0.071182281
vt 0.345703125 0.841064453
vn 0.235782340 0.919551075 0.314376384
v -0.131790131 0.074401855 0.062263511
vt 0.349365234 0.847656250
vn -0.071084656 0.987286627 0.142169237
v -0.138061494 0.065093994 0.087265044
vt 0.338867188 0.855957031
vn -0.134082884 0.828159213 0.544218779
v -0.087684609 0.066528320 0.045410179
vt 0.351806641 0.822509766
vn 0.527919292 0.764301062 0.370331347
v -0.102287263 0.058868408 0.083587676
vt 0.338134766 0.840087891
vn 0.392776549 0.754130900 0.526320398
v -0.132156342 0.053741455 0.095817596
vt 0.332031250 0.853515625
vn 0.031402826 0.565249443 0.824322104
v -0.161605805 0.043304443 0.096900977
vt 0.319335938 0.865966797
vn -0.446581721 0.540599048 0.712963939
v -0.143020600 0.029296875 0.110343970
vt 0.311523438 0.862060547
vn 0.000000111 0.306772977 0.951782823
v -0.103851289 0.049987793 0.092292815
vt 0.331298828 0.844238281
vn 0.315185547 0.464898556 0.827361822
v -0.083244294 0.049346924 0.072158836
vt 0.336181641 0.830566406
vn 0.726575077 0.497545987 0.473853171
v -0.113021813 0.027465820 0.104408294
vt 0.315917969 0.849609375
vn 0.314804673 0.259713769 0.912933111
v -0.111465417 0.014190674 0.105125457
vt 0.309570312 0.848876953
vn 0.386162221 -0.315234333 0.866894484
v -0.145935029 0.009643555 0.110145606
vt 0.297363281 0.862548828
vn -0.110417657 -0.583636880 0.804472446
v -0.092468232 0.040222168 0.089759856
vt 0.327392578 0.840087891
vn 0.606430948 0.220520362 0.763945282
v -0.124908410 0.004577637 0.098655730
vt 0.298828125 0.851318359
vn 0.141930506 -0.914662719 0.378481120
v -0.084571809 0.009216309 0.076850913
vt 0.312744141 0.831787109
vn 0.426149160 -0.828623235 0.363015831
v -0.090270966 0.019287109 0.091079742
vt 0.319335938 0.837646484
vn 0.774637163 0.007904522 0.632356644
v -0.117172211 0.001983643 0.083938628
vt 0.294677734 0.842773438
vn 0.094620332 -0.993512928 0.063080214
v -0.071411103 0.041442871 0.057056446
vt 0.336425781 0.820312500
vn 0.846730053 0.205747515 0.490628481
v -0.084922761 0.005157471 0.054721858
vt 0.308105469 0.822998047
vn 0.204902381 -0.977226615 0.055166032
v -0.091300942 0.002868652 0.001981284
vt 0.299072266 0.797119141
vn 0.094797306 -0.995371222 -0.015799513
v -0.069305390 0.015502930 0.060981773
vt 0.321777344 0.822753906
vn 0.888882518 -0.125859410 0.440508008
v -0.065330476 0.009490967 0.036903404
vt 0.318115234 0.811767578
vn 0.604801238 -0.769746959 0.204218522
v -0.054996468 0.011199951 0.004215261
vt 0.320312500 0.795166016
vn 0.346757859 -0.937822223 0.015761714
v -0.076911904 0.006286621 -0.022516226
vt 0.306396484 0.785400391
vn 0.181096777 -0.976347685 -0.118106559
vt 0.290283203 0.785156250
vt 0.305419922 0.773925781
vt 0.320800781 0.779052734
v -0.048122384 0.021911621 0.005733033
vt 0.327880859 0.794921875
vn 0.929364383 -0.307162762 0.204775080
v -0.051998116 0.036682129 0.020185491
vt 0.338134766 0.800537109
vn 0.923035622 0.102559552 0.370791972
v -0.051677685 0.067840576 0.009001750
vt 0.354492188 0.791992188
vn 0.811375976 -0.464768678 0.354484528
v -0.066543557 0.049255371 0.038898487
vt 0.345214844 0.812011719
vn 0.745401978 0.447241187 0.494319022
v -0.046962716 0.065429688 0.028482454
vt 0.364746094 0.798095703
vn -0.007894325 -0.994688690 -0.102626562
v -0.033275582 0.064178467 0.037841812
vt 0.373779297 0.796142578
vn -0.078635380 -0.990806222 -0.110089526
v -0.024538016 0.065917969 0.034317032
vt 0.375488281 0.790771484
vn 0.094532184 -0.968954682 -0.228452697
v -0.015514348 0.060150146 0.053646103
vt 0.386718750 0.794677734
vn 0.094761826 -0.994998753 -0.031587228
vt 0.647216797 0.734130859
v 0.199203506 0.144805908 0.018863659
vt 0.666992188 0.713378906
vn 0.852616966 -0.521043599 0.039472915
vt 0.670410156 0.721923828
vt 0.681152344 0.721679688
vt 0.675292969 0.725585938
v 0.213104263 0.175842285 0.006452539
vt 0.648925781 0.704345703
vn 0.904726863 -0.424828261 0.031468660
vt 0.633300781 0.739501953
v 0.183380142 0.135101318 0.041103348
vt 0.683105469 0.712158203
vn 0.726054490 -0.678702950 0.110486463
v 0.171798736 0.124877930 0.057567582
vt 0.695556641 0.711914062
vn 0.709299505 -0.630488276 0.315244108
vt 0.704589844 0.715576172
v 0.200210586 0.149597168 0.037963849
vt 0.673339844 0.704345703
vn 0.842702627 -0.535549223 0.055129986
v 0.214111328 0.178527832 -0.056457542
vt 0.622314453 0.727294922
vn 0.899676144 -0.426162392 -0.094702862
vt 0.624755859 0.746582031
vt 0.611083984 0.750732422
vt 0.609130859 0.740966797
vt 0.603759766 0.715332031
v 0.212570205 0.180480957 0.038104989
vt 0.660156250 0.690673828
vn 0.926838160 -0.361309767 0.102109179
v 0.227905288 0.203399658 -0.002613569
vt 0.633300781 0.695312500
vn 0.919295549 -0.392861307 0.023571577
v 0.221267715 0.196868896 0.037700631
vt 0.652832031 0.683349609
vn 0.907257318 -0.386570454 0.165672958
v 0.238891616 0.235595703 -0.024980573
vt 0.611328125 0.690185547
vn 0.990530550 -0.133642957 -0.031445537
vt 0.586425781 0.710449219
v 0.232238784 0.224365234 0.027255986
vt 0.637207031 0.675292969
vn 0.974898219 -0.165103674 0.149379432
vt 0.577392578 0.692382812
v 0.220626846 0.214721680 0.060573552
vt 0.656250000 0.667724609
vn 0.930317163 -0.157680809 0.331129700
v 0.207977325 0.197937012 0.084220864
vt 0.673828125 0.666748047
vn 0.895779252 -0.314308465 0.314308375
v 0.239624023 0.269989014 -0.033512142
vt 0.594970703 0.678955078
vn 0.987810552 0.142244756 0.063219741
vt 0.578613281 0.672851562
v 0.230697632 0.298019409 -0.021478681
vt 0.589843750 0.662109375
vn 0.982912242 0.172992602 0.062906250
v 0.230621353 0.284774780 -0.004417448
vt 0.601806641 0.661376953
vn 0.964826524 0.181893572 0.189801797
v 0.234924331 0.255203247 0.006360027
vt 0.617187500 0.670410156
vn 0.985903800 0.118308507 0.118308321
v 0.222229019 0.291442871 0.026861163
vt 0.613769531 0.645263672
vn 0.966319680 0.251400262 0.054993663
v 0.227920547 0.275039673 0.041419957
vt 0.625976562 0.647949219
vn 0.982274711 0.157163993 0.102156430
v 0.232604995 0.259445190 0.036052678
vt 0.629394531 0.656738281
vn 0.969556510 -0.015765091 0.244359612
v 0.215911880 0.276000977 0.074981660
vt 0.642089844 0.635009766
vn 0.860618770 -0.063164614 0.505317271
v 0.233047500 0.282363892 0.040489171
vt 0.622558594 0.644531250
vn 0.970280230 -0.228765205 0.078884453
v 0.222366348 0.264297485 0.066650361
vt 0.641845703 0.643798828
vn 0.929133892 0.165354386 0.330708534
v 0.212417617 0.274688721 0.085067719
vt 0.647460938 0.632080078
vn 0.896610022 0.243815064 0.369654894
v 0.217025772 0.251754761 0.084403962
vt 0.654296875 0.643066406
vn 0.941270649 -0.015687788 0.337288499
v 0.199966446 0.296630859 0.100707978
vt 0.648193359 0.615478516
vn 0.825212657 0.479409307 0.298648238
v 0.196807891 0.229248047 0.124420151
vt 0.682617188 0.639160156
vn 0.781419396 -0.197328061 0.591984272
v 0.201477081 0.285781860 0.111328095
vt 0.657714844 0.617431641
vn 0.818796158 0.425144196 0.385778785
v 0.201843292 0.274932861 0.125343293
vt 0.667480469 0.618408203
vn 0.816874325 0.062836543 0.573382854
v 0.174896270 0.251312256 0.147132844
vt 0.690673828 0.619384766
vn 0.664202929 -0.134421945 0.735367417
v 0.170776397 0.263885498 0.154151887
vt 0.690429688 0.610839844
vn 0.678597450 0.031562734 0.733832002
v 0.153945953 0.244232178 0.163230896
vt 0.705322266 0.615234375
vn 0.534853220 -0.346081376 0.770817697
v 0.157455474 0.260818481 0.168342590
vt 0.700683594 0.606689453
vn 0.525542855 -0.078439154 0.847143471
v 0.117523231 0.249237061 0.187538147
vt 0.725341797 0.601318359
vn 0.479720592 -0.220199510 0.849341094
v 0.201278716 0.201965332 0.101005532
vt 0.680908203 0.659179688
vn 0.890288472 -0.228481025 0.393932790
v 0.152511626 0.197418213 0.141593933
vt 0.713623047 0.642822266
vn 0.505459368 -0.347503155 0.789779961
v 0.194870025 0.211730957 0.121833786
vt 0.686767578 0.646972656
vn 0.637281954 -0.354045421 0.684487820
v 0.193283111 0.185058594 0.099014267
vt 0.687500000 0.666748047
vn 0.755530953 -0.409245849 0.511557281
v 0.172012359 0.182708740 0.123680100
vt 0.703857422 0.658691406
vn 0.599187434 -0.425738305 0.678027630
v 0.118522681 0.207916260 0.167350769
vt 0.731445312 0.626220703
vn 0.489084452 -0.354980528 0.796734095
v 0.161804229 0.178802490 0.127128601
vt 0.709716797 0.660644531
vn 0.551095843 -0.370021373 0.747915566
v 0.181686431 0.161163330 0.099235520
vt 0.701660156 0.680419922
vn 0.651928663 -0.486982703 0.581237435
v 0.200103790 0.169464111 0.075523354
vt 0.681640625 0.681640625
vn 0.810195267 -0.448360413 0.377566636
v 0.209182754 0.168792725 0.052654248
vt 0.670898438 0.690185547
vn 0.896194398 -0.385206312 0.220117807
v 0.201660171 0.156799316 0.048290234
vt 0.675048828 0.697509766
vn 0.798949659 -0.490444273 0.348057210
v 0.192031890 0.141571045 0.053539257
vt 0.683837891 0.702880859
vn 0.725332022 -0.646491408 0.236521214
v 0.188324004 0.147766113 0.062568650
vt 0.687988281 0.697998047
vn 0.742092490 -0.568411171 0.355256975
v 0.189819366 0.161895752 0.088417038
vt 0.695312500 0.683349609
vn 0.725129187 -0.575374186 0.378328174
v 0.153976470 0.125946045 0.093002304
vt 0.715087891 0.701660156
vn 0.661663592 -0.638032675 0.393847317
vt 0.723876953 0.711181641
v 0.145767242 0.127838135 0.108200058
vt 0.723388672 0.696777344
vn 0.581686378 -0.613128781 0.534522414
vt 0.736572266 0.703125000
v 0.162750274 0.147460938 0.106323227
vt 0.713378906 0.686523438
vn 0.551780224 -0.496602058 0.670018673
vt 0.750488281 0.701416016
v 0.136779815 0.147766113 0.132514954
vt 0.730712891 0.675292969
vn 0.501949310 -0.439205498 0.745080829
v 0.103538550 0.158203125 0.154960632
vt 0.756591797 0.674072266
vn 0.361790121 -0.432574928 0.825824976
v 0.082923926 0.134582520 0.147834778
vt 0.764892578 0.689697266
vn 0.291465223 -0.480523527 0.827130675
vt 0.776855469 0.701416016
v 0.064529456 0.177001953 0.176277161
vt 0.781738281 0.664550781
vn 0.268274456 -0.433973163 0.860055923
v 0.094589271 0.205902100 0.180519104
vt 0.745605469 0.620117188
vn 0.369746625 -0.393347263 0.841763258
v 0.092781104 0.211608887 0.183677673
vt 0.745605469 0.616210938
vn 0.252218962 -0.378328204 0.890647709
v 0.097450294 0.223449707 0.188316345
vt 0.741210938 0.610351562
vn 0.454612076 -0.376230568 0.807328105
v 0.091949500 0.249633789 0.201988220
vt 0.739746094 0.593505859
vn 0.274562716 -0.196116090 0.941357493
v 0.056457557 0.244354248 0.205924988
vt 0.759521484 0.589843750
vn 0.141561374 -0.298851490 0.943741679
vt 0.083251953 0.670410156
vt 0.081542969 0.656494141
v 0.187667832 0.315841675 -0.166877776
vt 0.089111328 0.661621094
vn 0.764680862 0.165549472 -0.622781456
v 0.172531113 0.317794800 -0.182045013
vt 0.090576172 0.652832031
vn 0.543812990 0.212796435 -0.811779022
vt 0.082763672 0.635986328
v 0.193725571 0.335800171 -0.152519256
vt 0.096191406 0.668457031
vn 0.803872585 0.315244168 -0.504390776
v 0.130432114 0.327545166 -0.204109192
vt 0.100097656 0.635742188
vn 0.448471308 0.251773447 -0.857603371
vt 0.082519531 0.624267578
v 0.172332749 0.348159790 -0.174552947
vt 0.103515625 0.656250000
vn 0.497220337 0.323587894 -0.805023611
v 0.105461098 0.331909180 -0.213310272
vt 0.106689453 0.626464844
vn 0.284809649 0.276898354 -0.917720437
vt 0.088134766 0.615234375
v 0.109725930 0.361145020 -0.201454192
vt 0.118652344 0.634521484
vn 0.338813692 0.417607725 -0.843094945
v 0.042140938 0.320709229 -0.232765198
vt 0.111816406 0.600830078
vn 0.133849844 0.322814643 -0.936949849
vt 0.100585938 0.593750000
v 0.017002083 0.312713623 -0.233528137
vt 0.113281250 0.590820312
vn -0.023613404 0.125937372 -0.991757214
v 0.015270211 0.325012207 -0.227272034
vt 0.120117188 0.593261719
vn -0.078963362 0.529053569 -0.844906569
v 0.038204171 0.358352661 -0.212654114
vt 0.128906250 0.607910156
vn -0.000000137 0.434528142 -0.900658369
v 0.080100991 0.343750000 -0.215614349
vt 0.115234375 0.619628906
vn 0.157695428 0.425778002 -0.890979946
v 0.076835610 0.366394043 -0.203392059
vt 0.125488281 0.623535156
vn 0.102102846 0.479098618 -0.871802449
v 0.040451027 0.373825073 -0.204399109
vt 0.132568359 0.611572266
vn 0.157499716 0.527624428 -0.834749281
v 0.028211573 0.399971008 -0.191337585
vt 0.140869141 0.611328125
vn -0.007887610 0.536348283 -0.843959987
v 0.051151257 0.389358521 -0.190498352
vt 0.136230469 0.619384766
vn 0.110086031 0.503251016 -0.857099473
v 0.035076123 0.403572083 -0.185401917
vt 0.141113281 0.616699219
vn 0.110400498 0.023657240 -0.993605673
v 0.101692177 0.371505737 -0.195472747
vt 0.124511719 0.634521484
vn 0.353662461 0.573719263 -0.738761842
v 0.063072182 0.387405396 -0.194252044
vt 0.133544922 0.623046875
vn 0.102235392 0.566227436 -0.817884207
v 0.058536511 0.397384644 -0.189567596
vt 0.137207031 0.623291016
vn 0.213174045 0.686894417 -0.694789886
v 0.093307473 0.377578735 -0.197166473
vt 0.127685547 0.632080078
vn 0.164904967 0.596799374 -0.785262346
v 0.081306435 0.389358521 -0.182457000
vt 0.134765625 0.631347656
vn 0.275164217 0.746874690 -0.605361700
v 0.098228432 0.380874634 -0.192619354
vt 0.128417969 0.635009766
vn 0.345419496 0.777194023 -0.525979877
v 0.101669289 0.384597778 -0.181251556
vt 0.130859375 0.639648438
vn 0.283807784 0.685869098 -0.670102119
v 0.085884079 0.397575378 -0.172981292
vt 0.138183594 0.633789062
vn 0.290968895 0.597666025 -0.747082651
v 0.127181992 0.365905762 -0.186973602
vt 0.119140625 0.643310547
vn 0.332319558 0.569690764 -0.751675487
v 0.101272568 0.400108337 -0.165519744
vt 0.137207031 0.642578125
vn 0.394520968 0.323507279 -0.860056043
v 0.095489487 0.405181885 -0.170417815
vt 0.139648438 0.638427734
vn 0.275351554 -0.346156418 -0.896859765
v 0.033760048 0.427009583 -0.192985535
vt 0.147216797 0.614257812
vn 0.102661684 -0.276397169 -0.955544472
v -0.007905027 0.419540405 -0.188072205
vt 0.147216797 0.599365234
vn -0.102387711 -0.189023301 -0.976620197
v 0.125015244 0.388313293 -0.170448333
vt 0.129150391 0.649414062
vn 0.260254174 0.709784508 -0.654579103
v 0.133499131 0.375648499 -0.180427581
vt 0.122314453 0.648437500
vn 0.416690290 0.589656174 -0.691863358
v 0.169708237 0.360015869 -0.168846160
vt 0.108886719 0.658691406
vn 0.580825508 0.627919555 -0.518033743
v 0.135513291 0.392776489 -0.156639129
vt 0.129882812 0.656982422
vn 0.495678872 0.723848701 -0.479943216
v 0.128936753 0.399078369 -0.150901824
vt 0.134033203 0.656982422
vn 0.675387979 0.102093548 -0.730361640
v 0.189453110 0.333923340 -0.163581878
vt 0.096435547 0.663818359
vn 0.771557808 0.377905905 -0.511747658
v 0.176193222 0.369018555 -0.145301849
vt 0.113525391 0.668212891
vn 0.631489277 0.631489336 -0.449936271
v 0.152175888 0.394897461 -0.134407073
vt 0.128906250 0.668945312
vn 0.529367208 0.718991458 -0.450357378
v 0.188415512 0.367630005 -0.131553680
vt 0.111816406 0.675292969
vn 0.750033736 0.607922137 -0.260538161
v 0.147582993 0.401840210 -0.128425628
vt 0.132568359 0.670654297
vn 0.759587765 0.110773221 -0.640902340
v 0.202560410 0.341476440 -0.132225066
vt 0.097656250 0.677246094
vn 0.861128867 0.426614374 -0.276509404
v 0.148727402 0.402114868 -0.126899749
vt 0.132568359 0.671875000
vn 0.692376971 0.637301624 -0.338320702
v 0.153442368 0.414764404 -0.129463226
vt 0.137695312 0.671386719
vn 0.787572443 -0.385910511 -0.480419308
v 0.209762558 0.324295044 -0.131767303
vt 0.088623047 0.678955078
vn 0.840308309 0.424080908 -0.337694168
v 0.205612183 0.346237183 -0.099540740
vt 0.101074219 0.689697266
vn 0.838114381 0.524800658 -0.148824185
v 0.223434448 0.316604614 -0.114456207
vt 0.083740234 0.687744141
vn 0.894619942 0.227578789 -0.384529769
vt 0.072021484 0.685302734
v 0.225036621 0.326980591 -0.071434051
vt 0.090576172 0.702880859
vn 0.819634795 0.567439556 -0.078811169
v 0.231155396 0.317001343 -0.080085784
vt 0.083984375 0.701904297
vn 0.968203902 0.244018912 -0.055101171
vt 0.071289062 0.701904297
vt 0.074218750 0.714355469
vt 0.076171875 0.722656250
v 0.229003921 0.305603027 -0.006271392
vt 0.081787109 0.727539062
vn 0.904782891 0.385516226 0.180956453
vt 0.072509766 0.731201172
v 0.218902588 0.328430176 -0.029891996
vt 0.093750000 0.718505859
vn 0.835760474 0.528263748 0.149805993
vt 0.077148438 0.740722656
v 0.202560425 0.355209351 -0.033706691
vt 0.108398438 0.715087891
vn 0.825289130 0.558052659 0.086458728
vt 0.070068359 0.746582031
vt 0.072753906 0.747802734
v 0.229003921 0.297958374 0.039371461
vt 0.080810547 0.746582031
vn 0.777553439 0.557639420 -0.290600955
v 0.229476944 0.298980713 0.065292329
vt 0.072021484 0.756103516
vn 0.853975236 0.150236413 0.498152077
v 0.214767471 0.304168701 0.039169282
vt 0.085449219 0.746582031
vn 0.820220947 0.552071869 0.149847925
v 0.223541275 0.306991577 0.057277650
vt 0.079589844 0.753417969
vn 0.252595693 0.947234035 0.197340339
v 0.204010025 0.330871582 0.031455968
vt 0.096679688 0.740722656
vn 0.829217434 0.513325095 0.221124500
v 0.209777847 0.306045532 0.054939244
vt 0.087646484 0.751220703
vn 0.755086780 0.566315114 0.330350310
v 0.187927261 0.348297119 0.046909306
vt 0.105224609 0.746093750
vn 0.733147681 0.559714913 0.386281997
v 0.189559951 0.353576660 0.027109120
vt 0.108154297 0.738525391
vn 0.764040112 0.614382863 0.196917415
v 0.170883194 0.369018555 0.041503884
vt 0.116699219 0.743896484
vn 0.676829755 0.645349324 0.354155004
v 0.193450928 0.358413696 -0.005518940
vt 0.111572266 0.726074219
vn 0.796412110 0.559854090 0.228672639
v 0.157089248 0.389251709 0.033794377
vt 0.126464844 0.739746094
vn 0.936398506 0.118033476 0.330493450
v 0.160034195 0.388633728 0.023076989
vt 0.126708984 0.735839844
vn 0.911100984 0.212066665 0.353444219
v 0.177856445 0.392189026 -0.021553066
vt 0.128173828 0.717773438
vn 0.927553773 0.345867544 0.141491115
v 0.173721328 0.395637512 0.023410771
vt 0.132324219 0.734863281
vn 0.708573639 -0.692827463 0.133841604
v 0.155029312 0.388740540 0.072250344
vt 0.129394531 0.751220703
vn 0.599317729 -0.662403703 0.449488163
v 0.175384536 0.412063599 0.069732644
vt 0.140136719 0.749511719
vn 0.787011445 -0.535167634 0.306934386
v 0.176574722 0.403663635 0.036045048
vt 0.137451172 0.739990234
vn 0.874178469 -0.480404317 0.070879236
v 0.177825928 0.405899048 0.005164120
vt 0.135009766 0.727783203
vn 0.937938869 -0.346800894 -0.000000108
v 0.188674927 0.421661377 -0.010091810
vt 0.141601562 0.723388672
vn 0.960957706 -0.275684536 -0.023630222
v 0.185684219 0.425117493 0.058437318
vt 0.145996094 0.748046875
vn 0.966051459 -0.243476346 0.086394727
v 0.178146362 0.399513245 -0.033584621
vt 0.131591797 0.713134766
vn 0.975410879 -0.125859439 -0.180923104
v 0.185867324 0.432121277 0.060424775
vt 0.147949219 0.750000000
vn 0.820552826 0.063119508 0.568074882
v 0.186233535 0.445823669 0.046962708
vt 0.155029297 0.748291016
vn 0.959945858 0.173105046 0.220315307
v 0.188873291 0.447212219 0.015157669
vt 0.152099609 0.737548828
vn 0.997744679 0.023568816 0.062849924
v 0.174728408 0.465164185 0.061927766
vt 0.163330078 0.754150391
vn 0.922117949 0.023644106 0.386186004
v 0.175033584 0.477489471 0.057308167
vt 0.165527344 0.752441406
vn 0.903135180 0.329840690 0.274867088
v 0.183410645 0.468166351 0.032237977
vt 0.159912109 0.744628906
vn 0.954028547 0.268074155 0.134036928
v 0.177658081 0.484056473 0.033481568
vt 0.167968750 0.748535156
vn 0.854028523 0.490275651 0.173968658
v 0.167877212 0.481519699 0.062217683
vt 0.170410156 0.756103516
vn 0.630488396 0.677775025 0.378292948
v 0.189651489 0.458969116 0.001195162
vt 0.156494141 0.735351562
vn 0.623033166 -0.047318906 0.780762851
v 0.188812256 0.444671631 -0.009097129
vt 0.153320312 0.724853516
vn 0.638171375 -0.732715189 0.236359701
v 0.184310913 0.471027374 -0.001650006
vt 0.163085938 0.739746094
vn 0.827670276 0.488719583 0.275889903
v 0.186645508 0.446269989 -0.037239105
vt 0.152099609 0.713867188
vn 0.813854337 -0.537301838 -0.221242040
v 0.158660904 0.490687370 0.059047669
vt 0.174560547 0.758056641
vn 0.683304608 0.620472133 0.384849668
v 0.180038452 0.489526749 -0.012220412
vt 0.170898438 0.738525391
vn 0.905147195 0.425025702 0.007870709
v 0.183349609 0.477792740 -0.017736465
vt 0.168212891 0.735839844
vn -0.315391153 0.938288569 0.141926005
v 0.169067383 0.507597446 -0.011467010
vt 0.175537109 0.740478516
vn 0.796040952 0.599001169 0.086697400
v 0.164672852 0.503571987 0.030364960
vt 0.176269531 0.752685547
vn 0.660374105 0.707543671 0.251570970
v 0.147750854 0.503683329 0.057254765
vt 0.182373047 0.759765625
vn 0.439219147 0.815692663 0.376473457
v 0.184799194 0.435279846 -0.053436309
vt 0.146728516 0.707519531
vn 0.927639723 -0.243701935 -0.283008844
v 0.186157227 0.453868866 -0.040966064
vt 0.155029297 0.712158203
vn 0.762174547 -0.062859759 -0.644312620
v 0.178604126 0.412857056 -0.036983516
vt 0.136962891 0.712158203
vn 0.906186342 -0.378234297 -0.189117268
v 0.168853760 0.411750793 -0.061618831
vt 0.136474609 0.701171875
vn 0.912933111 -0.259713709 -0.314804673
v 0.184738159 0.460453033 -0.055683170
vt 0.155517578 0.705566406
vn 0.934635043 0.039270408 -0.353433579
v 0.185211182 0.467632294 -0.040271793
vt 0.158447266 0.711181641
vn 0.647276461 0.276276588 -0.710425615
v 0.180984497 0.480215073 -0.056404144
vt 0.162109375 0.704589844
vn 0.880471587 0.361622304 -0.306592941
v 0.169921860 0.433944702 -0.083358794
vt 0.145019531 0.693359375
vn 0.908757329 -0.134338021 -0.395112038
v 0.170272812 0.454425812 -0.084243804
vt 0.153076172 0.692871094
vn 0.895945072 0.102169193 -0.432254374
v 0.163055405 0.483005524 -0.079277068
vt 0.166503906 0.691650391
vn 0.783885896 0.431137264 -0.446815103
v 0.169036865 0.502638578 -0.050918609
vt 0.169433594 0.702880859
vn 0.809094608 0.463461995 -0.361343384
v 0.157134995 0.469999313 -0.103599578
vt 0.159667969 0.683349609
vn 0.842519641 0.330708653 -0.425196975
v 0.142654404 0.499171019 -0.105423003
vt 0.170166016 0.678466797
vn 0.766325593 0.450315058 -0.458215445
v 0.150650010 0.454582214 -0.131462127
vt 0.152832031 0.672363281
vn 0.865712464 0.299064308 -0.401375920
v 0.124023423 0.495545387 -0.132102996
vt 0.169677734 0.664550781
vn 0.677564502 0.527870119 -0.512112856
v 0.165893540 0.423355103 -0.090721160
vt 0.141113281 0.689208984
vn 0.961464882 -0.126093715 -0.244306773
v 0.133712754 0.457092285 -0.161048919
vt 0.155029297 0.657470703
vn 0.744668663 0.431123972 -0.509510279
v 0.154815659 0.405403137 -0.104675315
vt 0.133789062 0.682128906
vn 0.974687338 -0.039301880 -0.220090821
v 0.158050522 0.425338745 -0.131217986
vt 0.142089844 0.671630859
vn 0.954384565 -0.063099779 -0.291836739
v 0.151916489 0.441555023 -0.137275726
vt 0.148681641 0.668212891
vn 0.842519641 0.141732275 -0.519685149
v 0.115920998 0.467502594 -0.170524627
vt 0.163330078 0.648193359
vn 0.613128662 0.408752501 -0.676013827
v 0.100326516 0.472770691 -0.182151824
vt 0.171630859 0.640869141
vn 0.394055098 0.472866267 -0.788110495
v 0.134063706 0.444049835 -0.163246185
vt 0.150146484 0.655517578
vn 0.596578598 -0.054948043 -0.800671458
v 0.144363388 0.428283691 -0.149162322
vt 0.144042969 0.662597656
vn 0.773405671 -0.205189273 -0.599784195
v 0.134811386 0.419235229 -0.157325774
vt 0.140869141 0.656982422
vn 0.496524930 -0.307372630 -0.811779022
v 0.092994668 0.426803589 -0.182273895
vt 0.146484375 0.637451172
vn 0.362328231 -0.322944790 -0.874314010
v 0.100845315 0.453853607 -0.183815032
vt 0.158203125 0.640136719
vn 0.363208115 -0.000000025 -0.931708097
v 0.089347817 0.433227539 -0.185325652
vt 0.148925781 0.634033203
vn 0.173621595 -0.110486582 -0.978595138
v 0.039764382 0.445774078 -0.193122864
vt 0.154785156 0.611816406
vn -0.015703427 -0.227698043 -0.973605216
v -0.000901275 0.445934296 -0.196388245
vt 0.158203125 0.595214844
vn -0.062819168 -0.180604801 -0.981547654
v 0.063774087 0.445373535 -0.190101653
vt 0.154785156 0.625244141
vn 0.300369322 -0.158089206 -0.940630674
v 0.060386635 0.466953278 -0.190208465
vt 0.166992188 0.625244141
vn 0.267949104 0.386162072 -0.882656336
v 0.040237404 0.497552633 -0.181190491
vt 0.175048828 0.617675781
vn 0.102374770 0.393749595 -0.913499177
v 0.034103371 0.463855743 -0.194252014
vt 0.166259766 0.610595703
vn -0.086805582 0.284090519 -0.954859972
v -0.002247239 0.461456299 -0.198966980
vt 0.165527344 0.598876953
vn -0.007878795 0.275752962 -0.961196244
v 0.047565434 0.481349945 -0.205513000
vt 0.163330078 0.617431641
vn 0.188555881 0.785650015 -0.589237571
v 0.059715249 0.445697784 -0.200492889
vt 0.156738281 0.619628906
vn 0.039525960 -0.798425257 -0.600795209
v 0.043045018 0.457683563 -0.207984924
vt 0.159423828 0.614501953
vn -0.276164860 -0.205151007 -0.938960075
v 0.065185525 0.452220917 -0.199867278
vt 0.158691406 0.622070312
vn 0.735367417 0.134422019 -0.664202988
v 0.227355957 0.464817047 -0.019319570
vt 0.377685547 0.019775391
vn 0.455241680 -0.879087329 -0.141281903
v 0.221664429 0.465427399 -0.030107534
vt 0.373535156 0.017578125
vn 0.393798351 -0.307162791 -0.866356671
v 0.260986328 0.483575821 -0.019903224
vt 0.386718750 0.008789062
vn 0.370976776 -0.307831854 -0.876136959
vt 0.361816406 0.028076172
vt 0.360595703 0.024902344
vt 0.370117188 0.035400391
vt 0.360107422 0.020507812
v 0.204421997 0.475891113 -0.034076724
vt 0.366943359 0.013427734
vn 0.101930089 0.344994605 -0.933053672
v 0.183639526 0.476779938 -0.029220611
vt 0.358398438 0.015625000
vn 0.250951350 0.862645626 -0.439165086
vt 0.352539062 0.022460938
vt 0.352050781 0.011962891
v 0.167846680 0.506980896 -0.033206969
vt 0.344238281 0.013183594
vn 0.829942346 0.553294957 -0.071138047
vt 0.356445312 0.012207031
v 0.235412598 0.498617530 -0.018587152
vt 0.374511719 0.001220703
vn -0.244079471 0.842467487 -0.480285197
v 0.276214600 0.505084038 -0.015433355
vt 0.390136719 0.000000000
vn 0.125734910 0.282903820 -0.950871348
v 0.298309326 0.501451254 -0.009747552
vt 0.398681641 0.003417969
vn 0.433797568 -0.449572116 -0.780835807
v 0.282562256 0.491118431 -0.007854983
vt 0.396484375 0.006835938
vn 0.456735462 -0.874097109 -0.165369734
v 0.252685547 0.475053787 0.004672011
vt 0.391845703 0.020996094
vn 0.362418324 -0.890288293 0.275752962
v 0.293701172 0.494517803 0.012386276
vt 0.405761719 0.012207031
vn 0.354759961 -0.882957876 0.307458520
v 0.319763184 0.505928040 0.014557789
vt 0.412109375 0.006591797
vn 0.394828558 -0.916002095 0.071069106
v 0.271942139 0.491058350 0.014217334
vt 0.401367188 0.020019531
vn 0.031477667 -0.440685391 0.897109628
v 0.321990967 0.514880180 0.024286220
vt 0.416748047 0.008056641
vn 0.094815128 -0.734816313 0.671606362
v 0.224319458 0.474687576 0.007933580
vt 0.387695312 0.031494141
vn -0.023612395 -0.369929671 0.928759634
vt 0.376220703 0.039794922
v 0.267059326 0.506876469 0.019231753
vt 0.405761719 0.025878906
vn -0.361789882 0.432574928 0.825824976
v 0.204391479 0.479873657 0.003688302
vt 0.385986328 0.039550781
vn -0.425738245 0.599187255 0.678027689
vt 0.378662109 0.044433594
v 0.250183105 0.506875038 -0.000819903
vt 0.404541016 0.037109375
vn -0.425236493 0.889846623 0.165369734
vt 0.381835938 0.049804688
vt 0.402099609 0.044921875
v 0.213562012 0.342788696 -0.070251495
vt 0.099853516 0.701660156
vn 0.801263988 0.597020388 -0.039277781
v 0.180160522 0.386398315 -0.059078243
vt 0.123291016 0.702880859
vn 0.756257296 0.653847516 -0.023633169
v 0.184844971 0.378532410 -0.086624168
vt 0.118408203 0.692138672
vn 0.789336979 0.607789636 -0.086827219
v 0.167587280 0.392753601 -0.058292415
vt 0.128906250 0.702148438
vn 0.795546949 0.582876086 -0.165410891
v 0.168838501 0.399024963 -0.061702754
vt 0.131347656 0.700927734
vn 0.944384277 -0.118048012 -0.306925029
v 0.176040649 0.387954712 -0.081283592
vt 0.124023438 0.693359375
vn 0.574447095 0.818390369 -0.015738387
v 0.162582397 0.395378113 -0.080261253
vt 0.130126953 0.692871094
vn 0.850789428 0.512049258 -0.118165344
v 0.170089707 0.392959595 -0.106521629
vt 0.125732422 0.682617188
vn 0.660353661 0.738967240 -0.133643135
vt 0.561523438 0.764404297
vt 0.568359375 0.773437500
vt 0.544189453 0.765625000
v -0.011847519 0.314437866 -0.238761902
vt 0.551757812 0.763183594
vn -0.094161980 0.345260024 -0.933771491
vt 0.561767578 0.759765625
v -0.027294181 0.317611694 -0.227226257
vt 0.546386719 0.758789062
vn -0.102055922 0.400372684 -0.910651684
vt 0.566406250 0.741699219
v -0.082023643 0.321990967 -0.217765778
vt 0.527343750 0.757324219
vn -0.165678352 0.276130319 -0.946732700
vt 0.530517578 0.773925781
v -0.040401481 0.362182617 -0.209602356
vt 0.539306641 0.738525391
vn -0.110277399 0.472616822 -0.874341130
vt 0.559570312 0.720947266
v -0.067733787 0.334686279 -0.214118958
vt 0.531250000 0.751220703
vn -0.165472493 0.370342880 -0.914037824
v -0.116790794 0.318511963 -0.210823029
vt 0.514160156 0.757080078
vn -0.338059247 0.102203876 -0.935558915
vt 0.515136719 0.772705078
v -0.115356468 0.327590942 -0.209663361
vt 0.514892578 0.753417969
vn -0.353444457 0.377007246 -0.856120706
v -0.116729759 0.357254028 -0.195213318
vt 0.513427734 0.739746094
vn -0.299444914 0.488567799 -0.819533050
v -0.028036138 0.400527954 -0.184532166
vt 0.541992188 0.720947266
vn -0.141295075 0.439584255 -0.887018323
vt 0.562744141 0.717041016
vt 0.549804688 0.713867188
v -0.104110733 0.387283325 -0.175788879
vt 0.515869141 0.724121094
vn -0.275753140 0.583020687 -0.764229834
v -0.089477554 0.400627136 -0.172508240
vt 0.520751953 0.718750000
vn -0.268324584 0.031567533 -0.962811291
v -0.152374282 0.369476318 -0.160484314
vt 0.497070312 0.730957031
vn -0.485621601 0.516951859 -0.704934359
v -0.138275161 0.347473145 -0.184242249
vt 0.504394531 0.742187500
vn -0.524688065 0.399389237 -0.751791596
v -0.149093643 0.310470581 -0.195014924
vt 0.500488281 0.757812500
vn -0.511478305 0.236066788 -0.826233923
v -0.187454239 0.325424194 -0.162879914
vt 0.484375000 0.749267578
vn -0.702313244 0.370884389 -0.607619107
v -0.151580825 0.382446289 -0.149742126
vt 0.495361328 0.723876953
vn -0.542685091 0.605605006 -0.582009971
v -0.164505020 0.375572205 -0.148582458
vt 0.491455078 0.728027344
vn -0.739424407 0.582099974 -0.338247240
v -0.130828872 0.278030396 -0.209053010
vt 0.507812500 0.771728516
vn -0.408752620 0.172933698 -0.896111190
vt 0.505126953 0.774902344
vt 0.495361328 0.774658203
vt 0.491943359 0.770263672
v -0.181167617 0.305374116 -0.175758332
vt 0.486816406 0.759765625
vn -0.686189115 0.118308395 -0.717737854
vt 0.488281250 0.773437500
vt 0.484130859 0.767822266
v -0.193313614 0.284652710 -0.153358430
vt 0.475097656 0.762207031
vn -0.892618537 0.086892009 -0.442359477
v -0.198638931 0.321151733 -0.137657136
vt 0.474853516 0.746337891
vn -0.912509382 0.157329142 -0.377589971
vt 0.464843750 0.761474609
vt 0.479003906 0.775390625
v -0.210144043 0.318405151 -0.111183137
vt 0.465087891 0.743408203
vn -0.842180550 0.299092054 -0.448638082
v -0.197601333 0.332031250 -0.123222329
vt 0.472900391 0.739746094
vn -0.820706069 0.481375635 -0.307764679
v -0.211135864 0.280639648 -0.123260468
vt 0.464111328 0.759033203
vn -0.732601583 0.275710166 -0.622317255
v -0.229141235 0.278121948 -0.122360200
vt 0.458251953 0.759033203
vn -0.620472133 0.102102913 -0.777553439
vt 0.458496094 0.768066406
vt 0.453857422 0.765380859
vt 0.448730469 0.764160156
v -0.220046997 0.288772583 -0.115135163
vt 0.460693359 0.754150391
vn -0.710669160 0.497468293 -0.497468293
v -0.237701416 0.281570435 -0.101875275
vt 0.452148438 0.755371094
vn -0.945116341 0.315038741 -0.086635552
v -0.232269287 0.260284424 -0.081512421
vt 0.442382812 0.756591797
vn -0.958848119 -0.188625902 0.212204248
vt 0.440429688 0.759033203
vt 0.438964844 0.755615234
v -0.233047485 0.273757935 -0.084259003
vt 0.445556641 0.753173828
vn -0.994347930 0.071024805 0.078916624
v -0.224304199 0.298278809 -0.090240449
vt 0.453613281 0.747558594
vn -0.912058055 0.345952988 -0.220151827
v -0.217453003 0.317871094 -0.097412080
vt 0.459472656 0.741943359
vn -0.851582587 0.378481060 -0.362710983
v -0.211975098 0.347808838 -0.067039460
vt 0.455566406 0.728027344
vn -0.841555059 0.519089937 -0.149434924
v -0.226135254 0.315490723 -0.079795808
vt 0.452392578 0.740478516
vn -0.930056989 0.212809578 -0.299509764
v -0.231491089 0.297348022 -0.068450898
vt 0.446044922 0.744140625
vn -0.975048900 0.204445690 -0.086496159
v -0.222854614 0.323165894 -0.077255219
vt 0.452880859 0.737060547
vn -0.922375739 0.386294097 0.000000104
v -0.184570312 0.373748779 -0.091423012
vt 0.470703125 0.720703125
vn -0.739310086 0.652794898 -0.165164918
v -0.230712891 0.297912598 -0.035053223
vt 0.436279297 0.739013672
vn -0.971035898 0.236837983 0.031578518
v -0.214675888 0.332214355 0.003346233
vt 0.430419922 0.721191406
vn -0.899676144 0.426162392 0.094702862
v -0.206161499 0.354324341 -0.015491460
vt 0.441650391 0.717041016
vn -0.773791432 0.631666422 0.047375061
v -0.161743179 0.384414673 -0.107505776
vt 0.481445312 0.717041016
vn -0.632060647 0.742671192 -0.221221134
v -0.161026001 0.396713257 -0.085182168
vt 0.474853516 0.710693359
vn -0.954978943 0.260448754 -0.142062858
v -0.156723037 0.393249512 -0.099792458
vt 0.480468750 0.712158203
vn -0.899200261 -0.205080792 -0.386498213
v -0.134277359 0.402961731 -0.151206970
vt 0.500244141 0.715332031
vn -0.742300749 -0.094761848 -0.663332403
v -0.192901611 0.367752075 -0.011822677
vt 0.444335938 0.710693359
vn -0.730068922 0.682967603 0.023550680
v -0.172149658 0.391975403 -0.019693354
vt 0.451904297 0.702880859
vn -0.989461064 0.094234340 -0.109940000
v -0.169326782 0.389877319 0.002355834
vt 0.444091797 0.700439453
vn -0.937822223 0.267949194 0.220664173
v -0.199554428 0.352462769 0.009677912
vt 0.433593750 0.713134766
vn -0.757386148 0.591707885 0.276130408
v -0.184143052 0.358917236 0.034729026
vt 0.427246094 0.705322266
vn -0.692848980 0.614116073 0.377917677
v -0.162734970 0.387268066 0.026607532
vt 0.436035156 0.697265625
vn -0.802850902 0.440780938 0.401425570
v -0.146896347 0.383758545 0.053398147
vt 0.427246094 0.693359375
vn -0.839376986 0.188271478 0.509902060
v -0.207290635 0.326705933 0.035549190
vt 0.420166016 0.715332031
vn -0.788477838 0.496741027 0.362699866
v -0.180450425 0.342651367 0.065506004
vt 0.415283203 0.704101562
vn -0.699012816 0.557639360 0.447682440
v -0.212799057 0.291397095 0.063972503
vt 0.403808594 0.719482422
vn -0.881479919 0.283332825 0.377777249
v -0.196655259 0.305267334 0.081665061
vt 0.402099609 0.713378906
vn -0.748472452 0.456962168 0.480598241
v -0.225082383 0.310226440 0.013577492
vt 0.422119141 0.726074219
vn -0.920917392 0.283359140 0.267617136
v -0.228698716 0.301223755 -0.001437752
vt 0.425292969 0.731933594
vn -0.965099335 0.258929044 0.039231792
v -0.224258408 0.269943237 0.036037479
vt 0.407226562 0.732666016
vn -0.931795239 0.260586768 0.252690345
v -0.227630600 0.254745483 0.050666843
vt 0.399658203 0.734619141
vn -0.907511413 0.181502268 0.378787518
v -0.231338486 0.265151978 0.014184031
vt 0.412841797 0.738525391
vn -0.951782823 0.283174992 0.117989719
v -0.236602768 0.258789062 0.028238332
vt 0.406738281 0.738769531
vn -0.955097914 0.197334245 0.221014485
v -0.230850205 0.242614746 0.037994418
vt 0.400390625 0.741943359
vn -0.944764733 -0.133841693 0.299175620
v -0.211379975 0.244384766 0.087432899
vt 0.385498047 0.735595703
vn -0.913131118 -0.070846401 0.401462972
vt 0.404296875 0.743652344
v -0.241378769 0.252410889 -0.000674481
vt 0.414306641 0.745117188
vn -0.995433331 0.086902864 0.039501447
vt 0.418212891 0.750976562
v -0.229385361 0.267288208 0.002950940
vt 0.416748047 0.739990234
vn -0.967754304 0.251773447 0.007868037
v -0.236831650 0.253509521 -0.016599620
vt 0.419677734 0.747802734
vn -0.959767520 0.275343090 -0.055068512
v -0.229507431 0.287338257 -0.009901969
vt 0.425292969 0.737548828
vn -0.991051257 -0.094385870 0.094385967
v -0.230728149 0.266464233 -0.041244473
vt 0.430419922 0.748046875
vn -0.987625599 0.118515022 -0.102712944
v -0.228942871 0.285034180 -0.020833937
vt 0.428222656 0.740478516
vn -0.997991085 0.062865533 0.007858326
v -0.234039307 0.293716431 -0.019071547
vt 0.429443359 0.737548828
vn -0.998731434 -0.031456154 0.039320264
v -0.230667114 0.268524170 -0.064010590
vt 0.437988281 0.750732422
vn -0.995744109 -0.079027355 0.047416519
vt 0.563232422 0.706298828
vt 0.552490234 0.705810547
v -0.032051109 0.423248291 -0.184959412
vt 0.539794922 0.712158203
vn -0.110493541 -0.213094503 -0.970763624
vt 0.566406250 0.697509766
vt 0.555419922 0.699951172
v -0.040546440 0.463882446 -0.192329407
vt 0.544189453 0.700195312
vn -0.149601802 0.094485208 -0.984221458
v 0.003041720 0.495522499 -0.183998108
vt 0.560546875 0.690673828
vn -0.039175179 0.477935463 -0.877520919
v -0.089607261 0.437156677 -0.185005188
vt 0.523193359 0.706298828
vn -0.078555420 -0.212099373 -0.974085748
v -0.085777305 0.453201294 -0.184974670
vt 0.528076172 0.701416016
vn -0.220016077 0.047146220 -0.974356353
v -0.083984397 0.423629761 -0.180625916
vt 0.520019531 0.710205078
vn -0.354759991 -0.386294186 -0.851423740
v -0.137146011 0.416625977 -0.159294128
vt 0.503417969 0.710205078
vn -0.632060707 -0.268625826 -0.726869643
v -0.099655174 0.433731079 -0.180992126
vt 0.519042969 0.706298828
vn -0.402161300 -0.126168266 -0.906833947
v -0.135177627 0.451877594 -0.164192200
vt 0.511718750 0.701171875
vn -0.576773465 0.071108982 -0.813803434
v -0.040645622 0.495773792 -0.181938171
vt 0.546875000 0.689453125
vn 0.047224931 0.511604846 -0.857922018
v -0.051635765 0.480024338 -0.183509827
vt 0.541015625 0.693603516
vn -0.000000130 -0.015746122 -0.999876022
v -0.081375144 0.467166901 -0.181495667
vt 0.532226562 0.697753906
vn -0.189305425 -0.086764984 -0.978077412
v -0.059383418 0.482007980 -0.192558289
vt 0.539550781 0.691406250
vn -0.031432923 0.055007339 -0.997991085
v -0.097900413 0.475568771 -0.184135437
vt 0.529296875 0.694824219
vn -0.424395263 0.055014126 -0.903804362
v -0.104034446 0.472816467 -0.172264099
vt 0.524902344 0.696289062
vn -0.425474077 0.110308014 -0.898222744
v -0.107490562 0.484795570 -0.169181824
vt 0.525146484 0.693603516
vn -0.495940149 0.330626607 -0.802950442
v -0.133117691 0.467746735 -0.161186218
vt 0.514160156 0.697753906
vn -0.679359257 0.181689024 -0.710957229
v -0.128768936 0.490938187 -0.159675598
vt 0.518798828 0.689453125
vn -0.621335089 0.235949948 -0.747174919
vt 0.377685547 0.336669922
v 0.048606906 0.097381592 0.130073547
vt 0.366455078 0.345703125
vn 0.142351538 -0.695940316 0.703848839
vt 0.358154297 0.334960938
vt 0.361328125 0.359619141
vt 0.378662109 0.363281250
v 0.046371497 0.126190186 0.155799866
vt 0.385986328 0.340576172
vn 0.173594832 -0.544456005 0.820629358
vt 0.380371094 0.321289062
v 0.024776498 0.169708252 0.185523987
vt 0.415771484 0.341308594
vn 0.227916032 -0.447972596 0.864508569
vt 0.408691406 0.320800781
vt 0.419433594 0.299560547
v -0.008578261 0.150268555 0.179817200
vt 0.411865234 0.362060547
vn 0.078480408 -0.549361825 0.831890941
v -0.002567731 0.123535156 0.159782410
vt 0.394287109 0.364746094
vn 0.015807567 -0.632297456 0.774564505
v -0.065490685 0.112945557 0.148506194
vt 0.397216797 0.398437500
vn -0.062999815 -0.669374287 0.740249336
vt 0.371826172 0.376708984
v -0.045562707 0.145172119 0.175102234
vt 0.414550781 0.381835938
vn -0.023578102 -0.597315192 0.801659942
v -0.018003425 0.169799805 0.192573547
vt 0.425048828 0.362548828
vn 0.031468898 -0.424828261 0.904726863
vt 0.383300781 0.404296875
v 0.022758523 0.209930420 0.205360413
vt 0.438232422 0.334960938
vn 0.164940819 -0.290609747 0.942518234
v 0.049354590 0.228515625 0.199974060
vt 0.439941406 0.317871094
vn 0.228261709 -0.236132622 0.944530666
vt 0.446777344 0.311035156
v 0.022108117 0.254470825 0.211402893
vt 0.460449219 0.327148438
vn 0.023597321 -0.039328605 0.998947680
v -0.029519996 0.206878662 0.205513000
vt 0.446289062 0.361083984
vn -0.070826493 -0.165262088 0.983703256
v -0.039298974 0.250640869 0.204948425
vt 0.469482422 0.358154297
vn -0.172800228 0.078545645 0.981820107
v -0.052226979 0.166961670 0.188758850
vt 0.428466797 0.380615234
vn -0.047296774 -0.402023703 0.914406955
v -0.057949029 0.232910156 0.201164275
vt 0.463134766 0.373291016
vn -0.188346714 0.047086749 0.980973184
v -0.050243340 0.149017334 0.180610657
vt 0.418701172 0.382812500
vn 0.007868055 -0.527150631 0.849735498
v -0.062149011 0.148498535 0.177330047
vt 0.419189453 0.389404297
vn -0.157168686 -0.565807700 0.809419453
v -0.056190450 0.196105957 0.198631287
vt 0.444335938 0.377197266
vn -0.188364103 -0.180515707 0.965366781
v -0.064681970 0.171203613 0.191200286
vt 0.432861328 0.385986328
vn -0.164986357 -0.377111971 0.911354005
v -0.103660546 0.136474609 0.159523040
vt 0.416015625 0.413574219
vn -0.306308866 -0.526223063 0.793261826
v -0.103256188 0.169952393 0.180763274
vt 0.435791016 0.407226562
vn -0.322784513 -0.488113344 0.810898066
v -0.098594628 0.178039551 0.184440643
vt 0.439697266 0.403564453
vn -0.276130229 -0.165678173 0.946732759
v -0.075416528 0.201568604 0.194084197
vt 0.449462891 0.386718750
vn -0.134003609 -0.204946861 0.969556570
v -0.098640405 0.222381592 0.198951751
vt 0.463623047 0.395263672
vn -0.165672928 0.007889229 0.986149251
v -0.099510156 0.241821289 0.190223724
vt 0.474365234 0.393066406
vn -0.354100168 0.354100257 0.865578413
v -0.114837609 0.226501465 0.189872772
vt 0.469482422 0.403320312
vn -0.549971819 0.062853955 0.832814753
v -0.095069848 0.201416016 0.193946868
vt 0.452148438 0.396484375
vn -0.386823237 -0.331562877 0.860484719
v -0.102325402 0.188079834 0.183433563
vt 0.445068359 0.405273438
vn -0.418153167 -0.268249273 0.867865384
v -0.112609826 0.174804688 0.177970916
vt 0.438720703 0.412109375
vn -0.527673483 -0.252023220 0.811199844
v -0.128265351 0.168365479 0.159568816
vt 0.434082031 0.424316406
vn -0.498463780 -0.387694120 0.775388300
v -0.136657685 0.209472656 0.171760589
vt 0.457275391 0.424316406
vn -0.536498427 -0.197242111 0.820527256
v -0.146606416 0.229797363 0.162895232
vt 0.468017578 0.431396484
vn -0.582586825 0.055109587 0.810898066
v -0.138488740 0.245330811 0.166130096
vt 0.476806641 0.428222656
vn -0.510231674 0.313988775 0.800671458
v -0.134231538 0.196166992 0.167015105
vt 0.449707031 0.424560547
vn -0.465882927 -0.205304354 0.860699236
v -0.155868500 0.201965332 0.159721404
vt 0.453369141 0.436523438
vn -0.576773286 -0.071109027 0.813803554
v -0.153503388 0.196838379 0.156990081
vt 0.450195312 0.436035156
vn -0.488113254 -0.322784632 0.810898066
v -0.149383515 0.157653809 0.145927459
vt 0.428955078 0.437500000
vn -0.480002493 -0.354100287 0.802627325
v -0.160568208 0.189788818 0.150825530
vt 0.446533203 0.440917969
vn -0.801659882 -0.282938778 0.526580632
v -0.167037934 0.213104248 0.147712737
vt 0.458496094 0.445556641
vn -0.636494279 -0.117869332 0.762221694
v -0.188415498 0.232360840 0.137443572
vt 0.468750000 0.457763672
vn -0.746828496 0.078613535 0.660353780
v -0.165115327 0.243286133 0.150245696
vt 0.474853516 0.444091797
vn -0.588348389 0.313785851 0.745241404
v -0.164459199 0.204193115 0.151451141
vt 0.454101562 0.442871094
vn -0.755624413 -0.354198962 0.550976276
v -0.192962617 0.211303711 0.120788604
vt 0.456054688 0.464843750
vn -0.833638430 -0.188748330 0.519057989
v -0.205230683 0.254013062 0.095268279
vt 0.475585938 0.483154297
vn -0.872044504 0.157125115 0.463519275
v -0.205108613 0.233703613 0.097427405
vt 0.466796875 0.479736328
vn -0.908190429 -0.000000021 0.418557495
v -0.180114716 0.198852539 0.124916114
vt 0.449462891 0.458984375
vn -0.692762971 -0.425104618 0.582550943
v -0.161666840 0.188873291 0.137596160
vt 0.443603516 0.447753906
vn -0.785552979 -0.337787777 0.518465102
v -0.158218354 0.159210205 0.135612518
vt 0.428222656 0.444580078
vn -0.793653309 -0.353607982 0.495051235
v -0.206863374 0.204925537 0.096130408
vt 0.451660156 0.479736328
vn -0.893399298 -0.213467136 0.395309567
v -0.189422578 0.173858643 0.101242095
vt 0.432373047 0.470214844
vn -0.684508979 -0.416999817 0.597962141
v -0.174026459 0.163726807 0.108078033
vt 0.427246094 0.461181641
vn -0.797827065 -0.315971136 0.513453245
v -0.171203583 0.132995605 0.094581634
vt 0.404541016 0.462402344
vn -0.826925516 -0.448902458 0.338645816
v -0.177032441 0.150939941 0.091972381
vt 0.413085938 0.467529297
vn -0.766516984 -0.529449940 0.363503039
v -0.156234711 0.119293213 0.102928191
vt 0.398681641 0.452392578
vn -0.685847700 -0.559714913 0.465115309
v -0.190124482 0.162414551 0.086875945
vt 0.419189453 0.474609375
vn -0.747915506 -0.551095724 0.370021522
vt 0.404052734 0.492919922
v -0.203399628 0.185791016 0.090751685
vt 0.438720703 0.479248047
vn -0.855909526 -0.384766698 0.345504910
v -0.204315156 0.166839600 0.060737643
vt 0.419189453 0.490478516
vn -0.868541360 -0.457958221 0.189500079
v -0.208267197 0.179687500 0.059963260
vt 0.431396484 0.494140625
vn -0.911241531 -0.337787837 0.235666081
vt 0.444824219 0.516113281
v -0.227355942 0.218231201 0.040599857
vt 0.456542969 0.510986328
vn -0.947499573 -0.110541649 0.300041676
vt 0.468994141 0.521240234
vt 0.471923828 0.486083984
vt 0.469238281 0.513671875
v -0.137618989 0.137908936 0.141517669
vt 0.416748047 0.433837891
vn -0.549598813 -0.541747510 0.635964513
vt 0.393066406 0.445556641
v -0.115333520 0.119323730 0.140480071
vt 0.405273438 0.423828125
vn -0.409131765 -0.637301624 0.653037488
vt 0.394042969 0.428710938
v -0.090904199 0.110229492 0.141197234
vt 0.397705078 0.412353516
vn -0.205541506 -0.711490273 0.671963096
vt 0.278320312 0.167480469
vt 0.276855469 0.177978516
vt 0.263427734 0.160888672
v 0.211151138 0.293914795 0.069488496
vt 0.286865234 0.176025391
vn 0.640641630 0.506185949 0.577368319
vt 0.278076172 0.183349609
vt 0.284912109 0.166503906
vt 0.275390625 0.158447266
vt 0.292236328 0.192871094
vt 0.292480469 0.167480469
vt 0.284667969 0.159179688
v 0.185470596 0.328414917 0.073898293
vt 0.310791016 0.179931641
vn 0.727210283 0.561216652 0.395222843
vt 0.316406250 0.165039062
v 0.152786270 0.352661133 0.093086220
vt 0.334228516 0.193115234
vn 0.643835783 0.596725821 0.478950858
vt 0.332031250 0.163574219
v 0.178985611 0.326187134 0.087921120
vt 0.313720703 0.188720703
vn 0.647458136 0.631666481 0.426374763
v 0.137420669 0.380104065 0.072967514
vt 0.353759766 0.186523438
vn 0.703387082 0.474193573 0.529515922
vt 0.344238281 0.163574219
vt 0.359619141 0.177001953
vt 0.267333984 0.187500000
vt 0.287109375 0.199707031
v 0.189376861 0.304733276 0.113021828
vt 0.300048828 0.201171875
vn 0.709079266 0.543627381 0.449083358
v 0.168716460 0.287200928 0.150672913
vt 0.296386719 0.228271484
vn 0.691521466 0.369335353 0.620797515
vt 0.280029297 0.209716797
v 0.179946914 0.317947388 0.104057290
vt 0.309570312 0.197509766
vn 0.568340421 0.726212800 0.386787176
vt 0.283203125 0.235839844
v 0.168273941 0.322494507 0.110412575
vt 0.315917969 0.202880859
vn 0.590313375 0.739859402 0.322704494
v 0.179718047 0.305084229 0.126090974
vt 0.302734375 0.210449219
vn 0.700050056 0.542735398 0.464077920
v 0.162521392 0.318603516 0.137077332
vt 0.314697266 0.218750000
vn 0.573772550 0.652371407 0.495173365
v 0.138534561 0.343307495 0.114654526
vt 0.336425781 0.209472656
vn 0.622491300 0.661889434 0.417620629
v 0.155990630 0.297943115 0.159950256
vt 0.305175781 0.234863281
vn 0.590826035 0.354495645 0.724746466
v 0.150833160 0.272705078 0.169517517
vt 0.294677734 0.247314453
vn 0.596799493 0.164905131 0.785262227
vt 0.286865234 0.247802734
v 0.129791275 0.357437134 0.115051255
vt 0.346679688 0.211181641
vn 0.496278524 0.701091826 0.512033224
v 0.128845245 0.275573730 0.180366516
vt 0.303710938 0.259765625
vn 0.433865309 0.055219267 0.899284124
vt 0.294433594 0.273681641
v 0.131362945 0.338943481 0.138465852
vt 0.335937500 0.224365234
vn 0.480911732 0.693774283 0.536098123
v 0.101310752 0.375930786 0.110137925
vt 0.367431641 0.214355469
vn 0.652734518 0.062914215 0.754969835
v 0.090354942 0.360214233 0.140418977
vt 0.362304688 0.235839844
vn 0.274360120 0.729013920 0.627108634
v 0.121475242 0.409973145 0.117103562
vt 0.387451172 0.200195312
vn 0.544710577 -0.457872480 0.702597499
v 0.099403419 0.270935059 0.196098328
vt 0.312744141 0.278808594
vn 0.354726940 0.094593875 0.930172503
vt 0.304687500 0.287841797
v 0.068977393 0.255599976 0.202674866
vt 0.315429688 0.298828125
vn 0.157813475 0.047344059 0.986333430
v 0.074752845 0.267074585 0.202827454
vt 0.319091797 0.292236328
vn 0.221269682 0.079024896 0.972005606
vt 0.321044922 0.320556641
vt 0.312255859 0.308837891
v 0.101356544 0.282363892 0.194374084
vt 0.317626953 0.273925781
vn 0.290753454 0.290753365 0.911550939
v 0.053348579 0.268646240 0.206779480
vt 0.325439453 0.302001953
vn 0.157622203 0.141859919 0.977256954
v 0.076561011 0.275161743 0.199348450
vt 0.322509766 0.288818359
vn 0.188306361 0.219690681 0.957223415
v 0.022058524 0.278244019 0.207954407
vt 0.334472656 0.315429688
vn 0.180688456 0.054992151 0.982001781
v 0.061664615 0.293716431 0.198463440
vt 0.336669922 0.290527344
vn 0.133507043 0.329840690 0.934548557
v 0.001120128 0.270431519 0.207008362
vt 0.326660156 0.326904297
vn -0.070811152 -0.535018563 0.841867566
v 0.063888587 0.303741455 0.192451477
vt 0.340332031 0.283203125
vn 0.220118016 0.385206372 0.896194339
v 0.022064248 0.280975342 0.220909119
vt 0.337402344 0.320068359
vn 0.622510612 -0.709189236 0.330954909
v 0.099052459 0.304595947 0.184532166
vt 0.329101562 0.264648438
vn 0.291873038 0.402311385 0.867730319
v 0.010060351 0.283859253 0.237998962
vt 0.336914062 0.332275391
vn 0.401861578 -0.504296660 0.764324665
v -0.003139932 0.280471802 0.235618591
vt 0.330322266 0.336914062
vn -0.173056662 -0.794487834 0.582100093
v -0.002087314 0.301849365 0.245658875
vt 0.338378906 0.341552734
vn 0.000000136 -0.125972494 0.992033720
v 0.059120212 0.312271118 0.191963196
vt 0.346191406 0.281982422
vn 0.102588333 0.512941301 0.852271557
v 0.011965791 0.322723389 0.240577698
vt 0.352294922 0.331298828
vn 0.345590115 0.447696209 0.824703455
v -0.011438330 0.320098877 0.241966248
vt 0.344238281 0.345214844
vn -0.393932790 0.228481114 0.890288472
v 0.030393640 0.301757812 0.230369568
vt 0.346923828 0.320800781
vn 0.853255272 -0.007900451 0.521433592
v 0.032577552 0.292922974 0.202369690
vt 0.342041016 0.305664062
vn 0.815441906 0.086248718 0.572377384
v 0.034183539 0.310806274 0.206718445
vt 0.349365234 0.307128906
vn 0.974717438 0.141491264 -0.172933877
v 0.019689592 0.322143555 0.187629700
vt 0.361328125 0.293212891
vn 0.258801699 0.713665187 0.650925219
v 0.027900731 0.328033447 0.205345154
vt 0.355957031 0.307617188
vn 0.844906509 0.529053688 -0.078963362
v 0.023170507 0.332015991 0.218070984
vt 0.356201172 0.316162109
vn 0.595405877 0.736423016 0.321205646
v -0.002651656 0.340316772 0.217704773
vt 0.361816406 0.322753906
vn -0.055101044 0.968203902 0.244018823
v 0.010284457 0.335525513 0.196998596
vt 0.363769531 0.307373047
vn 0.227768138 0.887510657 -0.400557965
v -0.009125678 0.324890137 0.186058044
vt 0.373291016 0.306640625
vn -0.094385862 0.991051257 0.094385803
v 0.001518041 0.343978882 0.172416687
vt 0.380126953 0.293212891
vn 0.007885583 0.662383139 0.749123752
v 0.055282623 0.341247559 0.165962219
vt 0.365234375 0.266845703
vn 0.102738768 0.703365147 0.703365028
v 0.001575019 0.367233276 0.150093079
vt 0.393554688 0.277832031
vn 0.007866317 0.409043282 0.912481070
v 0.066444427 0.335357666 0.176185578
vt 0.355468750 0.266601562
vn 0.094901040 0.624764740 0.775024533
v 0.099067718 0.321685791 0.176399231
vt 0.336914062 0.257080078
vn 0.321947724 0.478995293 0.816647530
v 0.101409942 0.336898804 0.166877717
vt 0.343750000 0.248535156
vn 0.331160784 0.701745331 0.630782187
v 0.118286163 0.314346313 0.170509338
vt 0.326416016 0.248779297
vn 0.386775255 0.536749244 0.749870121
v 0.094841033 0.347183228 0.151435822
vt 0.353515625 0.241943359
vn 0.235869840 0.778370321 0.581812024
v 0.131256133 0.322128296 0.151756287
vt 0.326904297 0.234375000
vn 0.472397089 0.582623005 0.661355734
v 0.129592925 0.311111450 0.167472839
vt 0.320556641 0.243652344
vn 0.425976813 0.607411265 0.670518816
v 0.134399444 0.292526245 0.176261902
vt 0.310302734 0.250488281
vn 0.425738454 0.346897960 0.835708559
v 0.138748199 0.281158447 0.178260803
vt 0.303466797 0.252685547
vn 0.449236989 0.070932195 0.890592337
v 0.036918666 0.366821289 0.144783020
vt 0.385742188 0.258789062
vn 0.220746428 0.339003295 0.914520502
v 0.006692912 0.379951477 0.158393860
vt 0.400878906 0.271728516
vn 0.039336089 -0.440562636 0.896859705
v 0.081733726 0.373718262 0.125602692
vt 0.374023438 0.229980469
vn 0.495556444 -0.180917338 0.849525094
v 0.034229305 0.383155823 0.158317566
vt 0.398681641 0.256347656
vn 0.377660334 -0.385528058 0.841867507
v 0.032497432 0.404357910 0.164924622
vt 0.412841797 0.254150391
vn 0.125607252 -0.227662846 0.965604722
v -0.022537205 0.394447327 0.164039612
vt 0.416992188 0.277832031
vn -0.047220547 -0.275453925 0.960153878
v 0.085166954 0.410415649 0.140220612
vt 0.400146484 0.221191406
vn 0.472206950 -0.346284956 0.810621619
v 0.012340571 0.415550232 0.165443420
vt 0.424560547 0.258056641
vn 0.204775348 -0.559193790 0.803348899
v 0.059543632 0.418624878 0.155693024
vt 0.413574219 0.235107422
vn 0.417776525 -0.134003684 0.898613334
v 0.096153282 0.421783447 0.139518708
vt 0.405761719 0.213623047
vn 0.386534572 -0.236653686 0.891395688
v 0.031532314 0.413894653 0.167182922
vt 0.419433594 0.250000000
vn 0.236926779 -0.015795054 0.971399128
v 0.038948081 0.441795349 0.162879944
vt 0.432617188 0.239501953
vn 0.339319944 -0.055238061 0.939047873
v 0.031188991 0.432723999 0.165885925
vt 0.429687500 0.245849609
vn 0.772252440 -0.315204978 0.551608682
v 0.087593101 0.450511932 0.149101228
vt 0.427246094 0.210937500
vn 0.282982618 0.015721306 0.958996236
v 0.033828758 0.451557159 0.164390564
vt 0.439453125 0.237548828
vn 0.511351645 0.173072889 0.841763258
v -0.014705633 0.415969849 0.165336609
vt 0.435302734 0.269287109
vn -0.220527038 -0.661581397 0.716713309
v 0.001065640 0.417663574 0.186134338
vt 0.438964844 0.261962891
vn -0.039455697 -0.907483220 0.418231428
v 0.018478421 0.423858643 0.184471130
vt 0.437255859 0.255859375
vn 0.470983267 -0.769272506 0.431734562
v 0.006119757 0.431198120 0.200218201
vt 0.450683594 0.258789062
vn 0.212480053 -0.495786428 0.842050016
v 0.027595548 0.433433533 0.185127258
vt 0.439453125 0.251464844
vn 0.778057694 -0.432254195 0.455831677
v 0.018735914 0.452239990 0.201225281
vt 0.454589844 0.251464844
vn 0.545527101 0.007906248 0.838055909
v -0.009132356 0.447559357 0.205390930
vt 0.460205078 0.261474609
vn -0.086514868 -0.102244958 0.990989983
v 0.005784540 0.466190338 0.201805115
vt 0.464355469 0.252441406
vn 0.078480348 0.549361885 0.831890821
v 0.033203151 0.455768585 0.180595398
vt 0.445312500 0.243164062
vn 0.935935020 0.141570047 0.322464883
v 0.020402934 0.471931458 0.187767029
vt 0.458251953 0.244873047
vn 0.620931804 0.699530840 0.353695244
v -0.000131791 0.483587265 0.179466248
vt 0.470703125 0.243652344
vn 0.086528391 0.928213537 0.361845940
v -0.011378262 0.477840424 0.188804626
vt 0.476806641 0.247070312
vn -0.354748845 0.748914301 0.559714854
v 0.007740043 0.483339310 0.167762756
vt 0.467041016 0.239990234
vn 0.228084937 0.959529996 -0.165165067
v -0.015730835 0.480241776 0.166725159
vt 0.479492188 0.240478516
vn -0.379130006 0.924129188 -0.047391236
v 0.030298255 0.464557648 0.159919739
vt 0.448486328 0.233398438
vn 0.557949305 0.502940178 0.660108924
v 0.020835899 0.474185944 0.155235291
vt 0.462402344 0.233642578
vn 0.291682392 0.875047147 0.386281997
v -0.015057543 0.475751877 0.151268005
vt 0.476074219 0.239257812
vn -0.259577125 0.888854980 0.377566725
v 0.024112722 0.487800598 0.146156311
vt 0.467041016 0.229492188
vn 0.000000081 0.583473682 0.812132120
v 0.047191642 0.474452972 0.155357361
vt 0.449951172 0.224121094
vn 0.166092336 0.506186008 0.846279621
v 0.072074912 0.459278107 0.151512116
vt 0.435058594 0.216064453
vn 0.228085116 0.165165052 0.959529936
v 0.075195335 0.465187073 0.152305573
vt 0.437255859 0.212646484
vn 0.276448965 0.410724103 0.868839324
v 0.090133689 0.465595245 0.145973176
vt 0.433593750 0.203613281
vn 0.283640563 0.456976354 0.843042493
v 0.079208396 0.478309631 0.140235871
vt 0.443115234 0.204101562
vn 0.299027324 0.621662021 0.723960698
v 0.046806354 0.505837440 0.130775452
vt 0.467041016 0.211181641
vn 0.284489542 0.466246635 0.837663412
v -0.028543452 0.487571716 0.146720886
vt 0.492919922 0.233642578
vn -0.157749414 0.512685955 0.843959868
v -0.000885827 0.501229405 0.135200500
vt 0.480712891 0.226074219
vn -0.039299347 -0.306535929 0.951047480
v -0.010991078 0.518487930 0.147422791
vt 0.493652344 0.227783203
vn -0.015738629 -0.472162932 0.881370842
v 0.007313749 0.519704819 0.159400940
vt 0.497070312 0.220947266
vn -0.391618103 -0.187976718 0.900721967
v 0.025423070 0.511954308 0.155509949
vt 0.491455078 0.216064453
vn 0.078613654 -0.746828556 0.660353720
v 0.058628101 0.512297630 0.144706696
vt 0.477783203 0.207275391
vn 0.385480464 -0.715892076 0.582154036
v 0.030582448 0.529512405 0.163291931
vt 0.498535156 0.208984375
vn 0.204724535 -0.330708623 0.921259820
v 0.066452041 0.508224487 0.112983689
vt 0.468017578 0.194580078
vn 0.629316926 -0.283192486 0.723714232
v 0.098846450 0.520029068 0.113578774
vt 0.485351562 0.188720703
vn 0.496602207 -0.717314184 0.488719523
v 0.099220291 0.487972260 0.121452309
vt 0.445068359 0.187255859
vn 0.332122266 0.774951875 0.537721574
v 0.087890640 0.510439873 0.098686196
vt 0.463134766 0.178710938
vn 0.630468786 0.204902411 0.748681545
v 0.105529800 0.484879494 0.124412514
vt 0.440429688 0.186767578
vn 0.314066261 0.675242305 0.667390585
v 0.117774978 0.494618893 0.093353249
vt 0.446289062 0.166503906
vn 0.354484677 0.811375916 0.464768648
v 0.107231148 0.512138367 0.080062844
vt 0.459472656 0.161865234
vn 0.645569324 0.007872857 0.763661087
v 0.133071914 0.509483337 0.060138676
vt 0.447998047 0.142822266
vn 0.694227576 -0.315557867 0.646893620
vt 0.438476562 0.138916016
v 0.137725845 0.487334251 0.103004433
vt 0.431884766 0.166503906
vn 0.379082650 0.829243243 0.410672724
vt 0.425781250 0.139160156
v 0.106903099 0.467185974 0.140190095
vt 0.430908203 0.191894531
vn 0.440781087 0.401425600 0.802851021
v 0.144332901 0.483840942 0.093345612
vt 0.427490234 0.160400391
vn 0.645349324 0.676829755 0.354155004
vt 0.416259766 0.141601562
v 0.145889297 0.480148315 0.105537385
vt 0.424560547 0.166992188
vn 0.517523825 0.564571381 0.642983973
v 0.153030410 0.475976944 0.094161958
vt 0.419921875 0.160888672
vn 0.686744630 0.599914968 0.410467923
v 0.151901260 0.462459564 0.110671967
vt 0.411621094 0.171386719
vn 0.684827209 0.133816868 0.716313362
v 0.110878013 0.447727203 0.142204255
vt 0.421386719 0.195068359
vn 0.536298394 -0.015773417 0.843881071
v 0.166397110 0.463321686 0.090454072
vt 0.407958984 0.158935547
vn 0.841841578 0.275368750 0.464192837
v 0.174148574 0.471731186 0.066909760
vt 0.408203125 0.145507812
vn 0.858640492 0.354484648 0.370239317
vt 0.409667969 0.140380859
vt 0.402343750 0.144531250
v 0.162643448 0.452232361 0.089202851
vt 0.400878906 0.163330078
vn 0.877587080 -0.110686593 0.466465026
v 0.177902237 0.449413300 0.061969731
vt 0.392578125 0.148925781
vn 0.840593696 0.180688411 0.510640860
vt 0.385742188 0.141601562
v 0.147155777 0.432456970 0.112083405
vt 0.395019531 0.182617188
vn 0.716780066 -0.165410697 0.677396297
vt 0.379882812 0.151611328
v 0.116577171 0.434974670 0.135765046
vt 0.408935547 0.197021484
vn 0.455620855 -0.353498816 0.816975057
v 0.165939346 0.413490295 0.081657387
vt 0.376464844 0.167968750
vn 0.651828110 -0.400520742 0.643974602
vt 0.370605469 0.162353516
vt 0.356689453 0.155517578
vt 0.377441406 0.150146484
vt 0.368408203 0.146972656
v 0.082649253 0.442558289 0.148933381
vt 0.420166016 0.208251953
vn 0.267319202 -0.353804648 0.896305144
v 0.093490623 0.446456909 0.150810212
vt 0.423095703 0.205566406
vn 0.260741413 -0.181728736 0.948150158
vt 0.713378906 0.081054688
vt 0.713378906 0.062255859
vt 0.718261719 0.073730469
v -0.145294160 0.000122070 0.050125156
vt 0.163574219 0.114990234
vn -0.023589127 -0.998607934 -0.047178280
vt 0.117187500 0.111328125
vt 0.133300781 0.096679688
vt 0.195556641 0.101562500
v -0.148696885 0.006195068 -0.000982489
vt 0.133544922 0.130371094
vn -0.189234659 -0.961942971 -0.197119385
vt 0.109375000 0.120605469
vt 0.124023438 0.142089844
v -0.157028168 0.000946045 0.081489600
vt 0.186767578 0.119384766
vn -0.094593748 -0.985352218 0.141890764
vt 0.198242188 0.115966797
vt 0.204345703 0.134521484
v -0.172302216 0.003509521 0.048122443
vt 0.166748047 0.128417969
vn -0.290645629 -0.950489879 -0.109973952
v -0.169219941 0.010253906 0.099807777
vt 0.196777344 0.136718750
vn -0.463805467 -0.668194413 0.581722319
v -0.176422089 0.006042480 0.081848182
vt 0.185791016 0.131103516
vn -0.536765873 -0.828829765 0.157872438
v -0.170288056 0.025238037 0.101440467
vt 0.198486328 0.148681641
vn -0.542903244 0.188835949 0.818289161
vt 0.208984375 0.151611328
v -0.182937592 0.019195557 0.085952796
vt 0.188476562 0.140136719
vn -0.895640910 -0.259264499 0.361399114
vt 0.200927734 0.163818359
v -0.185714692 0.011535645 0.049236339
vt 0.169677734 0.135986328
vn -0.843094945 -0.527919292 -0.102431953
v -0.183303803 0.030944824 0.080215491
vt 0.187255859 0.148681641
vn -0.818491757 0.377765447 0.432856351
v -0.188735932 0.022308350 0.061695140
vt 0.176513672 0.143066406
vn -0.991757095 0.094453022 0.086582094
v -0.179199189 0.045623779 0.071456946
vt 0.182373047 0.156738281
vn -0.865953863 0.440849215 0.236169353
v -0.169357270 0.059082031 0.075584449
vt 0.183837891 0.166748047
vn -0.565510929 0.777577519 0.274901152
vt 0.193359375 0.183593750
v -0.186447114 0.032562256 0.042556800
vt 0.165771484 0.148437500
vn -0.972795904 0.203973278 -0.109831676
v -0.179824799 0.047668457 0.042285953
vt 0.164306641 0.157958984
vn -0.828159273 0.544218779 -0.134082839
v -0.148406953 0.071960449 0.056804687
vt 0.171630859 0.180908203
vn -0.345931679 0.935587764 0.070758745
vt 0.175048828 0.190429688
v -0.165466279 0.061370850 0.039047275
vt 0.160644531 0.169189453
vn -0.551403403 0.819227874 -0.157543778
v -0.131423935 0.074157715 0.023668317
vt 0.146484375 0.187255859
vn -0.292091161 0.955216825 -0.047366124
vt 0.147216797 0.197021484
v -0.180587739 0.023712158 0.017196693
vt 0.150146484 0.145019531
vn -0.928673446 0.110181540 -0.354155004
v -0.172363251 0.047180176 0.020603215
vt 0.150390625 0.159912109
vn -0.747568190 0.535101354 -0.393456846
v -0.150970444 0.061157227 0.012454065
vt 0.141845703 0.173339844
vn -0.590404868 0.755718112 -0.283394217
v -0.139007553 0.073638916 0.015233069
vt 0.140625000 0.182617188
vn -0.520249844 0.843435287 -0.134003684
v -0.172042832 0.014739990 0.003888643
vt 0.141113281 0.140380859
vn -0.597610652 -0.715560079 -0.361711591
v -0.166824326 0.026580811 -0.005863632
vt 0.135253906 0.148437500
vn -0.755624592 0.228261486 -0.613944769
vt 0.119384766 0.152099609
v -0.153244004 0.051239014 -0.004101244
vt 0.132080078 0.165527344
vn -0.646070123 0.535765350 -0.543644190
vt 0.122070312 0.166992188
vt 0.124023438 0.181884766
v -0.120277390 0.078308105 0.000767019
vt 0.131103516 0.191894531
vn -0.978778005 0.197334230 0.055253714
vt 0.116455078 0.186767578
vt 0.124023438 0.204101562
v -0.144577011 0.098907471 0.030523328
vt 0.133789062 0.218261719
vn -0.605361640 -0.794045866 0.055032995
vt 0.116943359 0.219970703
vt 0.117187500 0.204833984
v -0.136718720 0.096405029 0.065757774
vt 0.143798828 0.226318359
vn -0.559332609 -0.819304168 0.126046911
vt 0.150878906 0.212890625
v -0.164764389 0.114105225 0.016305955
vt 0.121826172 0.227539062
vn -0.678407252 -0.733626544 0.039442409
vt 0.107421875 0.233886719
vt 0.120361328 0.256103516
v -0.177032441 0.127716064 0.049785644
vt 0.128417969 0.244384766
vn -0.667720020 -0.738419831 0.094266482
v -0.160446137 0.114837646 0.071830779
vt 0.138183594 0.242919922
vn -0.648165643 -0.750923753 0.126471475
v -0.131652802 0.098815918 0.085762046
vt 0.147460938 0.234619141
vn -0.455789506 -0.864428461 0.212178007
vt 0.157714844 0.235351562
vt 0.149169922 0.247070312
vt 0.145507812 0.257324219
vt 0.139892578 0.261474609
v -0.175674409 0.131286621 0.060691863
vt 0.130859375 0.250000000
vn -0.788968384 -0.560167670 0.252470016
vt 0.133544922 0.269287109
v -0.150833145 0.437973022 -0.141120911
vt 0.026611328 0.337890625
vn -0.828907311 -0.086837962 -0.552604675
vt 0.020263672 0.323730469
vt 0.028076172 0.324462891
v -0.172714248 0.424011230 -0.103240952
vt 0.035400391 0.354980469
vn -0.851159394 -0.346768647 -0.394055068
vt 0.031982422 0.326904297
vt 0.042480469 0.351806641
vt 0.044189453 0.358886719
v -0.159866348 0.451656342 -0.128746033
vt 0.024414062 0.343505859
vn -0.819304228 0.126046747 -0.559332550
vt 0.015136719 0.325439453
v -0.183822647 0.448249817 -0.094215378
vt 0.030273438 0.359375000
vn -0.950343251 -0.054978587 -0.306308836
v -0.174682617 0.422019958 -0.079391465
vt 0.039550781 0.366943359
vn -0.921688557 -0.378128707 -0.086654350
v -0.178222656 0.421165466 -0.039791089
vt 0.047607422 0.382080078
vn -0.921688557 -0.354495645 -0.157553464
vt 0.061279297 0.381835938
v -0.185577393 0.446571350 -0.043029763
vt 0.037109375 0.384033203
vn -0.996914387 0.047098268 -0.062797621
v -0.185867310 0.440860748 -0.035404183
vt 0.041259766 0.388183594
vn -0.957577288 -0.251167834 -0.141281754
v -0.183227539 0.411972046 -0.000360759
vt 0.060302734 0.393066406
vn -0.912481070 -0.409043282 0.007866354
v -0.188674927 0.426269531 -0.000288131
vt 0.055908203 0.396972656
vn -0.981789827 -0.188503698 0.023563093
vt 0.068359375 0.387695312
v -0.173858628 0.404624939 0.040920276
vt 0.080810547 0.396484375
vn -0.860618651 -0.442152739 0.252658844
v -0.177551255 0.417648315 0.048141498
vt 0.080566406 0.400634766
vn -0.912057936 -0.220151961 0.345953166
v -0.168304428 0.390907288 0.031333942
vt 0.081054688 0.392089844
vn -0.682484090 -0.713862836 0.156893030
vt 0.080322266 0.389648438
vt 0.093017578 0.390136719
v -0.182144150 0.440799713 0.052051563
vt 0.077880859 0.405029297
vn -0.937938809 -0.000000026 0.346801043
v -0.188186646 0.448085785 0.002563973
vt 0.051513672 0.403320312
vn -0.903218746 -0.353433490 0.243476525
v -0.187149048 0.446788788 -0.023632031
vt 0.042480469 0.395507812
vn -0.836932003 -0.244763151 -0.489526093
v -0.180191040 0.459259033 0.040809646
vt 0.070556641 0.407958984
vn -0.825850606 0.487645090 0.283148825
v -0.210235596 0.457893372 -0.020521142
vt 0.036621094 0.406250000
vn -0.425778031 -0.883095145 -0.197119355
v -0.180770874 0.462371826 0.009820956
vt 0.055908203 0.410400391
vn -0.591046035 0.204896003 0.780180991
v -0.229980469 0.466808319 0.003888631
vt 0.037841797 0.419189453
vn -0.360953569 -0.863150060 0.353106946
v -0.218597412 0.470607758 -0.020633675
vt 0.031250000 0.410400391
vn -0.102514990 0.047314502 -0.993605554
v -0.263916016 0.481311798 -0.014350863
vt 0.022949219 0.430419922
vn -0.393164933 -0.691970229 -0.605473816
v -0.183135986 0.471080780 -0.024398785
vt 0.033203125 0.394531250
vn -0.805073678 0.252572060 -0.536715627
v -0.180023193 0.475900650 -0.022743206
vt 0.030517578 0.394775391
vn 0.110538065 0.773767233 -0.623751223
v -0.174118042 0.483581543 -0.030340180
vt 0.028320312 0.390380859
vn -0.913612485 0.401674420 -0.063007653
v -0.223648071 0.494728565 -0.017061211
vt 0.021240234 0.414794922
vn 0.141784906 0.567140102 -0.811325550
v -0.214996338 0.494484901 -0.000910202
vt 0.017089844 0.410888672
vn 0.401028156 0.896415949 0.188719034
v -0.254943848 0.509818077 -0.010438893
vt 0.012207031 0.429443359
vn 0.268877536 0.814541042 -0.514030874
v -0.260253906 0.499369562 -0.014678928
vt 0.016113281 0.430419922
vn -0.071084768 0.142169222 -0.987286627
v -0.295135498 0.516439438 -0.010181397
vt 0.006835938 0.447265625
vn -0.063125469 0.086797290 -0.994224012
v -0.312194824 0.504518509 -0.007750001
vt 0.008300781 0.453125000
vn -0.276130408 -0.591708004 -0.757386088
v -0.292266846 0.493708134 0.004522355
vt 0.017822266 0.447021484
vn -0.369986981 -0.928903520 -0.015744038
v -0.325683594 0.503815413 0.007955587
vt 0.009033203 0.461669922
vn -0.110634774 -0.979908168 -0.165952116
v -0.314514160 0.503268957 0.011602435
vt 0.013427734 0.457519531
vn -0.047173813 -0.424565554 0.904167414
v -0.261474609 0.481903076 0.008472471
vt 0.028076172 0.436035156
vn -0.298722088 -0.762527764 0.573861182
v -0.283355713 0.502529383 0.011881858
vt 0.024658203 0.448486328
vn -0.031499833 -0.173249811 0.984374106
v -0.223052979 0.474212646 0.010774635
vt 0.040771484 0.424316406
vn -0.055306897 -0.229129091 0.971823633
v -0.236618042 0.492033005 0.011310601
vt 0.039794922 0.433837891
vn 0.197162479 0.331232816 0.922719896
v -0.274841309 0.508234978 0.012840300
vt 0.029296875 0.448730469
vn 0.204724506 0.330708683 0.921259820
v -0.255462646 0.511007309 0.004299666
vt 0.037841797 0.445312500
vn 0.362384528 0.858693779 0.362384439
vt 0.051025391 0.429687500
v -0.206222534 0.478958130 0.009015104
vt 0.048583984 0.421875000
vn 0.267849505 0.480553418 0.835059941
v -0.189056396 0.483379364 -0.003514510
vt 0.057373047 0.420654297
vn 0.387245983 0.893036604 0.229186296
vt 0.063964844 0.423583984
v -0.178283691 0.479612350 -0.004681570
vt 0.061279297 0.417236328
vn -0.646371007 0.638488412 0.417776465
vt 0.066894531 0.423095703
v -0.169433594 0.483589172 0.025083557
vt 0.072509766 0.414062500
vn -0.862513065 0.384210318 0.329323232
v -0.175735474 0.492974281 -0.001891001
vt 0.070800781 0.420166016
vn -0.788281858 0.614859760 0.023648532
v -0.171386719 0.492754459 -0.040439591
vt 0.070800781 0.429687500
vn -0.774274349 0.632060587 -0.031602956
v -0.157241821 0.503546238 -0.021324145
vt 0.078857422 0.427246094
vn -0.591211379 0.804047465 0.063062586
v -0.148254395 0.488512039 0.050163280
vt 0.087158203 0.413085938
vn -0.686744630 0.599914849 0.410468102
v -0.156951904 0.503946066 0.015922559
vt 0.079101562 0.420166016
vn -0.448679864 0.889488101 0.086587362
v -0.162170410 0.495514870 0.028455747
vt 0.077636719 0.416503906
vn -0.598276854 0.669125378 0.440835625
v -0.135269165 0.510928154 0.030244837
vt 0.087646484 0.418945312
vn -0.663560092 0.695158243 0.276483446
v -0.169952393 0.494175434 0.022687927
vt 0.074707031 0.416503906
vn -0.754014611 0.589073837 0.290609837
v -0.165206924 0.463943481 -0.115943894
vt 0.023193359 0.350585938
vn -0.813042581 0.126297802 -0.568340242
v -0.149093643 0.477930069 -0.136634827
vt 0.017089844 0.340576172
vn -0.793849587 0.149337977 -0.589492142
vt 0.010253906 0.325683594
v -0.168289199 0.476346970 -0.112632737
vt 0.021728516 0.354980469
vn -0.745080948 0.501949131 -0.439205498
v -0.129608169 0.497411251 -0.154685974
vt 0.009521484 0.330078125
vn -0.638667107 0.551934421 -0.536164820
v -0.175491348 0.478960037 -0.098541245
vt 0.023437500 0.360351562
vn -0.907257318 0.386570454 -0.165672958
v -0.149200454 0.512734413 -0.090957627
vt 0.014404297 0.361328125
vn -0.938113749 0.260149151 -0.228615835
v -0.179428101 0.476421356 -0.052337632
vt 0.028320312 0.380126953
vn -0.891478896 0.449684024 -0.055224258
v -0.169448853 0.491504669 -0.050979599
vt 0.024169922 0.381347656
vn -0.827670336 0.551780045 -0.102473363
vt 0.024169922 0.385986328
v -0.382995605 0.477401704 0.007153078
vt 0.832031250 0.026123047
vn 0.368653059 -0.792211711 0.486308157
v -0.394134521 0.468288392 -0.008216813
vt 0.827148438 0.020019531
vn 0.418544292 -0.908162057 0.007897045
v -0.334960938 0.503772736 -0.002034032
vt 0.844970703 0.017333984
vn 0.480657876 -0.874639630 -0.063037112
v -0.343292236 0.499832004 0.011114158
vt 0.844238281 0.026855469
vn 0.180610478 -0.612504601 0.769557118
vt 0.850097656 0.021972656
vt 0.853515625 0.022949219
v -0.368774414 0.497436970 0.011198085
vt 0.838134766 0.033935547
vn -0.306734890 0.558414996 0.770769954
v -0.403717041 0.474580735 0.008407639
vt 0.825439453 0.025878906
vn -0.354484469 -0.464768678 0.811375856
v -0.410919189 0.489049882 0.004686879
vt 0.819580078 0.029052734
vn -0.868974805 0.142195851 0.473986417
v -0.368041992 0.487338036 -0.011761623
vt 0.834228516 0.014648438
vn 0.408437043 -0.502691925 -0.761892438
v -0.332672119 0.506801128 -0.007241213
vt 0.847167969 0.016113281
vn 0.172848254 -0.549972057 -0.817101240
v -0.341491699 0.512486458 -0.009472811
vt 0.845458984 0.011230469
vn -0.039448563 0.362925470 -0.930982769
v -0.376373291 0.495642155 -0.016096074
vt 0.831542969 0.010986328
vn 0.015789555 0.363162905 -0.931591868
v -0.395385742 0.470174760 -0.016105605
vt 0.824462891 0.018310547
vn -0.337330192 -0.564831913 -0.753109157
v -0.404357910 0.487220734 -0.019277528
vt 0.819335938 0.015380859
vn -0.526499331 0.125731096 -0.840827107
vt 0.748779297 0.003906250
vt 0.760009766 0.000976562
vt 0.741943359 0.025390625
vt 0.728271484 0.025146484
vt 0.723632812 0.040039062
vt 0.735595703 0.001464844
vt 0.722900391 0.020751953
vt 0.723876953 0.000000000
vt 0.221679688 0.586425781
vt 0.212890625 0.576416016
vt 0.215820312 0.556396484
v -0.023040736 0.279190063 0.202903748
vt 0.201904297 0.567138672
vn -0.330309451 0.015729053 0.943741739
v -0.076446496 0.266708374 0.190300018
vt 0.204345703 0.536132812
vn -0.363196790 0.268449873 0.892201185
vt 0.223632812 0.543945312
v -0.024661979 0.280227661 0.218391418
vt 0.202148438 0.576660156
vn -0.629316747 -0.723714292 0.283192664
vt 0.218261719 0.521484375
vt 0.208251953 0.588378906
v -0.030933345 0.291137695 0.198661804
vt 0.193359375 0.564208984
vn -0.590660989 0.259890825 0.763921618
v -0.018831212 0.291183472 0.237556458
vt 0.200683594 0.587646484
vn -0.535167575 -0.306934446 0.787011445
vt 0.202148438 0.598876953
vt 0.191406250 0.597412109
v -0.032096826 0.305419922 0.227714539
vt 0.193115234 0.582031250
vn -0.866786778 -0.047279298 0.496432602
v -0.019062005 0.328140259 0.231376648
vt 0.184570312 0.592529297
vn -0.418231338 0.702313125 0.576054573
vt 0.182128906 0.608154297
vt 0.169921875 0.591552734
v -0.029584849 0.326583862 0.214591980
vt 0.181396484 0.582519531
vn -0.708573580 0.692827463 0.133841723
v -0.035922967 0.308563232 0.213737488
vt 0.188964844 0.577392578
vn -0.996914387 0.062797710 -0.047098190
v -0.012376752 0.335449219 0.196922302
vt 0.169677734 0.578857422
vn -0.347189426 0.867973328 -0.355079979
vt 0.162841797 0.586181641
v -0.029706921 0.322143555 0.198951721
vt 0.178955078 0.573730469
vn -0.853468478 0.339806765 -0.395124137
vt 0.163330078 0.574951172
v -0.022397961 0.317611694 0.187431335
vt 0.173339844 0.567382812
vn -0.370572984 0.559801877 0.741146147
v -0.091598481 0.313735962 0.166358978
vt 0.173339844 0.527587891
vn -0.331562787 0.386823416 0.860484719
v -0.010450332 0.336425781 0.176170349
vt 0.157470703 0.571044922
vn -0.181496575 0.576054633 0.797006965
vt 0.151611328 0.576660156
v -0.068901032 0.337936401 0.161125183
vt 0.157958984 0.539062500
vn -0.267782867 0.519814074 0.811224937
v -0.058521245 0.359725952 0.149665833
vt 0.141845703 0.541259766
vn -0.173805758 0.655722022 0.734724641
vt 0.131591797 0.571777344
v -0.046390507 0.367401123 0.142326355
vt 0.133300781 0.544921875
vn -0.212204009 0.424408257 0.880254090
v -0.060512520 0.368362427 0.133674622
vt 0.132080078 0.536865234
vn -0.275710166 0.732601523 0.622317374
v -0.082733132 0.354766846 0.143470764
vt 0.146240234 0.528564453
vn -0.393749565 0.629999399 0.669374406
v -0.082870461 0.370986938 0.124000557
vt 0.130859375 0.526611328
vn -0.518288970 -0.109940104 0.848109543
v -0.116775498 0.373855591 0.098197952
vt 0.128906250 0.507324219
vn -0.576054513 0.418231398 0.702313185
v -0.127456635 0.335144043 0.130851746
vt 0.155029297 0.501464844
vn -0.511398971 0.558605075 0.653017282
v -0.108581513 0.315750122 0.157569915
vt 0.170898438 0.516845703
vn -0.426414639 0.505380452 0.750174105
v -0.126998872 0.299087524 0.155494720
vt 0.180175781 0.505615234
vn -0.505002618 0.331408024 0.796957493
v -0.172439545 0.294555664 0.121925376
vt 0.175781250 0.473632812
vn -0.631666422 0.426374882 0.647458196
v -0.165588364 0.321014404 0.109031700
vt 0.157958984 0.475341797
vn -0.638547897 0.528181672 0.559714913
vt 0.162597656 0.450683594
v -0.132354707 0.263061523 0.161491424
vt 0.201171875 0.500000000
vn -0.487403840 0.306592792 0.817580819
vt 0.211425781 0.496093750
vt 0.224853516 0.512695312
v -0.175704926 0.273513794 0.128959686
vt 0.188964844 0.471679688
vn -0.628442287 0.267087996 0.730564356
vt 0.210693359 0.478759766
vt 0.216552734 0.488037109
v -0.195831269 0.278472900 0.101562522
vt 0.180908203 0.454345703
vn -0.793849468 0.275096357 0.542332947
v -0.191040009 0.256576538 0.113029502
vt 0.195312500 0.457031250
vn -0.741838098 0.299892038 0.599784195
vt 0.214355469 0.463378906
vt 0.167236328 0.435302734
vt 0.193603516 0.444335938
vt 0.182128906 0.419433594
vt 0.192871094 0.437255859
vt 0.195312500 0.434814453
vt 0.612792969 0.206298828
vt 0.609130859 0.231689453
v -0.027984593 0.371276855 0.150779724
vt 0.606201172 0.215576172
vn -0.284738362 -0.435017139 0.854215622
vt 0.598388672 0.232910156
vt 0.592529297 0.218750000
v -0.047138188 0.369293213 0.142890930
vt 0.612304688 0.204345703
vn -0.313323289 -0.446485788 0.838140130
vt 0.616943359 0.199707031
vt 0.618652344 0.189453125
v -0.106750466 0.377265930 0.125709534
vt 0.614257812 0.172851562
vn -0.410225213 -0.552226305 0.725783348
v -0.066398598 0.402404785 0.147758484
vt 0.594726562 0.194091797
vn -0.315862626 -0.363242149 0.876519203
v -0.035163853 0.411201477 0.165565491
vt 0.582519531 0.212158203
vn -0.322464883 -0.141569957 0.935935020
vt 0.580078125 0.235107422
vt 0.578369141 0.222900391
vt 0.627441406 0.159912109
v -0.082382180 0.410026550 0.146858215
vt 0.591308594 0.185546875
vn -0.339287996 -0.134137139 0.931069791
v -0.026802039 0.425453186 0.166252136
vt 0.573730469 0.215332031
vn -0.660516918 -0.518977702 0.542567611
v -0.018270465 0.430786133 0.195030212
vt 0.566406250 0.231201172
vn -0.481555521 -0.623654008 0.615759730
vt 0.576171875 0.236816406
vt 0.569091797 0.243896484
vt 0.559814453 0.239013672
v -0.019546481 0.456382751 0.200263977
vt 0.555175781 0.232421875
vn -0.613944829 0.228261545 0.755624533
vt 0.546142578 0.243164062
v -0.031589482 0.436271667 0.182304382
vt 0.565185547 0.220703125
vn -0.856120706 -0.353444338 0.377007455
vt 0.543701172 0.229003906
v -0.034828164 0.447200775 0.161231995
vt 0.562255859 0.207519531
vn -0.542349458 0.157202780 0.825314641
v -0.035266850 0.448516846 0.179450989
vt 0.559814453 0.217529297
vn -0.946968496 0.134153843 0.291982085
v -0.028635001 0.469766617 0.179313660
vt 0.550537109 0.219970703
vn -0.795843244 0.575213432 0.189111352
vt 0.541503906 0.218261719
vt 0.537597656 0.228515625
v -0.031913735 0.459762573 0.158012390
vt 0.553955078 0.206054688
vn -0.560656309 0.473794132 0.679104984
vt 0.541015625 0.210693359
vt 0.533691406 0.222900391
vt 0.536132812 0.201416016
vt 0.527832031 0.222412109
v -0.076797463 0.474872589 0.135017395
vt 0.549560547 0.177001953
vn -0.370792001 0.449683994 0.812586904
v -0.062614419 0.440303802 0.152748108
vt 0.569580078 0.192138672
vn -0.363027096 0.173621744 0.915459991
v -0.092063881 0.423233032 0.140739441
vt 0.584228516 0.178710938
vn -0.408248186 0.062807456 0.910707831
v -0.083602883 0.434318542 0.144554138
vt 0.576660156 0.181396484
vn -0.337475419 0.117724054 0.933943987
v -0.106147744 0.419097900 0.134681702
vt 0.588378906 0.170410156
vn -0.339827925 -0.007902952 0.940454423
v -0.112113930 0.401725769 0.135597229
vt 0.599365234 0.167968750
vn -0.513053000 -0.355190635 0.781419396
v -0.090019204 0.461227417 0.135093689
vt 0.559814453 0.172119141
vn -0.417607665 0.338813812 0.843094945
v -0.116935708 0.428230286 0.134895325
vt 0.583007812 0.163330078
vn -0.417322725 0.141732305 0.897637844
v -0.133224472 0.416374207 0.125465393
vt 0.592529297 0.155761719
vn -0.480657727 -0.063037075 0.874639690
v -0.148971543 0.416168213 0.110916153
vt 0.595458984 0.143310547
vn -0.782614768 -0.189724818 0.592890203
v -0.119400002 0.441925049 0.128868103
vt 0.575439453 0.158447266
vn -0.537167668 0.315981001 0.782053113
v -0.122634865 0.398834229 0.118141189
vt 0.605468750 0.158203125
vn -0.741722584 -0.315626681 0.591800213
v -0.122421250 0.450904846 0.118194588
vt 0.569580078 0.152343750
vn -0.463762492 0.408739895 0.786038339
v -0.139190659 0.382751465 0.091392532
vt 0.620849609 0.145507812
vn -0.667102754 -0.557227075 0.494441092
v -0.133026108 0.401390076 0.105690017
vt 0.607177734 0.148925781
vn -0.650625169 -0.540881276 0.533042490
v -0.144470200 0.438087463 0.113487259
vt 0.580810547 0.142333984
vn -0.812789202 0.086802728 0.576054692
v -0.123939499 0.475891113 0.107543953
vt 0.555175781 0.145751953
vn -0.526499152 0.597223043 0.605081260
v -0.139053330 0.450294495 0.112945564
vt 0.572509766 0.142822266
vn -0.622587860 0.441328138 0.646230519
vt 0.598388672 0.103515625
vt 0.582031250 0.100585938
v -0.154098496 0.410812378 0.091896079
vt 0.601074219 0.133300781
vn -0.778057575 -0.455831736 0.432254374
vt 0.608642578 0.101806641
v -0.146713242 0.385093689 0.082656883
vt 0.620605469 0.137451172
vn -0.701745212 -0.630782306 0.331160784
vt 0.620117188 0.102539062
vt 0.630371094 0.125244141
v -0.164474472 0.456012726 0.074028030
vt 0.570312500 0.116943359
vn -0.761282086 0.400261730 0.510137618
vt 0.569580078 0.095458984
v -0.152236924 0.473133087 0.075386062
vt 0.558105469 0.121093750
vn -0.660782635 0.629316807 0.409055978
vt 0.544921875 0.109863281
v -0.130752549 0.497153044 0.063789375
vt 0.536865234 0.122558594
vn -0.582622945 0.661355793 0.472397089
vt 0.535644531 0.098632812
v -0.112937920 0.510408401 0.071975715
vt 0.525878906 0.132324219
vn -0.675742328 -0.628597617 0.385016143
vt 0.521728516 0.109863281
v -0.094665512 0.505866051 0.091323860
vt 0.530273438 0.148925781
vn -0.645989716 0.551454663 0.527821004
v -0.081893906 0.498660207 0.109687805
vt 0.533691406 0.162597656
vn -0.558138788 0.361611098 0.746805549
v -0.104690544 0.511602402 0.086387642
vt 0.526611328 0.144287109
vn -0.007866203 -0.975410879 -0.220254019
v -0.109947190 0.503366232 0.103233345
vt 0.520507812 0.149658203
vn 0.039461948 -0.970763624 -0.236771569
v -0.129363999 0.503237247 0.090309151
vt 0.515380859 0.138427734
vn -0.205208406 -0.978686512 0.007892703
v -0.144912705 0.508327484 0.062248245
vt 0.513916016 0.124511719
vn -0.306687534 -0.951517940 0.023591436
v -0.129257187 0.513202667 0.112380989
vt 0.507080078 0.143798828
vn -0.740639746 -0.425473988 0.520023823
v -0.102386460 0.499835253 0.121238716
vt 0.516845703 0.157470703
vn -0.360875875 -0.910034955 0.203973442
v -0.101722702 0.506316662 0.137397766
vt 0.510009766 0.159912109
vn -0.624647379 -0.213487133 0.751158476
v -0.107826218 0.526878357 0.131019592
vt 0.499023438 0.154296875
vn -0.599317610 0.260230035 0.757032871
v -0.087432846 0.498855472 0.127693176
vt 0.522460938 0.164794922
vn -0.031471644 -0.999225974 -0.023603717
v -0.085418679 0.499058127 0.147666931
vt 0.513916016 0.169189453
vn -0.172992438 -0.723423421 0.668380320
v -0.081367478 0.530653000 0.147209167
vt 0.497802734 0.174072266
vn -0.299481809 0.126097679 0.945732534
v -0.065689072 0.499843717 0.119903564
vt 0.531494141 0.173828125
vn -0.031518456 -0.921917439 0.386102200
v -0.055515271 0.505777836 0.151298523
vt 0.515136719 0.183593750
vn 0.039471895 -0.710491836 0.702597618
v -0.032291394 0.514076233 0.154319763
vt 0.514160156 0.195556641
vn 0.055014320 -0.424395114 0.903804421
v -0.032810193 0.502583027 0.132499695
vt 0.527832031 0.192626953
vn -0.039334595 -0.369746476 0.928299665
vt 0.515136719 0.202148438
vt 0.520996094 0.206054688
v -0.062465649 0.488672256 0.133155823
vt 0.539306641 0.181152344
vn -0.361711591 0.597610652 0.715560079
v -0.125015244 0.377059937 0.087829605
vt 0.627929688 0.150634766
vn -0.800055325 -0.447089761 0.400027841
v -0.131301865 0.378883362 0.073867813
vt 0.629394531 0.140869141
vn -0.854750812 0.039208740 0.517555654
v -0.139938340 0.368469238 0.086891189
vt 0.636718750 0.144775391
vn -0.495449036 0.739241421 0.456127733
v -0.145599350 0.361724854 0.088760398
vt 0.641113281 0.143554688
vn -0.586851537 0.610325694 0.532078803
vt 0.650634766 0.166992188
v -0.147857651 0.369674683 0.073272727
vt 0.638427734 0.135742188
vn -0.592076600 0.678914428 0.434189558
vt 0.656005859 0.115966797
vt 0.665039062 0.127197266
vt 0.668701172 0.146484375
vt 0.682617188 0.139160156
vt 0.685058594 0.123535156
v 0.409118652 0.490432769 -0.033332884
vt 0.031494141 0.001464844
vn -0.086376339 0.345504761 -0.934433341
v 0.414672852 0.498474628 -0.025989594
vt 0.036376953 0.005126953
vn 0.448471338 0.715980768 -0.535018682
v 0.407257080 0.478897125 -0.033206999
vt 0.030029297 0.004150391
vn 0.228233218 -0.550907969 -0.802751660
v 0.382873535 0.487187415 -0.027154980
vt 0.019531250 0.001220703
vn -0.409753859 -0.472792894 -0.780108094
v 0.407928467 0.471439391 -0.020652831
vt 0.030273438 0.008300781
vn 0.298151612 -0.941531360 -0.156921893
v 0.417907715 0.495107681 -0.011280122
vt 0.037841797 0.015869141
vn 0.576485515 0.750220835 0.323779404
v 0.415802002 0.489186317 -0.003917756
vt 0.033691406 0.015625000
vn 0.616933525 -0.079093963 0.783030868
v 0.381591797 0.499200732 0.002808752
vt 0.022949219 0.025878906
vn 0.244018987 0.055101085 0.968203843
v 0.407928467 0.477941543 -0.005063594
vt 0.029541016 0.014404297
vn 0.007856139 -0.699185252 0.714897394
v 0.374481201 0.485077888 -0.011163767
vt 0.018798828 0.012695312
vn -0.386102140 -0.921917439 -0.031518452
v 0.345947266 0.503460646 -0.016090445
vt 0.006347656 0.011230469
vn -0.490628630 -0.672635913 -0.553935409
v 0.377136230 0.489101440 0.001268926
vt 0.020507812 0.020019531
vn -0.063054591 -0.685719907 0.725129247
v 0.330444336 0.502345324 0.010973879
vt 0.005126953 0.025878906
vn -0.267129123 -0.879955113 0.392837167
vt 0.011474609 0.173828125
vt 0.009765625 0.171630859
v 0.347961426 0.510603905 -0.015939767
vt 0.029785156 0.137939453
vn -0.094321810 0.479468495 -0.872475505
vt 0.017089844 0.154785156
vt 0.028564453 0.134277344
v 0.353851318 0.519813538 -0.008505876
vt 0.031982422 0.139648438
vn 0.274977416 0.942780018 -0.188556075
vt 0.016357422 0.175781250
v 0.348114014 0.519775391 0.008122390
vt 0.037109375 0.135009766
vn 0.533846736 0.824322164 0.188416392
vt 0.028320312 0.156005859
v 0.345458984 0.517080307 0.012428230
vt 0.038085938 0.135986328
vn 0.315981090 -0.734655797 0.600363910
v 0.326629639 0.529813766 0.000170894
vt 0.042724609 0.121582031
vn 0.227578640 0.635650992 -0.737669170
v 0.317352295 0.524272919 -0.004128983
vt 0.038818359 0.117187500
vn -0.000000138 0.353706270 -0.935356557
v 0.320281982 0.514230728 -0.005837013
vt 0.034179688 0.118164062
vn -0.117869385 -0.762221634 -0.636494339
vt 0.026367188 0.121582031
vt 0.026123047 0.115478516
vt 0.024902344 0.104736328
vt 0.019287109 0.099365234
vt 0.020507812 0.092285156
v 0.316314697 0.536808014 0.004358241
vt 0.045166016 0.112060547
vn -0.379544586 0.735367417 -0.561409533
v 0.284484863 0.519622803 -0.007050560
vt 0.029541016 0.098144531
vn -0.260733247 0.845407546 -0.466159284
vt 0.006103516 0.069091797
vt 0.017578125 0.077880859
v 0.307647705 0.531064987 0.013777684
vt 0.045898438 0.105224609
vn -0.607562482 0.773261309 0.181479737
v 0.339447021 0.554916382 0.013733809
vt 0.060302734 0.115966797
vn -0.015713619 0.502831459 -0.864241660
v 0.336517334 0.574676514 0.039344732
vt 0.075195312 0.108398438
vn -0.742254436 0.623809457 -0.244785935
v 0.327514648 0.554176331 0.038501684
vt 0.068115234 0.102539062
vn -0.737237871 0.109801389 0.666651428
v 0.342956543 0.577728271 0.052459661
vt 0.084228516 0.105957031
vn -0.708573520 0.133841664 0.692827582
v 0.358520508 0.608268738 0.058559358
vt 0.100830078 0.108398438
vn -0.746321440 0.573489070 0.337808698
v 0.368591309 0.598960876 0.069099367
vt 0.109619141 0.104248047
vn 0.165493041 0.047283739 0.985076845
v 0.364196777 0.609741211 0.045032442
vt 0.100341797 0.111816406
vn -0.245061323 0.822140813 -0.513838053
v 0.382049561 0.595314026 0.049045503
vt 0.104248047 0.116455078
vn 0.997991085 -0.031432748 -0.055007514
v 0.373474121 0.600059509 0.040981233
vt 0.097167969 0.114990234
vn 0.502505779 0.204143003 -0.840127170
v 0.355529785 0.558975220 0.027347509
vt 0.071777344 0.123291016
vn 0.843094945 -0.417607725 -0.338813901
v 0.338409424 0.533027649 0.005566544
vt 0.926269531 0.027099609
vn 0.133490339 0.408323765 -0.903023839
v 0.394683838 0.541606903 0.016473709
vt 0.947753906 0.028564453
vn 0.165456817 0.220609218 -0.961226106
v 0.367156982 0.528650284 0.012399617
vt 0.935791016 0.031005859
vn 0.275573343 -0.322814673 -0.905455709
vt 0.926269531 0.031982422
vt 0.923339844 0.023925781
vt 0.925292969 0.033691406
v 0.416900635 0.531419754 0.027458128
vt 0.956787109 0.034912109
vn 0.322494864 -0.700049996 -0.637124121
v 0.369903564 0.522319794 0.017259540
vt 0.936523438 0.034179688
vn 0.266832888 -0.831890941 -0.486577719
v 0.423980713 0.544235229 0.022828991
vt 0.960693359 0.031250000
vn 0.535300195 -0.062976524 -0.842310905
v 0.423767090 0.557456970 0.029827053
vt 0.965576172 0.027099609
vn 0.417815268 0.780447543 -0.465115279
v 0.425537109 0.533927917 0.036548551
vt 0.961914062 0.037353516
vn 0.660414934 -0.715449512 0.228000313
v 0.375122070 0.522691727 0.026967945
vt 0.938720703 0.037597656
vn 0.157597691 -0.969225407 0.189117193
v 0.398071289 0.532222748 0.045383394
vt 0.950683594 0.041748047
vn -0.054947905 -0.596578658 0.800671399
v 0.360717773 0.524610519 0.036189977
vt 0.935302734 0.045898438
vn -0.055075321 -0.653037369 0.755320430
vt 0.918457031 0.034912109
vt 0.915771484 0.019775391
vt 0.916015625 0.039550781
vt 0.916259766 0.043701172
vt 0.907714844 0.040771484
v 0.313079834 0.526430130 0.028228709
vt 0.916259766 0.050048828
vn -0.314570665 -0.102235474 0.943712473
vt 0.902832031 0.060791016
v 0.340667725 0.532249451 0.034557290
vt 0.929199219 0.051513672
vn -0.236132532 0.228261575 0.944530666
v 0.374114990 0.547763824 0.021383228
vt 0.250976562 0.963623047
vn -0.102178745 0.888168275 -0.448014110
vt 0.260009766 0.962890625
vt 0.244384766 0.976806641
vt 0.261474609 0.946289062
v 0.341033936 0.540416718 0.014875358
vt 0.241455078 0.972167969
vn 0.465418875 0.528526604 -0.709961295
vt 0.241699219 0.979980469
v 0.342407227 0.541538239 0.025525993
vt 0.239746094 0.968750000
vn 0.023638913 0.937676728 0.346703976
v 0.416290283 0.559329987 0.042331629
vt 0.254394531 0.947753906
vn -0.243777320 0.920062780 0.306687593
vt 0.235595703 0.960205078
v 0.418579102 0.552650452 0.051856928
vt 0.249511719 0.944335938
vn 0.078603931 0.298694551 0.951106191
vt 0.251464844 0.936523438
vt 0.239501953 0.937500000
vt 0.232910156 0.956542969
v 0.420318604 0.537761688 0.051368650
vt 0.248046875 0.939941406
vn 0.291329712 -0.543290257 0.787377179
vt 0.009277344 0.561035156
vt 0.009277344 0.569091797
vt 0.003173828 0.564208984
vt 0.008056641 0.576660156
vt 0.002197266 0.576904297
v 0.161499023 0.512627602 -0.010987312
vt 0.011474609 0.577392578
vn 0.931330681 0.315705359 0.181530431
vt 0.004882812 0.591064453
v 0.162948608 0.511610985 -0.026315719
vt 0.011718750 0.571044922
vn 0.891839743 -0.449866027 0.047354225
v 0.153182983 0.511138916 0.021057101
vt 0.010742188 0.589355469
vn 0.938609600 0.063099854 0.339161307
vt 0.003662109 0.601562500
v 0.172027588 0.523584366 0.000246076
vt 0.018310547 0.581054688
vn 0.945732594 -0.315244138 0.078810930
vt 0.007812500 0.605224609
v 0.159347534 0.517431259 0.034576386
vt 0.015136719 0.594238281
vn 0.550703347 -0.818187773 0.165210947
v 0.114822403 0.518898010 0.095550515
vt 0.010986328 0.620117188
vn 0.435398728 -0.744135857 0.506645679
vt 0.003906250 0.616210938
v 0.145843521 0.516162872 0.069107026
vt 0.015136719 0.607421875
vn 0.510735631 -0.738602102 0.440018237
v 0.145492569 0.532562256 0.078414887
vt 0.023193359 0.611816406
vn 0.678344071 -0.362835109 0.638905346
v 0.156799316 0.525934219 0.064964265
vt 0.020507812 0.605224609
vn 0.815692604 -0.376473427 0.439218998
v 0.168930054 0.524541855 0.032196015
vt 0.019531250 0.592773438
vn 0.968113959 -0.173158526 0.181029305
v 0.164077759 0.551616669 0.058879819
vt 0.032226562 0.603515625
vn 0.900630295 -0.007900207 0.434514493
v 0.137741104 0.542160034 0.093048073
vt 0.030761719 0.616699219
vn 0.766972244 -0.039534587 0.640461206
v 0.134704605 0.559017181 0.092948891
vt 0.041259766 0.616943359
vn 0.668091238 0.385134995 0.636651576
v 0.163864136 0.565727234 0.054977383
vt 0.039062500 0.601562500
vn 0.800301671 0.407996953 0.439381152
v 0.142929077 0.575668335 0.066078156
vt 0.049072266 0.607177734
vn 0.709961236 0.465418994 0.528526485
v 0.169738770 0.558586121 0.023334472
vt 0.034912109 0.590576172
vn 0.988790512 -0.007847494 0.149103194
v 0.167663574 0.572967529 0.031085934
vt 0.042236328 0.593505859
vn 0.848083317 0.337662816 0.408336252
v 0.163803101 0.589866638 0.027959790
vt 0.050781250 0.592529297
vn 0.757221282 0.481151044 0.441712260
v 0.153274536 0.597282410 0.033802003
vt 0.057128906 0.594726562
vn 0.556422293 0.752345681 0.352661937
v 0.174102783 0.583511353 0.013046230
vt 0.045654297 0.586914062
vn 0.969556570 0.134003803 0.204946771
v 0.170776367 0.546146393 0.003399102
vt 0.028808594 0.583007812
vn 0.995340228 -0.055296630 0.078995124
v 0.164550781 0.592765808 0.006332364
vt 0.052001953 0.584716797
vn 0.703584790 0.664057553 0.252974182
v 0.176605225 0.589538574 -0.009560619
vt 0.047851562 0.578369141
vn 0.992218256 0.102371760 0.070872597
v 0.175262436 0.549072266 -0.059375796
vt 0.030761719 0.560302734
vn 0.997529209 -0.031418201 -0.062836617
v 0.163696274 0.608840942 -0.021923101
vt 0.057128906 0.573486328
vn 0.526759505 0.849105000 0.039310306
v 0.176132187 0.591209412 -0.055709872
vt 0.049316406 0.561523438
vn 0.954028547 0.268074155 -0.134037197
v 0.175445542 0.524816513 -0.062286407
vt 0.020507812 0.558349609
vn 0.895530343 -0.416343033 -0.157110691
v 0.164245605 0.508879662 -0.053367645
vt 0.012207031 0.559814453
vn 0.929970264 -0.189146474 -0.315244287
vt 0.008056641 0.537841797
vt 0.000976562 0.549560547
v 0.139343247 0.506598473 -0.099884056
vt 0.011718750 0.538818359
vn 0.770817757 -0.534853041 -0.346081495
v 0.160415635 0.527034760 -0.100212127
vt 0.023193359 0.542724609
vn 0.881479919 -0.283332825 -0.377777249
v 0.118904099 0.502749205 -0.129768401
vt 0.010253906 0.524169922
vn 0.746620834 0.165042520 -0.644451916
vt 0.006835938 0.524902344
v 0.140350327 0.509236336 -0.117561363
vt 0.015869141 0.532714844
vn 0.695853353 -0.632593870 -0.340019286
vt 0.001464844 0.503173828
v 0.149337754 0.534034729 -0.120056182
vt 0.026855469 0.534423828
vn 0.869083345 -0.221221194 -0.442442566
v 0.168045029 0.560150146 -0.085212737
vt 0.035644531 0.550048828
vn 0.938609600 -0.063099787 -0.339161575
v 0.126586899 0.508246422 -0.140159637
vt 0.016113281 0.522705078
vn 0.558622301 -0.605829954 -0.566490352
v 0.146530136 0.550678253 -0.130928069
vt 0.034423828 0.530273438
vn 0.824703455 -0.007854307 -0.565510988
v 0.081550576 0.504374504 -0.168464690
vt 0.014892578 0.502197266
vn 0.517937779 -0.007847559 -0.855382323
v 0.046104409 0.505397797 -0.175361633
vt 0.013916016 0.488281250
vn 0.117945686 0.353837460 -0.927840412
vt 0.009521484 0.486572266
vt 0.008789062 0.472656250
vt 0.000000000 0.465576172
v 0.003243185 0.507382393 -0.171791077
vt 0.015625000 0.473144531
vn -0.078591816 0.243634164 -0.966677666
v 0.018596625 0.509212494 -0.180534363
vt 0.019531250 0.478271484
vn 0.031473543 -0.550788581 -0.834051251
v 0.057441689 0.508358955 -0.177680999
vt 0.016601562 0.491943359
vn 0.149195135 -0.384766698 -0.910876215
v 0.031749699 0.535480499 -0.189552307
vt 0.032958984 0.480957031
vn 0.070969500 -0.197137877 -0.977803648
v 0.092300393 0.531593323 -0.177665740
vt 0.027832031 0.502685547
vn 0.449362457 -0.354759902 -0.819889605
v 0.081329323 0.535335541 -0.182212859
vt 0.029785156 0.498046875
vn 0.181029305 -0.173158616 -0.968113899
v 0.041656468 0.558059692 -0.190254211
vt 0.042968750 0.485595703
vn 0.125723258 -0.062861733 -0.990071774
v 0.000681730 0.575279236 -0.191749573
vt 0.053222656 0.472412109
vn 0.039328519 0.023597149 -0.998947680
v 0.091751076 0.538295746 -0.178230315
vt 0.031250000 0.501953125
vn 0.291836470 -0.063099831 -0.954384565
v 0.133865342 0.525005341 -0.149436980
vt 0.024414062 0.521728516
vn 0.693407893 -0.165472344 -0.701287687
v 0.102470376 0.558345795 -0.173133880
vt 0.039062500 0.507812500
vn 0.640241086 0.047425266 -0.766708672
v 0.091186494 0.561595917 -0.181587249
vt 0.041748047 0.503173828
vn 0.369929582 0.023612509 -0.928759694
v 0.050556153 0.576286316 -0.190254211
vt 0.051757812 0.489501953
vn 0.126187712 0.110414326 -0.985842526
v 0.003821821 0.605613708 -0.185203552
vt 0.068359375 0.478271484
vn 0.047181115 0.550447822 -0.833535373
v 0.119354226 0.566528320 -0.156578094
vt 0.042236328 0.516601562
vn 0.661396742 0.055116404 -0.748008430
v 0.095413178 0.596534729 -0.174629241
vt 0.057373047 0.507812500
vn 0.455452055 0.447599560 -0.769557178
v 0.059619874 0.602409363 -0.185447723
vt 0.062988281 0.496337891
vn 0.157867298 0.765657008 -0.623576343
v 0.039722417 0.604217529 -0.169639587
vt 0.072509766 0.494628906
vn 0.086408086 0.950489879 -0.298500985
v 0.116119362 0.592941284 -0.156608611
vt 0.054199219 0.517333984
vn 0.597813845 0.542752147 -0.589948058
v 0.143157944 0.575485229 -0.135307342
vt 0.045166016 0.528808594
vn 0.761774838 0.070680141 -0.643974781
v 0.168472275 0.592491150 -0.093071021
vt 0.049804688 0.547607422
vn 0.909782887 0.156859159 -0.384304971
v 0.135803208 0.591972351 -0.135658294
vt 0.052978516 0.527832031
vn 0.424709916 0.747174978 -0.511225104
v 0.109077431 0.595962524 -0.133949310
vt 0.062500000 0.523437500
vn 0.339256346 0.867865324 -0.362925559
v 0.152069077 0.597190857 -0.120185889
vt 0.053222656 0.536132812
vn 0.418049127 0.851873875 -0.315508932
v 0.161224350 0.593589783 -0.068801917
vt 0.055175781 0.555175781
vn 0.409842849 0.906383336 -0.102460817
v 0.163894638 0.595893860 -0.052284274
vt 0.054687500 0.562255859
vn 0.455789506 0.864428461 -0.212178007
v 0.093330361 0.597877502 -0.150962859
vt 0.064697266 0.513671875
vn 0.442001134 0.789287865 -0.426215559
v 0.103729226 0.615715027 -0.132576019
vt 0.069335938 0.524169922
vn 0.582622886 0.661355793 -0.472397149
v 0.067123391 0.601211548 -0.164115936
vt 0.067626953 0.503662109
vn 0.274359912 0.729013860 -0.627108812
v 0.078987099 0.614654541 -0.154823333
vt 0.071289062 0.511474609
vn 0.338446230 0.645409286 -0.684763610
v 0.027608844 0.613639832 -0.169013977
vt 0.077392578 0.494384766
vn 0.267261088 -0.094327524 -0.958996236
v -0.007438210 0.607841492 -0.169197083
vt 0.083496094 0.483642578
vn 0.063080050 0.520411491 -0.851582527
v 0.069793679 0.617378235 -0.146034271
vt 0.075439453 0.512207031
vn 0.551317692 0.110263549 -0.826976836
v 0.070983857 0.645034790 -0.158332855
vt 0.085449219 0.510986328
vn 0.519991279 -0.212723747 -0.827259123
v 0.026956528 0.636260986 -0.178077698
vt 0.086914062 0.492431641
vn 0.220663950 -0.204902366 -0.953584015
v 0.096466042 0.617553711 -0.123916656
vt 0.073242188 0.525634766
vn 0.669374228 -0.062999941 -0.740249395
v 0.086326577 0.641677856 -0.144187957
vt 0.083251953 0.518554688
vn 0.638092041 -0.259963453 -0.724746644
v 0.117073037 0.616157532 -0.104911834
vt 0.071044922 0.536865234
vn 0.863682032 0.039258290 -0.502506018
v 0.043994874 0.659866333 -0.171363831
vt 0.093261719 0.500732422
vn 0.401462734 -0.070846401 -0.913131237
v 0.025339097 0.660217285 -0.179557800
vt 0.093994141 0.493164062
vn 0.157397285 -0.086568609 -0.983733773
v 0.032985654 0.695556641 -0.179588348
vt 0.104736328 0.496337891
vn 0.283008605 -0.007861383 -0.959085226
v 0.004948108 0.674728394 -0.182868987
vt 0.100830078 0.487548828
vn 0.055029355 -0.125781700 -0.990530550
v 0.057834595 0.691741943 -0.168006927
vt 0.103271484 0.506347656
vn 0.407795966 -0.078422353 -0.909699082
v 0.081100434 0.680892944 -0.157081634
vt 0.097900391 0.515136719
vn 0.581668198 -0.078603841 -0.809619486
v 0.113388039 0.668334961 -0.125244170
vt 0.090576172 0.531494141
vn 0.721529722 -0.117640734 -0.682316303
v 0.117759682 0.640777588 -0.114639312
vt 0.080078125 0.534912109
vn 0.731331825 -0.243777290 -0.636966586
v 0.133422837 0.650772095 -0.096786529
vt 0.083496094 0.543701172
vn 0.817050695 -0.196406424 -0.542081833
v 0.119422890 0.690643311 -0.121063262
vt 0.098632812 0.533935547
vn 0.763471842 -0.023612527 -0.645409346
v 0.101570100 0.706085205 -0.138053924
vt 0.105224609 0.525634766
vn 0.676829636 0.078701138 -0.731920660
v 0.143005356 0.652374268 -0.081069984
vt 0.083740234 0.550292969
vn 0.872044504 -0.157125115 -0.463519275
v 0.132263169 0.627380371 -0.081901580
vt 0.073974609 0.548339844
vn 0.883452177 -0.331294537 -0.331294686
v 0.144180283 0.685470581 -0.088371314
vt 0.095703125 0.549072266
vn 0.926695168 -0.070680119 -0.369107544
v 0.140823349 0.703552246 -0.090454131
vt 0.102294922 0.548583984
vn 0.875074267 0.102486193 -0.473013282
v 0.144958481 0.653030396 -0.061283145
vt 0.083740234 0.557617188
vn 0.950343192 -0.212060019 -0.227768302
v 0.151519760 0.694183350 -0.055603061
vt 0.098876953 0.560791016
vn 0.965366721 0.094182156 -0.243303955
v 0.138244614 0.737792969 -0.086303741
vt 0.113769531 0.552246094
vn 0.935934901 0.173030034 -0.306735128
v 0.155731186 0.718475342 -0.029903449
vt 0.106933594 0.571044922
vn 0.976620197 0.102387629 -0.189023390
v 0.156387314 0.679382324 -0.035579719
vt 0.093017578 0.567871094
vn 0.987132728 -0.055279393 -0.150044307
v 0.158584580 0.710372925 0.000428639
vt 0.104248047 0.579101562
vn 0.996883690 0.078494824 0.007849343
v 0.157409668 0.693161011 0.012680971
vt 0.098876953 0.583984375
vn 0.987625599 -0.102713011 0.118514955
v 0.155685410 0.657852173 -0.030986821
vt 0.085449219 0.569824219
vn 0.946791708 -0.315597177 0.063119330
v 0.149261475 0.674758911 0.034393277
vt 0.091552734 0.592041016
vn 0.952726483 -0.259834439 0.157475322
v 0.140579224 0.646896362 0.024642913
vt 0.081542969 0.589111328
vn 0.904922962 -0.401313603 0.141639993
v 0.141952500 0.626296997 -0.042285949
vt 0.074218750 0.564208984
vn 0.901801348 -0.423454523 -0.086259365
v 0.131469727 0.618041992 -0.006927520
vt 0.070068359 0.577880859
vn 0.944794118 -0.267691612 0.188958704
v 0.131393433 0.628479004 0.025144547
vt 0.074707031 0.588378906
vn 0.865712583 -0.480076909 0.141661927
v 0.123451233 0.612533569 0.015094729
vt 0.070068359 0.587158203
vn 0.888662636 0.047185682 0.456127584
v 0.138687134 0.607521057 0.020015685
vt 0.065429688 0.589599609
vn 0.347189367 0.907426775 0.236719951
v 0.130477890 0.614624023 -0.068267852
vt 0.069091797 0.553466797
vn 0.939428091 0.268408090 -0.213147715
v 0.138229370 0.602813721 0.039512604
vt 0.062988281 0.596923828
vn 0.307162791 0.866356611 0.393798381
v 0.123283386 0.600135803 0.045692418
vt 0.065673828 0.599365234
vn 0.276096016 0.899284184 0.339203596
v 0.142562866 0.611877441 -0.018749269
vt 0.065185547 0.574462891
vn 0.331068069 0.938026309 0.102473386
v 0.132125854 0.616355896 -0.017137557
vt 0.069335938 0.573974609
vn 0.939428151 0.339457273 -0.047366265
v 0.145797715 0.607566833 -0.041008025
vt 0.063232422 0.565673828
vn 0.393749565 0.913499177 -0.102374993
v 0.144561753 0.610343933 -0.068771400
vt 0.063720703 0.554443359
vn 0.513276994 0.837036431 -0.189517781
v 0.129028305 0.605354309 -0.090812713
vt 0.065917969 0.543701172
vn 0.557949185 0.754410326 -0.345771492
v 0.141220078 0.601623535 -0.089088470
vt 0.061523438 0.546142578
vn 0.385623574 0.912904918 -0.133787885
v 0.116249062 0.607261658 -0.113250762
vt 0.066894531 0.533447266
vn 0.464322239 0.818466485 -0.338404506
vt 0.682128906 0.592041016
vt 0.675781250 0.598876953
vt 0.662109375 0.579345703
vt 0.656250000 0.595703125
v -0.023199104 0.509039879 -0.167533875
vt 0.674804688 0.579833984
vn -0.205253348 0.213147521 -0.955216944
v -0.019443536 0.511085510 -0.183097839
vt 0.684570312 0.578125000
vn -0.047338188 -0.591726422 -0.804747820
vt 0.692382812 0.595947266
vt 0.713134766 0.592041016
v -0.031459831 0.513961792 -0.162849426
vt 0.673339844 0.574218750
vn -0.282755584 -0.274901152 -0.918955207
v -0.024028804 0.533218384 -0.191230774
vt 0.696044922 0.567871094
vn -0.039253559 -0.141312405 -0.989186585
v -0.028821969 0.517240524 -0.184898376
vt 0.685546875 0.571044922
vn -0.196819946 -0.810898006 -0.551095665
vt 0.725097656 0.564453125
v -0.051155113 0.513351440 -0.162651062
vt 0.667724609 0.564941406
vn -0.094782524 -0.781955421 -0.616086066
v -0.056877162 0.520200729 -0.178962708
vt 0.677001953 0.557861328
vn -0.196990997 -0.472778231 -0.858880401
v -0.034790065 0.543167114 -0.189720154
vt 0.697998047 0.559570312
vn -0.062978588 -0.110212356 -0.991910815
v -0.045745879 0.566314697 -0.192558289
vt 0.707275391 0.546386719
vn -0.148975059 -0.180338129 -0.972257555
v -0.046520263 0.579811096 -0.196388245
vt 0.714599609 0.541503906
vn -0.165549591 0.039416485 -0.985413432
v -0.042690303 0.549198151 -0.191337585
vt 0.698974609 0.553710938
vn -0.300294518 -0.102732353 -0.948298097
v -0.078071617 0.542148590 -0.180076599
vt 0.682861328 0.540527344
vn -0.347579271 0.157990456 -0.924244404
v -0.077812217 0.561355591 -0.173652649
vt 0.692626953 0.531738281
vn -0.496602237 0.039412808 -0.867083013
vt 0.743896484 0.552246094
v -0.077514671 0.576667786 -0.173271179
vt 0.701171875 0.526123047
vn -0.527624607 -0.157499909 -0.834749222
v -0.047355682 0.589859009 -0.193092346
vt 0.719726562 0.537109375
vn -0.157110736 0.518464923 -0.840541780
v -0.066902190 0.587379456 -0.183753967
vt 0.711914062 0.528076172
vn -0.425196975 0.330708593 -0.842519641
v -0.036563903 0.611724854 -0.177345276
vt 0.735351562 0.530517578
vn 0.015767971 0.788404346 -0.614955425
v -0.059742000 0.617080688 -0.170249939
vt 0.729980469 0.517089844
vn -0.323316246 0.567774594 -0.757032812
v -0.094162010 0.557907104 -0.163673401
vt 0.684570312 0.524414062
vn -0.502320290 0.125579983 -0.855513990
vt 0.748535156 0.541503906
vt 0.757568359 0.562500000
v -0.050964382 0.618721008 -0.166801453
vt 0.735595703 0.518798828
vn -0.196752980 0.094441317 -0.975894094
v -0.122825645 0.580627441 -0.146522522
vt 0.686279297 0.502441406
vn -0.535018742 -0.070811346 -0.841867507
v -0.118675254 0.554367065 -0.150840759
vt 0.673583984 0.512695312
vn -0.598796725 0.212730303 -0.772132337
v -0.101181060 0.595390320 -0.167533875
vt 0.704101562 0.508544922
vn -0.454933554 0.086280428 -0.886335790
v -0.087966941 0.613517761 -0.156044006
vt 0.718994141 0.502929688
vn -0.313834250 0.557055533 -0.768893600
v -0.110046409 0.601928711 -0.159629822
vt 0.703613281 0.500976562
vn -0.584218800 0.489480436 -0.647377312
v -0.076469444 0.623413086 -0.155418396
vt 0.727783203 0.503173828
vn -0.355257124 0.742092371 -0.568411171
v -0.108932517 0.622474670 -0.142555237
vt 0.714111328 0.488525391
vn -0.431561828 0.816043973 -0.384482235
v -0.133468643 0.586074829 -0.138389587
vt 0.685058594 0.493408203
vn -0.636376560 0.047138933 -0.769936860
v -0.138320938 0.576683044 -0.137886047
vt 0.678466797 0.494628906
vn -0.583637059 0.110417731 -0.804472387
v -0.161010757 0.597991943 -0.114105217
vt 0.680175781 0.471679688
vn -0.731807292 0.582298160 -0.354100227
v -0.126327530 0.609863281 -0.120445251
vt 0.701660156 0.475341797
vn -0.573082566 0.753642678 -0.321868181
v -0.106750511 0.623260498 -0.116912842
vt 0.720458984 0.475341797
vn -0.777194142 0.345419556 -0.525979698
v -0.165252700 0.571647644 -0.117637619
vt 0.665527344 0.478759766
vn -0.840827227 -0.125731215 -0.526499093
v -0.079734825 0.630493164 -0.153266907
vt 0.731201172 0.499267578
vn -0.661396921 -0.055116463 -0.748008251
v -0.118019119 0.620605469 -0.094551086
vt 0.713378906 0.460693359
vn -0.873555541 0.306924850 -0.377753615
v -0.110771202 0.647186279 -0.119903564
vt 0.732910156 0.470458984
vn -0.780084074 -0.181231692 -0.598852277
v -0.123809837 0.618484497 -0.119606018
vt 0.706787109 0.473388672
vn -0.613356233 0.770626962 -0.172997847
v -0.132263198 0.609085083 -0.099929810
vt 0.697753906 0.462158203
vn -0.558760762 0.818466365 -0.133787736
v -0.136672989 0.615966797 -0.076911926
vt 0.699707031 0.448730469
vn -0.512033343 0.858640432 -0.023632277
v -0.126510635 0.615821838 -0.069854736
vt 0.706787109 0.444091797
vn -0.983368337 0.173072785 -0.055068504
v -0.142288223 0.609992981 -0.057556145
vt 0.692626953 0.438964844
vn -0.477818310 0.869472504 -0.125329360
v -0.126922622 0.648330688 -0.091377258
vt 0.727783203 0.451904297
vn -0.825850546 -0.283148766 -0.487644941
v -0.135345474 0.611335754 -0.043403618
vt 0.697021484 0.431884766
vn -0.062859803 0.997898698 0.015714904
v -0.149337783 0.607704163 -0.058399193
vt 0.687500000 0.439208984
vn -0.370481014 0.922261059 -0.110356018
v -0.141220108 0.615020752 -0.032562248
vt 0.693359375 0.425292969
vn -0.307918251 0.947440624 -0.086848728
v -0.137023941 0.616043091 -0.022092814
vt 0.695312500 0.418457031
vn 0.094385780 0.991051257 -0.094385892
v -0.125350952 0.611671448 -0.030117031
vt 0.700683594 0.423095703
vn -0.599392295 0.796560764 -0.078867353
v -0.140594482 0.613059998 -0.014452928
vt 0.691894531 0.415283203
vn -0.346704036 0.937676728 0.023638913
v -0.130126953 0.615783691 -0.010521884
vt 0.699462891 0.411865234
vn -0.969888031 -0.212902293 0.118279167
v -0.127578750 0.620880127 -0.030706402
vt 0.704833984 0.422119141
vn -0.881425381 -0.464322299 -0.086568423
v -0.135238662 0.639968872 -0.071701050
vt 0.720214844 0.441650391
vn -0.891950905 -0.315734863 -0.323628068
v -0.132446304 0.629638672 -0.053623196
vt 0.713378906 0.432861328
vn -0.875755012 -0.473381132 -0.094676085
v -0.145980850 0.643569946 -0.011057849
vt 0.714355469 0.405761719
vn -0.897443056 -0.440849274 0.015744751
v -0.139297500 0.653732300 -0.076530457
vt 0.727783203 0.439941406
vn -0.915630996 -0.276268005 -0.292054623
v -0.148895279 0.652221680 -0.031879421
vt 0.722900391 0.414794922
vn -0.939311087 -0.315734863 -0.134187162
v -0.138137817 0.640213013 0.022710806
vt 0.701660156 0.389892578
vn -0.850710273 -0.496247709 0.173292965
v -0.155822754 0.675949097 0.020193106
vt 0.721679688 0.381835938
vn -0.943712473 -0.290978044 0.157285541
v -0.157928482 0.684356689 -0.000712896
vt 0.728027344 0.392822266
vn -0.994595706 -0.102617063 -0.015787099
v -0.155807495 0.696975708 0.028545383
vt 0.729003906 0.375732422
vn -0.976832271 0.023633005 0.212697476
v -0.155166641 0.683425903 -0.031095499
vt 0.738525391 0.408447266
vn -0.982274711 -0.102156617 -0.157163814
v -0.118049622 0.609199524 0.024703981
vt 0.691162109 0.393310547
vn -0.883232415 0.157720044 0.441616356
v -0.122734070 0.632888794 0.060119629
vt 0.692871094 0.375732422
vn -0.691970110 -0.605473936 0.393164963
v -0.142227173 0.611900330 -0.001438135
vt 0.688476562 0.409179688
vn -0.157956034 0.979327261 0.126364782
v -0.141311646 0.609580994 0.022645956
vt 0.683105469 0.398437500
vn -0.385194421 0.864722192 0.322305560
v -0.106765740 0.602462769 0.072334290
vt 0.687255859 0.370605469
vn -0.125452578 0.948735178 0.290109098
v -0.156402588 0.608901978 -0.013683311
vt 0.679443359 0.415283203
vn -0.591413498 0.796436846 0.126168251
v -0.153366104 0.610420227 -0.023452751
vt 0.682861328 0.420410156
vn -0.376380950 0.925269663 -0.047047604
v -0.160079971 0.601203918 -0.049385060
vt 0.677490234 0.435546875
vn -0.635827303 0.769272506 -0.062797710
v -0.169540405 0.597831726 -0.018894184
vt 0.666992188 0.421386719
vn -0.933771491 0.345260024 0.094161943
v -0.157211319 0.605018616 -0.057365406
vt 0.681640625 0.439453125
vn -0.559871554 0.820093453 -0.118282683
v -0.151794448 0.602249146 -0.080879204
vt 0.684326172 0.452392578
vn -0.426468015 0.900321186 -0.086873084
v -0.169052139 0.594322205 -0.062622055
vt 0.670898438 0.444335938
vn -0.815968692 0.572747231 -0.078458443
v -0.171829239 0.576553345 -0.064720139
vt 0.658935547 0.448242188
vn -0.965099335 0.258929044 -0.039231565
v -0.170837402 0.577285767 -0.025678623
vt 0.655273438 0.427978516
vn -0.965813160 0.212007731 0.149190769
v -0.178024292 0.565719604 -0.033611286
vt 0.646972656 0.435058594
vn -0.996086419 0.079054430 0.039527364
v -0.175399795 0.568717957 -0.071754441
vt 0.654296875 0.454589844
vn -0.991757214 0.023613220 -0.125937283
v -0.170867920 0.554031372 -0.026008593
vt 0.636474609 0.436767578
vn -0.998854995 0.007864958 0.047190130
v -0.172775283 0.557552338 -0.065734848
vt 0.645507812 0.456298828
vn -0.983947039 0.118073598 -0.133816659
v -0.179595947 0.536624908 -0.032596573
vt 0.626464844 0.445800781
vn -0.947943091 0.315980971 0.039497737
v -0.180068985 0.536052704 -0.067733750
vt 0.633300781 0.464111328
vn -0.973725259 0.157052413 -0.164904937
v -0.178131118 0.526193619 -0.063781723
vt 0.625488281 0.467529297
vn -0.873555481 -0.472192198 -0.118047908
v -0.162551895 0.551078796 -0.106269822
vt 0.651123047 0.481201172
vn -0.843881309 -0.015773542 -0.536298215
v -0.166152969 0.540115356 -0.107078537
vt 0.644531250 0.483642578
vn -0.937822282 0.015761662 -0.346757710
v -0.158569351 0.536861420 -0.123176560
vt 0.648193359 0.494140625
vn -0.798450232 0.300406963 -0.521759391
v -0.166320816 0.522024155 -0.087867722
vt 0.629394531 0.481689453
vn -0.723423362 -0.668380320 -0.172992438
v -0.174713135 0.520833969 -0.006777749
vt 0.594238281 0.460205078
vn -0.707019448 -0.707019567 0.015711669
v -0.163726807 0.513226509 -0.021024691
vt 0.594482422 0.470703125
vn -0.502645314 -0.863921702 -0.031415232
v -0.163391128 0.515120506 -0.068138108
vt 0.617675781 0.480957031
vn -0.448679805 -0.889488101 -0.086587243
v -0.127121001 0.541992188 -0.158790588
vt 0.664062500 0.517333984
vn -0.574074090 0.228056714 -0.786402643
v -0.155349731 0.512280464 -0.045482624
vt 0.603271484 0.480224609
vn -0.996086419 0.079054430 -0.039527111
v -0.151107788 0.510960579 -0.021877276
vt 0.591308594 0.475341797
vn -0.385325372 -0.920062780 0.070774145
v -0.140899658 0.514097214 0.008955012
vt 0.573486328 0.474609375
vn -0.927639663 -0.243701994 0.283008844
vt 0.589599609 0.479492188
vt 0.592529297 0.487792969
vt 0.595458984 0.489746094
vt 0.622558594 0.492187500
v -0.158218399 0.522529602 -0.123359665
vt 0.641113281 0.499267578
vn -0.721707404 -0.541280568 -0.431455374
v -0.139404312 0.511149406 -0.110977165
vt 0.630371094 0.505859375
vn -0.883314967 0.102527559 -0.457430810
vt 0.608398438 0.508300781
v -0.131866470 0.520572662 -0.154319763
vt 0.651367188 0.521240234
vn -0.455494314 -0.667534649 -0.589001179
vt 0.632568359 0.530761719
v -0.089759849 0.522769928 -0.176307678
vt 0.667724609 0.542236328
vn -0.291465193 -0.480523586 -0.827130675
v -0.125671402 0.513220787 -0.140022278
vt 0.641357422 0.523193359
vn -0.629999518 0.086624853 -0.771749258
v -0.082069419 0.513834953 -0.160911560
vt 0.658203125 0.549560547
vn -0.259890914 -0.590661168 -0.763921618
vt 0.631835938 0.535644531
vt 0.619384766 0.538330078
vt 0.636718750 0.549316406
v -0.095237754 0.504465103 -0.164848328
vt 0.648681641 0.547363281
vn -0.362970829 0.654925346 -0.662815988
v -0.069282554 0.509112358 -0.167167664
vt 0.658935547 0.558349609
vn -0.086911142 0.924417555 -0.371347249
v -0.084487937 0.504168510 -0.178276062
vt 0.648437500 0.557617188
vn -0.369426668 0.542349577 -0.754573345
vt 0.633544922 0.560058594
vt 0.647216797 0.578125000
v -0.058525112 0.507958412 -0.182746887
vt 0.656738281 0.568847656
vn 0.055219077 0.702072620 -0.709961236
v -0.045711540 0.506336689 -0.170646667
vt 0.665283203 0.571044922
vn 0.142084971 0.860404134 -0.489404261
vt 0.650146484 0.583496094
vt 0.770019531 0.547363281
vt 0.763183594 0.552490234
v -0.018146543 0.627426147 -0.174842834
vt 0.751708984 0.531738281
vn -0.054845165 -0.313400358 -0.948036015
v -0.016599685 0.637878418 -0.177833557
vt 0.756591797 0.530273438
vn -0.047401708 -0.150105074 -0.987533033
vt 0.778564453 0.543701172
v -0.048011810 0.635574341 -0.172416687
vt 0.745117188 0.516113281
vn -0.369792372 -0.125886783 -0.920546591
vt 0.778076172 0.533691406
v -0.071701080 0.650100708 -0.157096863
vt 0.744140625 0.499511719
vn -0.622781456 -0.165549532 -0.764680862
v -0.044193298 0.649475098 -0.174812317
vt 0.753173828 0.515380859
vn -0.338226527 -0.196643323 -0.920290411
v -0.026544603 0.667327881 -0.181587219
vt 0.767089844 0.520751953
vn -0.126483321 -0.086957254 -0.988150001
v -0.009576830 0.689758301 -0.184150726
vt 0.782226562 0.525146484
vn -0.110263713 0.055131741 -0.992372215
v 0.009083715 0.689682007 -0.185829192
vt 0.786621094 0.533203125
vn 0.055131655 0.110263534 -0.992372215
v -0.051685367 0.697265625 -0.176963836
vt 0.775634766 0.505126953
vn -0.266833037 0.109872326 -0.957459331
v -0.054225951 0.670379639 -0.175971985
vt 0.761230469 0.507568359
vn -0.400966346 -0.086482972 -0.912001550
v -0.080665618 0.699264526 -0.161537170
vt 0.769042969 0.487792969
vn -0.582821906 0.047255758 -0.811224818
v -0.074676543 0.660568237 -0.161735535
vt 0.750488281 0.497802734
vn -0.588348567 -0.196116209 -0.784464538
v -0.107376121 0.665161133 -0.133872986
vt 0.744873047 0.473388672
vn -0.722909570 -0.204300568 -0.660047710
v -0.108726531 0.700302124 -0.136375427
vt 0.762939453 0.466552734
vn -0.741630495 0.015779309 -0.670623124
v -0.127700821 0.674575806 -0.108146667
vt 0.744873047 0.453369141
vn -0.836020410 -0.173513725 -0.520540833
v -0.130584747 0.701385498 -0.108581543
vt 0.758300781 0.447753906
vn -0.840178967 0.023556357 -0.541797459
v -0.124877952 0.736053467 -0.110626221
vt 0.773925781 0.447998047
vn -0.765251875 0.213008180 -0.607467830
v -0.147293106 0.683441162 -0.070884697
vt 0.742187500 0.430175781
vn -0.938288629 -0.141926065 -0.315391004
v -0.142181411 0.698394775 -0.086212158
vt 0.752197266 0.435302734
vn -0.900209010 0.031586219 -0.434311241
v -0.130722076 0.733078003 -0.099288940
vt 0.770019531 0.435546875
vn -0.891978741 0.189446747 -0.410467923
v -0.144927993 0.735519409 -0.068092339
vt 0.766357422 0.417480469
vn -0.911241531 0.235665858 -0.337787658
v -0.148620620 0.705856323 -0.070960991
vt 0.752929688 0.425537109
vn -0.973965585 0.054981872 -0.219927564
v -0.151123062 0.736801147 -0.037132263
vt 0.763183594 0.402587891
vn -0.950343251 0.227768138 -0.212059945
v -0.155792251 0.724945068 -0.022899624
vt 0.754638672 0.395751953
vn -0.990163505 0.086442798 -0.110018052
v -0.146362320 0.761505127 -0.022014618
vt 0.768798828 0.388671875
vn -0.928759634 0.369929671 -0.023612428
v -0.156890884 0.724349976 0.000083956
vt 0.748535156 0.382324219
vn -0.984099448 0.173201457 0.039364100
vt 0.186035156 0.291503906
vt 0.176513672 0.274169922
v 0.079032868 0.705413818 -0.159370452
vt 0.187011719 0.273681641
vn 0.580879152 0.094196618 -0.808521152
vt 0.180419922 0.259765625
v 0.062988251 0.705749512 -0.166862518
vt 0.187500000 0.263671875
vn 0.416690230 0.094344959 -0.904139459
v 0.051853150 0.702377319 -0.172233611
vt 0.186035156 0.256591797
vn 0.376914173 0.117785700 -0.918728650
v 0.070091218 0.738327026 -0.157569915
vt 0.203369141 0.271728516
vn 0.518608928 -0.251446813 -0.817202210
vt 0.183593750 0.244628906
v 0.080711335 0.741409302 -0.148399383
vt 0.205078125 0.280029297
vn 0.670372725 -0.031546965 -0.741353631
v 0.109054536 0.740325928 -0.126838714
vt 0.202880859 0.298339844
vn 0.637597561 0.102330483 -0.763542950
v 0.030172314 0.728927612 -0.176460296
vt 0.200195312 0.245117188
vn 0.323587775 -0.497220427 -0.805023491
v 0.099166840 0.749389648 -0.150337249
vt 0.216064453 0.286865234
vn 0.573029518 -0.769272506 -0.282589942
v 0.118782021 0.737426758 -0.116912872
vt 0.201660156 0.306396484
vn 0.789952397 0.157990485 -0.592464507
vt 0.179687500 0.305175781
vt 0.187011719 0.326171875
vt 0.199707031 0.326171875
v 0.137039170 0.755340576 -0.078704864
vt 0.207275391 0.327148438
vn 0.872232974 0.337892056 -0.353608131
v 0.104591340 0.750335693 -0.129386932
vt 0.210693359 0.296630859
vn 0.800301552 -0.407996893 -0.439381391
v 0.123390175 0.764312744 -0.094116248
vt 0.215576172 0.318359375
vn 0.912255287 0.023592832 -0.408942163
v 0.131256089 0.775756836 -0.062297858
vt 0.214355469 0.335449219
vn 0.968503952 0.204724446 -0.141732424
v 0.120887727 0.759765625 -0.119438209
vt 0.220214844 0.305175781
vn 0.778707325 -0.621392667 -0.086523116
v 0.132919297 0.774017334 -0.077407874
vt 0.216064453 0.327880859
vn 0.843959987 -0.536348283 0.007887389
v 0.121520966 0.764190674 -0.134376556
vt 0.226806641 0.298339844
vn 0.831839621 -0.384529650 -0.400224805
v 0.129852265 0.780853271 -0.117446937
vt 0.227783203 0.310791016
vn 0.946762085 -0.189352378 -0.260359675
v 0.094413720 0.761993408 -0.172279388
vt 0.228759766 0.277099609
vn 0.694898009 -0.371138752 -0.615932465
v 0.110473603 0.773284912 -0.155677825
vt 0.237792969 0.287353516
vn 0.769272447 -0.062797748 -0.635827363
v 0.075180024 0.742385864 -0.172309905
vt 0.212402344 0.269775391
vn 0.451287895 -0.791733205 -0.411701292
v 0.083488427 0.778747559 -0.180259734
vt 0.239746094 0.268798828
vn 0.582099915 0.338247299 -0.739424407
v 0.105125397 0.785736084 -0.160285980
vt 0.246826172 0.282470703
vn 0.536098123 0.480911702 -0.693774343
v 0.082542382 0.790618896 -0.166999847
vt 0.251464844 0.270507812
vn 0.196254969 0.855672121 -0.478862464
v 0.077049218 0.759704590 -0.185859710
vt 0.226806641 0.266357422
vn 0.604260743 -0.235426322 -0.761211812
v 0.053523980 0.746124268 -0.196281463
vt 0.218017578 0.253173828
vn 0.392873436 -0.699314833 -0.597167730
v 0.057014428 0.779785156 -0.199592620
vt 0.237548828 0.252197266
vn 0.471041143 0.243371293 -0.847874284
v 0.054706536 0.790954590 -0.188896209
vt 0.246826172 0.252197266
vn 0.315185368 0.827361882 -0.464898586
v 0.070953339 0.794738770 -0.155311614
vt 0.261718750 0.265380859
vn 0.401674330 0.598573685 -0.693085432
v 0.083503693 0.800445557 -0.139976531
vt 0.266601562 0.271728516
vn 0.473013103 0.638567805 -0.607033670
v 0.029531440 0.793945312 -0.197227508
vt 0.248535156 0.236572266
vn 0.047248412 0.968594015 -0.244117230
v 0.016490899 0.792633057 -0.183067352
vt 0.257812500 0.229980469
vn 0.007853968 0.840386152 -0.541931272
v 0.030588111 0.782043457 -0.209861785
vt 0.238037109 0.237060547
vn 0.157008782 0.400372684 -0.902801216
v 0.054679833 0.762176514 -0.202232391
vt 0.227294922 0.251708984
vn 0.331129700 -0.157680899 -0.930317163
v 0.039031945 0.765991211 -0.203208953
vt 0.228515625 0.243164062
vn 0.173400328 -0.173400477 -0.969466150
v 0.034141503 0.740844727 -0.197746307
vt 0.213378906 0.242919922
vn 0.189064264 -0.653847516 -0.732624233
v -0.003420153 0.791229248 -0.200477630
vt 0.244384766 0.218750000
vn -0.110219248 0.810897887 -0.574714184
v -0.002786438 0.775573730 -0.211021453
vt 0.232910156 0.219482422
vn -0.031383544 0.078458481 -0.996423304
v 0.021722756 0.754241943 -0.205558807
vt 0.220947266 0.234130859
vn 0.173158467 -0.181029454 -0.968113899
v -0.037132300 0.786987305 -0.196037322
vt 0.241699219 0.199707031
vn -0.188672587 0.927639723 -0.322315484
v -0.033012427 0.789978027 -0.177284271
vt 0.254150391 0.200683594
vn -0.196406528 0.777769387 -0.597075582
v -0.042346992 0.774353027 -0.204551727
vt 0.230468750 0.197753906
vn -0.307305932 0.441259623 -0.843121052
v -0.082183875 0.788482666 -0.163764954
vt 0.241699219 0.170654297
vn -0.189023361 0.842728734 -0.504062057
v -0.078063995 0.793914795 -0.147911072
vt 0.252929688 0.169677734
vn -0.408437312 0.557673752 -0.722619593
v -0.110832244 0.809082031 -0.134422302
vt 0.251708984 0.148681641
vn -0.133787885 0.818466365 -0.558760762
v -0.091545135 0.804199219 -0.125198364
vt 0.259521484 0.155761719
vn -0.447696269 0.636199772 -0.628345430
v -0.110488921 0.809875488 -0.130409241
vt 0.254394531 0.147705078
vn -0.181893587 0.885742247 -0.427054286
v -0.103035003 0.824432373 -0.100151069
vt 0.266845703 0.138671875
vn -0.514852643 0.673268616 -0.530694067
v -0.101448096 0.784027100 -0.164009094
vt 0.232910156 0.161621094
vn -0.551249564 0.464624435 -0.692999303
v -0.084915198 0.771911621 -0.181419373
vt 0.222167969 0.173095703
vn -0.533271909 0.156844586 -0.831276655
v -0.063522376 0.771209717 -0.195518494
vt 0.225341797 0.186523438
vn -0.457260430 0.197094902 -0.867217779
v -0.036888160 0.757873535 -0.203041106
vt 0.220214844 0.201904297
vn -0.268207639 -0.276096016 -0.922949374
v -0.068679847 0.745254517 -0.187263489
vt 0.208251953 0.186767578
vn -0.450695097 -0.482322782 -0.751158297
v -0.077697784 0.742095947 -0.173545837
vt 0.201171875 0.181884766
vn -0.519347131 -0.684593856 -0.511478066
v -0.054981265 0.732666016 -0.168540984
vt 0.195068359 0.195556641
vn -0.384281337 -0.258801699 -0.886199534
v -0.044006381 0.735702515 -0.188606292
vt 0.204345703 0.201660156
vn -0.236191258 -0.810923159 -0.535366595
v -0.008183518 0.756042480 -0.209358245
vt 0.221191406 0.218017578
vn -0.086716510 -0.228615984 -0.969646931
v -0.024940526 0.737747192 -0.197456390
vt 0.207763672 0.211425781
vn -0.299584419 -0.559749722 -0.772612214
v 0.010078393 0.740036011 -0.203269988
vt 0.212646484 0.229248047
vn 0.118282638 -0.559871554 -0.820093453
v -0.017286338 0.734008789 -0.200843841
vt 0.208496094 0.216552734
vn -0.086946413 -0.616528630 -0.782517016
v -0.003143584 0.731155396 -0.190330535
vt 0.202392578 0.224121094
vn 0.031518534 -0.921917439 -0.386102140
v -0.012191806 0.728012085 -0.178199798
vt 0.196533203 0.219238281
vn -0.156844735 -0.533271849 -0.831276715
v 0.008848157 0.728210449 -0.178825408
vt 0.198242188 0.231933594
vn 0.047248382 -0.385862648 -0.921345472
v 0.010644880 0.709274292 -0.180473357
vt 0.189208984 0.232910156
vn 0.039253298 0.141312316 -0.989186585
vt 0.178955078 0.231933594
vt 0.171386719 0.231933594
v -0.019592317 0.710815430 -0.178337127
vt 0.187500000 0.216552734
vn -0.125859603 0.180922925 -0.975410879
vt 0.178955078 0.199462891
vt 0.177001953 0.221435547
v 0.339843750 0.539470673 0.042022653
vt 0.949462891 0.487304688
vn 0.362025350 -0.605998695 0.708310187
vt 0.946533203 0.482177734
vt 0.954589844 0.478027344
vt 0.945068359 0.476562500
vt 0.945556641 0.487792969
vt 0.947998047 0.471679688
vt 0.939697266 0.465087891
vt 0.938476562 0.496826172
v 0.370941162 0.580932617 0.054927766
vt 0.971191406 0.481933594
vn 0.638567805 -0.607033551 0.473013103
vt 0.977294922 0.476562500
vt 0.981201172 0.484619141
v 0.342437744 0.561012268 0.049465124
vt 0.959716797 0.489746094
vn -0.157553464 -0.354495585 0.921688557
vt 0.967041016 0.493164062
vt 0.950195312 0.492431641
vt 0.943603516 0.507324219
vt 0.927246094 0.515625000
vt 0.921630859 0.524169922
vt 0.921875000 0.516113281
vt 0.571289062 0.523681641
vt 0.572998047 0.543457031
v 0.124259956 0.577239990 0.095504738
vt 0.559814453 0.515380859
vn 0.581686318 0.613128722 0.534522414
vt 0.568115234 0.542968750
v 0.121147163 0.560916901 0.099769570
vt 0.561523438 0.502685547
vn 0.667390704 0.314066261 0.675242245
vt 0.567382812 0.504394531
v 0.115737922 0.596916199 0.065849274
vt 0.558593750 0.534423828
vn 0.362485766 0.882574022 0.299444675
vt 0.563232422 0.546875000
vt 0.579833984 0.550048828
vt 0.578125000 0.556396484
v 0.118835457 0.573341370 0.101425149
vt 0.557617188 0.511962891
vn 0.740800798 0.346757889 0.575302660
v 0.107772835 0.590583801 0.108940095
vt 0.550048828 0.515136719
vn 0.646853566 0.591634333 0.481195837
v 0.103843689 0.609603882 0.051380131
vt 0.556152344 0.555908203
vn 0.716491163 -0.244079307 0.653502643
v 0.104248062 0.565811157 0.120376565
vt 0.549560547 0.500244141
vn 0.692999482 0.078749985 0.716624200
v 0.102592476 0.597450256 0.069976777
vt 0.553955078 0.536132812
vn -0.015730001 0.951665044 0.306734979
v 0.078399673 0.577964783 0.139076203
vt 0.534423828 0.498779297
vn 0.360454738 0.540682018 0.760089159
v 0.094604500 0.594070435 0.108619660
vt 0.544921875 0.516845703
vn 0.071146794 0.948624015 0.308302760
v 0.092933662 0.595581055 0.094337434
vt 0.546386719 0.524169922
vn -0.173287496 0.984587789 -0.023630127
v 0.075279243 0.592491150 0.106674172
vt 0.533447266 0.516845703
vn -0.054992143 0.997713923 0.039280038
v 0.078147896 0.587890625 0.087226845
vt 0.541992188 0.528320312
vn -0.363106400 0.931446731 0.023680856
v 0.086082466 0.598648071 0.062683076
vt 0.550292969 0.540039062
vn -0.522200227 0.846597433 0.102857657
v 0.069976814 0.582702637 0.083946213
vt 0.535888672 0.527832031
vn -0.188695863 0.974928319 -0.117934905
v 0.068420418 0.582099915 0.056488018
vt 0.538085938 0.538818359
vn -0.481555670 0.876273394 0.015788734
v 0.084403992 0.592887878 0.033561684
vt 0.544433594 0.548095703
vn -0.678175151 0.047314558 0.733375669
v 0.077629089 0.589279175 0.033836342
vt 0.541015625 0.546386719
vn 0.692484319 -0.322634608 0.645269215
v 0.058746342 0.583770752 0.056579571
vt 0.529785156 0.542480469
vn 0.653219461 0.550907910 0.519427419
v 0.037612922 0.585762024 0.088500954
vt 0.511230469 0.536132812
vn 0.070749931 0.990499973 -0.117916718
v 0.074844360 0.598190308 0.057594277
vt 0.535156250 0.552001953
vn 0.465549409 -0.757503986 0.457658619
v 0.040611275 0.592773438 0.076057412
vt 0.512939453 0.546386719
vn 0.425976813 -0.670518816 0.607411146
v 0.090637214 0.610237122 0.067001313
vt 0.541503906 0.561035156
vn 0.407996982 -0.800301611 0.439381272
v 0.094467171 0.625900269 0.086326569
vt 0.537597656 0.574707031
vn 0.518193305 -0.620261610 0.588855863
v 0.071640022 0.614593506 0.089721657
vt 0.524658203 0.566894531
vn 0.370239586 -0.716846645 0.590807676
v 0.030723579 0.604370117 0.100326516
vt 0.501708984 0.558105469
vn 0.220691592 -0.685719848 0.693601847
v 0.008532532 0.585838318 0.086082444
vt 0.494873047 0.540283203
vn 0.290600896 0.714720964 0.636180043
v -0.011250488 0.589065552 0.089019760
vt 0.482666016 0.543212891
vn 0.062984459 -0.496001512 0.866034448
v -0.000973334 0.607009888 0.107398972
vt 0.482421875 0.559326172
vn -0.007864871 -0.637064934 0.770769954
v 0.026622782 0.589912415 0.106842026
vt 0.504638672 0.525878906
vn -0.039309233 0.998453617 0.039309155
v -0.008719435 0.590393066 0.103584275
vt 0.488281250 0.528564453
vn 0.039253410 0.989186585 0.141312316
v -0.001427221 0.584129333 0.123451225
vt 0.490478516 0.515869141
vn -0.023647679 0.811905026 0.583310425
v 0.047664650 0.628097534 0.112907387
vt 0.506835938 0.576416016
vn 0.323316246 -0.567774594 0.757032812
v 0.020353328 0.635040283 0.125114441
vt 0.489746094 0.580078125
vn 0.149694622 -0.646049917 0.748472512
v -0.008861532 0.633255005 0.125236511
vt 0.475097656 0.577148438
vn -0.070517115 -0.720842838 0.689502001
v -0.001999248 0.631454468 0.130256653
vt 0.477294922 0.581298828
vn 0.000000087 -0.935356557 0.353706330
v 0.051490795 0.594261169 0.111907937
vt 0.518554688 0.519287109
vn -0.031542074 0.985689163 0.165595725
v 0.036983501 0.585769653 0.121078469
vt 0.508544922 0.515625000
vn -0.102790050 0.798600018 0.593019724
v 0.063079849 0.579460144 0.133445710
vt 0.525146484 0.503662109
vn -0.047261626 0.748309970 0.661663473
v 0.006616606 0.572174072 0.130744934
vt 0.493652344 0.507080078
vn -0.118308395 0.717738032 0.686188936
v -0.023761734 0.559276581 0.137382507
vt 0.483886719 0.500488281
vn -0.149782777 0.607014775 0.780447423
v 0.023221986 0.559585571 0.151420593
vt 0.503906250 0.492675781
vn 0.007868010 0.527150750 0.849735498
v -0.027992232 0.554611206 0.144340515
vt 0.484130859 0.487304688
vn -0.189169943 0.725151718 0.662094951
v -0.009795170 0.545307159 0.156944275
vt 0.489501953 0.479980469
vn 0.117756791 0.196261153 0.973455131
v 0.007857340 0.536102295 0.143623352
vt 0.499267578 0.476562500
vn 0.290574104 -0.267013878 0.918841898
v -0.005967598 0.532314301 0.153541565
vt 0.491699219 0.473144531
vn 0.376833111 -0.314027429 0.871426225
vt 0.490234375 0.465087891
v 0.037609115 0.553333282 0.143745422
vt 0.511230469 0.487792969
vn -0.078591563 0.243634254 0.966677666
v 0.017372150 0.534320831 0.146949768
vt 0.503662109 0.475585938
vn -0.464322209 0.653199136 0.598110139
vt 0.500976562 0.463867188
v 0.045818347 0.555381775 0.153297424
vt 0.517089844 0.485351562
vn -0.276474655 0.600345194 0.750431478
v 0.025432605 0.531883240 0.159141541
vt 0.509277344 0.470458984
vn -0.384849668 0.620472074 0.683304608
vt 0.511474609 0.467773438
vt 0.507568359 0.458007812
v 0.054218311 0.550243378 0.152427673
vt 0.522216797 0.481933594
vn 0.141732380 0.362204760 0.921259820
v 0.046676654 0.540611267 0.162223816
vt 0.519775391 0.474121094
vn 0.086568661 0.464322299 0.881425381
v 0.059825916 0.538047791 0.156059235
vt 0.526611328 0.472656250
vn 0.457986832 -0.276371241 0.844906509
vt 0.531005859 0.459716797
v 0.068954483 0.545917511 0.147712678
vt 0.530761719 0.479248047
vn 0.504140377 0.220561400 0.834982276
v 0.074333206 0.563903809 0.144386262
vt 0.531982422 0.489990234
vn 0.479098767 0.102103040 0.871802390
v 0.090461746 0.542442322 0.136283845
vt 0.543945312 0.481445312
vn 0.607014835 -0.149782792 0.780447364
v 0.095077530 0.552623749 0.126487702
vt 0.546630859 0.489257812
vn 0.638965130 0.078884631 0.765180230
vt 0.555419922 0.470214844
v 0.118019119 0.548873901 0.113288857
vt 0.559326172 0.492187500
vn 0.636848450 0.157246560 0.754783154
vt 0.572021484 0.494384766
v 0.101821914 0.537357330 0.123023964
vt 0.552246094 0.481689453
vn 0.582821846 -0.448930174 0.677333295
v 0.124389663 0.535995483 0.105064370
vt 0.566406250 0.488281250
vn 0.598110199 -0.464322209 0.653199077
vt 0.579589844 0.487792969
vt 0.565185547 0.476806641
vt 0.562988281 0.463134766
vt 0.571289062 0.467285156
vt 0.561035156 0.454101562
v 0.128295898 0.630798340 0.049209561
vt 0.566894531 0.571044922
vn 0.690711558 -0.643617451 0.329657674
vt 0.580078125 0.566162109
v 0.141998291 0.653579712 0.048667874
vt 0.574951172 0.583007812
vt 0.586425781 0.576904297
vt 0.587646484 0.593017578
v 0.132125854 0.644607544 0.067771882
vt 0.562500000 0.583496094
vn 0.717046976 -0.512176275 0.472778141
v 0.145904541 0.671432495 0.056774106
vt 0.575195312 0.595703125
vn 0.921688616 -0.157553539 0.354495496
v 0.147308350 0.692443848 0.055824246
vt 0.579101562 0.607421875
vn 0.958640993 0.031430900 0.282877505
vt 0.602294922 0.604492188
v 0.134399414 0.661941528 0.075370759
vt 0.561767578 0.594238281
vn 0.774346948 -0.173832908 0.608415246
v 0.138854980 0.703735352 0.070060700
vt 0.570800781 0.616210938
vn 0.859414220 0.149806201 0.488840967
v 0.154953003 0.713195801 0.020450555
vt 0.599853516 0.617187500
vn 0.970673025 0.094699860 0.220966071
vt 0.610839844 0.613037109
v 0.151794434 0.724060059 0.025234185
vt 0.597900391 0.624267578
vn 0.906580389 0.228615969 0.354748726
v 0.150588974 0.741714478 0.018035850
vt 0.604003906 0.632812500
vn 0.931795180 0.252690256 0.260586679
v 0.153594956 0.743423462 -0.000276541
vt 0.612792969 0.633544922
vn 0.946261644 0.323306084 -0.007885652
v 0.152038559 0.740798950 -0.029947320
vt 0.628173828 0.629638672
vn 0.958996236 0.235818818 -0.157212645
vt 0.627197266 0.620361328
v 0.139984131 0.731887817 0.046756707
vt 0.584472656 0.631835938
vn 0.788477898 0.362699866 0.496740907
v 0.141525254 0.766204834 0.019109689
vt 0.603759766 0.647216797
vn 0.811199725 0.417413503 0.409537524
v 0.126419052 0.775695801 0.031558957
vt 0.593017578 0.657470703
vn 0.732965529 0.464999676 0.496524900
v 0.129455566 0.705139160 0.081054658
vt 0.562255859 0.620117188
vn 0.653340876 0.322734684 0.684827030
v 0.118606567 0.746810913 0.065582246
vt 0.570312500 0.644531250
vn 0.737873733 0.368936896 0.565179646
v 0.108085632 0.759704590 0.073799096
vt 0.565673828 0.653808594
vn 0.733147740 0.386282176 0.559714735
v 0.128036499 0.688903809 0.084869355
vt 0.558349609 0.611083984
vn 0.678914607 -0.007894292 0.734174907
v 0.118583687 0.662399292 0.090164155
vt 0.549560547 0.596923828
vn 0.615031958 -0.220780596 0.756962180
v 0.111495979 0.645584106 0.085525483
vt 0.546630859 0.586425781
vn 0.544914365 -0.418557316 0.726552308
v 0.105964668 0.667434692 0.100288361
vt 0.540527344 0.601074219
vn 0.526255667 -0.172800288 0.832583368
v 0.076324470 0.639114380 0.106826760
vt 0.522949219 0.584716797
vn 0.463576555 -0.424290270 0.777865529
v 0.107193001 0.691070557 0.099708527
vt 0.543701172 0.614501953
vn 0.549683690 0.070673659 0.832377970
v 0.090507515 0.704986572 0.108200043
vt 0.534179688 0.624267578
vn 0.534357548 0.243604183 0.809394240
v 0.073242195 0.691940308 0.119979836
vt 0.520507812 0.617431641
vn 0.394828618 0.071069174 0.916002035
v 0.113777161 0.726791382 0.082679719
vt 0.556640625 0.635742188
vn 0.590313435 0.322704673 0.739859343
v 0.074630745 0.719329834 0.113517739
vt 0.525390625 0.633544922
vn 0.567069948 -0.086635612 0.819100797
v 0.093490601 0.750183105 0.091743439
vt 0.550048828 0.650634766
vn 0.677753925 0.244306713 0.693515599
v 0.090446472 0.734085083 0.097541779
vt 0.541503906 0.640869141
vn 0.892618537 -0.086892009 0.442359477
v 0.089752197 0.760253906 0.093116723
vt 0.550048828 0.656982422
vn 0.808122873 0.439367801 0.392292470
v 0.092445374 0.779144287 0.076614343
vt 0.558837891 0.667480469
vn 0.710491955 0.481555700 0.513132930
v 0.083580017 0.794738770 0.077163666
vt 0.553466797 0.678222656
vn 0.560551584 0.623712301 0.544761300
v 0.068847656 0.778594971 0.098541230
vt 0.540771484 0.676025391
vn 0.441492736 0.725309491 0.528214335
v 0.092788704 0.754974365 0.114395112
vt 0.538085938 0.654052734
vn 0.961942971 0.189234734 0.197119325
v 0.079681396 0.775054932 0.110214204
vt 0.538574219 0.665771484
vn 0.598573685 0.795472860 0.094511509
v 0.086891182 0.737274170 0.122604340
vt 0.530517578 0.646484375
vn 0.754970133 -0.251656592 0.605548739
v 0.080192573 0.767852783 0.124633759
vt 0.531494141 0.660400391
vn 0.542349637 0.369426608 0.754573345
v 0.062133797 0.774353027 0.123008698
vt 0.528320312 0.667480469
vn -0.023685262 0.907935619 0.418439865
v 0.044162754 0.771514893 0.116416901
vt 0.518798828 0.672607422
vn -0.031524338 0.614726186 0.788110435
v 0.054801941 0.790100098 0.101554841
vt 0.529785156 0.684326172
vn 0.267783046 0.685209394 0.677333295
v 0.057701118 0.761596680 0.135719270
vt 0.517089844 0.660888672
vn -0.266890377 0.376786590 0.887018383
v 0.064506538 0.745620728 0.137382478
vt 0.517578125 0.652587891
vn 0.133937314 -0.110301167 0.984832287
v 0.071441658 0.728897095 0.129478425
vt 0.520751953 0.643554688
vn 0.220520422 -0.606430769 0.763945341
v 0.046176918 0.724914551 0.124427773
vt 0.504638672 0.641113281
vn 0.157499984 -0.078749873 0.984374106
v 0.036926277 0.738296509 0.125221223
vt 0.500732422 0.649902344
vn -0.205208316 0.007892666 0.978686512
v 0.035663608 0.755065918 0.121963479
vt 0.504394531 0.659912109
vn -0.267616898 0.283359200 0.920917451
v 0.021028526 0.709915161 0.130104035
vt 0.487548828 0.635742188
vn 0.739424467 -0.078662105 0.668628275
v 0.019443519 0.723754883 0.128501862
vt 0.487304688 0.645263672
vn 0.560848832 0.505553842 0.655640066
v 0.021972662 0.757690430 0.121559121
vt 0.499267578 0.661132812
vn 0.015687481 0.196092054 0.980460048
v 0.035484321 0.684555054 0.130790681
vt 0.497070312 0.617919922
vn 0.204902470 0.055166066 0.977226615
v 0.021211635 0.721817017 0.160835236
vt 0.474365234 0.648925781
vn 0.984740555 0.173314393 0.015755713
v 0.068367012 0.674102783 0.121726967
vt 0.513671875 0.606689453
vn 0.291836739 0.063099869 0.954384565
v 0.018575683 0.706802368 0.186714143
vt 0.463378906 0.649414062
vn 0.911044776 -0.392691642 0.125661239
v 0.013787278 0.697982788 0.132331818
vt 0.483886719 0.628662109
vn 0.587751985 -0.572078526 0.572078466
v 0.003345262 0.670089722 0.135902405
vt 0.478515625 0.610839844
vn 0.062772743 0.054926086 0.996515274
v 0.015741359 0.660568237 0.134696960
vt 0.485107422 0.604492188
vn 0.156893030 -0.117669627 0.980580688
v -0.015009870 0.664184570 0.135398865
vt 0.470458984 0.604003906
vn -0.165349081 -0.062990144 0.984221578
v -0.009335507 0.644699097 0.131340027
vt 0.471923828 0.592529297
vn -0.015787108 0.102617063 0.994595706
v 0.000947604 0.693954468 0.133674592
vt 0.477539062 0.625000000
vn 0.109974101 -0.950489759 0.290645659
v -0.011445990 0.696868896 0.133583039
vt 0.471435547 0.623291016
vn -0.401114881 -0.361790001 0.841555059
v -0.008311734 0.695266724 0.182243317
vt 0.456542969 0.643066406
vn -0.149601609 -0.984221458 0.094485328
v 0.009449975 0.698364258 0.187690705
vt 0.461669922 0.645751953
vn 0.354045540 -0.920518279 0.165221214
v -0.006982786 0.701873779 0.202568024
vt 0.448242188 0.652099609
vn -0.086251214 -0.878195107 0.470461696
v 0.036861431 0.651916504 0.128822327
vt 0.495361328 0.596923828
vn 0.062906504 0.172992602 0.982912242
v 0.010293019 0.639831543 0.136161804
vt 0.482421875 0.588134766
vn 0.015728664 0.133692622 0.990898013
v -0.008652675 0.637649536 0.136405945
vt 0.472656250 0.586914062
vn -0.078603685 -0.298694521 0.951106310
v 0.006969948 0.710815430 0.214836091
vt 0.450927734 0.657714844
vn 0.496278524 -0.701091766 0.512033284
v -0.002129057 0.723266602 0.233055085
vt 0.443847656 0.666015625
vn -0.251462191 -0.715095937 0.652230501
v -0.016719801 0.702743530 0.194297761
vt 0.441162109 0.646972656
vn -0.733991981 -0.528789997 0.426189035
v 0.015213031 0.718902588 0.208015412
vt 0.454833984 0.658691406
vn 0.944384396 -0.118047982 0.306924790
v -0.005499818 0.737640381 0.242744416
vt 0.438720703 0.678710938
vn -0.894179463 -0.023531059 0.447089881
v 0.004404566 0.736373901 0.241798371
vt 0.445312500 0.671386719
vn 0.893739820 0.039199170 0.446869761
v 0.019325271 0.724929810 0.182228059
vt 0.463867188 0.656250000
vn 0.909296930 0.403253436 0.102789946
v 0.002294322 0.739578247 0.229698151
vt 0.449462891 0.671386719
vn 0.456508934 0.889405429 0.023612434
v -0.004952888 0.738922119 0.230293244
vt 0.444580078 0.679687500
vn -0.408942103 0.912255406 -0.023592798
v -0.011840803 0.732772827 0.210105866
vt 0.444580078 0.686523438
vn -0.852324784 0.520865083 0.047351468
v 0.013146412 0.733139038 0.164573640
vt 0.471191406 0.655761719
vn 0.597315192 0.801659942 -0.023578348
v 0.000657569 0.737701416 0.160774201
vt 0.473632812 0.660156250
vn -0.039280128 0.997713923 -0.054992147
v -0.012367240 0.731246948 0.140495270
vt 0.476318359 0.669921875
vn -0.636907458 0.770579338 -0.023589114
v 0.005716807 0.733642578 0.126747102
vt 0.486083984 0.654541016
vn 0.259264499 0.895640969 0.361398935
v -0.009572023 0.732330322 0.125846833
vt 0.484375000 0.661621094
vn -0.118018717 0.409131914 0.904810905
v 0.005455021 0.774383545 0.118858315
vt 0.498046875 0.672119141
vn -0.047330640 0.418088257 0.907172561
v 0.018922810 0.774902344 0.119110085
vt 0.504882812 0.672119141
vn 0.102413103 0.488431334 0.866571665
v 0.024127960 0.794708252 0.102714516
vt 0.512939453 0.685058594
vn 0.118271738 0.725399613 0.678090870
v -0.001335562 0.804901123 0.093193032
vt 0.506347656 0.693603516
vn -0.055027731 0.762527823 0.644611061
v 0.076835640 0.661590576 0.115371682
vt 0.520751953 0.598144531
vn 0.534357548 -0.290753245 0.793677866
v 0.056842815 0.647918701 0.120986916
vt 0.509033203 0.589111328
vn 0.448902518 -0.511906207 0.732419670
v 0.072181709 0.669097900 0.126960725
vt 0.513916016 0.601074219
vn 0.535632491 -0.259939194 0.803448498
v 0.044181835 0.648773193 0.132865906
vt 0.499267578 0.593505859
vn 0.212433979 -0.055075392 0.975622118
v 0.042327892 0.642898560 0.123962380
vt 0.500976562 0.586425781
vn 0.361354470 -0.722708702 0.589164734
v 0.041259777 0.644866943 0.134010315
vt 0.497558594 0.591796875
vn 0.259995848 -0.354539603 0.898167014
v 0.017393123 0.633422852 0.130790710
vt 0.487060547 0.583007812
vn 0.243514016 -0.856226325 0.455606639
v 0.123573273 0.791625977 -0.138862640
vt 0.541015625 0.048828125
vn 0.762904942 0.385385007 -0.519090116
vt 0.512695312 0.040527344
v 0.101951569 0.802886963 -0.145103484
vt 0.530273438 0.026367188
vn 0.157499745 0.858374238 -0.488249630
vt 0.512451172 0.053466797
vt 0.500976562 0.018798828
vt 0.526855469 0.008056641
v 0.102981538 0.817352295 -0.105590858
vt 0.569335938 0.013427734
vn 0.630057931 0.464667827 -0.622182369
vt 0.530273438 0.072265625
v 0.110481232 0.812225342 -0.120628394
vt 0.558105469 0.025390625
vn 0.368426293 0.846596837 -0.384104192
v 0.108619660 0.816497803 -0.098213233
vt 0.579345703 0.018310547
vn 0.636749923 0.707499981 -0.306583434
vt 0.555175781 0.069580078
v 0.125076264 0.815551758 -0.097152747
vt 0.583984375 0.035156250
vn 0.260035962 0.866786838 -0.425513625
v 0.109970070 0.827056885 -0.070480384
vt 0.602294922 0.009033203
vn 0.709189177 0.622510612 -0.330955088
v 0.136230439 0.806335449 -0.103836097
vt 0.579833984 0.052734375
vn 0.891395569 0.236653745 -0.386534512
v 0.139617890 0.817108154 -0.082420386
vt 0.596191406 0.041015625
vn 0.620797515 0.691521406 -0.369335383
v 0.137954682 0.786285400 -0.091110267
vt 0.582519531 0.075195312
vn 0.950871348 -0.282903820 -0.125735149
v 0.142730683 0.806976318 -0.078605697
vt 0.595947266 0.067382812
vn 0.992464483 -0.086643688 -0.086643845
vt 0.556152344 0.090332031
vt 0.591308594 0.091064453
vt 0.770507812 0.807128906
vt 0.785644531 0.823486328
vt 0.771728516 0.818115234
v 0.142730698 0.823638916 -0.058258098
vt 0.751708984 0.816162109
vn 0.973455250 0.211962089 0.086354770
v 0.142440781 0.806549072 -0.052719157
vt 0.747070312 0.801269531
vn 0.984923959 -0.086673260 0.149708301
v 0.136245713 0.808441162 -0.034217875
vt 0.730712891 0.799560547
vn 0.974085748 0.078555353 0.212099195
v 0.137908921 0.829986572 -0.053192180
vt 0.748291016 0.820800781
vn 0.837846518 0.545390666 0.023712503
v 0.138259873 0.788757324 -0.048549689
vt 0.741210938 0.785156250
vn 0.940278232 -0.316059887 0.126423866
v 0.130035385 0.839752197 -0.027286569
vt 0.730468750 0.821044922
vn 0.834335327 0.543105125 0.094452925
vt 0.777099609 0.794433594
v 0.134841904 0.807189941 -0.010323563
vt 0.709716797 0.797851562
vn 0.929018795 0.000000057 0.370032758
vt 0.765869141 0.780273438
v 0.133453354 0.799468994 -0.020244636
vt 0.717285156 0.790527344
vn 0.845328450 -0.418714046 0.331811041
v 0.115989670 0.799285889 0.004275763
vt 0.689208984 0.789550781
vn 0.832686305 0.290654689 0.471331716
vt 0.754882812 0.773925781
vt 0.778320312 0.780029297
v 0.130172715 0.787536621 -0.029823340
vt 0.723876953 0.779052734
vn 0.923323095 0.378799260 0.063133068
v 0.142700180 0.764465332 -0.034065284
vt 0.734375000 0.754882812
vn 0.918615282 0.369016469 -0.141325563
vt 0.770507812 0.757080078
vt 0.780273438 0.737548828
vt 0.737060547 0.727294922
vt 0.747070312 0.708251953
vt 0.711914062 0.727294922
v 0.143020615 0.769317627 0.003044090
vt 0.700195312 0.752441406
vn 0.872071505 0.487103045 0.047138862
vt 0.694580078 0.723632812
vt 0.685058594 0.750488281
v 0.129577622 0.782501221 0.017017327
vt 0.683837891 0.768066406
vn 0.709101260 0.669706762 0.220609143
vt 0.670410156 0.762695312
v 0.103569023 0.789245605 0.048770871
vt 0.649658203 0.779052734
vn 0.638567805 0.670102000 0.378410459
v 0.104804985 0.802032471 0.018968549
vt 0.672851562 0.795166016
vn 0.708859265 0.346553445 0.614344537
vt 0.621337891 0.774658203
vt 0.629150391 0.759033203
vt 0.616699219 0.784179688
v 0.084991448 0.798553467 0.058422055
vt 0.632324219 0.788818359
vn 0.510845959 0.793776095 0.330084980
v 0.081039421 0.809631348 0.039493527
vt 0.644775391 0.802978516
vn 0.629316866 0.409055978 0.660782576
v 0.065467827 0.808319092 0.065879792
vt 0.617431641 0.797607422
vn 0.377660215 0.841867566 0.385528028
v 0.050926201 0.816223145 0.055221528
vt 0.616943359 0.810546875
vn 0.330708712 0.614173293 0.716535389
v 0.035686456 0.842254639 -0.159202605
vt 0.050781250 0.944091797
vn 0.266832799 0.266832888 -0.926067293
vt 0.011962891 0.886230469
v 0.031139337 0.810607910 -0.170921355
vt 0.051025391 0.901367188
vn 0.322146177 0.306431830 -0.895723939
v 0.008918726 0.823760986 -0.167564422
vt 0.072753906 0.917968750
vn -0.063117608 0.197242066 -0.978320897
v 0.070548981 0.837036133 -0.142417938
vt 0.014404297 0.933837891
vn 0.748008251 0.055116404 -0.661396921
v 0.049770322 0.840393066 -0.152778655
vt 0.031250000 0.938720703
vn 0.511557281 -0.125921816 -0.849972367
v 0.031730615 0.822235107 -0.174095184
vt 0.082519531 0.937500000
vn 0.615031898 -0.788502336 -0.000000046
v 0.021194423 0.835449219 -0.162239105
vt 0.066162109 0.950927734
vn -0.086344279 0.981184721 0.172688484
v 0.032707177 0.847381592 -0.163902313
vt 0.083496094 0.958251953
vn 0.542232454 0.110018216 0.832994580
v 0.038879357 0.843170166 -0.171958953
vt 0.093750000 0.957763672
vn 0.268458098 0.173708245 -0.947499692
v 0.020662270 0.852386475 -0.171379119
vt 0.093505859 0.969238281
vn 0.448360384 -0.377566725 -0.810195267
v 0.007247411 0.827636719 -0.176063567
vt 0.103759766 0.940429688
vn 0.651827931 -0.400520802 -0.643974721
v 0.038352929 0.847259521 -0.158302337
vt 0.043701172 0.946044922
vn 0.007867556 -0.180956617 -0.983459711
v 0.022865260 0.860717773 -0.153984100
vt 0.041015625 0.957763672
vn -0.165451854 -0.685443223 -0.709079146
v 0.044853173 0.872192383 -0.152000457
vt 0.021728516 0.968017578
vn -0.070932232 0.890592396 -0.449236900
v 0.050094571 0.864074707 -0.141349822
vt 0.012695312 0.964843750
vn 0.709828556 0.394349247 -0.583637059
vt 0.819335938 0.343994141
vt 0.826171875 0.303222656
vt 0.831542969 0.312255859
vt 0.839355469 0.294433594
v -0.005288160 0.807922363 -0.170295745
vt 0.837158203 0.280517578
vn -0.102375038 0.393749595 -0.913499177
vt 0.824218750 0.270996094
v -0.033561744 0.811737061 -0.169242889
vt 0.830078125 0.259765625
vn -0.496988416 -0.000000060 -0.867757261
v -0.012099302 0.820892334 -0.167076141
vt 0.845458984 0.278076172
vn 0.786938310 -0.613811791 0.062954985
vt 0.843017578 0.301025391
v -0.013414419 0.840393066 -0.163597137
vt 0.853027344 0.285400391
vn 0.251656532 0.463991940 -0.849341333
v 0.000120484 0.837890625 -0.170234710
vt 0.862792969 0.280029297
vn -0.142244592 -0.063219845 0.987810671
vt 0.867919922 0.275390625
vt 0.874755859 0.277343750
vt 0.886962891 0.277832031
v -0.011779822 0.806762695 -0.180305511
vt 0.850585938 0.268066406
vn 0.339573711 -0.939750314 0.039485306
v -0.000056127 0.825531006 -0.190406829
vt 0.869628906 0.264160156
vn 0.282982349 -0.015721278 -0.958996236
v -0.000935594 0.847198486 -0.184379607
vt 0.884521484 0.270019531
vn 0.528971076 0.592131913 -0.607922196
v -0.048381843 0.810546875 -0.180061370
vt 0.838623047 0.254150391
vn -0.489160419 -0.867865324 -0.086786434
v -0.020330468 0.814239502 -0.190788299
vt 0.855224609 0.259765625
vn -0.188463077 -0.031410545 -0.981577873
v -0.026378671 0.858093262 -0.180900604
vt 0.853271484 0.221679688
vn -0.173854798 0.379319221 -0.908785701
v -0.041152988 0.826843262 -0.159980804
vt 0.825195312 0.248291016
vn -0.809769630 0.180822268 -0.558190525
v -0.059188880 0.827362061 -0.176704407
vt 0.837402344 0.242675781
vn -0.606205404 0.015745530 -0.795152247
v -0.056495704 0.848388672 -0.172935516
vt 0.838378906 0.231445312
vn -0.731807292 0.550822556 -0.401313573
v -0.039291419 0.860382080 -0.167961150
vt 0.837890625 0.222412109
vn -0.252023190 0.811199784 0.527673602
v -0.051593818 0.838104248 -0.162269622
vt 0.830322266 0.235351562
vn -0.583111107 0.118198238 0.803747952
v -0.037506141 0.846221924 -0.160942107
vt 0.822509766 0.232666016
vn -0.537553549 0.529648423 0.656131685
v -0.022640266 0.847656250 -0.162086517
vt 0.819091797 0.228027344
vn 0.354495585 0.921688557 0.157553509
v -0.031263389 0.852966309 -0.152259856
vt 0.817382812 0.228271484
vn -0.599915028 0.410467982 -0.686744571
vt 0.143798828 0.777832031
vt 0.111572266 0.805419922
vt 0.104248047 0.791992188
vt 0.147705078 0.834716797
v 0.074295014 0.840362549 -0.135520965
vt 0.152099609 0.784179688
vn 0.809394240 -0.125731155 -0.573648572
v 0.103836030 0.840515137 -0.102691688
vt 0.170898438 0.824218750
vn 0.852192044 0.205157369 -0.481330842
vt 0.151611328 0.842529297
vt 0.159667969 0.861328125
v 0.093620270 0.841705322 -0.131217986
vt 0.166503906 0.778320312
vn 0.560656488 -0.679104924 0.473794103
v 0.088195771 0.849822998 -0.119514503
vt 0.172119141 0.797363281
vn 0.889212608 0.346242130 -0.299027413
v 0.094459504 0.859832764 -0.088363685
vt 0.193603516 0.820800781
vn 0.454821408 0.682232320 -0.572447956
v 0.105606049 0.845062256 -0.096321143
vt 0.176025391 0.828857422
vn 0.212776572 -0.732897222 -0.646210372
v 0.084259003 0.863525391 -0.105072051
vt 0.197509766 0.799072266
vn 0.891478837 0.370792150 -0.260343552
v 0.081787072 0.830871582 -0.150886565
vt 0.145507812 0.759277344
vn 0.251781255 -0.967784166 0.000000009
vt 0.125000000 0.766357422
v 0.055614434 0.833374023 -0.159721404
vt 0.121826172 0.758056641
vn -0.370792061 -0.923035681 0.102559604
v 0.094284020 0.845245361 -0.149223357
vt 0.161621094 0.761230469
vn 0.724050343 0.196752846 -0.661089659
v 0.100273103 0.857391357 -0.133140594
vt 0.182861328 0.769531250
vn 0.710957348 -0.679359138 -0.181689158
v 0.082717866 0.860748291 -0.123802215
vt 0.183837891 0.788330078
vn 0.818466544 -0.228226170 0.527281165
v 0.085502595 0.868347168 -0.107788123
vt 0.202148438 0.794677734
vn 0.518289208 -0.612523496 0.596817732
v 0.084747285 0.880554199 -0.084571876
vt 0.224853516 0.805419922
vn 0.812789202 0.086802758 -0.576054692
v 0.081100434 0.883728027 -0.103302032
vt 0.222900391 0.788085938
vn 0.740800798 0.622587979 0.252187371
v 0.103698701 0.863708496 -0.117805518
vt 0.197265625 0.776123047
vn 0.853042424 -0.402825505 0.331738561
v 0.101081811 0.869934082 -0.145942718
vt 0.196777344 0.755371094
vn 0.809794366 0.495311201 -0.314483434
v 0.100341767 0.879425049 -0.106674232
vt 0.212890625 0.780029297
vn 0.675554752 0.714831233 0.180671498
v 0.069251984 0.891998291 -0.115257293
vt 0.238769531 0.781738281
vn 0.707150400 0.683578789 -0.180716336
v 0.071464509 0.896850586 -0.093101531
vt 0.237792969 0.795654297
vn 0.866921425 0.472866297 -0.157622218
v 0.074256860 0.893585205 -0.138725311
vt 0.241699219 0.750488281
vn 0.600814044 0.790544748 0.118581600
v 0.074607812 0.893707275 -0.152748138
vt 0.236328125 0.738281250
vn 0.567774534 -0.070971847 -0.820118964
v 0.067619294 0.887847900 -0.121894866
vt 0.246582031 0.776611328
vn 0.330350280 0.755086660 -0.566315114
v 0.049343076 0.904113770 -0.134132415
vt 0.271240234 0.779785156
vn 0.699984908 0.306735009 -0.644930124
v 0.064948998 0.889831543 -0.143379241
vt 0.252441406 0.749511719
vn -0.726054370 -0.678703070 0.110486679
v 0.072761498 0.840789795 -0.167976409
vt 0.833496094 0.156250000
vn 0.513837934 0.245061219 -0.822140872
vt 0.813476562 0.162597656
v 0.065757714 0.833221436 -0.169548064
vt 0.833007812 0.146972656
vn 0.054973397 -0.769628227 -0.636121273
vt 0.827880859 0.135009766
vt 0.822021484 0.183837891
v 0.040283166 0.843475342 -0.171943694
vt 0.854003906 0.131591797
vn -0.549074471 -0.729484737 -0.407883823
v 0.039039575 0.847320557 -0.157997161
vt 0.843994141 0.123535156
vn -0.763590157 -0.645509303 -0.015743999
vt 0.827880859 0.125244141
vt 0.827636719 0.105712891
v 0.048213921 0.847442627 -0.174308807
vt 0.854736328 0.141845703
vn 0.031567447 0.363027215 -0.931243718
vt 0.868164062 0.128906250
v 0.033176385 0.847839355 -0.163566619
vt 0.872558594 0.135498047
vn -0.645849586 -0.283543736 -0.708859205
v 0.029260598 0.856689453 -0.160682708
vt 0.878173828 0.127929688
vn -0.039334688 -0.999102235 0.015733942
v 0.035358392 0.862060547 -0.161445647
vt 0.877441406 0.149902344
vn 0.235927999 0.393213511 -0.888662636
v 0.059310876 0.875762939 -0.154228240
vt 0.865966797 0.177734375
vn 0.275932819 0.630703807 -0.725309491
vt 0.879638672 0.167724609
v 0.065986596 0.878417969 -0.134147674
vt 0.873046875 0.192871094
vn -0.251937389 0.747938752 -0.614097118
v 0.064285249 0.872802734 -0.130180389
vt 0.880126953 0.192871094
v 0.073394738 0.872680664 -0.146797210
vt 0.858642578 0.195556641
vn 0.220663965 0.267949224 -0.937822342
vt 0.823242188 0.202880859
v 0.083351098 0.872650146 -0.153831512
vt 0.849609375 0.206054688
vn -0.150016189 -0.442152739 -0.884305418
vt 0.836425781 0.216796875
vt 0.868164062 0.209228516
vt 0.862060547 0.216064453
v 0.055290185 0.892791748 -0.165489227
vt 0.870605469 0.227783203
vn 0.386968017 0.260611176 -0.884498596
v 0.051139794 0.892791748 -0.152610809
vt 0.877441406 0.218994141
vn 0.306394130 -0.714919388 0.628500521
v 0.115745515 0.845855713 -0.099868812
vt 0.807861328 0.792968750
vn 0.511398971 -0.653017223 -0.558605134
v 0.115776040 0.841979980 -0.078254737
vt 0.811279297 0.812011719
vn 0.394447446 -0.883562148 0.252446294
vt 0.798339844 0.806396484
v 0.122535676 0.851013184 -0.087631263
vt 0.823486328 0.800292969
vn 0.966677666 0.243634254 -0.078591816
v 0.107070900 0.849456787 -0.065368690
vt 0.809082031 0.835449219
vn 0.956051409 -0.071111195 0.284444898
v 0.113792397 0.858337402 -0.064239539
vt 0.826171875 0.821533203
vn 0.876956820 0.221214369 0.426627487
v 0.108467072 0.871185303 -0.084007300
vt 0.841552734 0.805664062
vn 0.858773649 0.512112796 -0.015757449
v 0.107192963 0.872406006 -0.108284034
vt 0.850341797 0.786621094
vn 0.653340757 0.669083953 -0.354221046
v 0.095962495 0.879211426 -0.095161475
vt 0.854492188 0.795654297
vn -0.434473962 -0.236985803 -0.868947685
v 0.112747163 0.879882812 -0.084259070
vt 0.852294922 0.805908203
vn 0.967036068 -0.039310381 -0.251586735
v 0.106422402 0.868469238 -0.063690223
vt 0.839355469 0.823730469
vn 0.549615979 -0.502505898 0.667390585
vt 0.789550781 0.832275391
vt 0.794189453 0.799560547
v 0.110984780 0.836547852 -0.051231422
vt 0.794433594 0.855712891
vn 0.558743358 0.826310813 -0.070826739
v 0.110885598 0.880523682 -0.053470649
vt 0.855468750 0.822998047
vn 0.929681659 0.244238466 0.275752902
v 0.103462189 0.892181396 -0.093658485
vt 0.864501953 0.797607422
vn 0.754340410 0.644332528 -0.125723541
v 0.100448586 0.888519287 -0.041603129
vt 0.867431641 0.827636719
vn 0.676431835 0.692162871 0.251695454
v 0.095451333 0.880065918 -0.043144260
vt 0.858642578 0.833251953
vn -0.331325382 -0.638984859 0.694205940
v 0.099044777 0.861846924 -0.057174720
vt 0.816162109 0.853027344
vn 0.790742397 0.537704885 0.292574584
v 0.094238259 0.870300293 -0.066154517
vt 0.855712891 0.847656250
vn 0.770793915 0.000000062 0.637084603
v 0.075912453 0.889587402 -0.057228126
vt 0.881835938 0.859619141
vn 0.189234763 0.551934540 0.812132120
v 0.079986550 0.875457764 -0.028785741
vt 0.829345703 0.874511719
vn 0.887428582 0.455494344 0.070680007
v 0.094490021 0.859649658 -0.087806739
vt 0.839355469 0.840332031
vn -0.031582277 0.718498230 0.694811404
v 0.078399643 0.860626221 -0.002961908
vt 0.825195312 0.901611328
vn 0.879033208 0.164818764 0.447364956
v 0.088050827 0.850372314 -0.010601077
vt 0.817871094 0.896484375
vn 0.575642586 0.812207937 0.094626062
v 0.109733567 0.849243164 -0.016988792
vt 0.799316406 0.888671875
vn 0.109909534 0.965634465 -0.235520661
v 0.126831040 0.835388184 -0.058845557
vt 0.778320312 0.849609375
vn 0.197537348 0.916573703 -0.347665966
vt 0.775390625 0.884033203
vt 0.756347656 0.827148438
vt 0.767333984 0.855712891
vt 0.748779297 0.842285156
vt 0.757812500 0.857666016
vt 0.095703125 0.993896484
v 0.106765717 0.862365723 -0.110450782
vt 0.081542969 0.978027344
vn 0.117869198 -0.227880716 -0.966528416
vt 0.100830078 0.984863281
vt 0.109619141 0.973876953
v 0.095451325 0.869018555 -0.100082435
vt 0.070800781 0.989990234
vn -0.831276774 -0.156844720 -0.533271670
vt 0.071777344 0.975830078
vt 0.060058594 0.989257812
vt 0.520019531 0.970703125
vt 0.519775391 0.992675781
vt 0.510498047 0.978759766
vt 0.515625000 0.962158203
v 0.094070412 0.870483398 -0.067703284
vt 0.492675781 0.970458984
vn -0.685336947 -0.196935937 -0.701091647
vt 0.493652344 0.988525391
vt 0.871582031 0.527587891
vt 0.858398438 0.526855469
vt 0.863037109 0.509033203
v 0.088333100 0.888946533 -0.103988685
vt 0.836181641 0.524169922
vn -0.506186068 -0.166092306 -0.846279562
v 0.089759797 0.902984619 -0.094795264
vt 0.840087891 0.504394531
vn 0.078552768 0.856226325 -0.510593712
v 0.071853608 0.902526855 -0.081031829
vt 0.819335938 0.496826172
vn 0.329983115 0.942809105 -0.047140539
v 0.083999604 0.909118652 -0.070869476
vt 0.840576172 0.479003906
vn 0.639602065 0.426401496 -0.639602244
vt 0.874511719 0.443603516
v 0.081871010 0.904174805 -0.046916999
vt 0.848876953 0.437255859
vt 0.875976562 0.430664062
vt 0.849853516 0.417724609
v 0.076644875 0.907043457 -0.057685889
vt 0.842041016 0.428955078
vn -0.860618651 -0.505317450 0.063164808
v 0.089843728 0.911071777 -0.041904487
vt 0.832519531 0.445312500
vn 0.464840949 -0.433326155 0.772108495
vt 0.826171875 0.399658203
vt 0.819824219 0.420166016
vt 0.854248047 0.968994141
vt 0.836181641 0.982177734
vt 0.834228516 0.952148438
vt 0.960449219 0.586425781
vt 0.984375000 0.601806641
vt 0.964355469 0.611816406
v 0.018329583 0.851318359 -0.163826019
vt 0.977050781 0.570556641
vn -0.164920211 -0.337694019 0.926695287
vt 0.955078125 0.574707031
vt 0.969726562 0.565429688
vt 0.979003906 0.557617188
v 0.000837884 0.852020264 -0.171302825
vt 0.995849609 0.588623047
vn -0.644611120 -0.762527823 -0.055027664
v 0.003306589 0.843933105 -0.175254852
vt 0.995361328 0.601318359
vn 0.488871336 0.567721665 -0.662342012
v 0.004723990 0.861022949 -0.155067474
vt 1.000000000 0.566650391
vn -0.376612663 0.031384323 -0.925839067
vt 0.983398438 0.557617188
vt 0.918457031 0.264160156
vt 0.941406250 0.280517578
vt 0.927001953 0.279785156
vt 0.965332031 0.268066406
vt 0.950439453 0.313476562
v -0.017663993 0.857543945 -0.168724090
vt 0.933837891 0.310058594
vn 0.409550458 0.819100857 0.401674360
vt 0.940185547 0.334228516
vt 0.918945312 0.316894531
vt 0.915039062 0.303222656
vt 0.918701172 0.282958984
vt 0.956054688 0.225097656
vt 0.954589844 0.203857422
vt 0.993896484 0.207763672
vt 0.976074219 0.189697266
vt 0.950195312 0.194824219
v 0.006285150 0.863220215 -0.189460784
vt 0.956787109 0.169921875
vn -0.110018291 0.542232275 -0.832994640
v 0.025554618 0.865844727 -0.180732757
vt 0.978759766 0.168457031
vn 0.693407893 -0.070916720 -0.717047036
vt 0.293212891 0.019775391
vt 0.236083984 0.026123047
vt 0.246826172 0.012695312
vt 0.279785156 0.051025391
vt 0.258300781 0.059570312
v -0.014708555 0.859832764 -0.156425506
vt 0.300537109 0.045898438
vn 0.023589754 0.330258459 -0.943595767
vt 0.302001953 0.016601562
v -0.021036185 0.863098145 -0.159828216
vt 0.306884766 0.043945312
vn 0.614726007 0.031524409 -0.788110495
v -0.024543798 0.869476318 -0.147926360
vt 0.312011719 0.061279297
vn -0.520395458 0.410008401 -0.749053895
vt 0.322753906 0.011718750
v -0.020870246 0.880920410 -0.151924163
vt 0.334228516 0.066650391
vn 0.871614337 0.282685757 0.400471300
vt 0.327880859 0.019042969
v -0.017690698 0.867614746 -0.171791106
vt 0.330566406 0.050781250
vn 0.676557362 -0.479883760 -0.558553278
v -0.031505622 0.864685059 -0.158943206
vt 0.318359375 0.038818359
vn -0.329525739 -0.941502333 0.070612758
v 0.022289235 0.875091553 -0.181358367
vt 0.478759766 0.798828125
vn -0.220315441 -0.928472221 -0.298999459
v 0.043476064 0.880462646 -0.184089690
vt 0.453125000 0.802734375
vn 0.418348551 0.031573460 -0.907737672
v 0.053001367 0.877716064 -0.167533904
vt 0.461914062 0.774169922
vn 0.315077960 -0.897971988 0.307200938
v 0.023046454 0.879425049 -0.165626556
vt 0.507080078 0.794921875
vn -0.496109098 -0.677228391 0.543357730
v 0.017473180 0.891296387 -0.183357269
vt 0.479980469 0.812011719
vn -0.274562716 0.635416269 -0.721707344
vt 0.447265625 0.845703125
v 0.020204505 0.903137207 -0.157524139
vt 0.491699219 0.831542969
vn -0.912509263 -0.000000022 0.409056038
v 0.034316979 0.898956299 -0.144920379
vt 0.503906250 0.845703125
vn -0.015715068 -0.062859803 -0.997898698
v 0.034706078 0.903900146 -0.143928558
vt 0.495361328 0.847412109
vn 0.235869661 0.778370202 -0.581812203
v 0.025806388 0.907287598 -0.159507781
vt 0.485107422 0.840332031
vn 0.118080862 0.897415280 -0.425091505
v 0.041583978 0.905761719 -0.149024993
vt 0.483642578 0.863281250
vn -0.974958420 0.031450242 0.220152035
v 0.043174706 0.895385742 -0.144981414
vt 0.496093750 0.862792969
vn 0.804047525 -0.591211319 0.063062467
vt 0.504150391 0.872802734
vt 0.511230469 0.886474609
v 0.042530023 0.912780762 -0.140144378
vt 0.483642578 0.877197266
vn -0.749660134 0.418231338 -0.512925148
v 0.054462399 0.908874512 -0.127677947
vt 0.494873047 0.893066406
vn -0.376415491 -0.635201335 0.674411356
v 0.040782891 0.914672852 -0.151359588
vt 0.475341797 0.871582031
vn -0.150044218 0.987132728 -0.055279456
v 0.067832910 0.909423828 -0.155128509
vt 0.434814453 0.894287109
vn 0.282615900 0.839997590 -0.463176280
v 0.046413381 0.911590576 -0.172142059
vt 0.456542969 0.864990234
vn -0.157695696 0.425778002 -0.890979946
v 0.075653039 0.899505615 -0.159339935
vt 0.429931641 0.873779297
vn 0.737328589 -0.149034515 -0.658889532
vt 0.952880859 0.981689453
vt 0.938232422 0.981445312
vt 0.945556641 0.977539062
vt 0.944335938 0.961914062
vt 0.963867188 0.961181641
v 0.030252419 0.876342773 -0.164405853
vt 0.968017578 0.981689453
vn 0.314804494 0.912933171 -0.259713799
vt 0.983398438 0.946533203
v 0.006545031 0.880218506 -0.151618987
vt 0.995117188 0.990722656
vn -0.109774493 0.862513065 -0.493984759
v 0.025434459 0.869689941 -0.150779754
vt 0.972167969 0.998291016
vn 0.228310928 0.488113284 -0.842389166
v 0.038017236 0.866455078 -0.150230438
vt 0.957519531 0.996337891
vn 0.463805467 0.393055588 -0.793972313
vt 0.952148438 0.999755859
vt 0.807128906 0.964111328
vt 0.781005859 0.967773438
vt 0.784667969 0.959228516
v 0.051074948 0.880767822 -0.136131316
vt 0.800781250 0.948242188
vn 0.456579566 -0.015744146 -0.889543235
vt 0.773193359 0.952880859
vt 0.757324219 0.963134766
vt 0.812744141 0.961425781
vt 0.809570312 0.924804688
vt 0.828125000 0.952392578
vt 0.829833984 0.964355469
vt 0.825195312 0.974121094
vt 0.986816406 0.038818359
vt 0.996337891 0.043701172
vt 0.998779297 0.057617188
vt 0.999755859 0.030761719
vt 0.448486328 0.023193359
vt 0.446777344 0.033203125
vt 0.427978516 0.022705078
vt 0.458251953 0.044189453
vt 0.478515625 0.061767578
vt 0.455810547 0.055175781
v 0.080390893 0.898498535 -0.128044158
vt 0.471191406 0.041503906
vn 0.353793800 -0.841242790 0.408828229
v 0.076415986 0.910095215 -0.118644744
vt 0.489990234 0.041259766
vn -0.244793594 -0.947588384 0.205310881
v 0.089775048 0.908355713 -0.135108978
vt 0.474121094 0.029785156
vn 0.856967032 0.479587108 -0.188690141
vt 0.458984375 0.006835938
v 0.072708093 0.917968750 -0.122139007
vt 0.496337891 0.031250000
v 0.066879235 0.926452637 -0.128791839
vt 0.492675781 0.016601562
vn 0.458630532 0.869816661 -0.181870863
vt 0.879150391 0.668212891
vt 0.888183594 0.677001953
vt 0.875488281 0.703857422
vt 0.887695312 0.657714844
vt 0.897460938 0.665527344
vt 0.892089844 0.681152344
v 0.032901727 0.916290283 -0.141700774
vt 0.900390625 0.653808594
vn 0.290762186 0.235753193 -0.927296042
v 0.023303948 0.910278320 -0.144004852
vt 0.887207031 0.643310547
vn 0.662712812 0.497034699 -0.560150266
v 0.007702790 0.917633057 -0.144081146
vt 0.889892578 0.625000000
vn -0.204699159 0.440890193 -0.873907387
v 0.030279122 0.949707031 -0.135643035
vt 0.931884766 0.631347656
vn 0.559037685 0.259834498 -0.787377357
vt 0.016357422 0.280761719
vt 0.048828125 0.263916016
v 0.056697808 0.927795410 -0.135536224
vt 0.027832031 0.287353516
vn -0.260028094 0.858880401 -0.441259652
vt 0.047851562 0.297607422
v 0.044368710 0.917236328 -0.131156951
vt 0.035644531 0.301757812
vn 0.495556265 0.534886181 -0.684339762
v 0.055187192 0.922271729 -0.122612029
vt 0.017822266 0.298095703
vn -0.600532532 0.252855837 0.758567572
vt 0.007324219 0.280761719
vt 0.023925781 0.312011719
vt 0.033691406 0.316406250
vt 0.004150391 0.320800781
v 0.085929833 0.928649902 -0.124015853
vt 0.974609375 0.737548828
vn 0.504249632 0.606675506 -0.614554465
v 0.104148835 0.913909912 -0.108268775
vt 0.991943359 0.758056641
vn 0.993111670 0.086700268 -0.078818522
v 0.094741791 0.909973145 -0.118141212
vt 0.978515625 0.757568359
vn 0.267782927 -0.685209394 -0.677333415
vt 0.959960938 0.744628906
vt 0.944335938 0.737304688
vt 0.961425781 0.753662109
v 0.090049714 0.907226562 -0.094940223
vt 0.969726562 0.778564453
vn 0.228708416 -0.875400841 0.425870687
v 0.073326074 0.932128906 -0.117942847
vt 0.712646484 0.965087891
vn -0.180956602 0.983459592 -0.007867696
vt 0.707519531 0.979492188
vt 0.697021484 0.964599609
v 0.057880368 0.923187256 -0.104881316
vt 0.707519531 0.942138672
vn -0.992864966 0.118198164 0.015759885
vt 0.687500000 0.961914062
v 0.069396943 0.912048340 -0.094558746
vt 0.688720703 0.935302734
vn -0.494532257 -0.816370785 0.298289448
vt 0.018066406 0.238281250
vt 0.035400391 0.248046875
vt 0.022705078 0.258789062
vt 0.003662109 0.259521484
v 0.075393647 0.891845703 -0.079994231
vt 0.031982422 0.221679688
vn -0.447903574 -0.196448937 -0.872232974
v 0.075256318 0.887939453 -0.091125518
vt 0.021484375 0.222167969
vn 0.781419277 0.623556912 -0.023679506
vt 0.010498047 0.226562500
vt 0.047119141 0.210937500
vt 0.025390625 0.209716797
v 0.061576813 0.918304443 -0.092407256
vt 0.029052734 0.181884766
vn 0.840412021 0.541947961 -0.000000134
vt 0.000244141 0.199951172
v 0.056674931 0.910766602 -0.054580722
vt 0.078613281 0.190185547
vn 0.590826035 0.724746585 0.354495496
v 0.064590432 0.896453857 -0.039291415
vt 0.094970703 0.203125000
vn 0.718834341 0.695136607 -0.007899404
v 0.045097329 0.906280518 -0.037204776
vt 0.104736328 0.193115234
vn 0.290645659 0.934779286 0.204237401
v 0.048675507 0.929748535 -0.077796973
vt 0.050537109 0.159179688
vn 0.574145019 0.699985027 0.424709886
v 0.028404213 0.911560059 -0.035522491
vt 0.100097656 0.158203125
vn 0.196819946 0.810898006 0.551095665
v 0.025413483 0.941436768 -0.077125579
vt 0.051025391 0.125244141
vn 0.173201576 0.810898006 0.558968484
v 0.035995454 0.937072754 -0.077507056
vt 0.049072266 0.139648438
vn -0.999380589 0.015738236 0.031476684
vt 0.924560547 0.831298828
vt 0.936035156 0.829101562
vt 0.936767578 0.858398438
v 0.095237702 0.925170898 -0.095695533
vt 0.952880859 0.841064453
vn 0.529532611 0.758733273 0.379366547
vt 0.976562500 0.816162109
vt 0.988769531 0.837158203
v 0.076690644 0.922393799 -0.084457427
vt 0.963378906 0.859863281
vn -0.149250388 0.620567739 0.769818127
vt 0.989013672 0.870605469
vt 0.958251953 0.875000000
vt 0.934326172 0.889892578
vt 0.172119141 0.958007812
vt 0.172851562 0.989746094
v 0.055412259 0.917633057 -0.120079070
vt 0.146972656 0.970458984
vn 0.826233923 0.369838059 -0.424920470
vt 0.140869141 0.990234375
v 0.044872250 0.941894531 -0.116973914
vt 0.139892578 0.941162109
vt 0.132324219 0.979492188
vt 0.110107422 0.947753906
vt 0.116210938 0.981933594
vt 0.123779297 0.986083984
vt 0.332031250 0.969482422
vt 0.320800781 0.959960938
vt 0.331787109 0.945312500
vt 0.992431641 0.318359375
vt 0.978271484 0.319091797
vt 0.992919922 0.302734375
vt 0.965332031 0.317138672
vt 0.967773438 0.282470703
vt 0.957519531 0.311523438
vt 0.952148438 0.332519531
v 0.043506581 0.927429199 -0.175056487
vt 0.975097656 0.103759766
vn 0.893547535 -0.431097478 -0.125410289
v 0.025733907 0.916595459 -0.173713714
vt 0.982666016 0.126220703
vn 0.197334304 -0.978778005 -0.055253580
v 0.028816180 0.929077148 -0.190940887
vt 0.963378906 0.120605469
vn 0.031477433 -0.440685451 -0.897109628
v 0.034572560 0.925354004 -0.158622772
vt 0.997070312 0.110351562
vn 0.400520921 -0.651827991 0.643974602
v 0.035324056 0.937744141 -0.155677825
vt 0.988281250 0.091552734
vn 0.748565435 0.464898527 0.472778022
v 0.038173635 0.937408447 -0.176322967
vt 0.959716797 0.092529297
vn 0.345164359 0.917823613 -0.196116239
v 0.018211326 0.925201416 -0.158165008
vt 0.997070312 0.142578125
vn -0.369654894 -0.637064993 0.676390052
v 0.014396627 0.919769287 -0.172599822
vt 0.976806641 0.137207031
vn -0.590404809 -0.755718112 -0.283394158
v 0.009583432 0.928863525 -0.172554046
vt 0.964111328 0.145507812
vn -0.535300374 -0.653381288 -0.535300255
v 0.023071246 0.936157227 -0.187644988
vt 0.957031250 0.125000000
vn -0.306735128 0.770770013 -0.558414996
v 0.015127141 0.939178467 -0.169334441
vt 0.942138672 0.132324219
vn -0.054932900 0.918162584 -0.392377198
v 0.008645018 0.891601562 -0.172019988
vt 0.923339844 0.347412109
vn 0.612655759 -0.706910431 0.353455156
v 0.006194074 0.895935059 -0.182304412
vt 0.911621094 0.350830078
vn 0.478346705 0.164676741 -0.862592638
v 0.012639006 0.909240723 -0.168464690
vt 0.915527344 0.323486328
vn 0.825212598 0.298648387 -0.479409397
v -0.005784075 0.884460449 -0.181541473
vt 0.931152344 0.365234375
vn 0.062819101 -0.997252405 0.039261941
v -0.003821414 0.920227051 -0.172584563
vt 0.891357422 0.320800781
vn 0.377777010 0.283332825 -0.881480038
v -0.016338389 0.890808105 -0.188072234
vt 0.883300781 0.366699219
vn -0.063220009 0.142244667 -0.987810552
v 0.000232418 0.918609619 -0.163398772
vt 0.893310547 0.305175781
vn -0.331067950 0.102473475 0.938026309
v 0.005762061 0.926574707 -0.155647308
vt 0.886962891 0.298095703
vn 0.659274936 -0.729911506 0.180515692
v 0.000000200 0.930633545 -0.147270232
vt 0.888916016 0.288330078
vn 0.266857684 -0.620051384 0.737782657
v -0.019710580 0.928192139 -0.151405364
vt 0.903320312 0.273925781
vn 0.260286838 -0.780860126 0.567898214
v -0.020620387 0.920196533 -0.174430877
vt 0.911621094 0.289062500
vn -0.353793830 0.408828199 -0.841242731
vt 0.948242188 0.060058594
v 0.008496246 0.903381348 -0.160179168
vt 0.937011719 0.066650391
vn 0.268249273 -0.962541461 -0.039448414
vt 0.926757812 0.060791016
v 0.015380820 0.916961670 -0.165885955
vt 0.955566406 0.065185547
vn 0.520265937 0.780399024 -0.346844107
vt 0.964355469 0.049072266
v 0.025232276 0.907836914 -0.159477264
vt 0.960693359 0.082519531
vn 0.945233643 0.110277295 -0.307201058
vt 0.976562500 0.087158203
vt 0.981201172 0.067138672
v 0.003256046 0.905334473 -0.147117645
vt 0.988769531 0.053466797
vn -0.575213611 0.189111218 -0.795843244
v 0.001480779 0.907135010 -0.158409148
vt 0.976562500 0.043457031
vn -0.063119307 -0.315597177 0.946791708
v -0.019825021 0.912841797 -0.158119231
vt 0.973144531 0.025878906
vn 0.094208345 0.321878165 0.942082405
vt 0.903320312 0.898193359
vt 0.913085938 0.905273438
vt 0.893554688 0.912353516
v -0.006893673 0.893463135 -0.162696868
vt 0.906738281 0.921142578
vn 0.063037217 -0.622491241 0.780084014
vt 0.914306641 0.891357422
v 0.014105760 0.901885986 -0.145820647
vt 0.912109375 0.877441406
vn 0.141312227 -0.039253473 -0.989186585
v -0.004369534 0.882598877 -0.151908904
vt 0.930175781 0.894775391
vn -0.236286566 0.283543646 -0.929393172
v 0.019721946 0.903625488 -0.157386810
vt 0.895996094 0.889892578
vn 0.394484222 -0.844196260 -0.362925529
vt 0.886230469 0.906005859
vt 0.886230469 0.891601562
vt 0.893310547 0.875732422
vt 0.894042969 0.859375000
vt 0.888671875 0.861572266
vt 0.918212891 0.842041016
vt 0.927490234 0.862792969
vt 0.910156250 0.826171875
vt 0.885986328 0.828857422
vt 0.644531250 0.979492188
vt 0.628906250 0.976074219
v -0.001238090 0.928100586 -0.174537688
vt 0.637207031 0.970703125
vn -0.110086299 0.597610593 -0.794193029
vt 0.634765625 0.996093750
vt 0.657470703 0.976806641
vt 0.617919922 0.962158203
v -0.024501842 0.928802490 -0.170463592
vt 0.620849609 0.951904297
vn -0.456127822 0.495449007 -0.739241362
v 0.023059806 0.938507080 -0.153373748
vt 0.743896484 0.978027344
vn 0.031479526 0.794856846 0.605979979
vt 0.759033203 0.979248047
vt 0.748535156 0.997070312
vt 0.735595703 0.990478516
vt 0.714843750 0.983886719
vt 0.734619141 0.962158203
v 0.016216239 0.937194824 -0.156364471
vt 0.747558594 0.970214844
vn 0.567562997 -0.417789340 0.709453583
vt 0.768066406 0.971435547
v 0.015283545 0.949890137 -0.151435882
vt 0.748535156 0.957031250
vn 0.623576224 0.765656948 -0.157867521
vt 0.142333984 0.042968750
vt 0.117187500 0.040527344
v 0.045307130 0.935943604 -0.085205115
vt 0.143066406 0.032714844
vn 0.542684972 0.833690107 -0.102245122
v 0.038433041 0.948486328 -0.099243201
vt 0.141845703 0.009277344
vn 0.664639354 0.680464089 0.308582425
vt 0.118652344 0.000000000
v 0.063903771 0.945892334 -0.164207488
vt 0.919433594 0.678466797
vn -0.141890839 0.291664243 -0.945938110
v 0.057220418 0.935577393 -0.153587371
vt 0.909423828 0.685302734
v 0.047191579 0.937438965 -0.154136688
vt 0.901123047 0.673095703
vn -0.623246253 -0.781030178 0.039446086
v 0.063079797 0.944549561 -0.134101897
vt 0.911621094 0.719726562
vn 0.259697735 -0.920746267 0.291176170
v 0.053241692 0.949737549 -0.129035980
vt 0.902343750 0.720458984
vn -0.701461792 -0.599001169 0.386198193
v 0.045402486 0.948150635 -0.151100188
vt 0.916748047 0.654052734
vn -0.479720503 -0.849341214 -0.220199481
v 0.073066674 0.944702148 -0.157371551
vt 0.924560547 0.690185547
vn 0.900911391 0.363525689 -0.237082109
v 0.068283044 0.952575684 -0.130683929
vt 0.926025391 0.715332031
vn 0.886074901 0.411391973 -0.213607505
v 0.047328912 0.963531494 -0.143180877
vt 0.944580078 0.672119141
vn 0.379556298 0.854001880 -0.355834186
v 0.037734944 0.966064453 -0.167640716
vt 0.945800781 0.646728516
vn 0.441492587 0.528214395 -0.725309491
v 0.025510747 0.972229004 -0.151054412
vt 0.965332031 0.651611328
vn -0.180738568 0.974416494 0.133589342
v 0.039329492 0.962066650 -0.136497527
vt 0.955078125 0.677490234
vn -0.552604675 0.086837918 0.828907311
v 0.052490197 0.966247559 -0.132225066
vt 0.951171875 0.694091797
vn 0.418439865 0.907935619 0.023685183
v 0.056907617 0.955444336 -0.121810950
vt 0.951660156 0.712890625
vn -0.993883729 0.110431477 0.000000126
v 0.076911889 0.956634521 -0.113792457
vt 0.936523438 0.735107422
vn 0.812941134 0.489343286 -0.315705478
v 0.056652032 0.965667725 -0.116607703
vt 0.954589844 0.725830078
vn -0.110263675 0.826976776 -0.551317871
v 0.046306577 0.956695557 -0.111534156
vt 0.963134766 0.725341797
vn -0.740065694 -0.598351061 -0.307048440
vt 0.700927734 0.909179688
v 0.059478723 0.937469482 -0.130058318
vt 0.688720703 0.916748047
vn -0.597315192 -0.801659942 -0.023578120
vt 0.688964844 0.911132812
v 0.070327722 0.935241699 -0.122596778
vt 0.701660156 0.923095703
vn 0.814566612 -0.521955252 -0.253069341
vt 0.729492188 0.928955078
v 0.066245995 0.941223145 -0.113937415
vt 0.698486328 0.932128906
vn -0.007864949 -0.998854995 0.047190044
vt 0.673339844 0.921630859
vt 0.672851562 0.909423828
vt 0.646484375 0.912841797
vt 0.654052734 0.928222656
vt 0.654052734 0.885742188
vt 0.658447266 0.872314453
v 0.027816733 0.959747314 -0.138420135
vt 0.632568359 0.908447266
vn -0.601095676 -0.498276770 0.624823332
vt 0.617675781 0.922119141
v 0.033740960 0.961364746 -0.123825110
vt 0.177734375 0.918457031
vn 0.923754632 -0.055267349 -0.378976405
vt 0.199462891 0.933105469
vt 0.179687500 0.937255859
vt 0.213867188 0.921630859
v 0.029869044 0.967834473 -0.111091651
vt 0.189453125 0.910156250
vn 0.588638365 0.000000061 0.808396459
v 0.053886376 0.985046387 -0.116966285
vt 0.167724609 0.882080078
vn 0.835267425 -0.236396372 0.496432364
v 0.021556817 0.969177246 -0.133445770
vt 0.155029297 0.937988281
vn 0.039279941 0.054992061 -0.997713923
v 0.050262414 0.994476318 -0.124984778
vt 0.150390625 0.885742188
vn 0.564901233 0.047075104 -0.823814631
v 0.031158406 0.971771240 -0.142372161
vt 0.157958984 0.924072266
vn 0.486577630 -0.266832918 -0.831891000
v 0.031978570 0.983978271 -0.132087737
vt 0.146728516 0.912109375
vn 0.180962056 0.590094030 -0.786792099
v 0.036304437 0.996398926 -0.120094337
vt 0.137207031 0.893310547
vn -0.299836040 0.891617656 0.339288116
v 0.010004006 0.996185303 -0.120994598
vt 0.121337891 0.933837891
vn -0.117869407 0.966528535 -0.227880731
v 0.022867167 0.978729248 -0.113044769
vt 0.124023438 0.913574219
vn 0.316574275 0.617319763 0.720206320
vt 0.877685547 0.870361328
vt 0.875732422 0.890380859
vt 0.861572266 0.880126953
vt 0.852050781 0.888427734
v 0.005933723 0.950042725 -0.140953094
vt 0.859130859 0.907470703
vn 0.502320290 -0.125579983 0.855513990
vt 0.874755859 0.906494141
v -0.008832015 0.939971924 -0.139564544
vt 0.842773438 0.903076172
vn 0.275138974 -0.479527742 0.833277702
vt 0.834228516 0.886230469
v -0.018949544 0.945007324 -0.128761321
vt 0.829833984 0.911621094
vn 0.284729719 -0.529913366 0.798824728
v -0.010784187 0.953186035 -0.137840301
vt 0.843994141 0.919677734
vn -0.063125364 0.994224012 0.086797297
v -0.000733101 0.956726074 -0.144081146
vt 0.857177734 0.916748047
vn -0.062803641 0.949903846 -0.306167364
v -0.019247092 0.954376221 -0.130271941
vt 0.830810547 0.919189453
vn 0.213094518 0.710314870 0.670852840
v -0.035755195 0.950286865 -0.126731902
vt 0.814208984 0.914306641
vn -0.378481001 -0.141930386 0.914662778
v -0.034992255 0.956024170 -0.135307342
vt 0.821777344 0.931884766
vn -0.330095351 0.730925143 -0.597315192
v -0.027334252 0.932922363 -0.151618987
vt 0.843505859 0.950439453
vn -0.339828134 0.703365028 -0.624335229
v -0.026887933 0.943023682 -0.155220062
vt 0.853759766 0.946289062
vn -0.394398391 0.757244766 -0.520605743
v 0.002039154 0.947814941 -0.154472381
vt 0.870849609 0.921386719
vn -0.118073769 0.747799695 -0.653340876
vt 0.893798828 0.921386719
vt 0.891845703 0.945556641
vt 0.871337891 0.962646484
vt 0.540283203 0.969726562
v 0.019676168 0.960540771 -0.156608611
vt 0.574707031 0.987548828
vn -0.858214498 -0.480285227 -0.181091011
v 0.035011251 0.950317383 -0.165275604
vt 0.549316406 0.984130859
vn -0.196899280 -0.708837271 -0.677333295
vt 0.540771484 0.996093750
vt 0.587646484 0.970214844
vt 0.586914062 1.000000000
vt 0.072753906 0.909179688
v 0.021388970 0.951263428 -0.137718230
vt 0.106933594 0.898681641
vn -0.110110134 0.228084952 -0.967395008
vt 0.110839844 0.907470703
vt 0.123291016 0.891845703
v 0.008193932 0.951995850 -0.132545501
vt 0.101806641 0.884277344
vn -0.556422353 0.352661937 -0.752345502
v -0.032894168 0.894195557 -0.134849578
vt 0.031250000 0.875732422
vn -0.580825686 0.518033564 -0.627919436
v -0.012878452 0.936248779 -0.118400604
vt 0.082031250 0.858886719
vn -0.755741596 0.582550764 -0.299147636
v 0.005045378 0.963745117 -0.118446380
vt 0.112548828 0.868408203
vn -0.992402971 0.094514526 0.078762263
v 0.002682648 0.976776123 -0.127067596
vt 0.127197266 0.873779297
vn -0.886199653 -0.023527481 -0.462705851
v 0.003909548 0.993530273 -0.142417938
vt 0.150390625 0.875976562
vn -0.517810464 0.164757773 -0.839480400
v 0.018384894 0.996826172 -0.132804900
vt 0.382080078 0.947265625
vn 0.821448088 0.489709526 -0.292246133
vt 0.400878906 0.935058594
vt 0.382324219 0.969482422
vt 0.372070312 0.937500000
vt 0.354248047 0.967285156
v -0.003369128 0.995269775 -0.103660613
vt 0.346679688 0.932373047
vn -0.954651892 0.157793656 0.252470016
vt 0.336669922 0.973388672
v 0.080970734 0.943237305 -0.091568030
vt 0.787109375 0.924560547
vn 0.511795223 -0.818872213 0.259834439
vt 0.778808594 0.898437500
vt 0.804199219 0.898681641
v 0.080985993 0.957458496 -0.085731544
vt 0.796630859 0.940673828
vn 0.755063415 0.644950032 0.117978528
v 0.062332124 0.956726074 -0.075584449
vt 0.770263672 0.944580078
vn 0.536966801 -0.615932345 0.576449513
v 0.060218778 0.941741943 -0.102142371
vt 0.769287109 0.909912109
vn -0.496232182 -0.866437256 0.055137016
vt 0.760986328 0.884277344
vt 0.749267578 0.898681641
v 0.047874417 0.958435059 -0.091964759
vt 0.747314453 0.922119141
vn -0.701745212 -0.709630072 -0.063078098
v 0.055572480 0.951660156 -0.081756629
vt 0.759277344 0.935302734
vn -0.166014314 -0.964464605 0.205541685
v 0.052471131 0.947235107 -0.070091285
vt 0.755371094 0.948974609
vn 0.592519879 -0.797926664 0.110603660
v 0.044403046 0.945373535 -0.069984473
vt 0.746582031 0.949218750
vn -0.047283780 -0.559523702 -0.827464640
v 0.045761079 0.944366455 -0.067398109
vt 0.747802734 0.952392578
vn 0.907398522 0.268274367 0.323507160
v 0.037712067 0.954498291 -0.083808936
vt 0.735107422 0.932373047
vn -0.593019783 -0.466508895 -0.656275094
v 0.032688111 0.949981689 -0.064743079
vt 0.731933594 0.955566406
vn -0.943916857 -0.322504938 -0.070793614
v 0.028640717 0.961822510 -0.075256385
vt 0.720947266 0.940185547
vn 0.213687524 -0.633148491 -0.743949413
v 0.029165240 0.960815430 -0.055244476
vt 0.718017578 0.964355469
vn 0.377112091 0.502816081 0.777793467
vt 0.720214844 0.083984375
vt 0.746582031 0.097900391
vt 0.710937500 0.090820312
vt 0.715332031 0.102294922
v 0.018947568 0.964111328 -0.106643707
vt 0.770019531 0.124511719
vn 0.188836008 0.597980499 0.778948188
vt 0.778076172 0.111083984
v 0.006082024 0.954681396 -0.103675872
vt 0.751953125 0.132812500
vn -0.543627322 0.709079206 0.449083507
v 0.009983987 0.941986084 -0.078376800
vt 0.709472656 0.117919922
vn -0.134338021 0.837637305 0.529449880
v 0.010108913 0.977325439 -0.103263885
vt 0.782714844 0.147216797
vn -0.055027645 0.015722262 0.998361051
vt 0.794921875 0.125976562
v 0.040061917 0.981964111 -0.109573402
vt 0.800048828 0.104980469
vn 0.063243695 0.284596115 0.956559181
vt 0.817138672 0.086669922
vt 0.819335938 0.105468750
vt 0.831542969 0.088134766
v 0.012457811 1.001098633 -0.109642059
vt 0.799560547 0.156005859
vn 0.566665709 0.566665649 0.598147094
vt 0.809082031 0.154785156
vt 0.795654297 0.178710938
vt 0.772460938 0.165527344
vt 0.870849609 0.753662109
vt 0.894287109 0.725585938
v 0.054073300 0.969482422 -0.099464454
vt 0.904541016 0.749511719
vn 0.173854604 0.972005606 -0.158049762
vt 0.919433594 0.726806641
v 0.036495175 0.960510254 -0.101303138
vt 0.921386719 0.750244141
vn -0.797926843 0.592519820 -0.110603631
vt 0.931884766 0.740966797
vt 0.923583984 0.767089844
v 0.056602444 0.975769043 -0.086235084
vt 0.898437500 0.761962891
vn 0.228141442 0.951900601 0.204540536
v 0.049983945 0.965881348 -0.090507545
vt 0.911376953 0.769775391
vn -0.660374165 0.707543671 -0.251571029
vt 0.931884766 0.778564453
v 0.065536469 0.961944580 -0.077537574
vt 0.883544922 0.773925781
vn 0.299444824 0.819533110 0.488567770
vt 0.876464844 0.776855469
v 0.059139226 0.957519531 -0.058342014
vt 0.875732422 0.797607422
vn 0.616086185 0.568694830 0.544999182
vt 0.862548828 0.787109375
v 0.036716431 0.970672607 -0.083236732
vt 0.916748047 0.786865234
vn 0.063204058 0.995464504 0.071104549
v 0.041057561 0.959167480 -0.047657043
vt 0.889892578 0.821533203
vn 0.047375064 0.631666541 0.773791432
vt 0.932128906 0.795166016
vt 0.909912109 0.821777344
v 0.021589249 0.969909668 -0.067123443
vt 0.929443359 0.809814453
vn -0.031499989 0.984374106 0.173249811
vt 0.979248047 0.359130859
vt 0.966064453 0.344482422
vt 0.989257812 0.338867188
vt 0.945068359 0.367919922
v -0.012400660 0.936950684 -0.106018096
vt 0.940917969 0.353271484
vn -0.669956326 0.740892828 -0.047290973
v -0.009395630 0.940551758 -0.090667754
vt 0.940917969 0.338623047
vn -0.252352148 0.914776504 0.315440148
v -0.021621736 0.939300537 -0.098022491
vt 0.929443359 0.346679688
vn 0.180911660 0.023597155 -0.983216226
v 0.007158245 0.963104248 -0.106346160
vt 0.219970703 0.032470703
vn 0.165210903 -0.550703347 -0.818187773
v 0.013606993 0.968658447 -0.087310821
vt 0.190185547 0.036621094
vn -0.039295878 0.998114347 0.047154967
v 0.007698027 0.955566406 -0.089515716
vt 0.196044922 0.016113281
vn 0.375861198 -0.696909428 -0.610774577
v -0.010290178 0.957366943 -0.089416534
vt 0.215820312 0.002685547
vn -0.220664129 -0.677753925 -0.701396465
v 0.018005341 0.951202393 -0.077423126
vt 0.175048828 0.015380859
vn 0.441712350 -0.780884385 -0.441712409
v 0.009634937 0.972625732 -0.102714568
vt 0.209228516 0.038818359
vn -0.196188673 0.957400382 -0.211883709
v -0.014648469 0.962402344 -0.089157134
vt 0.213623047 0.062744141
vn -0.581722260 0.746805489 -0.322305471
vt 0.164306641 0.031738281
v 0.015609715 0.944458008 -0.054367095
vt 0.147705078 0.001953125
vn 0.659925580 -0.699206948 -0.274969041
vt 0.164794922 0.042968750
v 0.127090439 0.829833984 -0.009486237
vt 0.277832031 0.070068359
vn 0.841867626 0.385528207 0.377660066
vt 0.255371094 0.069091797
vt 0.287109375 0.055175781
v 0.117454514 0.846954346 -0.008982697
vt 0.296142578 0.071289062
vn 0.582262218 0.786840737 0.204578489
vt 0.305908203 0.066650391
v 0.120651230 0.822540283 0.009242974
vt 0.272705078 0.086914062
vn 0.767356217 -0.023732603 0.640781820
vt 0.251953125 0.092285156
vt 0.261474609 0.106933594
v 0.112014756 0.837005615 0.015156709
vt 0.287353516 0.092041016
vn 0.726212800 0.386787266 0.568340242
v 0.101402275 0.825195312 0.026533091
vt 0.281982422 0.107421875
vn 0.661089599 0.062960960 0.747660637
vt 0.274169922 0.130859375
v 0.106376633 0.848388672 0.010069811
vt 0.299316406 0.088867188
vn 0.637065113 0.621335030 0.456169933
v 0.087692246 0.855499268 0.009528126
vt 0.316650391 0.093505859
vn 0.197611436 0.980152965 -0.015808988
vt 0.323242188 0.077880859
v 0.088096604 0.851470947 0.028785672
vt 0.307861328 0.109130859
vn 0.591248155 0.622781277 0.512414932
v 0.094871514 0.831909180 0.033023801
vt 0.289306641 0.113769531
vn 0.623188198 0.118326925 0.773068726
v 0.076377861 0.820953369 0.045597043
vt 0.285644531 0.136230469
vn 0.449866176 -0.047354266 0.891839683
vt 0.271484375 0.151611328
v 0.069145195 0.841979980 0.048320740
vt 0.305908203 0.133056641
vn 0.449348658 0.244382620 0.859280586
v 0.061588280 0.834289551 0.050186127
vt 0.304443359 0.141845703
vn 0.306687713 0.243777379 0.920062721
v 0.038757317 0.833068848 0.060802434
vt 0.315185547 0.160156250
vn 0.266865909 0.204073891 0.941879272
v 0.072120659 0.857177734 0.040267911
vt 0.317382812 0.122802734
vn 0.423728317 0.737601042 0.525736749
v 0.060707081 0.858612061 0.040832490
vt 0.324707031 0.129394531
vn 0.283534974 0.535565972 0.795472801
v 0.036777489 0.860839844 0.050403569
vt 0.337646484 0.146484375
vn 0.196691975 0.794635415 0.574340403
v 0.065315232 0.859558105 0.026699034
vt 0.327880859 0.115478516
vn 0.133560449 0.989919007 -0.047139063
v 0.032932270 0.863616943 0.035594914
vt 0.347412109 0.136474609
vn -0.000000074 0.969677091 -0.244390205
v 0.075294480 0.854278564 0.005854097
vt 0.328125000 0.094238281
vn 0.228275672 0.968203902 0.102330409
v 0.049312580 0.856964111 0.019605607
vt 0.342041016 0.116210938
vn 0.007869822 0.999473393 -0.031479523
v 0.009893405 0.854125977 0.024284339
vt 0.366455078 0.139160156
vn -0.039398182 0.945556402 0.323065042
v 0.037273392 0.864318848 0.012939425
vt 0.353759766 0.116455078
vn -0.385862589 0.212618262 0.897721410
vt 0.331054688 0.083251953
v 0.051734909 0.861297607 0.014333695
vt 0.344238281 0.109130859
vn 0.338226497 -0.196643174 0.920290291
v 0.038539872 0.874664307 0.024589509
vt 0.361083984 0.111083984
vn 0.015746210 0.000000044 0.999876022
v 0.068603501 0.870330811 0.013617483
vt 0.347900391 0.095458984
vn 0.526906192 -0.031457018 0.849341094
v 0.045970902 0.880249023 0.017087907
vt 0.364501953 0.100830078
vn 0.411250412 0.711779535 0.569423497
v 0.083183274 0.875152588 -0.003085410
vt 0.347656250 0.079589844
vn 0.535300374 0.653381288 0.535300255
v 0.087348923 0.873718262 -0.014240300
vt 0.345458984 0.072998047
vn 0.961464882 -0.244306609 -0.126093850
v 0.082588173 0.889648438 -0.028402364
vt 0.357910156 0.067382812
vn 0.775856316 0.626954734 -0.070532531
vt 0.345458984 0.061523438
vt 0.885498047 0.517333984
vt 0.869628906 0.509521484
vt 0.897705078 0.491699219
vt 0.881103516 0.473388672
vt 0.879638672 0.444824219
v 0.055103280 0.909942627 -0.030559573
vt 0.921142578 0.499755859
vn 0.369198531 0.856226444 0.361343145
vt 0.891601562 0.550292969
vt 0.661376953 0.027343750
vt 0.708496094 0.023681641
vt 0.695312500 0.084960938
v 0.026569350 0.899078369 0.009391756
vt 0.653808594 0.060058594
vn 0.031539138 0.867325604 0.496740997
vt 0.644287109 0.024658203
vt 0.705566406 0.098144531
vt 0.684570312 0.095947266
v 0.031753518 0.904144287 -0.025878934
vt 0.662353516 0.093505859
vn -0.274664015 0.926010132 0.258968949
v 0.020397171 0.883483887 0.017173741
vt 0.640869141 0.049560547
vn -0.870996833 -0.219710946 0.439421952
vt 0.624755859 0.033935547
v 0.018672924 0.895965576 -0.005089787
vt 0.645019531 0.072265625
vn -0.939428151 0.331562847 -0.086837798
v 0.022165282 0.883026123 -0.004709271
vt 0.629638672 0.073486328
vn -0.299027205 0.621661961 0.723960757
vt 0.601318359 0.044189453
v -0.000003059 0.893280029 -0.013336206
vt 0.620117188 0.096435547
vn 0.000000077 0.615031898 0.788502336
v 0.011928537 0.906280518 -0.028127698
vt 0.646484375 0.105468750
vn 0.117655255 0.800055385 0.588275969
vt 0.666748047 0.104736328
vt 0.694580078 0.114746094
v 0.005885106 0.902130127 -0.004550006
vt 0.067382812 0.849121094
vn -0.331232786 -0.922719896 -0.197162285
vt 0.060058594 0.860351562
v 0.007457714 0.905853271 -0.012367275
vt 0.056152344 0.850830078
vn 0.652734399 -0.754969895 -0.062914215
vt 0.041015625 0.861083984
v -0.007490178 0.900848389 -0.019496942
vt 0.017822266 0.864013672
vn -0.486024201 0.799588203 0.352759540
v 0.002069930 0.912353516 -0.019735362
vt 0.027343750 0.852050781
vn 0.424631178 -0.864989460 -0.267360389
v 0.019277552 0.912750244 -0.013042478
vt 0.043701172 0.843994141
vn 0.824271262 0.164854258 -0.541664124
v 0.004198531 0.915100098 -0.013680484
vt 0.029052734 0.844482422
vn 0.652371407 0.495173484 0.573772371
v 0.014898282 0.902923584 -0.001544383
vt 0.061767578 0.839843750
vn 0.369472206 -0.809694469 -0.455944508
v 0.020584088 0.913299561 -0.003461151
vt 0.046142578 0.835205078
vn 0.524687886 0.751791656 -0.399389416
v 0.001822930 0.910797119 -0.005844619
vt 0.027343750 0.833496094
vn -0.706039846 0.706039727 -0.054914143
v -0.004654903 0.918243408 -0.003982808
vt 0.018066406 0.838378906
vn 0.259120703 -0.416163355 0.871587396
v 0.004116044 0.891021729 0.019842124
vt 0.088134766 0.824707031
vn 0.550907910 -0.779141247 -0.299064338
v -0.010584848 0.911926270 0.008341765
vt 0.092773438 0.853027344
vn -0.481375784 0.307764709 -0.820705950
v -0.009622592 0.894531250 -0.006928467
vt 0.116699219 0.840576172
vn 0.707609236 -0.400978595 -0.581812203
v -0.016127605 0.911163330 -0.006575131
vt 0.108398438 0.860595703
vn 0.772612274 -0.299584299 0.559749544
v -0.021780036 0.908050537 -0.028167749
vt 0.132080078 0.864013672
vn 0.527150631 -0.684509099 -0.503546953
v -0.034301780 0.892486572 -0.027061483
vt 0.149414062 0.851074219
vn 0.260359526 0.946762204 -0.189352512
v 0.025962813 0.899627686 0.010094614
vt 0.063476562 0.824218750
vn 0.643657148 -0.714302480 -0.274731755
v 0.024614321 0.899444580 0.032608002
vt 0.070312500 0.802490234
vn 0.729484797 -0.549074411 0.407883853
v 0.006402958 0.894378662 0.040710423
vt 0.083251953 0.793701172
vn -0.244389996 -0.212855890 0.946026385
v 0.014417634 0.908599854 0.031002015
vt 0.066650391 0.782714844
vn 0.063062593 0.804047465 0.591211319
v 0.028875334 0.913299561 0.013778658
vt 0.053710938 0.815673828
vn 0.621950924 0.763661265 0.173201412
v 0.002125484 0.919586182 0.006916497
vt 0.030273438 0.812011719
vn -0.055260517 0.994688690 0.086837865
v -0.009208694 0.909362793 0.023590064
vt 0.028320312 0.791259766
vn -0.526434124 0.612863719 0.589292109
vt 0.015625000 0.810791016
vt 0.017578125 0.834228516
v 0.091011018 0.930541992 -0.080421492
vt 0.203613281 0.853759766
vn 0.613944829 0.755624473 -0.228261650
v 0.096260048 0.919006348 -0.049587287
vt 0.224121094 0.887939453
vn 0.716535449 0.614173293 0.330708534
v 0.100349396 0.911621094 -0.066642798
vt 0.202636719 0.880126953
vn 0.796957374 -0.568127990 -0.205157414
vt 0.227539062 0.906982422
vt 0.204101562 0.910400391
vt 0.179443359 0.872314453
v 0.072669953 0.927917480 -0.083961524
vt 0.187255859 0.836181641
vn -0.259040862 -0.125595570 -0.957665741
v 0.076339699 0.926574707 -0.042003669
vt 0.244384766 0.875976562
vn 0.361622304 0.817580760 0.448097080
v 0.075614907 0.912689209 -0.039585151
vt 0.246582031 0.890869141
vn 0.221124694 -0.908190370 0.355378836
v 0.063087434 0.940063477 -0.068428077
vt 0.231201172 0.835449219
vn 0.141312316 0.989186585 0.039253373
v 0.055980653 0.934692383 -0.070892371
vt 0.235839844 0.824707031
vn 0.109940067 0.989461064 -0.094234452
v 0.069679238 0.923095703 -0.038707767
vt 0.253173828 0.877197266
vn 0.598722339 0.622355998 0.504187107
v 0.070800759 0.910552979 -0.026540792
vt 0.258789062 0.899658203
vn 0.314687699 -0.794586182 0.519234538
v 0.062957741 0.923309326 -0.025560413
vt 0.268554688 0.882568359
vn 0.464423060 0.763543010 0.448679805
v 0.059249852 0.930969238 -0.047088657
vt 0.254150391 0.855712891
vn 0.157285407 0.943712533 0.290977955
v 0.037681554 0.936676025 -0.043930084
vt 0.275390625 0.840820312
vn 0.094234362 0.989461064 0.109940059
v 0.042102788 0.934509277 -0.058216128
vt 0.261718750 0.827392578
vn -0.478744328 0.588620126 0.651406348
vt 0.244140625 0.814208984
v 0.044708226 0.946899414 -0.057472263
vt 0.252441406 0.804931641
vn 0.369620830 -0.519041777 0.770698428
vt 0.240478516 0.807373047
vt 0.247558594 0.791748047
vt 0.261962891 0.785644531
v 0.032871220 0.945465088 -0.054687530
vt 0.261230469 0.810302734
vn -0.818263710 -0.291113079 0.495679140
vt 0.276855469 0.807861328
vt 0.264648438 0.803222656
vt 0.271240234 0.791992188
vt 0.905029297 0.171386719
v 0.056510899 0.925537109 -0.069038421
vt 0.911865234 0.210205078
vn -0.377100438 -0.762057066 -0.526369154
vt 0.893554688 0.200927734
vt 0.898925781 0.216064453
vt 0.916992188 0.172851562
vt 0.932373047 0.152832031
vt 0.934570312 0.169677734
v 0.062561013 0.915679932 -0.052627597
vt 0.928222656 0.191894531
vn -0.213593975 -0.909752131 -0.355989903
v 0.054534890 0.907958984 -0.044284854
vt 0.944580078 0.193847656
vn -0.236543372 -0.938288689 -0.252312869
vt 0.950927734 0.165039062
v 0.045215581 0.924652100 -0.063240081
vt 0.926513672 0.218505859
vn -0.362891674 -0.820450664 -0.441781044
v 0.033126805 0.926330566 -0.048271209
vt 0.950195312 0.228027344
vn -0.866786957 -0.425513655 -0.260035932
vt 0.923095703 0.241699219
vt 0.950195312 0.244628906
vt 0.908447266 0.225830078
v 0.053432435 0.936035156 -0.081626929
vt 0.899658203 0.226074219
vn 0.758733213 0.379366636 -0.529532731
vt 0.883056641 0.225830078
vt 0.897216797 0.234375000
vt 0.883300781 0.228271484
vt 0.865478516 0.238037109
vt 0.885498047 0.244384766
vt 0.961425781 0.951904297
vt 0.910888672 0.965576172
v 0.037593819 0.914245605 -0.026784929
vt 0.939453125 0.939208984
vn -0.583909333 -0.781176090 0.220938802
vt 0.957275391 0.919189453
v 0.048618294 0.916656494 -0.017990144
vt 0.921386719 0.942382812
vn 0.094464913 -0.377859086 0.921031535
vt 0.899902344 0.934570312
v 0.031803109 0.933288574 -0.027618438
vt 0.940673828 0.919189453
vn -0.941879213 0.204073772 0.266865879
v 0.042888619 0.929382324 -0.016077073
vt 0.926757812 0.929931641
vn 0.047349956 0.710248530 0.702356756
vt 0.945312500 0.898925781
vt 0.965576172 0.893798828
vt 0.133056641 0.360839844
vt 0.145507812 0.377197266
vt 0.097412109 0.403564453
v 0.002513145 0.924316406 -0.053169277
vt 0.135498047 0.411132812
vn -0.245061189 0.822140813 0.513838053
vt 0.101562500 0.425781250
vt 0.094482422 0.446289062
v -0.008748075 0.897949219 -0.020662330
vt 0.095214844 0.450439453
vn -0.331325412 0.638984919 0.694205880
vt 0.086669922 0.453369141
v -0.020349523 0.898712158 -0.027206443
vt 0.106933594 0.456054688
vn -0.361980349 0.763306439 0.535101414
v -0.021999376 0.872375488 -0.002341530
vt 0.073974609 0.479248047
vn -0.329759300 0.683072925 0.651667297
v -0.041790035 0.903686523 -0.052635215
vt 0.146972656 0.458251953
vn -0.511604905 0.779213607 0.362058878
vt 0.113769531 0.470458984
v -0.015673667 0.931549072 -0.077873260
vt 0.171630859 0.410156250
vn -0.385349244 0.802155614 0.456127733
vt 0.173095703 0.388671875
vt 0.167236328 0.360351562
v -0.006349592 0.943237305 -0.071456939
vt 0.193359375 0.397216797
vn 0.512049198 -0.850789487 -0.118165240
v -0.016262081 0.931610107 -0.054351829
vt 0.196044922 0.414550781
vn 0.409639329 -0.732624292 -0.543559909
v -0.011895210 0.945861816 -0.083793670
vt 0.183349609 0.387695312
vn -0.149806216 -0.528263748 -0.835760474
v -0.018442180 0.950103760 -0.053047203
vt 0.215087891 0.411376953
vn -0.924706161 0.379366606 -0.031613782
v -0.017545726 0.939208984 -0.057846092
vt 0.200927734 0.409423828
vn -0.300041616 0.947499752 0.110541627
v -0.000564212 0.942993164 -0.057075527
vt 0.209228516 0.403808594
vn -0.023610376 -0.834232092 -0.550907850
vt 0.217773438 0.399658203
vt 0.212402344 0.384033203
vt 0.202880859 0.376708984
vt 0.185058594 0.375000000
vt 0.117675781 0.264892578
vt 0.121337891 0.281982422
v 0.018711066 0.931762695 -0.044235259
vt 0.100830078 0.272460938
vn 0.466057390 -0.703035831 -0.537150919
vt 0.137207031 0.289794922
vt 0.150146484 0.277343750
v 0.006255124 0.958435059 -0.044994380
vt 0.125244141 0.310302734
vn -0.228261530 0.897304058 0.377812237
vt 0.149902344 0.297363281
v 0.017005894 0.952362061 -0.043846160
vt 0.119873047 0.297607422
vn 0.628442407 0.652009010 0.424198538
v 0.028821923 0.937103271 -0.031208068
vt 0.096679688 0.284667969
vn 0.914179683 -0.362519503 -0.181259871
v 0.001267050 0.950103760 -0.042598750
vt 0.115966797 0.317871094
vn -0.189205259 0.827773154 0.528198004
vt 0.122070312 0.341308594
v 0.024873711 0.940734863 -0.019342452
vt 0.092773438 0.292968750
vn 0.000000038 0.824728906 0.565528274
vt 0.055419922 0.276123047
vt 0.126953125 0.352539062
v -0.041172054 0.928924561 -0.054073356
vt 0.104980469 0.373779297
vn -0.717247367 -0.551728725 -0.425619155
v -0.035686519 0.942535400 -0.045772575
vt 0.101562500 0.356689453
vn -0.455916256 0.848947525 0.267261297
v -0.056240104 0.923522949 -0.039409656
vt 0.074951172 0.376708984
vn -0.938376129 0.283878446 -0.197137728
v -0.036582973 0.918029785 -0.047794364
vt 0.102050781 0.387451172
vn -0.078494847 -0.604409814 -0.792797148
v -0.042655963 0.919525146 -0.016248723
vt 0.056152344 0.351074219
vn -0.448471457 0.715980828 0.535018623
v -0.025213264 0.935699463 -0.027973197
vt 0.083007812 0.340087891
vn -0.229172036 0.821858406 0.521564007
v -0.016302127 0.923126221 -0.005772138
vt 0.051025391 0.320068359
vn -0.197334215 0.749870241 0.631469607
v 0.012299518 0.928619385 -0.007846383
vt 0.070068359 0.297363281
vn 0.165822878 0.402712494 0.900180817
vt 0.050781250 0.305664062
v -0.023378391 0.917358398 -0.003403209
vt 0.044189453 0.321289062
vn -0.276095867 0.268207550 0.922949493
v 0.019315699 0.926635742 -0.013803511
vt 0.072509766 0.288818359
vn 0.717581809 -0.599298954 0.354848057
vt 0.057861328 0.288330078
v -0.003703140 0.915008545 -0.031623866
vt 0.067626953 0.264160156
vt 0.053955078 0.252685547
v -0.002841260 0.930541992 -0.051452663
vt 0.098144531 0.254882812
vn 0.236830562 -0.671020091 -0.702597558
vt 0.104003906 0.245849609
v -0.027063392 0.910980225 -0.038753532
vt 0.063720703 0.241699219
vn 0.243634164 -0.770198464 -0.589437604
v -0.045879386 0.902404785 -0.033710498
vt 0.047363281 0.227294922
vn -0.181209207 -0.464840800 -0.866652310
vt 0.074707031 0.228515625
vt 0.087646484 0.223632812
vt 0.738769531 0.082519531
vt 0.729003906 0.045898438
vt 0.749511719 0.027832031
v -0.032573730 0.952575684 -0.064613365
vt 0.777832031 0.063476562
vn -0.361611098 0.904027700 0.227972209
vt 0.767822266 0.080566406
vt 0.781738281 0.031005859
v -0.032974273 0.946197510 -0.075080894
vt 0.788574219 0.061035156
vn -0.715537965 -0.684085786 -0.141534850
vt 0.792724609 0.091552734
vt 0.775878906 0.103027344
vt 0.805664062 0.074951172
vt 0.786132812 0.008056641
vt 0.788818359 0.030517578
vt 0.800292969 0.040771484
vt 0.803710938 0.031738281
vt 0.817871094 0.035400391
v -0.024868041 0.939941406 -0.086875945
vt 0.817138672 0.045654297
vn -0.149485901 0.983459711 0.102279782
v -0.039760619 0.946594238 -0.089233421
vt 0.834228516 0.040283203
vn 0.211968571 0.894978344 0.392534286
v -0.036296874 0.936828613 -0.080368064
vt 0.828125000 0.052734375
vn -0.007902982 0.956260383 0.292410165
v -0.052505519 0.933258057 -0.066154502
vt 0.842285156 0.069580078
vn -0.709630072 0.599243104 0.370584637
v -0.040283229 0.937011719 -0.058170341
vt 0.829101562 0.074462891
vn -0.221014395 0.955097914 0.197334260
vt 0.832275391 0.083496094
vt 0.677001953 0.326904297
v -0.006670485 0.864532471 0.041858651
vt 0.685058594 0.299316406
vn -0.023657333 0.993605554 -0.110400662
vt 0.687988281 0.332763672
vt 0.664306641 0.304687500
v 0.003558150 0.861236572 0.056797005
vt 0.696777344 0.309570312
vn 0.078867465 0.599392235 0.796560645
vt 0.714843750 0.337890625
v -0.032653820 0.856170654 0.024461728
vt 0.678955078 0.275878906
vn 0.054973345 0.871721804 -0.486907691
v -0.031997688 0.858398438 0.054794293
vt 0.704833984 0.285400391
vn -0.196838126 0.669249892 0.716491044
v -0.014585502 0.847808838 0.062744118
vt 0.713134766 0.299316406
vn -0.126097560 0.299481988 0.945732594
v 0.002111429 0.837738037 0.065826394
vt 0.720947266 0.311523438
vn -0.015710941 0.188532785 0.981941283
v -0.048027046 0.835968018 0.057750687
vt 0.727294922 0.279052734
vn -0.300106943 0.236926675 0.924013913
v -0.044155128 0.858398438 0.048728928
vt 0.704589844 0.275390625
vn -0.306290060 0.753944874 0.581165791
v -0.060749065 0.860168457 0.024377808
vt 0.691894531 0.256835938
vn -0.039416604 0.985413551 -0.165549517
v -0.084701546 0.834320068 0.041099537
vt 0.722900391 0.247070312
vn -0.518705010 0.275070906 0.809494436
v -0.046249397 0.820983887 0.060008988
vt 0.741943359 0.280517578
vn -0.282703012 -0.047117166 0.958049655
v -0.081588760 0.855194092 0.032005299
vt 0.705078125 0.245849609
vn -0.402161151 0.788551331 0.465245306
v -0.076538101 0.856262207 0.010233866
vt 0.688964844 0.239257812
vn 0.054981854 0.973965526 -0.219927743
v -0.099678054 0.850921631 0.015424719
vt 0.705322266 0.227050781
vn -0.527395606 0.779286027 0.338477790
v -0.053920761 0.849700928 0.014607415
vt 0.680664062 0.255859375
vn 0.094196558 0.949816108 -0.298289388
v -0.031375900 0.854187012 0.016822796
vt 0.673339844 0.271972656
vn -0.283719718 0.866921484 0.409817427
v -0.063232437 0.851531982 -0.002298608
vt 0.673828125 0.242675781
vn -0.236874968 0.963291407 0.126333281
v -0.016670240 0.854492188 0.018831233
vt 0.668212891 0.282226562
vn -0.181180984 0.748356462 0.638072252
vt 0.640869141 0.291259766
vt 0.638916016 0.281494141
vt 0.654052734 0.270019531
vt 0.635498047 0.261718750
vt 0.640625000 0.254394531
v -0.046093006 0.872741699 -0.014534014
vt 0.651855469 0.248779297
vn -0.252446353 -0.883562267 -0.394447386
v -0.052330032 0.858673096 -0.006042497
vt 0.665527344 0.248046875
vn -0.410762459 0.718834400 0.560848773
v -0.071182266 0.855987549 -0.019706739
vt 0.664306641 0.230712891
vn -0.550515890 0.613432050 0.566245019
v -0.048362751 0.884490967 -0.027956028
vt 0.644287109 0.241943359
vn -0.619955957 0.674888730 0.400224805
v -0.093605064 0.840362549 -0.029502878
vt 0.672851562 0.212402344
vn -0.220090732 0.974687338 -0.039301921
v -0.074127220 0.866760254 -0.032032024
vt 0.652587891 0.223144531
vn -0.716624379 0.629999340 0.299249798
v -0.101715110 0.837799072 -0.060356148
vt 0.661376953 0.193847656
vn -0.447241187 0.886635959 -0.117695019
v -0.088005088 0.851318359 -0.060024273
vt 0.652587891 0.197753906
vn -0.804422379 0.591487050 0.055205535
v -0.104560874 0.851959229 -0.030076990
vt 0.683593750 0.204101562
vn 0.094359502 0.967185616 -0.235899001
v -0.068580650 0.877655029 -0.041786209
vt 0.640380859 0.216308594
vn -0.842284679 0.259770036 0.472309321
v -0.071815513 0.877532959 -0.065353408
vt 0.625488281 0.206298828
vn -0.955216944 0.292091101 0.047366243
v -0.120697044 0.849578857 -0.027721412
vt 0.694335938 0.194091797
vn -0.550993264 0.834361196 0.015742699
v -0.122581504 0.835845947 -0.066825874
vt 0.683349609 0.177246094
vn -0.228936374 0.899956405 -0.371034652
v -0.122253433 0.837402344 -0.006966597
vt 0.710449219 0.203125000
vn -0.898166955 0.354539573 0.259995788
v -0.130249038 0.834930420 -0.056049351
vt 0.702880859 0.169677734
vn -0.947617888 0.315872580 0.047381002
v -0.134429947 0.801147461 -0.026851658
vt 0.737060547 0.183837891
vn -0.967514694 0.023597889 0.251711279
v -0.113266006 0.826934814 0.017198555
vt 0.724365234 0.219726562
vn -0.735275447 0.197654694 0.648307562
v -0.123817459 0.818756104 0.002339119
vt 0.727294922 0.206542969
vn -0.907737553 0.031573460 0.418348789
v -0.114501968 0.808807373 0.012033457
vt 0.737548828 0.214843750
vn -0.683494210 -0.408525378 0.604931951
v -0.085067756 0.816986084 0.041164387
vt 0.737792969 0.245849609
vn -0.517937779 -0.321749300 0.792601943
v -0.122932449 0.795532227 -0.015427594
vt 0.744873047 0.194091797
vn -0.876956761 0.347622484 0.331821561
v -0.129684463 0.788330078 -0.035655975
vt 0.747314453 0.179199219
vn -0.950724602 0.306431860 0.047143482
v -0.104179397 0.804626465 0.014147752
vt 0.744140625 0.220703125
vn -0.687215745 0.529235125 0.497639120
v -0.134445205 0.781524658 -0.001007976
vt 0.762695312 0.194091797
vn -0.812207937 0.575642526 0.094626255
vt 0.770263672 0.171386719
v -0.144638076 0.759918213 0.017154694
vt 0.781494141 0.192382812
vn -0.866007507 0.417258143 0.275547922
v -0.121383674 0.788299561 0.021408077
vt 0.762939453 0.213378906
vn -0.659640670 0.675346375 0.329820395
v -0.119216926 0.773284912 0.046516415
vt 0.781494141 0.222167969
vn -0.704934418 0.516951919 0.485621601
v -0.082305916 0.797393799 0.063362107
vt 0.766113281 0.253662109
vn -0.550822616 0.731807232 0.401313663
v -0.088386536 0.785186768 0.072608940
vt 0.777832031 0.252929688
vn -0.558829844 0.590313375 0.582442582
v -0.070785530 0.812835693 0.043273911
vt 0.746337891 0.255371094
vn -0.511478126 0.684593856 0.519347072
v -0.059261326 0.805236816 0.074111924
vt 0.761962891 0.271972656
vn -0.378234297 0.795868039 0.472792923
v -0.061870575 0.793182373 0.083587632
vt 0.770751953 0.274414062
vn -0.330954909 0.622510612 0.709189296
v -0.042373665 0.816986084 0.056968670
vt 0.748046875 0.280761719
vn -0.292337120 0.750595510 0.592575371
v -0.036754612 0.806762695 0.084411606
vt 0.759277344 0.291259766
vn -0.204699010 0.755811930 0.621970117
v -0.010615354 0.818572998 0.063728310
vt 0.744140625 0.306152344
vn -0.102432065 0.811577380 0.575195611
v 0.001313204 0.823547363 0.067153908
vt 0.735351562 0.312988281
vn 0.015745725 -0.007872752 0.999845147
vt 0.759765625 0.319335938
v -0.023534771 0.768218994 0.119186379
vt 0.780029297 0.315429688
vn -0.181887731 0.514030814 0.838265598
v 0.009482379 0.817779541 0.066612221
vt 0.737792969 0.320068359
vn 0.031415366 0.863921702 0.502645314
v 0.020315165 0.818267822 0.062767006
vt 0.732910156 0.327636719
vn 0.213067964 0.576072514 0.789140344
v 0.038101193 0.807800293 0.083656281
vt 0.746826172 0.344482422
vn 0.173292860 0.850710213 0.496247560
vt 0.725341797 0.349365234
vt 0.722167969 0.364990234
vt 0.767333984 0.340087891
vt 0.732177734 0.362304688
v 0.066276550 0.800323486 0.075347871
vt 0.742187500 0.364257812
vn 0.299027324 0.810521305 0.503624797
vt 0.736328125 0.378417969
vt 0.763671875 0.362060547
vt 0.745361328 0.377685547
vt 0.765380859 0.375000000
v -0.129425049 0.590652466 0.062454224
vt 0.613525391 0.387695312
vn -0.681561947 0.446540624 0.579719543
vt 0.610839844 0.377197266
vt 0.627197266 0.387451172
v -0.111747734 0.594383240 0.083122253
vt 0.604003906 0.384277344
vn -0.259963393 0.724746585 0.638092101
v -0.103820793 0.580299377 0.087890632
vt 0.601562500 0.393066406
vn -0.481375575 0.307764769 0.820706069
v -0.129425034 0.564819336 0.078132637
vt 0.619140625 0.401123047
vn -0.715648532 0.408942074 0.566227555
v -0.065376274 0.597595215 0.074806206
vt 0.582275391 0.374267578
vn -0.386054099 0.173330501 0.906045675
v -0.054428093 0.591987610 0.100578301
vt 0.578369141 0.390869141
vn -0.133655384 0.849105000 0.511035323
v -0.090431206 0.576034546 0.097885139
vt 0.596435547 0.398437500
vn -0.409131855 0.794660032 0.448471516
v -0.046970356 0.592124939 0.105010979
vt 0.575683594 0.394042969
vn -0.117724031 0.933943927 0.337475538
v -0.114456169 0.563545227 0.103752144
vt 0.607910156 0.410400391
vn -0.487584680 0.621277332 0.613413095
v -0.117401108 0.549133301 0.105697639
vt 0.610595703 0.420410156
vn -0.645989716 0.527820945 0.551454723
v -0.140228271 0.550701141 0.059246071
vt 0.625732422 0.412353516
vn -0.667287827 0.628035605 0.400372773
v -0.136703476 0.544700623 0.095565803
vt 0.621826172 0.422851562
v -0.069206223 0.581031799 0.112701416
vt 0.586914062 0.403564453
vn -0.306583226 0.636749923 0.707499981
v -0.090560898 0.555530548 0.116935737
vt 0.598144531 0.419677734
vn -0.338918954 0.488674015 0.803947568
v -0.095993027 0.543235779 0.127952576
vt 0.601562500 0.429443359
vn -0.393896133 0.653867722 0.645989835
v -0.050258625 0.572952271 0.119956970
vt 0.580566406 0.413085938
vn -0.251353621 0.565545857 0.785480380
v -0.037738789 0.584930420 0.116378784
vt 0.573486328 0.405273438
vn -0.102460682 0.788159430 0.606882751
v -0.019000994 0.579177856 0.126457214
vt 0.566162109 0.414062500
vn -0.188410595 0.557381630 0.808595777
vt 0.557373047 0.412597656
vt 0.560302734 0.398437500
vt 0.569335938 0.426025391
v -0.031227104 0.592460632 0.088027947
vt 0.564453125 0.386474609
vn -0.283359021 -0.338456750 0.897304118
vt 0.551757812 0.401367188
vt 0.553710938 0.394287109
vt 0.538085938 0.386718750
v -0.023487082 0.624832153 0.117912278
vt 0.541992188 0.370605469
vn -0.212730259 -0.598796606 0.772132516
vt 0.530029297 0.370117188
v -0.062885277 0.627975464 0.106460564
vt 0.563964844 0.358642578
vn -0.362126052 -0.566806078 0.739997029
v -0.042285908 0.642410278 0.123809807
vt 0.544921875 0.356689453
vn -0.362970591 -0.654925346 0.662816107
vt 0.523925781 0.365234375
vt 0.525146484 0.369628906
v -0.025039662 0.634368896 0.129768372
vt 0.534423828 0.362060547
vn -0.283754915 -0.851265013 0.441396743
v -0.043457020 0.649108887 0.133415222
vt 0.538818359 0.350341797
vn -0.125937283 0.023613306 0.991757214
vt 0.521728516 0.359863281
v -0.069038384 0.655075073 0.117401116
vt 0.556640625 0.343505859
vn -0.494699895 -0.471142888 0.730271518
v -0.073112480 0.660552979 0.127326965
vt 0.552001953 0.341308594
vn -0.574642777 -0.590386569 0.566771090
v -0.071960442 0.670257568 0.127098083
vt 0.549560547 0.337890625
vn 0.149899408 0.733717859 0.662712812
v -0.053031910 0.658706665 0.124824516
vt 0.539306641 0.340820312
vn -0.149227336 0.117811196 0.981759608
vt 0.518554688 0.347412109
v -0.078933708 0.671936035 0.116149895
vt 0.553222656 0.331787109
vn -0.496432424 -0.047279276 0.866787016
v -0.095787041 0.655364990 0.102905273
vt 0.569580078 0.335693359
vn -0.489343137 -0.315705329 0.812941253
v -0.059421532 0.688812256 0.125404358
vt 0.538085938 0.323974609
vn -0.275215298 0.062906414 0.959322393
v -0.089477532 0.693618774 0.111694336
vt 0.556396484 0.318115234
vn -0.519121945 0.094385847 0.849472582
v -0.086547844 0.626525879 0.090881348
vt 0.579101562 0.352294922
vn -0.498152077 -0.593038321 0.632574260
v -0.120521538 0.654251099 0.086227417
vt 0.584228516 0.330322266
vn -0.520023584 -0.425473958 0.740639925
v -0.089691162 0.599967957 0.058689117
vt 0.598144531 0.367919922
vn -0.660353661 -0.385206401 0.644631088
vt 0.617919922 0.355957031
vt 0.603027344 0.340332031
v -0.117286675 0.643951416 0.081153870
vt 0.590576172 0.332275391
vn -0.747568071 -0.393456906 0.535101533
v -0.115615837 0.665863037 0.093200684
vt 0.579833984 0.324462891
vn -0.604763806 -0.070686683 0.793261826
v -0.141815186 0.654144287 0.049766544
vt 0.608398438 0.321533203
vn -0.864722133 -0.385194451 0.322305679
vt 0.623291016 0.324707031
vt 0.623046875 0.303222656
v -0.145584106 0.683425903 0.058891300
vt 0.602050781 0.306640625
vn -0.891035259 -0.134049594 0.433689892
vt 0.615234375 0.291503906
v -0.131057739 0.685852051 0.081809998
vt 0.586181641 0.309570312
vn -0.807228863 -0.109720454 0.579950988
v -0.130020142 0.701766968 0.081459045
vt 0.582275391 0.301513672
vn -0.629784584 0.236169249 0.739997029
v -0.143875122 0.715164185 0.056446075
vt 0.594726562 0.287841797
vn -0.865390897 0.188812539 0.464164346
vt 0.620605469 0.269287109
vt 0.628173828 0.278808594
v -0.154708862 0.722061157 0.024255756
vt 0.609619141 0.276611328
vn -0.951665044 0.196624964 0.235950112
v -0.145614624 0.733901978 0.039623260
vt 0.597412109 0.274414062
vn -0.828623235 0.363015920 0.426149219
vt 0.602294922 0.255859375
vt 0.620117188 0.243164062
v -0.130401611 0.738555908 0.057147980
vt 0.583984375 0.275634766
vn -0.724926472 0.401861459 0.559454262
vt 0.578857422 0.254150391
v -0.101348877 0.764099121 0.076072685
vt 0.561767578 0.265625000
vn -0.683494270 0.408525378 0.604931951
vt 0.553222656 0.250244141
v -0.112899780 0.731292725 0.080635071
vt 0.570068359 0.286376953
vn -0.655170143 0.331531882 0.678851068
v -0.089210510 0.730178833 0.099853516
vt 0.554687500 0.295166016
vn -0.664202750 0.134422019 0.735367596
v -0.092262268 0.753021240 0.091743469
vt 0.555664062 0.277343750
vn -0.842180312 0.299092084 0.448638260
v -0.078804016 0.771575928 0.092712387
vt 0.546142578 0.264648438
vn -0.622182250 0.716690958 0.315029055
v -0.093803406 0.741577148 0.108222961
vt 0.549804688 0.288085938
vn -0.993389368 -0.110376634 0.031536303
v -0.068016045 0.719085693 0.116714470
vt 0.541259766 0.306640625
vn -0.488022476 -0.110198632 0.865846574
v -0.092292786 0.760803223 0.106918328
vt 0.546875000 0.277832031
vn -0.909782946 0.384304851 0.156859234
v -0.089759819 0.738311768 0.119728088
vt 0.545166016 0.291992188
vn -0.796734095 -0.354980588 0.489084452
v -0.081855766 0.758453369 0.129997253
vt 0.536132812 0.284912109
vn -0.623906672 0.189541310 0.758165300
v -0.080963135 0.773559570 0.109741196
vt 0.540771484 0.272705078
vn -0.637854576 0.740226328 0.212618262
v -0.070114136 0.777038574 0.116889939
vt 0.534179688 0.272216797
vn -0.211753309 0.901912272 0.376450330
v -0.059558868 0.778564453 0.099670395
vt 0.531005859 0.264404297
vn -0.150016099 0.884305537 0.442152768
vt 0.534912109 0.247070312
v -0.073013298 0.727554321 0.127281189
vt 0.537841797 0.300048828
vn -0.346081316 -0.534853041 0.770817816
v -0.044712059 0.725585938 0.122795098
vt 0.522705078 0.306640625
vn 0.000000133 -0.047191415 0.998885930
v -0.060066216 0.732208252 0.133720398
vt 0.529785156 0.298339844
vn -0.094664298 -0.331325471 0.938755631
v -0.067481987 0.758605957 0.136222839
vt 0.530517578 0.284912109
vn -0.070793636 0.322504908 0.943916738
v -0.044788353 0.745178223 0.134208649
vt 0.521728516 0.291259766
vn 0.550447941 0.047181301 0.833535254
v -0.052413937 0.770782471 0.125801057
vt 0.524414062 0.279296875
vn 0.331997722 0.727233052 0.600757599
v -0.038093563 0.765075684 0.117355332
vt 0.511230469 0.286132812
vn 0.141780734 0.433218658 0.890067339
vt 0.505126953 0.284667969
vt 0.519042969 0.249755859
vt 0.486572266 0.269531250
vt 0.492919922 0.286376953
vt 0.504638672 0.306396484
v -0.019889824 0.721603394 0.128135651
vt 0.510742188 0.312988281
vn -0.447696060 0.345590025 0.824703574
v -0.021167748 0.709579468 0.130775422
vt 0.512451172 0.321044922
vn -0.692548394 -0.086568564 0.716158211
vt 0.501708984 0.309326172
vt 0.490966797 0.303955078
v -0.022027958 0.718460083 0.155494660
vt 0.497558594 0.315429688
vn -0.960957706 0.275684536 0.023630222
vt 0.468261719 0.307861328
vt 0.457275391 0.304443359
v -0.020215971 0.713348389 0.192527741
vt 0.479492188 0.315429688
vn -0.985076845 0.047283649 0.165493041
vt 0.451660156 0.306640625
vt 0.479492188 0.319091797
v -0.017990097 0.701049805 0.179588288
vt 0.487060547 0.320800781
vn -0.864241660 -0.502831578 0.015713619
vt 0.484375000 0.324462891
vt 0.474365234 0.319824219
vt 0.510009766 0.329833984
vt 0.508300781 0.344482422
vt 0.585205078 0.457519531
v -0.028015118 0.536128998 0.159843445
vt 0.579833984 0.444824219
vn -0.141499862 0.212250039 0.966916621
vt 0.596191406 0.442871094
vt 0.574218750 0.456054688
vt 0.572753906 0.447998047
vt 0.573730469 0.442138672
vt 0.573730469 0.428222656
v -0.061187726 0.543830872 0.144172668
vt 0.587646484 0.434814453
vn -0.213008165 0.607468009 0.765251815
v -0.078506455 0.543701172 0.140937805
vt 0.593994141 0.434082031
vn -0.371718615 0.656439364 0.656439424
v -0.046577439 0.552562714 0.138847351
vt 0.580566406 0.426757812
vn -0.235317588 0.721640766 0.651045442
vt 0.567138672 0.438720703
vt 0.606933594 0.437744141
vt 0.609130859 0.454589844
v -0.136505112 0.538105011 0.102569588
vt 0.619384766 0.429443359
vn -0.654986501 0.315656185 0.686552227
vt 0.619140625 0.445068359
v -0.145431504 0.527982712 0.090919510
vt 0.625488281 0.433349609
vn -0.873041987 -0.000000017 0.487645239
vt 0.421630859 0.878417969
vt 0.406738281 0.882568359
vt 0.418945312 0.865234375
vt 0.404296875 0.874511719
v -0.146606445 0.511194229 0.020187389
vt 0.400146484 0.880859375
vn 0.102549970 -0.993945599 -0.039442256
vt 0.393798828 0.863281250
v -0.138641357 0.512575150 0.044635784
vt 0.405517578 0.892333984
vn 0.071104638 -0.995464504 -0.063204058
vt 0.418701172 0.903320312
vt 0.402832031 0.902832031
v -0.158645630 0.512255669 0.007512105
vt 0.392333984 0.876953125
vn -0.346628636 -0.937472939 0.031511784
vt 0.387207031 0.863281250
vt 0.380615234 0.869628906
v -0.167495728 0.519296646 0.021377578
vt 0.385498047 0.885009766
vn -0.741999865 -0.655170202 0.142085224
v -0.160491943 0.518049240 0.052104965
vt 0.390869141 0.901123047
vn -0.780641496 -0.544083536 0.307525575
vt 0.406982422 0.930664062
vt 0.390380859 0.924072266
v -0.179809570 0.535430908 -0.003208623
vt 0.371093750 0.874755859
vn -0.992002964 -0.007873078 0.125968769
vt 0.363037109 0.845703125
vt 0.360351562 0.862304688
v -0.169723511 0.527776718 0.031093612
vt 0.381103516 0.891113281
vn -0.944530547 -0.236132681 0.228261679
v -0.164321899 0.530681610 0.056484237
vt 0.383544922 0.904541016
vn -0.921688497 -0.086654507 0.378128767
v -0.168075562 0.541164398 0.041759506
vt 0.374267578 0.898437500
vn -0.916573703 0.316059887 0.244946539
v -0.169052124 0.551849365 0.004486096
vt 0.361816406 0.883544922
vn -0.942925513 0.314308465 0.110008083
vt 0.352050781 0.870361328
v -0.158950806 0.545600891 0.055534374
vt 0.375732422 0.908935547
vn -0.664306700 0.648489892 0.371695489
vt 0.381591797 0.932128906
vt 0.370117188 0.916992188
v -0.164932251 0.550228119 0.025579466
vt 0.365234375 0.895507812
vn -0.808396578 0.353183001 0.470910758
v -0.138687134 0.565895081 0.062107094
vt 0.361328125 0.918457031
vn -0.807327986 0.172439009 0.564345896
vt 0.361816406 0.927246094
vt 0.348388672 0.925292969
v -0.167541504 0.560306549 0.024854673
vt 0.359619141 0.894531250
vn -0.906580389 0.228615910 0.354749024
v -0.157287598 0.582000732 0.026937494
vt 0.348144531 0.900878906
vn -0.857815683 0.220356315 0.464322388
v -0.158065796 0.594474792 0.026569376
vt 0.341308594 0.902343750
vn -0.763661265 0.511731684 0.393639892
vt 0.332031250 0.907470703
vt 0.321777344 0.888427734
vt 0.331787109 0.881103516
v -0.164428711 0.583930969 0.004793654
vt 0.342773438 0.890380859
vn -0.967514694 -0.023597952 0.251711279
v -0.164154053 0.570793152 0.000484179
vt 0.348144531 0.886474609
vn -0.955097914 0.221014351 0.197334379
vt 0.342041016 0.874023438
v -0.172821045 0.561744690 -0.014356601
vt 0.351806641 0.877441406
vn -0.970038831 0.141956866 0.197162479
vt 0.344970703 0.868652344
vt 0.220458984 0.076416016
vt 0.221435547 0.053955078
vt 0.230468750 0.074951172
v -0.293762207 0.523729324 -0.007938832
vt 0.231201172 0.096679688
vn 0.408739805 0.856781721 -0.314415395
v -0.287109375 0.522174835 0.008142500
vt 0.220947266 0.094482422
vn 0.434338421 0.797603190 0.418544173
vt 0.215820312 0.084716797
v -0.301910400 0.520868301 0.015712770
vt 0.210449219 0.099365234
vn 0.212433964 0.055075489 0.975622118
v -0.297943115 0.532894135 0.004645855
vt 0.222900391 0.102539062
vn 0.872475505 0.440167844 0.212223649
v -0.303619385 0.534286499 -0.007575481
vt 0.235839844 0.104003906
vn 0.519041717 0.369620711 -0.770698547
v -0.318511963 0.562896729 0.019495042
vt 0.213623047 0.121826172
vn 0.402461737 -0.007891347 0.915402830
v -0.330657959 0.606895447 0.017669708
vt 0.225830078 0.137939453
vn 0.881043553 0.471987635 0.031465702
v -0.329345703 0.591918945 0.002185615
vt 0.235351562 0.136474609
vn 0.520023584 0.425473958 -0.740639925
v -0.339996338 0.606849670 0.031337772
vt 0.220947266 0.144775391
vn 0.102156661 0.463633657 0.880118132
v -0.352813721 0.596679688 0.027923619
vt 0.214355469 0.149658203
vn -0.495311052 -0.314483285 0.809794486
v -0.357910156 0.599670410 0.009807621
vt 0.227783203 0.154296875
vn -0.944150448 -0.180962235 -0.275377065
v -0.343780518 0.612556458 0.008346590
vt 0.230224609 0.146728516
vn -0.023591436 0.951517940 -0.306687623
v -0.347778320 0.603027344 0.004171882
vt 0.234619141 0.152099609
vn -0.212809786 0.173400387 -0.961584330
vt 0.945068359 0.160888672
vt 0.933349609 0.138427734
vt 0.948486328 0.157958984
vt 0.936035156 0.135009766
vt 0.933837891 0.125976562
v -0.328521729 0.520517349 -0.007714714
vt 0.919189453 0.126464844
vn -0.142196015 0.142195836 -0.979571700
vt 0.920898438 0.139160156
vt 0.912353516 0.131347656
vt 0.909423828 0.140625000
vt 0.908935547 0.133300781
vt 0.909179688 0.129394531
v -0.335205078 0.522138596 -0.000426965
vt 0.915039062 0.124511719
vn -0.841841578 0.275368631 -0.464192837
v -0.326995850 0.530876160 -0.000948455
vt 0.920166016 0.120117188
vn -0.181259900 0.362519503 -0.914179683
v -0.320251465 0.536827087 -0.005114045
vt 0.926269531 0.118652344
vn -0.780447602 -0.244382620 -0.575481415
v -0.325408936 0.536598206 0.004436526
vt 0.919677734 0.117675781
vn 0.204237416 0.934779286 -0.290645719
v -0.326507568 0.567840576 -0.003491846
vt 0.938720703 0.103515625
vn -0.212433979 0.055075392 -0.975622118
vt 0.948242188 0.092773438
vt 0.948730469 0.079101562
vt 0.943115234 0.074707031
v -0.332061768 0.558902740 0.017326389
vt 0.926025391 0.097167969
vn -0.756445050 -0.527935684 0.386102319
vt 0.936279297 0.071289062
v -0.319732666 0.535640717 0.013523134
vt 0.919189453 0.110595703
vn 0.015744234 0.369987041 0.928903520
vt 0.919677734 0.094970703
vt 0.907958984 0.107421875
vt 0.932373047 0.394775391
vt 0.924560547 0.413818359
vt 0.928710938 0.396484375
vt 0.916992188 0.411376953
v -0.325195312 0.525394440 0.018272433
vt 0.918457031 0.424804688
vn 0.007873658 0.007873571 0.999938011
vt 0.901367188 0.411865234
vt 0.882812500 0.415039062
vt 0.901367188 0.430908203
v -0.371673584 0.503390312 -0.006251294
vt 0.876220703 0.419433594
vn -0.345931679 0.935587764 -0.070758730
vt 0.891601562 0.429931641
vt 0.867431641 0.419189453
v -0.339569092 0.519847870 0.020053901
vt 0.913574219 0.435058594
vn -0.172486633 -0.956517160 0.235209212
v -0.359985352 0.541843414 0.031200450
vt 0.927246094 0.444580078
vn 0.385802954 0.244079426 0.889708579
v -0.393920898 0.539241791 0.015852017
vt 0.914062500 0.466308594
vn -0.377917677 -0.614116192 -0.692848921
vt 0.897949219 0.433593750
v -0.384094238 0.549808502 0.011588138
vt 0.906982422 0.469238281
vn -0.063133337 0.378799200 -0.923323095
v -0.423767090 0.562419891 0.018989610
vt 0.920166016 0.492187500
vn -0.552708268 0.142124891 -0.821166337
v -0.423919678 0.548828125 0.028568314
vt 0.923583984 0.482910156
vn -0.440412730 -0.896554530 -0.047186982
v -0.425537109 0.553520203 0.044731185
vt 0.933837891 0.489990234
vn -0.788894832 -0.410225332 0.457559139
v -0.375366211 0.533912659 0.032810252
vt 0.924316406 0.457275391
vn -0.094138533 -0.753109217 0.651125669
v -0.417785645 0.556732178 0.048320815
vt 0.938964844 0.484863281
vn 0.164757967 -0.203985855 0.965010226
vt 0.950927734 0.760009766
vt 0.942626953 0.759277344
vt 0.952148438 0.755371094
vt 0.936035156 0.760253906
vt 0.936279297 0.749511719
vt 0.938232422 0.781005859
v -0.366027832 0.552349091 0.023681680
vt 0.947265625 0.783203125
vn 0.408790380 0.872610271 0.267285913
v -0.380676270 0.557826996 0.019950908
vt 0.952880859 0.789550781
vn 0.204376146 0.848947525 -0.487358838
vt 0.956787109 0.759033203
vt 0.959716797 0.790283203
v -0.414886475 0.573577881 0.037708327
vt 0.946777344 0.809326172
v -0.416931152 0.572204590 0.028896375
vt 0.951416016 0.810302734
vn -0.188509554 0.848292589 -0.494837314
vt 0.958496094 0.815673828
vt 0.937988281 0.819580078
v -0.413665771 0.567039490 0.046257064
vt 0.941162109 0.811035156
vn 0.260513783 0.481555670 0.836801589
vt 0.935302734 0.814697266
vt 0.102294922 0.036376953
vt 0.103271484 0.025878906
v -0.405609131 0.495490044 -0.005805447
vt 0.108398438 0.028076172
vn -0.313718289 0.948997676 -0.031371821
vt 0.112792969 0.025878906
vt 0.105712891 0.039794922
vt 0.112792969 0.040771484
vt 0.822753906 0.792968750
vt 0.817382812 0.776367188
vt 0.835205078 0.779785156
v -0.074867278 0.737258911 -0.156120300
vt 0.834228516 0.766601562
vn -0.595643580 -0.078374207 -0.799416125
vt 0.842773438 0.771240234
v -0.101898223 0.731063843 -0.137779236
vt 0.824218750 0.752685547
vn -0.665975809 0.219380170 -0.712985694
vt 0.809082031 0.757812500
v -0.087783843 0.741546631 -0.147315979
vt 0.833984375 0.757812500
vn -0.680272520 -0.640721798 -0.355956435
vt 0.816650391 0.733642578
v -0.110565208 0.754638672 -0.113258362
vt 0.830078125 0.734130859
vn -0.855066419 -0.156892970 -0.494212538
v -0.097419769 0.748550415 -0.159126282
vt 0.843750000 0.757324219
vn -0.678175271 -0.615089238 -0.402173579
v -0.113006622 0.755035400 -0.137214661
vt 0.841308594 0.742675781
vn -0.725309372 -0.670122802 -0.157675833
v -0.100280799 0.769134521 -0.173118591
vt 0.859130859 0.758056641
vn -0.711579323 -0.229286700 -0.664140463
vt 0.865722656 0.765625000
vt 0.865722656 0.750976562
v -0.115638763 0.768371582 -0.144752502
vt 0.850830078 0.742431641
vn -0.839144826 -0.227431789 -0.494075745
v -0.125068694 0.789306641 -0.137611389
vt 0.858886719 0.732177734
vn -0.788085997 0.197021425 -0.583183527
vt 0.871582031 0.727294922
v -0.126052886 0.776214600 -0.127067566
vt 0.849365234 0.730224609
vn -0.937182248 -0.165385157 -0.307143629
v -0.123641998 0.805297852 -0.127342224
vt 0.864013672 0.723144531
vn -0.863150120 0.353106797 -0.360953569
vt 0.872802734 0.725097656
v -0.133743316 0.781494141 -0.108810432
vt 0.845214844 0.719726562
vn -0.970431209 -0.047338162 -0.236690417
v -0.132659942 0.821197510 -0.084724434
vt 0.859375000 0.697753906
vn -0.830253720 0.474430650 -0.292565495
vt 0.866455078 0.685058594
v -0.130950958 0.770599365 -0.096244819
vt 0.834716797 0.718017578
vn -0.855303228 -0.517890096 -0.015693504
vt 0.857910156 0.680664062
vt 0.870117188 0.665771484
v -0.138519317 0.797851562 -0.075157173
vt 0.843505859 0.699951172
vn -0.996515274 0.054925989 -0.062772483
v -0.138946548 0.792480469 -0.053565979
vt 0.834472656 0.691650391
vn -0.989461064 -0.109940156 0.094234526
vt 0.832031250 0.676513672
vt 0.826660156 0.684814453
v -0.130447403 0.779418945 -0.059444427
vt 0.828369141 0.698486328
vn -0.994874716 -0.063166693 -0.078958184
v -0.125961334 0.767028809 -0.093284614
vt 0.830322266 0.718750000
vn -0.936891854 0.047238190 -0.346413672
v -0.141082779 0.765869141 -0.050140381
vt 0.818115234 0.695800781
vn -0.906580508 0.354748845 -0.228615835
vt 0.811035156 0.681640625
vt 0.802978516 0.694091797
v -0.132553115 0.760009766 -0.074157722
vt 0.820800781 0.709716797
vn -0.911494672 0.282877594 -0.298592955
vt 0.806884766 0.710693359
vt 0.813476562 0.727539062
v -0.133499175 0.758880615 -0.092880256
vt 0.824707031 0.718750000
vn -0.950959444 0.141464964 -0.275070757
v -0.127441436 0.750518799 -0.096580505
vt 0.821533203 0.723632812
vn -0.832378209 0.196315542 -0.518273056
vt 0.802978516 0.732177734
v -0.012044946 0.868621826 -0.173454314
vt 0.948242188 0.423828125
vn -0.974958539 0.220151886 -0.031450160
vt 0.945800781 0.455566406
vt 0.925781250 0.425537109
vt 0.981933594 0.407226562
vt 0.943847656 0.395751953
vt 0.871826172 0.283691406
vt 0.880126953 0.320800781
vt 0.860107422 0.293945312
vt 0.854736328 0.306640625
v -0.072105438 0.832000732 -0.138374329
vt 0.860595703 0.337158203
vn -0.654925466 0.362970650 -0.662815988
vt 0.882324219 0.340332031
vt 0.840332031 0.311767578
vt 0.869140625 0.377197266
v -0.064498931 0.846405029 -0.135353088
vt 0.850341797 0.336914062
vn -0.824627280 0.015707124 -0.565458477
v -0.050148044 0.859863281 -0.138191253
vt 0.840087891 0.327148438
vn 0.071024716 0.078916453 -0.994347930
v -0.086639434 0.845550537 -0.103614815
vt 0.854492188 0.364990234
vn -0.707521975 0.322315425 -0.628908157
vt 0.877441406 0.365478516
vt 0.880859375 0.394287109
v -0.105323814 0.833099365 -0.077941902
vt 0.868652344 0.390625000
vn -0.487584800 0.833612621 -0.259520859
vt 0.863281250 0.401367188
vt 0.883056641 0.409179688
v -0.093277007 0.844238281 -0.094657905
vt 0.854248047 0.388916016
vn -0.972552359 0.229300916 0.039534766
vt 0.841552734 0.402587891
v -0.072731048 0.864959717 -0.103996292
vt 0.839111328 0.355468750
vn -0.448568791 0.574482679 -0.684657395
v -0.062797576 0.872314453 -0.112869278
vt 0.838378906 0.341308594
vn -0.581668198 0.078603841 0.809619486
v -0.076370269 0.870300293 -0.092437759
vt 0.829833984 0.372070312
vn -0.624179423 0.687387407 -0.371347159
v -0.089553863 0.850341797 -0.114868172
vt 0.847167969 0.366210938
vn 0.259064555 -0.321868271 -0.910651624
v -0.084228538 0.860717773 -0.075599685
vt 0.835693359 0.386718750
vn -0.715095878 0.251462311 0.652230501
vt 0.828857422 0.387207031
v -0.078170806 0.877319336 -0.077804580
vt 0.829833984 0.382812500
vn -0.819227815 0.346596420 0.456877172
v -0.091171294 0.877441406 -0.107170112
vt 0.818359375 0.379394531
vn -0.975169480 -0.212335333 0.062914290
v -0.076057464 0.873687744 -0.111679092
vt 0.815185547 0.375000000
v -0.081611663 0.878784180 -0.112319961
vt 0.815185547 0.378173828
vn -0.649078846 0.744065940 -0.158311844
v -0.101982147 0.858459473 -0.112518318
vt 0.841064453 0.369384766
vn -0.299584419 0.772612154 -0.559749603
v -0.095222503 0.870819092 -0.080879219
vt 0.836425781 0.379394531
vn -0.236948848 0.971490085 -0.007898305
v -0.102409385 0.864166260 -0.074630745
vt 0.839111328 0.382080078
vn -0.576575279 0.236948803 0.781931043
v -0.105751067 0.845977783 -0.106620796
vt 0.848144531 0.375000000
vn -0.495940030 -0.802950501 -0.330626577
v -0.113029510 0.856994629 -0.095802315
vt 0.843505859 0.378173828
vn -0.868379056 0.481555611 -0.118415229
v -0.108497649 0.851043701 -0.084640510
vt 0.845214844 0.383056641
vn -0.361610949 -0.746805489 0.558138967
vt 0.028564453 0.993896484
v -0.052333865 0.854766846 -0.148918182
vt 0.039794922 0.994873047
vn 0.677753866 -0.701396525 -0.220664129
vt 0.036376953 1.000000000
v -0.057445563 0.859161377 -0.161628723
vt 0.045654297 0.987548828
vn 0.401313573 -0.550822675 -0.731807292
v -0.046169318 0.872009277 -0.153129607
vt 0.049072266 0.996826172
vn 0.920546591 -0.180962145 -0.346188635
v -0.068328895 0.849548340 -0.153007507
vt 0.036376953 0.987304688
vn -0.322494954 -0.857364535 -0.401152134
v -0.068054236 0.864593506 -0.160240173
vt 0.043212891 0.979980469
vn -0.638548017 0.559714794 -0.528181553
v -0.054718055 0.870056152 -0.164558440
vt 0.049560547 0.984375000
vn 0.015779242 0.670623124 -0.741630375
v -0.085090667 0.857086182 -0.123283401
vt 0.020507812 0.980712891
vn -0.423728138 -0.768988192 0.478656024
vt 0.009277344 0.990722656
v -0.081260718 0.858093262 -0.144920349
vt 0.031250000 0.979980469
vn -0.780860186 0.496910930 -0.378598809
v -0.046890292 0.881225586 -0.141441375
vt 0.041748047 0.963867188
vn -0.423898011 0.753596306 -0.502397537
vt 0.009277344 0.981445312
v -0.084053069 0.863342285 -0.129341125
vt 0.022705078 0.975585938
vn -0.661581457 0.606449604 -0.441054195
vt 0.009521484 0.975585938
v -0.082809478 0.875793457 -0.119300857
vt 0.014160156 0.972900391
vn -0.565545917 0.534126580 -0.628384173
vt 0.278076172 0.943603516
vt 0.271972656 0.952392578
vt 0.260009766 0.927490234
v -0.039505038 0.883666992 -0.135246307
vt 0.274902344 0.906250000
vn -0.149857506 0.354925334 -0.922805905
vt 0.262939453 0.906005859
v -0.060775790 0.895416260 -0.123176590
vt 0.282958984 0.872558594
vn -0.401649624 0.779672623 -0.480404317
vt 0.236816406 0.926513672
vt 0.218261719 0.917236328
vt 0.229736328 0.934082031
vt 0.193847656 0.080566406
vt 0.178222656 0.056884766
vt 0.200195312 0.057861328
v -0.024299661 0.894287109 -0.163902313
vt 0.175292969 0.093261719
vn 0.322814763 -0.322814614 0.889708579
v -0.029186288 0.890319824 -0.175102264
vt 0.160888672 0.091796875
vn -0.583909392 -0.757504106 -0.291954577
vt 0.160644531 0.056884766
vt 0.183837891 0.045410156
v -0.036712687 0.903045654 -0.178901702
vt 0.144775391 0.081298828
vn -0.667864382 0.141430020 -0.730722070
v -0.033092540 0.908142090 -0.165473968
vt 0.134033203 0.092041016
vn -0.788551271 -0.465245277 0.402161300
v -0.033462565 0.917022705 -0.169517547
vt 0.122070312 0.085205078
vn -0.306290209 0.581165731 -0.753944814
vt 0.120605469 0.062988281
vt 0.121337891 0.046386719
vt 0.103027344 0.078125000
vt 0.094726562 0.059082031
v -0.027191201 0.925384521 -0.160270721
vt 0.107177734 0.093994141
vn -0.228672937 0.559854031 -0.796412110
vt 0.093505859 0.097167969
v -0.025037805 0.878265381 -0.171287566
vt 0.291015625 0.964599609
vn 0.773767173 0.244763106 -0.584273398
vt 0.316406250 0.977050781
vt 0.292480469 0.979492188
vt 0.309570312 0.955566406
v -0.040920299 0.872619629 -0.180824310
vt 0.267578125 0.979248047
vn -0.165451854 -0.709079266 -0.685443103
v -0.034103435 0.880035400 -0.182029754
vt 0.272460938 0.967773438
vn 0.125606999 0.635886014 -0.761493206
vt 0.295166016 0.948242188
v -0.034210242 0.888275146 -0.166755706
vt 0.283203125 0.948730469
vn -0.284489512 0.837663352 -0.466246545
vt 0.285400391 0.922363281
vt 0.967285156 0.908203125
vt 0.986328125 0.927246094
vt 0.965820312 0.937744141
vt 0.982177734 0.904541016
vt 0.977050781 0.878417969
vt 0.900878906 0.592529297
vt 0.909667969 0.578125000
vt 0.922363281 0.606689453
vt 0.888183594 0.570312500
vt 0.903320312 0.547363281
vt 0.934570312 0.561523438
vt 0.948974609 0.572021484
vt 0.959472656 0.539550781
vt 0.948730469 0.621093750
vt 0.960693359 0.629638672
vt 0.450439453 0.969482422
v -0.038803138 0.883514404 -0.143913299
vt 0.464843750 0.952148438
vn -0.181722969 -0.150119066 0.971823633
vt 0.481445312 0.968750000
vt 0.501220703 0.941406250
vt 0.507324219 0.957031250
v -0.037715949 0.897308350 -0.149543792
vt 0.442626953 0.931152344
vn -0.086716406 0.969646931 0.228615910
vt 0.427246094 0.932617188
vt 0.427246094 0.903076172
v -0.045997657 0.872344971 -0.153831512
vt 0.482421875 0.935791016
vn -0.378292888 -0.630488336 0.677775025
v -0.060665168 0.884063721 -0.157081604
vt 0.466552734 0.929443359
vn -0.826515436 0.196789399 0.527395725
v -0.055816691 0.883697510 -0.171699554
vt 0.463134766 0.913085938
vn -0.487404048 0.636769652 -0.597462833
vt 0.463134766 0.891845703
vt 0.484619141 0.894531250
vt 0.519775391 0.922363281
v -0.054203071 0.870422363 -0.164543182
vt 0.478027344 0.918457031
vn -0.576719344 -0.805826962 -0.134304389
vt 0.016113281 0.669189453
vt 0.010742188 0.648193359
vt 0.034667969 0.648681641
vt 0.000488281 0.650146484
vt 0.011230469 0.627685547
vt 0.025634766 0.621582031
v -0.026317636 0.909912109 -0.156700164
vt 0.035400391 0.656494141
vn 0.220151991 -0.912057877 0.345953017
vt 0.064453125 0.646728516
v -0.027090110 0.914886475 -0.143531829
vt 0.063232422 0.671142578
vn 0.354495734 -0.590825975 0.724746525
v -0.047348063 0.908569336 -0.162696868
vt 0.026123047 0.679931641
vn -0.526353061 -0.667761266 -0.526352942
vt 0.007812500 0.682617188
v -0.058788337 0.913543701 -0.145988464
vt 0.045410156 0.693847656
vn -0.338278621 -0.865364134 0.369746566
v -0.050376929 0.921630859 -0.136665374
vt 0.061035156 0.706054688
vn -0.243476227 -0.086394802 0.966051400
v -0.062027015 0.928802490 -0.151618958
vt 0.034423828 0.706054688
vn -0.557949364 0.660108984 -0.502940118
vt 0.000244141 0.701904297
v -0.038581885 0.939239502 -0.139167815
vt 0.035888672 0.734130859
vn -0.713182867 0.689671278 0.125394836
vt 0.001220703 0.718261719
vt 0.027343750 0.753662109
vt 0.037353516 0.756347656
vt 0.027832031 0.775146484
vt 0.902832031 0.111816406
vt 0.860595703 0.079833984
v -0.045852691 0.900787354 -0.105026260
vt 0.896972656 0.056152344
vn -0.699574113 0.550226688 -0.455902129
v -0.061046634 0.888977051 -0.114616409
vt 0.840087891 0.040283203
vn 0.832814753 0.062853999 0.549971819
vt 0.857177734 0.029052734
v -0.067443877 0.876800537 -0.099746719
vt 0.874511719 0.022949219
vn -0.549904168 0.235673100 -0.801288664
vt 0.871826172 0.008789062
vt 0.885986328 0.009033203
vt 0.898437500 0.031494141
v -0.053340945 0.900604248 -0.109977737
vt 0.903564453 0.048339844
vn -0.416368872 0.887729704 -0.196400359
vt 0.902099609 0.012695312
vt 0.730712891 0.863769531
vt 0.767822266 0.878906250
vt 0.736816406 0.875488281
vt 0.699218750 0.872802734
vt 0.733154297 0.843505859
vt 0.697753906 0.883056641
vt 0.738281250 0.908447266
vt 0.687744141 0.902343750
v -0.077194244 0.891601562 -0.077972427
vt 0.693115234 0.832275391
vn -0.527919233 0.843094885 0.102432117
vt 0.684814453 0.867187500
vt 0.676269531 0.823730469
v -0.056617767 0.894500732 -0.090751663
vt 0.716064453 0.820800781
vn -0.402361453 0.915175021 0.023668334
vt 0.734863281 0.833007812
v -0.058929469 0.889282227 -0.069702163
vt 0.697753906 0.799316406
vn -0.558190644 0.809769452 -0.180822268
vt 0.672851562 0.807617188
v -0.044490848 0.915191650 -0.106765762
vt 0.444091797 0.133789062
vn 0.274664104 -0.926010132 0.258968949
v -0.065994292 0.913146973 -0.114128128
vt 0.406005859 0.117919922
vn -0.322315454 -0.927639723 -0.188672394
v -0.037689243 0.915435791 -0.121002212
vt 0.433837891 0.114746094
vn 0.683304608 -0.714720905 -0.149227500
v -0.060096774 0.917877197 -0.125213638
vt 0.407958984 0.088378906
vn -0.565458655 -0.015707241 -0.824627042
v -0.044902839 0.919952393 -0.136283904
vt 0.429687500 0.095703125
vn -0.007904589 0.632356703 -0.774637103
v -0.053543124 0.925994873 -0.112159744
vt 0.445068359 0.074951172
vn -0.371034712 0.836801529 -0.402612001
v -0.035728488 0.940185547 -0.107353233
vt 0.461425781 0.102539062
vn 0.496771842 0.827953219 -0.260213941
v -0.050197635 0.934204102 -0.097824119
vt 0.477539062 0.095703125
vn -0.173594832 0.544456005 -0.820629358
v -0.040561706 0.925659180 -0.098304763
vt 0.466796875 0.121582031
vn 0.844065070 -0.236653700 0.481195837
v -0.053260833 0.919189453 -0.094573990
vt 0.471191406 0.134521484
vn 0.629609048 -0.598128617 -0.495817214
vt 0.483886719 0.172851562
v -0.040710479 0.911834717 -0.077110305
vt 0.494628906 0.144042969
vn 0.299249738 0.913499177 0.275624692
v -0.045444518 0.922180176 -0.087730423
vt 0.484375000 0.122314453
vn 0.575302780 -0.740800738 -0.346757889
vt 0.517333984 0.083496094
v -0.016984969 0.931945801 -0.089424163
vt 0.525146484 0.098144531
vn -0.627571702 -0.588348389 -0.509901881
v -0.034912143 0.946441650 -0.100990318
vt 0.501953125 0.078369141
vn 0.078762010 0.519830048 -0.850631118
vt 0.503417969 0.064208984
v -0.048164401 0.947540283 -0.095413230
vt 0.490722656 0.073486328
vn -0.699466050 0.707325101 -0.102169119
v -0.052169830 0.933563232 -0.091690086
vt 0.473876953 0.090820312
vn -0.867298603 0.433649272 0.244420618
v -0.045162231 0.909210205 -0.088897720
vt 0.312500000 0.888183594
vn -0.680997312 0.680997252 -0.269231409
vt 0.284423828 0.889892578
vt 0.300781250 0.871337891
vt 0.316894531 0.873046875
vt 0.305175781 0.946777344
vt 0.321533203 0.941162109
vt 0.333984375 0.925292969
vt 0.334960938 0.939941406
v -0.067718536 0.914367676 -0.099586502
vt 0.045654297 0.041015625
vn -0.299361050 -0.905961275 0.299361199
vt 0.028320312 0.031005859
vt 0.050048828 0.015869141
vt 0.063476562 0.036621094
v -0.072662383 0.927490234 -0.102935813
vt 0.032226562 0.048828125
vn -0.722352326 0.675242245 -0.149181396
vt 0.005859375 0.032714844
vt 0.009521484 0.059814453
vt 0.030517578 0.070312500
vt 0.041748047 0.069824219
v -0.064147979 0.919738770 -0.092094436
vt 0.052001953 0.052001953
vn -0.758567452 0.600532532 0.252855897
v -0.052364379 0.922607422 -0.078742996
vt 0.060058594 0.070312500
vn -0.819100797 0.086635657 0.567069948
v -0.057315856 0.908264160 -0.093566909
vt 0.074951172 0.042968750
vn -0.031542137 -0.559871495 -0.827978909
vt 0.082275391 0.026367188
v -0.070098907 0.911376953 -0.090759292
vt 0.072021484 0.058837891
vn -0.855593085 -0.392473936 -0.337527364
v -0.068466216 0.912719727 -0.064018264
vt 0.075439453 0.082519531
vn -0.701745272 0.630782187 0.331160754
v -0.056442287 0.900451660 -0.079360977
vt 0.097412109 0.041015625
vt 0.097656250 0.015625000
v -0.067970306 0.901641846 -0.066162124
vt 0.106933594 0.051513672
vn -0.651125550 -0.753109217 0.094138771
vt 0.651123047 0.940673828
vt 0.680175781 0.942138672
vt 0.652099609 0.969482422
vt 0.681152344 0.968261719
vt 0.618652344 0.940673828
vt 0.647705078 0.929199219
vt 0.614013672 0.928466797
vt 0.615722656 0.224365234
v -0.089347862 0.881042480 -0.062263500
vt 0.627197266 0.215576172
vn -0.574500561 -0.558760703 -0.598110020
v -0.069343597 0.896911621 -0.069442764
vt 0.623779297 0.223388672
vn -0.158049747 0.972005606 -0.173854694
v -0.087608360 0.885864258 -0.053257003
vt 0.630126953 0.218505859
vn -0.651667237 0.612410247 0.447530627
v -0.064567588 0.891601562 -0.040683765
vt 0.633789062 0.225585938
vn -0.299064308 0.779141247 0.550907910
v -0.056526206 0.889831543 -0.041824359
vt 0.633300781 0.232421875
vn -0.267583847 0.905063093 0.330544770
vt 0.623046875 0.237304688
vt 0.635009766 0.246582031
vt 0.438476562 0.978515625
vt 0.436767578 0.959716797
vt 0.446044922 0.975830078
v -0.057186153 0.904785156 -0.054348011
vt 0.446289062 0.987304688
vn 0.346553504 -0.708859205 0.614344656
vt 0.458007812 0.974121094
v -0.050975826 0.918060303 -0.056804676
vt 0.437011719 0.992187500
vn 0.353662640 0.738761842 0.573719263
vt 0.607177734 0.004882812
vt 0.618652344 0.015625000
vt 0.608154297 0.033203125
vt 0.618408203 0.029785156
vt 0.640869141 0.017333984
vt 0.632812500 0.010986328
vt 0.908447266 0.980712891
vt 0.895996094 0.997070312
v -0.030414619 0.934509277 -0.138740569
vt 0.884277344 0.978027344
vn 0.197039992 -0.409842879 0.890620172
vt 0.864257812 0.988769531
vt 0.899414062 0.952148438
vt 0.859863281 0.971191406
vt 0.879394531 0.966552734
vt 0.401367188 0.127441406
vt 0.391357422 0.131591797
v -0.025693921 0.926757812 -0.066238433
vt 0.381591797 0.114257812
vn 0.211962074 -0.973455131 0.086354911
vt 0.374755859 0.133544922
vt 0.400634766 0.082275391
vt 0.370117188 0.096923828
vt 0.397705078 0.072998047
vt 0.377685547 0.077880859
vt 0.429443359 0.054443359
vt 0.426757812 0.072753906
vt 0.446777344 0.042236328
vt 0.450195312 0.068115234
vt 0.416015625 0.046386719
vt 0.389892578 0.060058594
vt 0.374267578 0.052490234
vt 0.353271484 0.037353516
vt 0.342285156 0.040771484
v -0.072639480 0.881713867 -0.011536613
vt 0.209716797 0.979248047
vn -0.678027689 -0.599187315 -0.425738245
vt 0.228027344 0.973876953
v -0.057041183 0.864501953 -0.000838057
vt 0.226562500 0.988281250
vn -0.276130319 -0.946732700 -0.165678129
v -0.059886955 0.890991211 -0.029533403
vt 0.213378906 0.961181641
vn -0.528214574 -0.315351993 -0.788379788
vt 0.222412109 0.959716797
v -0.067863487 0.892303467 -0.017745987
vt 0.207519531 0.968750000
vn -0.746321440 0.652049184 0.133552328
v -0.066177383 0.875213623 0.013492568
vt 0.193603516 0.987792969
vn -0.590386510 0.574642897 0.566771090
v -0.056064624 0.902465820 -0.020637529
vt 0.202636719 0.957031250
vn -0.722240984 0.620185137 0.306167424
v -0.026296634 0.908569336 -0.004784606
vt 0.176757812 0.952392578
vn -0.370884389 0.702313125 0.607619226
vt 0.215820312 0.948242188
vt 0.227050781 0.949218750
vt 0.230957031 0.939453125
vt 0.206542969 0.937011719
vt 0.221191406 0.934326172
v -0.054523487 0.908630371 -0.015299815
vt 0.197753906 0.951904297
vn -0.629316747 0.283192545 0.723714352
vt 0.189208984 0.944091797
vt 0.172607422 0.946777344
vt 0.169433594 0.949218750
vt 0.167236328 0.942871094
vt 0.560546875 0.906982422
v -0.035434738 0.865570068 0.005328160
vt 0.549316406 0.929931641
vn 0.386378109 -0.796412110 -0.465230852
vt 0.530273438 0.929931641
vt 0.534423828 0.909912109
vt 0.536132812 0.947753906
v -0.004581943 0.875885010 0.015621161
vt 0.571533203 0.919921875
vn 0.582550764 -0.692763090 -0.425104707
vt 0.583740234 0.914794922
v -0.023592008 0.863800049 0.026693324
vt 0.564208984 0.933837891
vn 0.196261168 -0.973455131 0.117756695
v -0.050479900 0.864410400 0.027978880
vt 0.554687500 0.949462891
vn -0.362654626 -0.812031209 0.457260400
vt 0.549072266 0.964355469
vt 0.530029297 0.966308594
v -0.030019771 0.874481201 0.038200360
vt 0.570556641 0.941406250
vn -0.298510045 0.542031586 0.785552979
vt 0.594238281 0.965087891
v -0.003489268 0.875274658 0.030828452
vt 0.578613281 0.925537109
vn 0.605755031 -0.574287117 0.550686181
v -0.002631916 0.888824463 0.031101201
vt 0.589355469 0.927490234
vn 0.079037294 0.252919018 0.964253664
vt 0.596679688 0.917968750
v -0.007681385 0.898101807 0.018953301
vt 0.596191406 0.937500000
vn -0.534621537 0.589656174 0.605380416
vt 0.602050781 0.960449219
vt 0.605712891 0.946044922
vt 0.606201172 0.936035156
vt 0.610595703 0.917968750
v -0.008838671 0.894775391 -0.007180715
vt 0.415283203 0.944091797
vn -0.719125986 -0.205464587 0.663808763
vt 0.401611328 0.947265625
vt 0.416503906 0.933349609
vt 0.428466797 0.947021484
vt 0.422119141 0.960693359
vt 0.405761719 0.963867188
vt 0.425292969 0.968750000
vt 0.419189453 0.983886719
vt 0.395507812 0.989257812
vt 0.429443359 0.988281250
vt 0.998535156 0.088867188
vt 0.993652344 0.070800781
vt 0.999511719 0.065185547
vt 0.999755859 0.089111328
vt 0.999755859 0.102050781
f 1/1/1 2/2/2 3/3/3
f 3/3/3 2/2/2 4/4/4
f 3/3/3 4/4/4 5/5/5
f 4/4/4 2/2/2 6/6/6
f 4/4/4 6/6/6 7/7/7
f 4/4/4 7/7/7 5/5/5
f 6/6/6 2/2/2 8/8/8
f 8/8/8 2/2/2 1/1/1
f 5/5/5 7/7/7 9/9/9
f 6/6/6 8/8/8 10/10/10
f 6/6/6 10/10/10 11/11/11
f 5/5/5 9/9/9 12/12/12
f 12/12/12 9/9/9 13/13/13
f 12/12/12 13/13/13 14/14/14
f 5/5/5 12/12/12 15/15/15
f 12/12/12 14/14/14 16/16/16
f 12/12/12 16/16/16 15/15/15
f 5/5/5 15/15/15 17/17/17
f 5/5/5 17/17/17 3/3/3
f 15/15/15 16/16/16 18/18/18
f 3/3/3 17/17/17 19/19/19
f 3/3/3 19/19/19 1/1/1
f 17/17/17 15/15/15 20/20/20
f 17/17/17 20/20/20 19/19/19
f 20/20/20 15/15/15 18/18/18
f 1/1/1 19/19/19 21/21/21
f 21/21/21 19/19/19 20/20/20
f 21/21/21 20/20/20 22/22/22
f 22/22/22 20/20/20 18/18/18
f 1/1/1 21/21/21 23/23/23
f 21/21/21 22/22/22 24/24/24
f 21/21/21 24/24/24 23/23/23
f 1/1/1 23/23/23 25/25/25
f 1/1/1 25/25/25 8/8/8
f 25/25/25 23/23/23 26/26/26
f 23/23/23 24/24/24 27/27/27
f 23/23/23 27/27/27 26/26/26
f 25/25/25 26/26/26 28/28/28
f 25/25/25 28/28/28 8/8/8
f 28/28/28 26/26/26 29/29/29
f 29/29/29 26/26/26 27/27/27
f 8/8/8 28/28/28 30/30/30
f 31/31/31 24/24/24 22/22/22
f 24/24/24 31/31/31 32/32/32
f 24/24/24 32/32/32 27/27/27
f 31/31/31 22/22/22 33/33/33
f 33/33/33 22/22/22 18/18/18
f 31/31/31 33/33/33 34/34/34
f 31/31/31 34/34/34 32/32/32
f 33/33/33 18/18/18 35/35/35
f 35/35/35 18/18/18 36/36/36
f 36/36/36 18/18/18 16/16/16
f 33/33/33 35/35/35 37/37/37
f 33/33/33 37/37/37 34/34/34
f 37/37/37 35/35/35 38/38/38
f 38/38/38 35/35/35 36/36/36
f 34/34/34 37/37/37 39/39/39
f 37/37/37 38/38/38 40/40/40
f 37/37/37 40/40/40 39/39/39
f 36/36/36 16/16/16 41/41/41
f 41/41/41 16/16/16 14/14/14
f 41/41/41 14/14/14 42/42/42
f 36/36/36 41/41/41 43/43/43
f 41/41/41 42/42/42 44/44/44
f 41/41/41 44/44/44 43/43/43
f 44/44/44 42/42/42 45/45/45
f 36/36/36 43/43/43 46/46/46
f 36/36/36 46/46/46 38/38/38
f 46/46/46 43/43/43 44/44/44
f 38/38/38 46/46/46 47/47/47
f 47/47/47 46/46/46 44/44/44
f 38/38/38 47/47/47 40/40/40
f 44/44/44 45/45/45 48/48/48
f 48/48/48 45/45/45 49/49/49
f 49/49/49 45/45/45 50/50/50
f 44/44/44 48/48/48 51/51/51
f 51/51/51 48/48/48 49/49/49
f 44/44/44 51/51/51 47/47/47
f 51/51/51 49/49/49 52/52/52
f 53/53/53 40/40/40 47/47/47
f 53/53/53 47/47/47 51/51/51
f 53/53/53 51/51/51 54/54/54
f 53/53/53 54/54/54 55/55/55
f 40/40/40 53/53/53 39/39/39
f 39/39/39 53/53/53 55/55/55
f 39/39/39 55/55/55 56/56/56
f 39/39/39 56/56/56 57/57/57
f 39/39/39 57/57/57 34/34/34
f 57/57/57 56/56/56 58/58/58
f 34/34/34 57/57/57 59/59/59
f 34/34/34 59/59/59 32/32/32
f 59/59/59 57/57/57 60/60/60
f 57/57/57 58/58/58 61/61/61
f 57/57/57 61/61/61 60/60/60
f 61/61/61 58/58/58 62/62/62
f 59/59/59 60/60/60 63/63/63
f 63/63/63 60/60/60 61/61/61
f 63/63/63 61/61/61 64/64/64
f 64/64/64 61/61/61 65/65/65
f 63/63/63 64/64/64 66/66/66
f 59/59/59 63/63/63 67/67/67
f 59/59/59 67/67/67 32/32/32
f 67/67/67 63/63/63 66/66/66
f 66/66/66 64/64/64 68/68/68
f 32/32/32 67/67/67 69/69/69
f 32/32/32 69/69/69 27/27/27
f 67/67/67 66/66/66 70/70/70
f 67/67/67 70/70/70 69/69/69
f 27/27/27 69/69/69 71/71/71
f 71/71/71 69/69/69 70/70/70
f 70/70/70 66/66/66 72/72/72
f 70/70/70 72/72/72 71/71/71
f 73/73/73 66/66/66 68/68/68
f 66/66/66 73/73/73 72/72/72
f 73/73/73 68/68/68 74/74/74
f 74/74/74 68/68/68 75/75/75
f 72/72/72 73/73/73 76/76/76
f 76/76/76 73/73/73 74/74/74
f 74/74/74 75/75/75 77/77/77
f 72/72/72 76/76/76 78/78/78
f 76/76/76 74/74/74 79/79/79
f 76/76/76 79/79/79 78/78/78
f 74/74/74 77/77/77 80/80/80
f 80/80/80 77/77/77 81/81/81
f 80/80/80 81/81/81 82/82/82
f 80/80/80 82/82/82 83/83/83
f 74/74/74 80/80/80 84/84/84
f 74/74/74 84/84/84 79/79/79
f 84/84/84 80/80/80 83/83/83
f 84/84/84 83/83/83 85/85/85
f 84/84/84 85/85/85 79/79/79
f 85/85/85 83/83/83 86/86/86
f 87/87/87 78/78/78 79/79/79
f 87/87/87 79/79/79 85/85/85
f 85/85/85 86/86/86 88/88/88
f 85/85/85 88/88/88 87/87/87
f 88/88/88 86/86/86 89/89/89
f 88/88/88 89/89/89 90/90/90
f 90/90/90 89/89/89 91/91/91
f 78/78/78 87/87/87 92/92/92
f 78/78/78 92/92/92 72/72/72
f 72/72/72 92/92/92 71/71/71
f 92/92/92 87/87/87 93/93/93
f 71/71/71 92/92/92 94/94/94
f 94/94/94 92/92/92 93/93/93
f 93/93/93 87/87/87 95/95/95
f 95/95/95 87/87/87 88/88/88
f 94/94/94 93/93/93 96/96/96
f 96/96/96 93/93/93 95/95/95
f 95/95/95 88/88/88 97/97/97
f 95/95/95 97/97/97 96/96/96
f 97/97/97 88/88/88 90/90/90
f 96/96/96 97/97/97 98/98/98
f 98/98/98 97/97/97 90/90/90
f 96/96/96 98/98/98 94/94/94
f 99/99/99 90/90/90 91/91/91
f 100/100/100 71/71/71 94/94/94
f 100/100/100 94/94/94 98/98/98
f 71/71/71 100/100/100 27/27/27
f 27/27/27 100/100/100 29/29/29
f 99/99/99 91/91/91 101/101/101
f 29/29/29 100/100/100 102/102/102
f 102/102/102 100/100/100 98/98/98
f 103/103/103 98/98/98 90/90/90
f 98/98/98 103/103/103 102/102/102
f 103/103/103 90/90/90 99/99/99
f 29/29/29 102/102/102 104/104/104
f 104/104/104 102/102/102 103/103/103
f 29/29/29 104/104/104 105/105/105
f 29/29/29 105/105/105 28/28/28
f 104/104/104 103/103/103 106/106/106
f 106/106/106 103/103/103 99/99/99
f 28/28/28 105/105/105 30/30/30
f 104/104/104 106/106/106 107/107/107
f 104/104/104 107/107/107 105/105/105
f 106/106/106 99/99/99 108/108/108
f 105/105/105 107/107/107 109/109/109
f 105/105/105 109/109/109 30/30/30
f 107/107/107 106/106/106 110/110/110
f 107/107/107 110/110/110 109/109/109
f 110/110/110 106/106/106 108/108/108
f 109/109/109 110/110/110 111/111/111
f 111/111/111 110/110/110 108/108/108
f 30/30/30 109/109/109 112/112/112
f 112/112/112 109/109/109 111/111/111
f 111/111/111 108/108/108 113/113/113
f 111/111/111 113/113/113 112/112/112
f 114/114/114 108/108/108 99/99/99
f 114/114/114 99/99/99 101/101/101
f 113/113/113 108/108/108 115/115/115
f 115/115/115 108/108/108 114/114/114
f 114/114/114 101/101/101 116/116/116
f 114/114/114 116/116/116 115/115/115
f 116/116/116 101/101/101 117/117/117
f 116/116/116 117/117/117 118/118/118
f 116/116/116 118/118/118 115/115/115
f 115/115/115 118/118/118 119/119/119
f 119/119/119 118/118/118 120/120/120
f 119/119/119 120/120/120 121/121/121
f 121/121/121 120/120/120 122/122/122
f 119/119/119 121/121/121 123/123/123
f 119/119/119 123/123/123 115/115/115
f 115/115/115 123/123/123 113/113/113
f 113/113/113 123/123/123 124/124/124
f 124/124/124 123/123/123 125/125/125
f 113/113/113 124/124/124 112/112/112
f 124/124/124 125/125/125 126/126/126
f 124/124/124 126/126/126 112/112/112
f 112/112/112 126/126/126 127/127/127
f 112/112/112 127/127/127 128/128/128
f 112/112/112 128/128/128 30/30/30
f 127/127/127 126/126/126 129/129/129
f 30/30/30 128/128/128 130/130/130
f 130/130/130 128/128/128 127/127/127
f 130/130/130 127/127/127 129/129/129
f 30/30/30 130/130/130 8/8/8
f 8/8/8 130/130/130 10/10/10
f 10/10/10 130/130/130 129/129/129
f 10/10/10 129/129/129 131/131/131
f 131/131/131 129/129/129 132/132/132
f 133/133/133 134/134/134 135/135/135
f 136/136/136 137/137/137 135/135/135
f 135/135/135 137/137/137 138/138/138
f 135/135/135 138/138/138 133/133/133
f 136/136/136 135/135/135 139/139/139
f 139/139/139 135/135/135 134/134/134
f 139/139/139 134/134/134 140/140/140
f 139/139/139 140/140/140 141/141/141
f 139/139/139 141/141/141 142/142/142
f 142/142/142 141/141/141 143/143/143
f 141/141/141 140/140/140 144/144/144
f 144/144/144 140/140/140 134/134/134
f 141/141/141 144/144/144 145/145/145
f 144/144/144 134/134/134 146/146/146
f 146/146/146 134/134/134 133/133/133
f 144/144/144 146/146/146 147/147/147
f 147/147/147 146/146/146 133/133/133
f 145/145/145 144/144/144 148/148/148
f 144/144/144 147/147/147 149/149/149
f 144/144/144 149/149/149 148/148/148
f 145/145/145 148/148/148 150/150/150
f 145/145/145 150/150/150 13/151/13
f 13/151/13 150/150/150 14/152/14
f 14/152/14 150/150/150 151/153/151
f 151/153/151 150/150/150 148/148/148
f 14/152/14 151/153/151 42/154/42
f 151/153/151 148/148/148 152/155/152
f 152/155/152 148/148/148 149/149/149
f 151/153/151 152/155/152 153/156/153
f 151/153/151 153/156/153 42/154/42
f 153/156/153 152/155/152 149/149/149
f 42/154/42 153/156/153 154/157/154
f 42/154/42 154/157/154 45/158/45
f 45/158/45 154/157/154 50/159/50
f 50/159/50 154/157/154 155/160/155
f 155/160/155 154/157/154 153/156/153
f 50/159/50 155/160/155 156/161/156
f 153/156/153 149/149/149 157/162/157
f 153/156/153 157/162/157 155/160/155
f 156/161/156 155/160/155 158/163/158
f 158/163/158 155/160/155 157/162/157
f 156/161/156 158/163/158 159/164/159
f 156/161/156 159/164/159 160/165/160
f 159/164/159 158/163/158 161/166/161
f 158/163/158 157/162/157 162/167/162
f 158/163/158 162/167/162 161/166/161
f 163/168/163 157/162/157 149/149/149
f 157/162/157 163/168/163 162/167/162
f 163/168/163 149/149/149 164/169/164
f 164/169/164 149/149/149 147/147/147
f 162/167/162 163/168/163 165/170/165
f 165/170/165 163/168/163 164/169/164
f 164/169/164 147/147/147 166/171/166
f 162/167/162 165/170/165 167/172/167
f 162/167/162 167/172/167 161/166/161
f 166/171/166 147/147/147 133/133/133
f 165/170/165 164/169/164 168/173/168
f 168/173/168 164/169/164 166/171/166
f 167/172/167 165/170/165 169/174/169
f 169/174/169 165/170/165 168/173/168
f 161/166/161 167/172/167 170/175/170
f 170/175/170 167/172/167 169/174/169
f 166/171/166 133/133/133 171/176/171
f 171/176/171 133/133/133 138/138/138
f 171/176/171 138/138/138 172/177/172
f 166/171/166 171/176/171 173/178/173
f 166/171/166 173/178/173 168/173/168
f 171/176/171 172/177/172 174/179/174
f 171/176/171 174/179/174 173/178/173
f 174/179/174 172/177/172 175/180/175
f 174/179/174 175/180/175 176/181/176
f 174/179/174 176/181/176 173/178/173
f 168/173/168 173/178/173 177/182/177
f 177/182/177 173/178/173 176/181/176
f 168/173/168 177/182/177 169/174/169
f 177/182/177 176/181/176 178/183/178
f 169/174/169 177/182/177 179/184/179
f 179/184/179 177/182/177 178/183/178
f 169/174/169 179/184/179 170/175/170
f 179/184/179 178/183/178 180/185/180
f 179/184/179 180/185/180 181/186/181
f 170/175/170 179/184/179 182/187/182
f 182/187/182 179/184/179 181/186/181
f 170/175/170 182/187/182 161/166/161
f 182/187/182 181/186/181 183/188/183
f 182/187/182 183/188/183 161/166/161
f 183/188/183 181/186/181 184/189/184
f 161/166/161 183/188/183 159/164/159
f 159/164/159 183/188/183 185/190/185
f 185/190/185 183/188/183 184/189/184
f 159/164/159 185/190/185 186/191/186
f 185/190/185 184/189/184 187/192/187
f 187/192/187 184/189/184 188/193/188
f 141/194/141 145/195/145 189/196/189
f 141/194/141 189/196/189 190/197/190
f 189/196/189 145/195/145 191/198/191
f 191/198/191 145/195/145 13/199/13
f 191/198/191 13/199/13 9/200/9
f 189/196/189 191/198/191 192/201/192
f 191/198/191 9/200/9 193/202/193
f 191/198/191 193/202/193 192/201/192
f 193/202/193 9/200/9 7/203/7
f 189/196/189 192/201/192 194/204/194
f 194/204/194 192/201/192 193/202/193
f 189/196/189 194/204/194 190/197/190
f 193/202/193 7/203/7 195/205/195
f 193/202/193 195/205/195 194/204/194
f 195/205/195 7/203/7 6/206/6
f 190/197/190 194/204/194 196/207/196
f 190/197/190 196/207/196 141/194/141
f 194/204/194 195/205/195 197/208/197
f 141/194/141 196/207/196 143/209/143
f 194/204/194 197/208/197 198/210/198
f 194/204/194 198/210/198 196/207/196
f 197/208/197 195/205/195 199/211/199
f 197/208/197 199/211/199 198/210/198
f 200/212/200 195/205/195 6/206/6
f 195/205/195 200/212/200 199/211/199
f 200/212/200 6/206/6 11/213/11
f 201/214/201 143/209/143 196/207/196
f 143/209/143 201/214/201 202/215/202
f 199/211/199 200/212/200 203/216/203
f 203/216/203 200/212/200 11/213/11
f 203/216/203 11/213/11 204/217/204
f 204/217/204 11/213/11 132/218/132
f 132/218/132 11/213/11 10/219/10
f 132/218/132 10/219/10 131/220/131
f 203/216/203 204/217/204 205/221/205
f 199/211/199 203/216/203 206/222/206
f 206/222/206 203/216/203 205/221/205
f 206/222/206 205/221/205 207/223/207
f 206/222/206 207/223/207 208/224/208
f 199/211/199 206/222/206 198/210/198
f 198/210/198 206/222/206 208/224/208
f 198/210/198 208/224/208 209/225/209
f 198/210/198 209/225/209 210/226/210
f 198/210/198 210/226/210 196/207/196
f 210/226/210 209/225/209 211/227/211
f 196/207/196 210/226/210 201/214/201
f 210/226/210 211/227/211 212/228/212
f 210/226/210 212/228/212 201/214/201
f 212/228/212 211/227/211 213/229/213
f 201/214/201 212/228/212 214/230/214
f 201/214/201 214/230/214 202/215/202
f 202/215/202 214/230/214 188/231/188
f 214/230/214 212/228/212 215/232/215
f 215/232/215 212/228/212 213/229/213
f 188/231/188 214/230/214 216/233/216
f 216/233/216 214/230/214 215/232/215
f 215/232/215 213/229/213 217/234/217
f 217/234/217 213/229/213 218/235/218
f 215/232/215 217/234/217 219/236/219
f 219/236/219 217/234/217 218/235/218
f 215/232/215 219/236/219 216/233/216
f 219/236/219 218/235/218 220/237/220
f 220/237/220 218/235/218 221/238/221
f 220/237/220 221/238/221 222/239/222
f 219/236/219 220/237/220 223/240/223
f 219/236/219 223/240/223 224/241/224
f 219/236/219 224/241/224 216/233/216
f 216/233/216 224/241/224 225/242/225
f 216/233/216 225/242/225 188/231/188
f 225/242/225 224/241/224 226/243/226
f 188/231/188 225/242/225 187/244/187
f 225/242/225 226/243/226 227/245/227
f 225/242/225 227/245/227 187/244/187
f 187/244/187 227/245/227 228/246/228
f 187/244/187 228/246/228 185/247/185
f 229/248/229 136/249/136 139/250/139
f 229/248/229 139/250/139 142/251/142
f 136/249/136 229/248/229 230/252/230
f 136/249/136 230/252/230 137/253/137
f 229/248/229 142/251/142 231/254/231
f 231/254/231 142/251/142 143/255/143
f 230/252/230 229/248/229 232/256/232
f 137/253/137 230/252/230 233/257/233
f 233/257/233 230/252/230 232/256/232
f 137/253/137 233/257/233 234/258/234
f 137/253/137 234/258/234 138/259/138
f 138/259/138 234/258/234 172/260/172
f 232/256/232 229/248/229 235/261/235
f 235/261/235 229/248/229 231/254/231
f 233/257/233 232/256/232 236/262/236
f 172/260/172 234/258/234 237/263/237
f 172/260/172 237/263/237 175/264/175
f 238/265/238 234/258/234 233/257/233
f 238/265/238 233/257/233 236/262/236
f 237/263/237 234/258/234 239/266/239
f 239/266/239 234/258/234 238/265/238
f 238/265/238 236/262/236 240/267/240
f 238/265/238 240/267/240 239/266/239
f 241/268/241 236/262/236 232/256/232
f 236/262/236 241/268/241 240/267/240
f 241/268/241 232/256/232 235/261/235
f 239/266/239 240/267/240 242/269/242
f 239/266/239 242/269/242 237/263/237
f 240/267/240 241/268/241 243/270/243
f 240/267/240 243/270/243 242/269/242
f 241/268/241 235/261/235 244/271/244
f 241/268/241 244/271/244 243/270/243
f 244/271/244 235/261/235 245/272/245
f 243/270/243 244/271/244 246/273/246
f 246/273/246 244/271/244 245/272/245
f 245/272/245 235/261/235 247/274/247
f 247/274/247 235/261/235 231/254/231
f 245/272/245 247/274/247 248/275/248
f 248/275/248 247/274/247 231/254/231
f 243/270/243 246/273/246 249/276/249
f 243/270/243 249/276/249 242/269/242
f 246/273/246 245/272/245 250/277/250
f 246/273/246 250/277/250 249/276/249
f 242/269/242 249/276/249 251/278/251
f 250/277/250 245/272/245 252/279/252
f 252/279/252 245/272/245 248/275/248
f 249/276/249 250/277/250 253/280/253
f 249/276/249 253/280/253 251/278/251
f 250/277/250 252/279/252 254/281/254
f 250/277/250 254/281/254 253/280/253
f 252/279/252 248/275/248 255/282/255
f 252/279/252 255/282/255 254/281/254
f 251/278/251 253/280/253 256/283/256
f 251/278/251 256/283/256 242/269/242
f 253/280/253 254/281/254 257/284/257
f 253/280/253 257/284/257 256/283/256
f 254/281/254 255/282/255 258/285/258
f 254/281/254 258/285/258 257/284/257
f 259/286/259 255/282/255 248/275/248
f 258/285/258 255/282/255 260/287/260
f 260/287/260 255/282/255 259/286/259
f 258/285/258 260/287/260 261/288/261
f 258/285/258 261/288/261 257/284/257
f 261/288/261 260/287/260 181/289/181
f 181/289/181 260/287/260 184/290/184
f 184/290/184 260/287/260 259/286/259
f 261/288/261 181/289/181 180/291/180
f 184/290/184 259/286/259 188/292/188
f 188/292/188 259/286/259 202/293/202
f 202/293/202 259/286/259 262/294/262
f 262/294/262 259/286/259 248/275/248
f 202/293/202 262/294/262 143/255/143
f 262/294/262 248/275/248 231/254/231
f 262/294/262 231/254/231 143/255/143
f 261/288/261 180/291/180 263/295/263
f 261/288/261 263/295/263 257/284/257
f 263/295/263 180/291/180 178/296/178
f 257/284/257 263/295/263 264/297/264
f 257/284/257 264/297/264 256/283/256
f 263/295/263 178/296/178 265/298/265
f 263/295/263 265/298/265 264/297/264
f 265/298/265 178/296/178 176/299/176
f 265/298/265 176/299/176 175/264/175
f 264/297/264 265/298/265 266/300/266
f 264/297/264 266/300/266 256/283/256
f 266/300/266 265/298/265 175/264/175
f 256/283/256 266/300/266 242/269/242
f 266/300/266 175/264/175 237/263/237
f 266/300/266 237/263/237 242/269/242
f 50/301/50 267/302/267 49/303/49
f 267/304/267 50/305/50 156/306/156
f 267/304/267 156/306/156 268/307/268
f 268/307/268 156/306/156 269/308/269
f 268/307/268 269/308/269 270/309/270
f 268/307/268 270/309/270 267/304/267
f 267/304/267 270/309/270 271/310/271
f 271/310/271 270/309/270 272/311/272
f 271/310/271 272/311/272 273/312/273
f 267/304/267 271/310/271 274/313/274
f 267/304/267 274/313/274 49/314/49
f 271/310/271 273/312/273 275/315/275
f 271/310/271 275/315/275 274/313/274
f 49/314/49 274/313/274 52/316/52
f 275/315/275 273/312/273 276/317/276
f 52/316/52 274/313/274 277/318/277
f 277/318/277 274/313/274 275/315/275
f 54/319/54 51/320/51 52/316/52
f 54/319/54 52/316/52 277/318/277
f 275/315/275 276/317/276 278/321/278
f 275/315/275 278/321/278 277/318/277
f 278/321/278 276/317/276 279/322/279
f 277/318/277 278/321/278 280/323/280
f 54/319/54 277/318/277 281/324/281
f 281/324/281 277/318/277 280/323/280
f 54/319/54 281/324/281 282/325/282
f 280/323/280 278/321/278 283/326/283
f 283/326/283 278/321/278 279/322/279
f 279/322/279 276/317/276 284/327/284
f 284/327/284 276/317/276 285/328/285
f 284/327/284 285/328/285 286/329/286
f 279/322/279 284/327/284 287/330/287
f 287/330/287 284/327/284 286/329/286
f 283/326/283 279/322/279 288/331/288
f 288/331/288 279/322/279 287/330/287
f 283/326/283 288/331/288 289/332/289
f 283/326/283 289/332/289 280/323/280
f 288/331/288 287/330/287 290/333/290
f 290/333/290 287/330/287 286/329/286
f 288/331/288 290/333/290 289/332/289
f 290/333/290 286/329/286 291/334/291
f 291/334/291 286/329/286 292/335/292
f 290/333/290 291/334/291 293/336/293
f 290/333/290 293/336/293 289/332/289
f 293/336/293 291/334/291 294/337/294
f 293/336/293 294/337/294 295/338/295
f 293/336/293 295/338/295 289/332/289
f 289/332/289 295/338/295 296/339/296
f 296/339/296 295/338/295 297/340/297
f 296/339/296 297/340/297 298/341/298
f 296/339/296 298/341/298 299/342/299
f 289/332/289 296/339/296 300/343/300
f 300/343/300 296/339/296 299/342/299
f 289/332/289 300/343/300 280/323/280
f 280/323/280 300/343/300 301/344/301
f 301/344/301 300/343/300 299/342/299
f 280/323/280 301/344/301 281/324/281
f 302/345/302 299/342/299 303/346/303
f 302/345/302 303/346/303 304/347/304
f 299/342/299 302/345/302 305/348/305
f 305/348/305 302/345/302 304/347/304
f 299/342/299 305/348/305 301/344/301
f 281/324/281 301/344/301 306/349/306
f 281/324/281 306/349/306 282/325/282
f 306/349/306 301/344/301 307/350/307
f 305/348/305 304/347/304 308/351/308
f 301/344/301 305/348/305 309/352/309
f 309/352/309 305/348/305 308/351/308
f 301/344/301 309/352/309 307/350/307
f 308/351/308 304/347/304 310/353/310
f 308/351/308 310/353/310 311/354/311
f 311/354/311 310/353/310 312/355/312
f 309/352/309 308/351/308 313/356/313
f 313/356/313 308/351/308 311/354/311
f 307/350/307 309/352/309 314/357/314
f 314/357/314 309/352/309 313/356/313
f 307/350/307 314/357/314 315/358/315
f 315/358/315 314/357/314 313/356/313
f 316/359/316 306/349/306 307/350/307
f 306/349/306 316/359/316 282/325/282
f 307/350/307 315/358/315 317/360/317
f 307/350/307 317/360/317 316/359/316
f 315/358/315 313/356/313 318/361/318
f 315/358/315 318/361/318 319/362/319
f 315/358/315 319/362/319 317/360/317
f 318/361/318 313/356/313 320/363/320
f 316/359/316 317/360/317 321/364/321
f 316/359/316 321/364/321 282/325/282
f 317/360/317 319/362/319 322/365/322
f 319/362/319 318/361/318 323/366/323
f 323/366/323 318/361/318 320/363/320
f 319/362/319 323/366/323 322/365/322
f 321/364/321 317/360/317 324/367/324
f 324/367/324 317/360/317 322/365/322
f 282/325/282 321/364/321 325/368/325
f 322/365/322 323/366/323 326/369/326
f 282/325/282 325/368/325 327/370/327
f 282/325/282 327/370/327 54/319/54
f 54/319/54 327/370/327 55/371/55
f 55/371/55 327/370/327 56/372/56
f 322/365/322 326/369/326 328/373/328
f 56/372/56 327/370/327 329/374/329
f 56/372/56 329/374/329 330/375/330
f 56/372/56 330/375/330 58/376/58
f 329/374/329 327/370/327 331/377/331
f 331/377/331 327/370/327 325/368/325
f 329/374/329 331/377/331 332/378/332
f 329/374/329 332/378/332 330/375/330
f 330/375/330 332/378/332 331/377/331
f 330/375/330 331/377/331 325/368/325
f 58/376/58 330/375/330 333/379/333
f 333/379/333 330/375/330 325/368/325
f 58/376/58 333/379/333 62/380/62
f 333/379/333 325/368/325 334/381/334
f 334/381/334 325/368/325 321/364/321
f 62/380/62 333/379/333 335/382/335
f 335/382/335 333/379/333 334/381/334
f 334/381/334 321/364/321 324/367/324
f 62/380/62 335/382/335 65/383/65
f 62/380/62 65/383/65 61/384/61
f 335/382/335 334/381/334 336/385/336
f 335/382/335 336/385/336 65/383/65
f 336/385/336 334/381/334 324/367/324
f 65/383/65 336/385/336 337/386/337
f 337/386/337 336/385/336 324/367/324
f 65/383/65 337/386/337 64/387/64
f 337/386/337 324/367/324 338/388/338
f 64/387/64 337/386/337 339/389/339
f 338/388/338 324/367/324 322/365/322
f 339/389/339 337/386/337 338/388/338
f 64/387/64 339/389/339 68/390/68
f 338/388/338 322/365/322 328/373/328
f 339/389/339 338/388/338 340/391/340
f 340/391/340 338/388/338 328/373/328
f 68/390/68 339/389/339 341/392/341
f 339/389/339 340/391/340 342/393/342
f 342/393/342 340/391/340 328/373/328
f 339/389/339 342/393/342 341/392/341
f 68/390/68 341/392/341 75/394/75
f 342/393/342 328/373/328 343/395/343
f 342/393/342 343/395/343 341/392/341
f 343/395/343 328/373/328 344/396/344
f 75/394/75 341/392/341 345/397/345
f 345/397/345 341/392/341 343/395/343
f 345/397/345 343/395/343 346/398/346
f 346/398/346 343/395/343 344/396/344
f 75/394/75 345/397/345 347/399/347
f 347/399/347 345/397/345 346/398/346
f 75/394/75 347/399/347 348/400/348
f 75/394/75 348/400/348 77/401/77
f 77/401/77 348/400/348 81/402/81
f 81/402/81 348/400/348 349/403/349
f 349/403/349 348/400/348 347/399/347
f 349/403/349 347/399/347 346/398/346
f 349/403/349 346/398/346 350/404/350
f 350/404/350 346/398/346 351/405/351
f 351/405/351 346/398/346 352/406/352
f 352/406/352 346/398/346 344/396/344
f 351/405/351 352/406/352 353/407/353
f 353/407/353 352/406/352 354/408/354
f 352/406/352 344/396/344 355/409/355
f 352/406/352 355/409/355 354/408/354
f 354/408/354 355/409/355 356/410/356
f 354/408/354 356/410/356 357/411/357
f 355/409/355 344/396/344 358/412/358
f 358/412/358 344/396/344 359/413/359
f 359/413/359 344/396/344 328/373/328
f 359/413/359 328/373/328 326/369/326
f 359/413/359 326/369/326 323/366/323
f 356/410/356 355/409/355 360/414/360
f 360/414/360 355/409/355 358/412/358
f 358/412/358 359/413/359 361/415/361
f 358/412/358 361/415/361 360/414/360
f 359/413/359 323/366/323 362/416/362
f 359/413/359 362/416/362 361/415/361
f 362/416/362 323/366/323 363/417/363
f 362/416/362 363/417/363 361/415/361
f 363/417/363 323/366/323 364/418/364
f 364/418/364 323/366/323 320/363/320
f 365/419/365 356/410/356 360/414/360
f 356/410/356 365/419/365 366/420/366
f 367/421/367 360/414/360 361/415/361
f 360/414/360 367/421/367 365/419/365
f 368/422/368 361/415/361 363/417/363
f 361/415/361 368/422/368 367/421/367
f 369/423/369 363/417/363 364/418/364
f 363/417/363 369/423/369 368/422/368
f 365/419/365 367/421/367 370/424/370
f 365/419/365 370/424/370 371/425/371
f 371/425/371 370/424/370 372/426/372
f 372/426/372 370/424/370 373/427/373
f 373/427/373 370/424/370 367/421/367
f 373/427/373 367/421/367 368/422/368
f 373/427/373 368/422/368 374/428/374
f 375/429/375 368/422/368 369/423/369
f 374/428/374 368/422/368 376/430/376
f 374/428/374 376/430/376 377/431/377
f 377/431/377 376/430/376 378/432/378
f 376/430/376 368/422/368 379/433/379
f 379/433/379 368/422/368 375/429/375
f 378/432/378 376/430/376 380/434/380
f 380/434/380 376/430/376 379/433/379
f 378/432/378 380/434/380 381/435/381
f 381/435/381 380/434/380 382/436/382
f 382/436/382 380/434/380 379/433/379
f 379/433/379 375/429/375 383/437/383
f 379/433/379 383/437/383 382/436/382
f 383/437/383 375/429/375 369/423/369
f 382/436/382 383/437/383 384/438/384
f 384/438/384 383/437/383 385/439/385
f 383/437/383 369/423/369 386/440/386
f 383/437/383 386/440/386 385/439/385
f 386/440/386 369/423/369 364/418/364
f 386/440/386 364/418/364 320/363/320
f 385/439/385 386/440/386 387/441/387
f 387/441/387 386/440/386 320/363/320
f 388/442/388 385/439/385 312/355/312
f 312/355/312 385/439/385 389/443/389
f 389/443/389 385/439/385 387/441/387
f 312/355/312 389/443/389 311/354/311
f 387/441/387 320/363/320 390/444/390
f 387/441/387 390/444/390 389/443/389
f 389/443/389 390/444/390 311/354/311
f 390/444/390 320/363/320 313/356/313
f 390/444/390 313/356/313 311/354/311
f 160/445/160 269/446/269 156/447/156
f 269/446/269 160/445/160 391/448/391
f 269/446/269 391/448/391 270/449/270
f 270/449/270 391/448/391 272/450/272
f 272/450/272 391/448/391 392/451/392
f 272/450/272 392/451/392 393/452/393
f 393/452/393 392/451/392 391/448/391
f 272/450/272 393/452/393 273/453/273
f 391/448/391 160/445/160 394/454/394
f 391/448/391 394/454/394 393/452/393
f 273/453/273 393/452/393 395/455/395
f 273/453/273 395/455/395 276/456/276
f 393/452/393 394/454/394 396/457/396
f 394/454/394 160/445/160 397/458/397
f 394/454/394 397/458/397 396/457/396
f 397/458/397 160/445/160 186/459/186
f 186/459/186 160/445/160 159/460/159
f 397/458/397 186/459/186 398/461/398
f 397/458/397 398/461/398 396/457/396
f 398/461/398 186/459/186 185/462/185
f 398/461/398 185/462/185 228/463/228
f 398/461/398 228/463/228 399/464/399
f 399/464/399 228/463/228 227/465/227
f 399/464/399 227/465/227 226/466/226
f 398/461/398 399/464/399 400/467/400
f 398/461/398 400/467/400 396/457/396
f 399/464/399 226/466/226 401/468/401
f 399/464/399 401/468/401 400/467/400
f 401/468/401 226/466/226 402/469/402
f 400/467/400 401/468/401 403/470/403
f 402/469/402 226/466/226 404/471/404
f 404/471/404 226/466/226 224/472/224
f 404/471/404 224/472/224 223/473/223
f 401/468/401 402/469/402 405/474/405
f 401/468/401 405/474/405 403/470/403
f 402/469/402 404/471/404 406/475/406
f 406/475/406 404/471/404 223/473/223
f 402/469/402 406/475/406 405/474/405
f 406/475/406 223/473/223 407/476/407
f 407/476/407 223/473/223 220/477/220
f 406/475/406 407/476/407 408/478/408
f 406/475/406 408/478/408 405/474/405
f 408/478/408 407/476/407 409/479/409
f 408/478/408 409/479/409 410/480/410
f 405/474/405 408/478/408 411/481/411
f 411/481/411 408/478/408 410/480/410
f 405/474/405 411/481/411 412/482/412
f 405/474/405 412/482/412 403/470/403
f 411/481/411 410/480/410 413/483/413
f 412/482/412 411/481/411 414/484/414
f 414/484/414 411/481/411 413/483/413
f 413/483/413 410/480/410 415/485/415
f 412/482/412 414/484/414 416/486/416
f 416/486/416 414/484/414 413/483/413
f 413/483/413 415/485/415 417/487/417
f 413/483/413 417/487/417 416/486/416
f 417/487/417 415/485/415 418/488/418
f 417/487/417 418/488/418 419/489/419
f 416/486/416 417/487/417 420/490/420
f 420/490/420 417/487/417 421/491/421
f 412/482/412 416/486/416 422/492/422
f 412/482/412 422/492/422 403/470/403
f 416/486/416 420/490/420 423/493/423
f 416/486/416 423/493/423 422/492/422
f 420/490/420 421/491/421 424/494/424
f 420/490/420 424/494/424 423/493/423
f 424/494/424 421/491/421 425/495/425
f 403/470/403 422/492/422 426/496/426
f 426/496/426 422/492/422 423/493/423
f 423/493/423 424/494/424 427/497/427
f 427/497/427 424/494/424 425/495/425
f 423/493/423 427/497/427 428/498/428
f 423/493/423 428/498/428 426/496/426
f 427/497/427 425/495/425 429/499/429
f 429/499/429 425/495/425 430/500/430
f 429/499/429 430/500/430 431/501/431
f 427/497/427 429/499/429 432/502/432
f 427/497/427 432/502/432 428/498/428
f 429/499/429 431/501/431 433/503/433
f 429/499/429 433/503/433 432/502/432
f 433/503/433 431/501/431 434/504/434
f 434/504/434 431/501/431 435/505/435
f 434/504/434 435/505/435 436/506/436
f 433/503/433 434/504/434 437/507/437
f 437/507/437 434/504/434 436/506/436
f 432/502/432 433/503/433 438/508/438
f 438/508/438 433/503/433 437/507/437
f 437/507/437 436/506/436 439/509/439
f 439/509/439 436/506/436 440/510/440
f 440/510/440 436/506/436 441/511/441
f 437/507/437 439/509/439 442/512/442
f 442/512/442 439/509/439 440/510/440
f 437/507/437 442/512/442 438/508/438
f 440/510/440 441/511/441 443/513/443
f 440/510/440 443/513/443 444/514/444
f 442/512/442 440/510/440 445/515/445
f 442/512/442 445/515/445 438/508/438
f 445/515/445 440/510/440 444/514/444
f 444/514/444 443/513/443 446/516/446
f 438/508/438 445/515/445 447/517/447
f 444/514/444 446/516/446 448/518/448
f 448/518/448 446/516/446 449/519/449
f 445/515/445 444/514/444 450/520/450
f 445/515/445 450/520/450 447/517/447
f 444/514/444 448/518/448 451/521/451
f 444/514/444 451/521/451 450/520/450
f 448/518/448 449/519/449 452/522/452
f 448/518/448 452/522/452 451/521/451
f 452/522/452 449/519/449 453/523/453
f 453/523/453 449/519/449 292/524/292
f 453/523/453 292/524/292 286/525/286
f 453/523/453 286/525/286 285/526/285
f 453/523/453 285/526/285 452/522/452
f 451/521/451 452/522/452 454/527/454
f 454/527/454 452/522/452 285/526/285
f 451/521/451 454/527/454 450/520/450
f 454/527/454 285/526/285 395/455/395
f 395/455/395 285/526/285 276/456/276
f 450/520/450 454/527/454 455/528/455
f 455/528/455 454/527/454 395/455/395
f 450/520/450 455/528/455 447/517/447
f 455/528/455 395/455/395 456/529/456
f 456/529/456 395/455/395 393/452/393
f 447/517/447 455/528/455 457/530/457
f 457/530/457 455/528/455 456/529/456
f 447/517/447 457/530/457 438/508/438
f 438/508/438 457/530/457 432/502/432
f 432/502/432 457/530/457 428/498/428
f 428/498/428 457/530/457 456/529/456
f 456/529/456 393/452/393 396/457/396
f 428/498/428 456/529/456 458/531/458
f 458/531/458 456/529/456 396/457/396
f 428/498/428 458/531/458 426/496/426
f 426/496/426 458/531/458 459/532/459
f 458/531/458 396/457/396 460/533/460
f 458/531/458 460/533/460 459/532/459
f 460/533/460 396/457/396 400/467/400
f 426/496/426 459/532/459 461/534/461
f 461/534/461 459/532/459 460/533/460
f 461/534/461 460/533/460 400/467/400
f 426/496/426 461/534/461 403/470/403
f 403/470/403 461/534/461 400/467/400
f 205/535/205 462/536/462 207/537/207
f 209/538/209 208/539/208 207/537/207
f 462/536/462 205/535/205 463/540/463
f 463/540/463 205/535/205 204/541/204
f 207/537/207 462/536/462 464/542/464
f 207/537/207 464/542/464 209/538/209
f 209/538/209 464/542/464 465/543/465
f 209/538/209 465/543/465 211/544/211
f 464/542/464 462/536/462 466/545/466
f 463/540/463 204/541/204 467/546/467
f 467/546/467 204/541/204 132/547/132
f 467/546/467 132/547/132 129/548/129
f 467/546/467 129/548/129 126/549/126
f 467/546/467 126/549/126 125/550/125
f 468/551/468 462/536/462 463/540/463
f 462/536/462 468/551/468 466/545/466
f 463/540/463 467/546/467 469/552/469
f 469/552/469 467/546/467 125/550/125
f 468/551/468 463/540/463 470/553/470
f 470/553/470 463/540/463 469/552/469
f 469/552/469 125/550/125 471/554/471
f 471/554/471 125/550/125 123/555/123
f 470/553/470 469/552/469 472/556/472
f 472/556/472 469/552/469 471/554/471
f 471/554/471 123/555/123 121/557/121
f 470/553/470 472/556/472 473/558/473
f 468/551/468 470/553/470 474/559/474
f 474/559/474 470/553/470 473/558/473
f 471/554/471 121/557/121 475/560/475
f 475/560/475 121/557/121 122/561/122
f 475/560/475 122/561/122 476/562/476
f 475/560/475 476/562/476 477/563/477
f 471/554/471 475/560/475 478/564/478
f 478/564/478 475/560/475 477/563/477
f 471/554/471 478/564/478 472/556/472
f 478/564/478 477/563/477 479/565/479
f 478/564/478 479/565/479 480/566/480
f 472/556/472 478/564/478 481/567/481
f 481/567/481 478/564/478 480/566/480
f 472/556/472 481/567/481 473/558/473
f 482/568/482 480/566/480 483/569/483
f 480/566/480 482/568/482 484/570/484
f 480/566/480 484/570/484 481/567/481
f 484/570/484 482/568/482 485/571/485
f 481/567/481 484/570/484 486/572/486
f 486/572/486 484/570/484 485/571/485
f 481/567/481 486/572/486 473/558/473
f 486/572/486 485/571/485 487/573/487
f 473/558/473 486/572/486 488/574/488
f 489/575/489 490/576/490 486/572/486
f 486/572/486 490/576/490 488/574/488
f 488/574/488 490/576/490 491/577/491
f 491/577/491 490/576/490 492/578/492
f 491/577/491 492/578/492 493/579/493
f 491/577/491 493/579/493 488/574/488
f 493/579/493 492/578/492 494/580/494
f 493/579/493 494/580/494 495/581/495
f 496/582/496 473/558/473 488/574/488
f 473/558/473 496/582/496 474/559/474
f 488/574/488 493/579/493 497/583/497
f 496/582/496 488/574/488 498/584/498
f 498/584/498 488/574/488 497/583/497
f 496/582/496 498/584/498 499/585/499
f 496/582/496 499/585/499 474/559/474
f 498/584/498 497/583/497 500/586/500
f 498/584/498 500/586/500 499/585/499
f 497/583/497 493/579/493 501/587/501
f 501/587/501 493/579/493 495/581/495
f 500/586/500 497/583/497 502/588/502
f 502/588/502 497/583/497 501/587/501
f 499/585/499 500/586/500 503/589/503
f 503/589/503 500/586/500 502/588/502
f 504/590/504 474/559/474 499/585/499
f 474/559/474 504/590/504 505/591/505
f 474/559/474 505/591/505 468/551/468
f 468/551/468 505/591/505 466/545/466
f 466/545/466 505/591/505 506/592/506
f 466/545/466 506/592/506 507/593/507
f 466/545/466 507/593/507 464/542/464
f 506/592/506 505/591/505 508/594/508
f 506/592/506 508/594/508 507/593/507
f 508/594/508 505/591/505 504/590/504
f 464/542/464 507/593/507 465/543/465
f 465/543/465 507/593/507 508/594/508
f 508/594/508 504/590/504 509/595/509
f 508/594/508 509/595/509 465/543/465
f 509/595/509 504/590/504 499/585/499
f 509/595/509 499/585/499 503/589/503
f 465/543/465 509/595/509 510/596/510
f 510/596/510 509/595/509 503/589/503
f 465/543/465 510/596/510 211/544/211
f 211/544/211 510/596/510 213/597/213
f 213/597/213 510/596/510 511/598/511
f 511/598/511 510/596/510 503/589/503
f 213/597/213 511/598/511 218/599/218
f 511/598/511 503/589/503 512/600/512
f 511/598/511 512/600/512 218/599/218
f 512/600/512 503/589/503 502/588/502
f 218/599/218 512/600/512 221/601/221
f 512/600/512 502/588/502 513/602/513
f 512/600/512 513/602/513 221/601/221
f 513/602/513 502/588/502 501/587/501
f 221/601/221 513/602/513 514/603/514
f 514/603/514 513/602/513 501/587/501
f 221/601/221 514/603/514 515/604/515
f 221/601/221 515/604/515 222/605/222
f 515/604/515 514/603/514 516/606/516
f 516/606/516 514/603/514 517/607/517
f 517/607/517 514/603/514 501/587/501
f 516/606/516 517/607/517 518/608/518
f 517/607/517 501/587/501 519/609/519
f 517/607/517 519/609/519 518/608/518
f 519/609/519 501/587/501 495/581/495
f 519/609/519 495/581/495 520/610/520
f 519/609/519 520/610/520 518/608/518
f 518/608/518 520/610/520 521/611/521
f 117/612/117 101/613/101 522/614/522
f 522/614/522 101/613/101 523/615/523
f 523/615/523 101/613/101 91/616/91
f 117/612/117 522/614/522 524/617/524
f 523/615/523 91/616/91 525/618/525
f 525/618/525 91/616/91 89/619/89
f 522/614/522 523/615/523 526/620/526
f 526/620/526 523/615/523 525/618/525
f 525/618/525 89/619/89 527/621/527
f 527/621/527 89/619/89 86/622/86
f 525/618/525 527/621/527 528/623/528
f 525/618/525 528/623/528 526/620/526
f 527/621/527 86/622/86 529/624/529
f 529/624/529 86/622/86 83/625/83
f 529/624/529 83/625/83 530/626/530
f 529/624/529 530/626/530 531/627/531
f 529/624/529 531/627/531 532/628/532
f 527/621/527 529/624/529 533/629/533
f 533/629/533 529/624/529 532/628/532
f 527/621/527 533/629/533 528/623/528
f 533/629/533 532/628/532 534/630/534
f 533/629/533 534/630/534 528/623/528
f 534/630/534 532/628/532 535/631/535
f 535/631/535 532/628/532 536/632/536
f 535/631/535 536/632/536 537/633/537
f 535/631/535 537/633/537 534/630/534
f 537/633/537 536/632/536 538/634/538
f 528/623/528 534/630/534 539/635/539
f 534/630/534 537/633/537 540/636/540
f 540/636/540 537/633/537 541/637/541
f 541/637/541 537/633/537 538/634/538
f 534/630/534 540/636/540 542/638/542
f 534/630/534 542/638/542 539/635/539
f 540/636/540 541/637/541 543/639/543
f 540/636/540 543/639/543 542/638/542
f 539/635/539 542/638/542 544/640/544
f 544/640/544 542/638/542 543/639/543
f 539/635/539 544/640/544 545/641/545
f 545/641/545 544/640/544 543/639/543
f 543/639/543 541/637/541 546/642/546
f 546/642/546 541/637/541 538/634/538
f 543/639/543 546/642/546 545/641/545
f 547/643/547 528/623/528 539/635/539
f 547/643/547 539/635/539 545/641/545
f 528/623/528 547/643/547 526/620/526
f 545/641/545 546/642/546 548/644/548
f 546/642/546 538/634/538 549/645/549
f 546/642/546 549/645/549 548/644/548
f 549/645/549 538/634/538 550/646/550
f 550/646/550 538/634/538 551/647/551
f 547/643/547 545/641/545 552/648/552
f 552/648/552 545/641/545 548/644/548
f 553/649/553 526/620/526 547/643/547
f 553/649/553 547/643/547 552/648/552
f 526/620/526 553/649/553 554/650/554
f 553/649/553 552/648/552 555/651/555
f 553/649/553 555/651/555 554/650/554
f 552/648/552 548/644/548 556/652/556
f 552/648/552 556/652/556 555/651/555
f 526/620/526 554/650/554 557/653/557
f 526/620/526 557/653/557 522/614/522
f 522/614/522 557/653/557 524/617/524
f 557/653/557 554/650/554 558/654/558
f 558/654/558 554/650/554 555/651/555
f 557/653/557 558/654/558 524/617/524
f 558/654/558 555/651/555 559/655/559
f 559/655/559 555/651/555 556/652/556
f 524/617/524 558/654/558 560/656/560
f 560/656/560 558/654/558 559/655/559
f 559/655/559 556/652/556 561/657/561
f 524/617/524 560/656/560 562/658/562
f 559/655/559 561/657/561 563/659/563
f 559/655/559 563/659/563 560/656/560
f 561/657/561 556/652/556 564/660/564
f 561/657/561 564/660/564 563/659/563
f 524/617/524 562/658/562 565/661/565
f 524/617/524 565/661/565 117/612/117
f 562/658/562 560/656/560 566/662/566
f 562/658/562 566/662/566 565/661/565
f 117/612/117 565/661/565 567/663/567
f 117/612/117 567/663/567 118/664/118
f 565/661/565 566/662/566 568/665/568
f 565/661/565 568/665/568 567/663/567
f 118/664/118 567/663/567 569/666/569
f 569/666/569 567/663/567 568/665/568
f 118/664/118 569/666/569 120/667/120
f 120/667/120 569/666/569 122/668/122
f 122/668/122 569/666/569 476/669/476
f 476/669/476 569/666/569 570/670/570
f 476/669/476 570/670/570 477/671/477
f 569/666/569 568/665/568 571/672/571
f 569/666/569 571/672/571 570/670/570
f 477/671/477 570/670/570 479/673/479
f 571/672/571 568/665/568 572/674/572
f 480/675/480 479/673/479 483/676/483
f 483/676/483 479/673/479 573/677/573
f 483/676/483 573/677/573 574/678/574
f 573/677/573 479/673/479 575/679/575
f 575/679/575 479/673/479 570/670/570
f 573/677/573 575/679/575 576/680/576
f 575/679/575 570/670/570 577/681/577
f 577/681/577 570/670/570 571/672/571
f 575/679/575 577/681/577 578/682/578
f 578/682/578 577/681/577 579/683/579
f 579/683/579 577/681/577 580/684/580
f 579/683/579 580/684/580 581/685/581
f 577/681/577 571/672/571 582/686/582
f 577/681/577 582/686/582 580/684/580
f 580/684/580 582/686/582 581/685/581
f 581/685/581 582/686/582 583/687/583
f 582/686/582 571/672/571 572/674/572
f 583/687/583 582/686/582 584/688/584
f 582/686/582 572/674/572 585/689/585
f 582/686/582 585/689/585 584/688/584
f 583/687/583 584/688/584 586/690/586
f 583/687/583 586/690/586 587/691/587
f 586/690/586 584/688/584 585/689/585
f 588/692/588 586/690/586 589/693/589
f 589/693/589 586/690/586 590/694/590
f 590/694/590 586/690/586 585/689/585
f 589/693/589 590/694/590 591/695/591
f 589/693/589 591/695/591 592/696/592
f 590/694/590 585/689/585 593/697/593
f 594/698/594 592/696/592 595/699/595
f 595/699/595 592/696/592 596/700/596
f 596/700/596 592/696/592 591/695/591
f 597/701/597 595/699/595 598/702/598
f 598/702/598 595/699/595 599/703/599
f 599/703/599 595/699/595 596/700/596
f 598/702/598 599/703/599 600/704/600
f 598/702/598 600/704/600 601/705/601
f 599/703/599 596/700/596 602/706/602
f 602/706/602 596/700/596 603/707/603
f 603/707/603 596/700/596 591/695/591
f 599/703/599 602/706/602 604/708/604
f 599/703/599 604/708/604 600/704/600
f 603/707/603 591/695/591 605/709/605
f 601/705/601 600/704/600 606/710/606
f 600/704/600 604/708/604 607/711/607
f 607/711/607 604/708/604 608/712/608
f 600/704/600 607/711/607 609/713/609
f 600/704/600 609/713/609 610/714/610
f 600/704/600 610/714/610 606/710/606
f 606/710/606 610/714/610 611/715/611
f 612/716/612 605/709/605 591/695/591
f 605/709/605 612/716/612 613/717/613
f 612/716/612 591/695/591 614/718/614
f 614/718/614 591/695/591 590/694/590
f 614/718/614 590/694/590 593/697/593
f 612/716/612 614/718/614 615/719/615
f 615/719/615 614/718/614 593/697/593
f 613/717/613 612/716/612 616/720/616
f 613/717/613 616/720/616 617/721/617
f 617/721/617 616/720/616 618/722/618
f 616/720/616 612/716/612 619/723/619
f 619/723/619 612/716/612 615/719/615
f 618/722/618 616/720/616 620/724/620
f 620/724/620 616/720/616 619/723/619
f 621/725/621 622/726/622 618/722/618
f 621/725/621 618/722/618 623/727/623
f 623/727/623 618/722/618 620/724/620
f 621/725/621 623/727/623 624/728/624
f 623/727/623 620/724/620 625/729/625
f 623/727/623 625/729/625 624/728/624
f 625/729/625 620/724/620 619/723/619
f 624/728/624 625/729/625 626/730/626
f 625/729/625 619/723/619 627/731/627
f 627/731/627 619/723/619 615/719/615
f 626/730/626 625/729/625 628/732/628
f 627/731/627 615/719/615 629/733/629
f 625/729/625 627/731/627 630/734/630
f 630/734/630 627/731/627 629/733/629
f 625/729/625 630/734/630 631/735/631
f 625/729/625 631/735/631 628/732/628
f 626/730/626 628/732/628 632/736/632
f 626/730/626 632/736/632 633/737/633
f 628/732/628 631/735/631 634/738/634
f 628/732/628 634/738/634 632/736/632
f 631/735/631 630/734/630 635/739/635
f 631/735/631 635/739/635 634/738/634
f 635/739/635 630/734/630 564/660/564
f 564/660/564 630/734/630 629/733/629
f 635/739/635 564/660/564 556/652/556
f 564/660/564 629/733/629 563/659/563
f 635/739/635 556/652/556 636/740/636
f 635/739/635 636/740/636 634/738/634
f 636/740/636 556/652/556 548/644/548
f 636/740/636 548/644/548 549/645/549
f 636/740/636 549/645/549 637/741/637
f 636/740/636 637/741/637 634/738/634
f 637/741/637 549/645/549 550/646/550
f 638/742/638 632/736/632 634/738/634
f 638/742/638 634/738/634 637/741/637
f 632/736/632 638/742/638 633/737/633
f 637/741/637 550/646/550 639/743/639
f 637/741/637 639/743/639 638/742/638
f 639/743/639 550/646/550 640/744/640
f 640/744/640 550/646/550 641/745/641
f 638/742/638 639/743/639 642/746/642
f 642/746/642 639/743/639 640/744/640
f 633/737/633 638/742/638 643/747/643
f 643/747/643 638/742/638 642/746/642
f 633/737/633 643/747/643 644/748/644
f 640/744/640 641/745/641 645/749/645
f 644/748/644 643/747/643 645/749/645
f 644/748/644 645/749/645 646/750/646
f 645/749/645 643/747/643 647/751/647
f 642/746/642 640/744/640 648/752/648
f 640/744/640 645/749/645 649/753/649
f 640/744/640 649/753/649 648/752/648
f 649/753/649 645/749/645 647/751/647
f 642/746/642 648/752/648 650/754/650
f 650/754/650 648/752/648 649/753/649
f 642/746/642 650/754/650 643/747/643
f 650/754/650 649/753/649 647/751/647
f 650/754/650 647/751/647 643/747/643
f 651/755/651 652/756/652 653/757/653
f 652/756/652 651/755/651 605/758/605
f 652/756/652 605/758/605 613/759/613
f 605/758/605 651/755/651 603/760/603
f 652/756/652 613/759/613 617/761/617
f 652/756/652 617/761/617 654/762/654
f 652/756/652 654/762/654 653/757/653
f 654/762/654 617/761/617 655/763/655
f 655/763/655 617/761/617 618/764/618
f 655/763/655 618/764/618 607/765/607
f 607/765/607 618/764/618 656/766/656
f 655/763/655 607/765/607 608/767/608
f 655/763/655 608/767/608 657/768/657
f 655/763/655 657/768/657 654/762/654
f 654/762/654 657/768/657 658/769/658
f 654/762/654 658/769/658 653/757/653
f 653/757/653 658/769/658 659/770/659
f 653/757/653 659/770/659 660/771/660
f 653/757/653 660/771/660 651/755/651
f 651/755/651 660/771/660 661/772/661
f 651/755/651 661/772/661 603/760/603
f 661/772/661 660/771/660 662/773/662
f 662/773/662 660/771/660 663/774/663
f 661/772/661 662/773/662 664/775/664
f 664/775/664 662/773/662 665/776/665
f 603/760/603 661/772/661 666/777/666
f 666/777/666 661/772/661 664/775/664
f 603/760/603 666/777/666 602/778/602
f 666/777/666 664/775/664 667/779/667
f 602/778/602 666/777/666 668/780/668
f 668/780/668 666/777/666 667/779/667
f 602/778/602 668/780/668 604/781/604
f 668/780/668 667/779/667 669/782/669
f 604/781/604 668/780/668 608/783/608
f 608/783/608 668/780/668 669/782/669
f 608/783/608 669/782/669 657/784/657
f 670/785/670 572/674/572 568/665/568
f 670/785/670 568/665/568 566/662/566
f 572/674/572 670/785/670 671/786/671
f 572/674/572 671/786/671 585/689/585
f 670/785/670 566/662/566 672/787/672
f 670/785/670 672/787/672 671/786/671
f 672/787/672 566/662/566 560/656/560
f 585/689/585 671/786/671 673/788/673
f 585/689/585 673/788/673 593/697/593
f 593/697/593 673/788/673 674/789/674
f 593/697/593 674/789/674 615/719/615
f 673/788/673 671/786/671 675/790/675
f 675/790/675 671/786/671 672/787/672
f 674/789/674 673/788/673 676/791/676
f 674/789/674 676/791/676 615/719/615
f 676/791/676 673/788/673 675/790/675
f 615/719/615 676/791/676 629/733/629
f 675/790/675 672/787/672 677/792/677
f 675/790/675 677/792/677 676/791/676
f 677/792/677 672/787/672 560/656/560
f 676/791/676 677/792/677 629/733/629
f 677/792/677 560/656/560 563/659/563
f 677/792/677 563/659/563 629/733/629
f 530/793/530 83/794/83 82/795/82
f 530/793/530 82/795/82 678/796/678
f 530/793/530 678/796/678 531/797/531
f 531/797/531 678/796/678 679/798/679
f 679/798/679 678/796/678 82/795/82
f 531/797/531 679/798/679 532/799/532
f 679/798/679 82/795/82 680/800/680
f 680/800/680 82/795/82 81/801/81
f 532/799/532 679/798/679 681/802/681
f 532/799/532 681/802/681 536/803/536
f 679/798/679 680/800/680 682/804/682
f 679/798/679 682/804/682 681/802/681
f 680/800/680 81/801/81 683/805/683
f 683/805/683 81/801/81 349/806/349
f 682/804/682 680/800/680 684/807/684
f 684/807/684 680/800/680 683/805/683
f 681/802/681 682/804/682 685/808/685
f 685/808/685 682/804/682 684/807/684
f 686/809/686 536/803/536 681/802/681
f 536/803/536 686/809/686 538/810/538
f 538/810/538 686/809/686 551/811/551
f 686/809/686 681/802/681 687/812/687
f 687/812/687 681/802/681 685/808/685
f 551/811/551 686/809/686 688/813/688
f 688/813/688 686/809/686 687/812/687
f 687/812/687 685/808/685 689/814/689
f 690/815/690 685/808/685 684/807/684
f 685/808/685 690/815/690 689/814/689
f 690/815/690 684/807/684 691/816/691
f 691/816/691 684/807/684 683/805/683
f 689/814/689 690/815/690 692/817/692
f 692/817/692 690/815/690 691/816/691
f 687/812/687 689/814/689 693/818/693
f 687/812/687 693/818/693 688/813/688
f 693/818/693 689/814/689 694/819/694
f 694/819/694 689/814/689 692/817/692
f 691/816/691 683/805/683 695/820/695
f 695/820/695 683/805/683 349/806/349
f 695/820/695 349/806/349 350/821/350
f 695/820/695 350/821/350 351/822/351
f 695/820/695 351/822/351 353/823/353
f 695/820/695 353/823/353 691/816/691
f 691/816/691 353/823/353 696/824/696
f 691/816/691 696/824/696 692/817/692
f 696/824/696 353/823/353 354/825/354
f 696/824/696 354/825/354 357/826/357
f 692/817/692 696/824/696 697/827/697
f 697/827/697 696/824/696 357/826/357
f 692/817/692 697/827/697 698/828/698
f 697/827/697 357/826/357 366/829/366
f 366/829/366 357/826/357 356/830/356
f 698/828/698 697/827/697 699/831/699
f 692/817/692 698/828/698 700/832/700
f 700/832/700 698/828/698 699/831/699
f 692/817/692 700/832/700 694/819/694
f 697/827/697 366/829/366 701/833/701
f 697/827/697 701/833/701 699/831/699
f 701/833/701 366/829/366 702/834/702
f 702/834/702 366/829/366 365/835/365
f 702/834/702 365/835/365 371/836/371
f 702/834/702 371/836/371 372/837/372
f 701/833/701 702/834/702 703/838/703
f 701/833/701 703/838/703 699/831/699
f 702/834/702 372/837/372 704/839/704
f 702/834/702 704/839/704 703/838/703
f 704/839/704 372/837/372 705/840/705
f 705/840/705 372/837/372 373/841/373
f 705/840/705 373/841/373 374/842/374
f 704/839/704 705/840/705 706/843/706
f 706/843/706 705/840/705 374/842/374
f 703/838/703 704/839/704 707/844/707
f 707/844/707 704/839/704 706/843/706
f 708/845/708 699/831/699 703/838/703
f 708/845/708 703/838/703 707/844/707
f 699/831/699 708/845/708 709/846/709
f 699/831/699 709/846/709 700/832/700
f 708/845/708 707/844/707 710/847/710
f 707/844/707 706/843/706 711/848/711
f 707/844/707 711/848/711 710/847/710
f 708/845/708 710/847/710 712/849/712
f 712/849/712 710/847/710 711/848/711
f 708/845/708 712/849/712 709/846/709
f 700/832/700 709/846/709 713/850/713
f 700/832/700 713/850/713 694/819/694
f 711/848/711 706/843/706 714/851/714
f 711/848/711 714/851/714 712/849/712
f 709/846/709 712/849/712 715/852/715
f 715/852/715 712/849/712 714/851/714
f 713/850/713 709/846/709 716/853/716
f 716/853/716 709/846/709 715/852/715
f 694/819/694 713/850/713 717/854/717
f 694/819/694 717/854/717 693/818/693
f 717/854/717 713/850/713 718/855/718
f 717/854/717 718/855/718 719/856/719
f 717/854/717 719/856/719 720/857/720
f 717/854/717 720/857/720 693/818/693
f 718/855/718 713/850/713 721/858/721
f 721/858/721 713/850/713 716/853/716
f 718/855/718 721/858/721 722/859/722
f 722/859/722 721/858/721 723/860/723
f 693/818/693 720/857/720 688/813/688
f 721/858/721 716/853/716 724/861/724
f 721/858/721 724/861/724 723/860/723
f 724/861/724 716/853/716 715/852/715
f 723/860/723 724/861/724 725/862/725
f 723/860/723 725/862/725 726/863/726
f 726/863/726 725/862/725 727/864/727
f 725/862/725 724/861/724 728/865/728
f 728/865/728 724/861/724 715/852/715
f 725/862/725 728/865/728 729/866/729
f 730/867/730 731/868/731 728/865/728
f 728/865/728 715/852/715 732/869/732
f 728/865/728 732/869/732 730/867/730
f 732/869/732 715/852/715 733/870/733
f 730/867/730 732/869/732 734/871/734
f 730/867/730 734/871/734 735/872/735
f 734/871/734 732/869/732 736/873/736
f 736/873/736 732/869/732 733/870/733
f 735/872/735 734/871/734 737/874/737
f 737/874/737 734/871/734 736/873/736
f 735/872/735 737/874/737 738/875/738
f 735/872/735 738/875/738 739/876/739
f 738/875/738 737/874/737 378/877/378
f 378/877/378 737/874/737 740/878/740
f 740/878/740 737/874/737 736/873/736
f 378/877/378 740/878/740 377/879/377
f 740/878/740 736/873/736 741/880/741
f 741/880/741 736/873/736 733/870/733
f 377/879/377 740/878/740 742/881/742
f 742/881/742 740/878/740 741/880/741
f 741/880/741 733/870/733 743/882/743
f 377/879/377 742/881/742 744/883/744
f 377/879/377 744/883/744 374/842/374
f 742/881/742 741/880/741 745/884/745
f 745/884/745 741/880/741 743/882/743
f 742/881/742 745/884/745 744/883/744
f 743/882/743 733/870/733 746/885/746
f 743/882/743 746/885/746 745/884/745
f 746/885/746 733/870/733 714/851/714
f 746/885/746 714/851/714 745/884/745
f 714/851/714 733/870/733 715/852/715
f 744/883/744 745/884/745 747/886/747
f 747/886/747 745/884/745 714/851/714
f 744/883/744 747/886/747 374/842/374
f 747/886/747 714/851/714 706/843/706
f 747/886/747 706/843/706 374/842/374
f 550/887/550 551/811/551 641/888/641
f 641/888/641 551/811/551 748/889/748
f 748/889/748 551/811/551 688/813/688
f 645/890/645 641/888/641 646/891/646
f 646/891/646 641/888/641 749/892/749
f 749/892/749 641/888/641 748/889/748
f 646/891/646 749/892/749 750/893/750
f 748/889/748 688/813/688 751/894/751
f 748/889/748 751/894/751 752/895/752
f 748/889/748 752/895/752 749/892/749
f 751/894/751 688/813/688 753/896/753
f 753/896/753 688/813/688 720/857/720
f 753/896/753 720/857/720 754/897/754
f 751/894/751 753/896/753 755/898/755
f 755/898/755 753/896/753 754/897/754
f 751/894/751 755/898/755 752/895/752
f 755/898/755 754/897/754 756/899/756
f 755/898/755 756/899/756 752/895/752
f 757/900/757 749/892/749 758/901/758
f 758/901/758 749/892/749 759/902/759
f 759/902/759 749/892/749 752/895/752
f 758/901/758 759/902/759 760/903/760
f 760/903/760 759/902/759 761/904/761
f 759/902/759 752/895/752 762/905/762
f 759/902/759 762/905/762 761/904/761
f 762/905/762 752/895/752 756/899/756
f 761/904/761 762/905/762 763/906/763
f 762/905/762 756/899/756 764/907/764
f 762/905/762 764/907/764 763/906/763
f 763/906/763 764/907/764 765/908/765
f 222/909/222 766/910/766 220/911/220
f 220/911/220 766/910/766 407/912/407
f 407/912/407 766/910/766 409/913/409
f 409/913/409 766/910/766 222/909/222
f 409/913/409 222/909/222 767/914/767
f 767/914/767 222/909/222 515/915/515
f 767/914/767 515/915/515 768/916/768
f 768/916/768 515/915/515 516/917/516
f 768/916/768 516/917/516 518/918/518
f 767/914/767 768/916/768 769/919/769
f 409/913/409 767/914/767 770/920/770
f 770/920/770 767/914/767 769/919/769
f 409/913/409 770/920/770 771/921/771
f 409/913/409 771/921/771 410/922/410
f 770/920/770 769/919/769 772/923/772
f 770/920/770 772/923/772 771/921/771
f 769/919/769 768/916/768 773/924/773
f 769/919/769 773/924/773 772/923/772
f 410/922/410 771/921/771 415/925/415
f 773/924/773 768/916/768 774/926/774
f 774/926/774 768/916/768 518/918/518
f 774/926/774 518/918/518 775/927/775
f 775/927/775 518/918/518 521/928/521
f 775/927/775 521/928/521 776/929/776
f 775/927/775 776/929/776 774/926/774
f 774/926/774 776/929/776 777/930/777
f 774/926/774 777/930/777 773/924/773
f 777/930/777 776/929/776 778/931/778
f 773/924/773 777/930/777 779/932/779
f 773/924/773 779/932/779 772/923/772
f 777/930/777 778/931/778 780/933/780
f 772/923/772 779/932/779 781/934/781
f 772/923/772 781/934/781 782/935/782
f 782/935/782 781/934/781 779/932/779
f 772/923/772 782/935/782 771/921/771
f 779/932/779 777/930/777 783/936/783
f 783/936/783 777/930/777 780/933/780
f 782/935/782 779/932/779 784/937/784
f 784/937/784 779/932/779 783/936/783
f 771/921/771 782/935/782 785/938/785
f 782/935/782 784/937/784 786/939/786
f 782/935/782 786/939/786 785/938/785
f 784/937/784 783/936/783 787/940/787
f 784/937/784 787/940/787 786/939/786
f 783/936/783 780/933/780 788/941/788
f 783/936/783 788/941/788 787/940/787
f 788/941/788 780/933/780 789/942/789
f 789/942/789 780/933/780 790/943/790
f 789/942/789 790/943/790 791/944/791
f 788/941/788 789/942/789 792/945/792
f 792/945/792 789/942/789 791/944/791
f 787/940/787 788/941/788 793/946/793
f 793/946/793 788/941/788 792/945/792
f 794/947/794 786/939/786 787/940/787
f 794/947/794 787/940/787 793/946/793
f 786/939/786 794/947/794 795/948/795
f 786/939/786 795/948/795 785/938/785
f 792/945/792 791/944/791 796/949/796
f 792/945/792 796/949/796 793/946/793
f 796/949/796 791/944/791 797/950/797
f 797/950/797 791/944/791 798/951/798
f 793/946/793 796/949/796 799/952/799
f 793/946/793 799/952/799 794/947/794
f 796/949/796 797/950/797 800/953/800
f 796/949/796 800/953/800 799/952/799
f 794/947/794 799/952/799 801/954/801
f 794/947/794 801/954/801 795/948/795
f 801/954/801 799/952/799 800/953/800
f 795/948/795 801/954/801 802/955/802
f 795/948/795 802/955/802 785/938/785
f 801/954/801 800/953/800 803/956/803
f 801/954/801 803/956/803 802/955/802
f 804/957/804 800/953/800 797/950/797
f 804/957/804 797/950/797 805/958/805
f 805/958/805 797/950/797 806/959/806
f 800/953/800 804/957/804 807/960/807
f 800/953/800 807/960/807 803/956/803
f 804/957/804 805/958/805 808/961/808
f 804/957/804 808/961/808 807/960/807
f 808/961/808 805/958/805 809/962/809
f 808/961/808 809/962/809 810/963/810
f 807/960/807 808/961/808 811/964/811
f 803/956/803 807/960/807 812/965/812
f 812/965/812 807/960/807 811/964/811
f 803/956/803 812/965/812 813/966/813
f 803/956/803 813/966/813 802/955/802
f 808/961/808 810/963/810 814/967/814
f 808/961/808 814/967/814 811/964/811
f 812/965/812 811/964/811 815/968/815
f 815/968/815 811/964/811 814/967/814
f 813/966/813 812/965/812 816/969/816
f 816/969/816 812/965/812 815/968/815
f 813/966/813 816/969/816 817/970/817
f 817/970/817 816/969/816 818/971/818
f 818/971/818 816/969/816 815/968/815
f 813/966/813 817/970/817 819/972/819
f 818/971/818 815/968/815 820/973/820
f 818/971/818 820/973/820 388/974/388
f 820/973/820 815/968/815 821/975/821
f 821/975/821 815/968/815 814/967/814
f 820/973/820 821/975/821 822/976/822
f 822/976/822 821/975/821 823/977/823
f 823/977/823 821/975/821 814/967/814
f 823/977/823 814/967/814 381/978/381
f 381/978/381 814/967/814 824/979/824
f 824/979/824 814/967/814 810/963/810
f 381/978/381 824/979/824 378/980/378
f 824/979/824 810/963/810 739/981/739
f 378/980/378 824/979/824 738/982/738
f 738/982/738 824/979/824 739/981/739
f 825/983/825 813/966/813 819/972/819
f 813/966/813 825/983/825 802/955/802
f 825/983/825 819/972/819 419/984/419
f 802/955/802 825/983/825 785/938/785
f 825/983/825 419/984/419 826/985/826
f 825/983/825 826/985/826 785/938/785
f 826/985/826 419/984/419 418/986/418
f 785/938/785 826/985/826 827/987/827
f 827/987/827 826/985/826 418/986/418
f 785/938/785 827/987/827 771/921/771
f 827/987/827 418/986/418 415/925/415
f 827/987/827 415/925/415 771/921/771
f 574/988/574 482/989/482 483/990/483
f 482/989/482 574/988/574 828/991/828
f 482/989/482 828/991/828 485/992/485
f 828/991/828 574/988/574 576/993/576
f 576/993/576 574/988/574 573/994/573
f 485/992/485 828/991/828 487/995/487
f 828/991/828 576/993/576 578/996/578
f 578/996/578 576/993/576 575/997/575
f 828/991/828 578/996/578 487/995/487
f 487/995/487 578/996/578 829/998/829
f 829/998/829 578/996/578 579/999/579
f 829/998/829 579/999/579 830/1000/830
f 830/1000/830 579/999/579 581/1001/581
f 487/995/487 829/998/829 831/1002/831
f 831/1002/831 829/998/829 830/1000/830
f 830/1000/830 581/1001/581 832/1003/832
f 832/1003/832 581/1001/581 583/1004/583
f 832/1003/832 583/1004/583 587/1005/587
f 486/1006/486 487/995/487 489/1007/489
f 489/1007/489 487/995/487 833/1008/833
f 833/1008/833 487/995/487 831/1002/831
f 489/1007/489 833/1008/833 834/1009/834
f 489/1007/489 834/1009/834 490/1010/490
f 833/1008/833 831/1002/831 835/1011/835
f 490/1010/490 834/1009/834 492/1012/492
f 833/1008/833 835/1011/835 836/1013/836
f 836/1013/836 835/1011/835 831/1002/831
f 834/1009/834 833/1008/833 837/1014/837
f 837/1014/837 833/1008/833 836/1013/836
f 834/1009/834 837/1014/837 838/1015/838
f 838/1015/838 837/1014/837 836/1013/836
f 836/1013/836 831/1002/831 839/1016/839
f 836/1013/836 839/1016/839 838/1015/838
f 839/1016/839 831/1002/831 830/1000/830
f 840/1017/840 492/1012/492 834/1009/834
f 840/1017/840 834/1009/834 838/1015/838
f 492/1012/492 840/1017/840 841/1018/841
f 492/1012/492 841/1018/841 494/1019/494
f 839/1016/839 830/1000/830 842/1020/842
f 494/1019/494 841/1018/841 843/1021/843
f 842/1020/842 830/1000/830 832/1003/832
f 494/1019/494 843/1021/843 495/1022/495
f 839/1016/839 842/1020/842 844/1023/844
f 839/1016/839 844/1023/844 838/1015/838
f 842/1020/842 832/1003/832 845/1024/845
f 845/1024/845 832/1003/832 587/1005/587
f 842/1020/842 845/1024/845 846/1025/846
f 842/1020/842 846/1025/846 844/1023/844
f 845/1024/845 587/1005/587 847/1026/847
f 848/1027/848 495/1022/495 843/1021/843
f 495/1022/495 848/1027/848 520/1028/520
f 520/1028/520 848/1027/848 849/1029/849
f 849/1029/849 848/1027/848 850/1030/850
f 776/1031/776 521/1032/521 849/1029/849
f 848/1027/848 843/1021/843 851/1033/851
f 849/1029/849 850/1030/850 852/1034/852
f 849/1029/849 852/1034/852 776/1031/776
f 850/1030/850 848/1027/848 853/1035/853
f 850/1030/850 853/1035/853 852/1034/852
f 853/1035/853 848/1027/848 851/1033/851
f 776/1031/776 852/1034/852 854/1036/854
f 852/1034/852 853/1035/853 855/1037/855
f 852/1034/852 855/1037/855 854/1036/854
f 855/1037/855 853/1035/853 851/1033/851
f 776/1031/776 854/1036/854 856/1038/856
f 855/1037/855 851/1033/851 857/1039/857
f 856/1038/856 854/1036/854 858/1040/858
f 857/1039/857 851/1033/851 859/1041/859
f 856/1038/856 858/1040/858 860/1042/860
f 856/1038/856 860/1042/860 861/1043/861
f 861/1043/861 860/1042/860 862/1044/862
f 855/1037/855 857/1039/857 863/1045/863
f 863/1045/863 857/1039/857 859/1041/859
f 862/1044/862 860/1042/860 864/1046/864
f 862/1044/862 864/1046/864 865/1047/865
f 860/1042/860 858/1040/858 866/1048/866
f 860/1042/860 866/1048/866 864/1046/864
f 867/1049/867 858/1040/858 854/1036/854
f 867/1049/867 854/1036/854 855/1037/855
f 858/1040/858 867/1049/867 866/1048/866
f 866/1048/866 867/1049/867 868/1050/868
f 867/1049/867 855/1037/855 869/1051/869
f 867/1049/867 869/1051/869 868/1050/868
f 869/1051/869 855/1037/855 863/1045/863
f 866/1048/866 868/1050/868 870/1052/870
f 870/1052/870 868/1050/868 869/1051/869
f 871/1053/871 864/1046/864 866/1048/866
f 871/1053/871 866/1048/866 870/1052/870
f 864/1046/864 871/1053/871 872/1054/872
f 872/1054/872 871/1053/871 873/1055/873
f 873/1055/873 871/1053/871 870/1052/870
f 873/1055/873 870/1052/870 869/1051/869
f 873/1055/873 869/1051/869 874/1056/874
f 874/1056/874 869/1051/869 875/1057/875
f 875/1057/875 869/1051/869 876/1058/876
f 876/1058/876 869/1051/869 863/1045/863
f 875/1057/875 876/1058/876 877/1059/877
f 876/1058/876 863/1045/863 878/1060/878
f 878/1060/878 863/1045/863 879/1061/879
f 879/1061/879 863/1045/863 859/1041/859
f 878/1060/878 879/1061/879 880/1062/880
f 878/1060/878 880/1062/880 876/1058/876
f 879/1061/879 859/1041/859 881/1063/881
f 876/1058/876 880/1062/880 882/1064/882
f 880/1062/880 879/1061/879 883/1065/883
f 883/1065/883 879/1061/879 881/1063/881
f 882/1064/882 880/1062/880 844/1023/844
f 844/1023/844 880/1062/880 883/1065/883
f 882/1064/882 844/1023/844 846/1025/846
f 882/1064/882 846/1025/846 876/1058/876
f 844/1023/844 883/1065/883 838/1015/838
f 838/1015/838 883/1065/883 884/1066/884
f 884/1066/884 883/1065/883 881/1063/881
f 838/1015/838 884/1066/884 840/1017/840
f 884/1066/884 881/1063/881 885/1067/885
f 884/1066/884 885/1067/885 840/1017/840
f 885/1067/885 881/1063/881 859/1041/859
f 885/1067/885 859/1041/859 851/1033/851
f 840/1017/840 885/1067/885 841/1018/841
f 885/1067/885 851/1033/851 843/1021/843
f 886/1068/886 843/1021/843 841/1018/841
f 843/1021/843 886/1068/886 885/1067/885
f 885/1067/885 886/1068/886 841/1018/841
f 887/1069/887 876/1058/876 846/1025/846
f 876/1058/876 887/1069/887 877/1059/877
f 877/1059/877 887/1069/887 888/1070/888
f 887/1069/887 846/1025/846 889/1071/889
f 889/1071/889 846/1025/846 845/1024/845
f 888/1070/888 887/1069/887 890/1072/890
f 890/1072/890 887/1069/887 889/1071/889
f 889/1071/889 845/1024/845 847/1026/847
f 888/1070/888 890/1072/890 891/1073/891
f 888/1070/888 891/1073/891 892/1074/892
f 890/1072/890 889/1071/889 893/1075/893
f 893/1075/893 889/1071/889 847/1026/847
f 892/1074/892 891/1073/891 894/1076/894
f 890/1072/890 893/1075/893 895/1077/895
f 890/1072/890 895/1077/895 891/1073/891
f 895/1077/895 893/1075/893 896/1078/896
f 896/1078/896 893/1075/893 847/1026/847
f 891/1073/891 895/1077/895 897/1079/897
f 891/1073/891 897/1079/897 894/1076/894
f 897/1079/897 895/1077/895 898/1080/898
f 898/1080/898 895/1077/895 896/1078/896
f 897/1079/897 898/1080/898 899/1081/899
f 897/1079/897 899/1081/899 894/1076/894
f 898/1080/898 896/1078/896 900/1082/900
f 899/1081/899 898/1080/898 901/1083/901
f 901/1083/901 898/1080/898 900/1082/900
f 902/1084/902 894/1076/894 903/1085/903
f 903/1085/903 894/1076/894 904/1086/904
f 903/1085/903 904/1086/904 905/1087/905
f 904/1086/904 894/1076/894 906/1088/906
f 904/1086/904 906/1088/906 905/1087/905
f 906/1088/906 894/1076/894 899/1081/899
f 905/1087/905 906/1088/906 907/1089/907
f 905/1087/905 907/1089/907 908/1090/908
f 908/1090/908 907/1089/907 909/1091/909
f 906/1088/906 899/1081/899 910/1092/910
f 906/1088/906 910/1092/910 907/1089/907
f 910/1092/910 899/1081/899 901/1083/901
f 909/1091/909 907/1089/907 911/1093/911
f 911/1093/911 907/1089/907 910/1092/910
f 912/1094/912 913/1095/913 909/1091/909
f 912/1094/912 909/1091/909 911/1093/911
f 912/1094/912 911/1093/911 914/1096/914
f 912/1094/912 914/1096/914 915/1097/915
f 911/1093/911 910/1092/910 916/1098/916
f 916/1098/916 910/1092/910 901/1083/901
f 914/1096/914 911/1093/911 917/1099/917
f 917/1099/917 911/1093/911 916/1098/916
f 914/1096/914 917/1099/917 918/1100/918
f 918/1100/918 917/1099/917 919/1101/919
f 917/1099/917 916/1098/916 920/1102/920
f 917/1099/917 920/1102/920 919/1101/919
f 916/1098/916 901/1083/901 921/1103/921
f 916/1098/916 921/1103/921 920/1102/920
f 921/1103/921 901/1083/901 900/1082/900
f 920/1102/920 921/1103/921 922/1104/922
f 922/1104/922 921/1103/921 923/1105/923
f 923/1105/923 921/1103/921 900/1082/900
f 920/1102/920 922/1104/922 924/1106/924
f 924/1106/924 922/1104/922 923/1105/923
f 925/1107/925 919/1101/919 920/1102/920
f 925/1107/925 920/1102/920 924/1106/924
f 926/1108/926 919/1101/919 927/1109/927
f 927/1109/927 919/1101/919 925/1107/925
f 928/1110/928 927/1109/927 929/1111/929
f 929/1111/929 927/1109/927 930/1112/930
f 930/1112/930 927/1109/927 931/1113/931
f 931/1113/931 927/1109/927 925/1107/925
f 930/1112/930 931/1113/931 932/1114/932
f 931/1113/931 925/1107/925 933/1115/933
f 931/1113/931 933/1115/933 934/1116/934
f 933/1115/933 925/1107/925 935/1117/935
f 935/1117/935 925/1107/925 924/1106/924
f 933/1115/933 935/1117/935 936/1118/936
f 935/1117/935 924/1106/924 937/1119/937
f 937/1119/937 924/1106/924 923/1105/923
f 936/1118/936 935/1117/935 938/1120/938
f 936/1118/936 938/1120/938 939/1121/939
f 939/1121/939 938/1120/938 940/1122/940
f 940/1122/940 938/1120/938 611/1123/611
f 938/1120/938 935/1117/935 941/1124/941
f 938/1120/938 941/1124/941 611/1123/611
f 941/1124/941 935/1117/935 937/1119/937
f 611/1123/611 941/1124/941 606/1125/606
f 942/1126/942 937/1119/937 923/1105/923
f 606/1125/606 941/1124/941 943/1127/943
f 606/1125/606 943/1127/943 601/1128/601
f 941/1124/941 937/1119/937 944/1129/944
f 941/1124/941 944/1129/944 943/1127/943
f 944/1129/944 937/1119/937 942/1126/942
f 942/1126/942 923/1105/923 900/1082/900
f 943/1127/943 944/1129/944 945/1130/945
f 943/1127/943 945/1130/945 601/1128/601
f 944/1129/944 942/1126/942 946/1131/946
f 944/1129/944 946/1131/946 945/1130/945
f 942/1126/942 900/1082/900 947/1132/947
f 942/1126/942 947/1132/947 946/1131/946
f 601/1128/601 945/1130/945 948/1133/948
f 948/1133/948 945/1130/945 946/1131/946
f 601/1128/601 948/1133/948 949/1134/949
f 601/1128/601 949/1134/949 598/1135/598
f 598/1135/598 949/1134/949 597/1136/597
f 597/1136/597 949/1134/949 948/1133/948
f 597/1136/597 948/1133/948 950/1137/950
f 950/1137/950 948/1133/948 946/1131/946
f 597/1136/597 950/1137/950 951/1138/951
f 597/1136/597 951/1138/951 595/1139/595
f 950/1137/950 946/1131/946 952/1140/952
f 950/1137/950 952/1140/952 951/1138/951
f 952/1140/952 946/1131/946 947/1132/947
f 595/1139/595 951/1138/951 594/1141/594
f 594/1141/594 951/1138/951 952/1140/952
f 952/1140/952 947/1132/947 953/1142/953
f 952/1140/952 953/1142/953 847/1026/847
f 847/1026/847 953/1142/953 896/1078/896
f 952/1140/952 847/1026/847 954/1143/954
f 952/1140/952 954/1143/954 594/1141/594
f 954/1143/954 847/1026/847 587/1005/587
f 594/1141/594 954/1143/954 588/1144/588
f 588/1144/588 954/1143/954 587/1005/587
f 588/1144/588 587/1005/587 586/1145/586
f 594/1141/594 588/1144/588 592/1146/592
f 592/1146/592 588/1144/588 589/1147/589
f 955/1148/955 896/1078/896 953/1142/953
f 955/1148/955 953/1142/953 947/1132/947
f 896/1078/896 955/1148/955 900/1082/900
f 956/1149/956 947/1132/947 900/1082/900
f 947/1132/947 956/1149/956 955/1148/955
f 955/1148/955 956/1149/956 900/1082/900
f 521/1150/521 520/1151/520 849/1152/849
f 957/1153/957 292/1154/292 449/1155/449
f 957/1153/957 449/1155/449 446/1156/446
f 292/1154/292 957/1153/957 958/1157/958
f 292/1154/292 958/1157/958 291/1158/291
f 291/1158/291 958/1157/958 294/1159/294
f 957/1153/957 446/1156/446 959/1160/959
f 959/1160/959 446/1156/446 443/1161/443
f 959/1160/959 443/1161/443 441/1162/441
f 957/1153/957 959/1160/959 960/1163/960
f 957/1153/957 960/1163/960 958/1157/958
f 959/1160/959 441/1162/441 961/1164/961
f 960/1163/960 959/1160/959 962/1165/962
f 962/1165/962 959/1160/959 961/1164/961
f 961/1164/961 441/1162/441 963/1166/963
f 963/1166/963 441/1162/441 436/1167/436
f 962/1165/962 961/1164/961 964/1168/964
f 964/1168/964 961/1164/961 963/1166/963
f 963/1166/963 436/1167/436 435/1169/435
f 962/1165/962 964/1168/964 965/1170/965
f 962/1165/962 965/1170/965 960/1163/960
f 964/1168/964 963/1166/963 966/1171/966
f 966/1171/966 963/1166/963 435/1169/435
f 964/1168/964 966/1171/966 967/1172/967
f 964/1168/964 967/1172/967 965/1170/965
f 966/1171/966 435/1169/435 968/1173/968
f 966/1171/966 968/1173/968 967/1172/967
f 968/1173/968 435/1169/435 969/1174/969
f 969/1174/969 435/1169/435 431/1175/431
f 967/1172/967 968/1173/968 970/1176/970
f 967/1172/967 970/1176/970 965/1170/965
f 968/1173/968 969/1174/969 971/1177/971
f 968/1173/968 971/1177/971 970/1176/970
f 969/1174/969 431/1175/431 972/1178/972
f 972/1178/972 431/1175/431 430/1179/430
f 971/1177/971 969/1174/969 973/1180/973
f 973/1180/973 969/1174/969 972/1178/972
f 972/1178/972 430/1179/430 974/1181/974
f 972/1178/972 974/1181/974 973/1180/973
f 974/1181/974 430/1179/430 425/1182/425
f 975/1183/975 970/1176/970 971/1177/971
f 970/1176/970 975/1183/975 965/1170/965
f 971/1177/971 973/1180/973 976/1184/976
f 971/1177/971 976/1184/976 975/1183/975
f 973/1180/973 974/1181/974 977/1185/977
f 973/1180/973 977/1185/977 976/1184/976
f 977/1185/977 974/1181/974 978/1186/978
f 965/1170/965 975/1183/975 979/1187/979
f 965/1170/965 979/1187/979 960/1163/960
f 960/1163/960 979/1187/979 958/1157/958
f 958/1157/958 979/1187/979 294/1159/294
f 979/1187/979 975/1183/975 980/1188/980
f 979/1187/979 980/1188/980 294/1159/294
f 980/1188/980 975/1183/975 976/1184/976
f 294/1159/294 980/1188/980 295/1189/295
f 980/1188/980 976/1184/976 981/1190/981
f 980/1188/980 981/1190/981 295/1189/295
f 981/1190/981 976/1184/976 977/1185/977
f 295/1189/295 981/1190/981 297/1191/297
f 297/1191/297 981/1190/981 298/1192/298
f 298/1192/298 981/1190/981 977/1185/977
f 298/1192/298 977/1185/977 978/1186/978
f 298/1192/298 978/1186/978 982/1193/982
f 982/1193/982 978/1186/978 974/1181/974
f 298/1192/298 982/1193/982 299/1194/299
f 982/1193/982 974/1181/974 425/1182/425
f 299/1194/299 982/1193/982 303/1195/303
f 303/1195/303 982/1193/982 425/1182/425
f 303/1195/303 425/1182/425 983/1196/983
f 310/1197/310 304/1198/304 303/1195/303
f 310/1197/310 303/1195/303 983/1196/983
f 983/1196/983 425/1182/425 984/1199/984
f 984/1199/984 425/1182/425 421/1200/421
f 310/1197/310 983/1196/983 985/1201/985
f 310/1197/310 985/1201/985 312/1202/312
f 312/1202/312 985/1201/985 388/1203/388
f 985/1201/985 983/1196/983 986/1204/986
f 985/1201/985 986/1204/986 388/1203/388
f 983/1196/983 984/1199/984 987/1205/987
f 983/1196/983 987/1205/987 986/1204/986
f 984/1199/984 421/1200/421 988/1206/988
f 984/1199/984 988/1206/988 987/1205/987
f 988/1206/988 421/1200/421 417/1207/417
f 988/1206/988 417/1207/417 419/1208/419
f 988/1206/988 419/1208/419 987/1205/987
f 987/1205/987 419/1208/419 819/1209/819
f 987/1205/987 819/1209/819 817/1210/817
f 989/1211/989 986/1204/986 987/1205/987
f 989/1211/989 987/1205/987 817/1210/817
f 986/1204/986 989/1211/989 388/1203/388
f 989/1211/989 817/1210/817 818/1212/818
f 989/1211/989 818/1212/818 388/1203/388
f 990/1213/990 756/1214/756 754/1215/754
f 990/1213/990 754/1215/754 991/1216/991
f 991/1216/991 754/1215/754 720/1217/720
f 991/1216/991 720/1217/720 719/1218/719
f 991/1216/991 719/1218/719 718/1219/718
f 756/1214/756 990/1213/990 992/1220/992
f 756/1214/756 992/1220/992 764/1221/764
f 990/1213/990 991/1216/991 993/1222/993
f 990/1213/990 993/1222/993 992/1220/992
f 991/1216/991 718/1219/718 994/1223/994
f 991/1216/991 994/1223/994 993/1222/993
f 994/1223/994 718/1219/718 995/1224/995
f 995/1224/995 718/1219/718 722/1225/722
f 993/1222/993 994/1223/994 996/1226/996
f 994/1223/994 995/1224/995 997/1227/997
f 994/1223/994 997/1227/997 996/1226/996
f 995/1224/995 722/1225/722 998/1228/998
f 997/1227/997 995/1224/995 999/1229/999
f 999/1229/999 995/1224/995 998/1228/998
f 998/1228/998 722/1225/722 723/1230/723
f 998/1228/998 723/1230/723 1000/1231/1000
f 998/1228/998 1000/1231/1000 1001/1232/1001
f 998/1228/998 1001/1232/1001 999/1229/999
f 1000/1231/1000 723/1230/723 1002/1233/1002
f 1002/1233/1002 723/1230/723 726/1234/726
f 1002/1233/1002 726/1234/726 727/1235/727
f 999/1229/999 1001/1232/1001 1003/1236/1003
f 999/1229/999 1003/1236/1003 1004/1237/1004
f 1005/1238/1005 997/1227/997 999/1229/999
f 1005/1238/1005 999/1229/999 1004/1237/1004
f 997/1227/997 1005/1238/1005 996/1226/996
f 1004/1237/1004 1003/1236/1003 1006/1239/1006
f 1005/1238/1005 1004/1237/1004 1007/1240/1007
f 1004/1237/1004 1006/1239/1006 1008/1241/1008
f 1007/1240/1007 1004/1237/1004 1009/1242/1009
f 1009/1242/1009 1004/1237/1004 1008/1241/1008
f 1005/1238/1005 1007/1240/1007 1010/1243/1010
f 1007/1240/1007 1009/1242/1009 1011/1244/1011
f 1007/1240/1007 1011/1244/1011 1010/1243/1010
f 1012/1245/1012 996/1226/996 1005/1238/1005
f 1012/1245/1012 1005/1238/1005 1010/1243/1010
f 1012/1245/1012 1010/1243/1010 1013/1246/1013
f 1012/1245/1012 1013/1246/1013 1014/1247/1014
f 1013/1246/1013 1010/1243/1010 1015/1248/1015
f 1013/1246/1013 1015/1248/1015 1016/1249/1016
f 1016/1249/1016 1015/1248/1015 1017/1250/1017
f 1017/1250/1017 1015/1248/1015 1018/1251/1018
f 1018/1251/1018 1015/1248/1015 1010/1243/1010
f 1018/1251/1018 1010/1243/1010 1011/1244/1011
f 1018/1251/1018 1011/1244/1011 1019/1252/1019
f 1019/1252/1019 1011/1244/1011 1020/1253/1020
f 1020/1253/1020 1011/1244/1011 1021/1254/1021
f 1020/1253/1020 1021/1254/1021 1022/1255/1022
f 1022/1255/1022 1021/1254/1021 1023/1256/1023
f 1021/1254/1021 1011/1244/1011 1024/1257/1024
f 1021/1254/1021 1024/1257/1024 1023/1256/1023
f 1024/1257/1024 1011/1244/1011 1009/1242/1009
f 1023/1256/1023 1024/1257/1024 1025/1258/1025
f 1024/1257/1024 1009/1242/1009 1026/1259/1026
f 1024/1257/1024 1026/1259/1026 1025/1258/1025
f 1026/1259/1026 1009/1242/1009 1008/1241/1008
f 1025/1258/1025 1026/1259/1026 1027/1260/1027
f 1025/1258/1025 1027/1260/1027 1028/1261/1028
f 1028/1261/1028 1027/1260/1027 1029/1262/1029
f 1029/1262/1029 1027/1260/1027 1016/1263/1016
f 1027/1260/1027 1026/1259/1026 1030/1264/1030
f 1027/1260/1027 1030/1264/1030 1016/1263/1016
f 1030/1264/1030 1026/1259/1026 1008/1241/1008
f 1016/1263/1016 1030/1264/1030 1031/1265/1031
f 1016/1263/1016 1031/1265/1031 1013/1266/1013
f 1031/1265/1031 1030/1264/1030 1032/1267/1032
f 1031/1265/1031 1032/1267/1032 1013/1266/1013
f 1032/1267/1032 1030/1264/1030 1008/1241/1008
f 1013/1266/1013 1032/1267/1032 1014/1268/1014
f 1032/1267/1032 1008/1241/1008 1033/1269/1033
f 1014/1268/1014 1032/1267/1032 1034/1270/1034
f 1034/1270/1034 1032/1267/1032 1033/1269/1033
f 1014/1268/1014 1034/1270/1034 1035/1271/1035
f 1035/1271/1035 1034/1270/1034 1036/1272/1036
f 1033/1269/1033 1008/1241/1008 1006/1239/1006
f 1033/1269/1033 1006/1239/1006 1037/1273/1037
f 1036/1272/1036 1034/1270/1034 1038/1274/1038
f 1033/1269/1033 1037/1273/1037 1039/1275/1039
f 1040/1276/1040 1038/1274/1038 1039/1275/1039
f 1041/1277/1041 1034/1270/1034 1033/1269/1033
f 1041/1277/1041 1033/1269/1033 1039/1275/1039
f 1034/1270/1034 1041/1277/1041 1038/1274/1038
f 1038/1274/1038 1041/1277/1041 1039/1275/1039
f 1042/1278/1042 764/1221/764 992/1220/992
f 1042/1278/1042 992/1220/992 993/1222/993
f 764/1221/764 1042/1278/1042 1043/1279/1043
f 764/1221/764 1043/1279/1043 765/1280/765
f 1043/1279/1043 1042/1278/1042 1044/1281/1044
f 1043/1279/1043 1044/1281/1044 1045/1282/1045
f 1042/1278/1042 993/1222/993 1046/1283/1046
f 1042/1278/1042 1046/1283/1046 1044/1281/1044
f 1046/1283/1046 993/1222/993 996/1226/996
f 1044/1281/1044 1046/1283/1046 1047/1284/1047
f 1046/1283/1046 996/1226/996 1048/1285/1048
f 1046/1283/1046 1048/1285/1048 1047/1284/1047
f 1048/1285/1048 996/1226/996 1012/1245/1012
f 1047/1284/1047 1048/1285/1048 1049/1286/1049
f 1048/1285/1048 1012/1245/1012 1014/1247/1014
f 1048/1285/1048 1014/1247/1014 1049/1286/1049
f 1049/1286/1049 1014/1247/1014 1035/1287/1035
f 1050/1288/1050 1051/1289/1051 1052/1290/1052
f 1050/1288/1050 1052/1290/1052 1053/1291/1053
f 1053/1291/1053 1052/1290/1052 1022/1292/1022
f 1053/1291/1053 1022/1292/1022 1023/1293/1023
f 1050/1288/1050 1053/1291/1053 1054/1294/1054
f 1050/1288/1050 1054/1294/1054 1055/1295/1055
f 1050/1288/1050 1055/1295/1055 1051/1289/1051
f 1055/1295/1055 1054/1294/1054 1056/1296/1056
f 1057/1297/1057 1052/1290/1052 1051/1289/1051
f 1052/1290/1052 1057/1297/1057 1058/1298/1058
f 1058/1298/1058 1057/1297/1057 1059/1299/1059
f 1059/1299/1059 1057/1297/1057 1060/1300/1060
f 1055/1295/1055 1056/1296/1056 1061/1301/1061
f 1055/1295/1055 1061/1301/1061 1051/1289/1051
f 1051/1289/1051 1061/1301/1061 1057/1297/1057
f 1057/1297/1057 1061/1301/1061 1060/1300/1060
f 1061/1301/1061 1056/1296/1056 1062/1302/1062
f 1061/1301/1061 1062/1302/1062 1060/1300/1060
f 384/1303/384 385/1304/385 388/1305/388
f 384/1303/384 388/1305/388 822/1306/822
f 822/1306/822 388/1305/388 820/1307/820
f 384/1303/384 822/1306/822 382/1308/382
f 382/1308/382 822/1306/822 823/1309/823
f 382/1308/382 823/1309/823 381/1310/381
f 776/1311/776 856/1312/856 778/1313/778
f 778/1313/778 856/1312/856 1063/1314/1063
f 778/1313/778 1063/1314/1063 1064/1315/1064
f 778/1313/778 1064/1315/1064 780/1316/780
f 1063/1314/1063 856/1312/856 1065/1317/1065
f 780/1316/780 1064/1315/1064 790/1318/790
f 1065/1317/1065 856/1312/856 861/1319/861
f 1063/1314/1063 1065/1317/1065 1066/1320/1066
f 1063/1314/1063 1066/1320/1066 1064/1315/1064
f 1065/1317/1065 861/1319/861 1067/1321/1067
f 1067/1321/1067 861/1319/861 862/1322/862
f 1067/1321/1067 862/1322/862 865/1323/865
f 1065/1317/1065 1067/1321/1067 1068/1324/1068
f 1068/1324/1068 1067/1321/1067 865/1323/865
f 1065/1317/1065 1068/1324/1068 1066/1320/1066
f 1068/1324/1068 865/1323/865 1069/1325/1069
f 1069/1325/1069 865/1323/865 864/1326/864
f 1069/1325/1069 864/1326/864 872/1327/872
f 1068/1324/1068 1069/1325/1069 1070/1328/1070
f 1070/1328/1070 1069/1325/1069 872/1327/872
f 1068/1324/1068 1070/1328/1070 1071/1329/1071
f 1068/1324/1068 1071/1329/1071 1066/1320/1066
f 1070/1328/1070 872/1327/872 1072/1330/1072
f 1072/1330/1072 872/1327/872 873/1331/873
f 1071/1329/1071 1070/1328/1070 1073/1332/1073
f 1071/1329/1071 1073/1332/1073 1066/1320/1066
f 1073/1332/1073 1070/1328/1070 1072/1330/1072
f 1072/1330/1072 873/1331/873 874/1333/874
f 1073/1332/1073 1072/1330/1072 1074/1334/1074
f 1073/1332/1073 1074/1334/1074 1066/1320/1066
f 1074/1334/1074 1072/1330/1072 874/1333/874
f 1066/1320/1066 1074/1334/1074 1075/1335/1075
f 1066/1320/1066 1075/1335/1075 1064/1315/1064
f 1074/1334/1074 874/1333/874 1076/1336/1076
f 1076/1336/1076 874/1333/874 875/1337/875
f 1075/1335/1075 1074/1334/1074 1077/1338/1077
f 1077/1338/1077 1074/1334/1074 1076/1336/1076
f 1076/1336/1076 875/1337/875 1078/1339/1078
f 1076/1336/1076 1078/1339/1078 1077/1338/1077
f 1078/1339/1078 875/1337/875 877/1340/877
f 1078/1339/1078 877/1340/877 1079/1341/1079
f 1078/1339/1078 1079/1341/1079 1080/1342/1080
f 1078/1339/1078 1080/1342/1080 1081/1343/1081
f 1078/1339/1078 1081/1343/1081 1077/1338/1077
f 1081/1343/1081 1080/1342/1080 1082/1344/1082
f 1081/1343/1081 1082/1344/1082 1083/1345/1083
f 1081/1343/1081 1083/1345/1083 1084/1346/1084
f 1077/1338/1077 1081/1343/1081 1085/1347/1085
f 1085/1347/1085 1081/1343/1081 1084/1346/1084
f 1077/1338/1077 1085/1347/1085 1075/1335/1075
f 1075/1335/1075 1085/1347/1085 1086/1348/1086
f 1086/1348/1086 1085/1347/1085 1084/1346/1084
f 1075/1335/1075 1086/1348/1086 1064/1315/1064
f 1086/1348/1086 1084/1346/1084 1087/1349/1087
f 1087/1349/1087 1084/1346/1084 1088/1350/1088
f 1087/1349/1087 1088/1350/1088 731/1351/731
f 1064/1315/1064 1086/1348/1086 1089/1352/1089
f 1064/1315/1064 1089/1352/1089 790/1318/790
f 790/1318/790 1089/1352/1089 798/1353/798
f 790/1318/790 798/1353/798 791/1354/791
f 1089/1352/1089 1086/1348/1086 1090/1355/1090
f 1090/1355/1090 1086/1348/1086 1087/1349/1087
f 798/1353/798 1089/1352/1089 806/1356/806
f 806/1356/806 1089/1352/1089 1090/1355/1090
f 798/1353/798 806/1356/806 797/1357/797
f 1090/1355/1090 1087/1349/1087 1091/1358/1091
f 1091/1358/1091 1087/1349/1087 731/1351/731
f 806/1356/806 1090/1355/1090 1092/1359/1092
f 1092/1359/1092 1090/1355/1090 1091/1358/1091
f 806/1356/806 1092/1359/1092 805/1360/805
f 1091/1358/1091 731/1351/731 730/1361/730
f 805/1360/805 1092/1359/1092 809/1362/809
f 809/1362/809 1092/1359/1092 1091/1358/1091
f 809/1362/809 1091/1358/1091 730/1361/730
f 809/1362/809 730/1361/730 735/1363/735
f 809/1362/809 735/1363/735 739/1364/739
f 809/1362/809 739/1364/739 810/1365/810
f 1079/1366/1079 877/1367/877 1093/1368/1093
f 888/1369/888 892/1370/892 877/1367/877
f 877/1367/877 892/1370/892 1093/1368/1093
f 1079/1366/1079 1093/1368/1093 1094/1371/1094
f 1079/1366/1079 1094/1371/1094 1080/1372/1080
f 1080/1372/1080 1094/1371/1094 1082/1373/1082
f 1082/1373/1082 1094/1371/1094 1095/1374/1095
f 1094/1371/1094 1093/1368/1093 1096/1375/1096
f 1094/1371/1094 1096/1375/1096 1095/1374/1095
f 1093/1368/1093 892/1370/892 1097/1376/1097
f 1093/1368/1093 1097/1376/1097 1096/1375/1096
f 894/1377/894 902/1378/902 892/1370/892
f 892/1370/892 902/1378/902 1097/1376/1097
f 1082/1373/1082 1095/1374/1095 1083/1379/1083
f 1095/1374/1095 1096/1375/1096 1098/1380/1098
f 1098/1380/1098 1096/1375/1096 1097/1376/1097
f 1097/1376/1097 902/1378/902 1099/1381/1099
f 1099/1381/1099 902/1378/902 1100/1382/1100
f 1100/1382/1100 902/1378/902 903/1383/903
f 1100/1382/1100 903/1383/903 905/1384/905
f 1100/1382/1100 905/1384/905 908/1385/908
f 1100/1382/1100 908/1385/908 1101/1386/1101
f 1101/1386/1101 908/1385/908 909/1387/909
f 1099/1381/1099 1100/1382/1100 1102/1388/1102
f 1102/1388/1102 1100/1382/1100 1101/1386/1101
f 1101/1386/1101 909/1387/909 913/1389/913
f 1099/1381/1099 1102/1388/1102 1103/1390/1103
f 1099/1381/1099 1103/1390/1103 1097/1376/1097
f 1102/1388/1102 1101/1386/1101 1104/1391/1104
f 1102/1388/1102 1104/1391/1104 1103/1390/1103
f 1101/1386/1101 913/1389/913 1105/1392/1105
f 1101/1386/1101 1105/1392/1105 1104/1391/1104
f 1105/1392/1105 913/1389/913 915/1393/915
f 915/1393/915 913/1389/913 912/1394/912
f 1104/1391/1104 1105/1392/1105 1106/1395/1106
f 1104/1391/1104 1106/1395/1106 1103/1390/1103
f 1105/1392/1105 915/1393/915 918/1396/918
f 1105/1392/1105 918/1396/918 1106/1395/1106
f 918/1396/918 915/1393/915 914/1397/914
f 1106/1395/1106 918/1396/918 926/1398/926
f 926/1398/926 918/1396/918 919/1399/919
f 1103/1390/1103 1106/1395/1106 1107/1400/1107
f 1107/1400/1107 1106/1395/1106 926/1398/926
f 1108/1401/1108 1097/1376/1097 1103/1390/1103
f 1108/1401/1108 1103/1390/1103 1107/1400/1107
f 1097/1376/1097 1108/1401/1108 1098/1380/1098
f 1098/1380/1098 1108/1401/1108 1109/1402/1109
f 1109/1402/1109 1108/1401/1108 1110/1403/1110
f 1098/1380/1098 1109/1402/1109 1111/1404/1111
f 1111/1404/1111 1109/1402/1109 1110/1403/1110
f 1098/1380/1098 1111/1404/1111 1112/1405/1112
f 1110/1403/1110 1108/1401/1108 1113/1406/1113
f 1113/1406/1113 1108/1401/1108 1107/1400/1107
f 1111/1404/1111 1110/1403/1110 1114/1407/1114
f 1114/1407/1114 1110/1403/1110 1113/1406/1113
f 1111/1404/1111 1114/1407/1114 1115/1408/1115
f 1111/1404/1111 1115/1408/1115 1112/1405/1112
f 1098/1380/1098 1112/1405/1112 1095/1374/1095
f 1115/1408/1115 1114/1407/1114 1116/1409/1116
f 1115/1408/1115 1116/1409/1116 1112/1405/1112
f 1114/1407/1114 1113/1406/1113 1117/1410/1117
f 1114/1407/1114 1117/1410/1117 1116/1409/1116
f 1095/1374/1095 1112/1405/1112 1118/1411/1118
f 1117/1410/1117 1113/1406/1113 1119/1412/1119
f 1095/1374/1095 1118/1411/1118 1120/1413/1120
f 1118/1411/1118 1112/1405/1112 1121/1414/1121
f 1118/1411/1118 1121/1414/1121 1120/1413/1120
f 1121/1414/1121 1112/1405/1112 1116/1409/1116
f 1095/1374/1095 1120/1413/1120 1083/1379/1083
f 1117/1410/1117 1119/1412/1119 1122/1415/1122
f 1117/1410/1117 1122/1415/1122 1116/1409/1116
f 1123/1416/1123 1119/1412/1119 1113/1406/1113
f 1123/1416/1123 1113/1406/1113 1107/1400/1107
f 1119/1412/1119 1123/1416/1123 1124/1417/1124
f 1119/1412/1119 1124/1417/1124 1122/1415/1122
f 1116/1409/1116 1122/1415/1122 1001/1418/1001
f 1001/1418/1001 1122/1415/1122 1003/1419/1003
f 1116/1409/1116 1001/1418/1001 1125/1420/1125
f 1116/1409/1116 1125/1420/1125 1121/1414/1121
f 1125/1420/1125 1001/1418/1001 1000/1421/1000
f 1121/1414/1121 1125/1420/1125 1126/1422/1126
f 1126/1422/1126 1125/1420/1125 1000/1421/1000
f 1121/1414/1121 1126/1422/1126 1120/1413/1120
f 1126/1422/1126 1000/1421/1000 1002/1423/1002
f 1126/1422/1126 1002/1423/1002 727/1424/727
f 1127/1425/1127 1003/1419/1003 1122/1415/1122
f 1127/1425/1127 1122/1415/1122 1124/1417/1124
f 1003/1419/1003 1127/1425/1127 1006/1426/1006
f 1127/1425/1127 1124/1417/1124 1123/1416/1123
f 1006/1426/1006 1127/1425/1127 1128/1427/1128
f 1128/1427/1128 1127/1425/1127 1123/1416/1123
f 1006/1426/1006 1128/1427/1128 1037/1428/1037
f 1037/1428/1037 1128/1427/1128 1129/1429/1129
f 1129/1429/1129 1128/1427/1128 1123/1416/1123
f 1037/1428/1037 1129/1429/1129 1039/1430/1039
f 1039/1430/1039 1129/1429/1129 1130/1431/1130
f 1039/1430/1039 1130/1431/1130 1040/1432/1040
f 1129/1429/1129 1123/1416/1123 1131/1433/1131
f 1129/1429/1129 1131/1433/1131 1130/1431/1130
f 1131/1433/1131 1123/1416/1123 1132/1434/1132
f 1132/1434/1132 1123/1416/1123 1107/1400/1107
f 1130/1431/1130 1131/1433/1131 1133/1435/1133
f 1133/1435/1133 1131/1433/1131 1134/1436/1134
f 1133/1435/1133 1134/1436/1134 1130/1431/1130
f 1134/1436/1134 1131/1433/1131 1132/1434/1132
f 1130/1431/1130 1134/1436/1134 1135/1437/1135
f 1130/1431/1130 1135/1437/1135 1136/1438/1136
f 1136/1438/1136 1135/1437/1135 1137/1439/1137
f 1135/1437/1135 1134/1436/1134 1138/1440/1138
f 1135/1437/1135 1138/1440/1138 1137/1439/1137
f 1137/1439/1137 1138/1440/1138 1139/1441/1139
f 1137/1439/1137 1139/1441/1139 1140/1442/1140
f 1138/1440/1138 1134/1436/1134 1141/1443/1141
f 1141/1443/1141 1134/1436/1134 1132/1434/1132
f 1139/1441/1139 1138/1440/1138 1142/1444/1142
f 1142/1444/1142 1138/1440/1138 1141/1443/1141
f 1139/1441/1139 1142/1444/1142 1143/1445/1143
f 1141/1443/1141 1132/1434/1132 1144/1446/1144
f 1141/1443/1141 1144/1446/1144 1142/1444/1142
f 1143/1445/1143 1142/1444/1142 1145/1447/1145
f 1145/1447/1145 1142/1444/1142 1144/1446/1144
f 1143/1445/1143 1145/1447/1145 1146/1448/1146
f 1146/1448/1146 1145/1447/1145 1147/1449/1147
f 1147/1449/1147 1145/1447/1145 1144/1446/1144
f 1146/1448/1146 1147/1449/1147 928/1450/928
f 928/1450/928 1147/1449/1147 927/1451/927
f 927/1451/927 1147/1449/1147 926/1398/926
f 1148/1452/1148 1144/1446/1144 1132/1434/1132
f 1144/1446/1144 1148/1452/1148 1147/1449/1147
f 1147/1449/1147 1148/1452/1148 926/1398/926
f 1148/1452/1148 1132/1434/1132 1107/1400/1107
f 1148/1452/1148 1107/1400/1107 926/1398/926
f 1149/1453/1149 1083/1379/1083 1120/1413/1120
f 1149/1453/1149 1120/1413/1120 1126/1422/1126
f 1149/1453/1149 1126/1422/1126 1150/1454/1150
f 1150/1454/1150 1126/1422/1126 727/1424/727
f 1083/1379/1083 1149/1453/1149 1151/1455/1151
f 1151/1455/1151 1149/1453/1149 1150/1454/1150
f 1083/1379/1083 1151/1455/1151 1152/1456/1152
f 1083/1379/1083 1152/1456/1152 1084/1457/1084
f 1151/1455/1151 1150/1454/1150 1153/1458/1153
f 1153/1458/1153 1150/1454/1150 727/1424/727
f 1151/1455/1151 1153/1458/1153 1152/1456/1152
f 1153/1458/1153 727/1424/727 725/1459/725
f 1153/1458/1153 725/1459/725 1152/1456/1152
f 1152/1456/1152 725/1459/725 729/1460/729
f 1084/1457/1084 1152/1456/1152 1088/1461/1088
f 1088/1461/1088 1152/1456/1152 729/1460/729
f 1088/1461/1088 729/1460/729 731/1462/731
f 731/1462/731 729/1460/729 728/1463/728
f 1154/1464/1154 1155/1465/1155 1156/1466/1156
f 1154/1464/1154 1156/1466/1156 1157/1467/1157
f 1156/1466/1156 1155/1465/1155 1158/1468/1158
f 1156/1466/1156 1158/1468/1158 1157/1467/1157
f 1158/1468/1158 1155/1465/1155 1159/1469/1159
f 1158/1468/1158 1159/1469/1159 1160/1470/1160
f 1160/1470/1160 1159/1469/1159 1161/1471/1161
f 1158/1468/1158 1160/1470/1160 1162/1472/1162
f 1162/1472/1162 1160/1470/1160 1161/1471/1161
f 1157/1467/1157 1158/1468/1158 1163/1473/1163
f 1163/1473/1163 1158/1468/1158 1162/1472/1162
f 1157/1467/1157 1163/1473/1163 1164/1474/1164
f 1162/1472/1162 1161/1471/1161 1165/1475/1165
f 1162/1472/1162 1165/1475/1165 1163/1473/1163
f 1165/1475/1165 1161/1471/1161 1166/1476/1166
f 1164/1474/1164 1163/1473/1163 1166/1476/1166
f 1166/1476/1166 1163/1473/1163 1165/1475/1165
f 1155/1477/1155 1154/1478/1154 1167/1479/1167
f 1167/1479/1167 1154/1478/1154 1157/1480/1157
f 1167/1479/1167 1157/1480/1157 1164/1481/1164
f 1155/1477/1155 1167/1479/1167 1168/1482/1168
f 1155/1477/1155 1168/1482/1168 1159/1483/1159
f 1159/1483/1159 1168/1482/1168 1169/1484/1169
f 1159/1483/1159 1169/1484/1169 1161/1485/1161
f 1161/1485/1161 1169/1484/1169 1170/1486/1170
f 1169/1484/1169 1168/1482/1168 1171/1487/1171
f 1171/1487/1171 1168/1482/1168 1167/1479/1167
f 1167/1479/1167 1164/1481/1164 1172/1488/1172
f 1167/1479/1167 1172/1488/1172 1171/1487/1171
f 1172/1488/1172 1164/1481/1164 1173/1489/1173
f 1173/1489/1173 1164/1481/1164 1166/1490/1166
f 1173/1489/1173 1166/1490/1166 663/1491/663
f 1173/1489/1173 663/1491/663 659/1492/659
f 659/1492/659 663/1491/663 660/1493/660
f 1173/1489/1173 659/1492/659 1172/1488/1172
f 1172/1488/1172 659/1492/659 658/1494/658
f 1174/1495/1174 1171/1487/1171 1172/1488/1172
f 1172/1488/1172 658/1494/658 1175/1496/1175
f 1172/1488/1172 1175/1496/1175 1174/1495/1174
f 1175/1496/1175 658/1494/658 657/1497/657
f 1175/1496/1175 657/1497/657 669/1498/669
f 1175/1496/1175 669/1498/669 1176/1499/1176
f 1175/1496/1175 1176/1499/1176 1174/1495/1174
f 1171/1487/1171 1174/1495/1174 1177/1500/1177
f 1174/1495/1174 1176/1499/1176 1178/1501/1178
f 1174/1495/1174 1178/1501/1178 1177/1500/1177
f 1178/1501/1178 1176/1499/1176 1179/1502/1179
f 1178/1501/1178 1179/1502/1179 1180/1503/1180
f 1178/1501/1178 1180/1503/1180 1181/1504/1181
f 1181/1504/1181 1180/1503/1180 1182/1505/1182
f 1178/1501/1178 1181/1504/1181 1183/1506/1183
f 1183/1506/1183 1181/1504/1181 1182/1505/1182
f 1178/1501/1178 1183/1506/1183 1177/1500/1177
f 1183/1506/1183 1182/1505/1182 1184/1507/1184
f 1177/1500/1177 1183/1506/1183 1185/1508/1185
f 1185/1508/1185 1183/1506/1183 1184/1507/1184
f 1177/1500/1177 1185/1508/1185 1186/1509/1186
f 1186/1509/1186 1185/1508/1185 1184/1507/1184
f 1187/1510/1187 1188/1511/1188 1189/1512/1189
f 1169/1513/1169 1171/1514/1171 1187/1510/1187
f 1169/1513/1169 1187/1510/1187 1189/1512/1189
f 1169/1513/1169 1189/1512/1189 1170/1515/1170
f 1189/1512/1189 1188/1511/1188 1190/1516/1190
f 1170/1515/1170 1189/1512/1189 1191/1517/1191
f 1191/1517/1191 1189/1512/1189 1190/1516/1190
f 1190/1516/1190 1188/1511/1188 1192/1518/1192
f 1192/1518/1192 1188/1511/1188 1193/1519/1193
f 1192/1518/1192 1193/1519/1193 1194/1520/1194
f 1192/1518/1192 1194/1520/1194 1190/1516/1190
f 1191/1517/1191 1190/1516/1190 1195/1521/1195
f 1195/1521/1195 1190/1516/1190 1194/1520/1194
f 1191/1517/1191 1195/1521/1195 1170/1515/1170
f 1195/1521/1195 1194/1520/1194 1196/1522/1196
f 1195/1521/1195 1196/1522/1196 1197/1523/1197
f 1166/1524/1166 1161/1525/1161 1170/1515/1170
f 1166/1524/1166 1170/1515/1170 663/1526/663
f 1170/1515/1170 1195/1521/1195 665/1527/665
f 1170/1515/1170 665/1527/665 663/1526/663
f 665/1527/665 1195/1521/1195 1197/1523/1197
f 663/1526/663 665/1527/665 662/1528/662
f 665/1527/665 1197/1523/1197 1198/1529/1198
f 665/1527/665 1198/1529/1198 664/1530/664
f 1198/1529/1198 1197/1523/1197 1199/1531/1199
f 1200/1532/1200 1188/1533/1188 1187/1534/1187
f 1188/1533/1188 1200/1532/1200 1193/1535/1193
f 1200/1532/1200 1187/1534/1187 1201/1536/1201
f 1201/1536/1201 1187/1534/1187 1171/1537/1171
f 1200/1532/1200 1201/1536/1201 1202/1538/1202
f 1200/1532/1200 1202/1538/1202 1203/1539/1203
f 1200/1532/1200 1203/1539/1203 1193/1535/1193
f 1203/1539/1203 1202/1538/1202 1199/1540/1199
f 1193/1535/1193 1203/1539/1203 1204/1541/1204
f 1204/1541/1204 1203/1539/1203 1199/1540/1199
f 1193/1535/1193 1204/1541/1204 1194/1542/1194
f 1204/1541/1204 1199/1540/1199 1196/1543/1196
f 1196/1543/1196 1199/1540/1199 1197/1544/1197
f 1194/1542/1194 1204/1541/1204 1205/1545/1205
f 1194/1542/1194 1205/1545/1205 1196/1543/1196
f 1196/1543/1196 1205/1545/1205 1204/1541/1204
f 622/1546/622 656/1547/656 618/1548/618
f 609/1549/609 607/1550/607 656/1547/656
f 609/1549/609 656/1547/656 1206/1551/1206
f 609/1549/609 1206/1551/1206 610/1552/610
f 656/1547/656 622/1546/622 1207/1553/1207
f 656/1547/656 1207/1553/1207 1206/1551/1206
f 610/1552/610 1206/1551/1206 1208/1554/1208
f 610/1552/610 1208/1554/1208 611/1555/611
f 1206/1551/1206 1207/1553/1207 1209/1556/1209
f 1206/1551/1206 1209/1556/1209 1208/1554/1208
f 611/1555/611 1208/1554/1208 940/1557/940
f 940/1557/940 1208/1554/1208 1210/1558/1210
f 1210/1558/1210 1208/1554/1208 1209/1556/1209
f 1211/1559/1211 939/1560/939 940/1557/940
f 1211/1559/1211 940/1557/940 1212/1561/1212
f 1212/1561/1212 940/1557/940 1210/1558/1210
f 1211/1559/1211 1212/1561/1212 1213/1562/1213
f 1212/1561/1212 1210/1558/1210 1214/1563/1214
f 1212/1561/1212 1214/1563/1214 1213/1562/1213
f 1214/1563/1214 1210/1558/1210 1215/1564/1215
f 1215/1564/1215 1210/1558/1210 1209/1556/1209
f 1213/1562/1213 1214/1563/1214 1216/1565/1216
f 1216/1565/1216 1214/1563/1214 1215/1564/1215
f 1213/1562/1213 1216/1565/1216 1217/1566/1217
f 1217/1566/1217 1216/1565/1216 1218/1567/1218
f 1218/1567/1218 1216/1565/1216 1219/1568/1219
f 1218/1567/1218 1219/1568/1219 1220/1569/1220
f 1216/1565/1216 1215/1564/1215 1221/1570/1221
f 1216/1565/1216 1221/1570/1221 1219/1568/1219
f 1220/1569/1220 1219/1568/1219 1222/1571/1222
f 1222/1571/1222 1219/1568/1219 1221/1570/1221
f 1220/1569/1220 1222/1571/1222 1223/1572/1223
f 1220/1569/1220 1223/1572/1223 1224/1573/1224
f 1222/1571/1222 1221/1570/1221 1225/1574/1225
f 1222/1571/1222 1225/1574/1225 1223/1572/1223
f 1226/1575/1226 1221/1570/1221 1215/1564/1215
f 1221/1570/1221 1226/1575/1226 1225/1574/1225
f 1226/1575/1226 1215/1564/1215 1209/1556/1209
f 1223/1572/1223 1225/1574/1225 1227/1576/1227
f 1223/1572/1223 1227/1576/1227 1224/1573/1224
f 1225/1574/1225 1226/1575/1226 1228/1577/1228
f 1225/1574/1225 1228/1577/1228 1227/1576/1227
f 1226/1575/1226 1209/1556/1209 1229/1578/1229
f 1226/1575/1226 1229/1578/1229 1228/1577/1228
f 1224/1573/1224 1227/1576/1227 1230/1579/1230
f 1230/1579/1230 1227/1576/1227 1228/1577/1228
f 1228/1577/1228 1229/1578/1229 1231/1580/1231
f 1228/1577/1228 1231/1580/1231 1230/1579/1230
f 1229/1578/1229 1209/1556/1209 1232/1581/1232
f 1232/1581/1232 1209/1556/1209 1207/1553/1207
f 1232/1581/1232 1207/1553/1207 1233/1582/1233
f 1233/1582/1233 1207/1553/1207 622/1546/622
f 1233/1582/1233 622/1546/622 624/1583/624
f 624/1583/624 622/1546/622 621/1584/621
f 1232/1581/1232 1233/1582/1233 1234/1585/1234
f 1234/1585/1234 1233/1582/1233 624/1583/624
f 1229/1578/1229 1232/1581/1232 1235/1586/1235
f 1235/1586/1235 1232/1581/1232 1234/1585/1234
f 1234/1585/1234 624/1583/624 1236/1587/1236
f 1236/1587/1236 624/1583/624 626/1588/626
f 1235/1586/1235 1234/1585/1234 1237/1589/1237
f 1237/1589/1237 1234/1585/1234 1236/1587/1236
f 1236/1587/1236 626/1588/626 633/1590/633
f 1235/1586/1235 1237/1589/1237 1238/1591/1238
f 1229/1578/1229 1235/1586/1235 1239/1592/1239
f 1239/1592/1239 1235/1586/1235 1238/1591/1238
f 1229/1578/1229 1239/1592/1239 1231/1580/1231
f 1238/1591/1238 1237/1589/1237 1240/1593/1240
f 1240/1593/1240 1237/1589/1237 1236/1587/1236
f 1239/1592/1239 1238/1591/1238 1241/1594/1241
f 1236/1587/1236 633/1590/633 1242/1595/1242
f 1236/1587/1236 1242/1595/1242 1240/1593/1240
f 1242/1595/1242 633/1590/633 1243/1596/1243
f 1243/1596/1243 633/1590/633 644/1597/644
f 750/1598/750 644/1597/644 646/1599/646
f 644/1597/644 750/1598/750 1243/1596/1243
f 1243/1596/1243 750/1598/750 1244/1600/1244
f 1243/1596/1243 1244/1600/1244 1245/1601/1245
f 1243/1596/1243 1245/1601/1245 1246/1602/1246
f 1243/1596/1243 1246/1602/1246 1242/1595/1242
f 1246/1602/1246 1245/1601/1245 1247/1603/1247
f 1242/1595/1242 1246/1602/1246 1248/1604/1248
f 1242/1595/1242 1248/1604/1248 1240/1593/1240
f 1246/1602/1246 1247/1603/1247 1249/1605/1249
f 1246/1602/1246 1249/1605/1249 1248/1604/1248
f 1249/1605/1249 1247/1603/1247 1250/1606/1250
f 1250/1606/1250 1247/1603/1247 1251/1607/1251
f 1248/1604/1248 1249/1605/1249 1252/1608/1252
f 1252/1608/1252 1249/1605/1249 1250/1606/1250
f 1240/1593/1240 1248/1604/1248 1253/1609/1253
f 1240/1593/1240 1253/1609/1253 1238/1591/1238
f 1238/1591/1238 1253/1609/1253 1241/1594/1241
f 1253/1609/1253 1248/1604/1248 1254/1610/1254
f 1254/1610/1254 1248/1604/1248 1252/1608/1252
f 1253/1609/1253 1254/1610/1254 1241/1594/1241
f 1252/1608/1252 1250/1606/1250 1255/1611/1255
f 1252/1608/1252 1255/1611/1255 1254/1610/1254
f 1256/1612/1256 1250/1606/1250 1251/1607/1251
f 1250/1606/1250 1256/1612/1256 1255/1611/1255
f 1256/1612/1256 1251/1607/1251 1257/1613/1257
f 1254/1610/1254 1255/1611/1255 1258/1614/1258
f 1254/1610/1254 1258/1614/1258 1241/1594/1241
f 1255/1611/1255 1256/1612/1256 1259/1615/1259
f 1255/1611/1255 1259/1615/1259 1258/1614/1258
f 1256/1612/1256 1257/1613/1257 1260/1616/1260
f 1256/1612/1256 1260/1616/1260 1259/1615/1259
f 1260/1616/1260 1257/1613/1257 1261/1617/1261
f 1258/1614/1258 1259/1615/1259 1262/1618/1262
f 1241/1594/1241 1258/1614/1258 1263/1619/1263
f 1263/1619/1263 1258/1614/1258 1262/1618/1262
f 1241/1594/1241 1263/1619/1263 1264/1620/1264
f 1241/1594/1241 1264/1620/1264 1239/1592/1239
f 1239/1592/1239 1264/1620/1264 1231/1580/1231
f 1263/1619/1263 1262/1618/1262 1265/1621/1265
f 1262/1618/1262 1259/1615/1259 1266/1622/1266
f 1262/1618/1262 1266/1622/1266 1265/1621/1265
f 1263/1619/1263 1265/1621/1265 1267/1623/1267
f 1263/1619/1263 1267/1623/1267 1264/1620/1264
f 1267/1623/1267 1265/1621/1265 1266/1622/1266
f 1231/1580/1231 1264/1620/1264 1268/1624/1268
f 1268/1624/1268 1264/1620/1264 1267/1623/1267
f 1231/1580/1231 1268/1624/1268 1269/1625/1269
f 1231/1580/1231 1269/1625/1269 1230/1579/1230
f 1270/1626/1270 1266/1622/1266 1259/1615/1259
f 1270/1626/1270 1259/1615/1259 1260/1616/1260
f 1266/1622/1266 1270/1626/1270 1271/1627/1271
f 1270/1626/1270 1260/1616/1260 1272/1628/1272
f 1272/1628/1272 1260/1616/1260 1261/1617/1261
f 1270/1626/1270 1272/1628/1272 1273/1629/1273
f 1270/1626/1270 1273/1629/1273 1271/1627/1271
f 1272/1628/1272 1261/1617/1261 1274/1630/1274
f 1272/1628/1272 1274/1630/1274 1273/1629/1273
f 1274/1630/1274 1261/1617/1261 1275/1631/1275
f 1273/1629/1273 1274/1630/1274 1276/1632/1276
f 1273/1629/1273 1276/1632/1276 1271/1627/1271
f 1276/1632/1276 1274/1630/1274 1277/1633/1277
f 1277/1633/1277 1274/1630/1274 1278/1634/1278
f 1271/1627/1271 1276/1632/1276 1279/1635/1279
f 1279/1635/1279 1276/1632/1276 1280/1636/1280
f 1280/1636/1280 1276/1632/1276 1277/1633/1277
f 1271/1627/1271 1279/1635/1279 1281/1637/1281
f 1277/1633/1277 1278/1634/1278 1282/1638/1282
f 1282/1638/1282 1278/1634/1278 1283/1639/1283
f 1282/1638/1282 1283/1639/1283 1284/1640/1284
f 1284/1640/1284 1283/1639/1283 1285/1641/1285
f 1282/1638/1282 1284/1640/1284 1286/1642/1286
f 1282/1638/1282 1286/1642/1286 1287/1643/1287
f 1282/1638/1282 1287/1643/1287 1277/1633/1277
f 1277/1633/1277 1287/1643/1287 1288/1644/1288
f 1277/1633/1277 1288/1644/1288 1280/1636/1280
f 1289/1645/1289 1279/1635/1279 1280/1636/1280
f 1289/1645/1289 1280/1636/1280 1288/1644/1288
f 1279/1635/1279 1289/1645/1289 1281/1637/1281
f 1289/1645/1289 1288/1644/1288 1290/1646/1290
f 1288/1644/1288 1287/1643/1287 1291/1647/1291
f 1291/1647/1291 1287/1643/1287 1292/1648/1292
f 1290/1646/1290 1288/1644/1288 1293/1649/1293
f 1293/1649/1293 1288/1644/1288 1291/1647/1291
f 1289/1645/1289 1290/1646/1290 1294/1650/1294
f 1294/1650/1294 1290/1646/1290 1293/1649/1293
f 1289/1645/1289 1294/1650/1294 1281/1637/1281
f 1293/1649/1293 1291/1647/1291 1295/1651/1295
f 1295/1651/1295 1291/1647/1291 1296/1652/1296
f 1294/1650/1294 1293/1649/1293 1297/1653/1297
f 1297/1653/1297 1293/1649/1293 1295/1651/1295
f 1295/1651/1295 1296/1652/1296 1298/1654/1298
f 1298/1654/1298 1296/1652/1296 1299/1655/1299
f 1298/1654/1298 1299/1655/1299 1300/1656/1300
f 1295/1651/1295 1298/1654/1298 1301/1657/1301
f 1301/1657/1301 1298/1654/1298 1300/1656/1300
f 1295/1651/1295 1301/1657/1301 1297/1653/1297
f 1301/1657/1301 1300/1656/1300 1302/1658/1302
f 1301/1657/1301 1302/1658/1302 1303/1659/1303
f 1301/1657/1301 1303/1659/1303 1304/1660/1304
f 1301/1657/1301 1304/1660/1304 1297/1653/1297
f 1304/1660/1304 1303/1659/1303 1305/1661/1305
f 1304/1660/1304 1305/1661/1305 1306/1662/1306
f 1297/1653/1297 1304/1660/1304 1307/1663/1307
f 1297/1653/1297 1307/1663/1307 1294/1650/1294
f 1304/1660/1304 1306/1662/1306 1308/1664/1308
f 1304/1660/1304 1308/1664/1308 1307/1663/1307
f 1308/1664/1308 1306/1662/1306 1309/1665/1309
f 1308/1664/1308 1309/1665/1309 1310/1666/1310
f 1308/1664/1308 1310/1666/1310 1311/1667/1311
f 1294/1650/1294 1307/1663/1307 1312/1668/1312
f 1313/1669/1313 1311/1667/1311 1314/1670/1314
f 1311/1667/1311 1313/1669/1313 1224/1573/1224
f 1294/1650/1294 1312/1668/1312 1281/1637/1281
f 1311/1667/1311 1224/1573/1224 1315/1671/1315
f 1311/1667/1311 1315/1671/1315 1308/1664/1308
f 1315/1671/1315 1224/1573/1224 1230/1579/1230
f 1316/1672/1316 1307/1663/1307 1308/1664/1308
f 1316/1672/1316 1308/1664/1308 1315/1671/1315
f 1307/1663/1307 1316/1672/1316 1312/1668/1312
f 1315/1671/1315 1230/1579/1230 1317/1673/1317
f 1315/1671/1315 1317/1673/1317 1316/1672/1316
f 1316/1672/1316 1317/1673/1317 1312/1668/1312
f 1317/1673/1317 1230/1579/1230 1269/1625/1269
f 1317/1673/1317 1269/1625/1269 1318/1674/1318
f 1317/1673/1317 1318/1674/1318 1312/1668/1312
f 1318/1674/1318 1269/1625/1269 1268/1624/1268
f 1312/1668/1312 1318/1674/1318 1319/1675/1319
f 1312/1668/1312 1319/1675/1319 1281/1637/1281
f 1318/1674/1318 1268/1624/1268 1320/1676/1320
f 1318/1674/1318 1320/1676/1320 1319/1675/1319
f 1320/1676/1320 1268/1624/1268 1267/1623/1267
f 1281/1637/1281 1319/1675/1319 1321/1677/1321
f 1321/1677/1321 1319/1675/1319 1320/1676/1320
f 1321/1677/1321 1320/1676/1320 1267/1623/1267
f 1281/1637/1281 1321/1677/1321 1271/1627/1271
f 1321/1677/1321 1267/1623/1267 1266/1622/1266
f 1321/1677/1321 1266/1622/1266 1271/1627/1271
f 1244/1678/1244 750/1679/750 757/1680/757
f 757/1680/757 750/1679/750 749/1681/749
f 1244/1678/1244 757/1680/757 1322/1682/1322
f 1244/1678/1244 1322/1682/1322 1323/1683/1323
f 1244/1678/1244 1323/1683/1323 1245/1684/1245
f 1245/1684/1245 1323/1683/1323 1247/1685/1247
f 1323/1683/1323 1322/1682/1322 1324/1686/1324
f 1324/1686/1324 1322/1682/1322 757/1680/757
f 1247/1685/1247 1323/1683/1323 1325/1687/1325
f 1323/1683/1323 1324/1686/1324 1326/1688/1326
f 1323/1683/1323 1326/1688/1326 1325/1687/1325
f 1247/1685/1247 1325/1687/1325 1251/1689/1251
f 1326/1688/1326 1324/1686/1324 1327/1690/1327
f 1325/1687/1325 1326/1688/1326 1328/1691/1328
f 1328/1691/1328 1326/1688/1326 1327/1690/1327
f 1251/1689/1251 1325/1687/1325 1329/1692/1329
f 1329/1692/1329 1325/1687/1325 1328/1691/1328
f 1251/1689/1251 1329/1692/1329 1330/1693/1330
f 1251/1689/1251 1330/1693/1330 1331/1694/1331
f 1329/1692/1329 1328/1691/1328 1332/1695/1332
f 1329/1692/1329 1332/1695/1332 1330/1693/1330
f 1332/1695/1332 1328/1691/1328 1333/1696/1333
f 1330/1693/1330 1332/1695/1332 1334/1697/1334
f 1330/1693/1330 1334/1697/1334 1331/1694/1331
f 1334/1697/1334 1332/1695/1332 1333/1696/1333
f 1251/1689/1251 1331/1694/1331 1257/1698/1257
f 1331/1694/1331 1334/1697/1334 1335/1699/1335
f 1257/1698/1257 1331/1694/1331 1336/1700/1336
f 1336/1700/1336 1331/1694/1331 1337/1701/1337
f 1337/1701/1337 1331/1694/1331 1335/1699/1335
f 1257/1698/1257 1336/1700/1336 1338/1702/1338
f 1336/1700/1336 1337/1701/1337 1339/1703/1339
f 1336/1700/1336 1339/1703/1339 1338/1702/1338
f 1335/1699/1335 1334/1697/1334 1340/1704/1340
f 1340/1704/1340 1334/1697/1334 1333/1696/1333
f 1257/1698/1257 1338/1702/1338 1275/1705/1275
f 1257/1698/1257 1275/1705/1275 1261/1706/1261
f 1338/1702/1338 1339/1703/1339 1341/1707/1341
f 1338/1702/1338 1341/1707/1341 1275/1705/1275
f 1335/1699/1335 1340/1704/1340 1342/1708/1342
f 1340/1704/1340 1333/1696/1333 1343/1709/1343
f 1340/1704/1340 1343/1709/1343 1342/1708/1342
f 1344/1710/1344 1337/1701/1337 1335/1699/1335
f 1344/1710/1344 1335/1699/1335 1342/1708/1342
f 1337/1701/1337 1344/1710/1344 1345/1711/1345
f 1337/1701/1337 1345/1711/1345 1339/1703/1339
f 1344/1710/1344 1342/1708/1342 1346/1712/1346
f 1344/1710/1344 1346/1712/1346 1345/1711/1345
f 1339/1703/1339 1345/1711/1345 1347/1713/1347
f 1339/1703/1339 1347/1713/1347 1341/1707/1341
f 1347/1713/1347 1345/1711/1345 1348/1714/1348
f 1348/1714/1348 1345/1711/1345 1346/1712/1346
f 1346/1712/1346 1342/1708/1342 1349/1715/1349
f 1349/1715/1349 1342/1708/1342 1350/1716/1350
f 1350/1716/1350 1342/1708/1342 1343/1709/1343
f 1346/1712/1346 1349/1715/1349 1351/1717/1351
f 1351/1717/1351 1349/1715/1349 1350/1716/1350
f 1348/1714/1348 1346/1712/1346 1352/1718/1352
f 1352/1718/1352 1346/1712/1346 1351/1717/1351
f 1353/1719/1353 1347/1713/1347 1348/1714/1348
f 1351/1717/1351 1350/1716/1350 1354/1720/1354
f 1354/1720/1354 1350/1716/1350 1343/1709/1343
f 1347/1713/1347 1353/1719/1353 1355/1721/1355
f 1347/1713/1347 1355/1721/1355 1341/1707/1341
f 1353/1719/1353 1348/1714/1348 1356/1722/1356
f 1355/1721/1355 1353/1719/1353 1357/1723/1357
f 1357/1723/1357 1353/1719/1353 1356/1722/1356
f 1358/1724/1358 1348/1714/1348 1352/1718/1352
f 1348/1714/1348 1358/1724/1358 1356/1722/1356
f 1358/1724/1358 1352/1718/1352 1359/1725/1359
f 1359/1725/1359 1352/1718/1352 1351/1717/1351
f 1356/1722/1356 1358/1724/1358 1360/1726/1360
f 1360/1726/1360 1358/1724/1358 1359/1725/1359
f 1356/1722/1356 1360/1726/1360 1361/1727/1361
f 1360/1726/1360 1359/1725/1359 1362/1728/1362
f 1363/1729/1363 1357/1723/1357 1356/1722/1356
f 1360/1726/1360 1362/1728/1362 1364/1730/1364
f 1360/1726/1360 1364/1730/1364 1361/1727/1361
f 1362/1728/1362 1359/1725/1359 1365/1731/1365
f 1364/1730/1364 1362/1728/1362 1366/1732/1366
f 1366/1732/1366 1362/1728/1362 1365/1731/1365
f 1364/1730/1364 1366/1732/1366 1367/1733/1367
f 1364/1730/1364 1367/1733/1367 1368/1734/1368
f 1364/1730/1364 1368/1734/1368 1361/1727/1361
f 1367/1733/1367 1366/1732/1366 1369/1735/1369
f 1369/1735/1369 1366/1732/1366 1365/1731/1365
f 1368/1734/1368 1367/1733/1367 1370/1736/1370
f 1370/1736/1370 1367/1733/1367 1369/1735/1369
f 1361/1727/1361 1368/1734/1368 1371/1737/1371
f 1371/1737/1371 1368/1734/1368 1370/1736/1370
f 1372/1738/1372 1356/1722/1356 1361/1727/1361
f 1356/1722/1356 1372/1738/1372 1363/1729/1363
f 1361/1727/1361 1371/1737/1371 1373/1739/1373
f 1361/1727/1361 1373/1739/1373 1372/1738/1372
f 1373/1739/1373 1371/1737/1371 1374/1740/1374
f 1374/1740/1374 1371/1737/1371 1370/1736/1370
f 1372/1738/1372 1373/1739/1373 1375/1741/1375
f 1372/1738/1372 1375/1741/1375 1363/1729/1363
f 1373/1739/1373 1374/1740/1374 1376/1742/1376
f 1373/1739/1373 1376/1742/1376 1375/1741/1375
f 1374/1740/1374 1370/1736/1370 1377/1743/1377
f 1374/1740/1374 1377/1743/1377 1378/1744/1378
f 1374/1740/1374 1378/1744/1378 1379/1745/1379
f 1374/1740/1374 1379/1745/1379 1376/1742/1376
f 1379/1745/1379 1378/1744/1378 1380/1746/1380
f 1375/1741/1375 1376/1742/1376 1381/1747/1381
f 1381/1747/1381 1376/1742/1376 1379/1745/1379
f 1377/1743/1377 1370/1736/1370 1382/1748/1382
f 1377/1743/1377 1382/1748/1382 1383/1749/1383
f 1382/1748/1382 1370/1736/1370 1384/1750/1384
f 1384/1750/1384 1370/1736/1370 1369/1735/1369
f 1382/1748/1382 1384/1750/1384 1385/1751/1385
f 1382/1748/1382 1385/1751/1385 1386/1752/1386
f 1385/1751/1385 1384/1750/1384 1387/1753/1387
f 1384/1750/1384 1369/1735/1369 1388/1754/1388
f 1384/1750/1384 1388/1754/1388 1387/1753/1387
f 1388/1754/1388 1369/1735/1369 1365/1731/1365
f 1387/1753/1387 1388/1754/1388 1389/1755/1389
f 1387/1753/1387 1389/1755/1389 1390/1756/1390
f 1388/1754/1388 1365/1731/1365 1391/1757/1391
f 1388/1754/1388 1391/1757/1391 1389/1755/1389
f 1391/1757/1391 1365/1731/1365 1392/1758/1392
f 1392/1758/1392 1365/1731/1365 1359/1725/1359
f 1389/1755/1389 1391/1757/1391 1393/1759/1393
f 1393/1759/1393 1391/1757/1391 1392/1758/1392
f 1389/1755/1389 1393/1759/1393 1390/1756/1390
f 1392/1758/1392 1359/1725/1359 1351/1717/1351
f 1392/1758/1392 1351/1717/1351 1393/1759/1393
f 1390/1756/1390 1393/1759/1393 1394/1760/1394
f 1394/1760/1394 1393/1759/1393 1351/1717/1351
f 1390/1756/1390 1394/1760/1394 1395/1761/1395
f 1395/1761/1395 1394/1760/1394 1396/1762/1396
f 1394/1760/1394 1351/1717/1351 1397/1763/1397
f 1394/1760/1394 1397/1763/1397 1396/1762/1396
f 1397/1763/1397 1351/1717/1351 1354/1720/1354
f 1396/1762/1396 1397/1763/1397 1398/1764/1398
f 1398/1764/1398 1397/1763/1397 1399/1765/1399
f 1399/1765/1399 1397/1763/1397 1354/1720/1354
f 1398/1764/1398 1399/1765/1399 1400/1766/1400
f 1400/1766/1400 1399/1765/1399 1401/1767/1401
f 1400/1766/1400 1401/1767/1401 1402/1768/1402
f 1399/1765/1399 1354/1720/1354 1403/1769/1403
f 1403/1769/1403 1354/1720/1354 1343/1709/1343
f 1401/1767/1401 1399/1765/1399 1404/1770/1404
f 1401/1767/1401 1404/1770/1404 1402/1768/1402
f 1404/1770/1404 1399/1765/1399 1403/1769/1403
f 1403/1769/1403 1343/1709/1343 1405/1771/1405
f 1403/1769/1403 1405/1771/1405 1404/1770/1404
f 1402/1768/1402 1404/1770/1404 1406/1772/1406
f 1406/1772/1406 1404/1770/1404 1405/1771/1405
f 1402/1768/1402 1406/1772/1406 1407/1773/1407
f 1407/1773/1407 1406/1772/1406 1408/1774/1408
f 1408/1774/1408 1406/1772/1406 1409/1775/1409
f 1405/1771/1405 1343/1709/1343 1410/1776/1410
f 1408/1774/1408 1409/1775/1409 1411/1777/1411
f 1410/1776/1410 1343/1709/1343 1333/1696/1333
f 1408/1774/1408 1411/1777/1411 1412/1778/1412
f 1413/1779/1413 1412/1778/1412 1036/1780/1036
f 1036/1780/1036 1412/1778/1412 1411/1777/1411
f 1036/1780/1036 1411/1777/1411 1035/1781/1035
f 1035/1781/1035 1411/1777/1411 1049/1782/1049
f 1049/1782/1049 1411/1777/1411 1047/1783/1047
f 1047/1783/1047 1411/1777/1411 1409/1775/1409
f 1047/1783/1047 1409/1775/1409 1406/1772/1406
f 1414/1784/1414 1406/1772/1406 1405/1771/1405
f 1406/1772/1406 1414/1784/1414 1047/1783/1047
f 1414/1784/1414 1405/1771/1405 1410/1776/1410
f 1047/1783/1047 1414/1784/1414 1415/1785/1415
f 1047/1783/1047 1415/1785/1415 1044/1786/1044
f 1414/1784/1414 1410/1776/1410 1416/1787/1416
f 1414/1784/1414 1416/1787/1416 1415/1785/1415
f 1044/1786/1044 1415/1785/1415 1045/1788/1045
f 1416/1787/1416 1410/1776/1410 1417/1789/1417
f 1417/1789/1417 1410/1776/1410 1333/1696/1333
f 1417/1789/1417 1333/1696/1333 1328/1691/1328
f 1417/1789/1417 1328/1691/1328 1327/1690/1327
f 1415/1785/1415 1416/1787/1416 1418/1790/1418
f 1415/1785/1415 1418/1790/1418 1045/1788/1045
f 1416/1787/1416 1417/1789/1417 1419/1791/1419
f 1416/1787/1416 1419/1791/1419 1418/1790/1418
f 1419/1791/1419 1417/1789/1417 1327/1690/1327
f 765/1792/765 1043/1793/1043 1045/1788/1045
f 765/1792/765 1045/1788/1045 763/1794/763
f 1045/1788/1045 1418/1790/1418 1420/1795/1420
f 1045/1788/1045 1420/1795/1420 763/1794/763
f 1420/1795/1420 1418/1790/1418 1419/1791/1419
f 1419/1791/1419 1327/1690/1327 1421/1796/1421
f 1419/1791/1419 1421/1796/1421 1420/1795/1420
f 763/1794/763 1420/1795/1420 1422/1797/1422
f 1422/1797/1422 1420/1795/1420 1421/1796/1421
f 763/1794/763 1422/1797/1422 761/1798/761
f 761/1798/761 1422/1797/1422 760/1799/760
f 1422/1797/1422 1421/1796/1421 1423/1800/1423
f 1422/1797/1422 1423/1800/1423 760/1799/760
f 1424/1801/1424 1421/1796/1421 1327/1690/1327
f 1421/1796/1421 1424/1801/1424 1423/1800/1423
f 1424/1801/1424 1327/1690/1327 1324/1686/1324
f 1424/1801/1424 1324/1686/1324 757/1680/757
f 1424/1801/1424 757/1680/757 1423/1800/1423
f 1423/1800/1423 757/1680/757 760/1799/760
f 760/1799/760 757/1680/757 758/1802/758
f 1278/1803/1278 1274/1804/1274 1425/1805/1425
f 1425/1805/1425 1274/1804/1274 1275/1705/1275
f 1425/1805/1425 1275/1705/1275 1341/1707/1341
f 1278/1803/1278 1425/1805/1425 1426/1806/1426
f 1278/1803/1278 1426/1806/1426 1283/1807/1283
f 1425/1805/1425 1341/1707/1341 1427/1808/1427
f 1425/1805/1425 1427/1808/1427 1426/1806/1426
f 1427/1808/1427 1341/1707/1341 1355/1721/1355
f 1283/1807/1283 1426/1806/1426 1285/1809/1285
f 1427/1808/1427 1355/1721/1355 1428/1810/1428
f 1428/1810/1428 1355/1721/1355 1357/1723/1357
f 1426/1806/1426 1427/1808/1427 1429/1811/1429
f 1429/1811/1429 1427/1808/1427 1428/1810/1428
f 1285/1809/1285 1426/1806/1426 1430/1812/1430
f 1430/1812/1430 1426/1806/1426 1429/1811/1429
f 1285/1809/1285 1430/1812/1430 1431/1813/1431
f 1285/1809/1285 1431/1813/1431 1432/1814/1432
f 1431/1813/1431 1430/1812/1430 1433/1815/1433
f 1433/1815/1433 1430/1812/1430 1434/1816/1434
f 1434/1816/1434 1430/1812/1430 1429/1811/1429
f 1433/1815/1433 1434/1816/1434 1435/1817/1435
f 1434/1816/1434 1429/1811/1429 1436/1818/1436
f 1434/1816/1434 1436/1818/1436 1435/1817/1435
f 1436/1818/1436 1429/1811/1429 1428/1810/1428
f 1435/1817/1435 1436/1818/1436 1437/1819/1437
f 1437/1819/1437 1436/1818/1436 1428/1810/1428
f 1437/1819/1437 1428/1810/1428 1357/1723/1357
f 1435/1817/1435 1437/1819/1437 1438/1820/1438
f 1437/1819/1437 1357/1723/1357 1363/1729/1363
f 1437/1819/1437 1363/1729/1363 1439/1821/1439
f 1437/1819/1437 1439/1821/1439 1438/1820/1438
f 1439/1821/1439 1363/1729/1363 1375/1741/1375
f 1438/1820/1438 1439/1821/1439 1440/1822/1440
f 1438/1820/1438 1440/1822/1440 1441/1823/1441
f 1439/1821/1439 1375/1741/1375 1442/1824/1442
f 1442/1824/1442 1375/1741/1375 1381/1747/1381
f 1440/1822/1440 1439/1821/1439 1443/1825/1443
f 1443/1825/1443 1439/1821/1439 1442/1824/1442
f 1440/1822/1440 1443/1825/1443 1444/1826/1444
f 1444/1826/1444 1443/1825/1443 1445/1827/1445
f 1443/1825/1443 1442/1824/1442 1446/1828/1446
f 1443/1825/1443 1446/1828/1446 1445/1827/1445
f 1446/1828/1446 1442/1824/1442 1381/1747/1381
f 1445/1827/1445 1446/1828/1446 1447/1829/1447
f 1446/1828/1446 1381/1747/1381 1448/1830/1448
f 1446/1828/1446 1448/1830/1448 1447/1829/1447
f 1448/1830/1448 1381/1747/1381 1379/1745/1379
f 1447/1829/1447 1448/1830/1448 1449/1831/1449
f 1448/1830/1448 1379/1745/1379 1450/1832/1450
f 1448/1830/1448 1450/1832/1450 1449/1831/1449
f 1292/1833/1292 1287/1834/1287 1451/1835/1451
f 1451/1835/1451 1287/1834/1287 1286/1836/1286
f 1451/1835/1451 1286/1836/1286 1452/1837/1452
f 1452/1837/1452 1286/1836/1286 1453/1838/1453
f 1451/1835/1451 1452/1837/1452 1454/1839/1454
f 1454/1839/1454 1452/1837/1452 1453/1838/1453
f 1453/1838/1453 1286/1836/1286 1284/1840/1284
f 1292/1833/1292 1451/1835/1451 1455/1841/1455
f 1455/1841/1455 1451/1835/1451 1454/1839/1454
f 1292/1833/1292 1455/1841/1455 1456/1842/1456
f 1454/1839/1454 1453/1838/1453 1457/1843/1457
f 1457/1843/1457 1453/1838/1453 1284/1840/1284
f 1455/1841/1455 1454/1839/1454 1458/1844/1458
f 1292/1833/1292 1456/1842/1456 1459/1845/1459
f 1292/1833/1292 1459/1845/1459 1291/1846/1291
f 1291/1846/1291 1459/1845/1459 1296/1847/1296
f 1296/1847/1296 1459/1845/1459 1299/1848/1299
f 1299/1848/1299 1459/1845/1459 1460/1849/1460
f 1461/1850/1461 1456/1842/1456 1455/1841/1455
f 1456/1842/1456 1461/1850/1461 1459/1845/1459
f 1461/1850/1461 1455/1841/1455 1458/1844/1458
f 1460/1849/1460 1459/1845/1459 1462/1851/1462
f 1462/1851/1462 1459/1845/1459 1461/1850/1461
f 1460/1849/1460 1462/1851/1462 1463/1852/1463
f 1462/1851/1462 1461/1850/1461 1464/1853/1464
f 1462/1851/1462 1464/1853/1464 1465/1854/1465
f 1464/1853/1464 1461/1850/1461 1458/1844/1458
f 1464/1853/1464 1458/1844/1458 1466/1855/1466
f 1464/1853/1464 1466/1855/1466 1467/1856/1467
f 1466/1855/1466 1458/1844/1458 1468/1857/1468
f 1466/1855/1466 1468/1857/1468 1469/1858/1469
f 1468/1857/1468 1458/1844/1458 1470/1859/1470
f 1470/1859/1470 1458/1844/1458 1454/1839/1454
f 1469/1858/1469 1468/1857/1468 1471/1860/1471
f 1469/1858/1469 1471/1860/1471 1472/1861/1472
f 1470/1859/1470 1454/1839/1454 1457/1843/1457
f 1472/1861/1472 1471/1860/1471 1473/1862/1473
f 1468/1857/1468 1470/1859/1470 1474/1863/1474
f 1468/1857/1468 1474/1863/1474 1471/1860/1471
f 1474/1863/1474 1470/1859/1470 1475/1864/1475
f 1475/1864/1475 1470/1859/1470 1457/1843/1457
f 1471/1860/1471 1474/1863/1474 1476/1865/1476
f 1473/1862/1473 1471/1860/1471 1477/1866/1477
f 1477/1866/1477 1471/1860/1471 1476/1865/1476
f 1473/1862/1473 1477/1866/1477 1478/1867/1478
f 1473/1862/1473 1478/1867/1478 1479/1868/1479
f 1478/1867/1478 1477/1866/1477 1480/1869/1480
f 1478/1867/1478 1480/1869/1480 1481/1870/1481
f 1477/1866/1477 1476/1865/1476 1482/1871/1482
f 1477/1866/1477 1482/1871/1482 1480/1869/1480
f 1483/1872/1483 1476/1865/1476 1474/1863/1474
f 1483/1872/1483 1474/1863/1474 1475/1864/1475
f 1482/1871/1482 1476/1865/1476 1484/1873/1484
f 1484/1873/1484 1476/1865/1476 1483/1872/1483
f 1483/1872/1483 1475/1864/1475 1485/1874/1485
f 1483/1872/1483 1485/1874/1485 1484/1873/1484
f 1485/1874/1485 1475/1864/1475 1457/1843/1457
f 1486/1875/1486 1480/1869/1480 1482/1871/1482
f 1480/1869/1480 1486/1875/1486 1481/1870/1481
f 1482/1871/1482 1484/1873/1484 1487/1876/1487
f 1482/1871/1482 1487/1876/1487 1486/1875/1486
f 1484/1873/1484 1485/1874/1485 1488/1877/1488
f 1484/1873/1484 1488/1877/1488 1487/1876/1487
f 1481/1870/1481 1486/1875/1486 1489/1878/1489
f 1481/1870/1481 1489/1878/1489 1490/1879/1490
f 1486/1875/1486 1487/1876/1487 1491/1880/1491
f 1486/1875/1486 1491/1880/1491 1489/1878/1489
f 1490/1879/1490 1489/1878/1489 1492/1881/1492
f 1492/1881/1492 1489/1878/1489 1491/1880/1491
f 1490/1879/1490 1492/1881/1492 1493/1882/1493
f 1493/1882/1493 1492/1881/1492 1494/1883/1494
f 1493/1882/1493 1494/1883/1494 1495/1884/1495
f 1495/1884/1495 1494/1883/1494 1496/1885/1496
f 1495/1884/1495 1496/1885/1496 1497/1886/1497
f 1494/1883/1494 1492/1881/1492 1498/1887/1498
f 1498/1887/1498 1492/1881/1492 1499/1888/1499
f 1492/1881/1492 1491/1880/1491 1500/1889/1500
f 1492/1881/1492 1500/1889/1500 1499/1888/1499
f 1500/1889/1500 1491/1880/1491 1501/1890/1501
f 1501/1890/1501 1491/1880/1491 1487/1876/1487
f 1499/1888/1499 1500/1889/1500 1502/1891/1502
f 1502/1891/1502 1500/1889/1500 1501/1890/1501
f 1499/1888/1499 1502/1891/1502 1503/1892/1503
f 1503/1892/1503 1502/1891/1502 1504/1893/1504
f 1502/1891/1502 1501/1890/1501 1505/1894/1505
f 1502/1891/1502 1505/1894/1505 1504/1893/1504
f 1501/1890/1501 1487/1876/1487 1506/1895/1506
f 1506/1895/1506 1487/1876/1487 1488/1877/1488
f 1505/1894/1505 1501/1890/1501 1507/1896/1507
f 1507/1896/1507 1501/1890/1501 1506/1895/1506
f 1506/1895/1506 1488/1877/1488 1508/1897/1508
f 1508/1897/1508 1488/1877/1488 1485/1874/1485
f 1507/1896/1507 1506/1895/1506 1509/1898/1509
f 1509/1898/1509 1506/1895/1506 1508/1897/1508
f 1507/1896/1507 1509/1898/1509 1510/1899/1510
f 1510/1899/1510 1509/1898/1509 1508/1897/1508
f 1510/1899/1510 1508/1897/1508 1485/1874/1485
f 1507/1896/1507 1510/1899/1510 1505/1894/1505
f 1510/1899/1510 1485/1874/1485 1457/1843/1457
f 1505/1894/1505 1510/1899/1510 1511/1900/1511
f 1505/1894/1505 1511/1900/1511 1504/1893/1504
f 1510/1899/1510 1457/1843/1457 1512/1901/1512
f 1510/1899/1510 1512/1901/1512 1511/1900/1511
f 1512/1901/1512 1457/1843/1457 1513/1902/1513
f 1512/1901/1512 1513/1902/1513 1511/1900/1511
f 1513/1902/1513 1457/1843/1457 1284/1840/1284
f 1513/1902/1513 1284/1840/1284 1432/1903/1432
f 1432/1903/1432 1284/1840/1284 1285/1904/1285
f 1511/1900/1511 1513/1902/1513 1514/1905/1514
f 1511/1900/1511 1514/1905/1514 1504/1893/1504
f 1514/1905/1514 1513/1902/1513 1432/1903/1432
f 1504/1893/1504 1514/1905/1514 1433/1906/1433
f 1514/1905/1514 1432/1903/1432 1431/1907/1431
f 1514/1905/1514 1431/1907/1431 1433/1906/1433
f 1515/1908/1515 1202/1909/1202 1186/1910/1186
f 1186/1910/1186 1202/1909/1202 1201/1911/1201
f 1202/1909/1202 1515/1908/1515 1199/1912/1199
f 1186/1910/1186 1201/1911/1201 1177/1913/1177
f 1177/1913/1177 1201/1911/1201 1171/1914/1171
f 1199/1912/1199 1515/1908/1515 1198/1915/1198
f 1515/1908/1515 1186/1910/1186 1516/1916/1516
f 1516/1916/1516 1186/1910/1186 1184/1917/1184
f 1516/1916/1516 1184/1917/1184 1182/1918/1182
f 1516/1916/1516 1182/1918/1182 1517/1919/1517
f 1516/1916/1516 1517/1919/1517 1515/1908/1515
f 1517/1919/1517 1182/1918/1182 1180/1920/1180
f 1517/1919/1517 1180/1920/1180 1179/1921/1179
f 1517/1919/1517 1179/1921/1179 1515/1908/1515
f 1515/1908/1515 1179/1921/1179 1198/1915/1198
f 1198/1915/1198 1179/1921/1179 1176/1922/1176
f 1198/1915/1198 1176/1922/1176 667/1923/667
f 667/1923/667 1176/1922/1176 669/1924/669
f 1198/1915/1198 667/1923/667 664/1925/664
f 1220/1926/1220 1224/1927/1224 1518/1928/1518
f 1518/1928/1518 1224/1927/1224 1313/1929/1313
f 1220/1926/1220 1518/1928/1518 1519/1930/1519
f 1220/1926/1220 1519/1930/1519 1218/1931/1218
f 1518/1928/1518 1313/1929/1313 1520/1932/1520
f 1520/1932/1520 1313/1929/1313 1314/1933/1314
f 1311/1934/1311 1310/1935/1310 1314/1933/1314
f 1518/1928/1518 1520/1932/1520 1521/1936/1521
f 1518/1928/1518 1521/1936/1521 1519/1930/1519
f 1521/1936/1521 1520/1932/1520 1522/1937/1522
f 1314/1933/1314 1310/1935/1310 1523/1938/1523
f 1519/1930/1519 1521/1936/1521 1524/1939/1524
f 1520/1932/1520 1314/1933/1314 1525/1940/1525
f 1525/1940/1525 1314/1933/1314 1523/1938/1523
f 1521/1936/1521 1522/1937/1522 1526/1941/1526
f 1521/1936/1521 1526/1941/1526 1524/1939/1524
f 1522/1937/1522 1520/1932/1520 1527/1942/1527
f 1522/1937/1522 1527/1942/1527 1526/1941/1526
f 1520/1932/1520 1525/1940/1525 1528/1943/1528
f 1520/1932/1520 1528/1943/1528 1527/1942/1527
f 1527/1942/1527 1528/1943/1528 1529/1944/1529
f 1527/1942/1527 1529/1944/1529 1526/1941/1526
f 1528/1943/1528 1525/1940/1525 1530/1945/1530
f 1528/1943/1528 1530/1945/1530 1529/1944/1529
f 1530/1945/1530 1525/1940/1525 1531/1946/1531
f 1531/1946/1531 1525/1940/1525 1523/1938/1523
f 1530/1945/1530 1531/1946/1531 1532/1947/1532
f 1530/1945/1530 1532/1947/1532 1529/1944/1529
f 1532/1947/1532 1531/1946/1531 1533/1948/1533
f 1533/1948/1533 1531/1946/1531 1534/1949/1534
f 1534/1949/1534 1531/1946/1531 1523/1938/1523
f 1533/1948/1533 1534/1949/1534 1535/1950/1535
f 1532/1947/1532 1533/1948/1533 1536/1951/1536
f 1536/1951/1536 1533/1948/1533 1535/1950/1535
f 1529/1944/1529 1532/1947/1532 1537/1952/1537
f 1537/1952/1537 1532/1947/1532 1536/1951/1536
f 1536/1951/1536 1535/1950/1535 1538/1953/1538
f 1538/1953/1538 1535/1950/1535 1534/1949/1534
f 1536/1951/1536 1538/1953/1538 1539/1954/1539
f 1536/1951/1536 1539/1954/1539 1537/1952/1537
f 1538/1953/1538 1534/1949/1534 1540/1955/1540
f 1540/1955/1540 1534/1949/1534 1523/1938/1523
f 1538/1953/1538 1540/1955/1540 1539/1954/1539
f 1540/1955/1540 1523/1938/1523 1541/1956/1541
f 1539/1954/1539 1540/1955/1540 1542/1957/1542
f 1542/1957/1542 1540/1955/1540 1541/1956/1541
f 1539/1954/1539 1542/1957/1542 1543/1958/1543
f 1544/1959/1544 1537/1952/1537 1539/1954/1539
f 1544/1959/1544 1539/1954/1539 1543/1958/1543
f 1544/1959/1544 1543/1958/1543 1545/1960/1545
f 1545/1960/1545 1543/1958/1543 1546/1961/1546
f 1537/1952/1537 1544/1959/1544 1547/1962/1547
f 1547/1962/1547 1544/1959/1544 1548/1963/1548
f 1547/1962/1547 1548/1963/1548 1549/1964/1549
f 1550/1965/1550 1543/1958/1543 1542/1957/1542
f 1546/1961/1546 1543/1958/1543 1551/1966/1551
f 1550/1965/1550 1542/1957/1542 1541/1956/1541
f 1551/1966/1551 1543/1958/1543 1550/1965/1550
f 1546/1961/1546 1551/1966/1551 1552/1967/1552
f 1552/1967/1552 1551/1966/1551 1553/1968/1553
f 1554/1969/1554 1537/1952/1537 1547/1962/1547
f 1537/1952/1537 1554/1969/1554 1529/1944/1529
f 1554/1969/1554 1547/1962/1547 1555/1970/1555
f 1555/1970/1555 1547/1962/1547 1549/1964/1549
f 1529/1944/1529 1554/1969/1554 1556/1971/1556
f 1556/1971/1556 1554/1969/1554 1555/1970/1555
f 1555/1970/1555 1549/1964/1549 1557/1972/1557
f 1557/1972/1557 1549/1964/1549 1558/1973/1558
f 1555/1970/1555 1557/1972/1557 1559/1974/1559
f 1555/1970/1555 1559/1974/1559 1556/1971/1556
f 1559/1974/1559 1557/1972/1557 1560/1975/1560
f 1559/1974/1559 1560/1975/1560 1561/1976/1561
f 1529/1944/1529 1556/1971/1556 1526/1941/1526
f 1559/1974/1559 1561/1976/1561 1562/1977/1562
f 1562/1977/1562 1561/1976/1561 1563/1978/1563
f 1562/1977/1562 1563/1978/1563 928/1979/928
f 1559/1974/1559 1562/1977/1562 1564/1980/1564
f 1559/1974/1559 1564/1980/1564 1556/1971/1556
f 1562/1977/1562 928/1979/928 1565/1981/1565
f 1562/1977/1562 1565/1981/1565 1564/1980/1564
f 1565/1981/1565 928/1979/928 929/1982/929
f 1556/1971/1556 1564/1980/1564 1566/1983/1566
f 1566/1983/1566 1564/1980/1564 1565/1981/1565
f 1556/1971/1556 1566/1983/1566 1526/1941/1526
f 1565/1981/1565 929/1982/929 1567/1984/1567
f 1565/1981/1565 1567/1984/1567 1566/1983/1566
f 1567/1984/1567 929/1982/929 932/1985/932
f 932/1985/932 929/1982/929 930/1986/930
f 1566/1983/1566 1567/1984/1567 1568/1987/1568
f 1567/1984/1567 932/1985/932 1569/1988/1569
f 1567/1984/1567 1569/1988/1569 1568/1987/1568
f 1569/1988/1569 932/1985/932 1570/1989/1570
f 1570/1989/1570 932/1985/932 931/1990/931
f 1568/1987/1568 1569/1988/1569 1571/1991/1571
f 1571/1991/1571 1569/1988/1569 1570/1989/1570
f 1566/1983/1566 1568/1987/1568 1572/1992/1572
f 1572/1992/1572 1568/1987/1568 1571/1991/1571
f 1566/1983/1566 1572/1992/1572 1526/1941/1526
f 1570/1989/1570 931/1990/931 1573/1993/1573
f 1570/1989/1570 1573/1993/1573 1571/1991/1571
f 1526/1941/1526 1572/1992/1572 1574/1994/1574
f 1574/1994/1574 1572/1992/1572 1571/1991/1571
f 1526/1941/1526 1574/1994/1574 1524/1939/1524
f 1574/1994/1574 1571/1991/1571 1573/1993/1573
f 1524/1939/1524 1574/1994/1574 1519/1930/1519
f 1519/1930/1519 1574/1994/1574 1573/1993/1573
f 934/1995/934 1573/1993/1573 931/1990/931
f 1519/1930/1519 1573/1993/1573 1575/1996/1575
f 1519/1930/1519 1575/1996/1575 1218/1931/1218
f 1218/1931/1218 1575/1996/1575 1217/1997/1217
f 1575/1996/1575 1573/1993/1573 1576/1998/1576
f 1576/1998/1576 1573/1993/1573 934/1995/934
f 1217/1997/1217 1575/1996/1575 1577/1999/1577
f 1577/1999/1577 1575/1996/1575 1576/1998/1576
f 1217/1997/1217 1577/1999/1577 1213/2000/1213
f 1213/2000/1213 1577/1999/1577 1211/2001/1211
f 1211/2001/1211 1577/1999/1577 1576/1998/1576
f 1211/2001/1211 1576/1998/1576 934/1995/934
f 1211/2001/1211 934/1995/934 936/2002/936
f 1211/2001/1211 936/2002/936 939/2003/939
f 936/2002/936 934/1995/934 933/2004/933
f 1578/2005/1578 1310/1935/1310 1309/2006/1309
f 1310/1935/1310 1578/2005/1578 1523/1938/1523
f 1523/1938/1523 1578/2005/1578 1541/1956/1541
f 1578/2005/1578 1309/2006/1309 1579/2007/1306
f 1579/2007/1306 1309/2006/1309 1306/2008/1306
f 1579/2007/1306 1306/2008/1306 1305/2009/1305
f 1578/2005/1578 1579/2007/1306 1580/2010/1579
f 1578/2005/1578 1580/2010/1579 1541/1956/1541
f 1579/2007/1306 1305/2009/1305 1581/2011/1580
f 1579/2007/1306 1581/2011/1580 1580/2010/1579
f 1581/2011/1580 1305/2009/1305 1582/2012/1581
f 1582/2012/1581 1305/2009/1305 1303/2013/1303
f 1580/2010/1579 1581/2011/1580 1583/2014/1582
f 1581/2011/1580 1582/2012/1581 1584/2015/1583
f 1581/2011/1580 1584/2015/1583 1583/2014/1582
f 1582/2012/1581 1303/2013/1303 1585/2016/1584
f 1585/2016/1584 1303/2013/1303 1302/2017/1302
f 1582/2012/1581 1585/2016/1584 1586/2018/1585
f 1582/2012/1581 1586/2018/1585 1584/2015/1583
f 1585/2016/1584 1302/2017/1302 1587/2019/1586
f 1585/2016/1584 1587/2019/1586 1586/2018/1585
f 1587/2019/1586 1302/2017/1302 1588/2020/1587
f 1588/2020/1587 1302/2017/1302 1589/2021/1588
f 1589/2021/1588 1302/2017/1302 1300/2022/1300
f 1586/2018/1585 1587/2019/1586 1590/2023/1589
f 1586/2018/1585 1590/2023/1589 1584/2015/1583
f 1590/2023/1589 1587/2019/1586 1591/2024/1590
f 1590/2023/1589 1591/2024/1590 1592/2025/1591
f 1584/2015/1583 1590/2023/1589 1593/2026/1592
f 1590/2023/1589 1592/2025/1591 1594/2027/1593
f 1590/2023/1589 1594/2027/1593 1593/2026/1592
f 1594/2027/1593 1592/2025/1591 1595/2028/1594
f 1584/2015/1583 1593/2026/1592 1596/2029/1595
f 1584/2015/1583 1596/2029/1595 1583/2014/1582
f 1583/2014/1582 1596/2029/1595 1597/2030/1596
f 1583/2014/1582 1597/2030/1596 1598/2031/1597
f 1583/2014/1582 1598/2031/1597 1580/2010/1579
f 1580/2010/1579 1598/2031/1597 1541/1956/1541
f 1598/2031/1597 1597/2030/1596 1599/2032/1598
f 1599/2032/1598 1597/2030/1596 1596/2029/1595
f 1541/1956/1541 1598/2031/1597 1600/2033/1599
f 1600/2033/1599 1598/2031/1597 1599/2032/1598
f 1541/1956/1541 1600/2033/1599 1550/1965/1550
f 1601/2034/1600 1596/2029/1595 1593/2026/1592
f 1596/2029/1595 1601/2034/1600 1599/2032/1598
f 1601/2034/1600 1593/2026/1592 1602/2035/1601
f 1599/2032/1598 1601/2034/1600 1603/2036/1602
f 1603/2036/1602 1601/2034/1600 1602/2035/1601
f 1602/2035/1601 1593/2026/1592 1604/2037/1603
f 1604/2037/1603 1593/2026/1592 1594/2027/1593
f 1602/2035/1601 1604/2037/1603 1605/2038/1604
f 1602/2035/1601 1605/2038/1604 1603/2036/1602
f 1604/2037/1603 1594/2027/1593 1606/2039/1605
f 1606/2039/1605 1594/2027/1593 1595/2028/1594
f 1604/2037/1603 1606/2039/1605 1607/2040/1606
f 1604/2037/1603 1607/2040/1606 1605/2038/1604
f 1606/2039/1605 1595/2028/1594 1608/2041/1607
f 1606/2039/1605 1608/2041/1607 1607/2040/1606
f 1608/2041/1607 1595/2028/1594 1609/2042/1608
f 1608/2041/1607 1609/2042/1608 1610/2043/1609
f 1608/2041/1607 1610/2043/1609 1611/2044/1610
f 1607/2040/1606 1608/2041/1607 1612/2045/1611
f 1608/2041/1607 1611/2044/1610 1613/2046/1612
f 1608/2041/1607 1613/2046/1612 1612/2045/1611
f 1607/2040/1606 1612/2045/1611 1614/2047/1613
f 1607/2040/1606 1614/2047/1613 1605/2038/1604
f 1612/2045/1611 1613/2046/1612 1615/2048/1614
f 1612/2045/1611 1615/2048/1614 1614/2047/1613
f 1613/2046/1612 1611/2044/1610 1616/2049/1615
f 1613/2046/1612 1616/2049/1615 1615/2048/1614
f 1616/2049/1615 1611/2044/1610 1617/2050/1616
f 1617/2050/1616 1611/2044/1610 1618/2051/1617
f 1615/2048/1614 1616/2049/1615 1619/2052/1618
f 1619/2052/1618 1616/2049/1615 1617/2050/1616
f 1614/2047/1613 1615/2048/1614 1620/2053/1619
f 1620/2053/1619 1615/2048/1614 1619/2052/1618
f 1614/2047/1613 1620/2053/1619 1621/2054/1620
f 1614/2047/1613 1621/2054/1620 1605/2038/1604
f 1605/2038/1604 1621/2054/1620 1622/2055/1621
f 1622/2055/1621 1621/2054/1620 1620/2053/1619
f 1605/2038/1604 1622/2055/1621 1603/2036/1602
f 1620/2053/1619 1619/2052/1618 1623/2056/1622
f 1620/2053/1619 1623/2056/1622 1622/2055/1621
f 1623/2056/1622 1619/2052/1618 1624/2057/1623
f 1624/2057/1623 1619/2052/1618 1617/2050/1616
f 1622/2055/1621 1623/2056/1622 1625/2058/1624
f 1623/2056/1622 1624/2057/1623 1626/2059/1625
f 1623/2056/1622 1626/2059/1625 1625/2058/1624
f 1624/2057/1623 1617/2050/1616 1627/2060/1626
f 1624/2057/1623 1627/2060/1626 1626/2059/1625
f 1628/2061/1627 1603/2036/1602 1622/2055/1621
f 1628/2061/1627 1622/2055/1621 1625/2058/1624
f 1625/2058/1624 1626/2059/1625 1629/2062/1628
f 1603/2036/1602 1628/2061/1627 1630/2063/1629
f 1603/2036/1602 1630/2063/1629 1599/2032/1598
f 1625/2058/1624 1629/2062/1628 1631/2064/1630
f 1628/2061/1627 1625/2058/1624 1632/2065/1631
f 1632/2065/1631 1625/2058/1624 1631/2064/1630
f 1628/2061/1627 1632/2065/1631 1633/2066/1632
f 1628/2061/1627 1633/2066/1632 1634/2067/1633
f 1628/2061/1627 1634/2067/1633 1630/2063/1629
f 1634/2067/1633 1633/2066/1632 1635/2068/1634
f 1634/2067/1633 1635/2068/1634 1636/2069/1635
f 1633/2066/1632 1632/2065/1631 1637/2070/1636
f 1633/2066/1632 1637/2070/1636 1638/2071/1637
f 1638/2071/1637 1637/2070/1636 1639/2072/1638
f 1637/2070/1636 1632/2065/1631 1640/2073/1639
f 1637/2070/1636 1640/2073/1639 1639/2072/1638
f 1640/2073/1639 1632/2065/1631 1631/2064/1630
f 1639/2072/1638 1640/2073/1639 1641/2074/1640
f 1634/2067/1633 1636/2069/1635 1642/2075/1641
f 1634/2067/1633 1642/2075/1641 1630/2063/1629
f 1642/2075/1641 1636/2069/1635 1643/2076/1642
f 1643/2076/1642 1636/2069/1635 1644/2077/1643
f 1643/2076/1642 1644/2077/1643 1553/1968/1553
f 1641/2074/1640 1640/2073/1639 1645/2078/1644
f 1645/2078/1644 1640/2073/1639 1631/2064/1630
f 1641/2074/1640 1645/2078/1644 1646/2079/1645
f 1641/2074/1640 1646/2079/1645 1647/2080/1646
f 1645/2078/1644 1631/2064/1630 1648/2081/1647
f 1647/2080/1646 1646/2079/1645 1649/2082/1648
f 1646/2079/1645 1645/2078/1644 1650/2083/1649
f 1646/2079/1645 1650/2083/1649 1649/2082/1648
f 1650/2083/1649 1645/2078/1644 1648/2081/1647
f 1648/2081/1647 1631/2064/1630 1651/2084/1650
f 1648/2081/1647 1651/2084/1650 1650/2083/1649
f 1651/2084/1650 1631/2064/1630 1629/2062/1628
f 1649/2082/1648 1650/2083/1649 1652/2085/1651
f 1652/2085/1651 1650/2083/1649 1651/2084/1650
f 1649/2082/1648 1652/2085/1651 1653/2086/1652
f 1649/2082/1648 1653/2086/1652 1654/2087/1653
f 1651/2084/1650 1629/2062/1628 1655/2088/1654
f 1651/2084/1650 1655/2088/1654 1652/2085/1651
f 1655/2088/1654 1629/2062/1628 1626/2059/1625
f 1653/2086/1652 1652/2085/1651 1656/2089/1655
f 1656/2089/1655 1652/2085/1651 1655/2088/1654
f 1653/2086/1652 1656/2089/1655 1657/2090/1656
f 1655/2088/1654 1626/2059/1625 1658/2091/1657
f 1655/2088/1654 1658/2091/1657 1656/2089/1655
f 1656/2089/1655 1658/2091/1657 1659/2092/1658
f 1658/2091/1657 1626/2059/1625 1627/2060/1626
f 1658/2091/1657 1627/2060/1626 1659/2092/1658
f 1659/2092/1658 1627/2060/1626 1660/2093/1659
f 1660/2093/1659 1627/2060/1626 1661/2094/1660
f 1661/2094/1660 1627/2060/1626 1617/2050/1616
f 1661/2094/1660 1617/2050/1616 1618/2051/1617
f 1661/2094/1660 1618/2051/1617 1662/2095/1661
f 1661/2094/1660 1662/2095/1661 1660/2093/1659
f 1660/2093/1659 1662/2095/1661 1663/2096/1662
f 1664/2097/1663 1600/2033/1599 1599/2032/1598
f 1664/2097/1663 1599/2032/1598 1630/2063/1629
f 1600/2033/1599 1664/2097/1663 1665/2098/1664
f 1664/2097/1663 1630/2063/1629 1666/2099/1665
f 1664/2097/1663 1666/2099/1665 1665/2098/1664
f 1600/2033/1599 1665/2098/1664 1550/1965/1550
f 1666/2099/1665 1630/2063/1629 1667/2100/1666
f 1666/2099/1665 1667/2100/1666 1665/2098/1664
f 1667/2100/1666 1630/2063/1629 1642/2075/1641
f 1550/1965/1550 1665/2098/1664 1668/2101/1667
f 1668/2101/1667 1665/2098/1664 1667/2100/1666
f 1550/1965/1550 1668/2101/1667 1551/1966/1551
f 1667/2100/1666 1642/2075/1641 1669/2102/1668
f 1667/2100/1666 1669/2102/1668 1668/2101/1667
f 1669/2102/1668 1642/2075/1641 1643/2076/1642
f 1551/1966/1551 1668/2101/1667 1670/2103/1669
f 1670/2103/1669 1668/2101/1667 1669/2102/1668
f 1670/2103/1669 1669/2102/1668 1643/2076/1642
f 1551/1966/1551 1670/2103/1669 1553/1968/1553
f 1553/1968/1553 1670/2103/1669 1643/2076/1642
f 1671/2104/1670 1472/2105/1472 1672/2106/1671
f 1472/2105/1472 1671/2104/1670 1469/2107/1469
f 1672/2106/1671 1472/2105/1472 1473/2108/1473
f 1672/2106/1671 1473/2108/1473 1479/2109/1479
f 1672/2106/1671 1479/2109/1479 1673/2110/1672
f 1469/2107/1469 1671/2104/1670 1466/2111/1466
f 1672/2106/1671 1673/2110/1672 1674/2112/1673
f 1672/2106/1671 1674/2112/1673 1671/2104/1670
f 1674/2112/1673 1673/2110/1672 1675/2113/1674
f 1466/2111/1466 1671/2104/1670 1467/2114/1467
f 1674/2112/1673 1675/2113/1674 1676/2115/1675
f 1674/2112/1673 1676/2115/1675 1671/2104/1670
f 1676/2115/1675 1675/2113/1674 1677/2116/1676
f 1671/2104/1670 1676/2115/1675 1678/2117/1677
f 1671/2104/1670 1678/2117/1677 1467/2114/1467
f 1678/2117/1677 1676/2115/1675 1679/2118/1678
f 1467/2114/1467 1678/2117/1677 1680/2119/1679
f 1680/2119/1679 1678/2117/1677 1681/2120/1680
f 1467/2114/1467 1680/2119/1679 1464/2121/1464
f 1464/2121/1464 1680/2119/1679 1465/2122/1465
f 1681/2123/1680 1678/2124/1677 1679/2125/1678
f 1681/2123/1680 1679/2125/1678 1682/2126/1681
f 1681/2123/1680 1682/2126/1681 1683/2127/1682
f 1683/2127/1682 1682/2126/1681 1684/2128/1683
f 1684/2128/1683 1682/2126/1681 1685/2129/1684
f 1681/2123/1680 1683/2127/1682 1686/2130/1685
f 1686/2130/1685 1683/2127/1682 1684/2128/1683
f 1684/2128/1683 1685/2129/1684 1687/2131/1686
f 1681/2123/1680 1686/2130/1685 1680/2132/1679
f 1684/2128/1683 1687/2131/1686 1688/2133/1687
f 1680/2132/1679 1686/2130/1685 1465/2134/1465
f 1684/2128/1683 1688/2133/1687 1689/2135/1688
f 1684/2128/1683 1689/2135/1688 1686/2130/1685
f 1689/2135/1688 1688/2133/1687 1690/2136/1689
f 1465/2134/1465 1686/2130/1685 1463/2137/1463
f 1465/2134/1465 1463/2137/1463 1462/2138/1462
f 1686/2130/1685 1689/2135/1688 1691/2139/1690
f 1686/2130/1685 1691/2139/1690 1463/2137/1463
f 1691/2139/1690 1689/2135/1688 1690/2136/1689
f 1463/2137/1463 1691/2139/1690 1692/2140/1691
f 1463/2137/1463 1692/2140/1691 1460/2141/1460
f 1460/2141/1460 1692/2140/1691 1299/2142/1299
f 1299/2142/1299 1692/2140/1691 1589/2143/1588
f 1299/2142/1299 1589/2143/1588 1300/2144/1300
f 1589/2143/1588 1692/2140/1691 1588/2145/1587
f 1588/2145/1587 1692/2140/1691 1691/2139/1690
f 1588/2145/1587 1691/2139/1690 1693/2146/1692
f 1588/2145/1587 1693/2146/1692 1587/2147/1586
f 1587/2147/1586 1693/2146/1692 1591/2148/1590
f 1693/2146/1692 1691/2139/1690 1694/2149/1693
f 1693/2146/1692 1694/2149/1693 1591/2148/1590
f 1694/2149/1693 1691/2139/1690 1690/2136/1689
f 1591/2148/1590 1694/2149/1693 1592/2150/1591
f 1694/2149/1693 1690/2136/1689 1695/2151/1694
f 1694/2149/1693 1695/2151/1694 1592/2150/1591
f 1695/2151/1694 1690/2136/1689 1696/2152/1695
f 1592/2150/1591 1695/2151/1694 1609/2153/1608
f 1592/2150/1591 1609/2153/1608 1595/2154/1594
f 1609/2153/1608 1695/2151/1694 1610/2155/1609
f 1610/2155/1609 1695/2151/1694 1697/2156/1696
f 1697/2156/1696 1695/2151/1694 1696/2152/1695
f 1697/2156/1696 1696/2152/1695 1698/2157/1697
f 1697/2156/1696 1698/2157/1697 1699/2158/1698
f 1699/2158/1698 1698/2157/1697 1700/2159/1699
f 1701/2160/1700 1478/2161/1478 1702/2162/1701
f 1701/2160/1700 1702/2162/1701 1703/2163/1702
f 1704/2164/1703 1478/2161/1478 1705/2165/1704
f 1705/2165/1704 1478/2161/1478 1701/2160/1700
f 1701/2160/1700 1703/2163/1702 1706/2166/1705
f 1701/2160/1700 1706/2166/1705 1707/2167/1706
f 1707/2167/1706 1706/2166/1705 1708/2168/1707
f 1708/2168/1707 1706/2166/1705 1709/2169/1708
f 1708/2168/1707 1709/2169/1708 1710/2170/1709
f 1709/2169/1708 1706/2166/1705 1711/2171/1710
f 1705/2165/1704 1701/2160/1700 1712/2172/1711
f 1712/2172/1711 1701/2160/1700 1713/2173/1712
f 1705/2165/1704 1712/2172/1711 1714/2174/1713
f 1705/2165/1704 1714/2174/1713 1715/2175/1714
f 1478/2176/1478 1481/2177/1481 1702/2178/1701
f 1702/2178/1701 1481/2177/1481 1703/2179/1702
f 1703/2179/1702 1481/2177/1481 1716/2180/1715
f 1716/2180/1715 1481/2177/1481 1490/2181/1490
f 1716/2180/1715 1490/2181/1490 1717/2182/1716
f 1703/2179/1702 1716/2180/1715 1718/2183/1717
f 1718/2183/1717 1716/2180/1715 1717/2182/1716
f 1707/2184/1706 1703/2179/1702 1719/2185/1718
f 1719/2185/1718 1703/2179/1702 1718/2183/1717
f 1719/2185/1718 1718/2183/1717 1720/2186/1719
f 1720/2186/1719 1718/2183/1717 1711/2187/1710
f 1720/2186/1719 1711/2187/1710 1703/2188/1702
f 1703/2188/1702 1711/2187/1710 1706/2189/1705
f 1711/2187/1710 1718/2183/1717 1721/2190/1720
f 1721/2190/1720 1718/2183/1717 1717/2182/1716
f 1711/2187/1710 1721/2190/1720 1722/2191/1721
f 1711/2187/1710 1722/2191/1721 1723/2192/1722
f 1721/2190/1720 1717/2182/1716 1724/2193/1723
f 1722/2191/1721 1721/2190/1720 1725/2194/1724
f 1725/2194/1724 1721/2190/1720 1724/2193/1723
f 1722/2191/1721 1725/2194/1724 1726/2195/1725
f 1724/2193/1723 1717/2182/1716 1727/2196/1726
f 1725/2194/1724 1724/2193/1723 1728/2197/1727
f 1725/2194/1724 1728/2197/1727 1726/2195/1725
f 1728/2197/1727 1724/2193/1723 1727/2196/1726
f 1726/2195/1725 1728/2197/1727 1729/2198/1728
f 1726/2195/1725 1729/2198/1728 1730/2199/1729
f 1729/2198/1728 1728/2197/1727 1731/2200/1730
f 1729/2198/1728 1731/2200/1730 1730/2199/1729
f 1731/2200/1730 1728/2197/1727 1727/2196/1726
f 1730/2199/1729 1731/2200/1730 1732/2201/1731
f 1732/2201/1731 1731/2200/1730 1727/2196/1726
f 1730/2199/1729 1732/2201/1731 1733/2202/1732
f 1732/2201/1731 1727/2196/1726 1734/2203/1733
f 1704/2204/1703 1479/2205/1479 1478/2206/1478
f 1479/2205/1479 1704/2204/1703 1673/2207/1672
f 1673/2207/1672 1704/2204/1703 1735/2208/1734
f 1673/2207/1672 1735/2208/1734 1736/2209/1735
f 1673/2207/1672 1736/2209/1735 1675/2210/1674
f 1675/2210/1674 1736/2209/1735 1677/2211/1676
f 1735/2208/1734 1704/2204/1703 1737/2212/1736
f 1736/2209/1735 1735/2208/1734 1738/2213/1737
f 1738/2213/1737 1735/2208/1734 1737/2212/1736
f 1736/2209/1735 1738/2213/1737 1739/2214/1738
f 1736/2209/1735 1739/2214/1738 1740/2215/1739
f 1739/2214/1738 1738/2213/1737 1741/2216/1740
f 1737/2212/1736 1704/2204/1703 1742/2217/1741
f 1742/2217/1741 1704/2204/1703 1705/2218/1704
f 1742/2217/1741 1705/2218/1704 1743/2219/1742
f 1737/2212/1736 1742/2217/1741 1744/2220/1743
f 1737/2212/1736 1744/2220/1743 1745/2221/1744
f 1746/2222/1745 1738/2213/1737 1737/2212/1736
f 1746/2222/1745 1737/2212/1736 1745/2221/1744
f 1738/2213/1737 1746/2222/1745 1741/2216/1740
f 1741/2216/1740 1746/2222/1745 1747/2223/1746
f 1747/2223/1746 1746/2222/1745 1745/2221/1744
f 1741/2216/1740 1747/2223/1746 1748/2224/1747
f 1748/2224/1747 1747/2223/1746 1749/2225/1748
f 1747/2223/1746 1745/2221/1744 1750/2226/1749
f 1750/2226/1749 1745/2221/1744 1751/2227/1750
f 1747/2223/1746 1750/2226/1749 1752/2228/1751
f 1747/2223/1746 1752/2228/1751 1749/2225/1748
f 1752/2228/1751 1750/2226/1749 1751/2227/1750
f 1749/2225/1748 1752/2228/1751 1753/2229/1752
f 1749/2225/1748 1753/2229/1752 1754/2230/1753
f 1752/2228/1751 1751/2227/1750 1755/2231/1754
f 1752/2228/1751 1755/2231/1754 1753/2229/1752
f 1755/2231/1754 1751/2227/1750 1756/2232/1755
f 1753/2229/1752 1755/2231/1754 1757/2233/1756
f 1753/2229/1752 1757/2233/1756 1758/2234/1757
f 1757/2233/1756 1755/2231/1754 1759/2235/1758
f 1760/2236/1759 1742/2237/1741 1761/2238/1760
f 1761/2238/1760 1742/2237/1741 1743/2239/1742
f 1742/2237/1741 1760/2236/1759 1744/2240/1743
f 1761/2238/1760 1743/2239/1742 1762/2241/1761
f 1762/2241/1761 1743/2239/1742 1763/2242/1762
f 1763/2242/1762 1743/2239/1742 1705/2243/1704
f 1763/2242/1762 1705/2243/1704 1715/2244/1714
f 1761/2238/1760 1762/2241/1761 1764/2245/1763
f 1761/2238/1760 1764/2245/1763 1760/2236/1759
f 1764/2245/1763 1762/2241/1761 1712/2246/1711
f 1764/2245/1763 1712/2246/1711 1765/2247/1764
f 1765/2247/1764 1712/2246/1711 1766/2248/1765
f 1764/2245/1763 1765/2247/1764 1767/2249/1766
f 1760/2236/1759 1764/2245/1763 1768/2250/1767
f 1768/2250/1767 1764/2245/1763 1767/2249/1766
f 1760/2236/1759 1768/2250/1767 1744/2240/1743
f 1768/2250/1767 1767/2249/1766 1714/2251/1713
f 1768/2250/1767 1714/2251/1713 1769/2252/1768
f 1769/2252/1768 1714/2251/1713 1770/2253/1358
f 1768/2250/1767 1769/2252/1768 1771/2254/1769
f 1768/2250/1767 1771/2254/1769 1744/2240/1743
f 1744/2240/1743 1771/2254/1769 1745/2255/1744
f 1745/2255/1744 1771/2254/1769 1772/2256/1770
f 1745/2255/1744 1772/2256/1770 1751/2257/1750
f 1772/2256/1770 1771/2254/1769 1759/2258/1758
f 1751/2257/1750 1772/2256/1770 1756/2259/1755
f 1756/2259/1755 1772/2256/1770 1759/2258/1758
f 1756/2259/1755 1759/2258/1758 1773/2260/1771
f 1773/2260/1771 1759/2258/1758 1774/2261/1772
f 1775/2262/1773 1776/2263/1774 1740/2264/1739
f 1776/2263/1774 1775/2262/1773 1777/2265/1775
f 1740/2264/1739 1776/2263/1774 1778/2266/1776
f 1776/2263/1774 1777/2265/1775 1779/2267/1777
f 1776/2263/1774 1779/2267/1777 1778/2266/1776
f 1779/2267/1777 1777/2265/1775 1780/2268/1778
f 1780/2268/1778 1777/2265/1775 1781/2269/1779
f 1780/2268/1778 1781/2269/1779 1782/2270/1780
f 1780/2268/1778 1782/2270/1780 1783/2271/1781
f 1779/2267/1777 1780/2268/1778 1784/2272/1782
f 1784/2272/1782 1780/2268/1778 1783/2271/1781
f 1779/2267/1777 1784/2272/1782 1778/2266/1776
f 1677/2273/1676 1740/2264/1739 1778/2266/1776
f 1740/2264/1739 1677/2273/1676 1736/2274/1735
f 1677/2273/1676 1778/2266/1776 1785/2275/1783
f 1784/2272/1782 1783/2271/1781 1786/2276/1784
f 1786/2276/1784 1783/2271/1781 1787/2277/1785
f 1786/2276/1784 1787/2277/1785 1788/2278/1786
f 1786/2276/1784 1788/2278/1786 1789/2279/1787
f 1786/2276/1784 1789/2279/1787 1784/2272/1782
f 1790/2280/1788 1778/2266/1776 1784/2272/1782
f 1778/2266/1776 1790/2280/1788 1785/2275/1783
f 1784/2272/1782 1789/2279/1787 1791/2281/1789
f 1791/2281/1789 1789/2279/1787 1792/2282/1790
f 1791/2281/1789 1792/2282/1790 1793/2283/1791
f 1791/2281/1789 1793/2283/1791 1790/2280/1788
f 1784/2272/1782 1791/2281/1789 1794/2284/1792
f 1784/2272/1782 1794/2284/1792 1790/2280/1788
f 1790/2280/1788 1794/2284/1792 1791/2281/1789
f 1790/2280/1788 1793/2283/1791 1795/2285/1793
f 1790/2280/1788 1795/2285/1793 1796/2286/1794
f 1790/2280/1788 1796/2286/1794 1785/2275/1783
f 1785/2275/1783 1796/2286/1794 1797/2287/1795
f 1785/2275/1783 1797/2287/1795 1798/2288/1796
f 1785/2275/1783 1798/2288/1796 1677/2273/1676
f 1798/2288/1796 1797/2287/1795 1687/2289/1686
f 1677/2273/1676 1798/2288/1796 1676/2290/1675
f 1798/2288/1796 1687/2289/1686 1685/2291/1684
f 1676/2290/1675 1798/2288/1796 1679/2292/1678
f 1679/2292/1678 1798/2288/1796 1685/2291/1684
f 1679/2292/1678 1685/2291/1684 1682/2293/1681
f 1740/2294/1739 1799/2295/1797 1775/2296/1773
f 1775/2296/1773 1799/2295/1797 1777/2297/1775
f 1799/2295/1797 1740/2294/1739 1800/2298/1798
f 1777/2297/1775 1799/2295/1797 1781/2299/1779
f 1781/2299/1779 1799/2295/1797 1800/2298/1798
f 1781/2299/1779 1800/2298/1798 1782/2300/1780
f 1800/2301/1798 1740/2302/1739 1739/2303/1738
f 1800/2301/1798 1739/2303/1738 1782/2304/1780
f 1782/2304/1780 1739/2303/1738 1801/2305/1799
f 1801/2305/1799 1739/2303/1738 1748/2306/1747
f 1783/2307/1781 1782/2308/1780 1787/2309/1785
f 1787/2309/1785 1782/2308/1780 1802/2310/1800
f 1787/2309/1785 1802/2310/1800 1803/2311/1801
f 1803/2311/1801 1802/2310/1800 1804/2312/1802
f 1803/2311/1801 1804/2312/1802 1805/2313/1803
f 1803/2311/1801 1805/2313/1803 1787/2309/1785
f 1787/2309/1785 1805/2313/1803 1788/2314/1786
f 1788/2314/1786 1805/2313/1803 1806/2315/892
f 1788/2314/1786 1806/2315/892 1789/2316/1787
f 1789/2316/1787 1806/2315/892 1792/2317/1790
f 1792/2317/1790 1806/2315/892 1807/2318/1804
f 1807/2318/1804 1806/2315/892 1808/2319/1805
f 1792/2317/1790 1807/2318/1804 1804/2320/1802
f 1804/2320/1802 1807/2318/1804 1805/2321/1803
f 1739/2322/1738 1741/2323/1740 1748/2324/1747
f 1707/2325/1706 1720/2326/1719 1703/2327/1702
f 1720/2326/1719 1707/2325/1706 1809/2328/1806
f 1809/2328/1806 1707/2325/1706 1708/2329/1707
f 1809/2328/1806 1708/2329/1707 1710/2330/1709
f 1809/2328/1806 1710/2330/1709 1766/2331/1765
f 1720/2326/1719 1809/2328/1806 1810/2332/1807
f 1720/2326/1719 1810/2332/1807 1811/2333/1808
f 1810/2332/1807 1809/2328/1806 1812/2334/1809
f 1812/2334/1809 1809/2328/1806 1713/2335/1712
f 1711/2336/1710 1723/2337/1722 1811/2338/1808
f 1722/2339/1721 1726/2340/1725 1723/2337/1722
f 1723/2337/1722 1726/2340/1725 1813/2341/1810
f 1723/2337/1722 1813/2341/1810 1811/2338/1808
f 1813/2341/1810 1726/2340/1725 1730/2342/1729
f 1813/2341/1810 1730/2342/1729 1733/2343/1732
f 1813/2341/1810 1733/2343/1732 1719/2344/1718
f 1813/2341/1810 1719/2344/1718 1811/2338/1808
f 1811/2338/1808 1719/2344/1718 1720/2345/1719
f 1711/2346/1710 1811/2347/1808 1709/2348/1708
f 1709/2348/1708 1811/2347/1808 1710/2349/1709
f 1710/2349/1709 1811/2347/1808 1810/2350/1807
f 1710/2349/1709 1810/2350/1807 1814/2351/1811
f 1710/2349/1709 1814/2351/1811 1815/2352/1812
f 1719/2353/1718 1701/2354/1700 1707/2355/1706
f 1701/2354/1700 1719/2353/1718 1812/2356/1809
f 1701/2354/1700 1812/2356/1809 1713/2357/1712
f 1812/2356/1809 1719/2353/1718 1816/2358/1813
f 1816/2358/1813 1719/2353/1718 1733/2359/1732
f 1816/2358/1813 1733/2359/1732 1817/2360/1814
f 1816/2358/1813 1817/2360/1814 1818/2361/1815
f 1817/2360/1814 1733/2359/1732 1732/2362/1731
f 1818/2361/1815 1817/2360/1814 1819/2363/1816
f 1817/2360/1814 1732/2362/1731 1734/2364/1733
f 1819/2363/1816 1817/2360/1814 1820/2365/1817
f 1817/2360/1814 1734/2364/1733 1821/2366/1818
f 1817/2360/1814 1821/2366/1818 1820/2365/1817
f 1822/2367/1819 1823/2368/1820 1824/2369/1821
f 1822/2367/1819 1824/2369/1821 1825/2370/1822
f 1823/2368/1820 1822/2367/1819 1826/2371/1823
f 1826/2371/1823 1822/2367/1819 1825/2370/1822
f 1823/2368/1820 1826/2371/1823 1773/2372/1771
f 1826/2371/1823 1825/2370/1822 1827/2373/1824
f 1827/2373/1824 1825/2370/1822 1828/2374/1825
f 1827/2373/1824 1828/2374/1825 1829/2375/1826
f 1826/2371/1823 1827/2373/1824 1830/2376/1827
f 1830/2376/1827 1827/2373/1824 1829/2375/1826
f 1826/2371/1823 1830/2376/1827 1773/2372/1771
f 1830/2376/1827 1829/2375/1826 1831/2377/1828
f 1830/2376/1827 1831/2377/1828 1773/2372/1771
f 1831/2377/1828 1829/2375/1826 1832/2378/1829
f 1831/2377/1828 1832/2378/1829 1774/2379/1772
f 1831/2377/1828 1774/2379/1772 1759/2380/1758
f 1831/2377/1828 1759/2380/1758 1833/2381/1830
f 1833/2381/1830 1759/2380/1758 1834/2382/1831
f 1831/2377/1828 1833/2381/1830 1835/2383/1832
f 1835/2383/1832 1833/2381/1830 1836/2384/1833
f 1837/2385/1834 1773/2372/1771 1831/2377/1828
f 1837/2385/1834 1831/2377/1828 1835/2383/1832
f 1837/2385/1834 1835/2383/1832 1836/2384/1833
f 1773/2372/1771 1837/2385/1834 1838/2386/1835
f 1838/2386/1835 1837/2385/1834 1836/2384/1833
f 1767/2387/1766 1765/2388/1764 1766/2389/1765
f 1767/2387/1766 1766/2389/1765 1710/2390/1709
f 1767/2387/1766 1710/2390/1709 1815/2391/1812
f 1767/2387/1766 1815/2391/1812 1839/2392/1836
f 1839/2392/1836 1815/2391/1812 1814/2393/1811
f 1839/2392/1836 1814/2393/1811 1840/2394/1837
f 1839/2392/1836 1840/2394/1837 1841/2395/1838
f 1839/2392/1836 1841/2395/1838 1842/2396/1839
f 1839/2392/1836 1842/2396/1839 1767/2387/1766
f 1767/2387/1766 1842/2396/1839 1714/2397/1713
f 1770/2398/1358 1714/2399/1713 1715/2400/1714
f 1770/2398/1358 1715/2400/1714 1843/2401/1840
f 1843/2401/1840 1715/2400/1714 1842/2402/1839
f 1842/2402/1839 1715/2400/1714 1763/2403/1762
f 1770/2398/1358 1843/2401/1840 1769/2404/1768
f 1769/2404/1768 1843/2401/1840 1832/2405/1829
f 1769/2404/1768 1832/2405/1829 1757/2406/1756
f 1769/2404/1768 1757/2406/1756 1759/2407/1758
f 1769/2404/1768 1759/2407/1758 1771/2408/1769
f 1713/2409/1712 1766/2410/1765 1712/2411/1711
f 1766/2410/1765 1713/2409/1712 1809/2412/1806
f 1838/2413/1835 1756/2414/1755 1773/2415/1771
f 1756/2414/1755 1838/2413/1835 1755/2416/1754
f 1834/2417/1831 1759/2418/1758 1755/2416/1754
f 1834/2417/1831 1755/2416/1754 1844/2419/1841
f 1844/2419/1841 1755/2416/1754 1838/2413/1835
f 1834/2417/1831 1844/2419/1841 1845/2420/1842
f 1844/2419/1841 1838/2413/1835 1846/2421/1843
f 1844/2419/1841 1846/2421/1843 1845/2420/1842
f 1846/2421/1843 1838/2413/1835 1836/2422/1833
f 1845/2420/1842 1846/2421/1843 1847/2423/1834
f 1846/2421/1843 1836/2422/1833 1848/2424/1844
f 1846/2421/1843 1848/2424/1844 1847/2423/1834
f 1832/2425/1829 1758/2426/1757 1757/2427/1756
f 1758/2426/1757 1832/2425/1829 1829/2428/1826
f 1758/2426/1757 1829/2428/1826 1833/2429/1830
f 1758/2426/1757 1833/2429/1830 1834/2430/1831
f 1833/2429/1830 1829/2428/1826 1849/2431/1845
f 1849/2431/1845 1829/2428/1826 1850/2432/1846
f 1849/2431/1845 1850/2432/1846 1851/2433/1847
f 1849/2431/1845 1851/2433/1847 1852/2434/1848
f 1848/2435/1844 1836/2436/1833 1853/2437/1849
f 1853/2437/1849 1836/2436/1833 1833/2438/1830
f 1853/2437/1849 1833/2438/1830 1854/2439/1850
f 1848/2435/1844 1853/2437/1849 1855/2440/1851
f 1855/2440/1851 1853/2437/1849 1854/2439/1850
f 1848/2435/1844 1855/2440/1851 1847/2441/1834
f 1855/2440/1851 1854/2439/1850 1834/2442/1831
f 1834/2442/1831 1854/2439/1850 1758/2443/1757
f 1855/2440/1851 1834/2442/1831 1845/2444/1842
f 1856/2445/1852 1857/2446/1853 1858/2447/1854
f 1856/2445/1852 1858/2447/1854 1847/2448/1834
f 1847/2448/1834 1858/2447/1854 1855/2449/1851
f 1855/2449/1851 1858/2447/1854 1845/2450/1842
f 1845/2450/1842 1858/2447/1854 1859/2451/1855
f 1860/2452/1856 1856/2453/1852 1847/2454/1834
f 1860/2452/1856 1847/2454/1834 1861/2455/1857
f 1861/2455/1857 1847/2454/1834 1845/2456/1842
f 1861/2455/1857 1845/2456/1842 1862/2457/1858
f 1748/2458/1747 1802/2459/1800 1782/2460/1780
f 1748/2458/1747 1782/2460/1780 1801/2461/1799
f 1802/2459/1800 1748/2458/1747 1863/2462/1859
f 1863/2462/1859 1748/2458/1747 1864/2463/1860
f 1864/2463/1860 1748/2458/1747 1749/2464/1748
f 1802/2459/1800 1863/2462/1859 1804/2465/1802
f 1864/2463/1860 1749/2464/1748 1754/2466/1753
f 1864/2463/1860 1754/2466/1753 1863/2462/1859
f 1863/2462/1859 1754/2466/1753 1804/2465/1802
f 1804/2465/1802 1754/2466/1753 1865/2467/1861
f 1865/2467/1861 1754/2466/1753 1753/2468/1752
f 1804/2465/1802 1865/2467/1861 1866/2469/1862
f 1804/2465/1802 1866/2469/1862 1867/2470/1863
f 1867/2470/1863 1866/2469/1862 1868/2471/1864
f 1866/2469/1862 1865/2467/1861 1869/2472/1865
f 1866/2469/1862 1869/2472/1865 1870/2473/1866
f 1870/2473/1866 1869/2472/1865 1871/2474/1867
f 1871/2474/1867 1869/2472/1865 1872/2475/1868
f 1858/2476/1854 1857/2477/1853 1859/2478/1855
f 1859/2478/1855 1857/2477/1853 1873/2479/1869
f 1873/2479/1869 1857/2477/1853 1856/2480/1852
f 1873/2479/1869 1856/2480/1852 1860/2481/1856
f 1873/2479/1869 1860/2481/1856 1874/2482/1870
f 1873/2479/1869 1874/2482/1870 1859/2478/1855
f 1874/2482/1870 1860/2481/1856 1861/2483/1857
f 1874/2482/1870 1861/2483/1857 1862/2484/1858
f 1874/2482/1870 1862/2484/1858 1859/2478/1855
f 1859/2478/1855 1862/2484/1858 1845/2485/1842
f 1865/2486/1861 1753/2487/1752 1875/2488/1871
f 1875/2488/1871 1753/2487/1752 1758/2489/1757
f 1865/2486/1861 1875/2488/1871 1876/2490/1843
f 1875/2488/1871 1758/2489/1757 1854/2491/1850
f 1876/2490/1843 1875/2488/1871 1852/2492/1848
f 1852/2492/1848 1875/2488/1871 1854/2491/1850
f 1852/2492/1848 1854/2491/1850 1849/2493/1845
f 1849/2493/1845 1854/2491/1850 1833/2494/1830
f 1773/2495/1771 1824/2496/1821 1823/2497/1820
f 1773/2498/1771 1774/2499/1772 1824/2500/1821
f 1824/2500/1821 1774/2499/1772 1832/2501/1829
f 1824/2500/1821 1832/2501/1829 1825/2502/1822
f 1825/2502/1822 1832/2501/1829 1828/2503/1825
f 1828/2503/1825 1832/2501/1829 1843/2504/1840
f 1877/2505/1872 1878/2506/1873 1879/2507/1874
f 1878/2506/1873 1877/2505/1872 1880/2508/1875
f 1880/2508/1875 1877/2505/1872 1881/2509/1876
f 1881/2509/1876 1877/2505/1872 1882/2510/1877
f 1882/2510/1877 1877/2505/1872 1879/2507/1874
f 1878/2506/1873 1880/2508/1875 1883/2511/1878
f 1878/2506/1873 1883/2511/1878 1884/2512/1879
f 1878/2506/1873 1884/2512/1879 1879/2507/1874
f 1884/2512/1879 1883/2511/1878 1885/2513/1880
f 1884/2512/1879 1885/2513/1880 1879/2507/1874
f 1882/2510/1877 1879/2507/1874 1886/2514/1881
f 1886/2514/1881 1879/2507/1874 1885/2513/1880
f 1882/2510/1877 1886/2514/1881 1887/2515/1882
f 1887/2515/1882 1886/2514/1881 1885/2513/1880
f 1888/2516/1883 1889/2517/1884 1890/2518/1885
f 1889/2517/1884 1888/2516/1883 1891/2519/1886
f 1890/2518/1885 1889/2517/1884 1892/2520/1887
f 1892/2520/1887 1889/2517/1884 1893/2521/1888
f 1890/2518/1885 1892/2520/1887 1894/2522/1889
f 1894/2522/1889 1892/2520/1887 1895/2523/1890
f 1894/2522/1889 1895/2523/1890 1896/2524/1891
f 1894/2522/1889 1896/2524/1891 1897/2525/1892
f 1894/2522/1889 1897/2525/1892 1898/2526/1893
f 1890/2527/1885 1899/2528/1894 1888/2529/1883
f 1899/2528/1894 1890/2527/1885 1900/2530/1895
f 1900/2530/1895 1890/2527/1885 1894/2531/1889
f 1901/2532/1896 1900/2530/1895 1850/2533/1846
f 1850/2533/1846 1900/2530/1895 1851/2534/1847
f 1851/2534/1847 1900/2530/1895 1894/2531/1889
f 1851/2534/1847 1894/2531/1889 1902/2535/1897
f 1902/2535/1897 1894/2531/1889 1903/2536/1898
f 1903/2536/1898 1894/2531/1889 1904/2537/1899
f 1899/2538/1894 1903/2539/1898 1888/2540/1883
f 1888/2540/1883 1903/2539/1898 1905/2541/1900
f 1903/2539/1898 1899/2538/1894 1902/2542/1897
f 1902/2542/1897 1899/2538/1894 1906/2543/1901
f 1902/2542/1897 1906/2543/1901 1907/2544/1902
f 1906/2543/1901 1899/2538/1894 1908/2545/1903
f 1908/2545/1903 1899/2538/1894 1900/2546/1895
f 1908/2545/1903 1900/2546/1895 1901/2547/1896
f 1908/2545/1903 1901/2547/1896 1850/2548/1846
f 1908/2545/1903 1850/2548/1846 1906/2543/1901
f 1906/2543/1901 1850/2548/1846 1828/2549/1825
f 1828/2549/1825 1850/2548/1846 1829/2550/1826
f 1906/2543/1901 1828/2549/1825 1841/2551/1838
f 1906/2543/1901 1841/2551/1838 1840/2552/1837
f 1841/2551/1838 1828/2549/1825 1842/2553/1839
f 1842/2553/1839 1828/2549/1825 1843/2554/1840
f 1885/2555/1880 1892/2556/1887 1909/2557/1904
f 1892/2556/1887 1885/2555/1880 1895/2558/1890
f 1885/2555/1880 1909/2557/1904 1887/2559/1882
f 1909/2557/1904 1892/2556/1887 1898/2560/1893
f 1909/2557/1904 1898/2560/1893 1910/2561/1905
f 1911/2562/1906 1883/2563/1878 1880/2564/1875
f 1911/2562/1906 1880/2564/1875 1881/2565/1876
f 1911/2562/1906 1881/2565/1876 1882/2566/1877
f 1911/2562/1906 1882/2566/1877 1887/2567/1882
f 1883/2563/1878 1911/2562/1906 1912/2568/1907
f 1912/2568/1907 1911/2562/1906 1887/2567/1882
f 1883/2563/1878 1912/2568/1907 1885/2569/1880
f 1912/2568/1907 1887/2567/1882 1913/2570/1908
f 1869/2571/1865 1865/2572/1861 1914/2573/1909
f 1914/2573/1909 1865/2572/1861 1915/2574/1910
f 1915/2574/1910 1865/2572/1861 1876/2575/1843
f 1916/2576/1911 1917/2577/1894 1918/2578/1912
f 1918/2578/1912 1917/2577/1894 1919/2579/1913
f 1918/2578/1912 1919/2579/1913 1920/2580/1914
f 1916/2576/1911 1918/2578/1912 1921/2581/1915
f 1919/2579/1913 1917/2577/1894 1922/2582/1916
f 1922/2582/1916 1917/2577/1894 1916/2576/1911
f 1919/2579/1913 1922/2582/1916 1923/2583/1917
f 1916/2576/1911 1921/2581/1915 1924/2584/1918
f 1916/2576/1911 1924/2584/1918 1922/2582/1916
f 1924/2584/1918 1921/2581/1915 1925/2585/1919
f 1924/2584/1918 1925/2585/1919 1926/2586/1920
f 1924/2584/1918 1926/2586/1920 1927/2587/1921
f 1924/2584/1918 1927/2587/1921 1928/2588/1922
f 1924/2584/1918 1928/2588/1922 1922/2582/1916
f 1922/2582/1916 1928/2588/1922 1923/2583/1917
f 1923/2583/1917 1928/2588/1922 1929/2589/1923
f 1923/2583/1917 1929/2589/1923 1930/2590/1924
f 1930/2590/1924 1929/2589/1923 1931/2591/1925
f 1931/2591/1925 1929/2589/1923 1932/2592/1926
f 1923/2593/1917 1933/2594/1927 1919/2595/1913
f 1933/2594/1927 1923/2593/1917 1934/2596/1928
f 1934/2596/1928 1923/2593/1917 1930/2597/1924
f 1934/2596/1928 1930/2597/1924 1935/2598/1929
f 1934/2596/1928 1935/2598/1929 1933/2594/1927
f 1933/2594/1927 1935/2598/1929 1929/2599/1923
f 1919/2595/1913 1933/2594/1927 1920/2600/1914
f 1920/2600/1914 1933/2594/1927 1929/2599/1923
f 1920/2600/1914 1929/2599/1923 1927/2601/1921
f 1927/2601/1921 1929/2599/1923 1928/2602/1922
f 1920/2600/1914 1927/2601/1921 1921/2603/1915
f 1920/2600/1914 1921/2603/1915 1918/2604/1912
f 1921/2603/1915 1927/2601/1921 1936/2605/1930
f 1936/2605/1930 1927/2601/1921 1926/2606/1920
f 1937/2607/1931 1876/2608/1843 1852/2609/1848
f 1876/2608/1843 1937/2607/1931 1915/2610/1910
f 1915/2610/1910 1937/2607/1931 1938/2611/1932
f 1938/2611/1932 1937/2607/1931 1939/2612/1933
f 1937/2607/1931 1852/2609/1848 1940/2613/1934
f 1939/2612/1933 1937/2607/1931 1941/2614/1935
f 1937/2607/1931 1940/2613/1934 1942/2615/1936
f 1941/2614/1935 1937/2607/1931 1943/2616/1937
f 1943/2616/1937 1937/2607/1931 1942/2615/1936
f 1943/2616/1937 1942/2615/1936 1940/2613/1934
f 1941/2614/1935 1943/2616/1937 1944/2617/1938
f 1943/2616/1937 1940/2613/1934 1945/2618/1939
f 1944/2617/1938 1943/2616/1937 1946/2619/1940
f 1946/2619/1940 1943/2616/1937 1945/2618/1939
f 1885/2620/1880 1912/2621/1907 1895/2622/1890
f 1895/2622/1890 1912/2621/1907 1896/2623/1891
f 1896/2623/1891 1912/2621/1907 1947/2624/1941
f 1947/2624/1941 1912/2621/1907 1913/2625/1908
f 1896/2623/1891 1947/2624/1941 1948/2626/1942
f 1896/2623/1891 1948/2626/1942 1897/2627/1892
f 1897/2627/1892 1948/2626/1942 1949/2628/1943
f 1948/2626/1942 1947/2624/1941 1950/2629/1944
f 1948/2626/1942 1950/2629/1944 1949/2628/1943
f 1947/2624/1941 1913/2625/1908 1951/2630/1945
f 1947/2624/1941 1951/2630/1945 1950/2629/1944
f 1952/2631/1946 1953/2632/1947 1949/2628/1943
f 1952/2631/1946 1949/2628/1943 1950/2629/1944
f 1952/2631/1946 1950/2629/1944 1954/2633/1948
f 1954/2633/1948 1950/2629/1944 1955/2634/1949
f 1955/2634/1949 1950/2629/1944 1956/2635/1950
f 1956/2635/1950 1950/2629/1944 1951/2630/1945
f 1957/2636/1951 1951/2630/1945 1913/2625/1908
f 1951/2630/1945 1957/2636/1951 1956/2635/1950
f 1957/2636/1951 1913/2625/1908 1887/2637/1882
f 1957/2636/1951 1887/2637/1882 1909/2638/1904
f 1957/2636/1951 1909/2638/1904 1956/2635/1950
f 1956/2635/1950 1909/2638/1904 1910/2639/1905
f 1921/2640/1915 1958/2641/1952 1959/2642/1953
f 1921/2640/1915 1959/2642/1953 1925/2643/1919
f 1925/2643/1919 1959/2642/1953 1958/2641/1952
f 1958/2641/1952 1921/2640/1915 1936/2644/1930
f 1925/2643/1919 1958/2641/1952 1926/2645/1920
f 1926/2645/1920 1958/2641/1952 1936/2644/1930
f 1851/2646/1847 1960/2647/1954 1852/2648/1848
f 1852/2648/1848 1960/2647/1954 1940/2649/1934
f 1960/2647/1954 1851/2646/1847 1961/2650/1955
f 1960/2647/1954 1961/2650/1955 1940/2649/1934
f 1961/2650/1955 1851/2646/1847 1962/2651/1956
f 1961/2650/1955 1962/2651/1956 1963/2652/1957
f 1961/2650/1955 1963/2652/1957 1964/2653/1958
f 1961/2650/1955 1964/2653/1958 1965/2654/1959
f 1961/2650/1955 1965/2654/1959 1940/2649/1934
f 1940/2649/1934 1965/2654/1959 1966/2655/1960
f 1967/2656/1961 1940/2657/1934 1966/2658/1960
f 1940/2657/1934 1967/2656/1961 1945/2659/1939
f 1945/2659/1939 1967/2656/1961 1966/2658/1960
f 1945/2659/1939 1966/2658/1960 1965/2660/1959
f 1945/2659/1939 1965/2660/1959 1968/2661/1962
f 1968/2661/1962 1965/2660/1959 1964/2662/1958
f 1969/2663/1963 1935/2664/1929 1930/2665/1924
f 1969/2663/1963 1930/2665/1924 1970/2666/1964
f 1969/2663/1963 1970/2666/1964 1971/2667/1965
f 1935/2664/1929 1969/2663/1963 1972/2668/1966
f 1935/2664/1929 1972/2668/1966 1929/2669/1923
f 1929/2669/1923 1972/2668/1966 1932/2670/1926
f 1932/2670/1926 1972/2668/1966 1973/2671/1967
f 1972/2668/1966 1969/2663/1963 1974/2672/1968
f 1974/2672/1968 1969/2663/1963 1971/2667/1965
f 1972/2668/1966 1974/2672/1968 1973/2671/1967
f 1974/2672/1968 1971/2667/1965 1975/2673/1969
f 1973/2671/1967 1974/2672/1968 1976/2674/1970
f 1976/2674/1970 1974/2672/1968 1975/2673/1969
f 1976/2674/1970 1975/2673/1969 1977/2675/1971
f 1973/2671/1967 1976/2674/1970 1978/2676/1972
f 1978/2676/1972 1976/2674/1970 1979/2677/1973
f 1978/2676/1972 1979/2677/1973 1980/2678/1974
f 1980/2678/1974 1979/2677/1973 1981/2679/1975
f 1914/2680/1909 1915/2681/1910 1872/2682/1868
f 1872/2682/1868 1915/2681/1910 1871/2683/1867
f 1871/2683/1867 1915/2681/1910 1982/2684/1976
f 1982/2684/1976 1915/2681/1910 1938/2685/1932
f 1871/2683/1867 1982/2684/1976 1983/2686/1977
f 1871/2683/1867 1983/2686/1977 1984/2687/1978
f 1983/2686/1977 1982/2684/1976 1985/2688/1979
f 1982/2684/1976 1938/2685/1932 1946/2689/1940
f 1982/2684/1976 1946/2689/1940 1985/2688/1979
f 1946/2689/1940 1938/2685/1932 1986/2690/1980
f 1986/2690/1980 1938/2685/1932 1939/2691/1933
f 1986/2690/1980 1939/2691/1933 1944/2692/1938
f 1986/2690/1980 1944/2692/1938 1946/2689/1940
f 1944/2692/1938 1939/2691/1933 1941/2693/1935
f 1985/2688/1979 1946/2689/1940 1987/2694/1981
f 1987/2694/1981 1946/2689/1940 1945/2695/1939
f 1987/2694/1981 1945/2695/1939 1968/2696/1962
f 1987/2694/1981 1968/2696/1962 1985/2688/1979
f 1985/2688/1979 1968/2696/1962 1964/2697/1958
f 1970/2698/1964 1930/2699/1924 1988/2700/1982
f 1988/2700/1982 1930/2699/1924 1931/2701/1925
f 1988/2700/1982 1931/2701/1925 1989/2702/1983
f 1989/2702/1983 1931/2701/1925 1932/2703/1926
f 1989/2702/1983 1932/2703/1926 1973/2704/1967
f 1989/2702/1983 1973/2704/1967 1988/2700/1982
f 1970/2698/1964 1988/2700/1982 1990/2705/1984
f 1988/2700/1982 1973/2704/1967 1991/2706/1985
f 1988/2700/1982 1991/2706/1985 1990/2705/1984
f 1991/2706/1985 1973/2704/1967 1978/2707/1972
f 1970/2698/1964 1990/2705/1984 1992/2708/1986
f 1992/2708/1986 1990/2705/1984 1991/2706/1985
f 1970/2698/1964 1992/2708/1986 1971/2709/1965
f 1971/2709/1965 1992/2708/1986 1993/2710/1987
f 1971/2709/1965 1993/2710/1987 1975/2711/1969
f 1992/2708/1986 1991/2706/1985 1994/2712/1988
f 1992/2708/1986 1994/2712/1988 1993/2710/1987
f 1994/2712/1988 1991/2706/1985 1978/2707/1972
f 1993/2710/1987 1994/2712/1988 1995/2713/1989
f 1994/2712/1988 1978/2707/1972 1980/2714/1974
f 1995/2713/1989 1994/2712/1988 1981/2715/1975
f 1994/2712/1988 1980/2714/1974 1996/2716/1990
f 1994/2712/1988 1996/2716/1990 1981/2715/1975
f 1964/2717/1958 1983/2718/1977 1985/2719/1979
f 1983/2718/1977 1964/2717/1958 1963/2720/1957
f 1983/2718/1977 1963/2720/1957 1997/2721/1991
f 1983/2718/1977 1997/2721/1991 1998/2722/1992
f 1998/2722/1992 1997/2721/1991 1999/2723/1993
f 2000/2724/1994 2001/2725/1995 2002/2726/1996
f 2000/2724/1994 2002/2726/1996 2003/2727/1997
f 2002/2726/1996 2001/2725/1995 2004/2728/1998
f 2001/2725/1995 2000/2724/1994 2005/2729/1999
f 2005/2729/1999 2000/2724/1994 2006/2730/2000
f 2005/2729/1999 2006/2730/2000 2001/2725/1995
f 2004/2728/1998 2001/2725/1995 1980/2731/1974
f 2004/2728/1998 1980/2731/1974 2007/2732/2001
f 1980/2731/1974 2001/2725/1995 1996/2733/1990
f 2008/2734/2002 1688/2735/1687 1687/2736/1686
f 2008/2734/2002 1687/2736/1686 2009/2737/2003
f 2009/2737/2003 1687/2736/1686 1797/2738/1795
f 1688/2735/1687 2008/2734/2002 2010/2739/2004
f 1688/2735/1687 2010/2739/2004 1690/2740/1689
f 1690/2740/1689 2010/2739/2004 1696/2741/1695
f 2010/2739/2004 2008/2734/2002 2011/2742/2005
f 1696/2741/1695 2010/2739/2004 2012/2743/2006
f 2012/2743/2006 2010/2739/2004 2011/2742/2005
f 1696/2741/1695 2012/2743/2006 1698/2744/1697
f 2011/2742/2005 2008/2734/2002 2013/2745/2007
f 2011/2742/2005 2013/2745/2007 2012/2743/2006
f 2013/2745/2007 2008/2734/2002 2009/2737/2003
f 2014/2746/2008 2009/2737/2003 1797/2738/1795
f 2009/2737/2003 2014/2746/2008 2013/2745/2007
f 2014/2746/2008 1797/2738/1795 1796/2747/1794
f 2012/2743/2006 2013/2745/2007 2015/2748/2009
f 2015/2748/2009 2013/2745/2007 2014/2746/2008
f 2016/2749/2010 1698/2744/1697 2012/2743/2006
f 2016/2749/2010 2012/2743/2006 2015/2748/2009
f 1698/2744/1697 2016/2749/2010 2017/2750/2011
f 1698/2744/1697 2017/2750/2011 1700/2751/1699
f 2016/2749/2010 2015/2748/2009 2018/2752/2012
f 2016/2749/2010 2018/2752/2012 2017/2750/2011
f 2017/2750/2011 2018/2752/2012 2019/2753/2013
f 2017/2750/2011 2019/2753/2013 2020/2754/2014
f 2018/2752/2012 2015/2748/2009 2021/2755/2015
f 2020/2754/2014 2019/2753/2013 2022/2756/2016
f 2022/2756/2016 2019/2753/2013 2018/2752/2012
f 2022/2756/2016 2018/2752/2012 2021/2755/2015
f 2020/2754/2014 2022/2756/2016 2023/2757/2017
f 2021/2755/2015 2015/2748/2009 2024/2758/2018
f 2021/2755/2015 2024/2758/2018 2022/2756/2016
f 2022/2756/2016 2024/2758/2018 2023/2757/2017
f 2024/2758/2018 2015/2748/2009 2014/2746/2008
f 2023/2757/2017 2024/2758/2018 2025/2759/2019
f 2024/2758/2018 2014/2746/2008 2026/2760/2020
f 2026/2760/2020 2014/2746/2008 1796/2747/1794
f 2025/2759/2019 2024/2758/2018 2027/2761/2021
f 2027/2761/2021 2024/2758/2018 2026/2760/2020
f 2025/2759/2019 2027/2761/2021 2028/2762/2022
f 2028/2762/2022 2027/2761/2021 2029/2763/2023
f 2026/2760/2020 1796/2747/1794 1795/2764/1793
f 2029/2763/2023 2027/2761/2021 2030/2765/2024
f 2030/2765/2024 2027/2761/2021 2026/2760/2020
f 2030/2765/2024 2026/2760/2020 1795/2764/1793
f 2029/2763/2023 2030/2765/2024 2031/2766/2025
f 2031/2766/2025 2030/2765/2024 2032/2767/2026
f 2032/2767/2026 2030/2765/2024 1795/2764/1793
f 2031/2766/2025 2032/2767/2026 2033/2768/2027
f 2033/2768/2027 2032/2767/2026 2034/2769/2028
f 2034/2769/2028 2032/2767/2026 1795/2764/1793
f 2034/2769/2028 1795/2764/1793 2035/2770/2029
f 2034/2769/2028 2035/2770/2029 2036/2771/2030
f 2035/2770/2029 1795/2764/1793 1793/2772/1791
f 2035/2770/2029 1793/2772/1791 2036/2771/2030
f 2036/2773/2030 1793/2774/1791 1867/2775/1863
f 1867/2775/1863 1793/2774/1791 1792/2776/1790
f 1867/2775/1863 1792/2776/1790 1804/2777/1802
f 2036/2773/2030 1867/2775/1863 2037/2778/2031
f 2036/2773/2030 2037/2778/2031 2034/2779/2028
f 2033/2780/2027 2034/2781/2028 2037/2782/2031
f 2033/2780/2027 2037/2782/2031 2038/2783/2032
f 2033/2780/2027 2038/2783/2032 2031/2784/2025
f 1867/2785/1863 1868/2786/1864 2037/2782/2031
f 2038/2783/2032 2037/2782/2031 2039/2787/2033
f 2039/2787/2033 2037/2782/2031 1868/2786/1864
f 2031/2784/2025 2038/2783/2032 2040/2788/2034
f 2031/2784/2025 2040/2788/2034 2029/2789/2023
f 2040/2788/2034 2038/2783/2032 2041/2790/2035
f 2041/2790/2035 2038/2783/2032 2039/2787/2033
f 2029/2789/2023 2040/2788/2034 2042/2791/2036
f 2042/2791/2036 2040/2788/2034 2041/2790/2035
f 2042/2791/2036 2041/2790/2035 2039/2787/2033
f 2029/2789/2023 2042/2791/2036 2028/2792/2022
f 2028/2792/2022 2042/2791/2036 2043/2793/2037
f 2043/2793/2037 2042/2791/2036 2044/2794/2038
f 2044/2794/2038 2042/2791/2036 2039/2787/2033
f 2044/2794/2038 2039/2787/2033 1870/2795/1866
f 1870/2795/1866 2039/2787/2033 1868/2786/1864
f 1870/2795/1866 1868/2786/1864 1866/2796/1862
f 2045/2797/2039 2043/2798/2037 2046/2799/2040
f 2046/2799/2040 2043/2798/2037 2044/2800/2038
f 2047/2801/2041 2048/2802/2042 2044/2800/2038
f 2044/2800/2038 2048/2802/2042 2049/2803/2043
f 2044/2800/2038 2049/2803/2043 2046/2799/2040
f 2049/2803/2043 2048/2802/2042 2050/2804/2044
f 2045/2797/2039 2046/2799/2040 2051/2805/2045
f 2051/2805/2045 2046/2799/2040 2049/2803/2043
f 2049/2803/2043 2050/2804/2044 2052/2806/2046
f 2049/2803/2043 2052/2806/2046 2051/2805/2045
f 2053/2807/2047 2050/2804/2044 2054/2808/2048
f 2050/2804/2044 2053/2807/2047 2052/2806/2046
f 2045/2797/2039 2051/2805/2045 2055/2809/2049
f 2045/2797/2039 2055/2809/2049 2056/2810/2050
f 2056/2810/2050 2055/2809/2049 2057/2811/2051
f 2056/2810/2050 2057/2811/2051 2058/2812/2052
f 2058/2812/2052 2057/2811/2051 2059/2813/2053
f 2059/2813/2053 2057/2811/2051 2060/2814/2054
f 2061/2815/2055 2051/2805/2045 2052/2806/2046
f 2051/2805/2045 2061/2815/2055 2055/2809/2049
f 2055/2809/2049 2061/2815/2055 2062/2816/2056
f 2055/2809/2049 2062/2816/2056 2063/2817/2057
f 2063/2817/2057 2062/2816/2056 2064/2818/2058
f 2062/2816/2056 2061/2815/2055 2065/2819/2059
f 2065/2819/2059 2061/2815/2055 2052/2806/2046
f 2062/2816/2056 2065/2819/2059 2064/2818/2058
f 2065/2819/2059 2052/2806/2046 2066/2820/2060
f 2065/2819/2059 2066/2820/2060 2064/2818/2058
f 2066/2820/2060 2052/2806/2046 2053/2807/2047
f 2064/2818/2058 2066/2820/2060 2067/2821/2061
f 2067/2821/2061 2066/2820/2060 2056/2822/2050
f 2056/2822/2050 2066/2820/2060 2053/2807/2047
f 2056/2822/2050 2053/2807/2047 2045/2823/2039
f 2068/2824/2062 2069/2825/2063 2070/2826/2064
f 2070/2826/2064 2069/2825/2063 1808/2827/1805
f 2070/2826/2064 1808/2827/1805 1806/2828/892
f 2070/2826/2064 1806/2828/892 1805/2829/1803
f 2070/2826/2064 1805/2829/1803 2068/2824/2062
f 2068/2824/2062 1805/2829/1803 2071/2830/2065
f 1808/2827/1805 2069/2825/2063 2072/2831/2066
f 2072/2831/2066 2069/2825/2063 2068/2824/2062
f 1808/2827/1805 2072/2831/2066 2073/2832/2067
f 2068/2824/2062 2071/2830/2065 2074/2833/2068
f 2068/2824/2062 2074/2833/2068 2072/2831/2066
f 2074/2833/2068 2071/2830/2065 2075/2834/2069
f 2073/2832/2067 2072/2831/2066 2076/2835/2070
f 2073/2832/2067 2076/2835/2070 2077/2836/2071
f 2077/2836/2071 2076/2835/2070 2078/2837/2072
f 2076/2835/2070 2072/2831/2066 2079/2838/2073
f 2076/2835/2070 2079/2838/2073 2078/2837/2072
f 2079/2838/2073 2072/2831/2066 2074/2833/2068
f 2079/2838/2073 2074/2833/2068 2075/2834/2069
f 2078/2837/2072 2079/2838/2073 2080/2839/2074
f 2080/2839/2074 2079/2838/2073 2075/2834/2069
f 2080/2839/2074 2075/2834/2069 2081/2840/2075
f 2081/2840/2075 2075/2834/2069 1977/2841/1971
f 2081/2840/2075 1977/2841/1971 2082/2842/2076
f 2082/2842/2076 1977/2841/1971 1975/2843/1969
f 2082/2842/2076 1975/2843/1969 1993/2844/1987
f 2082/2842/2076 1993/2844/1987 1995/2845/1989
f 2081/2840/2075 2082/2842/2076 2083/2846/2077
f 2081/2840/2075 2083/2846/2077 1872/2847/1868
f 2082/2842/2076 1995/2845/1989 1979/2848/1973
f 1872/2847/1868 2083/2846/2077 1979/2848/1973
f 1979/2848/1973 2083/2846/2077 2082/2842/2076
f 1979/2848/1973 1995/2845/1989 1981/2849/1975
f 1805/2850/1803 2084/2851/2078 2071/2852/2065
f 2071/2852/2065 2084/2851/2078 2075/2853/2069
f 2084/2851/2078 1805/2850/1803 1807/2854/1804
f 1808/2855/1805 2073/2856/2067 1807/2854/1804
f 1807/2854/1804 2073/2856/2067 2085/2857/2079
f 1807/2854/1804 2085/2857/2079 2084/2851/2078
f 2085/2857/2079 2073/2856/2067 2086/2858/2080
f 2086/2858/2080 2073/2856/2067 2077/2859/2071
f 2085/2857/2079 2086/2858/2080 2087/2860/2081
f 2085/2857/2079 2087/2860/2081 2084/2851/2078
f 2087/2860/2081 2086/2858/2080 2088/2861/2082
f 2087/2860/2081 2088/2861/2082 1872/2862/1868
f 1872/2862/1868 2088/2861/2082 2081/2863/2075
f 2087/2860/2081 1872/2862/1868 1869/2864/1865
f 2087/2860/2081 1869/2864/1865 2084/2851/2078
f 2084/2851/2078 1869/2864/1865 2089/2865/2083
f 2084/2851/2078 2089/2865/2083 2075/2853/2069
f 2075/2853/2069 2089/2865/2083 1977/2866/1971
f 2089/2865/2083 1869/2864/1865 1914/2867/1909
f 1977/2866/1971 2089/2865/2083 1976/2868/1970
f 1976/2868/1970 2089/2865/2083 1914/2867/1909
f 1976/2868/1970 1914/2867/1909 1979/2869/1973
f 1979/2869/1973 1914/2867/1909 1872/2870/1868
f 2086/2871/2080 2077/2872/2071 2090/2873/2084
f 2086/2871/2080 2090/2873/2084 2088/2874/2082
f 2090/2873/2084 2077/2872/2071 2091/2875/2085
f 2091/2875/2085 2077/2872/2071 2078/2876/2072
f 2088/2874/2082 2090/2873/2084 2092/2877/2086
f 2091/2875/2085 2078/2876/2072 2093/2878/2087
f 2091/2875/2085 2093/2878/2087 2090/2873/2084
f 2090/2873/2084 2093/2878/2087 2092/2877/2086
f 2093/2878/2087 2078/2876/2072 2080/2879/2074
f 2093/2878/2087 2080/2879/2074 2092/2877/2086
f 2092/2877/2086 2080/2879/2074 2088/2874/2082
f 2088/2874/2082 2080/2879/2074 2081/2880/2075
f 1871/2881/1867 1984/2882/1978 1870/2883/1866
f 1870/2883/1866 1984/2882/1978 2094/2884/2088
f 1870/2883/1866 2094/2884/2088 2044/2885/2038
f 2044/2885/2038 2094/2884/2088 2047/2886/2041
f 2095/2887/2089 2043/2888/2037 2047/2886/2041
f 2095/2887/2089 2047/2886/2041 2096/2889/2090
f 2095/2887/2089 2096/2889/2090 2097/2890/2091
f 2096/2889/2090 2047/2886/2041 2094/2884/2088
f 2096/2889/2090 2094/2884/2088 2098/2891/2092
f 2096/2889/2090 2098/2891/2092 2060/2892/2054
f 2098/2891/2092 2094/2884/2088 2099/2893/2093
f 1998/2894/1992 2094/2884/2088 1984/2882/1978
f 2094/2884/2088 1998/2894/1992 2099/2893/2093
f 1998/2894/1992 1984/2882/1978 1983/2895/1977
f 2099/2893/2093 1998/2894/1992 2100/2896/2094
f 2099/2893/2093 2100/2896/2094 2101/2897/2095
f 2100/2896/2094 1998/2894/1992 2102/2898/2096
f 2103/2899/2097 2101/2897/2095 2104/2900/2098
f 2104/2900/2098 2101/2897/2095 2100/2896/2094
f 2104/2900/2098 2100/2896/2094 2105/2901/2099
f 2105/2901/2099 2100/2896/2094 2007/2902/2001
f 2007/2902/2001 2100/2896/2094 2004/2903/1998
f 2004/2903/1998 2100/2896/2094 2102/2898/2096
f 2004/2903/1998 2102/2898/2096 2002/2904/1996
f 2002/2904/1996 2102/2898/2096 2003/2905/1997
f 2105/2906/2099 2007/2907/2001 2106/2908/2100
f 1981/2909/1975 2007/2907/2001 1980/2910/1974
f 2107/2911/2101 1981/2909/1975 1996/2912/1990
f 2007/2907/2001 1981/2909/1975 2108/2913/2102
f 2108/2913/2102 1981/2909/1975 2107/2911/2101
f 2007/2907/2001 2108/2913/2102 2109/2914/2103
f 2007/2907/2001 2109/2914/2103 2106/2908/2100
f 2108/2913/2102 2107/2911/2101 2110/2915/2104
f 2110/2915/2104 2107/2911/2101 2103/2916/2097
f 2109/2914/2103 2108/2913/2102 2111/2917/2105
f 2111/2917/2105 2108/2913/2102 2110/2915/2104
f 2106/2908/2100 2109/2914/2103 2048/2918/2042
f 2104/2919/2098 2112/2920/2106 2103/2916/2097
f 2110/2915/2104 2103/2916/2097 2113/2921/2107
f 2113/2921/2107 2103/2916/2097 2112/2920/2106
f 2113/2921/2107 2112/2920/2106 2114/2922/2108
f 2114/2922/2108 2112/2920/2106 2115/2923/2109
f 2113/2921/2107 2114/2922/2108 2116/2924/2110
f 2110/2915/2104 2113/2921/2107 2117/2925/2111
f 2117/2925/2111 2113/2921/2107 2116/2924/2110
f 2110/2915/2104 2117/2925/2111 2111/2917/2105
f 2117/2925/2111 2116/2924/2110 2118/2926/2112
f 2117/2925/2111 2118/2926/2112 2111/2917/2105
f 2111/2917/2105 2118/2926/2112 2119/2927/2113
f 2119/2927/2113 2118/2926/2112 2054/2928/2048
f 2054/2928/2048 2118/2926/2112 2120/2929/2114
f 2111/2917/2105 2119/2927/2113 2121/2930/2115
f 2121/2930/2115 2119/2927/2113 2054/2928/2048
f 2111/2917/2105 2121/2930/2115 2109/2914/2103
f 2121/2930/2115 2054/2928/2048 2050/2931/2044
f 2109/2914/2103 2121/2930/2115 2048/2918/2042
f 2048/2918/2042 2121/2930/2115 2050/2931/2044
f 2122/2932/36 2106/2908/2100 2048/2918/2042
f 2122/2932/36 2048/2918/2042 2059/2933/2053
f 2106/2908/2100 2122/2932/36 2123/2934/2116
f 2106/2908/2100 2123/2934/2116 2105/2906/2099
f 2105/2906/2099 2123/2934/2116 2101/2935/2095
f 2122/2932/36 2059/2933/2053 2124/2936/2117
f 2122/2932/36 2124/2936/2117 2123/2934/2116
f 2124/2936/2117 2059/2933/2053 2125/2937/2118
f 2124/2936/2117 2125/2937/2118 2115/2938/2109
f 2124/2936/2117 2115/2938/2109 2123/2934/2116
f 2123/2934/2116 2115/2938/2109 2101/2935/2095
f 2101/2935/2095 2115/2938/2109 2112/2939/2106
f 2107/2940/2101 1996/2941/1990 2001/2942/1995
f 2107/2940/2101 2001/2942/1995 2126/2943/2119
f 2107/2940/2101 2126/2943/2119 2103/2944/2097
f 2126/2943/2119 2001/2942/1995 2006/2945/2000
f 2103/2944/2097 2126/2943/2119 2127/2946/2120
f 2127/2946/2120 2126/2943/2119 2006/2945/2000
f 2103/2944/2097 2127/2946/2120 2105/2947/2099
f 2103/2944/2097 2105/2947/2099 2101/2948/2095
f 2105/2947/2099 2127/2946/2120 2104/2949/2098
f 2000/2950/1994 2003/2951/1997 2006/2945/2000
f 2006/2945/2000 2003/2951/1997 2102/2952/2096
f 2006/2945/2000 2102/2952/2096 2127/2946/2120
f 2127/2946/2120 2102/2952/2096 2104/2949/2098
f 1998/2953/1992 1999/2954/1993 2102/2952/2096
f 2102/2952/2096 1999/2954/1993 2128/2955/2121
f 2102/2952/2096 2128/2955/2121 2104/2949/2098
f 2128/2955/2121 1999/2954/1993 2129/2956/2122
f 2128/2955/2121 2129/2956/2122 2130/2957/2123
f 2130/2957/2123 2129/2956/2122 2131/2958/2124
f 2104/2949/2098 2128/2955/2121 2132/2959/2125
f 2132/2959/2125 2128/2955/2121 2130/2957/2123
f 2132/2959/2125 2130/2957/2123 2131/2958/2124
f 2104/2949/2098 2132/2959/2125 2112/2960/2106
f 2112/2960/2106 2132/2959/2125 2131/2958/2124
f 2025/2961/2019 2133/2962/2126 2023/2963/2017
f 2133/2962/2126 2025/2961/2019 2028/2964/2022
f 2023/2963/2017 2133/2962/2126 2134/2965/2127
f 2023/2963/2017 2134/2965/2127 2020/2966/2014
f 2133/2962/2126 2028/2964/2022 2135/2967/2128
f 2134/2965/2127 2133/2962/2126 2136/2968/2129
f 2134/2965/2127 2136/2968/2129 2137/2969/2130
f 2134/2965/2127 2137/2969/2130 2138/2970/2131
f 2134/2965/2127 2138/2970/2131 2020/2966/2014
f 2137/2969/2130 2136/2968/2129 2139/2971/2132
f 2137/2969/2130 2139/2971/2132 2138/2970/2131
f 2136/2968/2129 2133/2962/2126 2140/2972/2133
f 2136/2968/2129 2140/2972/2133 2139/2971/2132
f 2140/2972/2133 2133/2962/2126 2141/2973/2134
f 2141/2973/2134 2133/2962/2126 2135/2967/2128
f 2139/2971/2132 2140/2972/2133 2142/2974/2135
f 2138/2970/2131 2139/2971/2132 2143/2975/2136
f 2143/2975/2136 2139/2971/2132 2142/2974/2135
f 2140/2972/2133 2141/2973/2134 2144/2976/2137
f 2140/2972/2133 2144/2976/2137 2142/2974/2135
f 2144/2976/2137 2141/2973/2134 2145/2977/2138
f 2142/2974/2135 2144/2976/2137 2146/2978/2139
f 2146/2978/2139 2144/2976/2137 2145/2977/2138
f 2147/2979/2140 2141/2973/2134 2135/2967/2128
f 2141/2973/2134 2147/2979/2140 2145/2977/2138
f 2147/2979/2140 2135/2967/2128 2148/2980/2141
f 2145/2977/2138 2147/2979/2140 2149/2981/2142
f 2149/2981/2142 2147/2979/2140 2148/2980/2141
f 2148/2980/2141 2135/2967/2128 2150/2982/2143
f 2150/2982/2143 2135/2967/2128 2028/2964/2022
f 2150/2982/2143 2028/2964/2022 2043/2983/2037
f 2150/2982/2143 2043/2983/2037 2095/2984/2089
f 2150/2982/2143 2095/2984/2089 2097/2985/2091
f 2150/2982/2143 2097/2985/2091 2148/2980/2141
f 2096/2986/2090 2060/2987/2054 2097/2985/2091
f 2097/2985/2091 2060/2987/2054 2151/2988/2144
f 2148/2980/2141 2097/2985/2091 2152/2989/2145
f 2152/2989/2145 2097/2985/2091 2151/2988/2144
f 2148/2980/2141 2152/2989/2145 2149/2981/2142
f 2152/2989/2145 2151/2988/2144 2153/2990/2146
f 2152/2989/2145 2153/2990/2146 2149/2981/2142
f 2153/2990/2146 2151/2988/2144 2154/2991/2147
f 2149/2981/2142 2153/2990/2146 2155/2992/2148
f 2149/2981/2142 2155/2992/2148 2145/2977/2138
f 2155/2992/2148 2153/2990/2146 2156/2993/2149
f 2156/2993/2149 2153/2990/2146 2154/2991/2147
f 2155/2992/2148 2156/2993/2149 2157/2994/2150
f 2157/2994/2150 2156/2993/2149 2158/2995/2151
f 2155/2992/2148 2157/2994/2150 2159/2996/2152
f 2155/2992/2148 2159/2996/2152 2145/2977/2138
f 2158/2995/2151 2156/2993/2149 2160/2997/2153
f 2160/2997/2153 2156/2993/2149 2154/2991/2147
f 2158/2995/2151 2160/2997/2153 2161/2998/2154
f 2145/2977/2138 2159/2996/2152 2146/2978/2139
f 2146/2978/2139 2159/2996/2152 2162/2999/2155
f 2162/2999/2155 2159/2996/2152 2163/3000/2156
f 2146/2978/2139 2162/2999/2155 2164/3001/2157
f 2164/3001/2157 2162/2999/2155 2165/3002/2158
f 2164/3001/2157 2165/3002/2158 2166/3003/2159
f 2146/2978/2139 2164/3001/2157 2167/3004/2160
f 2164/3001/2157 2166/3003/2159 2168/3005/2161
f 2164/3001/2157 2168/3005/2161 2167/3004/2160
f 2146/2978/2139 2167/3004/2160 2142/2974/2135
f 2168/3005/2161 2166/3003/2159 2169/3006/2162
f 2168/3005/2161 2169/3006/2162 2167/3004/2160
f 2142/2974/2135 2167/3004/2160 2170/3007/2163
f 2170/3007/2163 2167/3004/2160 2169/3006/2162
f 2142/2974/2135 2170/3007/2163 2143/2975/2136
f 2169/3006/2162 2166/3003/2159 2171/3008/2164
f 2171/3008/2164 2166/3003/2159 2172/3009/2165
f 2170/3007/2163 2169/3006/2162 2173/3010/2166
f 2173/3010/2166 2169/3006/2162 2171/3008/2164
f 2171/3008/2164 2172/3009/2165 2174/3011/2167
f 2174/3011/2167 2172/3009/2165 1449/3012/1449
f 2174/3011/2167 1449/3012/1449 2175/3013/2168
f 2171/3008/2164 2174/3011/2167 2176/3014/2169
f 2176/3014/2169 2174/3011/2167 2175/3013/2168
f 2171/3008/2164 2176/3014/2169 2173/3010/2166
f 2176/3014/2169 2175/3013/2168 2177/3015/2170
f 2176/3014/2169 2177/3015/2170 2178/3016/2171
f 2176/3014/2169 2178/3016/2171 2173/3010/2166
f 2178/3016/2171 2177/3015/2170 2179/3017/2172
f 2173/3010/2166 2178/3016/2171 2180/3018/2173
f 2173/3010/2166 2180/3018/2173 2170/3007/2163
f 2178/3016/2171 2179/3017/2172 2181/3019/2174
f 2178/3016/2171 2181/3019/2174 2180/3018/2173
f 2181/3019/2174 2179/3017/2172 2182/3020/2175
f 2170/3007/2163 2180/3018/2173 2183/3021/2176
f 2183/3021/2176 2180/3018/2173 2181/3019/2174
f 2170/3007/2163 2183/3021/2176 2143/2975/2136
f 2181/3019/2174 2182/3020/2175 2184/3022/2177
f 2181/3019/2174 2184/3022/2177 2183/3021/2176
f 2143/2975/2136 2183/3021/2176 2185/3023/2178
f 2185/3023/2178 2183/3021/2176 2184/3022/2177
f 2143/2975/2136 2185/3023/2178 2186/3024/2179
f 2143/2975/2136 2186/3024/2179 2138/2970/2131
f 2138/2970/2131 2186/3024/2179 2020/2966/2014
f 2185/3023/2178 2184/3022/2177 1663/3025/1662
f 1663/3025/1662 2184/3022/2177 2187/3026/2180
f 2186/3024/2179 2185/3023/2178 2188/3027/2181
f 2188/3027/2181 2185/3023/2178 1663/3025/1662
f 2020/2966/2014 2186/3024/2179 2189/3028/2182
f 2189/3028/2182 2186/3024/2179 2188/3027/2181
f 2188/3027/2181 1663/3025/1662 2190/3029/2183
f 2188/3027/2181 2190/3029/2183 2189/3028/2182
f 2020/2966/2014 2189/3028/2182 1700/3030/1699
f 1700/3030/1699 2189/3028/2182 2190/3029/2183
f 2020/2966/2014 1700/3030/1699 2017/3031/2011
f 2190/3029/2183 1663/3025/1662 1662/3032/1661
f 1700/3030/1699 2190/3029/2183 1699/3033/1698
f 2190/3029/2183 1662/3032/1661 2191/3034/2184
f 2190/3029/2183 2191/3034/2184 1699/3033/1698
f 1699/3033/1698 2191/3034/2184 1697/3035/1696
f 2191/3034/2184 1662/3032/1661 1618/3036/1617
f 1697/3035/1696 2191/3034/2184 1610/3037/1609
f 1610/3037/1609 2191/3034/2184 1618/3036/1617
f 1610/3037/1609 1618/3036/1617 1611/3038/1610
f 2192/3039/2185 1386/3040/1386 1385/3041/1385
f 1386/3040/1386 2192/3039/2185 2193/3042/2186
f 2193/3042/2186 2192/3039/2185 2194/3043/2187
f 2194/3043/2187 2192/3039/2185 2195/3044/2188
f 1386/3040/1386 2193/3042/2186 2196/3045/2189
f 2193/3042/2186 2194/3043/2187 2197/3046/2190
f 2193/3042/2186 2197/3046/2190 2196/3045/2189
f 2197/3046/2190 2194/3043/2187 2198/3047/2191
f 2198/3047/2191 2194/3043/2187 2195/3044/2188
f 2197/3046/2190 2198/3047/2191 2199/3048/2192
f 2198/3047/2191 2195/3044/2188 2200/3049/2193
f 2200/3049/2193 2195/3044/2188 2201/3050/2194
f 2201/3050/2194 2195/3044/2188 2202/3051/2195
f 2201/3050/2194 2202/3051/2195 2203/3052/2171
f 2198/3047/2191 2200/3049/2193 2204/3053/2196
f 2198/3047/2191 2204/3053/2196 2199/3048/2192
f 2200/3049/2193 2201/3050/2194 2205/3054/2197
f 2200/3049/2193 2205/3054/2197 2204/3053/2196
f 2201/3050/2194 2203/3052/2171 2206/3055/2198
f 2201/3050/2194 2206/3055/2198 2205/3054/2197
f 2204/3053/2196 2205/3054/2197 2207/3056/2199
f 2207/3056/2199 2205/3054/2197 2206/3055/2198
f 2199/3048/2192 2204/3053/2196 2208/3057/2200
f 2208/3057/2200 2204/3053/2196 2207/3056/2199
f 2208/3057/2200 2207/3056/2199 2209/3058/2201
f 2208/3057/2200 2209/3058/2201 1549/3059/1549
f 2208/3057/2200 1549/3059/1549 1548/3060/1548
f 2208/3057/2200 1548/3060/1548 2199/3048/2192
f 1549/3059/1549 2209/3058/2201 1558/3061/1558
f 1558/3061/1558 2209/3058/2201 2207/3056/2199
f 2199/3048/2192 1548/3060/1548 2210/3062/2202
f 2199/3048/2192 2210/3062/2202 2197/3046/2190
f 1544/3063/1544 1545/3064/1545 1548/3060/1548
f 1548/3060/1548 1545/3064/1545 2210/3062/2202
f 2210/3062/2202 1545/3064/1545 1546/3065/1546
f 2197/3046/2190 2210/3062/2202 2196/3045/2189
f 2210/3062/2202 1546/3065/1546 2211/3066/2203
f 2211/3066/2203 1546/3065/1546 1552/3067/1552
f 2196/3045/2189 2210/3062/2202 2212/3068/2204
f 2212/3068/2204 2210/3062/2202 2211/3066/2203
f 2211/3066/2203 1552/3067/1552 2213/3069/2205
f 2211/3066/2203 2213/3069/2205 2212/3068/2204
f 1644/3070/1643 1552/3067/1552 1553/3071/1553
f 1552/3067/1552 1644/3070/1643 2214/3072/2206
f 1552/3067/1552 2214/3072/2206 2213/3069/2205
f 2214/3072/2206 1644/3070/1643 2215/3073/2207
f 2214/3072/2206 2215/3073/2207 2213/3069/2205
f 2215/3073/2207 1644/3070/1643 1636/3074/1635
f 2212/3068/2204 2213/3069/2205 2216/3075/2208
f 2213/3069/2205 2215/3073/2207 2217/3076/2209
f 2213/3069/2205 2217/3076/2209 2216/3075/2208
f 2217/3076/2209 2215/3073/2207 2218/3077/2210
f 2215/3073/2207 1636/3074/1635 2219/3078/2211
f 2215/3073/2207 2219/3078/2211 2218/3077/2210
f 2219/3078/2211 1636/3074/1635 1635/3079/1634
f 2217/3076/2209 2218/3077/2210 2220/3080/2212
f 2217/3076/2209 2220/3080/2212 2216/3075/2208
f 2220/3080/2212 2218/3077/2210 2219/3078/2211
f 2221/3081/2213 2212/3068/2204 2216/3075/2208
f 2221/3081/2213 2216/3075/2208 2220/3080/2212
f 2220/3080/2212 2219/3078/2211 2222/3082/2214
f 2222/3082/2214 2219/3078/2211 1635/3079/1634
f 2221/3081/2213 2220/3080/2212 2223/3083/2215
f 2223/3083/2215 2220/3080/2212 2222/3082/2214
f 2212/3068/2204 2221/3081/2213 2224/3084/2216
f 2212/3068/2204 2224/3084/2216 2196/3045/2189
f 2224/3084/2216 2221/3081/2213 2225/3085/2217
f 2196/3045/2189 2224/3084/2216 2226/3086/2218
f 2196/3045/2189 2226/3086/2218 1386/3040/1386
f 1386/3040/1386 2226/3086/2218 1382/3087/1382
f 1382/3087/1382 2226/3086/2218 1383/3088/1383
f 1383/3088/1383 2226/3086/2218 2224/3084/2216
f 2224/3084/2216 2225/3085/2217 2227/3089/2219
f 2224/3084/2216 2227/3089/2219 1383/3088/1383
f 2228/3090/2220 2225/3085/2217 2221/3081/2213
f 2225/3085/2217 2228/3090/2220 2227/3089/2219
f 2228/3090/2220 2221/3081/2213 2223/3083/2215
f 1383/3088/1383 2227/3089/2219 2229/3091/2221
f 1383/3088/1383 2229/3091/2221 1377/3092/1377
f 1377/3092/1377 2229/3091/2221 1378/3093/1378
f 1378/3093/1378 2229/3091/2221 2230/3094/2222
f 2230/3094/2222 2229/3091/2221 2227/3089/2219
f 1378/3093/1378 2230/3094/2222 1380/3095/1380
f 2231/3096/2223 2227/3089/2219 2228/3090/2220
f 2227/3089/2219 2231/3096/2223 2230/3094/2222
f 2231/3096/2223 2228/3090/2220 2232/3097/2224
f 2232/3097/2224 2228/3090/2220 2223/3083/2215
f 2230/3094/2222 2231/3096/2223 2233/3098/2225
f 2230/3094/2222 2233/3098/2225 1380/3095/1380
f 2233/3098/2225 2231/3096/2223 2232/3097/2224
f 1450/3099/1450 1379/3100/1379 1380/3095/1380
f 1380/3095/1380 2233/3098/2225 2234/3101/2226
f 1380/3095/1380 2234/3101/2226 1450/3099/1450
f 2234/3101/2226 2233/3098/2225 2235/3102/2227
f 1450/3099/1450 2234/3101/2226 2175/3103/2168
f 2175/3103/2168 2234/3101/2226 2235/3102/2227
f 1450/3099/1450 2175/3103/2168 1449/3104/1449
f 2235/3102/2227 2233/3098/2225 2236/3105/2228
f 2235/3102/2227 2236/3105/2228 2175/3103/2168
f 2236/3105/2228 2233/3098/2225 2232/3097/2224
f 2175/3103/2168 2236/3105/2228 2177/3106/2170
f 2177/3106/2170 2236/3105/2228 2237/3107/2229
f 2177/3106/2170 2237/3107/2229 2179/3108/2172
f 2236/3105/2228 2232/3097/2224 2238/3109/2230
f 2236/3105/2228 2238/3109/2230 2237/3107/2229
f 2238/3109/2230 2232/3097/2224 2239/3110/2231
f 2239/3110/2231 2232/3097/2224 2223/3083/2215
f 2237/3107/2229 2238/3109/2230 2240/3111/2232
f 2240/3111/2232 2238/3109/2230 2239/3110/2231
f 2179/3108/2172 2237/3107/2229 2241/3112/2233
f 2241/3112/2233 2237/3107/2229 2240/3111/2232
f 2240/3111/2232 2239/3110/2231 2242/3113/2234
f 2239/3110/2231 2223/3083/2215 2243/3114/2235
f 2240/3111/2232 2242/3113/2234 2244/3115/2236
f 2240/3111/2232 2244/3115/2236 2241/3112/2233
f 2242/3113/2234 2239/3110/2231 2245/3116/2237
f 2242/3113/2234 2245/3116/2237 2244/3115/2236
f 2245/3116/2237 2239/3110/2231 2243/3114/2235
f 2243/3114/2235 2223/3083/2215 2222/3082/2214
f 2244/3115/2236 2245/3116/2237 2246/3117/2238
f 2241/3112/2233 2244/3115/2236 2247/3118/2239
f 2247/3118/2239 2244/3115/2236 2246/3117/2238
f 2241/3112/2233 2247/3118/2239 2248/3119/2240
f 2248/3119/2240 2247/3118/2239 2246/3117/2238
f 2249/3120/2241 2179/3108/2172 2241/3112/2233
f 2249/3120/2241 2241/3112/2233 2248/3119/2240
f 2179/3108/2172 2249/3120/2241 2182/3121/2175
f 2250/3122/2242 2245/3116/2237 2243/3114/2235
f 2245/3116/2237 2250/3122/2242 2246/3117/2238
f 2250/3122/2242 2243/3114/2235 2251/3123/2243
f 2251/3123/2243 2243/3114/2235 2222/3082/2214
f 2246/3117/2238 2250/3122/2242 2252/3124/2244
f 2252/3124/2244 2250/3122/2242 2251/3123/2243
f 2246/3117/2238 2252/3124/2244 2253/3125/2245
f 2246/3117/2238 2253/3125/2245 2248/3119/2240
f 2253/3125/2245 2252/3124/2244 2254/3126/2246
f 2254/3126/2246 2252/3124/2244 2251/3123/2243
f 2248/3119/2240 2253/3125/2245 2255/3127/2247
f 2255/3127/2247 2253/3125/2245 2254/3126/2246
f 2248/3119/2240 2255/3127/2247 2249/3120/2241
f 2255/3127/2247 2254/3126/2246 2256/3128/2248
f 2255/3127/2247 2256/3128/2248 2249/3120/2241
f 2256/3128/2248 2254/3126/2246 2251/3123/2243
f 2249/3120/2241 2256/3128/2248 2182/3121/2175
f 2182/3121/2175 2256/3128/2248 2187/3129/2180
f 2182/3121/2175 2187/3129/2180 2184/3130/2177
f 1663/3131/1662 2187/3129/2180 1660/3132/1659
f 1660/3132/1659 2187/3129/2180 1659/3133/1658
f 1659/3133/1658 2187/3129/2180 2256/3128/2248
f 2256/3128/2248 2251/3123/2243 2257/3134/2249
f 2256/3128/2248 2257/3134/2249 1659/3133/1658
f 2257/3134/2249 2251/3123/2243 2258/3135/2250
f 2258/3135/2250 2251/3123/2243 2222/3082/2214
f 1659/3133/1658 2257/3134/2249 1657/3136/1656
f 1659/3133/1658 1657/3136/1656 1656/3137/1655
f 2257/3134/2249 2258/3135/2250 2259/3138/2251
f 2257/3134/2249 2259/3138/2251 1657/3136/1656
f 1657/3136/1656 2259/3138/2251 1654/3139/1653
f 1657/3136/1656 1654/3139/1653 1653/3140/1652
f 1654/3139/1653 2259/3138/2251 2260/3141/2252
f 1654/3139/1653 2260/3141/2252 1649/3142/1648
f 1649/3142/1648 2260/3141/2252 1647/3143/1646
f 2260/3141/2252 2259/3138/2251 2261/3144/2253
f 2260/3141/2252 2261/3144/2253 1647/3143/1646
f 2261/3144/2253 2259/3138/2251 2258/3135/2250
f 1647/3143/1646 2261/3144/2253 1639/3145/1638
f 1647/3143/1646 1639/3145/1638 1641/3146/1640
f 1639/3145/1638 2261/3144/2253 1638/3147/1637
f 1638/3147/1637 2261/3144/2253 2258/3135/2250
f 1638/3147/1637 2258/3135/2250 2222/3082/2214
f 1638/3147/1637 2222/3082/2214 1635/3079/1634
f 1638/3147/1637 1635/3079/1634 1633/3148/1632
f 1146/3149/1146 2262/3150/2254 1143/3151/1143
f 928/3152/928 1563/3153/1563 1146/3149/1146
f 1146/3149/1146 1563/3153/1563 2262/3150/2254
f 2262/3150/2254 1563/3153/1563 1561/3154/1561
f 2262/3150/2254 1561/3154/1561 1560/3155/1560
f 1143/3151/1143 2262/3150/2254 2263/3156/2255
f 2263/3156/2255 2262/3150/2254 1560/3155/1560
f 1143/3151/1143 2263/3156/2255 2264/3157/2256
f 2263/3156/2255 1560/3155/1560 2265/3158/2257
f 2263/3156/2255 2265/3158/2257 2264/3157/2256
f 2265/3158/2257 1560/3155/1560 1558/3061/1558
f 1558/3061/1558 1560/3155/1560 1557/3159/1557
f 2265/3158/2257 1558/3061/1558 2207/3056/2199
f 2265/3158/2257 2207/3056/2199 2206/3055/2198
f 2265/3158/2257 2206/3055/2198 2264/3157/2256
f 1143/3151/1143 2264/3157/2256 1140/3160/1140
f 1140/3160/1140 2264/3157/2256 2206/3055/2198
f 1143/3151/1143 1140/3160/1140 1139/3161/1139
f 1140/3160/1140 2206/3055/2198 2266/3162/2258
f 1140/3160/1140 2266/3162/2258 1137/3163/1137
f 2266/3162/2258 2206/3055/2198 2203/3052/2171
f 1137/3163/1137 2266/3162/2258 2267/3164/2259
f 2267/3164/2259 2266/3162/2258 2203/3052/2171
f 1038/3165/1038 1040/3166/1040 1036/3167/1036
f 1036/3167/1036 1040/3166/1040 1413/3168/1413
f 1413/3168/1413 1040/3166/1040 2268/3169/2260
f 1413/3168/1413 2268/3169/2260 1412/3170/1412
f 2268/3169/2260 1040/3166/1040 2269/3171/2261
f 2269/3171/2261 1040/3166/1040 1130/3172/1130
f 2269/3171/2261 1130/3172/1130 1136/3173/1136
f 2269/3171/2261 1136/3173/1136 2268/3169/2260
f 1412/3170/1412 2268/3169/2260 2270/3174/2262
f 2270/3174/2262 2268/3169/2260 1136/3173/1136
f 1412/3170/1412 2270/3174/2262 1408/3175/1408
f 1408/3175/1408 2270/3174/2262 1407/3176/1407
f 2270/3174/2262 1136/3173/1136 2271/3177/2263
f 2270/3174/2262 2271/3177/2263 1407/3176/1407
f 2271/3177/2263 1136/3173/1136 2272/3178/2264
f 2272/3178/2264 1136/3173/1136 1137/3179/1137
f 2272/3178/2264 1137/3179/1137 2267/3180/2259
f 1407/3176/1407 2271/3177/2263 2273/3181/2265
f 1407/3176/1407 2273/3181/2265 1402/3182/1402
f 1402/3182/1402 2273/3181/2265 1400/3183/1400
f 2273/3181/2265 2271/3177/2263 2274/3184/2266
f 2271/3177/2263 2272/3178/2264 2275/3185/2267
f 2271/3177/2263 2275/3185/2267 2274/3184/2266
f 2275/3185/2267 2272/3178/2264 2267/3180/2259
f 2273/3181/2265 2274/3184/2266 2276/3186/2268
f 2276/3186/2268 2274/3184/2266 2275/3185/2267
f 1400/3183/1400 2273/3181/2265 2277/3187/2269
f 2277/3187/2269 2273/3181/2265 2276/3186/2268
f 1400/3183/1400 2277/3187/2269 1398/3188/1398
f 2275/3185/2267 2267/3180/2259 2278/3189/2270
f 2275/3185/2267 2278/3189/2270 2276/3186/2268
f 2278/3189/2270 2267/3180/2259 2203/3190/2171
f 2278/3189/2270 2203/3190/2171 2202/3191/2195
f 2276/3186/2268 2278/3189/2270 2279/3192/2271
f 2279/3192/2271 2278/3189/2270 2202/3191/2195
f 2276/3186/2268 2279/3192/2271 2277/3187/2269
f 2279/3192/2271 2202/3191/2195 2280/3193/2272
f 2280/3193/2272 2202/3191/2195 2195/3194/2188
f 2280/3193/2272 2195/3194/2188 2192/3195/2185
f 2279/3192/2271 2280/3193/2272 2281/3196/2273
f 2279/3192/2271 2281/3196/2273 2277/3187/2269
f 2280/3193/2272 2192/3195/2185 2282/3197/2274
f 2280/3193/2272 2282/3197/2274 2281/3196/2273
f 2282/3197/2274 2192/3195/2185 2283/3198/2275
f 2283/3198/2275 2192/3195/2185 1385/3199/1385
f 2283/3198/2275 1385/3199/1385 1387/3200/1387
f 2283/3198/2275 1387/3200/1387 1390/3201/1390
f 2282/3197/2274 2283/3198/2275 2284/3202/2276
f 2284/3202/2276 2283/3198/2275 1390/3201/1390
f 2282/3197/2274 2284/3202/2276 2285/3203/2277
f 2285/3203/2277 2284/3202/2276 1390/3201/1390
f 2282/3197/2274 2285/3203/2277 2281/3196/2273
f 2285/3203/2277 1390/3201/1390 1395/3204/1395
f 2281/3196/2273 2285/3203/2277 2286/3205/2278
f 2286/3205/2278 2285/3203/2277 1395/3204/1395
f 2281/3196/2273 2286/3205/2278 2277/3187/2269
f 2286/3205/2278 1395/3204/1395 1396/3206/1396
f 2277/3187/2269 2286/3205/2278 1398/3188/1398
f 1398/3188/1398 2286/3205/2278 1396/3206/1396
f 1029/3207/1029 1016/3208/1016 1017/3209/1017
f 1029/3207/1029 1017/3209/1017 2287/3210/2279
f 1029/3207/1029 2287/3210/2279 2288/3211/2280
f 1029/3207/1029 2288/3211/2280 1028/3212/1028
f 1028/3212/1028 2288/3211/2280 2289/3213/2281
f 2288/3211/2280 2287/3210/2279 2290/3214/2282
f 2288/3211/2280 2290/3214/2282 2289/3213/2281
f 2290/3214/2282 2287/3210/2279 2291/3215/2283
f 2289/3213/2281 2290/3214/2282 2292/3216/2284
f 2290/3214/2282 2291/3215/2283 2293/3217/2285
f 2290/3214/2282 2293/3217/2285 2292/3216/2284
f 2293/3217/2285 2291/3215/2283 2294/3218/2286
f 2292/3216/2284 2293/3217/2285 2295/3219/2287
f 2292/3216/2284 2295/3219/2287 2296/3220/2288
f 2296/3220/2288 2295/3219/2287 2297/3221/2289
f 2295/3219/2287 2293/3217/2285 2298/3222/2290
f 2295/3219/2287 2298/3222/2290 2297/3221/2289
f 2298/3222/2290 2293/3217/2285 2294/3218/2286
f 2297/3221/2289 2298/3222/2290 2299/3223/2291
f 2299/3223/2291 2298/3222/2290 2294/3218/2286
f 1018/3224/1018 1019/3225/1019 1017/3226/1017
f 1017/3226/1017 1019/3225/1019 2287/3227/2279
f 2287/3227/2279 1019/3225/1019 2291/3228/2283
f 2291/3228/2283 1019/3225/1019 2300/3229/2292
f 2300/3229/2292 1019/3225/1019 1020/3230/1020
f 2300/3229/2292 1020/3230/1020 1058/3231/1058
f 1058/3231/1058 1020/3230/1020 1022/3232/1022
f 1058/3231/1058 1022/3232/1022 1052/3233/1052
f 2300/3229/2292 1058/3231/1058 1059/3234/1059
f 2300/3229/2292 1059/3234/1059 2301/3235/2293
f 2300/3229/2292 2301/3235/2293 2302/3236/2294
f 2300/3229/2292 2302/3236/2294 2303/3237/2295
f 2300/3229/2292 2303/3237/2295 2291/3228/2283
f 2303/3237/2295 2302/3236/2294 2304/3238/2296
f 2291/3228/2283 2303/3237/2295 2305/3239/2297
f 2291/3228/2283 2305/3239/2297 2294/3240/2286
f 2294/3240/2286 2305/3239/2297 2299/3241/2291
f 2299/3241/2291 2305/3239/2297 2297/3242/2289
f 2297/3242/2289 2305/3239/2297 2303/3237/2295
f 2297/3242/2289 2303/3237/2295 2306/3243/2298
f 2297/3242/2289 2306/3243/2298 2296/3244/2288
f 2306/3243/2298 2303/3237/2295 2307/3245/2299
f 2296/3244/2288 2306/3243/2298 2292/3246/2284
f 2292/3246/2284 2306/3243/2298 2307/3245/2299
f 2292/3246/2284 2307/3245/2299 2289/3247/2281
f 1028/3248/1028 2289/3249/2281 1025/3250/1025
f 1025/3250/1025 2289/3249/2281 1023/3251/1023
f 1023/3251/1023 2289/3249/2281 2308/3252/2300
f 1023/3251/1023 2308/3252/2300 1053/3253/1053
f 1053/3253/1053 2308/3252/2300 1054/3254/1054
f 1054/3254/1054 2308/3252/2300 2301/3255/2293
f 1054/3254/1054 2301/3255/2293 2309/3256/2301
f 2309/3256/2301 2301/3255/2293 1059/3257/1059
f 2309/3256/2301 1059/3257/1059 1060/3258/1060
f 2301/3255/2293 2308/3252/2300 2310/3259/2302
f 2310/3259/2302 2308/3252/2300 2311/3260/2303
f 2301/3255/2293 2310/3259/2302 2312/3261/2304
f 2301/3255/2293 2312/3261/2304 2302/3262/2294
f 2302/3262/2294 2312/3261/2304 2313/3263/2305
f 2313/3263/2305 2312/3261/2304 2314/3264/2306
f 2314/3264/2306 2312/3261/2304 2315/3265/2307
f 2315/3265/2307 2312/3261/2304 2310/3259/2302
f 2314/3264/2306 2315/3265/2307 2316/3266/2308
f 2310/3259/2302 2311/3260/2303 2317/3267/2309
f 2310/3259/2302 2317/3267/2309 2315/3265/2307
f 2315/3265/2307 2317/3267/2309 2316/3266/2308
f 2317/3267/2309 2311/3260/2303 2318/3268/2310
f 2317/3267/2309 2318/3268/2310 2316/3266/2308
f 2304/3269/2296 2307/3270/2299 2303/3271/2295
f 2308/3272/2300 2289/3273/2281 2307/3270/2299
f 2308/3272/2300 2307/3270/2299 2311/3274/2303
f 2307/3270/2299 2304/3269/2296 2319/3275/2311
f 2307/3270/2299 2319/3275/2311 2311/3274/2303
f 2319/3275/2311 2304/3269/2296 2320/3276/2312
f 2320/3276/2312 2304/3269/2296 2302/3277/2294
f 2320/3276/2312 2302/3277/2294 2313/3278/2305
f 2319/3275/2311 2320/3276/2312 2321/3279/1314
f 2319/3275/2311 2321/3279/1314 2311/3274/2303
f 2320/3276/2312 2313/3278/2305 2322/3280/2313
f 2320/3276/2312 2322/3280/2313 2321/3279/1314
f 2322/3280/2313 2313/3278/2305 2314/3281/2306
f 2322/3280/2313 2314/3281/2306 2316/3282/2308
f 2322/3280/2313 2316/3282/2308 2321/3279/1314
f 2311/3274/2303 2321/3279/1314 2323/3283/2314
f 2323/3283/2314 2321/3279/1314 2316/3282/2308
f 2311/3274/2303 2323/3283/2314 2318/3284/2310
f 2318/3284/2310 2323/3283/2314 2316/3282/2308
f 1060/3285/1060 1062/3286/1062 2324/3287/2315
f 2324/3287/2315 1062/3286/1062 1056/3288/1056
f 1060/3285/1060 2324/3287/2315 2309/3289/2301
f 2324/3287/2315 1056/3288/1056 1054/3290/1054
f 2324/3287/2315 1054/3290/1054 2309/3289/2301
f 1433/3291/1433 1435/3292/1435 1504/3293/1504
f 1504/3293/1504 1435/3292/1435 2325/3294/2316
f 1504/3293/1504 2325/3294/2316 1503/3295/1503
f 2325/3294/2316 1435/3292/1435 2326/3296/2317
f 2326/3296/2317 1435/3292/1435 1438/3297/1438
f 1503/3295/1503 2325/3294/2316 2327/3298/2318
f 2327/3298/2318 2325/3294/2316 2326/3296/2317
f 2326/3296/2317 1438/3297/1438 1441/3299/1441
f 2327/3298/2318 2326/3296/2317 2328/3300/2319
f 2328/3300/2319 2326/3296/2317 1441/3299/1441
f 1503/3295/1503 2327/3298/2318 2329/3301/2320
f 2329/3301/2320 2327/3298/2318 2330/3302/2321
f 2330/3302/2321 2327/3298/2318 2328/3300/2319
f 1503/3295/1503 2329/3301/2320 2331/3303/2322
f 1503/3295/1503 2331/3303/2322 1499/3304/1499
f 1499/3304/1499 2331/3303/2322 1498/3305/1498
f 2331/3303/2322 2329/3301/2320 2332/3306/2323
f 2331/3303/2322 2332/3306/2323 1498/3305/1498
f 2332/3306/2323 2329/3301/2320 2330/3302/2321
f 1498/3305/1498 2332/3306/2323 2333/3307/2324
f 1498/3305/1498 2333/3307/2324 1494/3308/1494
f 2332/3306/2323 2330/3302/2321 2334/3309/2325
f 2332/3306/2323 2334/3309/2325 2333/3307/2324
f 1494/3308/1494 2333/3307/2324 2335/3310/2326
f 2335/3310/2326 2333/3307/2324 2334/3309/2325
f 1494/3308/1494 2335/3310/2326 1496/3311/1496
f 2334/3309/2325 2330/3302/2321 2336/3312/2327
f 2334/3309/2325 2336/3312/2327 2335/3310/2326
f 1496/3311/1496 2335/3310/2326 2337/3313/2328
f 2337/3313/2328 2335/3310/2326 2336/3312/2327
f 1496/3311/1496 2337/3313/2328 2163/3314/2156
f 2336/3312/2327 2330/3302/2321 2338/3315/2329
f 2163/3314/2156 2337/3313/2328 2165/3316/2158
f 2163/3314/2156 2165/3316/2158 2162/3317/2155
f 2337/3313/2328 2336/3312/2327 2339/3318/2330
f 2337/3313/2328 2339/3318/2330 2165/3316/2158
f 2339/3318/2330 2336/3312/2327 2338/3315/2329
f 2165/3316/2158 2339/3318/2330 2340/3319/2331
f 2340/3319/2331 2339/3318/2330 2338/3315/2329
f 2165/3316/2158 2340/3319/2331 2166/3320/2159
f 2338/3315/2329 2330/3302/2321 2328/3300/2319
f 2166/3320/2159 2340/3319/2331 2172/3321/2165
f 2340/3319/2331 2338/3315/2329 2341/3322/2332
f 2340/3319/2331 2341/3322/2332 2172/3321/2165
f 2338/3315/2329 2328/3300/2319 2342/3323/2333
f 2338/3315/2329 2342/3323/2333 2341/3322/2332
f 2172/3321/2165 2341/3322/2332 2343/3324/2334
f 2172/3321/2165 2343/3324/2334 1449/3325/1449
f 1449/3325/1449 2343/3324/2334 1447/3326/1447
f 2343/3324/2334 2341/3322/2332 2344/3327/2335
f 2343/3324/2334 2344/3327/2335 1447/3326/1447
f 2344/3327/2335 2341/3322/2332 2342/3323/2333
f 1447/3326/1447 2344/3327/2335 1445/3328/1445
f 1445/3328/1445 2344/3327/2335 1444/3329/1444
f 2344/3327/2335 2342/3323/2333 2345/3330/2336
f 2344/3327/2335 2345/3330/2336 2346/3331/2337
f 2346/3331/2337 2345/3330/2336 2342/3323/2333
f 2344/3327/2335 2346/3331/2337 1444/3329/1444
f 2346/3331/2337 2342/3323/2333 2328/3300/2319
f 2346/3331/2337 2328/3300/2319 1441/3299/1441
f 2346/3331/2337 1441/3299/1441 1444/3329/1444
f 1444/3329/1444 1441/3299/1441 1440/3332/1440
f 2347/3333/2338 1814/3334/1811 1810/3335/1807
f 1814/3334/1811 2347/3333/2338 1840/3336/1837
f 2347/3333/2338 1810/3335/1807 1812/3337/1809
f 2347/3333/2338 1812/3337/1809 1840/3336/1837
f 1490/3338/1490 1493/3339/1493 1717/3340/1716
f 1717/3340/1716 1493/3339/1493 1727/3341/1726
f 1727/3341/1726 1493/3339/1493 2348/3342/2339
f 2348/3342/2339 1493/3339/1493 1495/3343/1495
f 1727/3341/1726 2348/3342/2339 1734/3344/1733
f 2348/3342/2339 1495/3343/1495 1497/3345/1497
f 1734/3344/1733 2348/3342/2339 2349/3346/2340
f 1734/3344/1733 2349/3346/2340 2350/3347/2341
f 2349/3346/2340 2348/3342/2339 2351/3348/2342
f 2351/3348/2342 2348/3342/2339 1497/3345/1497
f 1496/3349/1496 2163/3350/2156 1497/3345/1497
f 1497/3345/1497 2163/3350/2156 2352/3351/2343
f 2352/3351/2343 2163/3350/2156 2157/3352/2150
f 2157/3352/2150 2163/3350/2156 2159/3353/2152
f 1497/3345/1497 2352/3351/2343 2353/3354/2344
f 2353/3354/2344 2352/3351/2343 2157/3352/2150
f 1497/3345/1497 2353/3354/2344 2351/3348/2342
f 2353/3354/2344 2157/3352/2150 2158/3355/2151
f 2354/3356/2345 2349/3346/2340 2351/3348/2342
f 2349/3346/2340 2354/3356/2345 2355/3357/2346
f 2355/3357/2346 2354/3356/2345 2356/3358/2347
f 2354/3356/2345 2351/3348/2342 2357/3359/2348
f 2353/3354/2344 2158/3355/2151 2358/3360/2349
f 2358/3360/2349 2158/3355/2151 2161/3361/2154
f 2358/3360/2349 2161/3361/2154 2359/3362/2350
f 2358/3360/2349 2359/3362/2350 2356/3358/2347
f 2356/3358/2347 2359/3362/2350 2360/3363/2351
f 2356/3358/2347 2360/3363/2351 2361/3364/443
f 2361/3364/443 2360/3363/2351 2362/3365/2352
f 2363/3366/2353 2356/3358/2347 2354/3356/2345
f 2363/3366/2353 2354/3356/2345 2357/3359/2348
f 2358/3360/2349 2356/3358/2347 2364/3367/2354
f 2364/3367/2354 2356/3358/2347 2363/3366/2353
f 2358/3360/2349 2364/3367/2354 2365/3368/2355
f 2363/3366/2353 2357/3359/2348 2366/3369/2356
f 2366/3369/2356 2357/3359/2348 2351/3348/2342
f 2366/3369/2356 2351/3348/2342 2353/3354/2344
f 2364/3367/2354 2363/3366/2353 2367/3370/2357
f 2364/3367/2354 2367/3370/2357 2365/3368/2355
f 2367/3370/2357 2363/3366/2353 2366/3369/2356
f 2358/3360/2349 2365/3368/2355 2368/3371/2358
f 2358/3360/2349 2368/3371/2358 2353/3354/2344
f 2368/3371/2358 2365/3368/2355 2367/3370/2357
f 2353/3354/2344 2368/3371/2358 2366/3369/2356
f 2366/3369/2356 2368/3371/2358 2367/3370/2357
f 2349/3372/2340 2369/3373/2359 2350/3374/2341
f 2370/3375/2360 2371/3376/2361 2369/3373/2359
f 2369/3373/2359 2349/3372/2340 2372/3377/2362
f 2369/3373/2359 2372/3377/2362 2370/3375/2360
f 2370/3375/2360 2372/3377/2362 2373/3378/2363
f 2370/3375/2360 2373/3378/2363 2374/3379/2364
f 2372/3377/2362 2349/3372/2340 2375/3380/2365
f 2375/3380/2365 2349/3372/2340 2355/3381/2346
f 2373/3378/2363 2372/3377/2362 2376/3382/2366
f 2376/3382/2366 2372/3377/2362 2375/3380/2365
f 2373/3378/2363 2376/3382/2366 2377/3383/2367
f 2375/3380/2365 2355/3381/2346 2361/3384/443
f 2377/3383/2367 2376/3382/2366 2378/3385/2368
f 2378/3385/2368 2376/3382/2366 2375/3380/2365
f 2375/3380/2365 2361/3384/443 2362/3386/2352
f 2375/3380/2365 2362/3386/2352 2378/3385/2368
f 2378/3385/2368 2362/3386/2352 2379/3387/2369
f 2350/3388/2341 2369/3389/2359 2371/3390/2361
f 2350/3388/2341 2371/3390/2361 2380/3391/2370
f 2380/3391/2370 2371/3390/2361 2377/3392/2367
f 2380/3391/2370 2377/3392/2367 2381/3393/2371
f 2377/3392/2367 2371/3390/2361 2374/3394/2364
f 2377/3392/2367 2374/3394/2364 2373/3395/2363
f 2374/3394/2364 2371/3390/2361 2370/3396/2360
f 1905/3397/1900 1891/3398/1886 1888/3399/1883
f 1891/3398/1886 1905/3397/1900 2382/3400/2372
f 1891/3398/1886 2382/3400/2372 2383/3401/2373
f 1891/3398/1886 2383/3401/2373 1893/3402/1888
f 1891/3398/1886 1893/3402/1888 1889/3403/1884
f 1893/3402/1888 2383/3401/2373 2384/3404/2374
f 2384/3404/2374 2383/3401/2373 2385/3405/2375
f 2384/3404/2374 2385/3405/2375 2386/3406/2376
f 1893/3402/1888 2384/3404/2374 1898/3407/1893
f 1898/3407/1893 2384/3404/2374 2386/3406/2376
f 1893/3402/1888 1898/3407/1893 1892/3408/1887
f 1898/3407/1893 2386/3406/2376 1904/3409/1899
f 1898/3407/1893 1904/3409/1899 1894/3410/1889
f 1904/3409/1899 2386/3406/2376 2387/3411/2377
f 1904/3409/1899 2387/3411/2377 1897/3412/1892
f 2388/3413/2378 1819/3414/1816 1820/3415/1817
f 1819/3414/1816 2388/3413/2378 2382/3416/2372
f 2388/3413/2378 1820/3415/1817 2389/3417/2379
f 2388/3413/2378 2389/3417/2379 2390/3418/2380
f 2382/3416/2372 2388/3413/2378 2383/3419/2373
f 2388/3413/2378 2390/3418/2380 2391/3420/2381
f 2388/3413/2378 2391/3420/2381 2383/3419/2373
f 2383/3419/2373 2391/3420/2381 2385/3421/2375
f 1907/3422/1902 1812/3423/1809 1816/3424/1813
f 1812/3423/1809 1907/3422/1902 1840/3425/1837
f 1840/3425/1837 1907/3422/1902 1906/3426/1901
f 1816/3427/1813 1818/3428/1815 1907/3429/1902
f 1734/3430/1733 2350/3431/2341 1818/3428/1815
f 1818/3428/1815 2350/3431/2341 2380/3432/2370
f 1818/3428/1815 2380/3432/2370 1907/3429/1902
f 1907/3429/1902 2380/3432/2370 1962/3433/1956
f 1962/3433/1956 2380/3432/2370 2381/3434/2371
f 1907/3429/1902 1962/3433/1956 1902/3435/1897
f 1902/3435/1897 1962/3433/1956 1851/3436/1847
f 1819/3437/1816 2392/3438/2382 1818/3439/1815
f 1821/3440/1818 1734/3441/1733 1818/3439/1815
f 1821/3440/1818 1818/3439/1815 2392/3438/2382
f 2392/3438/2382 1819/3437/1816 2393/3442/2383
f 2393/3442/2383 1819/3437/1816 2382/3443/2372
f 2393/3442/2383 2382/3443/2372 2391/3444/2381
f 1821/3440/1818 2392/3438/2382 2394/3445/2384
f 2392/3438/2382 2393/3442/2383 2395/3446/2385
f 2392/3438/2382 2395/3446/2385 2394/3445/2384
f 2393/3442/2383 2391/3444/2381 2396/3447/2386
f 2393/3442/2383 2396/3447/2386 2395/3446/2385
f 2396/3447/2386 2391/3444/2381 2390/3448/2380
f 2396/3447/2386 2390/3448/2380 2389/3449/2379
f 1820/3450/1817 1821/3440/1818 2389/3449/2379
f 2395/3446/2385 2396/3447/2386 2397/3451/2387
f 2395/3446/2385 2397/3451/2387 2394/3445/2384
f 2397/3451/2387 2396/3447/2386 2389/3449/2379
f 2394/3445/2384 2397/3451/2387 1821/3440/1818
f 1821/3440/1818 2397/3451/2387 2389/3449/2379
f 2385/3452/2375 2382/3453/2372 1904/3454/1899
f 2382/3453/2372 2385/3452/2375 2391/3455/2381
f 1904/3454/1899 2382/3453/2372 1905/3456/1900
f 1904/3454/1899 1905/3456/1900 1903/3457/1898
f 2385/3452/2375 1904/3454/1899 2398/3458/2388
f 2398/3458/2388 1904/3454/1899 1897/3459/1892
f 2398/3458/2388 1897/3459/1892 2399/3460/2389
f 2385/3452/2375 2398/3458/2388 2400/3461/2390
f 2385/3452/2375 2400/3461/2390 2386/3462/2376
f 2398/3458/2388 2399/3460/2389 2401/3463/2391
f 2398/3458/2388 2401/3463/2391 2400/3461/2390
f 2401/3463/2391 2399/3460/2389 2402/3464/2392
f 2386/3462/2376 2400/3461/2390 2403/3465/2393
f 2403/3465/2393 2400/3461/2390 2401/3463/2391
f 2403/3465/2393 2401/3463/2391 2402/3464/2392
f 2386/3462/2376 2403/3465/2393 2387/3466/2377
f 2403/3465/2393 2402/3464/2392 2404/3467/2394
f 2387/3466/2377 2403/3465/2393 1955/3468/1949
f 1955/3468/1949 2403/3465/2393 2404/3467/2394
f 1955/3468/1949 2404/3467/2394 1954/3469/1948
f 1954/3469/1948 2404/3467/2394 1953/3470/1947
f 1954/3469/1948 1953/3470/1947 1952/3471/1946
f 1963/3472/1957 1962/3473/1956 2405/3474/2395
f 2406/3475/2396 2355/3476/2346 1962/3473/1956
f 1962/3473/1956 2355/3476/2346 2407/3477/2397
f 1962/3473/1956 2407/3477/2397 2405/3474/2395
f 2407/3477/2397 2355/3476/2346 2356/3478/2347
f 2407/3477/2397 2356/3478/2347 2361/3479/443
f 2405/3474/2395 2407/3477/2397 2406/3480/2396
f 2406/3480/2396 2407/3477/2397 2361/3479/443
f 2405/3474/2395 2406/3480/2396 2408/3481/2398
f 2406/3480/2396 2361/3479/443 2355/3482/2346
f 2406/3483/2396 1962/3484/1956 2381/3485/2371
f 2406/3483/2396 2381/3485/2371 2362/3486/2352
f 2406/3483/2396 2362/3486/2352 2408/3487/2398
f 2362/3486/2352 2381/3485/2371 2379/3488/2369
f 2379/3488/2369 2381/3485/2371 2377/3489/2367
f 2379/3488/2369 2377/3489/2367 2378/3490/2368
f 2408/3487/2398 2362/3486/2352 2409/3491/2399
f 2409/3491/2399 2362/3486/2352 2360/3492/2351
f 2409/3491/2399 2360/3492/2351 2359/3493/2350
f 2408/3487/2398 2409/3491/2399 2410/3494/2400
f 2410/3494/2400 2409/3491/2399 2359/3493/2350
f 2408/3487/2398 2410/3494/2400 2405/3495/2395
f 2410/3494/2400 2359/3493/2350 2411/3496/2401
f 2411/3496/2401 2359/3493/2350 2161/3497/2154
f 2412/3498/2402 2413/3499/2403 2414/3500/2404
f 2414/3500/2404 2413/3499/2403 2415/3501/2405
f 2414/3500/2404 2415/3501/2405 2416/3502/2406
f 2416/3502/2406 2415/3501/2405 2417/3503/2407
f 2416/3502/2406 2417/3503/2407 2418/3504/2408
f 2416/3502/2406 2418/3504/2408 2414/3500/2404
f 2418/3504/2408 2417/3503/2407 2419/3505/2409
f 2412/3498/2402 2414/3500/2404 2420/3506/2410
f 2420/3506/2410 2414/3500/2404 2418/3504/2408
f 2420/3506/2410 2418/3504/2408 2419/3505/2409
f 2412/3498/2402 2420/3506/2410 2421/3507/2411
f 2410/3508/2400 2421/3507/2411 2422/3509/2412
f 2422/3509/2412 2421/3507/2411 2423/3510/2413
f 2423/3510/2413 2421/3507/2411 2420/3506/2410
f 2423/3510/2413 2420/3506/2410 2419/3505/2409
f 2423/3510/2413 2419/3505/2409 1999/3511/1993
f 2423/3510/2413 1999/3511/1993 2424/3512/2414
f 1999/3511/1993 2419/3505/2409 2425/3513/2415
f 1999/3511/1993 2425/3513/2415 2129/3514/2122
f 2129/3514/2122 2425/3513/2415 2426/3515/2416
f 2426/3515/2416 2425/3513/2415 2419/3505/2409
f 2426/3515/2416 2419/3505/2409 2427/3516/2417
f 2428/3517/2418 2405/3518/2395 2410/3519/2400
f 2428/3517/2418 2410/3519/2400 2421/3520/2411
f 2405/3518/2395 2428/3517/2418 1963/3521/1957
f 1963/3521/1957 2428/3517/2418 1997/3522/1991
f 1997/3522/1991 2428/3517/2418 2424/3523/2414
f 1997/3522/1991 2424/3523/2414 1999/3524/1993
f 2429/3525/2419 2413/3526/2403 2412/3527/2402
f 2429/3525/2419 2412/3527/2402 2421/3528/2411
f 2413/3526/2403 2429/3525/2419 2430/3529/2420
f 2413/3526/2403 2430/3529/2420 2415/3530/2405
f 2415/3530/2405 2430/3529/2420 2417/3531/2407
f 2417/3531/2407 2430/3529/2420 2419/3532/2409
f 2419/3532/2409 2430/3529/2420 2427/3533/2417
f 2430/3529/2420 2429/3525/2419 2431/3534/2421
f 2430/3529/2420 2431/3534/2421 2427/3533/2417
f 2431/3534/2421 2429/3525/2419 2421/3528/2411
f 2427/3533/2417 2431/3534/2421 2432/3535/2422
f 2431/3534/2421 2421/3528/2411 2433/3536/2423
f 2433/3536/2423 2421/3528/2411 2428/3537/2418
f 2431/3534/2421 2433/3536/2423 2434/3538/2424
f 2431/3534/2421 2434/3538/2424 2435/3539/2425
f 2433/3536/2423 2428/3537/2418 2436/3540/172
f 2433/3536/2423 2436/3540/172 2434/3538/2424
f 2436/3540/172 2428/3537/2418 2422/3541/2412
f 2434/3538/2424 2436/3540/172 2437/3542/2426
f 2422/3543/2412 2410/3544/2400 2098/3545/2092
f 2098/3545/2092 2410/3544/2400 2411/3546/2401
f 2422/3543/2412 2098/3545/2092 2099/3547/2093
f 2422/3543/2412 2099/3547/2093 2428/3548/2418
f 2428/3548/2418 2099/3547/2093 2424/3549/2414
f 2411/3550/2401 2438/3551/2427 2439/3552/2428
f 2438/3551/2427 2411/3550/2401 2161/2998/2154
f 2438/3551/2427 2161/2998/2154 2160/2997/2153
f 2439/3552/2428 2438/3551/2427 2440/3553/2429
f 2440/3553/2429 2438/3551/2427 2160/2997/2153
f 2439/3552/2428 2440/3553/2429 2441/3554/2430
f 2441/3554/2430 2440/3553/2429 2160/2997/2153
f 2411/3550/2401 2439/3552/2428 2442/3555/2431
f 2442/3555/2431 2439/3552/2428 2441/3554/2430
f 2442/3555/2431 2441/3554/2430 2160/2997/2153
f 2411/3550/2401 2442/3555/2431 2098/3556/2092
f 2442/3555/2431 2160/2997/2153 2154/2991/2147
f 2442/3555/2431 2154/2991/2147 2098/3556/2092
f 2098/3556/2092 2154/2991/2147 2060/3557/2054
f 2435/3558/2425 2434/3559/2424 2437/3560/2426
f 2435/3558/2425 2437/3560/2426 2443/3561/2432
f 2443/3561/2432 2437/3560/2426 2436/3562/172
f 2435/3558/2425 2443/3561/2432 2444/3563/2433
f 1897/3564/1892 2387/3565/2377 1898/3566/1893
f 1898/3566/1893 2387/3565/2377 1910/3567/1905
f 1910/3567/1905 2387/3565/2377 1956/3568/1950
f 1956/3568/1950 2387/3565/2377 1955/3569/1949
f 2399/3570/2389 1897/3571/1892 2445/3572/2434
f 2445/3572/2434 1897/3571/1892 1949/3573/1943
f 2399/3570/2389 2445/3572/2434 2402/3574/2392
f 2445/3572/2434 1949/3573/1943 1953/3575/1947
f 2402/3574/2392 2445/3572/2434 2404/3576/2394
f 2404/3576/2394 2445/3572/2434 1953/3575/1947
f 2424/3577/2414 2099/3578/2093 2446/3579/2435
f 2446/3579/2435 2099/3578/2093 2101/3580/2095
f 2424/3577/2414 2446/3579/2435 2423/3581/2413
f 2446/3579/2435 2101/3580/2095 2112/3582/2106
f 2446/3579/2435 2112/3582/2106 2432/3583/2422
f 2446/3579/2435 2432/3583/2422 2423/3581/2413
f 2432/3583/2422 2112/3582/2106 2131/3584/2124
f 2423/3581/2413 2432/3583/2422 2444/3585/2433
f 2423/3581/2413 2444/3585/2433 2422/3586/2412
f 2422/3586/2412 2444/3585/2433 2443/3587/2432
f 2422/3586/2412 2443/3587/2432 2436/3588/172
f 2444/3585/2433 2432/3583/2422 2435/3589/2425
f 2435/3589/2425 2432/3583/2422 2431/3590/2421
f 2432/3583/2422 2131/3584/2124 2427/3591/2417
f 2427/3591/2417 2131/3584/2124 2426/3592/2416
f 2426/3592/2416 2131/3584/2124 2129/3593/2122
f 2447/3594/2436 2151/3595/2144 2448/3596/2437
f 2151/3595/2144 2447/3594/2436 2449/3597/2438
f 2151/3595/2144 2449/3597/2438 2154/3598/2147
f 2449/3597/2438 2447/3594/2436 2450/3599/2439
f 2450/3599/2439 2447/3594/2436 2451/3600/2440
f 2450/3599/2439 2451/3600/2440 2452/3601/2441
f 2450/3599/2439 2452/3601/2441 2449/3597/2438
f 2452/3601/2441 2451/3600/2440 2453/3602/2442
f 2154/3598/2147 2449/3597/2438 2125/3603/2118
f 2125/3603/2118 2449/3597/2438 2452/3601/2441
f 2154/3598/2147 2125/3603/2118 2060/3604/2054
f 2060/3604/2054 2125/3603/2118 2059/3605/2053
f 2125/3603/2118 2452/3601/2441 2114/3606/2108
f 2125/3603/2118 2114/3606/2108 2115/3607/2109
f 2114/3606/2108 2452/3601/2441 2454/3608/2443
f 2454/3608/2443 2452/3601/2441 2453/3602/2442
f 2114/3606/2108 2454/3608/2443 2116/3609/2110
f 2454/3608/2443 2453/3602/2442 2120/3610/2114
f 2454/3608/2443 2120/3610/2114 2116/3609/2110
f 2120/3610/2114 2453/3602/2442 2058/3611/2052
f 2116/3609/2110 2120/3610/2114 2118/3612/2112
f 2057/3613/2051 2455/3614/2444 2151/3615/2144
f 2057/3613/2051 2151/3615/2144 2060/3616/2054
f 2151/3615/2144 2455/3614/2444 2448/3617/2437
f 2455/3614/2444 2057/3613/2051 2456/3618/2445
f 2456/3618/2445 2057/3613/2051 2055/3619/2049
f 2448/3617/2437 2455/3614/2444 2457/3620/2446
f 2457/3620/2446 2455/3614/2444 2456/3618/2445
f 2448/3617/2437 2457/3620/2446 2458/3621/2447
f 2448/3617/2437 2458/3621/2447 2451/3622/2440
f 2448/3617/2437 2451/3622/2440 2447/3623/2436
f 2451/3622/2440 2458/3621/2447 2459/3624/2448
f 2459/3624/2448 2458/3621/2447 2457/3620/2446
f 2451/3622/2440 2459/3624/2448 2453/3625/2442
f 2457/3620/2446 2456/3618/2445 2460/3626/2449
f 2460/3626/2449 2456/3618/2445 2055/3619/2049
f 2457/3620/2446 2460/3626/2449 2459/3624/2448
f 2460/3626/2449 2055/3619/2049 2461/3627/2450
f 2460/3626/2449 2461/3627/2450 2459/3624/2448
f 2461/3627/2450 2055/3619/2049 2063/3628/2057
f 2453/3625/2442 2459/3624/2448 2462/3629/2451
f 2462/3629/2451 2459/3624/2448 2461/3627/2450
f 2462/3629/2451 2461/3627/2450 2063/3628/2057
f 2453/3625/2442 2462/3629/2451 2058/3630/2052
f 2058/3630/2052 2462/3629/2451 2056/3631/2050
f 2056/3631/2050 2462/3629/2451 2067/3632/2061
f 2067/3632/2061 2462/3629/2451 2063/3628/2057
f 2067/3632/2061 2063/3628/2057 2064/3633/2058
f 2463/3634/2452 2047/3635/2041 2043/3636/2037
f 2463/3634/2452 2043/3636/2037 2045/3637/2039
f 2463/3634/2452 2045/3637/2039 2053/3638/2047
f 2463/3634/2452 2053/3638/2047 2047/3635/2041
f 2047/3635/2041 2053/3638/2047 2048/3639/2042
f 2048/3639/2042 2053/3638/2047 2054/3640/2048
f 2048/3639/2042 2054/3640/2048 2058/3641/2052
f 2048/3639/2042 2058/3641/2052 2059/3642/2053
f 2058/3641/2052 2054/3640/2048 2120/3643/2114
f 1763/3644/1762 1842/3645/1839 1714/3646/1713
f 1763/3644/1762 1714/3646/1713 1712/3647/1711
f 1763/3644/1762 1712/3647/1711 1762/3648/1761
