mtllib FallenTree.mtl
o tripo_node_28c1d69c-3e8f-4bbc-bf89-29382bc329c4
g tripo_node_28c1d69c-3e8f-4bbc-bf89-29382bc329c4
usemtl tripo_material_28c1d69c_3e8f_4bbc_bf89_29382bc329c4
v 0.208068818 0.223342881 -0.491744995
vt 0.397949219 0.193847656
vn 0.039393175 -0.299389005 -0.953317583
v 0.251251191 0.231117234 -0.490341187
vt 0.383789062 0.221435547
vn 0.801783681 -0.267261267 -0.534522653
v 0.213348359 0.221664414 -0.471115112
vt 0.382080078 0.188476562
vn 0.149379626 -0.974898219 0.165103748
v 0.198913544 0.284515381 -0.491134644
vt 0.429931641 0.216064453
vn 0.371265978 0.347568274 -0.861021459
v 0.179672211 0.221000656 -0.492599487
vt 0.411132812 0.169189453
vn 0.180738464 -0.369335353 -0.911550999
v 0.230285615 0.241302475 -0.427352905
vt 0.348632812 0.183105469
vn 0.408525437 -0.887757063 0.212118939
v 0.247665375 0.244544968 -0.447616577
vt 0.352783203 0.209228516
vn 0.810094893 0.582010090 -0.070785120
v 0.240112275 0.250709534 -0.436843872
vt 0.345214844 0.196777344
vn -0.709079146 -0.543627381 0.449083596
v 0.227508515 0.244674668 -0.428298950
vt 0.345947266 0.185546875
vn 0.565092623 0.745608509 -0.353183061
v 0.224639878 0.239067078 -0.396041870
vt 0.326904297 0.179931641
vn 0.597186208 -0.801486611 0.031430803
v 0.198638886 0.227355942 -0.444351196
vt 0.371337891 0.164306641
vn 0.141890764 -0.985352218 0.094593838
v 0.188110322 0.229026780 -0.488449097
vt 0.398437500 0.182128906
vn -0.047385272 -0.995091856 0.086873151
v 0.186920136 0.226470932 -0.437301636
vt 0.384765625 0.164062500
vn 0.448471516 -0.881207168 -0.149490520
v 0.177612275 0.224159226 -0.487838745
vt 0.404785156 0.171875000
vn 0.851582527 -0.520411491 -0.063080274
v 0.186813325 0.223724350 -0.461441040
vt 0.391601562 0.156494141
vn 0.810898006 -0.558968484 -0.173201606
v 0.232986420 0.250617981 -0.466171265
vt 0.902587891 0.036865234
vn 0.315971226 -0.797827125 0.513453126
v 0.238708466 0.233238205 -0.486984253
vt 0.909423828 0.052978516
vn 0.520541012 0.772924542 0.362801224
v 0.244995087 0.240379319 -0.461654663
vt 0.900878906 0.069580078
vn -0.880934536 0.456198156 -0.125847667
v 0.225128144 0.241607651 -0.435745239
vt 0.938720703 0.052490234
vn 0.031430844 0.958640933 0.282877594
v 0.225540131 0.262718201 -0.436325073
vt 0.937500000 0.031982422
vn 0.678787649 -0.663001835 0.315715104
vt 0.944580078 0.058837891
v 0.227630585 0.262348175 -0.418716431
vt 0.966796875 0.072265625
vn -0.976620197 -0.189023301 -0.102387458
vt 0.016845703 0.196777344
vt 0.016845703 0.215576172
vt 0.005615234 0.198242188
vt 0.004882812 0.220947266
vt 0.026855469 0.220947266
vt 0.050781250 0.227294922
vt 0.020996094 0.183837891
vt 0.050781250 0.175781250
v 0.212112397 0.277309418 -0.464065552
vt 0.031982422 0.217041016
vn 0.901220977 0.339934260 -0.268785328
vt 0.417236328 0.133300781
v 0.221206635 0.274936676 -0.427261353
vt 0.403808594 0.100830078
vn 0.919295549 0.392861366 -0.023571819
vt 0.414794922 0.119628906
vt 0.384765625 0.122558594
v 0.224243134 0.280986786 -0.436416626
vt 0.397705078 0.101562500
vn 0.692484200 -0.700353265 -0.173121110
v 0.232940644 0.294719696 -0.419723511
vt 0.390625000 0.086914062
vn 0.857922137 -0.511604905 0.047224984
v 0.215591401 0.283874512 -0.409561157
vt 0.401611328 0.080566406
vn 0.849525213 -0.180917352 0.495556206
v 0.238052338 0.310381889 -0.411270142
vt 0.380859375 0.073974609
vn 0.685677409 -0.606863856 0.401948750
v 0.232467622 0.262523651 -0.425613403
vt 0.413330078 0.100097656
vn 0.999504447 0.031480499 -0.000000132
vt 0.420410156 0.111816406
v 0.225463852 0.269577026 -0.409713745
vt 0.417236328 0.088867188
vn 0.722552717 0.644014418 0.251322567
vt 0.421630859 0.106445312
v 0.229568467 0.265476227 -0.386337280
vt 0.440673828 0.079345703
vn -0.786840856 0.582262218 0.204578698
vt 0.435791016 0.104980469
v 0.231140122 0.259208679 -0.374038696
vt 0.454833984 0.075439453
vn 0.957783818 -0.235520557 0.164864302
vt 0.448730469 0.091064453
v 0.222549424 0.241706848 -0.397689819
vt 0.267333984 0.177001953
vn -0.722085238 0.690690160 0.039243825
vt 0.269531250 0.207031250
v 0.193710297 0.228538498 -0.435073853
vt 0.251953125 0.208984375
vn -0.354155153 0.928673387 0.110181600
v 0.200424165 0.245178208 -0.442977905
vt 0.261474609 0.216552734
vn 0.384766787 -0.855909586 0.345504731
vt 0.285400391 0.187744141
v 0.201660141 0.240943909 -0.411453247
vt 0.251464844 0.238037109
vn 0.463504881 -0.856305540 0.227824390
v 0.170959458 0.219764709 -0.424118042
vt 0.241455078 0.224121094
vn 0.621970177 -0.755811810 0.204698980
vt 0.286376953 0.172851562
vt 0.285156250 0.166503906
vt 0.267333984 0.173828125
v 0.204055771 0.232803345 -0.377792358
vt 0.247558594 0.167480469
vn -0.377859145 0.921031535 0.094464794
v 0.185470566 0.220062256 -0.365249634
vt 0.232421875 0.156494141
vn 0.470765680 -0.878762484 0.078460917
v 0.168930039 0.216384888 -0.371810913
vt 0.219238281 0.167724609
vn -0.490766943 0.870715499 0.031662408
v 0.163299546 0.211349487 -0.351089478
vt 0.214599609 0.153076172
vn 0.987999916 -0.062730104 0.141142711
v 0.169296250 0.215278625 -0.402420044
vt 0.220458984 0.189453125
vn 0.564137876 -0.814865828 -0.133199275
v 0.161773667 0.205932617 -0.398361206
vt 0.208984375 0.185546875
vn 0.188462898 0.981577873 -0.031410560
v 0.160430893 0.211357117 -0.406906128
vt 0.209472656 0.191162109
vn 0.919551134 -0.377251714 0.110031657
v 0.161346421 0.220932007 -0.361282349
vt 0.180664062 0.187011719
vn 0.998607934 0.023589209 0.047178198
vt 0.680664062 0.172607422
vt 0.673583984 0.163085938
v 0.219375581 0.245109558 -0.422592163
vt 0.688232422 0.165283203
vn 0.464610219 -0.874097109 0.141745448
vt 0.688232422 0.180908203
vt 0.702148438 0.165527344
v 0.217407212 0.247123718 -0.407821655
vt 0.694335938 0.158203125
vn 0.690690279 -0.651446342 0.313950032
vt 0.682373047 0.155761719
v 0.222732529 0.262359619 -0.402481079
vt 0.689208984 0.144531250
vn 0.613945007 -0.125937343 0.779237628
vt 0.678466797 0.144042969
vt 0.685302734 0.136474609
v 0.197494492 0.248611450 -0.387741089
vt 0.709716797 0.149169922
vn 0.339934349 -0.268785179 0.901220977
v 0.207931504 0.294622421 -0.396224976
vt 0.696289062 0.118164062
vn 0.622781456 -0.165549412 0.764680862
vt 0.685791016 0.123535156
v 0.217056260 0.297868729 -0.399978638
vt 0.691162109 0.113769531
vn 0.672593892 -0.672593832 0.308601826
v 0.224731430 0.309927940 -0.399459839
vt 0.685546875 0.106201172
vn 0.813042581 -0.378893554 0.442042440
v 0.193878159 0.289602280 -0.389541626
vt 0.710205078 0.119384766
vn 0.737442136 -0.580539465 0.345185578
v 0.164840683 0.229942322 -0.389694214
vt 0.735107422 0.159423828
vn 0.700245023 -0.605829835 0.377660155
v 0.169815049 0.247375488 -0.390335083
vt 0.728759766 0.147949219
vn 0.560132861 -0.276121706 0.781030118
v 0.162414536 0.233489990 -0.367782593
vt 0.747314453 0.148437500
vn 0.919607937 -0.369415104 0.133618131
v 0.176361069 0.279151917 -0.331893921
vt 0.751953125 0.104003906
vn 0.891617715 -0.418192327 0.173589170
vt 0.725341797 0.181152344
vt 0.753662109 0.154541016
vt 0.739990234 0.175537109
v 0.180801377 0.220237717 -0.426071167
vt 0.416015625 0.846679688
vn 0.346790195 -0.937909722 0.007881590
vt 0.403808594 0.867187500
vt 0.404296875 0.850585938
vt 0.389648438 0.826416016
vt 0.402832031 0.802001953
vt 0.425292969 0.795898438
vt 0.422363281 0.828857422
vt 0.425292969 0.844482422
vt 0.396728516 0.892578125
vt 0.420166016 0.852294922
v 0.164764374 0.268215179 -0.491378784
vt 0.372802734 0.916503906
vn -0.086873233 0.047385279 -0.995091856
v 0.162689179 0.227096543 -0.489944458
vt 0.395751953 0.905273438
vn -0.047190130 -0.007865045 -0.998854995
v 0.170516938 0.211677536 -0.488723755
vt 0.407714844 0.898437500
vn 0.803623140 -0.590899348 -0.070908003
v 0.163421601 0.203071579 -0.459732056
vt 0.426757812 0.883056641
vn 0.764135063 -0.638092041 0.094532102
vt 0.442626953 0.851562500
v 0.155303940 0.199539185 -0.409255981
vt 0.456542969 0.861816406
vn 0.695940435 -0.648489833 -0.308428198
v 0.133377060 0.181747422 -0.410171509
vt 0.473876953 0.877441406
vn 0.568570673 -0.821268797 -0.047380932
v 0.167129487 0.211624131 -0.492355347
vt 0.407714844 0.903808594
vn 0.086700097 -0.078818426 -0.993111670
v 0.143615693 0.228584275 -0.490127563
vt 0.386474609 0.915283203
vn -0.007871708 0.023614686 -0.999690175
v 0.112709016 0.221412644 -0.494155884
vt 0.378417969 0.932128906
vn -0.047416519 0.079027265 -0.995744109
v 0.155609101 0.189590439 -0.485946655
vt 0.427001953 0.906494141
vn 0.592316568 -0.805550456 -0.015795151
v 0.124587983 0.172393784 -0.487899780
vt 0.446777344 0.927246094
vn 0.415715069 -0.886335850 -0.203935698
v 0.117996193 0.173095688 -0.424728394
vt 0.481445312 0.892578125
vn 0.489480555 -0.868433118 0.078948431
v 0.094551072 0.166595444 -0.406845093
vt 0.504638672 0.891845703
vn 0.180872664 -0.983003378 0.031456131
vt 0.892578125 0.591552734
vt 0.882812500 0.584472656
v 0.225662202 0.282543182 -0.489974976
vt 0.875976562 0.552978516
vn 0.745815217 -0.471041262 -0.471041322
v 0.265502900 0.351882935 -0.488510132
vt 0.916503906 0.550048828
vn 0.818999171 -0.393749624 -0.417374730
v 0.254486054 0.332464218 -0.447311401
vt 0.912353516 0.573730469
vn 0.954651833 -0.252469838 0.157793567
v 0.246597260 0.318705797 -0.415786743
vt 0.908447266 0.593750000
vn 0.958581746 -0.117858350 0.259288371
v 0.265594453 0.354335785 -0.478469849
vt 0.920654297 0.554687500
vn 0.830434501 0.501394451 0.242862806
v 0.247650117 0.353401184 -0.429977417
vt 0.927734375 0.582031250
vn 0.787377179 0.543290257 0.291329443
v 0.237884492 0.354015350 -0.402908325
vt 0.930175781 0.597412109
vn 0.753457069 0.604335427 0.259000748
v 0.240692109 0.314624786 -0.401504517
vt 0.911865234 0.601562500
vn 0.994595706 -0.015787186 0.102616891
v 0.239715561 0.339427948 -0.372482300
vt 0.927490234 0.614501953
vn 0.395038009 -0.063206010 0.916487873
v 0.230194062 0.338191986 -0.490707397
vt 0.900146484 0.535156250
vn 0.031479351 -0.007869913 -0.999473512
v 0.237396196 0.381164551 -0.489913940
vt 0.922607422 0.529052734
vn 0.510640860 0.290672570 -0.809169590
v 0.198730439 0.291868210 -0.489639282
vt 0.869873047 0.538330078
vn -0.015744260 0.015744084 -0.999752104
v 0.189437836 0.367618561 -0.494003296
vt 0.905761719 0.508300781
vn 0.015810767 -0.086959973 -0.996086419
v 0.189880326 0.390670776 -0.494461060
vt 0.916503906 0.504638672
vn 0.023612401 0.015741648 -0.999597251
v 0.223342866 0.337642670 -0.488754272
vt 0.898437500 0.531738281
vn -0.047098447 -0.062797800 -0.996914387
v 0.190277070 0.356864929 -0.489974976
vt 0.899414062 0.512207031
vn 0.007871446 -0.023614772 -0.999690175
v 0.149826020 0.363536835 -0.491928101
vt 0.904296875 0.489013672
vn -0.039409321 -0.110345781 -0.993111670
v 0.108093224 0.353111237 -0.490158081
vt 0.893066406 0.470458984
vn -0.000000131 -0.000000044 -1.000000000
vt 0.832031250 0.516113281
vt 0.846923828 0.529785156
vt 0.828857422 0.521728516
vt 0.864257812 0.542968750
vt 0.830078125 0.535400391
v 0.227340668 0.322439194 -0.487167358
vt 0.948730469 0.051025391
vn 0.551728725 -0.717247307 0.425619245
v 0.222290009 0.283023834 -0.487411499
vt 0.956054688 0.020751953
vn -0.818086445 0.369712174 0.440508217
v 0.251953095 0.333450317 -0.486373901
vt 0.961425781 0.049072266
vn -0.897304058 0.377812207 0.228261650
v 0.252960175 0.336803436 -0.454605103
vt 0.969970703 0.062500000
vn -0.094620228 -0.993512928 0.063080244
v 0.246765107 0.324322224 -0.428176880
vt 0.983642578 0.056152344
vn -0.895779192 0.440031856 -0.062861599
v 0.232604951 0.300296783 -0.443862915
vt 0.981933594 0.030273438
vn -0.718767166 0.647680223 -0.252753228
v 0.210647553 0.297315598 -0.486740112
vt 0.946533203 0.026855469
vn 0.893483102 -0.403253376 0.197673127
vt 0.984619141 0.019042969
v 0.206176728 0.284580231 -0.489212036
vt 0.948486328 0.020507812
vn 0.664057553 -0.703584850 -0.252974391
vt 0.955566406 0.018554688
vt 0.943603516 0.014892578
vt 0.053955078 0.475830078
vt 0.058105469 0.491699219
v 0.216995209 0.286163330 -0.475387573
vt 0.052490234 0.483642578
vn 0.877230525 -0.260798275 -0.403051972
vt 0.039062500 0.471435547
vt 0.024169922 0.476074219
vt 0.063476562 0.487304688
vt 0.066650391 0.485351562
vt 0.068603516 0.486816406
v 0.220916718 0.313683987 -0.460739136
vt 0.039062500 0.490234375
vn 0.877952278 -0.368426353 -0.305715591
vt 0.050537109 0.506103516
v 0.243759125 0.323320389 -0.423690796
vt 0.020507812 0.491943359
vn 0.795152366 -0.299166262 -0.527477443
vt 0.017822266 0.492187500
v 0.247802705 0.336721420 -0.441940308
vt 0.024414062 0.502441406
vn 0.574731946 -0.803050101 -0.157460853
vt 0.024169922 0.509765625
v 0.332855225 0.240097046 -0.311569214
vt 0.343017578 0.019775391
vn 0.867325664 -0.031539053 0.496740907
v 0.323394775 0.232841492 -0.316879272
vt 0.351318359 0.024658203
vn -0.629122138 -0.762810707 0.149416655
v 0.325958252 0.243553162 -0.330520630
vt 0.351318359 0.034423828
vn 0.338477641 0.306991458 -0.889488161
v 0.304901123 0.270687103 -0.292221069
vt 0.373535156 0.008056641
vn -0.023516443 -0.478170395 0.877952278
v 0.304260254 0.266593933 -0.313308716
vt 0.372314453 0.030761719
vn -0.622491360 -0.063037157 -0.780083954
v 0.290863037 0.275215149 -0.294479370
vt 0.380859375 0.017333984
vn -0.849472582 -0.519122183 0.094385982
v 0.304168701 0.287174225 -0.311080933
vt 0.383056641 0.029296875
vn -0.308120042 -0.711046100 -0.632040858
vt 0.691162109 0.996826172
v 0.319000244 0.266082764 -0.307113647
vt 0.674560547 0.987792969
vn 0.840619504 0.494944245 -0.219975322
vt 0.692138672 0.984863281
vt 0.667480469 0.977539062
vt 0.670654297 0.998046875
v 0.324371338 0.287851334 -0.324691772
vt 0.042480469 0.591796875
vn -0.299537867 -0.748844504 -0.591192901
v 0.315490723 0.276844025 -0.293563843
vt 0.039306641 0.572998047
vn 0.912481129 -0.251718909 0.322514743
vt 0.050781250 0.584228516
v 0.342620850 0.276397705 -0.295700133
vt 0.025878906 0.585205078
vn 0.433044076 -0.858214498 0.275573432
v 0.325439453 0.291707993 -0.314285278
vt 0.020996094 0.571533203
vn 0.353183031 0.745608568 0.565092623
v 0.300964355 0.286403656 -0.298568726
vt 0.024169922 0.541992188
vn 0.321699858 0.541397214 0.776787162
vt 0.049804688 0.570800781
vt 0.066650391 0.574707031
vt 0.049804688 0.550537109
v 0.311584473 0.279777527 -0.267288208
vt 0.039550781 0.556152344
vn -0.086772934 0.354980648 0.930837989
v 0.356018066 0.290912628 -0.336685240
vt 0.975097656 0.119384766
vn 0.706561923 0.541697443 0.455339730
v 0.340148926 0.281017303 -0.319839478
vt 0.963623047 0.125976562
vn 0.635964513 -0.541747451 0.549598813
v 0.353424072 0.278995514 -0.342605650
vt 0.976806641 0.107910156
vn -0.267849505 -0.480553418 -0.835059941
v 0.331146240 0.298725128 -0.327041626
vt 0.983886719 0.130371094
vn 0.676390052 0.637065053 0.369654924
vt 0.974365234 0.137695312
vt 0.951660156 0.130859375
vt 0.970214844 0.156005859
v 0.307189941 0.306488991 -0.313613892
vt 0.985595703 0.147705078
vn 0.582821786 0.677333415 0.448930174
v 0.301025391 0.310422421 -0.307662964
vt 0.987792969 0.152587891
vn 0.252666682 0.426374912 0.868541360
vt 0.547119141 0.020751953
vt 0.535644531 0.019042969
vt 0.550292969 0.005859375
vt 0.532226562 0.012207031
vt 0.548583984 0.034667969
vt 0.978759766 0.941650391
vt 0.974365234 0.948242188
v 0.327117890 0.328239441 -0.351791382
vt 0.974365234 0.918701172
vn -0.031527463 -0.323155403 -0.945820630
v 0.321838349 0.332086563 -0.339736938
vt 0.982666016 0.919677734
vn 0.338645726 0.732419729 0.590660989
vt 0.995849609 0.939453125
v 0.311096191 0.311031818 -0.330642700
vt 0.062500000 0.984619141
vn -0.378657818 -0.299770772 -0.875645936
vt 0.080322266 0.987548828
vt 0.056396484 0.999755859
vt 0.076904297 0.980712891
vt 0.056152344 0.974853516
v 0.330749512 0.306343079 -0.293594360
vt 0.782470703 0.919189453
vn 0.566718400 -0.779237807 0.267616987
v 0.305877686 0.305214882 -0.298843384
vt 0.775634766 0.906494141
vn -0.235702351 -0.612825930 -0.754247189
v 0.328521729 0.309427261 -0.312576294
vt 0.790771484 0.915283203
vn 0.369746417 0.039334711 -0.928299844
v 0.327636719 0.324104309 -0.289352417
vt 0.784423828 0.930664062
vn 0.558553278 0.479883820 0.676557362
v 0.310211182 0.306812286 -0.281326294
vt 0.771728516 0.919433594
vn 0.275522321 -0.818694592 0.503812075
v 0.271087646 0.303299904 -0.286087036
vt 0.753906250 0.905761719
vn -0.007884530 -0.954028547 -0.299612254
v 0.261199951 0.306897163 -0.255935669
vt 0.740722656 0.919921875
vn 0.465549499 -0.568128049 0.678597271
v 0.236495972 0.296024323 -0.274795532
vt 0.732421875 0.899902344
vn 0.007872745 -0.763661265 -0.645569205
v 0.226867676 0.293312073 -0.257431030
vt 0.720947266 0.903320312
vn 0.419290215 -0.893958211 0.158222675
v 0.226425171 0.297618866 -0.232452407
vt 0.716796875 0.916992188
vn 0.599243283 -0.236543298 0.764823437
v 0.201324463 0.284313202 -0.261428833
vt 0.711669922 0.890380859
vn 0.023612512 -0.889405429 -0.456508934
v 0.212036133 0.302948952 -0.271804810
vt 0.724853516 0.887207031
vn 0.284596026 -0.727301180 -0.624530375
v 0.206146240 0.293643951 -0.216476455
vt 0.701660156 0.920654297
vn 0.741445899 -0.205080688 0.638905287
v 0.199645996 0.281131744 -0.233993545
vt 0.697998047 0.903320312
vn 0.550447881 -0.833535314 -0.047181275
v 0.177368164 0.283565521 -0.198852554
vt 0.681152344 0.917480469
vn 0.647135496 -0.678703010 0.347243369
v 0.180419922 0.289871216 -0.182174698
vt 0.676757812 0.926025391
vn 0.981789827 -0.094251767 0.164940551
v 0.175643921 0.291759491 -0.263839722
vt 0.702392578 0.876953125
vn 0.465187460 -0.835760593 -0.291727781
v 0.172592163 0.270835876 -0.195251480
vt 0.671386719 0.912597656
vn 0.904810965 -0.409131855 0.118018717
v 0.165222168 0.263988495 -0.245101929
vt 0.680908203 0.883056641
vn 0.770198584 -0.589437604 -0.243634313
v 0.166976944 0.246376038 -0.157089233
vt 0.648193359 0.927246094
vn 0.928213537 -0.361845940 -0.086528488
v 0.158737183 0.247596741 -0.282272339
vt 0.678466797 0.859863281
vn 0.987810552 0.063219912 -0.142244846
v 0.166259766 0.257068634 -0.209472656
vt 0.666992188 0.899414062
vn 0.904474974 -0.424709976 -0.039325099
v 0.157974258 0.219078064 -0.140899658
vt 0.629638672 0.935058594
vn 0.899284184 -0.433865160 -0.055219308
v 0.157852173 0.219619751 -0.209396362
vt 0.642578125 0.893310547
vn 0.908162057 -0.418544233 0.007896962
v 0.164825439 0.244674683 -0.247756958
vt 0.665771484 0.876708984
vn 0.985903800 -0.165631786 -0.023661811
v 0.163574219 0.242668152 -0.286666870
vt 0.674316406 0.856689453
vn 0.999009490 -0.031464823 -0.031464998
v 0.156723022 0.212532043 -0.306808472
vt 0.662353516 0.838134766
vn 0.935587883 -0.345931649 0.070758641
v 0.161956787 0.222663879 -0.311508179
vt 0.667236328 0.837402344
vn 0.996730089 0.039241381 -0.070634544
v 0.158538818 0.222602844 -0.314010620
vt 0.667968750 0.835693359
vn 0.964387178 0.258738041 -0.054883961
vt 0.780029297 0.055175781
vt 0.764892578 0.063232422
vt 0.763183594 0.049072266
v 0.294616699 0.302065849 -0.323287964
vt 0.775634766 0.042480469
vn 0.629608989 -0.181012616 -0.755530953
v 0.285308838 0.316231728 -0.339889526
vt 0.789794922 0.042480469
vn -0.471987665 -0.503453493 -0.723714232
v 0.285675049 0.299722672 -0.320449829
vt 0.776855469 0.036621094
vn -0.297922432 -0.909447432 -0.290082306
v 0.264617920 0.306444168 -0.315383911
vt 0.782958984 0.024169922
vn -0.703145564 0.711045980 0.000000061
vt 0.009765625 0.032958984
vt 0.004150391 0.012939453
v 0.283233613 0.331354141 -0.348281860
vt 0.021240234 0.016601562
vn 0.379449606 0.924908459 0.023715511
vt 0.025390625 0.007812500
v 0.286865234 0.320858479 -0.325027466
vt 0.029541016 0.025634766
vn -0.653340936 0.527395606 -0.543138683
v 0.285278320 0.343921661 -0.319839478
vt 0.033935547 0.039550781
vn 0.741353452 0.630939186 -0.228715569
vt 0.009521484 0.039062500
v 0.288848877 0.305735588 -0.317153931
vt 0.037109375 0.025878906
vn -0.581291258 0.620567739 0.526304364
vt 0.043457031 0.008544922
vt 0.873291016 0.062744141
v 0.227890000 0.298563004 -0.394241333
vt 0.868652344 0.071777344
vn -0.966677666 -0.243634254 0.078591816
v 0.237365693 0.315609694 -0.403518677
vt 0.859863281 0.071044922
vn -0.864241600 -0.015713500 0.502831638
v 0.239761338 0.312840462 -0.382736206
vt 0.875000000 0.084228516
vn 0.314483404 -0.731173635 0.605380356
vt 0.882324219 0.109619141
vt 0.878662109 0.072021484
vt 0.879394531 0.062011719
vt 0.872802734 0.049560547
vt 0.850830078 0.060058594
vt 0.850585938 0.039794922
v 0.227325410 0.338062286 -0.392959595
vt 0.838867188 0.075195312
vn 0.944413722 -0.062960848 0.322674543
v 0.234161347 0.350223541 -0.400772095
vt 0.116699219 0.359863281
vn -0.628442347 -0.652009010 0.424198776
vt 0.124267578 0.357421875
vt 0.122070312 0.375000000
vt 0.099853516 0.359619141
v 0.218765244 0.355937958 -0.369216919
vt 0.098632812 0.346191406
vn 0.671795130 0.474208385 0.569049895
v 0.224105820 0.343074799 -0.363174438
vt 0.107910156 0.344970703
vn 0.832814753 0.314269751 0.455690920
vt 0.077880859 0.361083984
v 0.194030747 0.360836029 -0.367874146
vt 0.100097656 0.326171875
vn 0.795226336 0.370055854 0.480285078
v 0.194381699 0.376426697 -0.370101929
vt 0.092773438 0.326171875
vn 0.668587029 0.684318483 0.291031897
v 0.194854721 0.383956909 -0.361984253
vt 0.091064453 0.319335938
vn 0.936398566 0.236066937 0.259673446
v 0.183853135 0.360092163 -0.318496704
vt 0.099121094 0.292724609
vn 0.942518294 0.133523464 0.306318313
vt 0.997070312 0.000976562
v 0.310028076 0.269557953 -0.341903687
vt 0.979492188 0.014404297
vn 0.871721745 0.180627063 -0.455494374
v 0.290740967 0.283901215 -0.337905884
vt 0.982421875 0.000000000
vn -0.535366654 -0.810923159 0.236191332
vt 0.999755859 0.013916016
vt 0.786132812 0.015625000
vt 0.791748047 0.013916016
vt 0.792724609 0.028564453
v 0.276916504 0.295736313 -0.299087524
vt 0.262695312 0.118408203
vn -0.849104941 -0.511035442 0.133655548
vt 0.263671875 0.098144531
vt 0.277343750 0.108642578
vt 0.270507812 0.090820312
vt 0.286621094 0.086914062
vt 0.277343750 0.124755859
v 0.264648438 0.288795471 -0.309249878
vt 0.256591797 0.110351562
vn -0.354759902 -0.882957995 -0.307458490
vt 0.245361328 0.110351562
vt 0.240966797 0.125244141
v 0.285247803 0.298675537 -0.293502808
vt 0.261230469 0.125244141
vn -0.063125245 0.544456005 0.836410701
vt 0.272216797 0.134765625
vt 0.282470703 0.133789062
vt 0.251953125 0.136230469
v 0.278503418 0.341112137 -0.311233521
vt 0.232910156 0.141601562
vn -0.781248987 -0.031565625 0.623421073
vt 0.227294922 0.133056641
vt 0.228271484 0.150146484
v 0.221221909 0.306377411 -0.372787476
vt 0.379882812 0.859863281
vn 0.808820188 -0.486862600 0.329810053
vt 0.391845703 0.845458984
vt 0.395996094 0.851806641
vt 0.397216797 0.862060547
vt 0.393798828 0.881591797
vt 0.384521484 0.835693359
vt 0.373046875 0.884277344
v 0.182388291 0.297636032 -0.312271118
vt 0.333984375 0.847900391
vn 0.770770073 -0.558414936 0.306734949
v 0.201553330 0.335784912 -0.326034546
vt 0.344482422 0.876220703
vn 0.873015046 0.007865059 0.487629890
vt 0.340820312 0.831542969
v 0.192703232 0.346767426 -0.340194702
vt 0.348144531 0.888427734
vn 0.674930334 0.643538237 0.361009151
vt 0.363037109 0.897216797
v 0.189712510 0.313921690 -0.313430786
vt 0.335449219 0.860107422
vn 0.854987442 -0.517698765 0.031375598
vt 0.333984375 0.904541016
v 0.187408432 0.330035210 -0.301010132
vt 0.326416016 0.877929688
vn 0.718050718 0.583909452 0.378751934
v 0.196716294 0.322577953 -0.294235229
vt 0.324951172 0.869384766
vn 0.935819268 -0.220192701 0.275240809
v 0.180374131 0.302536011 -0.297836304
vt 0.323974609 0.852294922
vn 0.897721410 -0.401612163 0.181119114
v 0.175827011 0.294195175 -0.292221069
vt 0.318359375 0.845947266
vn 0.971247733 -0.236889645 -0.023689084
v 0.180374146 0.297376633 -0.267288208
vt 0.306640625 0.853027344
vn 0.149768785 0.804022491 -0.575427949
v 0.178344727 0.312103271 -0.266494751
vt 0.306396484 0.862548828
vn 0.613716722 0.393408239 -0.684530318
v 0.186706528 0.324559212 -0.283065796
vt 0.315185547 0.871093750
vn 0.927897930 0.172997966 0.330268592
v 0.171798706 0.336147308 -0.250991821
vt 0.294921875 0.877441406
vn 0.915175021 0.402361453 0.023668183
v 0.176208481 0.345201492 -0.299545288
vt 0.321777344 0.888427734
vn 0.915317416 0.331408054 0.228829220
v 0.164993286 0.371753693 -0.258255005
vt 0.294921875 0.902587891
vn 0.966677666 0.243634254 0.078591548
v 0.171997055 0.367336273 -0.300308228
vt 0.320068359 0.903076172
vn 0.951782763 0.117989652 0.283174872
v 0.177520737 0.365894318 -0.299301147
vt 0.322021484 0.906005859
vn 0.882081270 0.291401893 0.370158970
vt 0.334472656 0.923828125
v 0.167633042 0.380073547 -0.290603638
vt 0.313232422 0.910888672
vn 0.882574141 0.362485826 0.299444646
v 0.158370957 0.399177551 -0.281997681
vt 0.303710938 0.920166016
vn 0.940576434 -0.321363568 -0.109734021
v 0.174026474 0.403808594 -0.332992554
vt 0.311767578 0.934326172
vn 0.858480752 0.378046632 0.346542537
vt 0.300537109 0.829101562
v 0.163619995 0.260635376 -0.262008667
vt 0.311523438 0.818115234
vn 0.931243718 -0.363027215 0.031567477
vt 0.311767578 0.804687500
v 0.156509399 0.243072510 -0.303054810
vt 0.321289062 0.796630859
vn 0.973005533 -0.219710872 0.070621245
v 0.166458115 0.260643005 -0.313766479
vt 0.331054688 0.817138672
vn 0.920318902 -0.377566695 0.102257542
vt 0.347656250 0.798828125
vt 0.964599609 0.405517578
v 0.204162598 0.315258503 -0.273757935
vt 0.960449219 0.373535156
vn -0.291086197 0.566437662 -0.770984709
v 0.203536972 0.301586151 -0.309494019
vt 0.973144531 0.389404297
vn 0.450694948 -0.751158297 -0.482322752
vt 0.981201172 0.368408203
vt 0.994628906 0.407958984
vt 0.994873047 0.371826172
v 0.078506440 0.171279892 -0.491714478
vt 0.169677734 0.594238281
vn -0.015697632 -0.078487568 -0.996791542
vt 0.146484375 0.627441406
v 0.112922639 0.170577988 -0.490554810
vt 0.152587891 0.600097656
vn 0.480911672 -0.693774283 -0.536098242
vt 0.147705078 0.602539062
vt 0.130615234 0.577880859
vt 0.175048828 0.619384766
v 0.094299294 0.151397690 -0.453262329
vt 0.148681641 0.578857422
vn 0.496895552 -0.859708071 0.118308425
vt 0.183105469 0.629638672
v 0.081649750 0.190704331 -0.490097046
vt 0.176513672 0.599609375
vn -0.007873659 0.007873484 -0.999938011
vt 0.135986328 0.563476562
v 0.036895726 0.165054306 -0.487869263
vt 0.182861328 0.575927734
vn -0.212204233 -0.188625932 -0.958848178
v 0.091430634 0.150131211 -0.486495972
vt 0.159423828 0.588867188
vn 0.212204099 -0.880254090 -0.424408227
v 0.082244858 0.163818344 -0.409133911
vt 0.141601562 0.560302734
vn -0.007859077 -0.919522762 0.392958492
v 0.093009934 0.174453720 -0.383529663
vt 0.130859375 0.555175781
vn -0.015810842 -0.996086419 0.086959973
v 0.076881386 0.149749741 -0.445877075
vt 0.153808594 0.571289062
vn 0.023613324 -0.991757095 0.125937447
v 0.056488011 0.150695786 -0.486740112
vt 0.171386719 0.580322266
vn -0.126250699 -0.899536073 -0.418205351
v 0.056301095 0.150878891 -0.446151733
vt 0.161132812 0.565673828
vn -0.181270972 -0.969406009 0.165508404
v 0.037029240 0.158050522 -0.481246948
vt 0.177734375 0.573974609
vn -0.520865083 -0.852324784 -0.047351271
v 0.037864666 0.158660874 -0.428298950
vt 0.163574219 0.554443359
vn -0.425672114 -0.859227240 0.283781528
v 0.055030804 0.168029770 -0.411514282
vt 0.151123047 0.551025391
vn 0.047187142 -0.990928710 0.125832260
v 0.035259228 0.164291367 -0.427597046
vt 0.165039062 0.552490234
vn 0.157164007 -0.982274711 0.102156587
v 0.032829259 0.163757309 -0.484939575
vt 0.441406250 0.688720703
vn 0.376786560 -0.926266909 -0.007849728
v 0.029636357 0.161254868 -0.484634399
vt 0.439941406 0.687744141
vn 0.275761604 -0.945468307 -0.173335850
v 0.028997393 0.166870102 -0.488296509
vt 0.441894531 0.685546875
vn -0.000000121 -0.180962205 -0.983490050
vt 0.443603516 0.687988281
vt 0.434570312 0.716552734
v 0.003155680 0.167037949 -0.493545532
vt 0.431640625 0.675292969
vn 0.109872259 -0.266832918 -0.957459271
v 0.013655646 0.156372055 -0.411697388
vt 0.421386719 0.718017578
vn 0.282938838 -0.958848178 0.023578240
v 0.023633929 0.165664658 -0.485885620
vt 0.441162109 0.682617188
vn -0.118154161 -0.992495239 -0.031507727
v 0.021579726 0.162445053 -0.403457642
vt 0.423339844 0.722656250
vn 0.393847466 -0.874341130 0.283570051
v -0.015293147 0.149566635 -0.483810425
vt 0.417724609 0.681884766
vn 0.188121080 -0.971958816 -0.141090766
v 0.024044022 0.167251572 -0.392684937
vt 0.424072266 0.728271484
vn 0.197636232 -0.980275512 0.000000017
v -0.006161718 0.167037949 -0.491653442
vt 0.429443359 0.669433594
vn -0.039387077 0.385994405 0.921660006
vt 0.438720703 0.727294922
v 0.019645665 0.161087021 -0.483139038
vt 0.442382812 0.679687500
vn -0.283175051 0.951782823 0.117989600
vt 0.449462891 0.745849609
vt 0.450927734 0.732910156
v 0.057006828 0.169570908 -0.330520630
vt 0.433593750 0.756835938
vn 0.078475475 -0.996638060 -0.023542600
v 0.010082238 0.167648301 -0.329025269
vt 0.411376953 0.758300781
vn 0.141679630 -0.976014912 0.165292874
v 0.052658077 0.167114243 -0.297531128
vt 0.427001953 0.775146484
vn 0.134049594 -0.985658526 -0.102508456
v 0.031269062 0.167892441 -0.356185913
vt 0.422119141 0.744628906
vn 0.331976980 -0.940601230 0.071137898
v 0.018999085 0.148727402 -0.392562866
vt 0.406494141 0.731689453
vn 0.252195358 -0.945732474 0.204908699
v -0.029115684 0.159286484 -0.330886841
vt 0.384521484 0.756591797
vn -0.070616938 -0.949406624 0.306007117
v 0.017616259 0.156249985 -0.384475708
vt 0.415039062 0.732666016
vn 0.757386088 -0.307688117 -0.575929165
v -0.031417862 0.139877304 -0.392654419
vt 0.391601562 0.717529297
vn -0.252753198 -0.963621795 0.086884007
v -0.004862324 0.154357895 -0.403335571
vt 0.407714844 0.721191406
vn 0.283534884 -0.905736446 -0.315038770
v 0.003291115 0.149520859 -0.394882202
vt 0.408935547 0.726562500
vn 0.424709827 0.699984968 -0.574145079
v -0.035224929 0.151367173 -0.402145386
vt 0.393310547 0.712158203
vn -0.196091965 -0.980460048 -0.015687292
v -0.072769180 0.170745835 -0.401016235
vt 0.376464844 0.703613281
vn -0.565458536 -0.824627161 -0.015707074
v -0.014834422 0.149734482 -0.414260864
vt 0.407226562 0.714843750
vn 0.165426180 -0.984679401 0.055142067
v -0.046928424 0.145797715 -0.419113159
vt 0.394531250 0.703369141
vn -0.339319766 -0.939047933 0.055238202
v -0.071693443 0.170867905 -0.428115845
vt 0.380371094 0.691650391
vn -0.763590157 -0.645509303 -0.015743999
v -0.069564842 0.172790512 -0.432113647
vt 0.379150391 0.689453125
vn 0.574518263 0.818491817 -0.000000111
v -0.071388267 0.170745835 -0.472396851
vt 0.389404297 0.672607422
vn -0.756445110 -0.654009879 -0.007879509
v -0.046981838 0.146194443 -0.486221313
vt 0.403808594 0.674804688
vn -0.393749595 -0.905624151 -0.157499760
v -0.074378997 0.176101670 -0.493820190
vt 0.396728516 0.659423828
vn -0.559297979 -0.055142108 -0.827130675
v -0.041984588 0.156661972 -0.493911743
vt 0.408691406 0.671875000
vn 0.007852263 -0.227719098 -0.973695278
v -0.034782439 0.188415512 -0.493423462
vt 0.414794922 0.660400391
vn 0.039387040 0.244200453 -0.968924582
v -0.056518584 0.178375229 -0.489791870
vt 0.405517578 0.656494141
vn -0.086700253 0.993111670 0.078818358
v -0.044696838 0.174102768 -0.491348267
vt 0.415771484 0.653320312
vn 0.055219322 -0.702072620 0.709961236
v -0.048748042 0.152069077 -0.489425659
vt 0.425048828 0.651367188
vn 0.369838089 0.826233983 0.424920231
v -0.021175411 0.151458725 -0.482223511
vt 0.434082031 0.661376953
vn 0.102473415 0.993204236 0.055177957
v -0.045990016 0.164413437 -0.485519409
vt 0.430419922 0.649169922
vn -0.149806231 0.906721354 -0.394226670
v -0.011905691 0.153778061 -0.438308716
vt 0.452148438 0.658203125
vn 0.031375624 0.988334119 -0.149034560
v -0.028055213 0.164062485 -0.448928833
vt 0.445800781 0.651123047
vn 0.424526125 0.849052429 -0.314463943
vt 0.838867188 0.809082031
v 0.028627375 0.165695176 -0.432998657
vt 0.817871094 0.812744141
vn -0.528971195 -0.828984737 -0.181587026
vt 0.837890625 0.805419922
v -0.009675999 0.167144760 -0.425796509
vt 0.812988281 0.800537109
vn -0.007844388 -0.980550528 -0.196110055
v -0.008657483 0.166839585 -0.487564087
vt 0.836425781 0.788818359
vn -0.236484528 -0.969586670 -0.063062474
v -0.024057416 0.174789414 -0.488235474
vt 0.840576172 0.781250000
vn -0.149250522 -0.769818246 -0.620567679
vt 0.839843750 0.807617188
v 0.002023787 0.190277085 -0.489944458
vt 0.850830078 0.792724609
vn -0.007871706 -0.023614772 -0.999690175
vt 0.840332031 0.811035156
v -0.028657941 0.178131089 -0.487899780
vt 0.843750000 0.779541016
vn -0.252352268 -0.315440178 -0.914776444
vt 0.858886719 0.829589844
vt 0.929199219 0.838378906
vt 0.867919922 0.863281250
v -0.010967287 0.279739350 -0.490127563
vt 0.897460938 0.786621094
vn 0.007873397 -0.007873571 -0.999938011
v -0.030307805 0.347558945 -0.490127563
vt 0.930175781 0.785888672
vn 0.023608748 0.023608839 -0.999442518
v -0.003714359 0.340490311 -0.494705200
vt 0.924316406 0.779785156
vn 0.339457124 0.047366101 -0.939428210
v -0.088462859 0.228813142 -0.490066528
vt 0.872558594 0.742919922
vn -0.015741820 -0.023612576 -0.999597251
v -0.041889228 0.350509614 -0.498489380
vt 0.928955078 0.759033203
vn 0.290753186 0.290753275 -0.911550939
v -0.052497901 0.327597588 -0.499343872
vt 0.918212891 0.758056641
vn -0.023579817 -0.055019319 -0.998206854
v -0.023025546 0.281368226 -0.493515015
vt 0.901367188 0.773681641
vn 0.063070260 -0.157675996 -0.985474706
v -0.062583953 0.282928437 -0.490036011
vt 0.896972656 0.757080078
vn -0.007894481 -0.102626652 -0.994688690
v -0.085121192 0.288255662 -0.493301392
vt 0.898193359 0.745849609
vn -0.133816913 -0.118073702 -0.983947039
v -0.084548987 0.368644685 -0.494155884
vt 0.929931641 0.737304688
vn -0.212756917 -0.000000052 -0.977105200
v -0.085769683 0.278049439 -0.490036011
vt 0.892578125 0.745361328
vn -0.110417917 -0.015774019 -0.993760109
v -0.088516265 0.197784394 -0.487289429
vt 0.853515625 0.750488281
vn -0.196406484 -0.597075582 -0.777769387
v -0.066207908 0.191574082 -0.460556030
vt 0.837646484 0.756591797
vn -0.252982199 -0.948683381 -0.189736590
v -0.095665008 0.196823090 -0.482009888
vt 0.849609375 0.746337891
vn 0.447530448 0.612410247 -0.651667356
v -0.080551177 0.189132676 -0.491928101
vt 0.839355469 0.742187500
vn 0.039398074 -0.323065102 -0.945556402
v -0.121994048 0.220474213 -0.487991273
vt 0.857910156 0.737548828
vn 0.039295711 -0.047155052 -0.998114347
v -0.097343475 0.195877045 -0.490066528
vt 0.847167969 0.741210938
vn 0.267924398 0.252164066 0.929854810
v -0.074829131 0.212547272 -0.494247437
vt 0.839599609 0.731201172
vn 0.575517356 0.457260370 0.678006530
v -0.115913421 0.234069794 -0.491958559
vt 0.855224609 0.730712891
vn 0.284569561 0.221331865 0.932755351
v -0.127273589 0.240272492 -0.488967836
vt 0.859863281 0.731201172
vn 0.292090982 0.047366090 -0.955216885
v -0.124908477 0.261890382 -0.490158021
vt 0.862792969 0.723876953
vn 0.337236613 0.023528121 -0.941125929
v 0.011104565 0.158966050 -0.418899536
vt 0.621582031 0.167724609
vn -0.243544027 0.942750812 -0.227831438
vt 0.614257812 0.161865234
vt 0.634765625 0.144775391
vt 0.631835938 0.173583984
vt 0.621582031 0.176269531
vt 0.637939453 0.182861328
v -0.028669380 0.175079331 -0.438400269
vt 0.633056641 0.187011719
vn -0.102008611 -0.988699138 -0.109855399
vt 0.614013672 0.205078125
vt 0.619140625 0.209472656
vt 0.626708984 0.214843750
vt 0.619140625 0.212402344
vt 0.625732422 0.219970703
v -0.068840057 0.173843369 -0.490432739
vt 0.636718750 0.218261719
vn 0.520605862 -0.820348561 0.236638978
vt 0.628417969 0.225097656
vt 0.656494141 0.447753906
v 0.150878891 0.175506577 -0.398178101
vt 0.640136719 0.440429688
vn 0.682127476 -0.729170680 -0.054883879
v 0.125396714 0.164871201 -0.400100708
vt 0.637207031 0.421142578
vn 0.228502363 -0.953406394 -0.196984768
vt 0.651611328 0.426513672
vt 0.636230469 0.399414062
vt 0.653808594 0.465820312
vt 0.658935547 0.458496094
v 0.168136582 0.212135315 -0.372451782
vt 0.631835938 0.470458984
vn 0.843566477 -0.536098182 0.031535104
vt 0.632324219 0.482666016
vt 0.615234375 0.473632812
v 0.152557358 0.182418808 -0.342880249
vt 0.605224609 0.454101562
vn 0.754340410 -0.644332349 0.125723317
vt 0.587158203 0.482421875
v 0.143676758 0.190856919 -0.279006958
vt 0.565917969 0.465087891
vn 0.795473039 -0.598573685 0.094511569
v 0.121498100 0.170852646 -0.344467163
vt 0.599609375 0.430908203
vn 0.243476421 -0.966051340 0.086394854
v 0.123794548 0.170272812 -0.322555542
vt 0.586181641 0.437011719
vn 0.362294644 -0.929364324 0.070883714
v 0.135055542 0.182769760 -0.270523071
vt 0.556640625 0.459228516
vn 0.575642586 -0.812207818 0.094626121
v 0.116409302 0.173522934 -0.262100220
vt 0.546875000 0.445312500
vn 0.306924969 -0.944384336 0.118048050
v 0.094184861 0.164367661 -0.376144409
vt 0.615478516 0.406250000
vn -0.197242066 -0.978320897 0.063117541
vt 0.617675781 0.397705078
v 0.092163078 0.175323471 -0.338363647
vt 0.589599609 0.410156250
vn -0.236220449 -0.968503952 -0.078740083
vt 0.576416016 0.391601562
v 0.098434441 0.168869004 -0.332077026
vt 0.585937500 0.417724609
vn 0.000000041 -0.999721229 -0.023615420
vt 0.554443359 0.397460938
v 0.103935242 0.169815049 -0.286453247
vt 0.558837891 0.432128906
vn 0.070634469 -0.996730208 0.039241381
v 0.079917908 0.170364365 -0.253738403
vt 0.532226562 0.427246094
vn 0.227719098 -0.973695278 0.007852394
vt 0.746337891 0.970703125
vt 0.739257812 0.963134766
vt 0.769531250 0.959228516
vt 0.715576172 0.971191406
vt 0.713623047 0.968750000
vt 0.710449219 0.960937500
vt 0.194335938 0.015136719
vt 0.232177734 0.015136719
vt 0.221435547 0.024414062
vt 0.244873047 0.017333984
vt 0.038085938 0.031494141
vt 0.080322266 0.023925781
vt 0.083251953 0.033447266
vt 0.120361328 0.062011719
v 0.143112198 0.197891235 -0.204574585
vt 0.095947266 0.097656250
vn 0.686039686 -0.725467205 0.055198535
vt 0.111083984 0.060791016
vt 0.097900391 0.057128906
v 0.122512825 0.184326157 -0.196258545
vt 0.083007812 0.091064453
vn 0.455944479 -0.888305485 0.055027753
v 0.108917244 0.182083115 -0.202697754
vt 0.077880859 0.082031250
vn 0.204699069 -0.976256907 0.070857368
vt 0.110595703 0.104980469
v 0.144897476 0.199775696 -0.139801025
vt 0.084716797 0.130126953
vn 0.724746585 -0.685358107 -0.070899189
vt 0.145996094 0.059570312
vt 0.138916016 0.103515625
vt 0.976806641 0.753173828
vt 0.958496094 0.739746094
v 0.089042671 0.176040635 -0.216873169
vt 0.989990234 0.734130859
vn 0.298289418 -0.949816108 0.094196647
vt 0.544921875 0.257812500
vt 0.556396484 0.246582031
vt 0.557617188 0.258789062
v 0.089927688 0.177993774 -0.142364502
vt 0.565429688 0.284667969
vn 0.205112681 -0.978229523 -0.031555776
v 0.123847976 0.186279297 -0.149017334
vt 0.574951172 0.273437500
vn 0.299481988 -0.945732594 -0.126097664
vt 0.563232422 0.256835938
vt 0.584472656 0.270263672
vt 0.570800781 0.250732422
v 0.131912246 0.176223755 -0.133407593
vt 0.582031250 0.278320312
vn 0.568128049 -0.796957433 -0.205157399
v 0.118614219 0.177642822 -0.125961304
vt 0.578613281 0.284179688
vn 0.157793701 -0.954651773 -0.252469867
v 0.088905349 0.176834106 -0.131958008
vt 0.567871094 0.289062500
vn 0.047401614 -0.987533152 -0.150105000
v 0.088691741 0.159820557 -0.080459587
vt 0.581787109 0.306396484
vn 0.023691949 -0.987163544 -0.157946125
v 0.065910362 0.170547485 -0.084518418
vt 0.572265625 0.310302734
vn 0.094385818 -0.849472642 -0.519122064
v 0.076072723 0.160903931 -0.073722824
vt 0.579101562 0.312255859
vn 0.865819693 -0.472265273 -0.165292948
v 0.036945365 0.168014526 -0.096183762
vt 0.559814453 0.312988281
vn 0.180721819 -0.958611369 -0.220009148
v 0.058570877 0.172500610 -0.159027100
vt 0.551269531 0.287353516
vn 0.213440493 -0.972339690 0.094862424
v 0.013271351 0.167861938 -0.129486069
vt 0.542724609 0.310058594
vn 0.157813370 -0.986333430 -0.047343984
v 0.053592689 0.156387314 -0.215087876
vt 0.533935547 0.270996094
vn 0.315744728 -0.947234035 0.055255316
vt 0.534912109 0.252197266
v 0.015956892 0.160125718 -0.175674424
vt 0.532226562 0.293701172
vn 0.079024918 -0.972005606 0.221269593
v -0.006147844 0.167327881 -0.141036972
vt 0.533691406 0.311523438
vn -0.086514972 -0.990989983 -0.102244936
vt 0.513671875 0.247314453
v -0.006080138 0.163604721 -0.185226426
vt 0.522949219 0.297363281
vn -0.473986298 -0.868974984 0.142196000
v -0.016160948 0.173233032 -0.142868027
vt 0.529785156 0.314208984
vn -0.376914263 -0.918728590 -0.117785633
v -0.005374899 0.170989975 -0.200424179
vt 0.516845703 0.295410156
vn -0.488810629 -0.867244780 0.094608627
v 0.016174326 0.147582993 -0.214828476
vt 0.521728516 0.280517578
vn -0.023671934 -0.978442788 0.205157399
v -0.007045736 0.157974228 -0.204437241
vt 0.517333984 0.290039062
vn -0.552742600 -0.813321352 0.181615546
v 0.011610037 0.148132309 -0.237243637
vt 0.513916016 0.274658203
vn -0.094371229 -0.983033836 -0.157285348
v 0.007538314 0.165847763 -0.312332153
vt 0.492675781 0.253173828
vn -0.102537148 -0.978046954 -0.181411877
vt 0.491210938 0.248535156
v -0.012173655 0.171310410 -0.288162231
vt 0.490966797 0.268310547
vn -0.434555233 -0.892813563 -0.118514977
v -0.021892540 0.164642319 -0.222228989
vt 0.507080078 0.289306641
vn -0.614859760 -0.788281858 -0.023648342
v -0.029756540 0.174591050 -0.236343369
vt 0.499511719 0.290039062
vn -0.258737952 -0.964387178 0.054883897
v -0.027055744 0.173492417 -0.302078247
vt 0.483398438 0.268798828
vn -0.015797015 -0.987317383 0.157970831
v 0.055526763 0.000030518 -0.110031106
vt 0.945556641 0.469726562
vn 0.379130036 -0.213260517 0.900433481
v 0.043014556 0.000000000 -0.117050149
vt 0.950439453 0.466064453
vn -0.481330812 -0.347189426 -0.804848015
v 0.039314296 0.030029297 -0.116905190
vt 0.966552734 0.460937500
vn -0.164813742 -0.431654781 -0.886854351
v 0.037750274 0.037811279 -0.105766274
vt 0.964843750 0.464599609
vn 0.716491163 -0.417296916 0.559020340
v 0.062683128 0.033538818 -0.131927475
vt 0.984130859 0.467529297
vn 0.785771370 -0.282877594 0.550039768
v 0.060226463 0.033447266 -0.140274033
vt 0.986083984 0.464355469
vn -0.141351625 -0.659640670 -0.738169253
v 0.027792003 0.048645020 -0.114181489
vt 0.971679688 0.449951172
vn 0.220609128 0.165456921 -0.961226106
v 0.058055900 0.050750732 -0.146514878
vt 0.987792969 0.455322266
vn -0.589948118 0.542752147 -0.597813904
v 0.044353515 0.045074463 -0.099922158
vt 0.971679688 0.433593750
vn 0.966438890 0.102143981 -0.235716954
vt 0.982421875 0.837158203
vt 0.979003906 0.835937500
v 0.064529441 0.052307129 -0.141723618
vt 0.980957031 0.829833984
vn 0.918927014 0.086394899 0.384849668
vt 0.977539062 0.826904297
vt 0.997558594 0.835937500
vt 0.998535156 0.827880859
v 0.013967535 0.037231445 -0.155670136
vt 0.500000000 0.995117188
vn 0.472778201 -0.858880401 -0.196990922
v 0.038337730 0.044342041 -0.152496308
vt 0.506103516 0.985839844
vn 0.645529211 -0.755741537 -0.110212363
v 0.026393916 0.043243408 -0.124649018
vt 0.518310547 0.987548828
vn 0.756562591 -0.638349533 0.141855389
v 0.033550285 0.053192139 -0.150985688
vt 0.504394531 0.981689453
vn -0.086568631 0.983733654 -0.157397419
v 0.007241271 0.041137695 -0.156036347
vt 0.507080078 0.971435547
vn -0.314376503 0.919551075 -0.235782340
v 0.021064784 0.049041748 -0.121459931
vt 0.520751953 0.982910156
vn -0.000000136 0.481615663 -0.876382649
vt 0.522949219 0.984619141
v 0.012435940 0.033813477 -0.114852875
vt 0.528808594 0.989746094
vn 0.267352015 -0.440344721 -0.857099533
vt 0.775634766 0.965332031
vt 0.774658203 0.976806641
v 0.000136685 0.030578613 -0.124153107
vt 0.766113281 0.974365234
vn 0.306536019 -0.951047480 0.039299481
vt 0.768554688 0.980957031
v -0.014532065 0.026123047 -0.141006440
vt 0.765380859 0.968505859
vn -0.229129091 -0.971823633 0.055307105
v -0.014105770 0.036102295 -0.111808747
vt 0.758789062 0.973388672
vn -0.716491163 0.196838126 -0.669249713
v -0.009922000 0.026733398 -0.110115021
vt 0.759033203 0.977050781
vn -0.628364921 -0.219927758 -0.746183217
v -0.027790042 0.011627197 -0.114089936
vt 0.749023438 0.980468750
vn -0.605305672 0.455944359 -0.652472138
v -0.025495501 0.002288818 -0.115020722
vt 0.748046875 0.985595703
vn 0.385731101 -0.739974022 -0.551044464
v 0.026430158 0.033355713 -0.110633820
vt 0.771484375 0.987304688
vn -0.102514803 -0.993605554 0.047314610
v 0.015295058 0.028778076 -0.103347749
vt 0.767578125 0.993164062
vn 0.394791633 -0.836958110 0.378999859
vt 0.775878906 0.987548828
vt 0.927978516 0.007080078
vt 0.911132812 0.009521484
vt 0.910400391 0.004150391
vt 0.925292969 0.001953125
vt 0.904785156 0.000976562
vt 0.590820312 0.009033203
vt 0.587158203 0.009277344
vt 0.598388672 0.001953125
v -0.000705220 0.024200439 -0.155456513
vt 0.587158203 0.017578125
vn 0.149195224 -0.910876215 -0.384766668
vt 0.595458984 0.025146484
vt 0.585693359 0.027587891
v -0.011219002 0.035430908 -0.146850556
vt 0.582275391 0.016601562
vn -0.385385096 0.873014987 -0.298869967
v 0.002693680 0.042724609 -0.111175507
vt 0.562988281 0.016113281
vn -0.315597236 0.946791708 0.063119441
vt 0.569335938 0.001953125
vt 0.562988281 0.026367188
v -0.033012368 0.032287598 -0.145507783
vt 0.580566406 0.022949219
vn -0.954859972 0.284090519 -0.086805336
vt 0.990478516 0.889404297
v -0.002310490 0.058929443 -0.123008698
vt 0.981933594 0.884765625
vn -0.669270635 -0.661396861 -0.338572085
v 0.016876247 0.046844482 -0.114540070
vt 0.990966797 0.885498047
vn -0.847848117 0.478877097 -0.227662802
v 0.007310416 0.065368652 -0.120117165
vt 0.984375000 0.880371094
vn 0.589073837 0.730451584 -0.345590144
v -0.025972340 0.067352295 -0.118003823
vt 0.972412109 0.883789062
vn -0.361309886 0.769746959 -0.526255548
vt 0.575927734 0.051269531
v 0.021148708 0.082977295 -0.101654030
vt 0.592529297 0.044189453
vn -0.779793680 0.228424326 -0.582875907
vt 0.574951172 0.054199219
v 0.030803703 0.092208862 -0.125778168
vt 0.591308594 0.052734375
vn -0.377251863 0.463705182 -0.801659882
v 0.042556789 0.098480225 -0.102615342
vt 0.600341797 0.060302734
vn 0.640241086 0.047425266 -0.766708672
vt 0.577148438 0.057373047
v 0.015669852 0.097839355 -0.077362038
vt 0.594726562 0.031982422
vn -0.963021219 0.023680819 0.268383086
v 0.010541946 0.037353516 -0.093612641
vt 0.568603516 0.040283203
vn -0.756750584 0.543914378 0.362609714
v 0.020843538 0.035461426 -0.084564179
vt 0.567382812 0.033203125
vn -0.361309677 -0.102109261 0.926838219
v 0.005227123 0.033599854 -0.059242222
vt 0.553222656 0.032714844
vn -0.220465586 0.873988688 0.433057457
v 0.003099948 0.050231934 -0.092384309
vt 0.564941406 0.045654297
vn -0.478479207 0.831455708 0.282381177
vt 0.566894531 0.052978516
v 0.007219821 0.034423828 -0.098365754
vt 0.559814453 0.051025391
vn -0.542081714 0.817050755 0.196406469
v -0.016490908 0.031982422 -0.102043122
vt 0.557861328 0.058837891
vn -0.575302780 0.740800738 0.346757889
vt 0.760742188 0.933349609
vt 0.786376953 0.939208984
vt 0.749755859 0.940673828
v 0.056789428 0.097030640 -0.086601242
vt 0.785156250 0.949462891
vn 0.963261306 -0.268449813 0.007895471
v 0.036899596 0.051086426 -0.082801796
vt 0.754394531 0.952636719
vn 0.572500765 -0.305856436 0.760719895
v 0.032207519 0.034484863 -0.093444802
vt 0.742187500 0.937988281
vn 0.818517268 -0.566665649 0.094444215
vt 0.746826172 0.934814453
v 0.039482150 0.037933350 -0.053424813
vt 0.741699219 0.946777344
vn 0.480300188 -0.566911519 0.669270515
vt 0.727294922 0.953125000
v 0.028488191 0.005096436 -0.082328767
vt 0.723144531 0.939941406
vn -0.031503737 -0.212651119 0.976620197
vt 0.733398438 0.926757812
vt 0.741699219 0.928710938
v 0.036933929 0.002868652 -0.091178872
vt 0.730224609 0.936279297
vn 0.165472254 -0.370342940 -0.914037824
v 0.016529113 0.030792236 -0.094787568
vt 0.731933594 0.928710938
vn -0.235469863 -0.831993401 -0.502335489
v 0.004361659 0.028839111 -0.100959748
vt 0.730957031 0.923583984
vn 0.188876927 -0.967993915 0.165267259
v 0.015886340 0.025970459 -0.071632355
vt 0.721679688 0.924804688
vn 0.376508296 -0.925582707 0.039219599
vt 0.490722656 0.313720703
vt 0.499755859 0.308837891
v 0.010124234 0.152114868 -0.078384377
vt 0.516601562 0.322998047
vn 0.047304276 -0.977621377 -0.204985082
v 0.027978921 0.159378052 -0.093048073
vt 0.517578125 0.312500000
vn -0.416266114 -0.306309015 -0.856094241
vt 0.517089844 0.307373047
v 0.020322828 0.155929565 -0.069007851
vt 0.522216797 0.322753906
vn -0.976771712 -0.173298255 0.126035213
v 0.009319335 0.151855469 -0.053329445
vt 0.525634766 0.329101562
vn 0.268449873 -0.963261306 -0.007895578
v 0.036373168 0.163497925 -0.045757275
vt 0.533935547 0.318359375
vn -0.007856141 -0.777769506 0.628500640
v 0.040668525 0.170471191 -0.002361282
vt 0.552734375 0.318115234
vn 0.440780967 -0.897304058 -0.023613283
v 0.015775723 0.150360107 0.037830371
vt 0.560546875 0.333496094
vn 0.133705035 -0.990989983 -0.007864974
v -0.031234723 0.170059204 -0.143096909
vt 0.485839844 0.323242188
vn -0.180738539 -0.950841904 -0.251462251
vt 0.487304688 0.317138672
v -0.019346211 0.154342651 -0.082153298
vt 0.509765625 0.333496094
vn -0.267055035 -0.958256423 -0.102109201
v -0.015315979 0.153137207 -0.047069523
vt 0.523681641 0.339355469
vn -0.306734979 -0.951665044 0.015730081
v -0.017795520 0.154708862 0.044147518
vt 0.553466797 0.346435547
vn -0.386102140 -0.921917439 0.031518638
v -0.039520230 0.168533325 -0.027788136
vt 0.523437500 0.354003906
vn -0.622781336 -0.780447543 0.055183273
v -0.056282017 0.174041748 -0.089897126
vt 0.498291016 0.345703125
vn -0.550635099 -0.833819091 0.039331194
v -0.055370301 0.181228638 -0.045021027
vt 0.510498047 0.359375000
vn -0.742671192 -0.632060707 0.221221358
v -0.055015542 0.174163818 -0.116218537
vt 0.489501953 0.338378906
vn -0.442152739 -0.884305537 -0.150016010
v -0.043209061 0.180633545 -0.161514267
vt 0.475097656 0.325195312
vn -0.378893584 -0.915659547 -0.134191394
v -0.069702134 0.186416626 -0.128631562
vt 0.481201172 0.342285156
vn -0.590807676 -0.795620918 -0.133916289
v -0.076332070 0.189910889 -0.079727143
vt 0.494873047 0.357177734
vn -0.708375990 -0.700505257 0.086579412
v -0.060882539 0.188034058 -0.047141999
vt 0.507812500 0.362548828
vn -0.593019724 -0.766972303 0.245114952
v -0.052844971 0.187103271 -0.055690736
vt 0.512207031 0.362548828
vn -0.582316220 -0.810521245 0.062953219
v -0.068656892 0.192504883 -0.022712678
vt 0.509277344 0.371582031
vn -0.465708822 -0.884057522 -0.039466757
v -0.076026894 0.196044922 -0.074623078
vt 0.495361328 0.360595703
vn -0.535300314 -0.842310965 0.062976621
v -0.079917893 0.195220947 -0.127029389
vt 0.477294922 0.347167969
vn -0.472089857 -0.881234467 0.023604596
v -0.108100869 0.213874817 -0.062675439
vt 0.488525391 0.377197266
vn -0.583310425 -0.811905026 0.023647832
v -0.102729768 0.211700439 -0.010711637
vt 0.503662109 0.390869141
v -0.091697671 0.201789841 -0.088142358
vt 0.486816406 0.362792969
vn -0.511779249 -0.858214498 0.039367743
v -0.119941682 0.228874207 -0.033637967
vt 0.490722656 0.391845703
vn -0.834051132 -0.550788522 0.031473756
v -0.108573876 0.213630676 0.031255756
vt 0.505859375 0.406982422
vn -0.623751223 -0.773767352 -0.110538073
v -0.113777123 0.225311279 -0.001223173
vt 0.499511719 0.397705078
vn -0.872610271 -0.487403959 0.031445552
v -0.132156342 0.262325287 -0.000873769
vt 0.494140625 0.413574219
vn -0.927983940 -0.369620740 0.047185764
v -0.141540498 0.269958496 -0.038867913
vt 0.480468750 0.407958984
vn -0.898166895 -0.354539633 0.259995848
v -0.135055512 0.253509521 -0.050380670
vt 0.480712891 0.398925781
vn -0.716313362 -0.684827149 0.133816913
v -0.135833710 0.258655548 -0.073867768
vt 0.473876953 0.394042969
vn -0.706278980 -0.572870791 -0.415919721
v -0.154022202 0.265644073 -0.078231774
vt 0.472656250 0.400634766
vn -0.086528376 -0.959678411 -0.267451316
v -0.115150429 0.224487305 -0.075790368
vt 0.481689453 0.379394531
vn -0.875210404 -0.457317173 -0.157695428
v -0.127700791 0.260864258 -0.075996369
vt 0.472167969 0.388183594
vn -0.942082405 -0.321878165 -0.094208091
v -0.108993508 0.214897141 -0.093925439
vt 0.478759766 0.369628906
vn -0.763590097 -0.645509303 0.015744256
v -0.111968972 0.229530334 -0.077827416
vt 0.478759766 0.379638672
vn -0.978717029 -0.189429134 -0.078928657
v -0.108680710 0.211135849 -0.148879975
vt 0.461181641 0.354492188
vn -0.661663473 -0.748309970 0.047261801
v -0.117744431 0.230270371 -0.123558007
vt 0.464599609 0.369140625
vn -0.923323095 -0.378799260 0.063133337
v -0.113990761 0.232383713 -0.108383149
vt 0.468261719 0.373779297
vn -0.912594080 -0.401226729 0.078672037
v -0.124587998 0.254440308 -0.116516083
vt 0.460693359 0.380126953
vn -0.937938750 -0.346800923 0.000000138
v -0.130187988 0.272338867 -0.207687348
vt 0.433593750 0.389404297
vn -0.956260383 -0.292410225 0.007903116
v -0.122863755 0.241126999 -0.110862702
vt 0.463623047 0.375244141
vn -0.911916971 -0.330176860 0.243702099
v -0.125167832 0.246910080 -0.130248994
vt 0.457031250 0.372070312
vn -0.994347930 -0.078916542 -0.071024723
v -0.116592392 0.239318833 -0.165939301
vt 0.446533203 0.360595703
vn -0.993760109 -0.078869894 -0.078869723
v -0.122901902 0.236297593 -0.138839692
vt 0.457275391 0.365966797
vn -0.932709575 -0.360543251 -0.007837757
v -0.104812615 0.204025254 -0.196380585
vt 0.445068359 0.341796875
vn -0.718498111 -0.694811523 0.031582460
v -0.080726609 0.190567002 -0.179809541
vt 0.454345703 0.335205078
vn -0.387366861 -0.917031884 0.094865464
v -0.074279778 0.183639511 -0.235092133
vt 0.434326172 0.328613281
vn -0.457786918 -0.884002447 0.094714642
v -0.073425286 0.194877625 -0.189544648
vt 0.456787109 0.331054688
vn -0.063080132 -0.993512928 0.094620332
v -0.065078728 0.187683091 -0.195816010
vt 0.454833984 0.325439453
vn -0.299770653 -0.946644366 0.118330628
v -0.069808945 0.193046570 -0.147247285
vt 0.473144531 0.338867188
vn -0.465549350 -0.883754790 -0.047343910
v -0.030868517 0.176727280 -0.176879868
vt 0.470458984 0.318115234
vn -0.259120554 -0.965813160 0.007852215
vt 0.466796875 0.306884766
v -0.047111504 0.180465683 -0.210128769
vt 0.455078125 0.315185547
vn -0.228900582 -0.970854402 0.071038194
v -0.055831905 0.177947983 -0.241226181
vt 0.445068359 0.311035156
vn 0.645989835 0.551454663 0.527820885
v 0.130767837 0.183563232 -0.119010918
vt 0.161132812 0.279052734
vn 0.558760762 -0.818466485 -0.133787841
vt 0.167480469 0.277832031
vt 0.170166016 0.287597656
vt 0.163330078 0.272949219
v 0.140731841 0.179061890 -0.086303703
vt 0.147460938 0.281494141
vn 0.670518816 -0.741514981 -0.023665426
v 0.117530845 0.166381836 -0.084449761
vt 0.145751953 0.272460938
vn 0.355212808 -0.931446731 -0.078936175
vt 0.142089844 0.262451172
v 0.099761993 0.165039062 -0.041545860
vt 0.126953125 0.266845703
vn 0.291113108 -0.952018380 0.094415046
v 0.134033233 0.182037354 -0.039363857
vt 0.127197266 0.279541016
vn 0.512176394 -0.858880401 -0.000000030
v 0.107185401 0.168212891 -0.015466683
vt 0.115478516 0.272460938
vn 0.323306084 -0.946261644 0.007885512
v 0.111671492 0.169845581 0.042900093
vt 0.096679688 0.288085938
vn 0.141382128 -0.989674628 -0.023563657
v 0.091545142 0.167984009 0.008080492
vt 0.108642578 0.261962891
vn 0.031363200 -0.995779872 0.086248688
v 0.068374664 0.161880493 -0.040386185
vt 0.127685547 0.251953125
vt 0.140136719 0.256103516
v 0.069198646 0.169982910 0.006043447
vt 0.108886719 0.251953125
vn -0.086892001 -0.979510546 0.181683481
v 0.078941382 0.169036865 0.015891086
vt 0.105468750 0.256835938
vn -0.133560449 -0.989919007 0.047139063
v 0.057827026 0.158401489 -0.046131119
vt 0.132080078 0.245117188
vn 0.543105185 -0.425038695 0.724140048
v 0.058818854 0.172180176 0.017139448
vt 0.106201172 0.244140625
vn -0.086867623 -0.987132728 0.134250104
v 0.052276645 0.162292480 -0.033802018
vt 0.125732422 0.244628906
vn -0.377065390 -0.903385997 0.204243869
v 0.046901733 0.169784546 -0.045047745
vt 0.128662109 0.240478516
vn -0.172645897 -0.965247929 0.196188658
vt 0.131103516 0.236572266
vt 0.110595703 0.234863281
vt 0.303710938 0.381591797
vt 0.287353516 0.401855469
vt 0.295410156 0.380126953
vt 0.301269531 0.355468750
v 0.157089263 0.204551697 -0.084053040
vt 0.297851562 0.403564453
vn 0.912057996 -0.408853531 -0.031450376
v 0.152420074 0.199325562 -0.054710388
vt 0.293212891 0.415527344
vn 0.863921702 -0.502645314 0.031415246
v 0.160827652 0.224899292 -0.096595764
vt 0.305419922 0.399902344
vn 0.819100857 -0.567069769 -0.086635754
vt 0.316894531 0.377929688
v 0.180572525 0.248451233 -0.135864273
vt 0.321044922 0.388183594
vn 0.809394419 -0.534357429 -0.243604228
vt 0.281250000 0.418945312
v 0.146331817 0.190261841 0.010313035
vt 0.281738281 0.439208984
vn 0.804047465 -0.591211319 -0.063062631
v 0.137558028 0.174758911 0.048397068
vt 0.267822266 0.449951172
vn 0.534357429 -0.840827167 -0.086440206
v 0.155609161 0.207801819 0.019495010
vt 0.291259766 0.444091797
vn 0.943595767 -0.330258459 -0.023590002
v 0.159591705 0.218811035 -0.042316440
vt 0.301757812 0.421630859
vn 0.818466485 -0.574500501 0.007869788
v 0.158874542 0.222892761 0.020418165
vt 0.297851562 0.445556641
vn 0.799024701 -0.601246297 0.007911057
v 0.166580230 0.226814270 -0.003304008
vt 0.305908203 0.437011719
vn 0.710957289 -0.703057706 -0.015799114
v 0.178848296 0.241241455 -0.021936422
vt 0.313232422 0.431396484
vn 0.858640432 -0.512033224 0.023632215
v 0.184799224 0.247215271 0.029430384
vt 0.319824219 0.449218750
vn 0.932930291 -0.355778486 -0.055343434
v 0.182342544 0.239288330 -0.090843208
vt 0.315917969 0.404541016
vn 0.767188191 -0.640641570 -0.031636700
v 0.188797012 0.257820129 -0.094505318
vt 0.324707031 0.404052734
vn 0.995930731 -0.086946294 0.023712510
vt 0.928955078 0.427734375
vt 0.934570312 0.431152344
vt 0.925292969 0.430908203
vt 0.916503906 0.425781250
vt 0.940673828 0.426757812
v -0.008787122 0.025024414 -0.066696137
vt 0.944580078 0.432861328
vn -0.220527068 0.661581457 0.716713190
vt 0.956298828 0.423339844
v -0.024641005 0.030517578 -0.076965302
vt 0.951416016 0.437744141
vn -0.355257034 0.899984419 0.252627254
vt 0.961181641 0.432128906
v 0.032474548 0.120681763 -0.056732159
vt 0.491943359 0.120361328
vn -0.344719112 -0.235035807 0.908805251
vt 0.484863281 0.144287109
vt 0.475341797 0.110839844
vt 0.482910156 0.106689453
vt 0.467773438 0.138183594
vt 0.463134766 0.111328125
v 0.050624873 0.144012451 -0.096984848
vt 0.455078125 0.123779297
vn 0.353313446 0.047108449 -0.934318125
vt 0.459716797 0.141601562
vt 0.456542969 0.111083984
vt 0.447265625 0.115722656
vt 0.451171875 0.148437500
vt 0.443847656 0.119873047
vt 0.433593750 0.123779297
vt 0.439208984 0.147949219
vt 0.427490234 0.137451172
vt 0.424316406 0.165283203
vt 0.424804688 0.121582031
vt 0.994873047 0.107666016
vt 0.994873047 0.144287109
vt 0.989257812 0.137451172
vt 0.485595703 0.513916016
vt 0.467041016 0.508789062
v 0.028802913 0.156845093 0.036430378
vt 0.483886719 0.509765625
vn 0.403253436 -0.909296930 -0.102790095
v 0.052906077 0.172592163 0.037399307
vt 0.479980469 0.502197266
vn 0.401462883 -0.913131177 -0.070846394
v 0.010049869 0.151138306 0.091552757
vt 0.505615234 0.514648438
vn 0.023597227 -0.998947680 -0.039328609
v 0.042060897 0.156387329 0.071693435
vt 0.495849609 0.503417969
vn 0.371080935 -0.923754573 -0.094744071
v 0.060287524 0.173278809 0.084915176
vt 0.497802734 0.493408203
vn 0.495740414 -0.865578473 -0.070820078
v 0.077270553 0.176834106 0.062961593
vt 0.484863281 0.488769531
vn -0.062865533 -0.997991085 -0.007858145
v 0.076583900 0.174575806 0.023395550
vt 0.475097656 0.493652344
vn -0.243116647 -0.964624345 0.101952232
v 0.079460189 0.169967651 0.071205154
vt 0.484863281 0.486816406
vn -0.205157310 -0.978442788 0.023672072
vt 0.469238281 0.492431641
v 0.079025321 0.173492432 0.102394119
vt 0.504638672 0.486572266
vn 0.039261956 -0.997252405 0.062819086
v 0.063423209 0.171920776 0.121246353
vt 0.513183594 0.491699219
vn 0.315430403 -0.946291029 0.070971824
v 0.042774253 0.151687622 0.125061050
vt 0.515380859 0.502197266
vn 0.463991970 -0.880798221 0.094371215
v 0.008359962 0.150665283 0.122795127
vt 0.518066406 0.514648438
vn 0.070669286 -0.997221589 0.023556449
v 0.041481070 0.170959473 0.129638687
vt 0.520263672 0.496826172
vn 0.530046105 -0.727824450 0.435112387
v 0.028274592 0.155731201 0.151763931
vt 0.527099609 0.505615234
vn 0.479928374 -0.763164639 0.432722181
v 0.056064662 0.166900635 0.140594497
vt 0.522705078 0.490478516
vn -0.039309178 -0.982729971 -0.180822268
v 0.040283259 0.170135498 0.155960098
vt 0.529296875 0.496582031
vn -0.102616973 -0.994595706 -0.015787177
v 0.030510005 0.169326782 0.151794448
vt 0.528564453 0.500732422
vn 0.323235780 -0.930288196 0.173443571
v 0.046459261 0.169097915 0.197616592
vt 0.543457031 0.492675781
vn -0.118581697 -0.980275512 -0.158108890
v 0.030317362 0.169479370 0.151000991
vt 0.528564453 0.482421875
vn -0.621950924 0.771533966 -0.133837476
v 0.009592116 0.169052139 0.178771988
vt 0.539062500 0.507568359
vn 0.237104222 -0.964223564 0.118552096
v 0.023895325 0.165512100 0.196365371
vt 0.544189453 0.501708984
vn -0.031401731 -0.997006595 0.070654057
v 0.009652199 0.170089737 0.194046035
vt 0.546875000 0.506835938
vn 0.189117223 -0.969225407 0.157597631
v 0.008842528 0.163864151 0.174896255
vt 0.538330078 0.509765625
vn 0.205310851 -0.947588265 0.244793653
v 0.008145397 0.169906631 0.214691177
vt 0.555664062 0.503662109
vn -0.133937150 -0.984832287 -0.110301159
v 0.049236368 0.150451675 0.253280640
vt 0.564453125 0.487304688
vn -0.164905056 -0.973725259 -0.157052398
v -0.006158288 0.164306656 0.212982193
vt 0.554443359 0.512695312
vn 0.180510238 -0.981033564 0.070634432
v 0.036190107 0.152938858 0.291580200
vt 0.581298828 0.486572266
vn -0.316188216 -0.948564768 0.015809495
v -0.027177753 0.157546997 0.165222183
vt 0.538818359 0.525390625
vn -0.180777565 -0.966767311 0.180777699
v 0.009892520 0.154251099 0.151016250
vt 0.528808594 0.512451172
vn 0.086805522 -0.954859853 0.284090549
v -0.019058172 0.149337769 0.144393936
vt 0.529052734 0.523681641
vn -0.259128541 -0.965842903 0.000000076
v 0.005753114 0.166137710 0.287979126
vt 0.583251953 0.499267578
vn 0.000000034 -0.997498453 -0.070688814
v 0.021570284 0.161422744 0.323959351
vt 0.594726562 0.490966797
vn 0.126483232 -0.988150001 -0.086957172
v -0.018157892 0.160552993 0.239364639
vt 0.566406250 0.512207031
vn 0.078436822 -0.980460048 -0.180404618
v -0.017961428 0.156188980 0.286788940
vt 0.586914062 0.508300781
vn 0.400372744 -0.902801216 -0.157008916
v 0.001284562 0.146560684 0.343582153
vt 0.605712891 0.496093750
vn 0.402712494 -0.900180817 -0.165822789
v -0.007847737 0.153274536 0.094841026
vt 0.508544922 0.521728516
vn -0.488841057 -0.859414160 -0.149806038
v -0.002531246 0.157058716 0.057491325
vt 0.492919922 0.524658203
vn -0.612296999 -0.784996092 -0.094199419
v -0.042655889 0.168777466 0.140243545
vt 0.530517578 0.535644531
vn -0.589292049 -0.801437140 -0.102143832
v -0.046695665 0.182723999 0.071052581
vt 0.504150391 0.543457031
vn -0.489160419 -0.867865324 -0.086786434
v -0.015712693 0.156845093 0.055912044
vt 0.487304688 0.523925781
vn 0.384375840 0.902106583 0.196110040
vt 0.483886719 0.521484375
v -0.034839589 0.168457031 0.040111568
vt 0.477294922 0.522705078
vn -0.094196640 0.949816108 0.298289329
v -0.016700709 0.158020020 -0.009298301
vt 0.472167969 0.538574219
vn -0.054993808 0.966319680 0.251400203
v -0.011996228 0.170455933 0.035457633
vt 0.486328125 0.532958984
vn -0.707106709 -0.707106829 0.000000124
v -0.030425984 0.182128906 0.045818355
vt 0.492675781 0.541503906
vn -0.189541265 -0.979296744 0.071078055
v -0.089469865 0.202003479 0.098632850
vt 0.518066406 0.561035156
vn -0.227697954 -0.973605216 -0.015703239
v -0.078247026 0.195480347 0.056186706
vt 0.501220703 0.556884766
vn -0.408942014 -0.912255347 0.023592904
v -0.081123292 0.193664551 0.161666900
vt 0.541992188 0.552978516
vn -0.362485766 -0.929854870 -0.063040927
v -0.063659608 0.185943604 0.159408599
vt 0.539550781 0.545410156
vn -0.589492261 -0.793849528 -0.149337932
v -0.096511789 0.195365906 0.118660010
vt 0.528076172 0.562011719
vn -0.299537718 -0.953791440 0.023647802
v -0.084709123 0.193183899 0.057239562
vt 0.509765625 0.568115234
vn -0.276397109 -0.955544472 -0.102661714
v -0.125991777 0.211479187 0.095886268
vt 0.525146484 0.575927734
vn -0.614554405 -0.787890315 0.039394632
v -0.112464853 0.207504272 0.148910552
vt 0.541992188 0.568847656
vn -0.746828496 -0.660353720 0.078613661
v -0.128143266 0.229568481 0.117134131
vt 0.533935547 0.579833984
vn -0.997006595 0.031401742 0.070654139
v -0.081832826 0.189666763 0.172866851
vt 0.546386719 0.550781250
vn -0.533567250 -0.839583874 -0.102005407
v -0.122466989 0.239707947 0.117111236
vt 0.537597656 0.584472656
vn -0.950343311 -0.306309015 -0.054978397
v -0.064666688 0.176696792 0.178527862
vt 0.547119141 0.541748047
vn -0.448985964 -0.882218063 -0.141784936
v -0.113227792 0.223884583 0.160079986
vt 0.550537109 0.574218750
vn -0.904167414 -0.424565613 -0.047173813
v -0.114730768 0.205940247 0.225158721
vt 0.565185547 0.562011719
vn -0.733079314 -0.677901328 -0.055177890
v -0.130142152 0.242820740 0.169830352
vt 0.554931641 0.584472656
vn -0.843749940 -0.528329432 -0.094626032
v -0.042758878 0.169799820 0.195693985
vt 0.551757812 0.531005859
vn -0.290189385 -0.956840694 0.015685994
v -0.070701532 0.174469009 0.218154937
vt 0.562988281 0.540771484
vn -0.509901941 -0.855066359 -0.094135635
v -0.099098139 0.194862366 0.248535186
vt 0.575683594 0.553710938
vn -0.606882751 -0.788159430 -0.102460608
v -0.060401849 0.173782364 0.222976714
vt 0.563964844 0.536132812
vn -0.276164711 -0.954741061 -0.110465825
v -0.025733884 0.164123550 0.199844375
vt 0.551757812 0.522216797
vn -0.283666819 -0.953436017 0.102435350
v -0.038974699 0.174758926 0.214538589
vt 0.558837891 0.526367188
vn -0.157946125 -0.987163544 0.023691989
v -0.048419882 0.163955703 0.253341675
vt 0.574951172 0.527832031
vn -0.094856463 -0.980183661 -0.173903495
v -0.071235582 0.169006363 0.270675659
vt 0.583007812 0.535888672
vn -0.496247619 -0.850710213 -0.173292741
v -0.043884210 0.172012344 0.246551529
vt 0.570800781 0.524902344
vn -0.227655903 -0.934174240 -0.274757057
v -0.043559957 0.161148086 0.264816284
vt 0.578613281 0.524658203
vn -0.581291318 -0.699120641 -0.416330159
v -0.030177999 0.139205948 0.255294800
vt 0.577880859 0.515869141
vn -0.047283664 -0.985076845 -0.165492862
v -0.040893480 0.152725235 0.291915894
vt 0.589843750 0.519042969
vn 0.007866231 -0.975410879 -0.220254019
v -0.061717913 0.158294693 0.289443970
vt 0.589843750 0.528564453
vn -0.441781133 -0.820450664 -0.362891555
v -0.085372850 0.169815078 0.304122925
vt 0.597412109 0.537353516
vn -0.651928544 -0.738328695 -0.172800228
v -0.021200098 0.140609756 0.336135864
vt 0.604980469 0.505615234
vn 0.188689992 -0.951311946 -0.243724540
v -0.055820391 0.143875137 0.291915894
vt 0.593261719 0.523437500
vn -0.252211034 -0.906383336 -0.338908494
v -0.046020426 0.138198867 0.331192017
vt 0.606201172 0.514892578
vn -0.055082239 -0.991480768 -0.118033372
v -0.025861656 0.139755264 0.350753784
vt 0.611328125 0.505615234
vn 0.047351409 -0.994378924 -0.094702721
v -0.004500302 0.139236465 0.381210327
vt 0.619628906 0.493164062
vn 0.450371325 -0.884940088 -0.118518792
v 0.033157431 0.166488662 0.355056763
vt 0.612792969 0.481445312
vn 0.471288234 -0.879737973 -0.062838450
v -0.021423247 0.128860489 0.425552368
vt 0.637451172 0.491699219
vn -0.047098279 -0.996914387 -0.062797703
v -0.047080908 0.142120376 0.365036011
vt 0.618896484 0.511230469
vn -0.313834071 -0.949348211 -0.015691623
v -0.057186045 0.140426651 0.341903687
vt 0.611083984 0.518310547
vn -0.418505162 -0.908077240 -0.015792554
v -0.067466646 0.153671280 0.395645142
vt 0.632324219 0.515869141
vn -0.560080349 -0.804622591 0.197211519
v -0.068481371 0.154602066 0.307144165
vt 0.598876953 0.527832031
vn -0.582100034 -0.794487834 -0.173056662
v -0.082542337 0.151184097 0.359237671
vt 0.618408203 0.524902344
vn -0.695418596 -0.711223662 0.102732413
v -0.084762491 0.161895767 0.320114136
vt 0.603515625 0.532714844
vn -0.676745892 -0.723960757 -0.133775234
v -0.079421915 0.158599868 0.346633911
vt 0.613525391 0.528564453
vn -0.841372907 -0.534704268 -0.078632839
v -0.078079142 0.165420547 0.374465942
vt 0.623779297 0.527587891
vn -0.879710734 -0.439855427 0.180655032
v -0.083145060 0.166519180 0.343490601
vt 0.612548828 0.532226562
vn -0.244359732 -0.969556570 -0.015765073
v -0.115951456 0.165359512 0.369430602
vt 0.624511719 0.534667969
vn 0.007865050 -0.998854995 0.047190044
v -0.099243082 0.166748062 0.344650269
vt 0.614746094 0.536621094
vn 0.377660215 -0.904810905 -0.196698025
v -0.097602762 0.176895157 0.324722290
vt 0.606445312 0.540527344
vn -0.126046807 -0.913839221 -0.386018217
v -0.107963480 0.162033096 0.346054077
vt 0.616943359 0.538574219
vn 0.000000011 -0.971520424 -0.236956164
v -0.140487596 0.165222183 0.339279234
vt 0.620849609 0.552490234
vn -0.622510612 -0.709189296 -0.330954880
v -0.131423876 0.188827530 0.292282164
vt 0.603027344 0.558349609
vn -0.566087425 -0.691884696 -0.448152512
v -0.137191698 0.212608337 0.340744078
vt 0.614257812 0.572509766
vn -0.969888031 -0.118279077 -0.212902114
v -0.106628351 0.199195862 0.269546509
vt 0.585205078 0.556396484
vn -0.393847346 -0.874341130 -0.283569992
v -0.132614061 0.203186035 0.307418883
vt 0.607177734 0.566650391
vn -0.652532697 0.699703753 -0.290888011
v -0.120735101 0.208221436 0.256698668
vt 0.579345703 0.565673828
vn -0.805651069 -0.568694890 -0.165869191
v -0.125076219 0.206504822 0.268264830
vt 0.591552734 0.563964844
vn -0.941879392 0.266865760 -0.204073742
v -0.127166674 0.207153320 0.290969908
vt 0.600341797 0.567382812
vn 0.840126991 0.502505898 0.204142869
v -0.127624437 0.197921753 0.300399840
vt 0.603027344 0.573242188
vn 0.268382877 0.805148900 -0.528872430
v -0.123062067 0.202194214 0.270034850
vt 0.590576172 0.565185547
vn 0.595899820 0.713511646 0.368516862
v -0.118667528 0.204124451 0.327957213
vt 0.611083984 0.576904297
vn -0.953643262 0.212796360 -0.212796316
v -0.129211351 0.187530532 0.305099547
vt 0.596191406 0.571044922
vn 0.315705299 0.931330681 0.181530476
v -0.112121508 0.194831848 0.288986206
vt 0.592529297 0.572265625
vn -0.962931275 0.252572089 -0.094714426
v -0.122352526 0.209457397 0.295120299
vt 0.593261719 0.575195312
vn -0.933426380 -0.348057330 -0.087014191
v -0.134445116 0.226249695 0.315933287
vt 0.597900391 0.580810547
vn -0.543694913 -0.819482148 -0.181231543
v -0.123588488 0.217826843 0.284988463
vt 0.588378906 0.575927734
vn -0.888882458 -0.440508157 -0.125859335
v -0.115287714 0.217086792 0.226745635
vt 0.568115234 0.567626953
vn -0.875755012 -0.473381132 -0.094676085
v -0.135543749 0.235588074 0.272415221
vt 0.584472656 0.583007812
vn -0.630527556 -0.764514685 -0.133986980
v -0.142776415 0.227470398 0.275131285
vt 0.589843750 0.586669922
vn -0.533846736 -0.824322164 -0.188416392
v -0.128051698 0.231948853 0.218078643
vt 0.567626953 0.578125000
vn -0.778707206 -0.621392727 -0.086522900
v -0.140136659 0.248519897 0.225936919
vt 0.571777344 0.587646484
vn -0.865712523 -0.480076969 -0.141661897
v -0.155502245 0.241371155 0.321090758
vt 0.594482422 0.602050781
vn -0.860806644 -0.379070848 -0.339584112
v -0.149124071 0.244148254 0.261978209
vt 0.583740234 0.592041016
vn -0.972005606 -0.173854709 -0.158049539
v -0.145568788 0.273612976 0.177032501
vt 0.556152344 0.601318359
vn -0.858480632 -0.504062057 -0.094511494
v -0.141769350 0.268123627 0.156845123
vt 0.551513672 0.595458984
vn -0.824703515 -0.565510929 -0.007854186
v -0.146423280 0.256092072 0.254592955
vt 0.581298828 0.593750000
vn -0.947499752 -0.300041616 -0.110541493
v -0.148422167 0.249664307 0.290115416
vt 0.589111328 0.600830078
vn -0.979510665 -0.134287789 -0.150086179
v -0.152236879 0.274730682 0.246337920
vt 0.576904297 0.600097656
vn -0.787499309 -0.606374502 -0.110249765
v -0.158096254 0.272819519 0.218017608
vt 0.571044922 0.605712891
vn -0.793849528 -0.589492321 -0.149337903
v -0.159637392 0.275661469 0.252365172
vt 0.579101562 0.602050781
vn -0.777793527 -0.628520012 0.000000129
v -0.157363817 0.276645660 0.287521422
vt 0.586914062 0.607910156
vn -0.866034448 -0.496001571 -0.062984191
v -0.167526186 0.287418365 0.247634917
vt 0.579101562 0.609619141
vn -0.895199120 -0.431894362 -0.109936595
v -0.164825380 0.308167458 0.176040679
vt 0.568847656 0.627441406
vn -0.954503298 -0.236653775 -0.181434378
v -0.180496156 0.318877578 0.238052413
vt 0.584228516 0.621093750
vn -0.979510665 -0.039496444 -0.197481856
vt 0.751464844 0.289062500
vt 0.737304688 0.274658203
v 0.309753418 0.325653076 -0.301101685
vt 0.753173828 0.273681641
vn -0.039310519 0.849104881 -0.526759565
vt 0.745849609 0.260253906
v 0.246475220 0.332379341 -0.247650161
vt 0.799560547 0.268798828
vn 0.401861489 0.724926591 0.559454024
vt 0.797363281 0.288818359
vt 0.818847656 0.286132812
v 0.203216553 0.333339691 -0.218994156
vt 0.828125000 0.259765625
vn 0.464322388 0.653199196 0.598110080
vt 0.833740234 0.282226562
v 0.200042725 0.338823318 -0.252883911
vt 0.814453125 0.246093750
vn -0.078603901 0.951106191 -0.298694551
v 0.172012329 0.332576752 -0.229278579
vt 0.836425781 0.242187500
vn 0.502335548 0.863389373 0.047093861
vt 0.827392578 0.235107422
vt 0.812744141 0.224609375
vt 0.799804688 0.231933594
v 0.260314941 0.331897736 -0.280471802
vt 0.780761719 0.259033203
vn -0.078468286 0.902384102 -0.423728257
v 0.253204346 0.321547031 -0.286178589
vt 0.777099609 0.251220703
vn -0.268424898 -0.015789747 -0.963171244
vt 0.762939453 0.247070312
vt 0.777343750 0.231445312
vt 0.792968750 0.226074219
vt 0.985595703 0.484375000
vt 0.971679688 0.472412109
vt 0.995605469 0.472412109
vt 0.977294922 0.487792969
v 0.177154556 0.268749237 -0.153991714
vt 0.889404297 0.641601562
vn 0.969225287 -0.157597572 -0.189117268
vt 0.888671875 0.633544922
vt 0.908203125 0.643554688
vt 0.881591797 0.633300781
v 0.188217178 0.273914337 -0.128875747
vt 0.881835938 0.647460938
vn 0.985903800 0.118308492 -0.118308589
vt 0.870605469 0.635009766
v 0.176666275 0.276008606 -0.140258804
vt 0.887451172 0.646972656
vn 0.932231247 0.213307202 -0.292309940
v 0.182891861 0.285308838 -0.123146065
vt 0.882812500 0.651855469
vn 0.974356353 0.204300553 -0.094292678
v 0.179046646 0.299446106 -0.139480606
vt 0.893066406 0.656005859
vn 0.996392667 0.070610546 -0.047073804
v 0.181686416 0.302163124 -0.123291023
vt 0.886962891 0.660400391
vn 0.992864966 0.118198253 0.015759625
v 0.173080444 0.334716797 -0.187759414
vt 0.919921875 0.661621094
vn 0.919551075 0.314376473 0.235782206
vt 0.921630859 0.634765625
vt 0.933349609 0.648681641
vt 0.939453125 0.658691406
v 0.165481567 0.365215302 -0.204635620
vt 0.931396484 0.675048828
vn 0.969677091 0.244390205 -0.000000138
vt 0.949951172 0.659912109
v 0.174026504 0.330099106 -0.141494766
vt 0.898681641 0.668701172
vn 0.972218156 0.229222193 -0.047425415
vt 0.958007812 0.674804688
v 0.180419937 0.321874142 -0.131439224
vt 0.893066406 0.666992188
vn 0.968203902 0.228275746 -0.102330625
v 0.173339859 0.351558685 -0.090698250
vt 0.880371094 0.683837891
vn 0.974085748 0.212099373 -0.078555435
v 0.160049453 0.386093140 -0.130340576
vt 0.903808594 0.697265625
vn 0.933656514 0.313834161 -0.172608912
v 0.163833633 0.377021790 -0.093360908
vt 0.882568359 0.693359375
vn -0.094714537 -0.962931275 -0.252572089
v 0.157302856 0.393196106 -0.231292725
vt 0.946777344 0.685791016
vn 0.985566676 0.149806187 0.078845195
vt 0.969970703 0.681884766
v 0.179718032 0.364940643 -0.131164566
vt 0.891357422 0.702636719
vn -0.047318999 -0.875400960 -0.481076181
v 0.175262466 0.364059448 -0.091896065
vt 0.880615234 0.707031250
vn 0.805073678 -0.536715686 0.252572030
v 0.191680923 0.392868042 -0.124725357
vt 0.892333984 0.711914062
vn 0.890371144 0.417607784 -0.181226134
v 0.174514785 0.397178650 -0.066734321
vt 0.877197266 0.726806641
vn 0.961226106 0.165457010 0.220609143
v 0.161254898 0.413078308 -0.073745742
vt 0.888427734 0.728271484
vn 0.929018736 0.370032907 -0.000000138
v 0.158203140 0.413055420 -0.098381057
vt 0.895019531 0.724365234
vn 0.946202755 0.220780686 -0.236550838
v 0.151565567 0.420349121 -0.110176101
vt 0.903808594 0.716796875
vn 0.738146484 0.518273175 -0.431894392
v 0.152908340 0.419479370 -0.103935257
vt 0.900390625 0.720947266
vn 0.880798280 0.039321367 -0.471856385
v 0.155151382 0.437736511 -0.101875320
vt 0.904052734 0.724609375
vn 0.993389368 0.110376634 -0.031536303
v 0.147247314 0.418235779 -0.141937256
vt 0.915283203 0.711181641
vn 0.988150001 0.150198847 -0.031620938
v 0.150573730 0.446929932 -0.137100220
vt 0.914794922 0.725830078
vn 0.935935080 0.322465062 0.141569868
v 0.147720337 0.415885925 -0.202468872
vt 0.940185547 0.701660156
vn 0.989919007 0.133560538 -0.047139138
v 0.147064209 0.420524597 -0.216873169
vt 0.947998047 0.701171875
vn 0.630527616 0.133987144 0.764514506
v 0.152084351 0.436790466 -0.195175171
vt 0.940185547 0.713378906
vn 0.982001901 -0.180688307 -0.054992229
v 0.144866943 0.449707031 -0.202011108
vt 0.947265625 0.716308594
vn 0.927639663 0.188672513 -0.322315603
v 0.159042358 0.466217041 -0.202423096
vt 0.947509766 0.724609375
vn 0.882519305 0.464898556 0.070916578
v 0.138137817 0.484893799 -0.207778931
vt 0.956542969 0.727050781
vn 0.474193454 0.861451507 -0.181774274
v 0.183792144 0.256923676 -0.007693297
vt 0.172851562 0.679687500
vn 0.999876022 0.000000044 0.015745949
vt 0.173583984 0.690429688
vt 0.144775391 0.699707031
vt 0.187011719 0.684814453
v 0.181839019 0.294738770 -0.052143104
vt 0.147460938 0.679931641
vn 0.987440705 0.157990545 -0.000000136
vt 0.122802734 0.700439453
vt 0.120361328 0.694580078
v 0.181381255 0.320795536 -0.036174782
vt 0.151123047 0.664794922
vn 0.999938011 -0.007873484 -0.007873659
v 0.181274444 0.297554016 0.001856558
vt 0.168701172 0.662109375
vn 0.982487082 0.165057868 0.086458728
v 0.173049957 0.333929062 -0.000569710
vt 0.165527344 0.653320312
vn 0.929364383 -0.204775125 0.307162672
v 0.171615630 0.332131386 -0.042854317
vt 0.145019531 0.667480469
vn 0.993111670 0.078818426 -0.086700350
v 0.180313125 0.302675247 -0.066062935
vt 0.139404297 0.678710938
vn 0.990530550 0.133643061 0.031445276
vt 0.120605469 0.688232422
vt 0.125488281 0.662109375
v 0.178512588 0.327856064 -0.060302742
vt 0.138671875 0.663818359
vn 0.840127110 -0.502505839 -0.204143107
v 0.187149078 0.318485081 -0.021619806
vt 0.153076172 0.658447266
vn 0.827978909 -0.559871376 0.031541970
v 0.183532745 0.332224846 0.002353778
vt 0.160644531 0.649414062
vn 0.992957532 0.118209280 0.007880479
v 0.184722915 0.338567734 -0.073982246
vt 0.133056641 0.658935547
vn 0.989522040 0.133506984 -0.054973584
v 0.174346954 0.379146576 -0.018926630
vt 0.139160156 0.632568359
vn 0.973455131 0.227662936 -0.023551472
v 0.171310440 0.396713257 -0.044746410
vt 0.124267578 0.637451172
vn 0.924474239 0.376057357 0.062676087
v 0.169616729 0.390251160 0.007072915
vt 0.137451172 0.621093750
vn 0.795152307 0.606205344 0.015745461
v 0.155654922 0.413787842 -0.033069618
vt 0.120117188 0.627197266
vn 0.788943887 0.591708004 0.165678069
vt 0.110107422 0.635742188
vt 0.115234375 0.642822266
v 0.176620498 0.369464874 -0.076560982
vt 0.122070312 0.652832031
vn 0.903804362 0.298648447 -0.306507707
v 0.167312637 0.371002197 -0.069549568
vt 0.116455078 0.653564453
vn 0.931707978 0.000000025 -0.363208354
vt 0.109619141 0.653320312
vt 0.113769531 0.658935547
v 0.175552398 0.304361343 0.024934761
vt 0.555664062 0.765136719
vn 0.944852591 0.149601698 -0.291329682
vt 0.549072266 0.775634766
v 0.170990020 0.326354027 0.010281555
vt 0.544921875 0.763427734
vn 0.947234035 -0.197340384 -0.252595842
vt 0.538085938 0.765625000
v 0.187255889 0.307523727 0.026725760
vt 0.558105469 0.759521484
vn 0.890067279 -0.141780600 -0.433218747
v 0.182113677 0.293663025 0.029556267
vt 0.562255859 0.767089844
vn 0.981184721 0.086344294 -0.172688648
vt 0.562011719 0.793457031
vt 0.582519531 0.783935547
v 0.192657501 0.364158630 0.039184555
vt 0.542236328 0.735839844
vn 0.888827384 0.291032016 -0.353957981
v 0.187194854 0.249778748 0.032825463
vt 0.582763672 0.780761719
vn 0.986149251 -0.149894640 -0.071002863
v 0.203033477 0.312591553 0.042201985
vt 0.562500000 0.746826172
vn 0.906580389 -0.228615910 -0.354749024
v 0.217895553 0.355571747 0.096687302
vt 0.563476562 0.710205078
vn 0.834438741 0.511684179 -0.204673782
v 0.188293502 0.294616699 0.087425224
vt 0.588378906 0.745605469
vn 0.924417555 -0.371347189 -0.086911164
v 0.215484664 0.309910297 0.102867112
vt 0.584228516 0.727539062
vn 0.896637738 -0.432588369 -0.094383016
v 0.222549483 0.351867676 0.118415818
vt 0.575927734 0.707031250
vn 0.984832287 0.133937225 0.110301085
v 0.204681441 0.298648864 0.149780259
vt 0.607421875 0.719482422
vn 0.836410761 -0.473439991 0.276173234
v 0.186874434 0.388496399 0.162979111
vt 0.580810547 0.676757812
vn 0.722441256 0.691030920 -0.023557993
v 0.170898482 0.399009705 0.136856064
vt 0.562744141 0.671630859
vn 0.717693269 0.678259671 -0.157734916
v 0.211410567 0.359996796 0.172683701
vt 0.600097656 0.687011719
vn 0.952992380 0.141767517 0.267782837
v 0.193130538 0.291406631 0.140228257
vt 0.609375000 0.728515625
vn 0.945233583 -0.307200879 0.110277139
v 0.206771910 0.362045288 0.188598618
vt 0.603271484 0.679687500
vn 0.819914937 0.528214514 -0.220746487
v 0.188736007 0.392616272 0.178161606
vt 0.583984375 0.669189453
vn 0.804022431 0.370480955 -0.465071976
v 0.198013350 0.336301833 0.164413437
vt 0.607666016 0.698730469
vn 0.876273394 -0.394717693 0.276302308
v 0.205902144 0.345615417 0.174285874
vt 0.607421875 0.690185547
vn 0.800449371 -0.431614906 -0.415919930
v 0.190994307 0.303089142 0.152069077
vt 0.613037109 0.717773438
v 0.203033507 0.323994666 0.204666123
vt 0.623291016 0.691894531
vn 0.886991024 -0.392473876 -0.243333921
v 0.218612731 0.341201812 0.184722885
vt 0.614013672 0.683593750
vn 0.715537906 -0.141534969 -0.684085846
v 0.216857970 0.327669173 0.203460678
vt 0.623535156 0.684814453
vn 0.662259638 -0.741100073 -0.110376664
v 0.227584898 0.347717315 0.202346787
vt 0.618896484 0.676269531
vn 0.985658526 0.102508523 -0.134049699
v 0.225952208 0.338718444 0.237411484
vt 0.630859375 0.669433594
vn 0.969105005 -0.220609218 0.110304512
v 0.219818175 0.368080169 0.238479599
vt 0.618408203 0.659179688
vn 0.989064693 0.133445278 0.062797621
v 0.214767516 0.368518859 0.202758774
vt 0.610595703 0.670410156
vn 0.943391562 0.172955155 -0.283017576
v 0.211975157 0.369621277 0.200073227
vt 0.608398438 0.670166016
vn -0.645349324 0.676829696 -0.354155034
v 0.212463424 0.364234924 0.175994858
vt 0.611328125 0.659179688
vn 0.763306499 -0.645269275 0.031476483
v 0.216430709 0.367622405 0.136322007
vt 0.612548828 0.640625000
vn -0.951282620 0.290888041 -0.102203801
v 0.195358321 0.376960754 0.188110337
vt 0.594970703 0.674072266
vn 0.877230525 0.165962562 -0.450469851
v 0.213974059 0.382530212 0.222930893
vt 0.600830078 0.665771484
vn -0.478656024 -0.423728287 -0.768988132
v 0.208816573 0.389129639 0.191329941
vt 0.591796875 0.662597656
vn -0.055130117 -0.842702687 -0.535549283
v 0.218933150 0.378685027 0.172561631
vt 0.604980469 0.652343750
vn -0.930982769 -0.362925529 -0.039448284
v 0.186691329 0.410560608 0.185211167
vt 0.583496094 0.654052734
vn -0.595991373 -0.799883187 -0.070577808
v 0.220367476 0.377754241 0.133590683
vt 0.604248047 0.636474609
vn -0.745218396 -0.666774392 -0.007844278
v 0.224319503 0.377243042 0.117477402
vt 0.606445312 0.630859375
vn 0.961226106 -0.275761545 -0.000000114
v 0.216766402 0.383735657 0.119239792
vt 0.601806641 0.631347656
vn 0.669021785 0.739859462 -0.070837721
v 0.195526168 0.397811890 0.119331352
vt 0.578613281 0.631347656
v 0.163360640 0.424293518 0.158737183
vt 0.566406250 0.654052734
vn 0.275070876 -0.809494376 -0.518705130
v 0.149108931 0.428627014 0.137771606
vt 0.556152344 0.656005859
vn 0.903888047 0.400854737 -0.149338171
v 0.161621138 0.424659729 0.137420654
vt 0.555175781 0.648925781
vn -0.672089040 -0.640461385 -0.371625602
v 0.181869552 0.410697937 0.120651230
vt 0.565917969 0.633544922
vn 0.599615991 0.788968444 -0.134124741
vt 0.151123047 0.258789062
vt 0.148925781 0.236572266
vt 0.175537109 0.260009766
vt 0.147216797 0.258300781
v 0.225173920 0.383979797 -0.464736938
vt 0.169677734 0.232910156
vn 0.574287117 0.770960748 0.275343001
v 0.218719453 0.382858276 -0.448837280
vt 0.175537109 0.238281250
vn 0.394680798 0.907765925 0.142085001
v 0.238006562 0.384384155 -0.475326538
vt 0.159179688 0.230712891
vn 0.973245323 -0.227613762 0.031394895
v 0.234680146 0.385696411 -0.447921753
vt 0.175048828 0.222412109
vn -0.797205687 -0.402549416 -0.449907988
v 0.237213105 0.387214661 -0.446487427
vt 0.174316406 0.220703125
vn 0.710868657 0.379130006 0.592390358
v 0.210418671 0.390632629 -0.425369263
vt 0.186035156 0.206054688
vn 0.102330610 -0.763542891 0.637597680
v 0.201751679 0.398994446 -0.426376343
vt 0.182861328 0.198242188
vn -0.331067950 -0.480836958 0.811905086
v 0.191421479 0.434906006 -0.439773560
vt 0.161865234 0.181884766
vn 0.725760698 0.449656069 0.520654202
v 0.197936982 0.437164307 -0.447036743
vt 0.156494141 0.186035156
vn 0.425025642 0.794955254 0.432896346
v 0.234542817 0.424995422 -0.470413208
vt 0.153076172 0.209960938
vn 0.779793620 0.582876086 0.228424251
v 0.234374955 0.424934387 -0.491165161
vt 0.145019531 0.213623047
vn 0.639044464 0.347135365 -0.686381280
v 0.193618730 0.437599182 -0.492538452
vt 0.129150391 0.197509766
vn -0.117655091 0.235310465 0.964772701
v 0.188384965 0.435363770 -0.488571167
vt 0.130126953 0.192871094
vn 0.904558957 0.259569108 0.338226259
v 0.202072099 0.437255859 -0.494491577
vt 0.130371094 0.202148438
vn 0.197673127 0.324184120 -0.925110877
vt 0.124023438 0.226074219
v 0.178390458 0.431457520 -0.496109009
vt 0.117675781 0.200927734
vn -0.505759060 -0.363514334 -0.782345891
vt 0.067871094 0.290039062
v 0.234558061 0.386650085 -0.488021851
vt 0.088623047 0.293945312
vn -0.755530775 0.181012601 0.629609168
vt 0.073242188 0.298583984
v 0.220184296 0.384773254 -0.471389771
vt 0.078613281 0.299316406
vn -0.851582587 -0.362711132 -0.378480971
vt 0.074462891 0.305908203
v 0.237976030 0.381042480 -0.490676880
vt 0.090332031 0.296875000
vn -0.299472719 0.953584015 -0.031523436
v 0.231704667 0.423423767 -0.488876343
vt 0.094482422 0.275634766
vn -0.700049877 -0.322494924 0.637124240
vt 0.052001953 0.275390625
vt 0.052001953 0.282226562
v 0.189544648 0.433723450 -0.441970825
vt 0.064453125 0.254882812
vn -0.648186028 -0.569138885 -0.505901158
v 0.231109589 0.423744202 -0.470657349
vt 0.084472656 0.273925781
vn -0.608776569 -0.687838376 -0.395309329
v 0.200881913 0.433807373 -0.479782104
vt 0.087646484 0.258056641
vn -0.346757829 -0.937822342 -0.015761634
vt 0.093750000 0.252929688
v 0.201217607 0.423583984 -0.490737915
vt 0.100341797 0.261962891
vn 0.157033235 -0.109923117 0.981456876
vt 0.098876953 0.248779297
vt 0.198486328 0.437744141
v 0.211135834 0.381423950 -0.488479614
vt 0.194091797 0.424560547
vn 0.330708653 0.921259820 0.204724312
vt 0.202392578 0.435302734
vt 0.208007812 0.407226562
v 0.205963090 0.393867493 -0.489974976
vt 0.185791016 0.425781250
vn 0.716158211 0.346274346 0.605979860
vt 0.180664062 0.447753906
v 0.200103730 0.383781433 -0.420761108
vt 0.196533203 0.391601562
vn 0.764514565 0.630527556 0.133986950
vt 0.168701172 0.435058594
v 0.206817597 0.383270264 -0.421401978
vt 0.201416016 0.392578125
vn 0.536348343 0.812410057 0.228736699
vt 0.224853516 0.386718750
vt 0.230712891 0.400878906
vt 0.205078125 0.369628906
v 0.191421479 0.395538330 -0.409713745
vt 0.187988281 0.382812500
vn 0.906834126 0.402161270 0.126168087
v 0.191284150 0.410995483 -0.433700562
vt 0.176757812 0.396484375
vn 0.889075100 0.416999847 0.188829973
v 0.196273759 0.410919189 -0.489730835
vt 0.174804688 0.424560547
vn 0.877952218 0.368426412 0.305715382
v 0.200393632 0.434028625 -0.480667114
vt 0.166503906 0.430419922
vn -0.055177890 0.102473497 0.993204236
vt 0.156738281 0.427978516
vt 0.154052734 0.435546875
vt 0.159423828 0.424560547
v 0.175033540 0.447067261 -0.435958862
vt 0.153808594 0.389648438
vn 0.951753318 0.306763500 0.007865592
v 0.173889130 0.430816650 -0.442123413
vt 0.164306641 0.389160156
v 0.175964326 0.425178528 -0.405319214
vt 0.167236328 0.375976562
vn -0.315734893 -0.670936525 -0.670936465
v 0.181793183 0.414550781 -0.416885376
vt 0.176513672 0.382080078
vn 0.832994640 0.542232394 0.110018022
v 0.187942475 0.405860901 -0.396926880
vt 0.187255859 0.371337891
vn 0.861370802 0.505759060 -0.047415040
v 0.196350068 0.404144287 -0.418045044
vt 0.175781250 0.366455078
vn 0.872610331 0.267286062 0.408790261
v 0.166137666 0.430938721 -0.384414673
vt 0.181884766 0.352539062
vn 0.741376579 0.583636940 0.331253231
vt 0.099609375 0.707031250
v 0.157775834 0.384193420 -0.494125366
vt 0.084228516 0.695068359
vn -0.047185756 0.015728496 -0.998762369
vt 0.103759766 0.692871094
vt 0.076904297 0.704589844
v 0.137985185 0.380187988 -0.492538452
vt 0.069824219 0.696044922
vn -0.007873658 -0.007873571 -0.999938011
v 0.102951013 0.382156372 -0.490097046
vt 0.061767578 0.707519531
v 0.147766069 0.406250000 -0.490402222
vt 0.081787109 0.683349609
vn 0.015714806 0.062859714 -0.997898698
v 0.107902490 0.431045532 -0.492660522
vt 0.063232422 0.660644531
vn 0.023579555 0.055019230 -0.998206854
v 0.104110681 0.440330505 -0.490188599
vt 0.067382812 0.653564453
vn -0.047098454 0.062797710 -0.996914387
v 0.186340287 0.407417297 -0.490280151
vt 0.105712891 0.684326172
vn -0.071138039 0.055329438 -0.995930731
vt 0.116455078 0.679443359
vt 0.114013672 0.673339844
v 0.180145219 0.448883057 -0.488143921
vt 0.110351562 0.665771484
vn 0.722708642 0.589164793 -0.361354470
v 0.153701738 0.474838257 -0.489028931
vt 0.093750000 0.644531250
vn 0.125968516 -0.007873079 -0.992003083
v 0.131072953 0.462539673 -0.490188599
vt 0.083984375 0.645263672
vn -0.023677286 -0.102601074 -0.994440794
v 0.161315873 0.462371826 -0.492935181
vt 0.092529297 0.639160156
vn -0.055075310 -0.212433830 0.975622237
v 0.186920121 0.479263306 -0.488540649
vt 0.103271484 0.636962891
vn -0.353171974 -0.714192450 0.604316771
v 0.159484819 0.492263794 -0.482528687
vt 0.101562500 0.644287109
vn 0.268249273 -0.962541461 -0.039448414
v 0.208145097 0.451263428 -0.489120483
vt 0.170654297 0.159423828
vn 0.880118191 0.102156624 0.463633507
vt 0.171142578 0.172851562
vt 0.167724609 0.170166016
v 0.194641069 0.479278564 -0.492782593
vt 0.154052734 0.164062500
vn 0.701461792 0.701461911 -0.126105621
v 0.188796967 0.445281982 -0.450607300
vt 0.165283203 0.131591797
vn 0.750174105 0.505380452 0.426414609
v 0.149734467 0.480606079 -0.427627563
vt 0.144531250 0.132812500
vn 0.800375581 0.478656054 0.360953540
v 0.189865083 0.441162109 -0.454238892
vt 0.168945312 0.131835938
vn -0.676934659 -0.550993264 -0.488022536
vt 0.163818359 0.122802734
v 0.196441606 0.467178345 -0.491012573
vt 0.182617188 0.158691406
vn -0.798225641 -0.569032192 0.197580755
vt 0.194580078 0.177246094
vt 0.173583984 0.183105469
vt 0.193359375 0.157714844
v 0.170974687 0.479476929 -0.462478638
vt 0.197265625 0.137451172
vn -0.651928604 -0.581237495 -0.486982644
vt 0.211669922 0.147216797
vt 0.165527344 0.122070312
v 0.170425370 0.479400635 -0.469772339
vt 0.201904297 0.136962891
vn 0.890537083 -0.110332020 -0.441328257
vt 0.161132812 0.118896484
vt 0.145263672 0.103759766
vt 0.151367188 0.107177734
vt 0.154052734 0.109863281
vt 0.157470703 0.107421875
vt 0.168945312 0.105468750
vt 0.178466797 0.118896484
v 0.172042817 0.460968018 -0.449234009
vt 0.187255859 0.127197266
vn 0.235702202 -0.612825930 -0.754247308
v 0.166427568 0.458145142 -0.464645386
vt 0.198730469 0.124511719
vn 0.858640432 0.512033343 0.023632171
v 0.162094072 0.470397949 -0.478042603
vt 0.208740234 0.130615234
vn 0.923639417 0.205253243 -0.323668659
vt 0.217041016 0.135253906
vt 0.214843750 0.113769531
vt 0.215576172 0.105224609
v 0.151046708 0.460983276 -0.496078491
vt 0.456298828 0.280517578
vn -0.015759896 0.118198164 -0.992864966
vt 0.479003906 0.269531250
vt 0.478271484 0.276611328
vt 0.460937500 0.282470703
vt 0.456054688 0.263183594
vt 0.451416016 0.289550781
v 0.158615068 0.497314453 -0.485427856
vt 0.436279297 0.271728516
vn 0.463176131 0.730091393 -0.502428591
v 0.130096391 0.475448608 -0.491714478
vt 0.445312500 0.287597656
vn -0.007858331 0.062865533 -0.997991085
v 0.086364701 0.494857788 -0.490127563
vt 0.435791016 0.310058594
vn -0.000000132 0.031480409 -0.999504447
vt 0.426513672 0.235351562
v 0.148239091 0.497161865 -0.489883423
vt 0.434814453 0.280273438
vn 0.055337995 0.189730689 -0.980275512
v 0.159347489 0.504745483 -0.484878540
vt 0.431396484 0.271484375
vn 0.905175209 0.425038844 -0.000000137
v 0.143890351 0.490615845 -0.385116577
vt 0.401611328 0.224609375
vn 0.947943091 0.292282492 0.126392275
v 0.125427201 0.504409790 -0.485916138
vt 0.428955078 0.289062500
vn 0.055255178 0.315744638 -0.947234035
v 0.135101289 0.519485474 -0.425582886
vt 0.398437500 0.255859375
vn 0.715361059 0.668194413 0.204388753
v 0.131500214 0.509277344 -0.375930786
vt 0.389160156 0.227783203
vn 0.402161211 0.906834126 0.126168117
v 0.119850121 0.522659302 -0.428207397
vt 0.389160156 0.262695312
vn -0.000000022 0.987440705 0.157990456
v 0.140716508 0.529434204 -0.478134155
vt 0.415527344 0.278320312
vn 0.379129887 0.900433540 -0.213260680
v 0.108039811 0.531524658 -0.477676392
vt 0.402832031 0.290771484
vn -0.212060124 0.950343192 -0.227768213
v 0.091476396 0.515930176 -0.487228394
vt 0.408935547 0.298339844
vn -0.070793882 0.660741687 -0.747267485
v 0.091514550 0.517303467 -0.447494507
vt 0.383300781 0.280029297
vn -0.568340361 0.813042521 0.126297906
v 0.091644257 0.517379761 -0.405563354
vt 0.368652344 0.268066406
vn -0.307697743 0.946762085 -0.094676211
v 0.084739648 0.512573242 -0.455673218
vt 0.381835938 0.285400391
vn -0.109909624 0.965634465 0.235520571
v 0.092437714 0.498489380 -0.404953003
vt 0.359863281 0.276123047
vn -0.608320415 0.734724581 -0.300209999
v 0.073127717 0.505142212 -0.414505005
vt 0.358642578 0.287109375
vn -0.054948043 0.957665801 0.282589853
v 0.070716828 0.491638184 -0.402145386
vt 0.349609375 0.283691406
vn -0.196991012 0.858880401 -0.472778201
v 0.045444459 0.497207642 -0.401596069
vt 0.341796875 0.292724609
vn -0.401612222 0.897721350 0.181119248
vt 0.265136719 0.517822266
v 0.190567002 0.382118225 -0.358993530
vt 0.272705078 0.517578125
vn 0.998947680 -0.023597149 -0.039328780
vt 0.274902344 0.519775391
v 0.193939179 0.392173767 -0.389602661
vt 0.276611328 0.503662109
vn 0.983368337 0.180939823 0.015733758
vt 0.277832031 0.492675781
vt 0.285888672 0.498535156
v 0.189453095 0.398750305 -0.383865356
vt 0.282226562 0.505859375
vn 0.917490721 0.379651368 0.118640915
vt 0.274658203 0.553222656
vt 0.293701172 0.531738281
v 0.185165390 0.397979736 -0.354263306
vt 0.286132812 0.521240234
vn 0.880771041 0.385337353 0.275240779
v 0.187438935 0.406402588 -0.371109009
vt 0.288574219 0.510253906
vn 0.890592456 0.401948839 0.212796301
v 0.161773667 0.426193237 -0.326187134
vt 0.309082031 0.530761719
vn 0.732965469 0.606863976 0.307372510
vt 0.297363281 0.560546875
v 0.151580796 0.422035217 -0.298477173
vt 0.317138672 0.546875000
vn 0.942285717 0.212014318 -0.259128690
v 0.178848237 0.421615601 -0.371261597
vt 0.298583984 0.505859375
vn 0.765180290 0.638965070 0.078884445
v 0.149841294 0.426002502 -0.327529907
vt 0.316894531 0.532226562
vn 0.973245323 0.227613866 -0.031395145
vt 0.311035156 0.494873047
v 0.165863007 0.432846069 -0.370864868
vt 0.309326172 0.504394531
vn 0.457047284 0.882574141 0.110321671
v 0.148361176 0.436103821 -0.359909058
vt 0.318847656 0.511962891
vn 0.575088501 0.787792385 0.220581770
v 0.142822251 0.445968628 -0.349258423
vt 0.327636719 0.517822266
vn 0.982062519 0.000000035 -0.188556135
v 0.142486542 0.455413818 -0.378890991
vt 0.329833984 0.500976562
vn 0.932755411 0.284569472 0.221331671
v 0.144165009 0.481399536 -0.363967896
vt 0.344970703 0.508789062
vn 0.974416494 0.180738583 -0.133589506
vt 0.348388672 0.495361328
vt 0.336669922 0.472167969
vt 0.321777344 0.456542969
vt 0.315429688 0.458496094
vt 0.303955078 0.467773438
vt 0.302734375 0.460937500
vt 0.207275391 0.435546875
vt 0.215576172 0.443847656
vt 0.208740234 0.454589844
vt 0.285400391 0.458984375
v -0.042449992 0.466903687 -0.490097046
vt 0.260009766 0.513916016
vn 0.007873396 0.007873484 -0.999938011
v -0.005126042 0.517974854 -0.487686157
vt 0.238037109 0.535400391
vn -0.039368995 0.212591797 -0.976347685
v -0.041225474 0.493148804 -0.489334106
vt 0.259521484 0.527099609
vn 0.015783655 0.205189258 -0.978595138
vt 0.194824219 0.507568359
v 0.071449235 0.520339966 -0.487716675
vt 0.199462891 0.520996094
vn 0.062859669 0.927181423 -0.369301111
vt 0.192871094 0.516845703
vt 0.180664062 0.518798828
vt 0.183593750 0.486083984
vt 0.187255859 0.468017578
v 0.105918847 0.384735107 -0.492477417
vt 0.206542969 0.454589844
vn -0.133605987 -0.039295893 -0.990255177
vt 0.201904297 0.444580078
vt 0.189941406 0.462890625
v 0.038982365 0.478439331 -0.385910034
vt 0.281738281 0.591552734
vn -0.307535052 0.938376069 0.157710269
vt 0.290771484 0.595458984
v 0.036922425 0.494644165 -0.402816772
vt 0.280517578 0.597167969
vn 0.851582527 0.488871485 0.189240441
vt 0.296630859 0.586669922
v 0.051532716 0.500411987 -0.394821167
vt 0.288574219 0.589843750
vn -0.738169372 0.612523437 -0.282703072
v 0.048919652 0.498809814 -0.361526489
vt 0.277099609 0.577636719
vn -0.433218658 0.890067339 0.141780645
v 0.035308812 0.488510132 -0.369247437
vt 0.275634766 0.582763672
vn -0.165292874 0.976014912 0.141679540
v 0.017892817 0.484283447 -0.330734253
vt 0.256347656 0.566894531
vn 0.244763076 0.963261306 0.110538103
v 0.031516992 0.501632690 -0.435409546
vt 0.284912109 0.613037109
vn 0.299892068 0.915459931 0.268324405
vt 0.302734375 0.600585938
v 0.017976735 0.485977173 -0.363845825
vt 0.265136719 0.580078125
vn 0.589073896 0.730451643 0.345589906
v 0.017259572 0.500625610 -0.364242554
vt 0.260986328 0.584228516
vn 0.660905361 0.653037429 0.369792163
v 0.031967137 0.501007080 -0.372695923
vt 0.271240234 0.588134766
vn 0.592076600 0.678914487 0.434189379
v 0.006674747 0.500976562 -0.318161011
vt 0.248046875 0.568847656
vn 0.487584770 0.872934043 0.015728438
v 0.010272008 0.481857300 -0.306320190
vt 0.256103516 0.554199219
vn 0.526759505 0.849105000 -0.039310522
v -0.000629091 0.503814697 -0.340774536
vt 0.249023438 0.579345703
vn 0.369655013 0.896609962 0.243814915
v -0.007454424 0.522857666 -0.377059937
vt 0.250244141 0.599853516
vn 0.047140457 0.942809105 0.329983145
v 0.034763306 0.504852295 -0.390213013
vt 0.273925781 0.595703125
vn 0.737805426 0.675013542 -0.000000126
v 0.008380858 0.525848389 -0.396224976
vt 0.260498047 0.606445312
vn 0.494776279 0.863895118 0.094242997
v -0.024602929 0.542083740 -0.447982788
vt 0.256347656 0.635253906
vn 0.243116677 0.964624345 0.101952083
v -0.043598209 0.527236938 -0.420089722
vt 0.239257812 0.626220703
vn -0.354100287 0.904922903 0.236066848
v 0.016124688 0.517593384 -0.438827515
vt 0.277587891 0.622558594
vn 0.433178276 0.897860467 0.078759596
v -0.033031505 0.545989990 -0.472824097
vt 0.257812500 0.647949219
vn -0.102514952 0.898976445 -0.425830990
v -0.081405684 0.524948120 -0.482284546
vt 0.237304688 0.663085938
vn -0.489084423 0.796734154 -0.354980558
v 0.010361630 0.519012451 -0.476730347
vt 0.279541016 0.644287109
vn 0.181502238 0.970642745 -0.157828152
v 0.059104882 0.517517090 -0.444168091
vt 0.299316406 0.624023438
vn 0.094629109 0.954176903 0.283887297
vt 0.312988281 0.620849609
vt 0.313476562 0.643310547
vt 0.319824219 0.635986328
vt 0.329345703 0.628906250
vt 0.277587891 0.653320312
v -0.029089017 0.508819580 -0.482925415
vt 0.266845703 0.662597656
vn 0.023543218 0.376693666 -0.926038682
vt 0.264648438 0.672607422
v -0.083076522 0.507141113 -0.486679077
vt 0.239013672 0.672119141
vn -0.407683432 0.360642880 -0.838886857
v 0.146743760 0.429504395 -0.299758911
vt 0.556640625 0.362792969
vn 0.978046954 0.102537207 -0.181412071
vt 0.563232422 0.364257812
vt 0.551269531 0.369873047
v 0.157196030 0.474777222 -0.314620972
vt 0.537109375 0.361816406
vn 0.992988288 0.094570361 -0.070927866
vt 0.538085938 0.372558594
vt 0.520996094 0.368652344
v 0.176422104 0.436767578 -0.293930054
vt 0.566894531 0.352050781
vn 0.227662757 0.023551300 -0.973455191
v 0.177886948 0.417877197 -0.280227661
vt 0.576171875 0.356933594
vn 0.511747539 -0.771557868 -0.377905935
v 0.205612168 0.428527832 -0.273239136
vt 0.579833984 0.341796875
vn 0.220465586 -0.873988688 -0.433057457
v 0.211074829 0.429534912 -0.243133560
vt 0.593261719 0.342529297
vn 0.298473418 -0.738328695 0.604801178
vt 0.574707031 0.370117188
vt 0.568359375 0.374755859
v 0.184829712 0.418388367 -0.239532486
vt 0.594970703 0.356201172
vn 0.622955620 -0.622955561 0.473130763
vt 0.597656250 0.374511719
v 0.182449341 0.455856323 -0.230834976
vt 0.609375000 0.346191406
vn 0.180777729 0.180777669 0.966767192
vt 0.611572266 0.368896484
v 0.138641343 0.478622437 -0.242538452
vt 0.633056641 0.350341797
vn 0.528872371 0.615702093 0.584127605
vt 0.626464844 0.373535156
v 0.124664299 0.485183716 -0.216125488
vt 0.643066406 0.361816406
vn 0.465592802 0.875945866 0.126262367
vt 0.642822266 0.370849609
v 0.133392319 0.500213623 -0.263809204
vt 0.645507812 0.344726562
vn 0.306991488 0.889488101 0.338477701
v 0.134643540 0.516281128 -0.317398071
vt 0.347412109 0.313720703
vn 0.496432513 0.866786957 0.047279190
vt 0.356689453 0.328613281
vt 0.330566406 0.328369141
v 0.132720917 0.514190674 -0.333145142
vt 0.338623047 0.312255859
vn 0.344994545 0.933053553 -0.101930298
vt 0.318603516 0.327148438
vt 0.317626953 0.317382812
v 0.145202622 0.498428345 -0.290451050
vt 0.364501953 0.314697266
vn 0.788281858 0.614859879 0.023648327
vt 0.372558594 0.302490234
v 0.150695786 0.496231079 -0.276931763
vt 0.371582031 0.314453125
vn 0.707499981 0.636749983 0.306583196
vt 0.383789062 0.302490234
v 0.155609116 0.480697632 -0.284072876
vt 0.372558594 0.323486328
vn 0.985352218 0.094593845 -0.141890839
v 0.143814072 0.459762573 -0.281692505
vt 0.373535156 0.335937500
vn 0.883314848 0.102527633 -0.457431048
vt 0.372558594 0.354492188
vt 0.387695312 0.355712891
v 0.159728989 0.459030151 -0.280136108
vt 0.379394531 0.334960938
vn 0.094664298 0.552209139 -0.828313828
v 0.156326279 0.476028442 -0.261703491
vt 0.383056641 0.315673828
vn 0.307162762 0.929364443 -0.204775304
v 0.217834458 0.446166992 -0.286972046
vt 0.397460938 0.345947266
vn 0.031541917 0.165595740 -0.985689282
vt 0.411376953 0.356201172
v 0.207443222 0.473434448 -0.271499634
vt 0.399658203 0.328857422
vn -0.015773585 0.843881130 -0.536298335
v 0.188339218 0.477890015 -0.244552627
vt 0.404296875 0.313232422
vn 0.039485313 0.939750314 0.339573622
vt 0.424316406 0.303710938
v 0.246475205 0.434295654 -0.286117554
vt 0.408691406 0.345214844
vn 0.567421794 -0.520136714 -0.638349652
v 0.214279160 0.468566895 -0.239288345
vt 0.419433594 0.318115234
vn 0.023589293 0.047178373 0.998607934
vt 0.430175781 0.336669922
v 0.230026230 0.474304199 -0.237045303
vt 0.415771484 0.322021484
v 0.226531968 0.461196899 -0.281509399
vt 0.404052734 0.336669922
vn 0.705432236 0.619212806 -0.344878137
v 0.220413193 0.475616455 -0.269912720
vt 0.408935547 0.331787109
vn 0.931446671 0.331531912 -0.149978861
v 0.231689453 0.433502197 -0.238479629
vt 0.422119141 0.332519531
vn 0.908530533 -0.110603660 0.402913421
v 0.230804428 0.432769775 -0.264511108
vt 0.417236328 0.342041016
vn 0.897860527 -0.393798411 0.196899116
vt 0.741210938 0.885009766
vt 0.718261719 0.879882812
v 0.101219147 0.516845703 -0.373245239
vt 0.741210938 0.872802734
vn 0.047379393 0.979174554 0.197414175
vt 0.727783203 0.868652344
v 0.103668191 0.507797241 -0.356460571
vt 0.750000000 0.874511719
vn -0.086582012 0.991757214 0.094453044
vt 0.758300781 0.891357422
v 0.060611699 0.513198853 -0.371688843
vt 0.742675781 0.854980469
vn -0.274664015 0.926010132 0.258968949
v 0.078498818 0.509475708 -0.321517944
vt 0.767089844 0.868164062
vn -0.039473057 0.994719684 -0.094735242
vt 0.765136719 0.894042969
v 0.083877541 0.507965088 -0.334274292
vt 0.759765625 0.868896484
vn -0.785480380 0.565545738 -0.251353651
v 0.082542397 0.502212524 -0.350448608
vt 0.752441406 0.864990234
vn -0.236286432 0.913640797 0.330800980
v 0.082321145 0.492523193 -0.324447632
vt 0.762207031 0.863037109
vn -0.449656129 0.851979911 -0.268215865
vt 0.749023438 0.847412109
vt 0.734863281 0.846679688
v 0.040420510 0.491241455 -0.329849243
vt 0.763183594 0.845458984
vn -0.172736451 0.973605216 0.149181440
vt 0.765136719 0.833251953
vt 0.775878906 0.831054688
v 0.058330506 0.514083862 -0.400711060
vt 0.731201172 0.854003906
vn -0.401313812 0.550822616 -0.731807232
vt 0.724365234 0.847412109
vt 0.720947266 0.864257812
v 0.018722521 0.482894897 -0.268936157
vt 0.784912109 0.842041016
vn -0.415958315 0.824068189 -0.384565115
v 0.050552350 0.489929199 -0.313034058
vt 0.769042969 0.851318359
vn -0.566911578 0.700765729 -0.433057427
v 0.064331032 0.514099121 -0.319015503
vt 0.771484375 0.863037109
vn -0.526580632 0.471564621 -0.707346916
v 0.048030835 0.509140015 -0.291824341
vt 0.781494141 0.856445312
vn -0.737601101 0.423728228 -0.525736749
v 0.069671609 0.519989014 -0.301406860
vt 0.777832031 0.865966797
vn 0.134124577 0.978320897 -0.157793760
v 0.016309725 0.497802734 -0.267166138
vt 0.794677734 0.841064453
vn 0.062978402 0.991910815 -0.110212363
vt 0.780761719 0.826416016
v 0.039928421 0.515533447 -0.285354614
vt 0.787353516 0.854736328
vn -0.371695489 0.917375982 -0.142351434
v -0.001723896 0.503921509 -0.243667603
vt 0.807128906 0.834716797
vn 0.133688420 0.983003378 0.125824377
v 0.116081223 0.504776001 -0.281204224
vt 0.782958984 0.889648438
vn 0.134049535 0.985658526 0.102508426
vt 0.788085938 0.899658203
v 0.113059990 0.493835449 -0.252853394
vt 0.796630859 0.891601562
vn 0.204275310 0.927095652 0.314269662
vt 0.811767578 0.897460938
v 0.106986985 0.511322021 -0.268661499
vt 0.789550781 0.885498047
vn 0.455494255 0.871721804 0.180626929
v 0.080215439 0.515625000 -0.275344849
vt 0.788330078 0.872802734
vn 0.055142023 0.984679401 0.165426090
v 0.107879631 0.485260010 -0.218887329
vt 0.812500000 0.889892578
vn 0.355080038 0.867973447 0.347189277
v 0.093688957 0.503219604 -0.227249160
vt 0.808593750 0.880371094
vn 0.227768227 0.918926954 0.322017074
v 0.042587269 0.512420654 -0.241531372
vt 0.806640625 0.857421875
vn -0.110171370 0.975803435 0.188865155
v 0.066802971 0.499145508 -0.207504287
vt 0.820800781 0.870117188
vn 0.212118968 0.887757063 0.408525318
v 0.112625122 0.486816406 -0.187500000
vt 0.825927734 0.893798828
vn -0.007873815 0.999969006 -0.000000043
v 0.029930109 0.502380371 -0.212554932
vt 0.819335938 0.853515625
vn -0.228374809 0.960749149 0.157499835
vt 0.816650391 0.903076172
v 0.120552070 0.483840942 -0.139053345
vt 0.843017578 0.902832031
vn 0.520848930 0.828623295 0.205182806
vt 0.822753906 0.912353516
vt 0.850341797 0.920410156
v 0.092002876 0.485870361 -0.138580322
vt 0.846923828 0.889160156
vn 0.023597151 0.998947680 0.039328601
v 0.082695007 0.482696533 -0.199493408
vt 0.824462891 0.879150391
vn 0.149227411 0.981759489 0.117811076
v 0.069023132 0.483078003 -0.153640747
vt 0.843994141 0.876220703
vn 0.180922955 0.975410879 0.125859395
v 0.056846615 0.499450684 -0.192428589
vt 0.828613281 0.865722656
vn 0.291293472 0.928989947 0.228311002
v 0.050533298 0.481475830 -0.142501816
vt 0.849365234 0.872314453
vn 0.172933728 0.974717557 0.141491175
v 0.033908844 0.499633789 -0.177444458
vt 0.834228516 0.855712891
vn -0.118080996 0.991880059 0.047232352
v 0.006202218 0.483627319 -0.197265610
vt 0.828369141 0.841552734
vn -0.384956598 0.903469563 0.188550174
v 0.011655800 0.500091553 -0.220397949
vt 0.816406250 0.845458984
vn -0.322914749 0.897860467 0.299286842
v -0.017223369 0.496810913 -0.245483398
vt 0.812744141 0.829589844
vn -0.480657727 0.575213432 0.661889434
v -0.046695720 0.502563477 -0.261581421
vt 0.817871094 0.817626953
vn -0.219663575 0.862964094 0.455017418
v -0.009294517 0.482116699 -0.227401718
vt 0.821777344 0.833007812
vn -0.251835853 0.936514497 0.243965968
v -0.027864467 0.492431641 -0.248367310
vt 0.815185547 0.825683594
vn -0.094321653 0.872475505 0.479468495
v 0.026281357 0.511230469 -0.160034180
vt 0.821533203 0.961181641
vn -0.055295054 0.861021399 -0.505553901
v 0.023283007 0.495361328 -0.157516479
vt 0.833251953 0.959228516
vn 0.521043718 0.039473061 0.852616847
vt 0.829101562 0.973632812
v 0.034271240 0.513214111 -0.150863647
vt 0.822509766 0.958007812
vn 0.903441787 -0.102128141 0.416368693
v 0.013308529 0.517776489 -0.130371094
vt 0.811523438 0.946289062
vn 0.983764231 0.141662076 0.110181458
v 0.005410198 0.519699097 -0.130722046
vt 0.809570312 0.948486328
vn -0.395519704 0.791039228 -0.466713101
v 0.000365081 0.503341675 -0.148361206
vt 0.809570312 0.959716797
vn -0.409157276 0.771103978 -0.487841249
v 0.014347075 0.488189697 -0.178421021
vt 0.816894531 0.977783203
vn -0.612561285 0.698948145 -0.369107366
v -0.013243670 0.503860474 -0.125167847
vt 0.794189453 0.955566406
vn -0.788110375 0.141859874 0.598964036
v 0.000223270 0.532897949 -0.110404961
vt 0.804443359 0.943847656
vn -0.518977642 0.754876554 0.401028186
v -0.024738310 0.495849609 -0.148269653
vt 0.801757812 0.964599609
vn -0.536098301 0.693774164 -0.480911642
v -0.021427151 0.486694336 -0.148025498
vt 0.800292969 0.968017578
vn -0.070634343 -0.981033564 0.180510238
vt 0.796875000 0.984863281
v -0.008956905 0.492507935 -0.138229370
vt 0.794921875 0.966552734
vn 0.266832978 -0.831890881 0.486577660
v 0.019891744 0.510696411 -0.123245232
vt 0.785888672 0.955078125
vn 0.102617145 -0.584127605 0.805148900
vt 0.785400391 0.984619141
vt 0.964843750 0.080078125
vt 0.979248047 0.088623047
vt 0.958496094 0.089843750
vt 0.972900391 0.076171875
v 0.022327427 0.493316650 -0.139099121
vt 0.980957031 0.076171875
vn -0.118581779 0.980275512 -0.158108979
v 0.058734901 0.484313965 -0.115013123
vt 0.990722656 0.090576172
vn 0.117978618 0.991020679 0.062921889
v 0.020904547 0.494949341 -0.130508423
vt 0.984130859 0.074707031
vn 0.031479433 0.999473393 -0.007869917
v 0.179138213 0.356628418 0.004410733
vt 0.739257812 0.671142578
vn 0.930288136 0.055186614 -0.362654835
vt 0.734130859 0.679443359
vt 0.731445312 0.660156250
v 0.188873321 0.368339539 0.021394718
vt 0.750976562 0.670410156
vn 0.881207108 0.448471516 -0.149490640
v 0.187072784 0.329423904 0.006887426
vt 0.739501953 0.679931641
vn 0.957223535 -0.282459348 -0.062768869
vt 0.734130859 0.688476562
vt 0.727294922 0.686035156
vt 0.759033203 0.677978516
vt 0.750000000 0.655273438
v 0.174743682 0.383750916 0.071067803
vt 0.778076172 0.671875000
vn 0.679274380 0.726665676 -0.102681138
vt 0.785400391 0.698730469
vt 0.814208984 0.669189453
v 0.165603667 0.396957397 0.054725636
vt 0.774169922 0.662353516
vn 0.741699576 0.670685887 -0.007890548
v 0.158874542 0.404846191 0.074844345
vt 0.786865234 0.658203125
vn 0.847143471 0.525542796 -0.078439347
v 0.153518707 0.407669067 0.037334435
vt 0.769531250 0.650878906
vn 0.815968573 0.572747350 -0.078458652
vt 0.734375000 0.630126953
v 0.154235870 0.403457642 0.050273888
vt 0.776123047 0.655761719
vn 0.906383276 0.409842938 -0.102460861
v 0.156967208 0.415466309 0.117996201
vt 0.811523438 0.656982422
vn 0.901441097 0.431124061 0.039192956
v 0.159164459 0.419044495 0.087135300
vt 0.795898438 0.651855469
vn 0.933771372 0.345260054 -0.094161958
vt 0.826904297 0.656005859
v 0.135833770 0.420059204 0.008968346
vt 0.759765625 0.632080078
vn 0.871721804 0.486907691 -0.054973584
v 0.140777618 0.442291260 0.037754051
vt 0.777587891 0.630371094
vn 0.898166895 0.354539633 -0.259995848
v 0.127838165 0.470748901 0.034572594
vt 0.782470703 0.613769531
vn 0.629784584 0.739996970 -0.236169368
v 0.132217437 0.478668213 0.083496086
vt 0.808105469 0.618652344
vn 0.669956267 0.740892887 -0.047291160
v 0.118255638 0.465393066 0.006302350
vt 0.769531250 0.605712891
vn 0.611055613 0.791238725 0.023502026
v 0.137466460 0.441291809 -0.014250764
vt 0.752441406 0.614013672
vn 0.861855447 0.434881240 0.260928541
v 0.084228538 0.465637207 0.001644132
vt 0.775878906 0.584472656
vn -0.212651208 0.976620197 -0.031503890
v 0.104339622 0.469879150 -0.026065832
vt 0.759765625 0.592041016
vn 0.047187056 0.990928710 0.125832170
v 0.074920677 0.468856812 -0.019273760
vt 0.765625000 0.580322266
vn -0.149153858 0.949874580 0.274757087
v 0.075058006 0.460342407 -0.018602371
vt 0.763916016 0.575439453
vn -0.189234689 0.961942971 0.197119445
v 0.086837798 0.472702026 0.048873898
vt 0.796386719 0.594482422
vn -0.110055611 0.982638836 -0.149361134
v 0.091316253 0.465347290 0.026645659
vt 0.788818359 0.586914062
vn -0.942663610 -0.298510194 0.149255216
v 0.085815452 0.458587646 0.013443944
vt 0.786621094 0.581298828
vn -0.063031279 0.992741704 -0.102425762
v 0.056613944 0.459762573 0.004590513
vt 0.776367188 0.565917969
vn 0.204698980 0.936891794 -0.283429503
v 0.092918426 0.472152710 0.070465080
vt 0.804687500 0.591308594
vn -0.993883729 0.110431477 0.000000126
v 0.089355506 0.478378296 0.082916252
vt 0.815429688 0.594970703
vn 0.141640007 0.904922903 -0.401313692
v 0.089576758 0.468414307 0.086082451
vt 0.809570312 0.587890625
vn 0.023630029 0.960957706 -0.275684595
v 0.050933868 0.471725464 0.065719604
vt 0.812255859 0.572509766
vn 0.331738591 0.853042305 -0.402825594
v 0.057579067 0.463912964 0.027982714
vt 0.792236328 0.568603516
vn 0.252572060 0.962931275 -0.094714619
v 0.056980155 0.470031738 0.006599427
vt 0.780029297 0.561523438
vn 0.196448788 0.966528416 -0.165017113
v 0.031478908 0.471359253 0.030307774
vt 0.798828125 0.557128906
vn 0.290977925 0.943712413 -0.157285482
v 0.044399291 0.482192993 0.059303284
vt 0.817382812 0.565917969
vn 0.054947961 0.957665801 -0.282589912
v 0.089546233 0.486816406 0.083091728
vt 0.819335938 0.592529297
vn 0.260733068 0.845407546 -0.466159344
v 0.056789435 0.491104126 0.101890564
vt 0.833007812 0.578857422
vn 0.007847480 0.988790512 -0.149103373
v -0.012623752 0.487014771 0.088981636
vt 0.833251953 0.543945312
vn -0.283175081 0.951782823 -0.117989615
v 0.091171302 0.488281250 0.105346672
vt 0.828125000 0.598388672
vn 0.196254998 0.949874580 -0.243356377
v 0.104759254 0.482604980 0.116226189
vt 0.828613281 0.607910156
vn 0.290216118 0.925554276 -0.243154183
v 0.121406592 0.498870850 0.144317612
vt 0.843994141 0.616455078
vn 0.164757743 0.894399703 -0.415817499
v 0.125152633 0.483688354 0.134307861
vt 0.833740234 0.625732422
vn 0.722418964 0.667452395 -0.180604875
v 0.111694381 0.482620239 0.143371582
vt 0.836425781 0.617919922
vn 0.536164820 0.551934481 -0.638667107
v 0.039417304 0.489685059 0.113395691
vt 0.843017578 0.574707031
vn 0.015765073 0.969556570 -0.244359821
v 0.024290124 0.494583130 0.125068665
vt 0.850097656 0.568359375
vn -0.110263579 0.937240422 0.330790699
v 0.002379218 0.495239258 0.130096436
vt 0.854492188 0.559570312
vn -0.229129136 0.971823514 0.055307016
v 0.125656173 0.505661011 0.165664658
vt 0.857666016 0.623779297
vn 0.347189307 0.907426775 -0.236720130
v 0.041236918 0.498840332 0.143783569
vt 0.860595703 0.578857422
vn -0.235716879 0.966438949 -0.102143958
v 0.003124993 0.476303101 0.136123672
vt 0.860351562 0.558837891
vn -0.244321883 0.969406009 -0.023644060
v 0.051963851 0.508590698 0.175704956
vt 0.875244141 0.587890625
vn -0.173686698 0.963171303 -0.205266014
v 0.035072368 0.480865479 0.148681656
vt 0.864501953 0.570556641
vn -0.549328029 0.808296978 0.211883724
v 0.032878920 0.485839844 0.171676651
vt 0.872314453 0.562011719
vn -0.031565715 0.875945807 -0.481375635
v 0.046295211 0.495071411 0.176849365
vt 0.870849609 0.567138672
vn -0.627571702 0.760930598 -0.164737493
v 0.132537887 0.497604370 0.150726303
vt 0.847167969 0.625976562
vn 0.811099052 0.401612192 -0.425236613
v 0.152099654 0.448562622 0.151855469
vt 0.838134766 0.652832031
vn 0.951782823 0.283175051 0.117989466
v 0.146041915 0.439765930 0.151260376
vt 0.833984375 0.660644531
vn 0.676389933 0.731445014 -0.086515121
v 0.136261031 0.461944580 0.189651489
vt 0.859619141 0.651367188
vn 0.920746326 0.259697706 0.291176081
v 0.128494307 0.475616455 0.203933716
vt 0.870361328 0.648193359
vn 0.835060000 -0.480553359 -0.267849505
v 0.143005416 0.457077026 0.158721924
vt 0.844726562 0.657470703
vn -0.353008986 -0.784464598 0.509902120
v 0.135055587 0.469345093 0.172042847
vt 0.856445312 0.662597656
vn -0.714720845 -0.636180222 0.290600926
v 0.122741744 0.489807129 0.185363755
vt 0.870117188 0.664550781
vn -0.660741627 -0.464092404 0.589948058
v 0.134719893 0.454299927 0.165054321
vt 0.847412109 0.663330078
vn 0.784392118 0.611825943 0.101970844
v 0.151977584 0.447296143 0.198364258
vt 0.851318359 0.680419922
vn 0.639821529 0.750408053 -0.165879786
v 0.142272994 0.450454712 0.200134277
vt 0.856201172 0.677978516
vn 0.608548343 0.790322542 -0.071129151
v 0.165176451 0.442749023 0.230911255
vt 0.862060547 0.690185547
vn 0.623556852 0.781419456 0.023679262
v 0.123451278 0.470458984 0.177490234
vt 0.859863281 0.670410156
vn 0.645569205 0.763661265 -0.007872915
v 0.145095885 0.454147339 0.253463745
vt 0.876464844 0.695312500
vn 0.678745210 0.733992040 -0.023677282
v 0.100112960 0.483047485 0.164474487
vt 0.872314453 0.672851562
vn 0.488567948 -0.299444735 0.819533050
v 0.093322806 0.490585327 0.203002915
vt 0.872314453 0.685302734
vn 0.526499212 0.840827167 0.125731051
v 0.105560347 0.492950439 0.196182236
vt 0.876220703 0.664062500
vn 0.149583220 -0.928989947 0.338530213
vt 0.135253906 0.876464844
v 0.161743179 0.493103027 -0.078346267
vt 0.150878906 0.893798828
vn 0.801858127 0.007861415 0.597462773
v 0.162765518 0.423454285 -0.057510387
vt 0.132812500 0.884277344
vn 0.874097168 0.165369779 0.456735313
vt 0.122802734 0.879882812
v 0.146667495 0.437774658 -0.055969246
vt 0.130615234 0.892822266
vn 0.576054633 0.528707623 0.623401463
v 0.152053848 0.429649353 -0.054039009
vt 0.130126953 0.888671875
vn 0.805073619 0.536715806 0.252571970
vt 0.111816406 0.887451172
vt 0.106933594 0.876464844
v 0.140533462 0.505615234 -0.075675972
vt 0.148681641 0.905273438
vn -0.416484386 0.345760703 0.840827227
vt 0.098632812 0.901367188
v 0.126586929 0.458404541 -0.059494026
vt 0.129150391 0.905029297
vn 0.290978044 0.849341273 0.440399110
v 0.114875801 0.471511841 -0.092582710
vt 0.139648438 0.918457031
vn -0.300041616 0.947499752 0.110541627
v 0.110420242 0.470092773 -0.055480964
vt 0.123535156 0.912841797
vn 0.400966197 0.912001610 0.086482830
vt 0.110107422 0.914306641
v 0.093177803 0.482742310 -0.092864998
vt 0.134765625 0.926757812
vn 0.125545204 0.980822146 0.149084911
vt 0.149658203 0.938476562
v 0.085845962 0.476425171 -0.066558845
vt 0.124023438 0.924072266
vn 0.015728515 0.990898132 0.133692548
v 0.033313766 0.473434448 -0.051540371
vt 0.107177734 0.939697266
vn -0.047366124 0.939428151 0.339457214
vt 0.100097656 0.922851562
v 0.065780655 0.474792480 -0.078910828
vt 0.124755859 0.933349609
vn 0.078555286 0.974085748 0.212099269
vt 0.136718750 0.943603516
vt 0.143554688 0.953369141
vt 0.153076172 0.949462891
v 0.143402115 0.450073242 -0.105224624
vt 0.602783203 0.257324219
vn 0.503297627 0.196600661 -0.841450989
vt 0.596191406 0.262451172
vt 0.591064453 0.251464844
vt 0.590820312 0.272949219
v 0.129302993 0.463378906 -0.111015327
vt 0.604003906 0.248779297
vn 0.591707885 0.757386148 -0.276130468
vt 0.591552734 0.237060547
v 0.162612930 0.493377686 -0.104446426
vt 0.618652344 0.261230469
vn 0.748356283 -0.181181014 -0.638072371
v 0.142013550 0.500061035 -0.110694893
vt 0.622070312 0.250488281
vn -0.292382956 0.015804423 -0.956170797
vt 0.606445312 0.239746094
vt 0.585937500 0.225585938
vt 0.619140625 0.274414062
vt 0.588867188 0.285156250
v 0.177413940 0.539703369 -0.113967910
vt 0.633056641 0.264892578
vn 0.923639476 -0.323668510 -0.205253318
v 0.156494141 0.521682739 -0.111686721
vt 0.632812500 0.256103516
vn 0.141956761 -0.197162390 -0.970038831
v 0.135559097 0.525527954 -0.099761970
vt 0.631835938 0.240478516
vn -0.945468366 0.275761545 -0.173335746
vt 0.622558594 0.230468750
v 0.156311035 0.585327148 -0.104316734
vt 0.657958984 0.231445312
vn -0.889708638 0.322814614 0.322814763
v 0.156082153 0.554534912 -0.120582595
vt 0.646728516 0.249023438
vn -0.545475960 0.015810834 -0.837977409
v 0.167526245 0.621185303 -0.122329734
vt 0.675537109 0.240966797
vn -0.775880277 0.282138199 -0.564276397
v 0.171676636 0.638610840 -0.113838218
vt 0.684082031 0.237304688
vn -0.306735069 0.935934961 -0.173030004
v 0.172134399 0.610839844 -0.127304107
vt 0.672119141 0.245605469
vn 0.031536043 -0.110376634 -0.993389368
v 0.199462891 0.612335205 -0.125686675
vt 0.678955078 0.255126953
vn 0.512112677 -0.015757332 -0.858773828
vt 0.949218750 0.092529297
v 0.021217363 0.460250854 -0.049743649
vt 0.941894531 0.087646484
vn 0.259963423 0.945321679 0.196941927
v 0.038005847 0.460372925 -0.046733852
vt 0.947265625 0.086181641
vn -0.432842731 0.503671706 0.747637630
vt 0.957275391 0.074218750
vt 0.959472656 0.075927734
v 0.010923409 0.459640503 -0.004798405
vt 0.934326172 0.072265625
vn 0.055032831 0.998453617 -0.007861891
v 0.005665325 0.469299316 -0.004549496
vt 0.930419922 0.074218750
vn 0.377812266 0.897304118 0.228261486
v 0.020807283 0.472930908 -0.051010128
vt 0.939697266 0.092773438
vn 0.142133817 0.923869848 0.355334520
v 0.026905069 0.491195679 -0.099861138
vt 0.946533203 0.112304688
vn 0.110321745 0.961375296 0.252163976
vt 0.963134766 0.102294922
v 0.003930822 0.473373413 -0.061965935
vt 0.933105469 0.097656250
vn -0.102156587 0.982274711 0.157163918
vt 0.959228516 0.118408203
vt 0.946289062 0.125488281
v -0.020475365 0.471450806 -0.001956929
vt 0.918945312 0.075927734
vn 0.102397099 0.984587789 0.141780570
v 0.018171318 0.493713379 -0.113990776
vt 0.943847656 0.118896484
vn -0.228261560 0.944530606 0.236132637
v -0.018766396 0.482315063 -0.111152641
vt 0.927978516 0.120117188
vn -0.551883101 0.804172397 -0.220753163
vt 0.946289062 0.129394531
v -0.014027592 0.473068237 -0.143615708
vt 0.928222656 0.134277344
vn -0.330258518 0.943595767 0.023589896
v -0.018024437 0.461746216 -0.125076279
vt 0.921386719 0.127685547
vn -0.567774713 0.820118904 -0.070971794
v -0.020744314 0.481857300 -0.107757561
vt 0.927001953 0.118652344
vn -0.495556265 0.849525034 0.180917412
v -0.034282666 0.472366333 -0.044067372
vt 0.915283203 0.093505859
vn -0.062867567 0.998021960 -0.000000035
v -0.056331612 0.469985962 0.003061310
vt 0.903564453 0.076171875
vn -0.299286902 0.952992260 -0.047255814
v -0.024995793 0.471954346 -0.086479180
vt 0.922119141 0.109375000
vn -0.244382605 0.969646931 -0.007883319
v -0.029514302 0.463226318 -0.092277512
vt 0.918945312 0.112792969
vn -0.440018386 0.864321709 -0.243581563
v -0.064704888 0.454879761 -0.106574997
vt 0.905761719 0.120117188
vn -0.352824628 0.933024943 -0.070564903
v -0.071662888 0.457580566 -0.061019879
vt 0.899169922 0.104980469
vn -0.615606248 0.781346321 -0.102600984
v -0.054462418 0.469360352 -0.061473832
vt 0.907470703 0.101806641
vn -0.441328198 0.890537143 -0.110332012
v -0.078102082 0.453292847 0.020246526
vt 0.889648438 0.072021484
vn -0.773478091 0.631410599 -0.055248357
vt 0.461181641 0.817138672
vt 0.453857422 0.824462891
vt 0.463378906 0.793701172
v 0.020578407 0.466659546 -0.009663576
vt 0.466308594 0.798583984
vn 0.015798928 0.703057706 -0.710957348
vt 0.468017578 0.811279297
v 0.004218603 0.471450806 0.014819153
vt 0.477539062 0.791748047
vn -0.078811117 0.945732474 -0.315244168
vt 0.478515625 0.803222656
vt 0.490966797 0.808349609
v -0.020791983 0.457611084 0.009323131
vt 0.475341797 0.781738281
vn 0.141499907 0.966916621 -0.212250054
vt 0.471679688 0.777587891
vt 0.463134766 0.789062500
v -0.030494662 0.473876953 0.031574260
vt 0.486572266 0.771240234
vn -0.094794370 0.987440705 -0.126392439
vt 0.469970703 0.758789062
vt 0.505859375 0.789062500
v -0.074005097 0.468688965 0.071861282
vt 0.498291016 0.741943359
vn -0.418988734 0.901220918 -0.110676236
vt 0.473876953 0.742431641
v -0.079788186 0.445861816 -0.028459528
vt 0.455078125 0.745117188
vn -0.908190489 0.418557346 0.000000101
v -0.086196870 0.429183960 0.013258002
vt 0.461914062 0.732177734
vn -0.857922137 0.511604905 -0.047224984
v -0.084152192 0.443389893 0.046031974
vt 0.481933594 0.730957031
vn -0.778442442 0.613318205 -0.133671850
v -0.099922150 0.417205811 0.033454921
vt 0.468261719 0.720458984
vn -0.643617570 0.690711498 -0.329657674
v -0.101676919 0.411491394 -0.007276034
vt 0.447021484 0.720703125
vn -0.801783741 0.597407460 -0.015721170
v -0.118507355 0.383934021 -0.002556296
vt 0.447021484 0.703369141
vn -0.598852396 0.780083895 -0.181231573
v -0.112274140 0.418861389 0.028627422
vt 0.469238281 0.713867188
vn -0.662712872 0.702160060 -0.260351419
v -0.125564545 0.387763977 -0.006055804
vt 0.448974609 0.699462891
vn -0.724746644 0.685358107 -0.070899054
v -0.140914887 0.368209839 0.012627633
vt 0.456054688 0.685058594
vn -0.895199060 0.431894243 -0.109936625
v -0.115371667 0.420608521 0.085540794
vt 0.497070312 0.706542969
vn -0.702356875 0.710248470 0.047349967
v -0.131912202 0.396263123 0.049640685
vt 0.477783203 0.696044922
vn -0.827670336 0.551780045 -0.102473363
v -0.142105073 0.372417450 0.036891967
vt 0.469482422 0.682861328
vn -0.944413662 0.322674632 -0.062960796
v -0.149459809 0.334363937 0.023767507
vt 0.458007812 0.665283203
vn -0.997898698 0.062859714 0.015715068
v -0.135589570 0.390983582 0.073783904
vt 0.488525391 0.690673828
vn -0.907483220 0.418231368 -0.039455689
v -0.131195024 0.401947021 0.097076446
vt 0.501220703 0.694091797
vn -0.739859402 0.590313315 0.322704673
v -0.087509118 0.445220947 0.097427391
vt 0.505859375 0.724365234
vn -0.830740452 0.556439281 -0.015674263
v -0.145782426 0.370693207 0.099556006
vt 0.500732422 0.677978516
vn -0.972005606 0.173854619 0.158049807
v -0.145431489 0.359577179 0.050430331
vt 0.476074219 0.673828125
vn -0.875400901 -0.425870776 0.228708491
v -0.142227143 0.330404282 0.025566135
vt 0.461181641 0.660644531
vn -0.967514694 -0.023597952 0.251711279
v -0.146942109 0.310887814 0.016620670
vt 0.456542969 0.645751953
vn -0.942809105 0.329983145 0.047140561
v -0.134536713 0.356884003 0.062572509
vt 0.482177734 0.668212891
vn -0.981759489 -0.117811181 0.149227574
v -0.133895829 0.365734100 0.105873138
vt 0.504150391 0.671630859
vn -0.999597251 -0.015741730 0.023612663
v -0.129638627 0.378273010 0.110229522
vt 0.510253906 0.683105469
vn -0.892590702 0.450244844 0.023697196
v -0.111114465 0.407363892 0.093643211
vt 0.504882812 0.702392578
vn -0.803747892 0.583111167 0.118198305
v -0.139511064 0.335300446 0.070159942
vt 0.483154297 0.658203125
vn -0.952608287 0.299166203 -0.055109456
v -0.119300798 0.406623840 0.135253936
vt 0.523681641 0.696289062
vn -0.838265657 0.514030695 -0.181887746
v -0.103225663 0.430252075 0.139617950
vt 0.526611328 0.711914062
vn -0.845143855 0.505506516 -0.173767790
v -0.116035409 0.435607910 0.199508697
vt 0.542480469 0.707519531
vn -0.782614887 0.592890024 -0.189724743
v -0.134506181 0.402999878 0.196716338
vt 0.552490234 0.677734375
vn -0.890980005 0.425778002 -0.157695457
v -0.087402306 0.455322266 0.107040428
vt 0.511718750 0.728271484
vn -0.890067399 0.433218598 -0.141780525
v -0.094406083 0.454589844 0.149276763
vt 0.532226562 0.723632812
vn -0.882218063 0.448985904 -0.141784921
v -0.077453569 0.483749390 0.151641876
vt 0.537353516 0.741943359
vn -0.488977909 0.843881130 -0.220828667
v -0.042568170 0.473510742 0.118408218
vt 0.515625000 0.762695312
vn 0.204489931 0.967395008 -0.149435073
v -0.136672929 0.367725372 0.136093169
vt 0.520751953 0.671875000
vn -0.867514431 0.449530125 -0.212935239
v -0.037780732 0.472930908 0.059249889
vt 0.496093750 0.763671875
vn 0.197242081 0.978320897 0.063117407
v -0.023199050 0.462844849 0.062683120
vt 0.497802734 0.773437500
vn -0.519991398 0.827259064 0.212723792
v -0.039588891 0.463729858 0.096458450
vt 0.508544922 0.766845703
vn 0.282799006 0.958374739 -0.039277729
v -0.039051015 0.470138550 0.134063736
vt 0.518310547 0.768554688
vn 0.015795035 0.971399188 -0.236926690
v -0.042594865 0.481597900 0.166915908
vt 0.527587891 0.770996094
vn 0.102559425 0.923035681 -0.370792150
v -0.012106858 0.469009399 0.108108528
vt 0.511962891 0.780029297
vn -0.496926457 0.867649317 -0.015775414
vt 0.521972656 0.788818359
v -0.009431802 0.481307983 0.112815864
vt 0.513183594 0.786621094
vn -0.912594020 0.204546914 0.354023695
vt 0.516357422 0.795410156
vt 0.523681641 0.801025391
vt 0.507568359 0.815429688
v -0.143203691 0.336643219 0.118019141
vt 0.509521484 0.657226562
vn -0.919551134 0.377251714 -0.110031657
v -0.146423295 0.364971161 0.135910064
vt 0.521972656 0.666015625
vn -0.686317265 0.473322123 -0.552209079
v -0.150237992 0.374145508 0.158493072
vt 0.532958984 0.663574219
vn -0.907765985 0.394680798 -0.142084986
v -0.146636918 0.337610245 0.122947730
vt 0.513183594 0.656494141
vn -0.971399248 -0.015795164 -0.236926511
v -0.140274003 0.371551514 0.168624908
vt 0.537841797 0.667236328
vn -0.783741534 0.611318290 -0.109723732
v -0.143005326 0.373954773 0.186126739
vt 0.546386719 0.663574219
vn -0.922805965 0.354925334 -0.149857268
v -0.150573686 0.363666534 0.175735503
vt 0.540771484 0.658203125
vn -0.810898006 0.582586884 0.055109657
v -0.149276674 0.369834900 0.196060210
vt 0.550048828 0.658203125
vn -0.797205627 0.591984332 -0.118396796
v -0.155761674 0.348348618 0.177551299
vt 0.540283203 0.649658203
vn -0.963351488 0.197408020 -0.181615323
v -0.164230287 0.342569351 0.197128326
vt 0.548828125 0.642822266
vn -0.918275714 0.306091875 -0.251152217
v -0.157409623 0.326412201 0.169387847
vt 0.533691406 0.641601562
vn -0.923639536 0.205253154 -0.323668420
v -0.147933915 0.326457024 0.159790069
vt 0.526367188 0.643798828
vn -0.913272679 -0.267683387 -0.307048470
v -0.149902299 0.318630338 0.149230987
vt 0.521484375 0.642089844
vn -0.857815802 0.503671587 -0.102308206
vt 0.535156250 0.631103516
vt 0.564453125 0.624267578
v -0.158904985 0.297212601 0.132400542
vt 0.513671875 0.635253906
vn -0.986333430 0.157813296 -0.047343884
v -0.151260331 0.323860645 0.128494292
vt 0.512451172 0.647705078
vn -0.924706161 0.379366606 0.031613991
v -0.164154008 0.288299561 0.102386512
vt 0.495605469 0.631835938
vn -0.998114347 -0.039295889 -0.047154877
v -0.148162797 0.327088356 0.084548987
vt 0.489257812 0.651611328
vn -0.907709420 0.402549326 -0.118396774
v -0.144653291 0.309020996 0.039100681
vt 0.466552734 0.648925781
vn -0.941101193 0.332153350 -0.063267201
v -0.151214555 0.305799484 0.066650428
vt 0.475341797 0.643310547
vn -0.962391794 0.244542122 -0.118326738
v -0.150390595 0.305136681 -0.015644038
vt 0.440917969 0.637451172
vn -0.973455250 -0.196261182 -0.117756553
v -0.152465776 0.281814575 0.060592685
vt 0.474609375 0.627929688
vn -0.989552617 -0.070682377 -0.125657335
v -0.147445634 0.271781921 0.055282630
vt 0.471923828 0.621093750
vn -0.638171315 -0.732715189 -0.236359641
v -0.142425507 0.288911819 0.017658269
vt 0.452636719 0.621826172
vn -0.282772928 -0.816899538 -0.502707303
v -0.153137162 0.284652710 0.138366729
vt 0.514892578 0.628417969
vn -0.858480692 -0.504062116 0.094511777
vt 0.527343750 0.611572266
vt 0.546875000 0.607421875
vt 0.519287109 0.615722656
v -0.143051103 0.258689880 0.096771277
vt 0.494873047 0.614501953
vn -0.645589232 -0.763684928 0.000000118
v -0.132766679 0.259956360 0.102142364
vt 0.495117188 0.606689453
vn -0.769272506 -0.635827303 -0.062797621
v -0.135909989 0.274265289 0.064689666
vt 0.476562500 0.615234375
vn -0.490275621 -0.854028523 -0.173968688
v -0.138549760 0.273593903 0.045089759
vt 0.464843750 0.613525391
vn -0.822089493 -0.569138944 0.015809547
v -0.128021196 0.256641388 0.042728461
vt 0.468750000 0.607666016
vn -0.884305537 -0.465839535 -0.031582206
vt 0.499511719 0.592285156
vt 0.521484375 0.601806641
v -0.112976030 0.229652405 0.058944736
vt 0.467041016 0.593994141
vn -0.988699138 -0.149089605 0.015693774
v -0.119346581 0.231674194 0.049957309
vt 0.456298828 0.597167969
vn -0.922261059 -0.386246145 -0.015765009
v -0.120651200 0.212524414 0.053310428
vt 0.460693359 0.585693359
vn -0.945850015 -0.157641709 -0.283754826
vt 0.498046875 0.585449219
v -0.120910600 0.207115173 0.068199195
vt 0.470703125 0.579833984
vn -0.722174168 -0.682925642 -0.109895952
vt 0.487548828 0.575195312
vt 0.459228516 0.563964844
vt 0.452392578 0.585693359
vt 0.437744141 0.587158203
vt 0.444824219 0.607910156
v -0.138549775 0.279415131 0.016691243
vt 0.453613281 0.614746094
vn -0.928817272 -0.362081349 -0.078713194
v -0.135131806 0.285060883 0.009983097
vt 0.451416016 0.616455078
vn -0.977955699 -0.205055252 -0.039433561
v -0.140258759 0.305631638 0.000296552
vt 0.446044922 0.611816406
vn -0.781419396 -0.623556912 -0.023679245
v 0.200271606 0.619903564 -0.100921661
vt 0.144775391 0.038574219
vn 0.864348412 0.000000060 0.502893448
vt 0.190185547 0.038818359
vt 0.168945312 0.056884766
vt 0.138916016 0.046630859
vt 0.170166016 0.066406250
vt 0.135742188 0.029052734
v 0.175308228 0.629150391 -0.099006675
vt 0.145019531 0.028320312
vn -0.142062843 0.260448813 0.954978883
vt 0.191894531 0.020507812
vt 0.157714844 0.014892578
v 0.041034702 0.529983521 -0.116683960
vt 0.976562500 0.645507812
vn 0.228311121 0.842389226 0.488113314
v 0.045677189 0.508392334 -0.131408691
vt 0.984863281 0.645019531
vn 0.694097936 -0.607335567 0.386486262
v 0.024984363 0.512741089 -0.129165649
vt 0.983398438 0.654296875
vn 0.039231554 0.682631135 -0.729709268
v 0.022726063 0.493942261 -0.139739990
vt 0.991943359 0.653076172
vn 0.322425008 -0.526889861 -0.786402762
vt 0.999023438 0.645751953
vt 0.999511719 0.663574219
vt 0.984130859 0.660156250
v 0.009318357 0.517028809 -0.120735161
vt 0.980957031 0.662353516
vn 0.409056038 0.000000058 0.912509263
vt 0.325683594 0.025878906
vt 0.333740234 0.017822266
vt 0.335693359 0.028320312
vt 0.329833984 0.016601562
vt 0.335449219 0.013183594
vt 0.165527344 0.073730469
v -0.070655845 0.174911484 -0.461990356
vt 0.178222656 0.083251953
vn -0.465708911 0.884057522 0.039466877
vt 0.163818359 0.078369141
vt 0.174560547 0.079101562
vt 0.150390625 0.084960938
v -0.054164909 0.178924546 -0.436904907
vt 0.173828125 0.094970703
vn -0.591634333 0.773068786 -0.228765205
vt 0.171630859 0.070800781
v -0.069870010 0.176971421 -0.405838013
vt 0.188232422 0.104492188
vn -0.553294897 0.829942346 -0.071137868
v -0.055744190 0.180145249 -0.406417847
vt 0.182128906 0.108398438
vn -0.502505898 -0.840127110 -0.204142928
v -0.060268424 0.173370346 -0.437942505
vt 0.189941406 0.087646484
vn -0.457901180 -0.742115617 -0.489480466
vt 0.195556641 0.073486328
vt 0.202392578 0.070800781
vt 0.214843750 0.074951172
v -0.061229724 0.164413437 -0.424209595
vt 0.193847656 0.093505859
vn -0.615932405 0.694898069 -0.371138692
vt 0.221435547 0.078857422
vt 0.197753906 0.099121094
vt 0.188720703 0.108642578
vt 0.222900391 0.097656250
vt 0.215332031 0.100341797
v -0.068801887 0.172302231 -0.359542847
vt 0.856201172 0.114990234
vn -0.440508068 -0.888882458 0.125859573
vt 0.841552734 0.096923828
vt 0.859619141 0.087890625
v -0.088981636 0.185195908 -0.317977905
vt 0.853271484 0.135253906
vn -0.553294837 -0.829942405 0.071138024
vt 0.878417969 0.115722656
v -0.056568149 0.167587265 -0.295944214
vt 0.874511719 0.137939453
vn -0.299166173 -0.952608287 0.055109650
v -0.082923889 0.185668930 -0.262435913
vt 0.860595703 0.155517578
vn -0.587986708 -0.807501793 0.047039058
vt 0.862792969 0.167236328
v -0.045349125 0.172012314 -0.301193237
vt 0.878417969 0.132812500
vn -0.047274817 -0.992772460 0.110308103
v -0.048015591 0.176055893 -0.255844116
vt 0.882812500 0.146972656
vn 0.204445794 -0.975048900 0.086496294
vt 0.885253906 0.124755859
vt 0.904541016 0.136474609
vt 0.895263672 0.112304688
vt 0.897949219 0.119384766
vt 0.894287109 0.126953125
vt 0.822753906 0.335205078
vt 0.785888672 0.339111328
v -0.091117874 0.178680405 -0.389877319
vt 0.815917969 0.327392578
vn -0.605361640 -0.794045746 -0.055032764
v -0.101631172 0.194572419 -0.347335815
vt 0.795654297 0.327148438
vn -0.686039567 -0.725467324 0.055198714
v -0.110488907 0.199676484 -0.395614624
vt 0.813720703 0.312988281
vn -0.487403899 -0.872610271 0.031445514
v -0.113723770 0.201896638 -0.397506654
vt 0.812988281 0.311035156
vn -0.959322333 0.275215387 0.062906496
v -0.108367927 0.200492829 -0.328506470
vt 0.785644531 0.326171875
vn -0.898222744 -0.425473988 0.110308200
v -0.100547791 0.202186555 -0.275741577
vt 0.764404297 0.338134766
vn -0.858454049 -0.511922181 0.031503033
vt 0.763183594 0.351806641
v -0.106758110 0.206825241 -0.234634370
vt 0.750732422 0.351806641
vn -0.831353426 -0.549006999 -0.086272389
v -0.111366272 0.232086167 -0.235427827
vt 0.745361328 0.341064453
vn -0.936079741 -0.346113563 -0.062929600
v -0.106506348 0.224525422 -0.281021118
vt 0.761474609 0.326660156
vn -0.936079741 -0.346113563 0.062929869
v -0.120285042 0.243759125 -0.293197572
vt 0.758544922 0.312255859
vn -0.888662577 -0.456127733 0.047185760
v -0.114570633 0.216651887 -0.349868715
vt 0.789794922 0.314208984
vn -0.981184721 -0.172688559 0.086344391
v -0.112655647 0.227630585 -0.335891724
vt 0.780761719 0.312500000
vn -0.913499117 -0.393749654 0.102375038
v -0.116302505 0.220535249 -0.378616273
vt 0.801025391 0.306640625
vn -0.921259761 -0.362204760 0.141732410
v -0.131393448 0.249084443 -0.382919252
vt 0.797119141 0.293945312
vn -0.906834066 -0.402161270 0.126168355
v -0.133041382 0.274169892 -0.296035707
vt 0.753173828 0.299072266
vn -0.943916738 -0.322504908 0.070793889
vt 0.722656250 0.290527344
v -0.128570572 0.226798981 -0.420577943
vt 0.817871094 0.295410156
vn -0.890067399 -0.433218718 0.141780779
v -0.115303062 0.208045930 -0.408523500
vt 0.816406250 0.306152344
vn -0.865069747 -0.487584829 0.117964201
v -0.113372825 0.201332062 -0.445999146
vt 0.832031250 0.300537109
vn -0.292419374 0.956290245 -0.000000003
v -0.124458335 0.211227387 -0.452682436
vt 0.833251953 0.294433594
vn -0.797453940 -0.600064456 0.063164808
vt 0.944091797 0.337402344
v -0.111038238 0.197273225 -0.491806030
vt 0.939941406 0.351562500
vn -0.126234993 -0.765299439 -0.631174743
v -0.117607147 0.227882355 -0.494247377
vt 0.928710938 0.360595703
vt 0.932617188 0.337890625
vt 0.926025391 0.361328125
vt 0.919921875 0.375244141
v -0.158584625 0.197517365 -0.487045228
vt 0.966064453 0.357910156
vn -0.496895462 -0.859708071 -0.118308350
v -0.165527374 0.227874726 -0.487686098
vt 0.952636719 0.372070312
vn -0.717916727 -0.276121825 -0.639024556
v -0.151001006 0.269035310 -0.490981996
vt 0.937744141 0.385253906
vn -0.110376723 -0.031536218 -0.993389368
v -0.198028594 0.314581364 -0.487564027
vt 0.959960938 0.412597656
vn -0.678407431 0.039442226 -0.733626485
v -0.178085357 0.340778321 -0.490127504
vt 0.941650391 0.420898438
vn -0.259040862 0.125595450 -0.957665741
v -0.127532989 0.319288224 -0.494216859
vt 0.917724609 0.400634766
vn -0.023615589 -0.000000045 -0.999721110
v -0.126831084 0.312686890 -0.491928041
vt 0.917480469 0.398193359
vn 0.565371513 0.023557203 0.824500024
v -0.132400542 0.294500321 -0.490829408
vt 0.914306641 0.390136719
vn 0.180956453 0.007867642 -0.983459711
v -0.114288360 0.283332795 -0.489974916
vt 0.906250000 0.382568359
vn 0.007873640 -0.000000043 -0.999969006
v -0.127136275 0.386383027 -0.489761293
vt 0.887451172 0.408203125
vt 0.907714844 0.361083984
vt 0.895751953 0.373535156
v -0.085914649 0.370258301 -0.490219116
vt 0.866699219 0.382812500
vn -0.102629930 -0.000000048 -0.994719684
vt 0.335449219 0.576660156
vt 0.339111328 0.579589844
vt 0.324707031 0.605957031
vt 0.301025391 0.593505859
vt 0.323730469 0.563232422
v -0.088493384 0.453887939 -0.489883423
vt 0.343750000 0.540771484
vn -0.078475572 0.023542585 -0.996638060
v -0.128204390 0.425575227 -0.489120424
vt 0.327148438 0.538574219
vn 0.110376470 0.031536132 -0.993389487
v -0.126419112 0.457458496 -0.488052309
vt 0.332763672 0.523193359
vn -0.448972106 -0.488355607 -0.748286605
v -0.108444259 0.483688354 -0.487808228
vt 0.347900391 0.517089844
vn -0.615012765 0.599243104 -0.512510478
vt 0.360107422 0.517333984
v -0.080093421 0.500366211 -0.454727173
vt 0.361572266 0.497558594
vn -0.833689988 0.526954949 0.165165067
v -0.084808394 0.471923828 -0.492996216
vt 0.350585938 0.536376953
vn -0.142169401 0.071084581 -0.987286627
vt 0.381103516 0.526855469
v -0.045761149 0.467391968 -0.493179321
vt 0.374267578 0.538574219
vn 0.078995116 0.055296637 -0.995340228
vt 0.376953125 0.538574219
v -0.061214488 0.436897248 -0.494094849
vt 0.364257812 0.553466797
vn 0.110427968 -0.007887760 -0.993852854
v -0.061378520 0.435775727 -0.490188599
vt 0.365966797 0.553955078
vn 0.251656502 -0.031457108 -0.967305243
v -0.053375281 0.375144929 -0.490188599
vt 0.363769531 0.582031250
vn 0.181683287 0.086892039 -0.979510665
vt 0.371826172 0.597167969
vt 0.361572266 0.595214844
vt 0.380615234 0.608398438
v -0.062507667 0.373508424 -0.494155884
vt 0.356689453 0.580322266
vn 0.117847368 0.078564964 -0.989919007
v -0.054676093 0.366939515 -0.499130249
vt 0.358154297 0.587402344
vn -0.007856635 0.141416952 -0.989919007
vt 0.354980469 0.600830078
v -0.081970252 0.370464295 -0.494094849
vt 0.343750000 0.580566406
vn -0.110387035 0.512510538 -0.851556063
vt 0.366699219 0.074462891
vt 0.376953125 0.057128906
vt 0.386962891 0.064208984
v -0.070159934 0.185119614 -0.451461792
vt 0.386718750 0.058837891
vn -0.338982224 -0.938113689 -0.070949689
vt 0.374023438 0.040527344
v -0.079788223 0.188644394 -0.407180786
vt 0.385498047 0.035888672
vn -0.369301081 -0.880036652 -0.298583776
v -0.090621971 0.195510834 -0.430221558
vt 0.394287109 0.045166016
vn -0.292091101 -0.955216944 -0.047366049
v -0.082855247 0.190963730 -0.467330933
vt 0.396240234 0.062500000
vn -0.227662876 -0.973455250 0.023551410
vt 0.398681641 0.073486328
v -0.110092185 0.198654145 -0.444412231
vt 0.409179688 0.052246094
vn -0.165673018 -0.986149251 0.007889258
vt 0.411132812 0.071533203
v -0.128158584 0.198570222 -0.417617738
vt 0.420166016 0.043457031
vn -0.047154959 -0.998114347 0.039295893
vt 0.434082031 0.075439453
vt 0.030761719 0.290527344
v -0.113502532 0.200492829 -0.487747192
vt 0.031494141 0.273437500
vn -0.730451524 0.345590025 0.589074016
vt 0.043701172 0.287353516
v -0.155288726 0.200538605 -0.484634340
vt 0.036376953 0.253662109
vn 0.425672203 0.859227240 0.283781350
v -0.135498077 0.225189179 -0.487564027
vt 0.019775391 0.268066406
vn -0.805826902 -0.418714017 0.418714166
vt 0.020263672 0.306884766
vt 0.192138672 0.622558594
vt 0.186279297 0.620117188
vt 0.187500000 0.616210938
vt 0.193603516 0.608642578
vt 0.184570312 0.602783203
v -0.098075882 0.191406235 -0.404891968
vt 0.192871094 0.598632812
vn -0.339584261 -0.916087747 -0.213227242
vt 0.200195312 0.603271484
vt 0.209472656 0.589843750
vt 0.192626953 0.590087891
vt 0.199951172 0.576904297
v -0.133041397 0.200859040 -0.403121889
vt 0.196777344 0.578369141
vn -0.780180752 -0.204895973 0.591046214
vt 0.190673828 0.587646484
v -0.143417388 0.201400727 -0.438278139
vt 0.200927734 0.560302734
vn -0.142244741 0.987810552 0.063219845
vt 0.218994141 0.534179688
vt 0.185058594 0.560302734
vt 0.180419922 0.535400391
vt 0.021728516 0.459716797
v -0.155868560 0.227683991 -0.485580385
vt 0.048339844 0.451171875
vn 0.047275018 -0.110308021 0.992772579
vt 0.048095703 0.467041016
v -0.160675079 0.225997895 -0.485244691
vt 0.051757812 0.452392578
vn 0.970552027 0.205157369 -0.126250818
v -0.161819488 0.251327485 -0.484085023
vt 0.054687500 0.434326172
vn 0.958611369 0.220009223 0.180721670
v -0.150405914 0.234535187 -0.454910219
vt 0.062255859 0.451416016
vn 0.952696800 0.181091174 -0.244079500
v -0.164306670 0.271968812 -0.486312807
vt 0.056152344 0.426513672
vn 0.723423481 0.172992617 0.668380141
v -0.159561187 0.270896882 -0.447952211
vt 0.069335938 0.428710938
vn 0.997713923 -0.054992061 -0.039280202
v -0.155929595 0.269435853 -0.486587465
vt 0.041748047 0.429443359
vn -0.865605175 -0.432802647 0.251812577
v -0.148407012 0.268623322 -0.430709779
vt 0.020263672 0.423339844
vn -0.924879551 -0.355722964 0.134384349
v -0.157577544 0.283222169 -0.471206605
vt 0.039794922 0.420166016
vn -0.878600299 -0.462834150 0.117669836
v -0.155166656 0.267662019 -0.456375062
vt 0.050537109 0.424072266
vn 0.039328780 0.023597233 0.998947680
v -0.168411285 0.299537629 -0.486831605
vt 0.050048828 0.403320312
vn -0.812106848 -0.007884543 0.583455622
v -0.164169341 0.288631409 -0.443008363
vt 0.025634766 0.417968750
vn -0.663001895 -0.505144238 -0.552501440
v -0.151855499 0.217399567 -0.444778383
vt 0.851806641 0.928222656
vn -0.654009700 -0.283666909 0.701287746
vt 0.872070312 0.930664062
vt 0.862548828 0.937255859
vt 0.856689453 0.922119141
v -0.154846221 0.236930817 -0.451980531
vt 0.844482422 0.934082031
vn -0.921231210 -0.314950913 0.228339508
v -0.159805328 0.242759675 -0.466995180
vt 0.851806641 0.938232422
vn -0.958848178 -0.282938808 0.023578374
v -0.162445098 0.246795624 -0.447219789
vt 0.837158203 0.934326172
vn -0.951900542 -0.228141487 0.204540744
vt 0.843994141 0.938720703
vt 0.856445312 0.945556641
v -0.156539947 0.250846833 -0.457717836
vt 0.833496094 0.942138672
vn 0.896111190 0.408752531 -0.172933891
v -0.162414581 0.258129090 -0.462783754
vt 0.829345703 0.938720703
vn 0.860940814 0.221159160 0.458115131
v -0.169235259 0.261390656 -0.436904848
vt 0.825683594 0.925781250
vn -0.809094608 -0.581291378 0.086408295
v -0.169601470 0.274112672 -0.423355043
vt 0.819335938 0.923339844
vn 0.951312006 -0.243724495 0.188689873
vt 0.819580078 0.941406250
vt 0.836181641 0.952880859
v -0.166854888 0.268234223 -0.467636049
vt 0.824707031 0.937500000
vn 0.716846704 -0.590807617 0.370239407
v -0.157760650 0.279739350 -0.420150697
vt 0.810302734 0.923339844
vn 0.834335506 -0.377812237 0.401425451
v -0.177139312 0.292558640 -0.413131654
vt 0.810546875 0.907714844
vn 0.559037864 -0.259834409 0.787377119
vt 0.805664062 0.934326172
v -0.152435333 0.289943665 -0.426162660
vt 0.801025391 0.923339844
vn -0.723960638 -0.621661961 0.299027383
vt 0.792236328 0.942382812
v -0.162368804 0.228530854 -0.474014223
vt 0.983398438 0.528808594
vn -0.952962697 -0.126011625 0.275650471
vt 0.984375000 0.524414062
vt 0.999755859 0.528564453
v -0.165115386 0.238044709 -0.458938539
vt 0.975097656 0.526855469
vn 0.956693530 0.290144801 0.023525110
v -0.165161163 0.234313935 -0.485122621
vt 0.976806641 0.530273438
vn 0.849735439 0.322584778 0.416999668
vt 0.979003906 0.531250000
vt 0.979492188 0.538085938
vt 0.990234375 0.547851562
vt 1.000000000 0.552490234
vt 0.976074219 0.550781250
vt 0.290283203 0.916748047
vt 0.289062500 0.910644531
vt 0.290283203 0.911132812
v -0.162399322 0.251647919 -0.485092103
vt 0.294433594 0.924804688
vn -0.895668507 -0.235702306 0.377123743
vt 0.295410156 0.917724609
v -0.167007476 0.270080537 -0.485641420
vt 0.298828125 0.937744141
vn -0.699379444 -0.180738539 0.691521525
v -0.188354522 0.297168702 -0.484664857
vt 0.289550781 0.958007812
vn 0.900911391 0.237082005 0.363525510
v -0.173049957 0.294601411 -0.485488832
vt 0.298339844 0.952880859
vn -0.376914173 0.117785744 0.918728650
v -0.166946441 0.268257111 -0.467147768
vt 0.312011719 0.941650391
vn -0.962182224 -0.252375692 -0.102527469
v -0.167770416 0.282993287 -0.460800111
vt 0.315429688 0.951660156
vn 0.431987435 0.848266423 -0.306318521
vt 0.312255859 0.963134766
vt 0.297607422 0.956787109
v -0.181350738 0.316745669 -0.485061586
vt 0.287109375 0.968994141
vn 0.906834185 0.126168281 0.402161121
vt 0.933349609 0.618164062
vt 0.942382812 0.626953125
v -0.164810210 0.218162507 -0.444320619
vt 0.929443359 0.631103516
vn -0.904167414 -0.424565613 0.047174089
v -0.169082671 0.241325349 -0.433090150
vt 0.940185547 0.636474609
vn 0.912481129 0.251718968 0.322514743
v -0.174957305 0.259960145 -0.448135316
vt 0.951904297 0.640380859
vn -0.933771372 -0.345260054 0.094161958
vt 0.943359375 0.614257812
vt 0.977050781 0.618164062
v -0.189498931 0.299821824 -0.464858949
vt 0.976806641 0.635009766
vn 0.938609660 0.339161485 -0.063099943
v -0.178390533 0.281677216 -0.440566957
vt 0.962402344 0.646728516
vn 0.212427154 0.590075791 -0.778900027
vt 0.956298828 0.651367188
vt 0.961425781 0.657226562
vt 0.969726562 0.662597656
vt 0.965576172 0.668212891
vt 0.971191406 0.674316406
vt 0.977050781 0.668701172
vt 0.969726562 0.656982422
vt 0.970214844 0.648925781
vt 0.975830078 0.656005859
vt 0.975341797 0.666503906
vt 0.202148438 0.720214844
vt 0.221923828 0.693847656
vt 0.223144531 0.720703125
vt 0.218261719 0.739746094
v -0.147033706 0.291831940 -0.380752504
vt 0.198974609 0.745605469
vn -0.936398506 -0.330493629 0.118033573
vt 0.217529297 0.780517578
vt 0.193603516 0.725585938
vt 0.183349609 0.712402344
v -0.153137222 0.301069230 -0.401077211
vt 0.190917969 0.738525391
vn -0.228261620 -0.755624533 -0.613944829
vt 0.183837891 0.730957031
vt 0.968017578 0.511718750
vt 0.975341797 0.517578125
vt 0.961425781 0.519531250
v -0.147781387 0.269454926 -0.401229799
vt 0.983642578 0.492675781
vn 0.930056870 0.299509913 -0.212809771
v -0.157394439 0.278251618 -0.420516908
vt 0.972167969 0.492187500
vn -0.990071774 0.125723347 0.062861815
v -0.136840835 0.220993012 -0.410568178
vt 0.993896484 0.510742188
vn 0.961584270 0.212809667 -0.173400581
v -0.139312759 0.217987031 -0.419418275
vt 0.991699219 0.515869141
vn -0.822776854 -0.548517942 0.148883566
vt 0.976318359 0.519775391
vt 0.407226562 0.624023438
vt 0.385498047 0.636474609
vt 0.395996094 0.614257812
vt 0.399658203 0.632568359
v -0.198013335 0.315595835 -0.461563051
vt 0.360107422 0.625976562
vn -0.989919007 -0.078565031 0.117847629
vt 0.361816406 0.612792969
v -0.169738799 0.352073640 -0.465743959
vt 0.338134766 0.624511719
vn -0.750150800 0.647498488 0.134237573
v -0.179672271 0.290370911 -0.408676088
vt 0.371826172 0.651367188
vn -0.886047065 -0.371823370 0.276889861
v -0.169326812 0.261077851 -0.436080873
vt 0.386230469 0.643554688
vn -0.722954094 -0.652230442 0.227887839
v -0.167129532 0.265274018 -0.408370912
vt 0.383544922 0.657470703
vn 0.747174919 -0.235950008 -0.621335089
v -0.186553985 0.312564820 -0.405898988
vt 0.360107422 0.651367188
vn -0.756093085 0.417426437 0.504062176
v -0.156860381 0.347705811 -0.411270082
vt 0.337646484 0.652343750
vn -0.490628570 0.672635913 0.553935528
v -0.153671280 0.271686524 -0.390029848
vt 0.376464844 0.666748047
vn -0.463991821 -0.094371229 0.880798340
v -0.157058731 0.306759804 -0.399490297
vt 0.357666016 0.665283203
vn -0.604801059 0.204218566 0.769747019
v -0.153198272 0.322391957 -0.406570375
vt 0.347412109 0.662841797
vn -0.983033836 0.094371200 -0.157285273
v -0.150009170 0.273803681 -0.390609682
vt 0.376464844 0.668945312
vn -0.580450296 -0.478479266 -0.658889353
v -0.152908340 0.321047515 -0.366012514
vt 0.352050781 0.677734375
vn -0.975803435 0.188865140 -0.110171236
v -0.147094741 0.348213166 -0.374587953
vt 0.338867188 0.680908203
vn -0.974356353 0.220015898 0.047146387
v -0.154220596 0.305167168 -0.374923646
vt 0.360351562 0.677490234
vn -0.970854282 -0.228900641 0.071038246
v -0.156005874 0.343307465 -0.370986879
vt 0.344238281 0.683593750
vn -0.960868359 0.267782927 0.070883840
v -0.143508926 0.336240739 -0.317459047
vt 0.350341797 0.707763672
vn -0.988699138 -0.109855495 0.102008775
v -0.146148697 0.300479859 -0.360641420
vt 0.365234375 0.684814453
vn -0.874097049 -0.456735462 0.165369853
v -0.157394424 0.306417435 -0.356307924
vt 0.358398438 0.686523438
vn -0.976620197 -0.102387629 0.189023390
v -0.148132339 0.276760072 -0.394241273
vt 0.376953125 0.670166016
vn 0.699898362 -0.251648873 -0.668442369
v -0.141784683 0.305449456 -0.302017152
vt 0.361083984 0.711425781
vn -0.970038831 -0.197162390 0.141957045
v -0.140350342 0.325313538 -0.270706117
vt 0.356201172 0.728759766
vn -0.975169599 -0.220199630 -0.023592675
v -0.137847900 0.295654267 -0.279037416
vt 0.363037109 0.723876953
vn -0.980973184 -0.188346907 0.047086854
vt 0.371826172 0.715820312
vt 0.371826172 0.679443359
vt 0.379150391 0.677246094
v -0.159927398 0.363624543 -0.491165102
vt 0.559326172 0.128662109
vn -0.378976405 0.055267319 -0.923754632
vt 0.583251953 0.117675781
vt 0.568115234 0.136474609
v -0.128204390 0.394279450 -0.493667543
vt 0.553466797 0.109130859
vn 0.102616876 0.015787194 -0.994595706
vt 0.585693359 0.116210938
v -0.132064864 0.412719697 -0.492782533
vt 0.542236328 0.107910156
vn -0.078458659 0.031383362 -0.996423304
v -0.174209639 0.391273469 -0.488326967
vt 0.544921875 0.130859375
vn -0.995371342 -0.015799591 -0.094797149
v -0.173248336 0.445922822 -0.487380922
vt 0.520263672 0.118652344
vn -0.770698547 0.519041777 -0.369620651
v -0.134735152 0.459243774 -0.490981996
vt 0.522705078 0.097900391
vn -0.251773596 0.778924167 -0.574358225
vt 0.536621094 0.102783203
vt 0.524658203 0.095703125
v -0.130340621 0.382553071 -0.490829408
vt 0.558349609 0.105712891
vn 0.884719372 -0.007899221 0.466057360
vt 0.596435547 0.116699219
vt 0.556884766 0.103271484
vt 0.955810547 0.825927734
v -0.163696319 0.308526963 -0.451492250
vt 0.950927734 0.833740234
vn -0.982912242 0.172992513 0.062906504
vt 0.934570312 0.822509766
v -0.172485381 0.299381226 -0.442977846
vt 0.959472656 0.832275391
vn -0.651125669 -0.094138697 -0.753109038
vt 0.960205078 0.823730469
v -0.178192168 0.293256730 -0.412887514
vt 0.971923828 0.822753906
vn -0.535300434 0.062976450 -0.842310786
v -0.163101226 0.320737809 -0.438766420
vt 0.954101562 0.842529297
vn 0.693601668 0.220691472 -0.685720026
v -0.185363799 0.301696748 -0.434677064
vt 0.967041016 0.832763672
vn 0.894978285 0.211968586 -0.392534465
v -0.184585601 0.316516489 -0.441146791
vt 0.963378906 0.841064453
vn 0.504672825 -0.544100463 -0.670268714
v -0.184356719 0.312153786 -0.414291322
vt 0.972900391 0.832763672
vn 0.851000726 -0.244268715 -0.464898646
v -0.193664581 0.315669745 -0.457321107
vt 0.969482422 0.844238281
vn 0.928989947 -0.338530183 -0.149583235
v -0.161193877 0.358283967 -0.465896547
vt 0.962646484 0.869384766
vn 0.834982276 -0.535648942 -0.126035139
v -0.162796050 0.343925446 -0.433883607
vt 0.954345703 0.855224609
vn 0.843094826 -0.338813812 -0.417607874
v -0.155654937 0.342851609 -0.437545717
vt 0.951416016 0.854736328
vn 0.999597251 -0.015741644 0.023612402
v -0.161636382 0.335704774 -0.468398988
vt 0.980224609 0.221435547
vn -0.982001901 0.133552209 0.133552387
vt 0.980224609 0.202392578
vt 0.992919922 0.213623047
v -0.180694610 0.300359696 -0.459213197
vt 0.058837891 0.630371094
vn 0.205208585 0.007892685 0.978686512
vt 0.048339844 0.626708984
vt 0.063476562 0.620605469
v -0.192443877 0.305457085 -0.482620180
vt 0.047851562 0.630859375
vn 0.793384194 0.180671677 0.581291199
v -0.191513091 0.318742126 -0.484207094
vt 0.048339844 0.636474609
vn 0.715648770 -0.408941984 0.566227317
vt 0.038574219 0.628662109
vt 0.035644531 0.634277344
vt 0.024658203 0.626464844
vt 0.015869141 0.636230469
vt 0.026123047 0.617187500
vt 0.014892578 0.617919922
vt 0.954345703 0.600097656
vt 0.952880859 0.604492188
vt 0.944335938 0.609619141
vt 0.966064453 0.609619141
v -0.139251724 0.235244721 -0.389907777
vt 0.122802734 0.992919922
vn -0.907737553 -0.315734863 0.276268095
vt 0.097656250 0.989257812
vt 0.112792969 0.982666016
vt 0.116943359 0.983642578
v -0.141647354 0.257385224 -0.383865297
vt 0.132812500 0.992431641
vn 0.973605216 0.227698043 0.015703173
vt 0.137451172 0.982666016
v -0.149948135 0.272472352 -0.392135561
vt 0.985839844 0.768066406
vn -0.943829179 -0.204496354 0.259553164
vt 0.964599609 0.787841797
vt 0.976318359 0.757568359
vt 0.982666016 0.758544922
vt 0.994628906 0.777832031
vt 0.969726562 0.794433594
vt 0.992675781 0.770019531
v -0.147903457 0.275871247 -0.394119203
vt 0.987060547 0.767578125
vn 0.867083073 0.496602148 0.039412733
vt 0.278808594 0.959960938
vt 0.273925781 0.965576172
vt 0.264160156 0.958984375
vt 0.281005859 0.969970703
vt 0.282714844 0.974853516
v -0.176666290 0.308597535 -0.405624330
vt 0.263427734 0.950683594
vn 0.558156013 -0.141504377 -0.817580938
vt 0.282226562 0.944335938
vt 0.280761719 0.942138672
vt 0.268554688 0.938476562
v -0.155914336 0.306410760 -0.412734926
vt 0.252441406 0.956298828
vn -0.651827931 0.400520802 0.643974721
vt 0.258789062 0.935791016
vt 0.233154297 0.958496094
vt 0.238037109 0.953369141
v -0.163696319 0.324327439 -0.413742006
vt 0.248291016 0.950195312
vn 0.857073009 0.141535029 0.495372325
vt 0.235351562 0.942871094
vt 0.241699219 0.941406250
v -0.184097320 0.312215298 -0.412155092
vt 0.255371094 0.947753906
vn 0.693601966 -0.220691442 0.685719848
v -0.158889800 0.341588944 -0.413070619
vt 0.250976562 0.937744141
vn 0.702597499 -0.394717723 -0.592076719
vt 0.250244141 0.936279297
vt 0.834960938 0.158203125
vt 0.841552734 0.153076172
vt 0.843505859 0.156250000
vt 0.851318359 0.150146484
v -0.155563384 0.342960328 -0.437301576
vt 0.833007812 0.142822266
vn -0.970400989 0.189346492 0.149899453
vt 0.848144531 0.138183594
vt 0.816162109 0.163818359
v -0.136367828 0.406433076 -0.415023744
vt 0.800292969 0.135498047
vn -0.947943091 0.276483357 0.157990620
v -0.135040298 0.383262604 -0.368850648
vt 0.798095703 0.157714844
vn -0.935558975 0.338059098 0.102204025
v -0.132583648 0.410957307 -0.380477846
vt 0.789550781 0.145263672
vn -0.964073002 0.134338006 0.229165003
v -0.123947166 0.420524567 -0.378189027
vt 0.783935547 0.146240234
vn -0.882985413 0.409957469 0.228630260
v -0.152648941 0.362327546 -0.366561830
vt 0.807861328 0.166015625
vn -0.974657297 0.212223738 -0.070741132
vt 0.805664062 0.190673828
v -0.130081192 0.385704011 -0.346084535
vt 0.790527344 0.166503906
vn -0.857099473 0.503251016 0.110086255
v -0.153976455 0.355243653 -0.316116273
vt 0.797363281 0.187011719
vn -0.957007825 0.261002094 -0.126546383
v -0.148437500 0.335956544 -0.263565004
vt 0.806396484 0.209472656
vn -0.923869848 -0.355334610 -0.142133683
v -0.156723037 0.365623444 -0.309768617
vt 0.794921875 0.191650391
vn -0.921259820 0.362204701 0.141732380
v -0.129699722 0.396537751 -0.296829164
vt 0.777099609 0.187011719
vn -0.686744630 0.726212680 0.031574525
v -0.126220718 0.383743256 -0.307296693
vt 0.780761719 0.180664062
vn -0.727028668 0.671711147 -0.142244667
v -0.120971695 0.394714326 -0.297958314
vt 0.773437500 0.178466797
vn -0.914719641 0.386390179 0.118282825
v -0.110153213 0.422607392 -0.299545288
vt 0.760742188 0.170898438
vn -0.871829391 0.471259087 0.133523509
v -0.099052452 0.450714111 -0.338088989
vt 0.758300781 0.146240234
vn -0.927181423 0.369301051 0.062859863
vt 0.628906250 0.010009766
vt 0.649902344 0.017822266
vt 0.641113281 0.021240234
vt 0.660400391 0.023681641
vt 0.662353516 0.010986328
v -0.052330006 0.176116928 -0.199295029
vt 0.660400391 0.028564453
vn -0.157052398 -0.973725259 0.164905131
vt 0.629882812 0.029541016
vt 0.666992188 0.016601562
vt 0.654052734 0.046386719
vt 0.667236328 0.034179688
vt 0.672851562 0.040527344
vt 0.116455078 0.167968750
vt 0.102294922 0.181396484
vt 0.104980469 0.158691406
vt 0.092041016 0.177734375
v -0.118942253 0.228691086 -0.224777192
vt 0.123046875 0.154785156
vn -0.973005533 -0.219710961 -0.070621230
vt 0.114990234 0.121826172
vt 0.127441406 0.156982422
vt 0.122802734 0.130371094
v -0.123390190 0.253829956 -0.206085175
vt 0.132812500 0.145263672
vn -0.905175209 -0.425038844 0.000000137
vt 0.151855469 0.178222656
vt 0.128173828 0.108642578
vt 0.140625000 0.144287109
v -0.138809204 0.312067479 -0.267379701
vt 0.259277344 0.831542969
vn -0.957636297 -0.274731725 -0.086344115
vt 0.263916016 0.834960938
vt 0.251708984 0.834472656
vt 0.269287109 0.832519531
vt 0.267089844 0.853271484
v -0.150512695 0.328128785 -0.241241425
vt 0.269287109 0.822509766
vn -0.753828585 -0.636042953 -0.164899871
v -0.168777466 0.345138520 -0.263961732
vt 0.279541016 0.832031250
vn -0.314415306 -0.841060877 -0.440181315
v -0.136550903 0.300531387 -0.232452363
vt 0.258056641 0.815429688
vn -0.954058111 -0.299621582 0.000000138
v -0.171066284 0.340135545 -0.221847489
vt 0.281005859 0.814941406
vn -0.785649955 -0.589237571 0.188556135
v -0.192825317 0.355670899 -0.240722612
vt 0.290771484 0.823730469
vn -0.535184205 -0.755554259 0.377777219
v -0.138183594 0.308046341 -0.208404511
vt 0.263916016 0.805419922
vn -0.792284787 -0.604019165 -0.086288311
v -0.135208130 0.293436050 -0.208557099
vt 0.257324219 0.804931641
vn -0.978595018 -0.205189317 0.015783928
vt 0.248535156 0.801757812
vt 0.241210938 0.839355469
v -0.135467514 0.293762207 -0.139175385
vt 0.257568359 0.775878906
vn -0.946026325 -0.323225677 -0.023650518
vt 0.242431641 0.748779297
v -0.136947617 0.302032471 -0.173049897
vt 0.263183594 0.789794922
vn -0.942663670 -0.298510194 -0.149254948
v -0.147659302 0.314615697 -0.194030732
vt 0.269775391 0.800048828
vn -0.834438741 -0.385731131 0.393603325
v -0.155685425 0.358268738 -0.190994233
vt 0.289550781 0.800537109
vn -0.862194955 0.070543207 0.501640856
v -0.138290405 0.306136131 -0.187667817
vt 0.264892578 0.796386719
vn -0.933742702 -0.321709722 0.156931683
v -0.142013550 0.334892273 -0.178894013
vt 0.277832031 0.793212891
vn -0.894978285 -0.211968586 0.392534465
v -0.144775391 0.349693298 -0.174911469
vt 0.285888672 0.791992188
vn -0.766230106 -0.466057479 -0.442359477
vt 0.797363281 0.024169922
v -0.145355210 0.302818298 -0.174606293
vt 0.801513672 0.038574219
vn -0.945850074 -0.283755034 -0.157641530
vt 0.798095703 0.040771484
vt 0.816162109 0.047363281
v -0.141265854 0.305280685 -0.127395600
vt 0.803955078 0.021240234
vn -0.953791440 -0.299537808 0.023647860
v -0.144866928 0.312170982 -0.134048432
vt 0.806884766 0.024169922
vn -0.986057103 -0.141992256 0.086773165
v -0.148559555 0.338788986 -0.156677216
vt 0.817382812 0.034667969
vn -0.997375369 0.047120053 0.054973572
v -0.145538315 0.347091675 -0.106628381
vt 0.819091797 0.011474609
vn -0.995371222 0.094797216 -0.015799416
v -0.143127427 0.312586308 -0.102973901
vt 0.805419922 0.009765625
v -0.150650010 0.337833405 -0.099899255
vt 0.816406250 0.007080078
vn -0.998762369 0.047185577 -0.015728412
v -0.141036972 0.365749359 -0.095710725
vt 0.827880859 0.005859375
vn -0.926266909 0.376786500 -0.007849615
v -0.168273926 0.358627319 -0.181762666
vt 0.823974609 0.045898438
vn -0.816496551 0.408248305 0.408248395
vt 0.824218750 0.052734375
v -0.140625000 0.361354828 -0.171844453
vt 0.829101562 0.036621094
vn -0.880934477 0.440467209 0.173040807
v -0.127532959 0.389915466 -0.182373017
vt 0.843017578 0.040771484
vn -0.829942346 0.553294778 -0.071137816
v -0.128341660 0.392326355 -0.111343354
vt 0.844238281 0.007568359
vn -0.849341273 0.526906073 0.031457171
v -0.133544922 0.380722046 -0.183959931
vt 0.838378906 0.042480469
vn -0.637064993 0.676389992 0.369655073
v -0.135208130 0.391410828 -0.197448701
vt 0.843261719 0.047363281
vn -0.463247597 0.769462168 0.439692706
v -0.218032822 0.289854050 -0.125518754
vt 0.035400391 0.142822266
vn 0.118474305 -0.418609589 -0.900405407
v -0.192794785 0.283172607 -0.137771562
vt 0.028076172 0.148437500
vn 0.818390369 -0.574447095 0.015738193
v -0.211471543 0.285072327 -0.141113237
vt 0.028076172 0.144775391
vn -0.464092463 -0.660741746 -0.589947939
v -0.224258408 0.281440735 -0.111213639
vt 0.014892578 0.141357422
vn 0.292236775 -0.639761746 -0.710846364
v -0.208145127 0.290708542 -0.112304643
vt 0.028808594 0.156982422
vn 0.954028606 -0.134037003 0.268074006
v -0.208984360 0.289802551 -0.104957536
vt 0.025634766 0.156738281
vn 0.774056852 0.347535759 -0.529202282
v -0.196624741 0.311359882 -0.142791703
vt 0.046386719 0.156982422
vn 0.558760643 0.133787796 -0.818466544
v -0.239410385 0.282814026 -0.107826188
vt 0.017578125 0.128906250
vn -0.905624211 -0.110249951 -0.409499496
v -0.227539048 0.300512314 -0.123893693
vt 0.047363281 0.132568359
vn 0.031375550 0.149034470 -0.988334119
v -0.244476303 0.305662125 -0.154464677
vt 0.037841797 0.130371094
vn -0.331408113 -0.505002797 -0.796957374
v -0.237899765 0.302773446 -0.125549272
vt 0.038574219 0.118408203
vn -0.788943946 -0.165678278 -0.591707826
v -0.254302949 0.303676575 -0.106750444
vt 0.028320312 0.108154297
vn -0.797827125 -0.513453186 -0.315971017
v -0.238647446 0.318459719 -0.127929643
vt 0.047607422 0.115234375
vn -0.561532557 0.482443362 -0.672257125
v -0.256225586 0.323016137 -0.127563432
vt 0.044677734 0.108154297
vn -0.755811930 0.204698965 -0.621969998
vt 0.007324219 0.165283203
vt 0.026855469 0.164794922
v -0.214828476 0.306484222 -0.120666459
vt 0.013183594 0.174316406
vn 0.826233923 0.267542422 -0.495740503
vt 0.003906250 0.163818359
vt 0.016845703 0.178955078
v -0.215820298 0.333854675 -0.143112138
vt 0.008300781 0.192138672
vn 0.505191326 0.134191468 -0.852510691
vt 0.016113281 0.191650391
v -0.222625718 0.263191223 -0.107688859
vt 0.921142578 0.977294922
vn 0.007865242 -0.943829238 -0.330340177
v -0.234802231 0.270671844 -0.119789079
vt 0.912353516 0.971435547
vn -0.726393819 -0.465839505 -0.505317271
v -0.218231186 0.269371003 -0.127899125
vt 0.917724609 0.968994141
vn 0.575195551 -0.102432117 -0.811577439
v -0.209945664 0.268077850 -0.090103105
vt 0.929687500 0.972900391
vn 0.363196939 -0.931679010 -0.007895592
v -0.202636689 0.246734619 -0.076385453
vt 0.940185547 0.980957031
vn 0.746690154 -0.542332768 -0.385134995
v -0.214416489 0.274383545 -0.105819657
vt 0.924072266 0.966796875
vn 0.449362457 -0.354759902 -0.819889605
vt 0.915039062 0.959960938
v -0.226760849 0.274864197 -0.103111222
vt 0.918212891 0.980224609
vn -0.315597117 -0.946791589 0.063119531
v -0.248870835 0.272090912 -0.108718827
vt 0.902343750 0.971679688
vn -0.345728725 -0.832891822 -0.432160765
v -0.257873535 0.277645081 -0.140228227
vt 0.890869141 0.958740234
vn -0.188690111 0.243724495 -0.951311946
v -0.246917710 0.251411438 -0.097854570
vt 0.906250000 0.979248047
vn 0.094234452 -0.989461064 0.109940149
v -0.238250718 0.275001526 -0.091911271
vt 0.901367188 0.986083984
vn -0.582153976 -0.385480374 0.715892255
v -0.276550263 0.278469086 -0.106964059
vt 0.889648438 0.970703125
vn -0.716158152 0.605979919 0.346274346
vt 0.290527344 0.984375000
vt 0.291992188 0.990966797
vt 0.275146484 0.984375000
vt 0.287841797 0.979003906
vt 0.295654297 0.969482422
v -0.025394410 0.002502441 -0.103591889
vt 0.011474609 0.530029297
vn 0.054912653 -0.627571642 0.776619971
vt 0.005371094 0.535156250
vt 0.013671875 0.507324219
vt 0.011962891 0.535644531
v -0.021139115 0.016174316 -0.104110688
vt 0.017333984 0.526123047
vn -0.386534274 0.236653745 0.891395688
vt 0.018066406 0.513183594
vt 0.023925781 0.524658203
v -0.012783975 0.025695801 -0.104759187
vt 0.021484375 0.521728516
vn -0.125968605 -0.992003083 0.007873101
v -0.038578007 0.052490234 -0.110282861
vt 0.036621094 0.525634766
vn -0.654905021 -0.489206195 -0.576000750
vt 0.026855469 0.528564453
v -0.038837403 0.055023193 -0.100433312
vt 0.041259766 0.522949219
vn -0.434473813 -0.015799031 0.900545955
v -0.030462239 0.058197021 -0.112701379
vt 0.039794922 0.528076172
vn 0.094532035 0.638092041 -0.764135003
vt 0.035644531 0.534912109
v -0.019821139 0.054534912 -0.101127595
vt 0.046386719 0.534179688
vn 0.307162881 0.456806242 0.834852695
vt 0.979492188 0.316650391
vt 0.979492188 0.310302734
vt 0.992919922 0.310791016
v 0.003836181 0.071609497 -0.108551003
vt 0.989501953 0.316894531
vn -0.260904074 -0.039530911 0.964555025
vt 0.996582031 0.324462891
vt 0.986083984 0.323730469
vt 0.975585938 0.325195312
vt 0.013916016 0.685058594
vt 0.020507812 0.677490234
vt 0.024658203 0.685546875
vt 0.020507812 0.674072266
vt 0.006103516 0.685058594
vt 0.981445312 0.246582031
vt 0.979492188 0.226562500
vt 0.989746094 0.249267578
v -0.025146451 0.014129639 -0.071418732
vt 0.992919922 0.232666016
vn -0.205055162 -0.977955699 -0.039433628
vt 0.991455078 0.226806641
vt 0.993652344 0.245849609
vt 0.998779297 0.231933594
v -0.040500604 0.176834106 -0.002479527
vt 0.073242188 0.050781250
vn -0.645269334 -0.763306558 0.031476676
vt 0.047851562 0.038330078
vt 0.055175781 0.039306641
vt 0.070312500 0.042724609
vt 0.059814453 0.060058594
vt 0.088134766 0.037841797
v -0.066970788 0.187515259 -0.009463281
vt 0.067138672 0.064941406
vn -0.478243887 -0.878087163 -0.015680026
vt 0.049804688 0.081787109
vt 0.049316406 0.099609375
v -0.033283193 0.173858643 0.027082467
vt 0.089355469 0.056152344
vn -0.305630952 -0.948239803 0.086203702
v -0.030109370 0.167495728 -0.005759214
vt 0.089599609 0.049316406
vn 0.212007880 -0.149190575 0.965813041
vt 0.095947266 0.044921875
v -0.022092782 0.173156738 0.006040120
vt 0.092041016 0.051757812
vn -0.252690136 -0.931795180 0.260586858
vt 0.113281250 0.047363281
v -0.136810288 0.285118103 -0.075675935
vt 0.215332031 0.949462891
vn -0.479527891 -0.149361163 -0.864722133
vt 0.203613281 0.945312500
vt 0.211181641 0.940429688
vt 0.222656250 0.916748047
vt 0.203613281 0.948974609
vt 0.215332031 0.974853516
vt 0.221923828 0.971923828
vt 0.701416016 0.937988281
vt 0.712158203 0.932128906
vt 0.696289062 0.950683594
v -0.144638047 0.294414520 -0.073562585
vt 0.691162109 0.948486328
vn -0.982912242 -0.062906437 -0.172992423
vt 0.700683594 0.929443359
v -0.159393296 0.293109894 -0.069068871
vt 0.691650391 0.957275391
vn -0.079044610 0.980152965 0.181802541
vt 0.708984375 0.973876953
v -0.143646210 0.293199539 -0.044582333
vt 0.678222656 0.952392578
vn -0.995994210 -0.023527462 0.086267352
vt 0.649902344 0.933105469
vt 0.651367188 0.943115234
v -0.169097871 0.282691956 -0.060226403
vt 0.688720703 0.963134766
vn -0.683072805 -0.329759359 0.651667416
vt 0.661621094 0.949951172
vt 0.689697266 0.975097656
vt 0.675537109 0.974121094
vt 0.674804688 0.964111328
v -0.140594453 0.287696838 -0.012098278
vt 0.664794922 0.957519531
vn -0.954028487 -0.244420573 0.173459873
vt 0.657958984 0.966796875
vt 0.655517578 0.959716797
vt 0.656738281 0.954345703
vt 0.648437500 0.954833984
vt 0.441650391 0.044433594
v -0.193832383 0.276653290 -0.070945702
vt 0.461181641 0.061035156
vn -0.165354207 -0.330708653 0.929133952
vt 0.429687500 0.047607422
vt 0.448242188 0.067626953
vt 0.445068359 0.039794922
v -0.195083588 0.269100189 -0.059387162
vt 0.459472656 0.069824219
vn 0.086625054 -0.629999340 0.771749318
v -0.222366318 0.288105011 -0.079284623
vt 0.482666016 0.051757812
vn 0.015757943 -0.212730318 0.976983905
v -0.212493882 0.296262741 -0.086769059
vt 0.481201172 0.037841797
vn 0.700440168 0.472206891 0.535167575
v -0.220245346 0.278663635 -0.080322221
vt 0.462646484 0.083251953
vn -0.449474126 0.134053752 0.883177578
v -0.217895493 0.263126373 -0.079246476
vt 0.462158203 0.091552734
vn -0.418439835 -0.828984737 0.371069431
vt 0.181884766 0.990966797
vt 0.146240234 0.990722656
vt 0.149414062 0.984619141
vt 0.141845703 0.987060547
vt 0.998779297 0.072021484
vt 0.998779297 0.099121094
vt 0.993408203 0.076660156
v -0.199615464 0.333944321 -0.107521012
vt 0.520996094 0.954345703
vn 0.645209491 0.409157246 0.645209372
vt 0.509765625 0.964843750
v -0.199325547 0.332818985 -0.121635392
vt 0.517089844 0.951660156
vn 0.619593501 0.031371821 -0.784295797
vt 0.508300781 0.948486328
v -0.220611557 0.325865746 -0.112609819
vt 0.521484375 0.944091797
vn 0.529053628 0.844906569 0.078963123
v -0.214553818 0.307271004 -0.092361405
vt 0.523925781 0.963867188
vn 0.845645070 0.474193543 0.244999856
v -0.198104843 0.324534893 -0.070121728
vt 0.530517578 0.980224609
vn 0.966438949 0.235716864 0.102143809
v -0.217712387 0.309244156 -0.066223100
vt 0.535400391 0.976562500
vn 0.640781999 0.023732727 0.767356098
v -0.223480210 0.316529393 -0.096900895
vt 0.530273438 0.954589844
v -0.231277451 0.326220512 -0.093757585
vt 0.531982422 0.950683594
vn -0.487103045 0.872071505 0.047139026
v -0.223419175 0.336130142 -0.119178727
vt 0.519531250 0.938232422
vn -0.487630039 0.873014987 0.007865026
v -0.244537339 0.312897176 -0.109031633
vt 0.541748047 0.937988281
vn -0.424631178 0.864989460 0.267360389
vt 0.535400391 0.929931641
vt 0.543701172 0.925537109
v -0.257842988 0.317452550 -0.103935190
vt 0.547363281 0.932617188
vn -0.054978538 0.950343311 0.306308955
vt 0.081542969 0.873046875
vt 0.056640625 0.878417969
vt 0.054199219 0.871337891
vt 0.038085938 0.878906250
vt 0.042968750 0.866699219
vt 0.051025391 0.864746094
v -0.235992417 0.319784641 -0.056575730
vt 0.034912109 0.856933594
vn -0.512414932 -0.228615940 0.827747464
vt 0.892578125 0.030273438
vt 0.898437500 0.031982422
vt 0.893066406 0.051269531
v -0.242324814 0.286121368 -0.089378312
vt 0.891601562 0.024658203
vn -0.796535850 -0.520508647 0.307573408
vt 0.911132812 0.027343750
v -0.250946015 0.286928177 -0.055786084
vt 0.880126953 0.011718750
vn -0.039448347 -0.962541580 0.268249303
v -0.241638154 0.295919418 -0.054153394
vt 0.884765625 0.010009766
vn -0.244931161 0.924417555 0.292337179
v -0.240249619 0.298572540 -0.083641008
vt 0.895507812 0.015380859
vn -0.716779828 0.464725405 0.519862473
v -0.264892548 0.311255902 -0.084403940
vt 0.905517578 0.020507812
vn -0.857523680 -0.204546973 0.472031564
vt 0.913330078 0.016357422
vt 0.922851562 0.019531250
vt 0.897216797 0.001953125
v -0.214309663 0.251007080 -0.074554399
vt 0.895263672 0.006835938
vn -0.794192970 -0.110086173 0.597610772
vt 0.880859375 0.003417969
vt 0.904052734 0.010498047
vt 0.032958984 0.596679688
vt 0.038818359 0.596679688
vt 0.039550781 0.609863281
vt 0.030273438 0.605468750
vt 0.024414062 0.603759766
vt 0.026855469 0.593505859
vt 0.021972656 0.591064453
vt 0.017822266 0.601074219
vt 0.015136719 0.597656250
vt 0.008056641 0.608642578
vt 0.011718750 0.581054688
vt 0.008056641 0.585205078
vt 0.615722656 0.026367188
vt 0.619873047 0.013183594
vt 0.621337891 0.025634766
vt 0.975341797 0.363769531
vt 0.969970703 0.352294922
vt 0.985839844 0.343994141
vt 0.965332031 0.347900391
v -0.245376572 0.334934235 -0.076431230
vt 0.985107422 0.357910156
vn -0.956798375 0.268852383 -0.110703833
v -0.234497055 0.321888924 -0.076095536
vt 0.990234375 0.360107422
vn -0.580450177 0.658889413 0.478479266
vt 0.997070312 0.359375000
vt 0.994384766 0.338867188
vt 0.986572266 0.330566406
vt 0.986572266 0.305908203
v -0.225585923 0.325655937 -0.070167497
vt 0.990234375 0.298339844
vn 0.512033343 0.638072252 0.575052738
vt 0.991455078 0.303222656
vt 0.996826172 0.305908203
vt 0.979248047 0.300292969
vt 0.979980469 0.288574219
v -0.207122788 0.341148376 -0.086852983
vt 0.992675781 0.285400391
vn 0.977074921 0.212750241 0.007879499
vt 0.980224609 0.281738281
v -0.091789275 0.479843140 -0.412826538
vt 0.287597656 0.152587891
vn -0.605249465 0.786038280 0.125766173
vt 0.315917969 0.154296875
v -0.109931983 0.477035522 -0.465560913
vt 0.310058594 0.179931641
vn -0.781419337 0.591984332 0.197328195
v -0.100082427 0.471603394 -0.408950806
vt 0.286376953 0.158447266
vn -0.843986154 0.536364973 0.000000087
vt 0.320556641 0.185791016
v -0.123260535 0.458786011 -0.479721010
vt 0.314453125 0.194580078
vn -0.741722703 0.607581317 0.284064084
vt 0.316894531 0.199218750
v -0.074020416 0.486862183 -0.377456665
vt 0.288574219 0.131835938
vn -0.827773154 0.536081553 0.165554687
v -0.092079192 0.483459473 -0.402908325
vt 0.285400391 0.145263672
vn 0.706126750 0.682589233 0.188300341
v -0.098800696 0.497970581 -0.440811157
vt 0.271484375 0.151855469
vn 0.912848294 0.188865215 -0.361991733
v -0.106437720 0.528335571 -0.416824341
vt 0.256347656 0.143798828
vn 0.919437528 0.392922074 -0.015717018
v -0.094345123 0.481765747 -0.407211304
vt 0.286621094 0.156494141
vn -0.993976474 -0.094664462 0.055221047
v -0.109527625 0.523361206 -0.429733276
vt 0.258300781 0.157226562
vn -0.963832378 -0.260708779 -0.055301718
v -0.077674903 0.514816284 -0.432083130
vt 0.315673828 0.140380859
vn -0.778948307 0.597980440 0.188836038
v -0.073326141 0.500793457 -0.371353149
vt 0.293945312 0.121826172
vn -0.677333355 0.708837271 0.196899310
vt 0.329833984 0.123779297
vt 0.333251953 0.151611328
vt 0.329345703 0.156494141
v -0.123184241 0.445159912 -0.451888978
vt 0.447265625 0.567871094
vn -0.857842326 0.456466496 0.236103490
v -0.113281280 0.447860718 -0.422927856
vt 0.433837891 0.565429688
vn -0.861909270 0.506075084 0.031629786
vt 0.453857422 0.555175781
v -0.128555328 0.421073884 -0.422073305
vt 0.440429688 0.575439453
vn -0.913131177 0.401462823 0.070846483
vt 0.433105469 0.552246094
v -0.125946075 0.447113037 -0.425094545
vt 0.429687500 0.571777344
vn 0.007878537 -0.173330531 -0.984832287
v -0.131866485 0.435897797 -0.408492982
vt 0.435791016 0.578613281
vn 0.833406508 -0.424565583 -0.353804737
v -0.118270904 0.457809448 -0.413345277
vt 0.426025391 0.563720703
vn -0.244268849 0.756445110 -0.606732011
v -0.138519317 0.445816040 -0.440017641
vt 0.425048828 0.588134766
vn -0.181502283 0.907511473 0.378787398
v -0.109581023 0.470428467 -0.415786743
vt 0.427246094 0.555664062
vn -0.663332522 0.742300689 0.094761848
vt 0.432861328 0.544433594
v -0.128829986 0.449798584 -0.404281557
vt 0.416992188 0.568847656
vn -0.796436965 0.591413498 0.126168296
vt 0.431152344 0.543212891
v -0.150161773 0.431564301 -0.456222475
vt 0.416015625 0.605224609
vn -0.907426715 0.236720011 0.347189486
vt 0.427490234 0.622802734
vt 0.412353516 0.631347656
v -0.130126983 0.450561523 -0.444564760
vt 0.428955078 0.587890625
vn -0.252312899 0.938288569 0.236543342
vt 0.437500000 0.615722656
vt 0.437988281 0.606933594
v -0.133377105 0.432273835 -0.395980775
vt 0.401367188 0.571289062
vn -0.927639723 0.243701935 0.283008844
v -0.145446807 0.387382478 -0.391036928
vt 0.387207031 0.585449219
vn -0.932231188 0.213307112 0.292309910
v -0.141006500 0.437545747 -0.395828187
vt 0.405273438 0.567626953
vn -0.922719896 0.331232756 0.197162479
v -0.124244712 0.446868896 -0.378280580
vt 0.401123047 0.555175781
vn -0.663001776 0.505144238 0.552501559
vt 0.384765625 0.562011719
vt 0.386230469 0.557373047
v -0.103057891 0.464935303 -0.378005981
vt 0.409912109 0.541015625
vn -0.591579080 0.694119453 0.410161555
v -0.106513999 0.447647095 -0.379074097
vt 0.400634766 0.544677734
vn -0.792089820 0.447021008 0.415651202
vt 0.386962891 0.529052734
vt 0.426513672 0.538085938
v -0.107795745 0.521331787 -0.397781372
vt 0.440673828 0.526855469
vn -0.920518160 -0.165221259 0.354045630
vt 0.450195312 0.525878906
vt 0.441894531 0.520263672
v -0.096382171 0.468109131 -0.379043579
vt 0.410400391 0.536132812
vn -0.702160120 0.662712812 0.260351539
vt 0.416503906 0.524169922
v -0.094505332 0.460937500 -0.339797974
vt 0.390625000 0.524169922
vn -0.762527764 0.644611001 -0.055027705
v -0.098251365 0.480606079 -0.339401245
vt 0.385498047 0.512451172
vn -0.771104038 0.487841219 -0.409157127
v -0.065002464 0.487777710 -0.340652466
vt 0.401855469 0.505371094
vn -0.843121171 0.441259623 -0.307305723
vt 0.415771484 0.516357422
v -0.124031104 0.451843262 -0.445846498
vt 0.983398438 0.989501953
vn 0.951664984 -0.015729943 0.306734860
v -0.137817413 0.463043213 -0.448409975
vt 0.970458984 0.978271484
vn 0.212809503 0.173400417 -0.961584330
v -0.112442054 0.480545044 -0.449478149
vt 0.980957031 0.970703125
vn 0.118080832 -0.047232423 -0.991880059
v -0.121353187 0.494232178 -0.447860658
vt 0.985107422 0.953613281
vn 0.039253559 0.141312405 0.989186585
v -0.130493194 0.451995850 -0.444930971
vt 0.986083984 0.989990234
vn -0.236066714 -0.259673506 0.936398506
v -0.152267501 0.499694824 -0.451553285
vt 0.970947266 0.964111328
vn -0.047139134 0.047138952 -0.997775495
v -0.157104522 0.476699829 -0.447494447
vt 0.957519531 0.963378906
vn -0.094371133 0.157285452 0.983033836
v -0.158508345 0.481460571 -0.459915102
vt 0.945312500 0.972412109
vn 0.617087841 0.767404139 0.174050316
v -0.139678985 0.465560913 -0.460372865
vt 0.965087891 0.980957031
vn 0.670435309 0.536348343 -0.512686014
vt 0.083007812 0.808837891
vt 0.094238281 0.808837891
vt 0.092285156 0.822998047
vt 0.101806641 0.806640625
vt 0.104492188 0.810058594
v -0.147903487 0.416786164 -0.487502992
vt 0.116455078 0.827636719
vn -0.793481886 0.384956598 0.471375525
vt 0.089599609 0.842041016
vt 0.093261719 0.850830078
v -0.153503448 0.370132416 -0.456466615
vt 0.122070312 0.854003906
vn -0.940366268 0.173849210 0.292382956
vt 0.116455078 0.868408203
v -0.169616744 0.392272919 -0.486007631
vt 0.129638672 0.835205078
vn 0.995930731 0.086946383 0.023712503
v -0.150711089 0.384712189 -0.409072816
vt 0.139160156 0.866455078
vn 0.860404253 -0.489404202 -0.142085195
vt 0.269287109 0.685058594
vt 0.277587891 0.680175781
v -0.100067154 0.471206665 -0.300918579
vt 0.277587891 0.697509766
vn -0.927553773 0.361588746 0.094327606
v -0.099655166 0.438293427 -0.299118042
vt 0.289794922 0.691650391
vn -0.960421562 0.204679966 0.188935488
vt 0.296630859 0.686279297
v -0.083244331 0.451766968 -0.258010864
vt 0.293212891 0.711425781
vn -0.916087687 0.339584172 0.213227406
v -0.082321174 0.476196289 -0.252487183
vt 0.285888672 0.718994141
vn -0.873014927 0.298869997 0.385385126
v -0.094108582 0.429389954 -0.215438813
vt 0.312988281 0.718505859
vn -0.859654605 0.504751265 0.078867480
v -0.085792556 0.499572754 -0.287979126
vt 0.270996094 0.710449219
vn -0.692162871 0.676431775 0.251695633
v -0.063758865 0.513427734 -0.293167114
vt 0.260986328 0.713378906
vn -0.450357318 0.892813563 -0.007900985
vt 0.268066406 0.728759766
v -0.072845474 0.495986938 -0.265304565
vt 0.275146484 0.720214844
vn -0.345589995 0.824703515 0.447696179
vt 0.270507812 0.739257812
v -0.060642250 0.480651855 -0.223175019
vt 0.288818359 0.734619141
vn -0.559854031 0.796412110 0.228672817
v -0.078262337 0.453460693 -0.229888886
vt 0.299072266 0.722412109
vn -0.884057522 0.465708822 0.039466951
v -0.053180698 0.477951050 -0.214767441
vt 0.288818359 0.739746094
vn -0.055279452 0.987132728 0.150044128
vt 0.271728516 0.749755859
v -0.085769653 0.457031250 -0.188598603
vt 0.311279297 0.735107422
vn -0.851979971 0.520654321 -0.055220831
v -0.093482971 0.435974121 -0.208938569
vt 0.312988281 0.722412109
vn -0.873907447 0.440890193 -0.204698920
v -0.074195862 0.476043701 -0.187881440
vt 0.303955078 0.741699219
vn -0.416022390 0.902689934 0.109892704
v -0.020084385 0.486007690 -0.193481430
vt 0.283203125 0.756103516
vn -0.102245025 0.990989983 0.086514972
v -0.043807987 0.478775024 -0.203308091
vt 0.289794922 0.746337891
vn -0.102232359 0.975139380 0.196600646
v -0.070205688 0.466705322 -0.150711030
vt 0.315185547 0.753906250
vn -0.471929193 0.849472523 0.235964626
v -0.111389160 0.403198242 -0.196487397
vt 0.329589844 0.718017578
vn -0.852510691 0.505191386 -0.134191394
vt 0.275146484 0.764160156
vt 0.265625000 0.760009766
v 0.002722262 0.478515625 -0.181793198
vt 0.282226562 0.767333984
vn -0.221014395 0.955097914 0.197334260
vt 0.278076172 0.773437500
vt 0.271972656 0.779296875
vt 0.298583984 0.773193359
vt 0.281738281 0.782958984
vt 0.287109375 0.787109375
v -0.048301693 0.470657349 -0.154724106
vt 0.306640625 0.759521484
vn -0.126333311 0.963291407 0.236874908
v -0.034572598 0.469207764 -0.134124741
vt 0.307128906 0.770263672
vn -0.331821442 0.758449078 0.560936272
vt 0.308593750 0.778320312
v -0.029932017 0.458938599 -0.133743271
vt 0.311035156 0.772216797
vn -0.180962190 0.920546770 0.346188545
vt 0.329345703 0.768310547
v -0.060165398 0.462005615 -0.129730195
vt 0.319091797 0.762207031
vn -0.047093935 0.863389373 0.502335548
v -0.065330498 0.452270508 -0.124603242
vt 0.324707031 0.762207031
vn -0.274968982 0.911325812 0.306394041
v -0.083175652 0.448669434 -0.131683320
vt 0.328125000 0.754638672
vn -0.623576283 0.765657008 0.157867461
v -0.088165268 0.435775757 -0.082618691
vt 0.345458984 0.768310547
vn -0.709255397 0.701374710 0.070925593
v -0.109580986 0.418960571 -0.119201638
vt 0.345214844 0.748779297
vn -0.781419456 0.623556852 0.023679454
v -0.117645249 0.399459839 -0.067871064
vt 0.364501953 0.761474609
vn -0.776214063 0.619403064 0.117608272
vt 0.358886719 0.744140625
vt 0.340576172 0.717285156
v -0.097366326 0.436637878 -0.149169892
vt 0.329833984 0.743896484
vn -0.834361315 0.550993204 0.015742751
v -0.117828369 0.379562378 -0.208206147
vt 0.334960938 0.708251953
vn -0.487630069 0.857285023 -0.165164977
vt 0.343994141 0.711425781
v -0.106117249 0.406867981 -0.205032319
vt 0.324951172 0.716308594
vn -0.905063093 0.424986124 -0.015740126
v -0.113716133 0.399604768 -0.256210268
vt 0.317382812 0.695312500
vn -0.910651684 0.400372684 0.102055892
v -0.121963508 0.374790192 -0.248474091
vt 0.329345703 0.690917969
vn -0.306735009 0.951664925 -0.015729997
v -0.118827827 0.391975373 -0.271743715
vt 0.316650391 0.687255859
vn -0.794291317 0.566227376 0.220199645
v -0.129089355 0.376399964 -0.255294740
vt 0.328369141 0.686767578
vn 0.023589103 0.990744889 -0.133671969
vt 0.308593750 0.678466797
vt 0.311767578 0.677001953
vt 0.309082031 0.673095703
v -0.143478394 0.360996217 -0.262039125
vt 0.331542969 0.678466797
vn -0.786938310 0.487901658 -0.377730310
vt 0.320556641 0.661132812
vt 0.336181641 0.669433594
vt 0.089843750 0.409423828
vt 0.092773438 0.385742188
v -0.046329524 0.514068604 -0.369461060
vt 0.108398438 0.406250000
vn -0.220966205 0.970672905 0.094699778
vt 0.118652344 0.397460938
v -0.023721717 0.509216309 -0.334060669
vt 0.103515625 0.426269531
vn 0.165642112 0.978077412 0.126203477
vt 0.090332031 0.430175781
vt 0.094970703 0.440185547
v -0.036209125 0.514053345 -0.294570923
vt 0.118164062 0.439208984
vn 0.133375362 0.988547087 0.070610441
vt 0.114013672 0.470458984
vt 0.129394531 0.451904297
vt 0.131835938 0.434326172
v -0.067100547 0.502761841 -0.337326050
vt 0.128906250 0.412597656
vn -0.684509158 0.723848701 -0.086547077
vt 0.152099609 0.419921875
vt 0.132568359 0.405517578
vt 0.146240234 0.404296875
vt 0.963623047 0.552001953
vt 0.969482422 0.591796875
vt 0.955566406 0.559570312
vt 0.939941406 0.597412109
vt 0.932861328 0.575439453
vt 0.959716797 0.532470703
vt 0.968750000 0.537841797
vt 0.962890625 0.524658203
vt 0.970703125 0.524414062
vt 0.574951172 0.970947266
vt 0.561035156 0.942626953
v -0.152572662 0.422798127 -0.464553773
vt 0.593750000 0.948242188
vn 0.898167014 -0.259995729 -0.354539752
vt 0.602294922 0.927734375
vt 0.591064453 0.965332031
v -0.167968795 0.443756104 -0.485610902
vt 0.607910156 0.946044922
vn 0.828313887 -0.552209139 0.094664343
v -0.138992339 0.446044922 -0.449325502
vt 0.595214844 0.962890625
vn 0.591800034 -0.741722643 -0.315626711
vt 0.595214844 0.968017578
vt 0.613525391 0.964599609
vt 0.616455078 0.961425781
vt 0.619140625 0.933349609
v -0.144989058 0.441207856 -0.487075746
vt 0.614746094 0.948486328
vn 0.062850192 -0.023568727 0.997744679
vt 0.010009766 0.928466797
vt 0.007324219 0.939208984
vt 0.006835938 0.927001953
vt 0.019531250 0.942138672
vt 0.029785156 0.926513672
vt 0.035644531 0.868164062
vt 0.015136719 0.868164062
vt 0.025878906 0.861816406
vt 0.046386719 0.780273438
vt 0.060546875 0.771484375
vt 0.054443359 0.791259766
v -0.161453277 0.357944459 -0.485549867
vt 0.061767578 0.758300781
vn -0.725760579 -0.047332216 0.686317265
vt 0.082519531 0.782958984
vt 0.046142578 0.769287109
vt 0.088378906 0.767333984
vt 0.058593750 0.755371094
vt 0.047119141 0.748535156
vt 0.066650391 0.745361328
vt 0.097167969 0.759033203
vt 0.062988281 0.740722656
vt 0.052734375 0.740966797
vt 0.046630859 0.729980469
vt 0.075195312 0.720947266
vt 0.074707031 0.730957031
vt 0.296630859 0.014160156
vt 0.289794922 0.023681641
vt 0.290771484 0.011962891
v -0.288513213 0.417007416 -0.332992494
vt 0.036376953 0.672851562
vn -0.071111366 -0.284445047 -0.956051350
v -0.265441924 0.390487641 -0.320022523
vt 0.047119141 0.661132812
vn 0.330708534 -0.165354356 -0.929133892
v -0.290771484 0.384971589 -0.314865053
vt 0.051757812 0.673095703
vn 0.094347849 -0.684022367 -0.723333955
v -0.290527374 0.434112519 -0.329666078
vt 0.027343750 0.674560547
vn 0.141381964 0.777601480 -0.612655818
v -0.241287246 0.408798188 -0.303024232
vt 0.038085938 0.648681641
vn 0.592131793 0.607922137 -0.528971255
v -0.306549102 0.394462556 -0.318313539
vt 0.048339844 0.680419922
vn -0.469711542 0.422740191 -0.775023758
v -0.307922363 0.425735444 -0.303146303
vt 0.031982422 0.687011719
vn -0.734541297 0.521287322 0.434406251
v -0.336883575 0.362438172 -0.332961977
vt 0.062255859 0.694580078
vn 0.400261641 -0.808371603 -0.431654781
v -0.290161133 0.385520905 -0.295608461
vt 0.059326172 0.670654297
vn -0.054920867 -0.863043845 0.502134621
v -0.265380859 0.374122590 -0.304061830
vt 0.056640625 0.659179688
vn -0.235665917 -0.911241472 -0.337787718
v -0.243743911 0.380928010 -0.312118471
vt 0.051269531 0.649658203
vn 0.377566606 -0.259577125 -0.888855040
v -0.233963028 0.361190766 -0.290176332
vt 0.061767578 0.642822266
vn -0.251695514 -0.959589362 -0.125847697
vt 0.921630859 0.453613281
v -0.351684600 0.370910615 -0.336410463
vt 0.927246094 0.449462891
vn -0.355080158 0.347189307 -0.867973387
vt 0.945800781 0.460937500
v -0.349243164 0.383171052 -0.317977846
vt 0.936523438 0.448242188
vn -0.378128737 0.921688557 -0.086654469
v -0.299163818 0.396064728 -0.297378480
vt 0.955810547 0.444580078
vn -0.552329361 0.244603068 0.796932638
v -0.351837158 0.361991853 -0.313003480
vt 0.923583984 0.438232422
vn -0.180716112 -0.707150459 0.683578849
vt 0.883789062 0.459472656
v -0.356018066 0.374446839 -0.316268861
vt 0.930908203 0.445068359
vn -0.653502703 0.244079366 0.716491103
vt 0.678955078 0.025146484
vt 0.678955078 0.041259766
vt 0.675781250 0.029785156
vt 0.703613281 0.982666016
vt 0.696289062 0.974365234
vt 0.707031250 0.979980469
vt 0.696533203 0.988281250
vt 0.705566406 0.986572266
vt 0.707031250 0.984863281
v -0.085601792 0.437538147 -0.063552834
vt 0.538085938 0.144287109
vn -0.821525037 0.560848773 0.102690712
vt 0.536865234 0.136230469
vt 0.556152344 0.140625000
vt 0.530273438 0.145507812
vt 0.524902344 0.128906250
vt 0.531738281 0.158203125
vt 0.515136719 0.166015625
v -0.088584885 0.426536560 -0.052841164
vt 0.541259766 0.148925781
vn -0.825825036 0.558414936 0.078650087
vt 0.543457031 0.173095703
vt 0.553710938 0.165039062
v -0.110656716 0.398918152 -0.055133794
vt 0.555419922 0.146972656
vn -0.691521406 0.715095937 0.102156624
vt 0.568115234 0.164062500
vt 0.570800781 0.161621094
v -0.140045151 0.363174438 -0.043701142
vt 0.576904297 0.142333984
vn -0.905063093 0.424986124 0.015740328
vt 0.581542969 0.166992188
vt 0.595214844 0.168212891
vt 0.596435547 0.129150391
vt 0.165283203 0.508056641
vt 0.172607422 0.495605469
vt 0.179687500 0.502929688
v -0.170120254 0.363010377 -0.272048891
vt 0.159179688 0.506103516
vn 0.409753680 -0.472792834 -0.780108213
v -0.198547378 0.351818055 -0.272384584
vt 0.157226562 0.515625000
vn -0.086418837 -0.942750931 -0.322106510
v -0.165939346 0.389434785 -0.273025453
vt 0.158935547 0.490234375
vn 0.541680574 0.690839231 -0.478877276
vt 0.177001953 0.480468750
v -0.216491714 0.363601655 -0.288223207
vt 0.143310547 0.516113281
vn 0.197580546 -0.569032192 -0.798225701
vt 0.137207031 0.520751953
vt 0.125488281 0.516845703
v -0.153579712 0.392425537 -0.220672578
vt 0.162109375 0.462646484
vn 0.172992527 0.982912242 0.062906317
vt 0.179443359 0.476562500
vt 0.179931641 0.455322266
vt 0.169677734 0.450195312
v -0.211181656 0.385360688 -0.289138734
vt 0.129394531 0.505859375
vn 0.007898162 0.592372000 -0.805625975
vt 0.116699219 0.510498047
v -0.189453140 0.385032624 -0.305374086
vt 0.142822266 0.503173828
vn 0.134137064 -0.339288145 -0.931069732
v -0.178024292 0.368419617 -0.223388627
vt 0.144775391 0.460205078
vn -0.670101941 0.283807904 0.685869157
vt 0.148925781 0.443359375
vt 0.137451172 0.448486328
vt 0.132812500 0.460693359
v -0.195831299 0.376747102 -0.237808183
vt 0.135253906 0.469726562
vn -0.561058819 0.292382836 0.774419427
v -0.182708740 0.401107788 -0.244430497
vt 0.149658203 0.475097656
vn 0.086523056 0.873095989 0.479809493
v -0.178466812 0.392013520 -0.292190492
vt 0.151123047 0.496582031
vn 0.934087813 0.196236983 -0.298280269
v -0.182327285 0.416084260 -0.275527894
vt 0.143554688 0.487792969
vn 0.873555481 0.472192198 0.118047908
v -0.180496231 0.409675568 -0.296279848
vt 0.143798828 0.495117188
vn -0.015773613 0.536298215 -0.843881130
v -0.197494522 0.424354523 -0.280502260
vt 0.137207031 0.489501953
vn -0.614173234 0.771653533 0.165354371
v -0.218109146 0.390327424 -0.264572084
vt 0.124755859 0.486083984
vn -0.337621123 0.832275450 0.439692676
vt 0.438232422 0.166748047
vt 0.440429688 0.179443359
vt 0.427246094 0.176269531
vt 0.458496094 0.180419922
v -0.238342300 0.366397828 -0.270614564
vt 0.460937500 0.172607422
vn -0.541931152 -0.510514975 0.667596579
vt 0.444335938 0.158203125
v -0.263214111 0.375900239 -0.283157289
vt 0.472656250 0.177001953
vn -0.511398911 -0.653017223 0.558605134
vt 0.473632812 0.185791016
vt 0.484863281 0.183105469
v -0.236450210 0.385276765 -0.264175355
vt 0.463867188 0.164306641
vn -0.386281967 0.291682392 0.875047207
vt 0.460449219 0.156738281
v -0.258972168 0.395523041 -0.275222719
vt 0.474853516 0.168212891
vn -0.394055098 0.094573274 0.914208174
v -0.246963516 0.411010712 -0.284194887
vt 0.477539062 0.159179688
vt 0.465087891 0.145996094
vt 0.480957031 0.150878906
v -0.281250000 0.404479951 -0.285171449
vt 0.485351562 0.171875000
vn -0.361991465 0.188865215 0.912848413
v -0.276184082 0.421592683 -0.296401918
vt 0.490234375 0.163085938
vn 0.158222735 0.893958330 0.419290155
vt 0.504882812 0.154785156
vt 0.500732422 0.169921875
vt 0.490722656 0.180908203
vt 0.504882812 0.202148438
vt 0.498046875 0.181640625
vt 0.963623047 0.000244141
vt 0.976074219 0.004394531
vt 0.967529297 0.010009766
vt 0.962890625 0.013427734
vt 0.953369141 0.010986328
vt 0.071533203 0.019287109
vt 0.057373047 0.020263672
vt 0.051269531 0.000976562
vt 0.047851562 0.024414062
vt 0.071289062 0.000000000
vt 0.713623047 0.030761719
vt 0.713623047 0.014404297
v -0.221679673 0.340106964 -0.085998490
vt 0.717285156 0.025878906
vn -0.748472571 0.606656611 -0.267874300
vt 0.725585938 0.026855469
vt 0.720458984 0.010742188
v 0.159606978 0.222579956 0.046390530
vt 0.604980469 0.792968750
vn 0.881425381 -0.464322239 -0.086568661
vt 0.598144531 0.802978516
v 0.168792769 0.225456238 0.049652096
vt 0.602539062 0.787841797
vn 0.717760324 -0.694097817 -0.055212397
vt 0.584472656 0.804443359
vt 0.603027344 0.808349609
v 0.155487105 0.190139771 0.093536377
vt 0.632080078 0.785156250
vn 0.903888106 -0.400854677 -0.149338141
vt 0.607177734 0.818359375
vt 0.627685547 0.811035156
v 0.162551925 0.210052505 0.111274719
vt 0.630126953 0.770507812
vn 0.924446344 -0.379260004 -0.039506361
v 0.176727340 0.225334182 0.114616394
vt 0.624511719 0.761474609
vn 0.811224937 -0.582821727 0.047255740
v 0.185348555 0.246452332 0.076370232
vt 0.603515625 0.768554688
vn 0.892590702 -0.450244844 -0.023697196
v 0.185348555 0.256095886 0.096832268
vt 0.608886719 0.758300781
vn 0.942809105 -0.329983145 0.047140345
v 0.188003585 0.258487701 0.084297173
vt 0.602050781 0.760986328
vn 0.995433331 -0.086902864 -0.039501447
v 0.182159469 0.244293228 0.125854477
vt 0.622558594 0.750244141
vn 0.919097006 -0.392776489 0.031422019
v 0.168197677 0.239555374 0.121459953
vt 0.628417969 0.755859375
vn 0.919551075 -0.392970532 -0.000000103
v 0.192230269 0.265148163 0.129760727
vt 0.614013672 0.742919922
vn 0.993111670 -0.110345691 -0.039409321
v 0.188552901 0.267021179 0.135650620
vt 0.616699219 0.741699219
vn 0.940952241 -0.329333246 0.078412570
v 0.188461363 0.268009186 0.156936631
vt 0.622558594 0.735107422
vn 0.983764231 -0.141662002 0.110181473
v 0.186187789 0.294700623 0.141693100
vt 0.614013672 0.724853516
vn 0.990071774 -0.125723347 0.062861577
v 0.186370909 0.274528503 0.167617783
vt 0.626708984 0.731933594
vn 0.989674628 -0.141382039 -0.023563806
v 0.193084776 0.301305801 0.191024765
vt 0.627685547 0.719238281
vn 0.932480514 -0.352618665 -0.078359812
v 0.141067550 0.172683716 0.093475349
vt 0.697509766 0.716796875
vn 0.379070818 -0.892395854 -0.244816571
vt 0.704833984 0.731445312
vt 0.686035156 0.719726562
vt 0.716064453 0.728271484
v 0.160720870 0.171524048 0.100120544
vt 0.690429688 0.713623047
vn 0.800671458 -0.596578658 0.054947961
vt 0.675537109 0.712890625
v 0.128021285 0.162765503 0.103706367
vt 0.698974609 0.706298828
vn 0.102232412 -0.975139380 0.196600705
v 0.121009879 0.167343140 0.098373421
vt 0.702880859 0.709228516
vn 0.039253462 -0.989186585 -0.141312316
v 0.105117850 0.169403076 0.100143440
vt 0.708740234 0.706298828
vn -0.110212259 -0.991910815 0.062978521
vt 0.722656250 0.712402344
v 0.105621390 0.166595459 0.110282905
vt 0.705322266 0.702636719
vn -0.448471427 -0.881207168 0.149490610
v 0.098411612 0.179534912 0.108810432
vt 0.709960938 0.700195312
vn -0.300482094 -0.933076143 0.197685719
vt 0.717529297 0.700439453
vt 0.725585938 0.714843750
v 0.105316214 0.180465698 0.152069092
vt 0.701171875 0.684082031
vn 0.047351435 -0.994378924 0.094702795
vt 0.722412109 0.690673828
v 0.064437918 0.173294067 0.146926880
vt 0.719482422 0.680175781
vn 0.345931679 -0.935587764 -0.070758745
v 0.144546553 0.175292969 0.113677979
vt 0.690185547 0.705566406
vn 0.701091886 -0.685336828 0.196935847
v 0.137497008 0.180328369 0.158920288
vt 0.687500000 0.686523438
vn 0.205266029 -0.963171184 0.173686624
v 0.172363341 0.212539688 0.136077866
vt 0.671142578 0.703369141
vn 0.922719896 -0.331232756 -0.197162479
vt 0.663818359 0.713623047
vt 0.669677734 0.717529297
v 0.175903380 0.234161392 0.144546494
vt 0.661132812 0.703613281
vn 0.964073002 -0.229164839 -0.134338140
v 0.179504454 0.213539138 0.197814927
vt 0.659667969 0.679931641
vn 0.920318842 -0.377566695 -0.102257751
v 0.153991759 0.184234619 0.130233765
vt 0.684082031 0.699707031
vn 0.707019567 -0.707019508 -0.015711607
v 0.158371031 0.190032974 0.191452026
vt 0.673583984 0.676757812
vn 0.605979979 -0.794856787 -0.031479523
v 0.136840880 0.184188858 0.199722290
vt 0.682128906 0.670166016
vn 0.133692637 -0.990898073 -0.015728515
v 0.182739332 0.209785491 0.259719849
vt 0.650146484 0.656494141
vn 0.676829755 -0.731920540 -0.078701198
v 0.190231398 0.214416519 0.252243042
vt 0.646972656 0.660400391
vn 0.972795904 -0.109831758 -0.203973457
v 0.159683302 0.184204116 0.244812012
vt 0.666992188 0.655273438
vn 0.527003884 -0.841633081 -0.117985979
v 0.203430250 0.215415984 0.292648315
vt 0.636718750 0.648437500
vn 0.631331980 -0.757598460 -0.165724710
v 0.117073119 0.182907119 0.190490723
vt 0.691650391 0.670898438
vn 0.197242141 -0.978320897 -0.063117452
v 0.177505568 0.204338104 0.286697388
vt 0.648925781 0.644775391
vn 0.670623243 -0.741630375 -0.015779426
v 0.121162482 0.178863540 0.230651855
vt 0.685058594 0.655761719
vn 0.392837107 -0.879955113 -0.267129242
v 0.081573546 0.173568740 0.193191528
vt 0.707031250 0.664550781
vn 0.307143807 -0.937182307 -0.165385112
v 0.068298399 0.166915908 0.193191528
vt 0.713378906 0.662353516
vn 0.102143958 -0.966438949 -0.235716790
v 0.064720213 0.165084839 0.153961182
vt 0.723388672 0.676513672
vn 0.284596115 -0.956559181 -0.063243575
v 0.043468535 0.164382949 0.184570327
vt 0.723632812 0.662841797
vn -0.118154153 -0.992495239 0.031507846
vt 0.723144531 0.657714844
vt 0.719970703 0.635009766
v 0.078994818 0.153823867 0.230087280
vt 0.707763672 0.646972656
vn 0.031499978 -0.960749149 -0.275624692
v 0.091369696 0.164215103 0.210464478
vt 0.703125000 0.656738281
vn 0.408185363 -0.808521092 -0.423884898
v 0.087966993 0.148254409 0.260513306
vt 0.702148438 0.635253906
vn 0.164940715 -0.981789827 -0.094251804
v 0.123390265 0.168167129 0.236709595
vt 0.687255859 0.649902344
vn 0.456466585 -0.857842386 -0.236103430
v 0.138183668 0.165802017 0.285018921
vt 0.675781250 0.632080078
vn 0.567140162 -0.803448558 -0.181169838
v 0.067947470 0.148284927 0.319473267
vt 0.705078125 0.609130859
vn -0.142169207 -0.987286627 0.071084693
vt 0.723876953 0.616455078
v 0.109024122 0.151611343 0.307052612
vt 0.687500000 0.619873047
vn 0.299027294 -0.952165782 -0.062953100
v 0.088592611 0.149703994 0.355117798
vt 0.690429688 0.598144531
vn 0.023677217 -0.994440794 0.102601074
v 0.040458761 0.160537735 0.350357056
vt 0.711914062 0.593017578
vn -0.283754945 -0.945850074 0.157641739
vt 0.725341797 0.603271484
v 0.070259184 0.158569351 0.387466431
vt 0.693359375 0.582763672
vn -0.110301159 -0.984832287 0.133937240
vt 0.715332031 0.590332031
vt 0.729980469 0.592529297
v 0.042835321 0.165344253 0.374954224
vt 0.710693359 0.583740234
vn -0.574073970 -0.817858756 0.039320249
v 0.044059847 0.166305557 0.431137085
vt 0.716796875 0.563964844
vn 0.268382996 -0.963021278 -0.023680843
v 0.054592218 0.160247818 0.376052856
vt 0.701171875 0.583496094
vn -0.165631786 -0.985903800 -0.023661625
v 0.045486540 0.158035293 0.412551880
vt 0.699218750 0.569580078
vn -0.197334230 -0.978778005 -0.055253528
v 0.068351835 0.157958999 0.416976929
vt 0.688964844 0.572753906
vn 0.015728578 -0.998762369 -0.047185581
v 0.112541288 0.160903946 0.394088745
vt 0.673583984 0.585937500
vn 0.094514623 -0.992402971 0.078762174
v 0.109153830 0.152038589 0.361923218
vt 0.680419922 0.598144531
vn 0.252753317 -0.963621795 0.086883947
v 0.150848478 0.167999282 0.382461548
vt 0.658447266 0.597900391
vn 0.299584359 -0.953939617 0.015767599
v 0.103065588 0.157257095 0.441024780
vt 0.663818359 0.569824219
vn 0.086837940 -0.994688690 -0.055260450
v 0.150695875 0.165237442 0.337570190
vt 0.665283203 0.614501953
vn 0.418348700 -0.907737613 -0.031573497
v 0.148223966 0.163177505 0.443344116
vt 0.646240234 0.576904297
vn 0.316069782 -0.948209286 -0.031606976
v 0.166915983 0.177551284 0.416366577
vt 0.643066406 0.589111328
vn 0.636769652 -0.770412683 -0.031445462
v 0.139511183 0.172058120 0.286209106
vt 0.672607422 0.633300781
vn 0.409195185 -0.889212668 -0.204597607
v 0.156646818 0.168670669 0.364883423
vt 0.656982422 0.606933594
vn 0.613811851 -0.786938250 -0.062955104
v 0.154403761 0.173782364 0.293136597
vt 0.664794922 0.633789062
vn 0.543105125 -0.834335446 -0.094453111
v 0.177215651 0.192802459 0.318527222
vt 0.647705078 0.630126953
vn 0.851132929 -0.520136714 -0.070927829
v 0.168609709 0.179412857 0.383773804
vt 0.647949219 0.601806641
vn 0.703057766 -0.710957229 -0.015799111
v 0.184997648 0.196617156 0.420120239
vt 0.632324219 0.591308594
vn 0.907737613 -0.418348640 -0.031573582
v 0.184494108 0.215675384 0.375930786
vt 0.629638672 0.613525391
vn 0.972218156 -0.229222104 -0.047425389
v 0.184234709 0.219322234 0.402450562
vt 0.624511719 0.603515625
vn 0.785650074 -0.589237452 0.188555926
v 0.182449415 0.216056854 0.347152710
vt 0.634033203 0.624755859
vn 0.714126527 -0.698431313 0.047085200
v 0.189270109 0.219093353 0.383438110
vt 0.626220703 0.611328125
vn 0.157499909 -0.984374106 0.078749947
v 0.217331022 0.223152190 0.399703979
vt 0.613281250 0.610107422
vn 0.909296930 -0.403253376 -0.102790184
v 0.190460280 0.216583282 0.353897095
vt 0.630371094 0.623291016
vn 0.125583962 -0.988973260 0.078489967
v 0.199005201 0.214332610 0.326553345
vt 0.632568359 0.635742188
vn 0.220966235 -0.970672905 0.094699807
v 0.213577360 0.220924407 0.376724243
vt 0.618652344 0.618408203
vn 0.770579398 -0.636907339 0.023589091
v 0.219421461 0.248764068 0.370132446
vt 0.609619141 0.622070312
vn 0.968203902 0.244018912 -0.055101171
v 0.218292311 0.239082366 0.308547974
vt 0.622314453 0.644287109
vn 0.971823514 0.181723133 -0.150119230
v 0.212417677 0.218200713 0.340805054
vt 0.625488281 0.633056641
vn 0.662383199 -0.749123812 -0.007885569
v 0.213913038 0.230537444 0.292861938
vt 0.629394531 0.648437500
vn 0.889212608 -0.204597563 -0.409195304
vt 0.868896484 0.030273438
vt 0.881347656 0.026123047
vt 0.891113281 0.067138672
vt 0.557373047 0.963378906
vt 0.547851562 0.946044922
vt 0.555908203 0.934814453
vt 0.541748047 0.949707031
vt 0.541259766 0.977050781
vt 0.008300781 0.475097656
vt 0.017089844 0.476806641
vt 0.010986328 0.478759766
vt 0.015380859 0.469970703
vt 0.009033203 0.462402344
vt 0.027587891 0.468017578
vt 0.423339844 0.514648438
vt 0.421875000 0.508056641
vt 0.431640625 0.506591797
v 0.181503356 0.241928115 0.172744736
vt 0.437011719 0.493164062
vn 0.965813160 -0.259120554 0.007852024
vt 0.427001953 0.490478516
vt 0.428222656 0.484619141
v 0.181930602 0.243820205 0.201019272
vt 0.446533203 0.484130859
vn 0.985413551 -0.165549427 -0.039416663
vt 0.453125000 0.495361328
v 0.187652647 0.269321471 0.218078598
vt 0.446044922 0.471435547
vn 0.974687457 -0.220090672 -0.039302029
vt 0.430175781 0.468017578
v 0.183410704 0.257816344 0.219604477
vt 0.450683594 0.474121094
vn 0.988547087 -0.070610464 -0.133375525
vt 0.474121094 0.481445312
v 0.199127257 0.305170089 0.241439804
vt 0.447753906 0.453857422
vn 0.946291029 -0.315430313 -0.070971936
v 0.195938185 0.251686126 0.283584595
vt 0.476318359 0.457763672
vn 0.913640738 0.236286461 -0.330801100
v 0.194763258 0.228714019 0.275619507
vt 0.479003906 0.468750000
vn 0.854461849 0.047034618 -0.517380714
vt 0.488281250 0.469970703
vt 0.488037109 0.461669922
vt 0.492675781 0.455078125
v 0.197845533 0.274498016 0.311599731
vt 0.480712891 0.442626953
v 0.190780714 0.261364013 0.283096313
vt 0.472656250 0.453857422
vn 0.973995626 -0.188515246 -0.125676975
vt 0.514404297 0.439941406
v 0.213089064 0.263198882 0.374435425
vt 0.512451172 0.434570312
vn 0.985689163 0.031542089 -0.165595904
vt 0.532714844 0.437500000
v 0.203384474 0.277828246 0.356063843
vt 0.499511719 0.433837891
vn 0.970763564 0.110493459 -0.213094592
v 0.212661818 0.307885200 0.369918823
vt 0.495849609 0.419433594
vn 0.976015031 -0.165292814 -0.141679719
v 0.202987745 0.291948348 0.304977417
vt 0.473388672 0.437011719
vn 0.972766042 -0.211811915 -0.094138771
v 0.206588820 0.323954135 0.296401978
vt 0.461181641 0.426513672
vn 0.968954682 -0.228452682 -0.094532289
v 0.200241163 0.290205032 0.278182983
vt 0.463378906 0.445068359
vn 0.963824451 -0.242915064 -0.109703712
v 0.204101622 0.317693830 0.276718140
vt 0.456787109 0.435546875
vn 0.983733773 -0.157397360 -0.086568691
v 0.204071105 0.325449020 0.259109497
vt 0.449218750 0.439697266
vn 0.810395896 -0.566490233 0.149490431
v 0.205917418 0.323216468 0.280532837
vt 0.455078125 0.429687500
vn 0.844301403 -0.520783901 0.126250595
v 0.212143004 0.336557418 0.283828735
vt 0.454101562 0.422851562
vn 0.990071774 -0.125723347 -0.062861815
v 0.221008375 0.352714568 0.357070923
vt 0.461669922 0.400878906
vn 0.978595018 -0.173621655 -0.110486656
v 0.211639464 0.325086147 0.280929565
vt 0.453857422 0.429443359
vn 0.518481076 -0.801288843 0.298519343
v 0.206558287 0.306516677 0.237640366
vt 0.441406250 0.453369141
vn 0.911494613 -0.408600986 -0.047146372
vt 0.415527344 0.472167969
vt 0.428466797 0.444824219
v 0.211196959 0.326839477 0.243545517
vt 0.442382812 0.438964844
vn 0.752207041 -0.658181071 0.031341888
vt 0.423339844 0.437744141
vt 0.426025391 0.428222656
v 0.218353331 0.339662582 0.274978638
vt 0.442871094 0.425537109
vn 0.882108629 -0.441054285 -0.165395468
v 0.216690123 0.345970184 0.283157349
vt 0.450195312 0.419677734
vn 0.912058055 0.220151991 0.345952898
vt 0.424560547 0.419921875
v 0.229675353 0.340269119 0.287521362
vt 0.449707031 0.423339844
vn 0.292337298 0.244931221 0.924417496
v 0.228820860 0.329996139 0.283554077
vt 0.448974609 0.425292969
vn 0.643181741 -0.525526583 -0.556901336
v 0.210846007 0.353225738 0.293258667
vt 0.448974609 0.415527344
vn 0.951665044 -0.306734979 0.015729887
v 0.218612745 0.363700897 0.351394653
vt 0.446044922 0.393554688
vn 0.948851883 -0.305828243 -0.078417622
v 0.223861754 0.374347717 0.258682251
vt 0.432861328 0.410400391
vn 0.993976474 0.094664462 -0.055221047
v 0.225158751 0.375976592 0.283462524
vt 0.441162109 0.405517578
vn 0.988973260 -0.125583857 -0.078490056
v 0.205749571 0.398262054 0.277114868
vt 0.432128906 0.395751953
vn 0.773574412 0.615702152 -0.149978846
vt 0.395507812 0.021972656
vt 0.395019531 0.014648438
vt 0.399414062 0.020751953
vt 0.402343750 0.024169922
vt 0.400146484 0.037109375
vt 0.389404297 0.030273438
vt 0.401855469 0.041748047
vt 0.128906250 0.297363281
vt 0.141845703 0.295654297
v 0.196487471 0.405685425 0.174728379
vt 0.148681641 0.322509766
vn 0.653037369 0.755320430 -0.055075567
vt 0.151855469 0.295898438
v 0.222045958 0.379936248 0.206359848
vt 0.133300781 0.339843750
vn 0.928989947 0.370021462 0.007872659
vt 0.124755859 0.298583984
vt 0.115234375 0.308837891
vt 0.114990234 0.333007812
vt 0.127197266 0.341552734
v 0.220413268 0.376018554 0.228012070
vt 0.133300781 0.351318359
vn 0.908162057 0.418544292 0.007896924
vt 0.129150391 0.355712891
vt 0.129394531 0.364990234
vt 0.145996094 0.371093750
v 0.204788268 0.396995544 0.247680649
vt 0.147949219 0.357421875
vn 0.850631058 0.519830167 -0.078762278
v 0.199325621 0.404197723 0.265365601
vt 0.148925781 0.367431641
vn 0.958996356 -0.157212436 0.235818654
v 0.207824767 0.438430816 0.258651733
vt 0.161132812 0.373046875
vn 0.330084950 -0.510845959 -0.793776035
v 0.189544737 0.415985107 0.251541138
vt 0.160644531 0.359375000
vn 0.567898154 0.780860126 -0.260286808
v 0.207428038 0.399620056 0.218719468
vt 0.143798828 0.346435547
vn 0.833226204 0.534522533 0.141491100
v 0.197174132 0.410202026 0.221405014
vt 0.156005859 0.344482422
vn 0.695418596 0.711223662 -0.102732413
vt 0.177246094 0.347900391
vt 0.180908203 0.329833984
v 0.216552794 0.396255493 0.206405625
vt 0.145507812 0.341552734
vn 0.677333355 0.708837330 -0.196899369
v 0.210922301 0.392013550 0.203659043
vt 0.143554688 0.337646484
vn 0.678090870 0.725399613 -0.118271798
v 0.173278853 0.423149109 0.182327256
vt 0.164062500 0.322998047
vn 0.654477239 0.749100566 -0.102508619
v 0.158309981 0.436798096 0.185104370
vt 0.173828125 0.323242188
vn 0.598110080 0.794856846 -0.102308430
vt 0.177246094 0.306640625
v 0.165023848 0.425743103 0.137496948
vt 0.164794922 0.302246094
vn 0.642983973 0.752761900 -0.141142949
vt 0.166503906 0.301513672
vt 0.172119141 0.299560547
v 0.161071822 0.434509277 0.152664185
vt 0.169677734 0.309326172
vn 0.581955969 0.802155614 -0.133692697
vt 0.932373047 0.776611328
vt 0.954589844 0.746093750
vt 0.968994141 0.758300781
v 0.229660109 0.386138946 0.325271606
vt 0.956787109 0.784179688
vn 0.913612425 0.283534944 -0.291411012
v 0.228454664 0.375564605 0.346450806
vt 0.937988281 0.785644531
vn 0.848475814 -0.526369154 -0.054993890
v 0.245987013 0.403739959 0.388626099
vt 0.934814453 0.818115234
vn 0.980460048 -0.078436762 -0.180404782
v 0.216674879 0.429222137 0.348159790
vt 0.967529297 0.815185547
vn 0.666282475 0.619250894 -0.415446907
vt 0.083496094 0.330078125
vt 0.067626953 0.337646484
vt 0.065429688 0.305175781
v 0.200119078 0.413284332 0.301101685
vt 0.041015625 0.327636719
vn 0.653340757 0.684827089 -0.322734743
vt 0.035156250 0.295410156
v 0.214096129 0.405021697 0.288467407
vt 0.054687500 0.337158203
vn 0.654009759 0.701287627 -0.283666998
v 0.187759459 0.417526275 0.283370972
vt 0.049804688 0.349853516
vn 0.526906192 0.660598695 0.534770310
vt 0.063476562 0.350097656
v 0.166214049 0.430542022 0.291000366
vt 0.033935547 0.354003906
vn 0.658403456 0.744623005 -0.109734043
v 0.111305282 0.482223511 0.144210815
vt 0.875244141 0.021484375
vn 0.803747714 -0.118198194 -0.583111286
v 0.107605018 0.492889404 0.136978135
vt 0.868896484 0.023437500
v 0.124198958 0.498260498 0.158554062
vt 0.870605469 0.010009766
v 0.238037169 0.486999542 0.236602768
vt 0.961669922 0.305175781
vn 0.848475814 0.526369274 0.054993667
v 0.250549376 0.473922759 0.228347763
vt 0.952880859 0.308837891
vn 0.339743108 -0.545169353 -0.766397536
v 0.231079161 0.486511260 0.234161362
vt 0.953125000 0.296630859
vn -0.149181560 -0.172736451 -0.973605216
v 0.246170104 0.472030669 0.247756943
vt 0.958251953 0.318847656
vn 0.874097049 0.141745508 -0.464610279
v 0.232467711 0.485809356 0.247924790
vt 0.973632812 0.312500000
vn 0.784078538 0.274427503 -0.556695938
v 0.250549376 0.479965240 0.259689331
vt 0.966064453 0.332519531
vn 0.951988935 -0.133750483 -0.275368810
v 0.236129805 0.509613037 0.234390229
vt 0.966308594 0.295898438
vn 0.843749940 0.536214948 -0.023656676
v 0.220031798 0.509979248 0.242980927
vt 0.975097656 0.283935547
vn 0.094629019 0.954176784 -0.283887327
v 0.261962950 0.466079742 0.249374375
vt 0.956054688 0.327636719
vn 0.676934540 -0.550993264 -0.488022715
v 0.254638731 0.468048126 0.263992310
vt 0.954101562 0.337646484
vn 0.984587789 -0.102397069 0.141780496
v 0.241317809 0.489044219 0.278366089
vt 0.973388672 0.341064453
vn 0.978808463 0.181553230 -0.094723538
v 0.225860655 0.451278716 0.257827759
vt 0.931640625 0.314941406
vn 0.448318839 -0.786524355 -0.424723178
v 0.222976744 0.466476470 0.241409287
vt 0.935546875 0.297607422
vn -0.047366235 -0.339457273 -0.939428151
v 0.208358824 0.469848663 0.225097641
vt 0.926513672 0.287597656
vn -0.134338126 -0.529449940 -0.837637186
v 0.210617125 0.475799590 0.245697007
vt 0.940673828 0.283935547
vn -0.478951037 0.157033026 -0.863681912
v 0.195938170 0.467758209 0.247344956
vt 0.933349609 0.275878906
vn -0.762810767 -0.149416596 -0.629122078
v 0.207367003 0.497177154 0.250167817
vt 0.958007812 0.272949219
vn -0.449810147 0.418244392 -0.789140344
v 0.208877623 0.495636016 0.258529663
vt 0.956542969 0.267578125
vn -0.619422138 0.650785267 0.439084113
v 0.221099898 0.507720947 0.227676362
vt 0.963867188 0.287353516
vn -0.513709724 0.086935416 -0.853548229
vt 0.988769531 0.185546875
vt 0.975097656 0.199218750
vt 0.956542969 0.184570312
v 0.143035933 0.514907837 0.194732651
vt 0.320800781 0.096679688
vn 0.792894959 0.565232098 -0.227663055
v 0.149871886 0.500350952 0.237380967
vt 0.351806641 0.087890625
vn 0.731196284 0.613261461 0.298768252
vt 0.334960938 0.117187500
vt 0.306152344 0.108398438
v 0.135452330 0.478851318 0.226577759
vt 0.347167969 0.109130859
vn -0.899984360 0.252627224 0.355257154
vt 0.336914062 0.134277344
v 0.144821227 0.482360840 0.240402222
vt 0.357666016 0.101806641
vn 0.512049198 -0.850789487 -0.118165240
v 0.141494796 0.513885498 0.203079209
vt 0.358642578 0.132568359
vn -0.967394948 -0.110110037 0.228085130
v 0.124916121 0.504013062 0.175964341
vt 0.343261719 0.144287109
vn 0.895641029 -0.424250990 0.133560389
v 0.131591842 0.514556885 0.204345688
vt 0.363769531 0.136718750
vn -0.078489907 -0.988973260 -0.125583842
v 0.129013121 0.496902466 0.250106812
vt 0.379882812 0.112304688
vn -0.316504866 -0.838737845 -0.443106711
v 0.145858824 0.497833252 0.238113388
vt 0.363525391 0.111572266
v 0.139038146 0.478088379 0.248107910
vt 0.364013672 0.099853516
vn 0.677901387 -0.055177953 0.733079255
v 0.118393004 0.497772217 0.261611938
vt 0.379882812 0.090332031
vn 0.488113463 0.228311136 0.842389166
v 0.134277403 0.468002319 0.253463745
vt 0.371582031 0.100830078
vn -0.709299445 -0.315244228 -0.630488217
v 0.099288993 0.522109985 0.217315659
vt 0.521484375 0.069335938
vn 0.102629758 0.994719684 -0.000000057
vt 0.510742188 0.035888672
vt 0.537353516 0.043457031
vt 0.553710938 0.054931641
vt 0.545654297 0.098388672
v 0.077987723 0.520660400 0.225219712
vt 0.517578125 0.082519531
vn -0.386968136 -0.884498537 -0.260611087
v 0.073730521 0.518325806 0.240386948
vt 0.508056641 0.083496094
vn 0.055075377 0.975622237 -0.212433919
v 0.094406180 0.514739990 0.238677964
vt 0.507324219 0.071533203
vn 0.472031385 0.857523739 -0.204547048
v 0.105491690 0.501358032 0.260452271
vt 0.492675781 0.062500000
vn 0.720274031 0.664868355 0.197877347
vt 0.490966797 0.052490234
vt 0.046386719 0.823974609
vt 0.034423828 0.837402344
v 0.135757491 0.506713867 0.218276963
vt 0.028808594 0.819091797
vn 0.818694770 -0.314882517 0.480195850
vt 0.020263672 0.822998047
v 0.117683463 0.500457764 0.210144028
vt 0.035156250 0.809570312
vn 0.055109680 -0.810897887 0.582586944
vt 0.044433594 0.804687500
v 0.095039420 0.513748169 0.218170151
vt 0.024902344 0.797363281
vn -0.150006667 0.307908654 0.939516068
v 0.069770858 0.513305664 0.202041611
vt 0.015869141 0.781250000
vn -0.023566455 -0.502753854 0.864108324
v 0.064651541 0.498672485 0.204879746
vt 0.031982422 0.777587891
vn 0.427054346 0.885742366 0.181893408
vt 0.042724609 0.794921875
vt 0.065673828 0.798828125
v 0.105171256 0.500778198 0.212982163
vt 0.033935547 0.802246094
vn 0.078759812 -0.708837152 0.700961351
vt 0.603027344 0.087646484
vt 0.632324219 0.090332031
vt 0.617431641 0.119628906
vt 0.604248047 0.120605469
v 0.092239432 0.510894775 0.239822373
vt 0.629150391 0.112792969
vn -0.385623604 -0.912904918 -0.133787706
v 0.078689627 0.513275146 0.239746079
vt 0.626953125 0.122314453
vn -0.165549427 -0.985413551 0.039416607
vt 0.622558594 0.125244141
v 0.063835196 0.513534546 0.240097031
vt 0.622802734 0.131591797
vn 0.884443343 -0.426428020 -0.189523682
v 0.064300589 0.508514404 0.207519516
vt 0.610107422 0.141357422
vn 0.102600992 0.994440794 0.023677105
v 0.085578971 0.516876221 0.253280640
vt 0.636718750 0.124755859
vn 0.370884389 -0.702313125 -0.607619226
v 0.067169242 0.504074097 0.247817978
vt 0.629882812 0.137695312
vn 0.738761723 0.573719323 -0.353662670
v 0.102798514 0.519149780 0.259384155
vt 0.645507812 0.118408203
vn -0.810195148 -0.377566725 0.448360622
v 0.097328238 0.504379272 0.251815796
vt 0.639160156 0.107421875
vn -0.786062479 -0.613128841 0.078606389
v 0.097946219 0.511871338 0.258377075
vt 0.645751953 0.124267578
vn 0.332278073 -0.893986225 -0.300632536
v 0.079582274 0.506851196 0.291336060
vt 0.657958984 0.145019531
vn 0.418231338 0.907483220 -0.039455891
v 0.102539122 0.500350952 0.290695190
vt 0.665771484 0.130615234
vn 0.221124679 -0.939779580 0.260611147
v 0.105697691 0.517120361 0.281936646
vt 0.661865234 0.117187500
vn 0.690945685 -0.714500546 -0.109923229
v 0.105728209 0.517211914 0.310379028
vt 0.680908203 0.118164062
vn 0.314463884 0.849052429 0.424526155
v 0.121696532 0.516357422 0.297775269
vt 0.675537109 0.105468750
vn -0.543694794 -0.346704006 0.764324784
v 0.108604491 0.498214722 0.281234741
vt 0.653564453 0.102539062
vn -0.897526443 -0.007873059 0.440890342
v 0.116096556 0.500259399 0.289932251
vt 0.659912109 0.100585938
vn 0.890288293 -0.393932819 -0.228481159
v 0.116142333 0.521697998 0.270156860
vt 0.662841797 0.089355469
vn 0.772732258 0.567721725 -0.283860952
vt 0.641601562 0.098144531
vt 0.644042969 0.087158203
vt 0.639892578 0.092773438
vt 0.803466797 0.215820312
vt 0.834472656 0.213378906
vt 0.807617188 0.220458984
vt 0.778320312 0.218505859
vt 0.767578125 0.193847656
vt 0.771728516 0.211425781
vt 0.772705078 0.217773438
vt 0.760498047 0.239013672
vt 0.748291016 0.243896484
vt 0.184326172 0.307128906
vt 0.188720703 0.290039062
v 0.044490863 0.506774902 0.193481445
vt 0.194824219 0.301269531
vt 0.186279297 0.333007812
v 0.044990595 0.523529053 0.262466431
vt 0.205322266 0.341308594
vn -0.149264380 0.934865773 -0.322096616
v 0.047203120 0.508834839 0.266525269
vt 0.207031250 0.350097656
vn -0.243476391 0.934635103 0.259184539
v 0.032249510 0.513137817 0.302871704
vt 0.195068359 0.364257812
vn -0.708925307 0.661663473 -0.244185314
v 0.037025508 0.526016235 0.260604858
vt 0.211669922 0.339111328
vn -0.141491309 0.974717557 -0.172933787
v 0.011996326 0.524826050 0.275161743
vt 0.229980469 0.346435547
vn -0.157710269 0.938376069 0.307535022
v 0.014482555 0.523193359 0.278152466
vt 0.228271484 0.347412109
vn 0.527477324 -0.740042806 0.417258143
v -0.024454059 0.515533447 0.275283813
vt 0.252197266 0.335449219
vn -0.141926095 0.938288569 -0.315391123
v -0.020568799 0.495300293 0.202987671
vt 0.233154297 0.293701172
vn -0.204908788 0.945732594 -0.252195328
v -0.036426488 0.509918213 0.266983032
vt 0.258056641 0.326416016
vn -0.102588385 0.512941241 -0.852271676
v -0.044082586 0.503631592 0.258712769
vt 0.260742188 0.317382812
vn -0.472910404 0.819711149 -0.323155344
v -0.046649884 0.489974976 0.209533691
vt 0.248535156 0.288085938
vn -0.424565613 0.904167414 0.047173966
v 0.028898284 0.497924805 0.171997070
vt 0.199218750 0.285644531
vn -0.125797302 0.872718096 -0.471739531
v -0.015393212 0.486740112 0.169830337
vt 0.226074219 0.274169922
vn -0.039334822 0.928299665 -0.369746536
vt 0.194091797 0.279785156
vt 0.184570312 0.272460938
v 0.240402281 0.432617217 0.270797729
vt 0.663330078 0.069580078
vn 0.512160480 -0.858853698 0.007879362
v 0.226699889 0.443695098 0.260055542
vt 0.656982422 0.061767578
vn 0.810897946 -0.322784632 -0.488113493
v 0.232452452 0.453292876 0.283370972
vt 0.672363281 0.050537109
vn 0.769747019 -0.526255488 0.361309737
v 0.213729918 0.436141998 0.281570435
vt 0.672851562 0.084472656
vn 0.379746497 -0.696201682 0.609176457
vt 0.644287109 0.080810547
vt 0.649658203 0.052490234
v 0.221756041 0.442916900 0.234893784
vt 0.645751953 0.064208984
vn 0.070826508 -0.165262178 -0.983703256
v 0.204483092 0.451782256 0.257095337
vt 0.631835938 0.060546875
vn -0.590661168 -0.259890914 -0.763921618
vt 0.620117188 0.030761719
vt 0.617919922 0.051757812
vt 0.979248047 0.822021484
vt 0.969238281 0.800537109
vt 0.984619141 0.797119141
vt 0.994628906 0.815673828
v 0.199783385 0.449386626 0.286300659
vt 0.997070312 0.792968750
vn -0.590917587 -0.173335865 0.787890255
v 0.178787291 0.423484832 0.268203735
vt 0.972900391 0.694580078
vn -0.102008700 0.988699138 -0.109855488
vt 0.985595703 0.694091797
vt 0.985595703 0.722167969
vt 0.987548828 0.677246094
vt 0.954589844 0.700195312
vt 0.961181641 0.689208984
vt 0.964843750 0.733154297
vt 0.964111328 0.208007812
vt 0.951904297 0.229736328
vt 0.946533203 0.221435547
v 0.195037901 0.454208404 0.272018433
vt 0.964355469 0.230224609
vn -0.991020679 -0.062922001 -0.117978528
vt 0.951416016 0.243652344
v 0.189300597 0.482009917 0.264450073
vt 0.964599609 0.250244141
vn -0.971581042 0.213273853 -0.102687307
v 0.185363829 0.486145049 0.281112671
vt 0.975585938 0.251220703
vn -0.912735224 -0.110157728 0.393420488
vt 0.974609375 0.226318359
vt 0.975830078 0.203613281
v 0.236221373 0.470336944 0.313217163
vt 0.042236328 0.063232422
vn 0.071069255 -0.394828469 0.916002095
vt 0.019531250 0.052490234
vt 0.044433594 0.045166016
v 0.232742369 0.476532012 0.297683716
vt 0.051513672 0.062011719
vn 0.456537426 -0.204654604 0.865846574
vt 0.019042969 0.073730469
v 0.204681456 0.474166900 0.295364380
vt 0.039794922 0.085937500
vn -0.431508541 -0.117684163 0.894399762
vt 0.030029297 0.102050781
vt 0.443359375 0.007812500
vt 0.468750000 0.002197266
v 0.267028868 0.470901519 0.279922485
vt 0.469970703 0.013916016
vn 0.615089238 -0.780690074 0.110400572
vt 0.463134766 0.033447266
v 0.248870909 0.472915679 0.283432007
vt 0.481445312 0.017578125
vn 0.827464700 -0.047283631 0.559523523
vt 0.492919922 0.013671875
vt 0.007568359 0.752929688
vt 0.005126953 0.732910156
vt 0.021240234 0.744873047
v 0.239746153 0.488845855 0.300460815
vt 0.020507812 0.762451172
vn 0.502754033 -0.023566531 0.864108264
v 0.229049742 0.487884551 0.313766479
vt 0.011718750 0.764404297
vn 0.039387316 -0.244200453 0.968924582
v 0.223205626 0.494827300 0.302658081
vt 0.005859375 0.777343750
vn 0.188625991 0.212204173 0.958848178
v 0.242538512 0.503128052 0.291793823
vt 0.031982422 0.771240234
vn 0.339003354 0.725309432 0.599168539
v 0.254913390 0.500946045 0.296798706
vt 0.030029297 0.761718750
vn 0.979296744 0.189541355 0.071077853
vt 0.041503906 0.752929688
v 0.189605787 0.432426482 0.329574585
vt 0.217285156 0.807861328
vn 0.417374551 0.818999231 -0.393749714
vt 0.239990234 0.812988281
vt 0.229003906 0.835205078
vt 0.220947266 0.784667969
v 0.183517531 0.464157134 0.383041382
vt 0.184326172 0.789062500
vn 0.386162013 0.866894543 -0.315234482
v 0.156967238 0.454177856 0.341873169
vt 0.191406250 0.821289062
vn 0.662712812 0.702160120 -0.260351598
v 0.134338439 0.468017578 0.255477905
vt 0.217773438 0.872314453
vn 0.714500546 0.690945685 -0.109923296
v 0.142334059 0.477752686 0.350753784
vt 0.176269531 0.831542969
vn 0.682484090 0.713862836 -0.156893030
v 0.258606017 0.493042022 0.258499146
vt 0.713623047 0.975585938
vn 0.967514694 0.023597952 -0.251711279
v 0.265136778 0.490585357 0.277267456
vt 0.724365234 0.984619141
vn 0.670936525 0.347308367 0.655149698
vt 0.714111328 0.994140625
vt 0.736328125 0.993408203
v 0.235137999 0.495986968 0.266891479
vt 0.741699219 0.975585938
vn 0.559714854 0.811980724 0.165549368
vt 0.003417969 0.665527344
vt 0.026367188 0.658935547
vt 0.022460938 0.669677734
v 0.256225646 0.507141113 0.245162934
vt 0.015380859 0.652099609
vn 0.228708193 0.425870657 -0.875400901
v 0.233551085 0.503692627 0.257186890
vt 0.003417969 0.641845703
vn 0.298114777 0.862964094 -0.407946706
v 0.248031676 0.508682251 0.263168335
vt 0.020019531 0.643798828
vn 0.274562657 0.721707463 0.635416210
vt 0.033447266 0.640869141
vt 0.020019531 0.242675781
vt 0.012451172 0.234130859
vt 0.032226562 0.224853516
v 0.212295592 0.524185181 0.252365112
vt 0.034912109 0.236328125
vn -0.290645659 0.934779286 0.204237491
vt 0.056396484 0.241943359
v 0.226684630 0.507080078 0.266036987
vt 0.030273438 0.248535156
vn -0.353575259 0.919295549 0.172858998
vt 0.018554688 0.254882812
vt 0.010253906 0.253662109
vt 0.981445312 0.615234375
v 0.184188902 0.499969512 0.252517700
vt 0.996582031 0.632568359
vn -0.709101379 0.220609203 -0.669706583
vt 0.981445312 0.636230469
vt 0.996582031 0.617919922
vt 0.990722656 0.610351562
vt 0.971435547 0.609130859
v 0.194091856 0.504821777 0.261703491
vt 0.979248047 0.600585938
vn -0.047085203 0.714126527 0.698431313
vt 0.968750000 0.599853516
vt 0.983642578 0.590332031
vt 0.010253906 0.708251953
v 0.210037291 0.494003326 0.276687622
vt 0.027832031 0.718261719
vn -0.346156478 0.896859705 -0.275351614
vt 0.017089844 0.724121094
vt 0.029541016 0.734130859
v 0.222564757 0.504943848 0.286605835
vt 0.040283203 0.726318359
vn -0.251353711 0.942576408 0.219934478
v 0.242752135 0.520751953 0.279708862
vt 0.042480469 0.746337891
vn 0.613413036 0.762834251 -0.204471126
v 0.210815489 0.512878418 0.299057007
vt 0.049316406 0.714843750
vn -0.290609837 0.942518234 -0.164940685
v 0.191452086 0.508102417 0.282363892
vt 0.023681641 0.704345703
vn -0.322096676 0.934865773 -0.149264291
vt 0.017578125 0.690917969
v 0.199722350 0.490036041 0.292709351
vt 0.036132812 0.702636719
vn -0.793972194 0.393055588 0.463805646
v 0.206222594 0.506423950 0.310531616
vt 0.053466797 0.705078125
vn -0.386186004 -0.023644025 0.922117949
vt 0.035400391 0.692382812
vt 0.000000000 0.547851562
vt 0.008544922 0.543212891
vt 0.016601562 0.560546875
vt 0.017822266 0.543945312
vt 0.002685547 0.560546875
vt 0.152832031 0.971923828
vt 0.134765625 0.967041016
vt 0.144042969 0.960449219
vt 0.126708984 0.957519531
vt 0.122314453 0.973144531
vt 0.114013672 0.969238281
vt 0.106933594 0.945800781
vt 0.122070312 0.943603516
vt 0.844726562 0.208496094
vt 0.811279297 0.207763672
vt 0.836914062 0.202392578
vt 0.873535156 0.171875000
v 0.102897704 0.494277954 0.266983032
vt 0.866210938 0.223388672
vn 0.463247567 0.879385352 -0.109923266
vt 0.890136719 0.192871094
vt 0.905029297 0.204589844
vt 0.887939453 0.229003906
vt 0.188476562 0.049072266
vt 0.235351562 0.030761719
v 0.108467162 0.496566772 0.304367065
vt 0.225341797 0.065429688
vn 0.526499152 0.840827167 -0.125731260
vt 0.247558594 0.047851562
vt 0.244873047 0.067871094
v 0.090828009 0.510559082 0.360977173
vt 0.231689453 0.106445312
vn 0.407921523 0.870755732 -0.274562687
vt 0.271728516 0.051025391
vt 0.101562500 0.238037109
vt 0.085693359 0.241943359
vt 0.102539062 0.223632812
v 0.096710257 0.523605347 0.266159058
vt 0.078369141 0.229736328
vn 0.149708375 0.984923959 -0.086673379
vt 0.062988281 0.241455078
vt 0.056152344 0.228271484
v 0.086807311 0.522720337 0.297500610
vt 0.092285156 0.213134766
vn 0.212480009 0.495786488 0.842050016
vt 0.109863281 0.217773438
vt 0.103027344 0.208007812
v 0.064857543 0.532363892 0.298446655
vt 0.082275391 0.200927734
vn 0.110055491 0.982638836 -0.149361163
vt 0.055175781 0.202636719
v 0.012379706 0.531616211 0.296218872
vt 0.056884766 0.178955078
vn -0.078591757 0.966677666 -0.243634239
v 0.028070513 0.539352417 0.328414917
vt 0.074462891 0.171875000
vn -0.007856276 0.982032180 0.188550130
v 0.063011229 0.537261963 0.327194214
vt 0.087890625 0.183593750
vn 0.624276876 0.608472347 0.489938676
v 0.064735472 0.518859863 0.307266235
vt 0.096923828 0.199707031
vn 0.604205191 -0.423728168 0.674826324
v 0.036331240 0.514755249 0.316665649
vt 0.111083984 0.187500000
vn 0.086959876 0.996086299 0.015810840
v 0.059391085 0.527450562 0.326461792
vt 0.099609375 0.185791016
vn -0.039266653 -0.918841839 0.392667502
v 0.063018866 0.519332886 0.367416382
vt 0.883789062 0.905273438
vn 0.188555911 0.919210494 -0.345686048
vt 0.866210938 0.914062500
vt 0.855712891 0.866943359
v 0.085533209 0.523773193 0.349197388
vt 0.876220703 0.917968750
vn -0.394055218 -0.851159275 -0.346768528
v 0.068458624 0.534393311 0.350967407
vt 0.892333984 0.917968750
vn 0.015773447 -0.843881249 -0.536298275
vt 0.888916016 0.870361328
v 0.042846747 0.518569946 0.346725464
vt 0.895751953 0.894775391
vn -0.039309263 0.982729971 -0.180822358
v 0.001242945 0.517959595 0.361618042
vt 0.922363281 0.881835938
vn 0.118095525 0.960510850 -0.251937330
v 0.032798838 0.521102905 0.369338989
vt 0.912841797 0.897949219
vn -0.450371355 0.884940088 -0.118518740
v 0.001912299 0.513595581 0.318344116
vt 0.908203125 0.856689453
vn 0.054951370 0.996975780 -0.054951474
v -0.028436597 0.515487671 0.328231812
vt 0.928710938 0.854248047
vn 0.023671934 0.978442788 -0.205157399
v -0.024768764 0.526763916 0.346603394
vt 0.934570312 0.866943359
vn 0.756586015 -0.630488276 -0.173384383
v -0.014563493 0.531951904 0.359512329
vt 0.935791016 0.877929688
vn 0.070784912 0.951665044 -0.298870027
v 0.004857604 0.530014038 0.331649780
vt 0.956054688 0.871337891
vn 0.164986581 -0.848501921 0.502816021
v -0.028345045 0.518096924 0.322128296
vt 0.939208984 0.851562500
vn 0.181349978 -0.946173429 0.268082440
v -0.035160001 0.521102905 0.327804565
vt 0.934082031 0.851074219
vn 0.387161285 -0.640001357 -0.663705170
v -0.044063505 0.506958008 0.328750610
vt 0.933593750 0.842773438
vn -0.306318521 0.848266423 -0.431987524
v -0.060111936 0.513107300 0.323226929
vt 0.943115234 0.839843750
vn 0.331068099 -0.938026190 -0.102473460
vt 0.046386719 0.926757812
vt 0.056152344 0.933837891
vt 0.041992188 0.937500000
vt 0.052246094 0.939208984
vt 0.071533203 0.935546875
vt 0.078857422 0.950927734
vt 0.050537109 0.966064453
vt 0.079589844 0.975097656
vt 0.081542969 0.952392578
vt 0.086914062 0.973144531
vt 0.100341797 0.945556641
vt 0.429199219 0.988037109
vt 0.429199219 0.952636719
vt 0.438232422 0.957763672
vt 0.309570312 0.015136719
vt 0.321533203 0.008300781
vt 0.316162109 0.027832031
v -0.161529467 0.274791718 0.324539244
vt 0.295654297 0.026855469
vn -0.812789440 -0.276190609 -0.512925208
vt 0.303222656 0.034179688
vt 0.327392578 0.034179688
v -0.178237841 0.256958008 0.323562682
vt 0.290039062 0.033935547
vn -0.836619139 -0.441987485 -0.323597789
v -0.135589525 0.211380005 0.329757750
vt 0.036865234 0.940917969
vn 0.282964945 0.935356557 -0.212223843
vt 0.035888672 0.930664062
vt 0.038330078 0.946044922
vt 0.030029297 0.938720703
v -0.124816813 0.208244324 0.340164244
vt 0.033447266 0.944091797
vn -0.670518875 -0.520638168 -0.528526545
vt 0.023681641 0.948974609
v -0.141906664 0.220817566 0.337631285
vt 0.034912109 0.950927734
vn -0.472792894 -0.795867980 -0.378234208
vt 0.012207031 0.963378906
v -0.165664598 0.220275879 0.341690123
vt 0.043212891 0.957763672
vn -0.571534812 -0.712461174 -0.407120526
vt 0.034667969 0.964355469
v -0.160003588 0.243492126 0.344345152
vt 0.042968750 0.968017578
vn -0.889846504 -0.425236404 -0.165369570
vt 0.037841797 0.976806641
v -0.170913622 0.260482788 0.363693297
vt 0.051513672 0.977050781
vn -0.990530550 -0.125781700 -0.055029344
v -0.167922899 0.289350510 0.279708922
vt 0.740722656 0.559814453
vn -0.699185252 -0.714897394 0.007856138
vt 0.751953125 0.569824219
vt 0.735107422 0.566650391
vt 0.755615234 0.563720703
v -0.173446581 0.291343689 0.313980162
vt 0.726562500 0.552734375
vn -0.669270575 -0.732260764 -0.125980228
vt 0.719482422 0.558837891
v -0.176803514 0.293075562 0.293502867
vt 0.735351562 0.553710938
vn -0.857815862 -0.503671765 -0.102308176
v -0.188720644 0.324162483 0.285202086
vt 0.744873047 0.539306641
vn -0.975773156 -0.173121095 -0.133775204
v -0.180297777 0.291372299 0.330001891
vt 0.719970703 0.547363281
vn -0.763306439 -0.535101473 -0.361980259
v -0.182235643 0.282703400 0.331008971
vt 0.716308594 0.548339844
vn -0.958049595 -0.282703161 -0.047117058
v -0.187591478 0.306788445 0.336441100
vt 0.720703125 0.538085938
vn -0.958256423 -0.267055094 -0.102109142
vt 0.712890625 0.559814453
vt 0.698730469 0.555175781
v -0.173507616 0.289951324 0.384903014
vt 0.690185547 0.541748047
vn -0.967754185 -0.251773477 0.007868058
vt 0.765380859 0.549804688
v -0.187759325 0.296592712 0.365310729
vt 0.703613281 0.537841797
vn -0.907737613 -0.410455287 0.086827219
v -0.189224169 0.310620785 0.384292662
vt 0.697265625 0.529785156
vn -0.904027760 -0.361611158 0.227972373
v -0.192214891 0.321069956 0.356704772
vt 0.713378906 0.528076172
vn -0.930664241 -0.362801343 -0.047321774
v -0.190261766 0.326953888 0.319442809
vt 0.730712891 0.531250000
vn -0.982638836 -0.149361148 -0.110055417
v -0.177413851 0.302456856 0.401565611
vt 0.684326172 0.536376953
vn -0.993976474 0.055220865 -0.094664291
v -0.185546786 0.258144379 0.389694273
vt 0.679199219 0.556396484
vn -0.967994094 0.165267199 -0.188876763
v -0.178436190 0.311704159 0.427078307
vt 0.678710938 0.526855469
vn -0.867244720 -0.488810718 0.094608657
v -0.182403475 0.313864231 0.466751158
vt 0.659423828 0.517578125
vn -0.988699138 0.015693601 0.149089694
v -0.194274813 0.256145477 0.469741881
vt 0.645507812 0.539794922
vn -0.950489819 -0.086408198 0.298501074
v -0.160430819 0.287597656 0.471054137
vt 0.645751953 0.517089844
vn -0.062772498 0.054926086 0.996515393
v -0.187759325 0.317290008 0.383041441
vt 0.699218750 0.526367188
vn -0.678745210 -0.733992040 0.023677282
v -0.193481356 0.321325779 0.473251402
vt 0.654052734 0.506835938
vn -0.400681376 -0.471390009 0.785650015
v -0.198409960 0.325861931 0.392532408
vt 0.698730469 0.518798828
vn -0.645089626 -0.763093829 -0.039334614
v -0.217758089 0.338066101 0.470077574
vt 0.669921875 0.498291016
vn -0.952992320 -0.047255848 0.299286991
v -0.177871615 0.403213501 0.470016539
vt 0.674804688 0.461914062
vn -0.823459804 0.431336075 0.368596345
v -0.213485628 0.337585449 0.413040221
vt 0.695068359 0.504882812
vn -0.916316390 0.387064636 -0.102690518
v -0.169403002 0.409660339 0.418899596
vt 0.713134766 0.470458984
vn -0.894399762 0.431508631 -0.117684081
v -0.199859545 0.334684372 0.347335875
vt 0.719726562 0.522216797
vn -0.976771712 -0.063017584 -0.204806834
v -0.183624193 0.383712769 0.395614684
vt 0.716308594 0.487304688
vn -0.825442255 0.550294697 -0.125781581
v -0.193206713 0.360443115 0.365554869
vt 0.721191406 0.505859375
vn -0.875210464 0.457317114 -0.157695457
v -0.166625902 0.401756287 0.382492125
vt 0.727783203 0.481201172
vn -0.841763377 0.511351466 -0.173072755
v -0.147674486 0.432456970 0.346908629
vt 0.750732422 0.475341797
vn -0.897860527 0.393798411 -0.196899116
v -0.168899462 0.387702942 0.331039488
vt 0.744140625 0.500000000
vn -0.785650074 0.589237452 -0.188555926
v -0.190231249 0.339416504 0.318588316
vt 0.733398438 0.525146484
vn -0.958966672 0.196509480 -0.204369813
v -0.189819261 0.358936310 0.334487975
vt 0.732666016 0.513671875
vn -0.883974969 0.434094787 -0.173637822
v -0.186874315 0.349094391 0.304519713
vt 0.742187500 0.524414062
vn -0.884553671 0.410685569 -0.221138299
v -0.155013964 0.400337219 0.330520689
vt 0.750488281 0.492675781
vn -0.848292649 0.494837284 -0.188509360
v -0.177291811 0.335338593 0.251632750
vt 0.763183594 0.540039062
vn -0.851979971 0.449656039 -0.268215805
v -0.163986146 0.368537903 0.266189635
vt 0.765625000 0.521240234
vn -0.748937607 0.543965101 -0.378410518
v -0.152221620 0.388610840 0.274795592
vt 0.770263672 0.509765625
vn -0.906045675 0.386054188 -0.173330367
v -0.147201464 0.423210144 0.335159361
vt 0.755371094 0.481933594
vn -0.908417106 0.387064636 -0.157985464
v -0.140853807 0.441848755 0.351486266
vt 0.753662109 0.470458984
vn -0.980822265 -0.149085030 -0.125545114
v -0.137252748 0.437103271 0.310379088
vt 0.771484375 0.479980469
vn -0.928558350 0.314765513 -0.196728349
v -0.146850526 0.459014893 0.324661314
vt 0.769287109 0.468017578
vn -0.940601408 -0.071137965 -0.331976831
v -0.124740541 0.471939087 0.290329039
vt 0.782226562 0.464843750
vn -0.818517268 0.094444230 -0.566665590
v -0.127334535 0.449127197 0.298629820
vt 0.779785156 0.473632812
vn -0.784223318 0.580325186 -0.219582438
vt 0.805664062 0.518554688
v -0.119010866 0.469406128 0.284683287
vt 0.785156250 0.464599609
vn 0.891867578 -0.220993668 0.394631535
v -0.135528505 0.467315674 0.315780699
vt 0.787597656 0.469238281
vn 0.835137784 0.433326244 0.338782161
v -0.113632143 0.488861084 0.284011900
vt 0.787353516 0.457031250
vn -0.632594049 0.411185980 -0.656316161
vt 0.801757812 0.536865234
v -0.151122987 0.365280151 0.231674224
vt 0.783447266 0.531005859
vn -0.894317150 0.447158545 -0.015689678
vt 0.796142578 0.539550781
v -0.157806337 0.347377777 0.261642516
vt 0.769287109 0.530517578
vn -0.780447602 0.575481474 -0.244382486
v -0.167938173 0.353610992 0.237365752
vt 0.776123047 0.538330078
vn -0.828159213 0.559993267 -0.023661606
vt 0.787841797 0.553466797
vt 0.528564453 0.228027344
vt 0.511718750 0.243164062
vt 0.499023438 0.223388672
vt 0.484619141 0.233154297
v -0.049606279 0.491149902 0.175735474
vt 0.479980469 0.224853516
vn 0.078965604 0.955484867 -0.284276485
vt 0.466796875 0.259033203
vt 0.456054688 0.236816406
v -0.061260175 0.496582031 0.202056900
vt 0.473144531 0.204833984
vn -0.055253614 0.978778005 0.197334215
vt 0.495361328 0.201904297
v -0.077781633 0.495727539 0.196945205
vt 0.464355469 0.209960938
vn -0.409842968 0.906383336 -0.102460712
vt 0.477783203 0.196777344
v -0.067008920 0.479156494 0.212356597
vt 0.465332031 0.196044922
vn -0.481600672 0.876355290 0.007895118
v -0.093398996 0.474822998 0.205749542
vt 0.449707031 0.202148438
vn -0.823383868 0.556764245 0.109784603
vt 0.435546875 0.235107422
v -0.104972787 0.451461792 0.209854156
vt 0.435791016 0.192871094
vn -0.784996212 0.612296939 -0.094199464
vt 0.695068359 0.093505859
v -0.049102727 0.490066528 0.245269775
vt 0.716796875 0.101318359
vn -0.561111450 0.814006686 -0.150156543
vt 0.696777344 0.107421875
vt 0.726318359 0.107177734
v -0.057788793 0.492599487 0.264663696
vt 0.727539062 0.094970703
vn -0.655170202 0.678851008 -0.331531823
v -0.077606142 0.488723755 0.283767700
vt 0.732910156 0.077392578
vn -0.457260370 0.867217839 -0.197094947
v -0.054206785 0.502136230 0.310623169
vt 0.751953125 0.083007812
vn -0.321878195 0.942082405 -0.094208233
v -0.077453546 0.497756958 0.321884155
vt 0.754638672 0.069580078
vn -0.361846060 0.794487834 -0.487705410
v -0.093894899 0.472808838 0.259689331
vt 0.713867188 0.065917969
vn -0.597075641 0.777769506 -0.196406394
vt 0.681640625 0.068847656
v -0.045001931 0.547821045 0.261642456
vt 0.881103516 0.304687500
vn 0.063040920 0.929854870 -0.362485826
v -0.041938730 0.533676147 0.249114990
vt 0.906738281 0.300781250
vn 0.283008605 0.007861324 -0.959085226
v -0.058071084 0.566207886 0.245803848
vt 0.892089844 0.313232422
vn 0.496802777 0.820118904 -0.283887416
v -0.060726110 0.546051025 0.269332886
vt 0.882812500 0.325683594
vn -0.849341214 0.526906073 -0.031456992
v -0.069984384 0.557952881 0.246994033
vt 0.895019531 0.319824219
vn -0.991480768 0.118033379 -0.055082139
v -0.059684701 0.540664673 0.238601699
vt 0.904785156 0.315429688
vn -0.282685786 -0.400471449 -0.871614218
v -0.064872682 0.519470215 0.267532349
vt 0.907226562 0.337646484
vn -0.785771370 -0.282877713 -0.550039768
v -0.063011110 0.519287109 0.280136108
vt 0.907470703 0.347167969
vn -0.479943097 -0.723848701 0.495679110
v -0.068786561 0.502487183 0.287643433
vt 0.923095703 0.349121094
vn -0.914264917 -0.323145390 0.244329572
vt 0.925048828 0.328613281
v -0.046710912 0.513153076 0.263107300
vt 0.920410156 0.316894531
vn -0.141780734 -0.433218658 -0.890067339
vt 0.926269531 0.317382812
vt 0.924804688 0.312011719
v -0.027154870 0.552078247 0.247543335
vt 0.895751953 0.292480469
vn 0.330350280 -0.000000027 -0.943858445
v -0.028169578 0.541122437 0.265243530
vt 0.898437500 0.272216797
vn 0.947499633 -0.268458188 -0.173708379
v -0.010829872 0.566574097 0.266220093
vt 0.885498047 0.283203125
vn 0.958256423 0.267055094 0.102109142
v -0.029081292 0.565307617 0.258621216
vt 0.885498047 0.292480469
vn -0.481615663 0.876382530 0.000000025
v -0.023799840 0.547241211 0.279922485
vt 0.875976562 0.275390625
vn 0.935356557 0.353706330 -0.000000138
v -0.033702794 0.548553467 0.284378052
vt 0.868164062 0.292236328
vn 0.275727302 0.961106777 0.015755771
v -0.006797733 0.536026001 0.286972046
vt 0.869384766 0.264404297
vn 0.849735439 0.322584748 -0.416999966
v -0.015421808 0.533660889 0.297042847
vt 0.863769531 0.265625000
vn 0.543846965 -0.078818329 0.835474849
v -0.024892749 0.541946411 0.294998169
vt 0.867431641 0.280273438
vn 0.637301505 0.653037369 -0.409131944
v -0.009428917 0.555007935 0.317459106
vt 0.855712891 0.275634766
vn 0.804172456 0.220753267 0.551882923
v -0.032062471 0.536773682 0.307540894
vt 0.839599609 0.267578125
vn 0.188958943 -0.267691612 0.944794059
v -0.026960313 0.555679321 0.304946899
vt 0.853027344 0.285156250
vn 0.627378643 0.768538833 0.125475600
v -0.040191591 0.571777344 0.311294556
vt 0.847656250 0.293701172
vn 0.330462933 0.826157331 0.456353486
v -0.056869447 0.560104370 0.306320190
vt 0.837890625 0.300537109
vn -0.789779961 0.347503215 0.505459368
v -0.047443334 0.561874390 0.288803101
vt 0.851074219 0.306152344
vn -0.007906243 0.996179700 -0.086968116
v -0.064430185 0.568054199 0.275192261
vt 0.870605469 0.316650391
vn -0.189641967 0.821781397 -0.537318647
v -0.069786012 0.555068970 0.281387329
vt 0.868652344 0.324218750
vn -0.760299206 0.094057642 0.642727315
v -0.054477636 0.537612915 0.284469604
vt 0.858398438 0.327148438
vn -0.810897946 0.322784632 0.488113493
v -0.069717348 0.537261963 0.275527954
vt 0.870361328 0.335205078
vn -0.251835912 0.936514497 -0.243965998
vt 0.701416016 0.292480469
vt 0.718017578 0.334960938
vt 0.697021484 0.312500000
vt 0.645263672 0.283691406
v -0.108833246 0.474563599 0.309677124
vt 0.636718750 0.271240234
vn -0.661089540 0.724050403 -0.196752757
vt 0.668212891 0.271972656
vt 0.698486328 0.283447266
vt 0.732910156 0.267089844
vt 0.729492188 0.259521484
vt 0.988037109 0.914306641
vt 0.975585938 0.912109375
v 0.008688984 0.509399414 0.279312134
vt 0.981933594 0.892089844
vn 0.251439005 0.958611369 0.133576915
vt 0.972900391 0.895507812
v 0.026264248 0.527297974 0.287765503
vt 0.967285156 0.888427734
vn -0.149084941 -0.980822146 -0.125545174
vt 0.364746094 0.064941406
vt 0.347412109 0.080322266
vt 0.346435547 0.056152344
vt 0.366210938 0.042724609
v -0.005742013 0.518951416 0.294845581
vt 0.349853516 0.042480469
vn 0.188550085 0.903469563 -0.384956658
v -0.009526192 0.517898560 0.304367065
vt 0.356445312 0.039062500
vn 0.447021097 -0.807774782 0.384281188
v -0.031684816 0.506072998 0.279251099
vt 0.332763672 0.035888672
vn -0.196436778 0.974326313 0.110004559
v -0.026369035 0.511749268 0.293228149
vt 0.340087891 0.032958984
vn -0.599616110 0.788968444 -0.134124592
vt 0.761230469 0.023437500
vt 0.749511719 0.019775391
vt 0.765869141 0.002929688
vt 0.748046875 0.028076172
vt 0.773437500 0.027587891
v 0.024889054 0.531127930 0.309219360
vt 0.770507812 0.034423828
vn -0.496849179 -0.867514491 0.023659589
vt 0.738037109 0.011962891
v 0.003550351 0.528900146 0.304214478
vt 0.731689453 0.013183594
vn -0.149379507 -0.974898219 0.165103778
vt 0.112304688 0.614746094
vt 0.114013672 0.622070312
vt 0.081787109 0.610839844
vt 0.084716797 0.619873047
v -0.035633028 0.509918213 0.283187866
vt 0.077148438 0.609619141
vn -0.109909534 -0.965634465 0.235520661
vt 0.068603516 0.630859375
v -0.022590579 0.525512695 0.276016235
vt 0.082275391 0.627929688
vn 0.777697444 -0.015711054 -0.628442526
vt 0.074218750 0.643066406
vt 0.066650391 0.645263672
vt 0.067871094 0.613525391
vt 0.055419922 0.596191406
vt 0.066406250 0.582275391
vt 0.052978516 0.606689453
vt 0.046386719 0.615722656
vt 0.044189453 0.599365234
vt 0.838623047 0.992919922
vt 0.843505859 0.979248047
vt 0.851806641 0.988769531
vt 0.856445312 0.978027344
v -0.027854864 0.524536133 0.262405396
vt 0.846679688 0.970703125
vn 0.892813563 -0.450357258 0.007900908
vt 0.838134766 0.973876953
v -0.014908738 0.547225952 0.256759644
vt 0.861328125 0.970703125
vn 0.228765219 0.970280230 0.078884497
vt 0.870117188 0.980712891
vt 0.991699219 0.554931641
v -0.010893769 0.538681030 0.251419067
vt 0.986083984 0.560546875
vn 0.850789487 -0.512049139 -0.118165299
v -0.024509378 0.534088135 0.245056152
vt 0.978759766 0.560546875
vn 0.228936180 -0.371034682 -0.899956465
vt 0.986083984 0.574218750
vt 0.969482422 0.555419922
vt 0.975830078 0.585937500
vt 0.988525391 0.585449219
vt 0.979736328 0.427734375
vt 0.962890625 0.419433594
vt 0.968261719 0.412353516
vt 0.961425781 0.420654297
vt 0.982666016 0.413085938
v -0.006015714 0.535293579 0.329391479
vt 0.994873047 0.427978516
vn -0.597186208 0.801486611 -0.031430803
vt 0.979492188 0.432861328
vt 0.983154297 0.267333984
v 0.033290926 0.522842407 0.327743530
vt 0.990722656 0.263916016
vn -0.536498427 -0.560167611 0.631174862
vt 0.979492188 0.275390625
vt 0.991699219 0.277099609
vt 0.962646484 0.263671875
vt 0.403808594 0.941162109
vt 0.415039062 0.949462891
vt 0.411621094 0.955078125
v 0.026699129 0.533660889 0.326217651
vt 0.423583984 0.947021484
vn 0.118121274 -0.992218256 0.039373770
vt 0.422119141 0.954345703
vt 0.458740234 0.934326172
vt 0.450439453 0.949951172
vt 0.434570312 0.934814453
v 0.050785128 0.518875122 0.333084106
vt 0.408691406 0.934326172
vn 0.267617136 -0.283359170 0.920917332
vt 0.390625000 0.935791016
vt 0.422119141 0.921142578
vt 0.400878906 0.920654297
vt 0.667236328 0.171630859
vt 0.660644531 0.174804688
vt 0.662841797 0.153320312
vt 0.668945312 0.144531250
v -0.001329359 0.530441284 0.327468872
vt 0.644287109 0.165771484
vn -0.149435073 0.967395008 -0.204490021
v -0.038116392 0.520858765 0.318374634
vt 0.643066406 0.191162109
vn -0.165313408 0.944647670 -0.283394277
v -0.028179109 0.515747070 0.296218872
vt 0.661132812 0.190917969
vn -0.189499930 0.868541420 0.457958192
v -0.057399690 0.512924194 0.306472778
vt 0.653076172 0.206542969
vn -0.533863246 0.722285450 -0.439651996
vt 0.666992188 0.200683594
v -0.056537569 0.505813599 0.280868530
vt 0.664306641 0.214111328
vn 0.542483687 0.715449572 0.440276563
vt 0.666992188 0.227294922
vt 0.642822266 0.212402344
vt 0.779785156 0.095214844
vt 0.774169922 0.108398438
vt 0.769531250 0.104980469
v -0.047275484 0.525741577 0.303421021
vt 0.771972656 0.084228516
vn -0.055212203 -0.694097757 0.717760324
vt 0.764404297 0.098388672
v -0.056930482 0.534255981 0.310562134
vt 0.764160156 0.080810547
vn -0.126074061 -0.685528278 0.717046976
v -0.062099397 0.527755737 0.293869019
vt 0.774902344 0.071777344
vn -0.688247085 -0.308524638 0.656603813
vt 0.788574219 0.088134766
vt 0.779296875 0.065429688
v -0.046234075 0.512405396 0.263656616
vt 0.788818359 0.072021484
vn 0.078555413 -0.754130840 0.652009010
v -0.044311468 0.504302979 0.260696411
vt 0.791503906 0.074462891
vn -0.219826013 0.816496670 0.533863187
vt 0.796875000 0.061035156
vt 0.797119141 0.083496094
vt 0.790771484 0.055175781
vt 0.795898438 0.049072266
vt 0.818115234 0.064453125
vt 0.833496094 0.078125000
vt 0.807373047 0.089355469
vt 0.835449219 0.090087891
vt 0.824951172 0.058837891
vt 0.825195312 0.065673828
vt 0.796142578 0.048828125
vt 0.108398438 0.743164062
vt 0.079833984 0.724853516
vt 0.108154297 0.739257812
vt 0.144042969 0.712890625
vt 0.101562500 0.745361328
vt 0.114257812 0.765136719
vt 0.102539062 0.793212891
vt 0.835449219 0.123046875
vt 0.811035156 0.122802734
v -0.063781671 0.525192261 0.352371216
vt 0.807128906 0.094970703
vn -0.165017128 0.966528535 -0.196448922
vt 0.836425781 0.097656250
v -0.094818048 0.514434814 0.327621460
vt 0.782714844 0.104248047
vn -0.244519442 0.899200201 -0.362835169
vt 0.796875000 0.127685547
v -0.085075319 0.502120972 0.317703247
vt 0.780273438 0.116943359
vn -0.314921707 -0.330667704 -0.889653504
vt 0.788574219 0.132812500
vt 0.777587891 0.122314453
vt 0.781494141 0.141113281
vt 0.770263672 0.133544922
vt 0.611572266 0.994140625
vt 0.607666016 0.983398438
vt 0.618652344 0.977294922
v -0.045741972 0.544647217 0.321640015
vt 0.626708984 0.997314453
vn -0.787377119 0.259834468 0.559037864
vt 0.632080078 0.977294922
vt 0.633544922 0.987304688
vt 0.374267578 0.967041016
vt 0.362548828 0.973876953
vt 0.358886719 0.962402344
vt 0.368896484 0.988281250
vt 0.118896484 0.805419922
vt 0.116455078 0.788574219
vt 0.147460938 0.801025391
v -0.109405451 0.482452393 0.340286255
vt 0.154296875 0.818359375
vn -0.558830023 0.582442522 -0.590313315
vt 0.132324219 0.827148438
vt 0.136474609 0.831542969
v -0.115066461 0.471557617 0.319046080
vt 0.154052734 0.804687500
vn -0.180671707 0.793384016 -0.581291318
vt 0.159912109 0.787841797
vt 0.165039062 0.799560547
v -0.121177606 0.488647461 0.339614928
vt 0.162109375 0.819580078
vn -0.449572235 0.433797598 -0.780835688
v -0.137985155 0.448135376 0.341537535
vt 0.179931641 0.800537109
vn -0.725309491 0.670122743 -0.157675907
v -0.145248339 0.462982178 0.342269957
vt 0.180175781 0.809570312
vn 0.955842495 -0.173789516 -0.236985847
v -0.130844057 0.501770020 0.341384947
vt 0.166992188 0.827636719
vn 0.770769835 -0.007864993 -0.637065053
v -0.116767816 0.508560181 0.336868346
vt 0.158203125 0.832275391
vn -0.502831697 0.392837107 -0.769960761
v -0.134460375 0.510116577 0.363754332
vt 0.173095703 0.840087891
vn -0.829838693 0.537419200 -0.150161207
vt 0.144531250 0.839355469
v -0.117546014 0.516937256 0.361373961
vt 0.166503906 0.846679688
vn -0.268818855 0.948772252 -0.166035146
vt 0.144042969 0.864257812
v -0.105941698 0.523666382 0.391372681
vt 0.172607422 0.865234375
vn -0.157285392 0.943712413 0.290977985
v -0.138015687 0.480468750 0.317611754
vt 0.325927734 0.063720703
vn -0.887100399 0.345419586 -0.306167275
vt 0.323974609 0.042236328
vt 0.340576172 0.064453125
v -0.149047777 0.461151123 0.340408385
vt 0.341308594 0.074707031
vn -0.970552146 0.205157310 -0.126250565
vt 0.305419922 0.098632812
vt 0.302490234 0.040039062
v -0.129974306 0.506347656 0.330337584
vt 0.308593750 0.077392578
vn -0.812132180 0.551934421 -0.189234599
vt 0.304687500 0.083251953
v -0.126235902 0.502258301 0.315963805
vt 0.315185547 0.064697266
vn -0.393408328 0.802552819 -0.448485345
v -0.101592958 0.498901367 0.311172485
vt 0.303955078 0.059814453
vn 0.934635162 -0.306308955 0.180643663
v -0.117019586 0.509002686 0.336502135
vt 0.306640625 0.071044922
vn 0.583618820 0.157734841 0.796560585
v -0.127853334 0.498489380 0.317916930
vt 0.293212891 0.067382812
vn 0.757244825 -0.520605683 0.394398242
vt 0.296386719 0.038818359
vt 0.272216797 0.080322266
vt 0.274658203 0.057373047
vt 0.261230469 0.074707031
v -0.085220285 0.525787354 0.261032104
vt 0.393066406 0.979980469
vn -0.784223258 -0.596009791 -0.172528997
v -0.074195810 0.539169312 0.262283325
vt 0.403076172 0.980468750
vn 0.300069541 0.568552911 -0.765967309
vt 0.385498047 0.989013672
vt 0.380859375 0.972167969
v -0.081596315 0.539184570 0.275680542
vt 0.402099609 0.973144531
vn -0.974356294 -0.047146302 0.220016077
vt 0.414794922 0.981689453
vt 0.421875000 0.990966797
v -0.086021364 0.539550781 0.286300659
vt 0.401855469 0.968017578
vn -0.623712242 0.307908595 0.718453467
vt 0.395019531 0.954833984
vt 0.415771484 0.963134766
v 0.209793165 0.221618682 0.338027954
vt 0.015136719 0.827636719
vn -0.221159026 -0.963621795 0.150072321
v 0.188186720 0.229026824 0.367050171
vt 0.010986328 0.841796875
vn 0.362801373 -0.772924423 0.520540953
v 0.193679884 0.223556548 0.339950562
vt 0.008544922 0.830810547
vn 0.213094443 0.962871253 0.165740058
v 0.181381315 0.221008331 0.378463745
vt 0.004882812 0.844482422
vn 0.455733210 0.887894094 0.062859662
v 0.197174162 0.255664855 0.391555786
vt 0.012451172 0.857421875
vn 0.911804378 -0.408739865 0.039301813
v 0.212143034 0.223594695 0.367782593
vt 0.021728516 0.838867188
vn -0.568128049 0.796957433 0.205157399
v 0.210510328 0.257774383 0.374740601
vt 0.021240234 0.853515625
vn -0.827953160 -0.260213852 0.496772021
v 0.219329923 0.227584869 0.429946899
vt 0.045654297 0.848876953
vn -0.954028547 0.268074095 0.134037167
vt 0.600097656 0.036865234
vt 0.601074219 0.024169922
vt 0.607910156 0.024902344
vt 0.613037109 0.041259766
v 0.193023771 0.224426299 0.427993774
vt 0.608154297 0.062255859
vn -0.205157399 0.978442788 -0.023672020
vt 0.076416016 0.410156250
v 0.181228727 0.218643218 0.400680542
vt 0.075927734 0.399902344
vn 0.645569265 -0.763661146 -0.007872847
vt 0.078125000 0.383544922
vt 0.074462891 0.401855469
vt 0.056640625 0.404541016
v 0.202941984 0.224670440 0.470932007
vt 0.062255859 0.368652344
vn 0.039364055 -0.960481048 0.275547862
v 0.228607267 0.226837188 0.467239380
vt 0.050048828 0.371826172
vn 0.967754245 -0.157358348 0.196697861
v 0.200225919 0.226928741 0.468521118
vt 0.063476562 0.367675781
vn -0.307353616 0.851132870 -0.425566435
v 0.200485319 0.257823974 0.471298218
vt 0.052490234 0.355957031
vn 0.308466852 -0.063275166 0.949128330
v 0.202285856 0.262882262 0.468032837
vt 0.053466797 0.354248047
vn 0.902689934 -0.337527484 -0.266882360
v 0.224884123 0.229377776 0.464492798
vt 0.068603516 0.361083984
vn -0.919607937 0.133618176 -0.369415015
vt 0.081787109 0.373779297
vt 0.110351562 0.375732422
vt 0.859375000 0.020019531
v 0.181015104 0.216934234 0.371658325
vt 0.864257812 0.007080078
vn -0.904922843 -0.141640127 0.401313752
v 0.183090299 0.196334869 0.449996948
vt 0.864013672 0.043457031
vn -0.851582527 0.504641414 0.141930506
vt 0.855957031 0.032714844
vt 0.078125000 0.594482422
vt 0.082763672 0.572509766
vt 0.089111328 0.593750000
v 0.174331754 0.199684173 0.451278687
vt 0.121093750 0.591064453
vn 0.766038954 -0.631784618 -0.118459702
v 0.188964933 0.227623016 0.476150513
vt 0.128173828 0.563476562
vn 0.906383395 -0.409842879 0.102460623
vt 0.116699219 0.551269531
vt 0.119384766 0.551757812
v 0.214935392 0.301412612 0.404495239
vt 0.078125000 0.538330078
vn 0.354759991 -0.819889545 0.449362516
v 0.214950651 0.305813819 0.466201782
vt 0.104736328 0.536865234
vn 0.803872585 -0.315244168 -0.504390776
vt 0.133056641 0.536621094
v 0.221222013 0.318933159 0.441848755
vt 0.104736328 0.521484375
vn -0.976589918 -0.086633012 0.196893260
v 0.224823087 0.326429397 0.463821411
vt 0.107666016 0.530761719
vn -0.944384396 -0.118048102 -0.306924790
v 0.165268034 0.200218230 0.409103394
vt 0.561279297 0.972412109
vn 0.829553783 -0.505632639 0.237015247
v 0.180603117 0.199440032 0.383010864
vt 0.570312500 0.981445312
vn -0.606656611 0.748472452 0.267874390
vt 0.567382812 0.989990234
v 0.163406461 0.181442276 0.426254272
vt 0.562744141 0.961669922
vn -0.338813782 0.843094885 0.417607754
vt 0.597167969 0.972900391
vt 0.557617188 0.982666016
vt 0.556152344 0.983154297
vt 0.554443359 0.187011719
vt 0.531982422 0.180419922
vt 0.529541016 0.173095703
v 0.132141203 0.182891861 0.418869019
vt 0.523681641 0.193359375
vn 0.394349307 -0.709828615 0.583636880
vt 0.515136719 0.181152344
v 0.147018522 0.167083755 0.429855347
vt 0.510009766 0.189697266
vn -0.329596788 0.839687228 0.431614906
v 0.131179899 0.180007949 0.442642212
vt 0.535888672 0.206787109
vn 0.235753223 -0.927295983 -0.290762305
v 0.147308439 0.175766006 0.455917358
vt 0.548828125 0.202148438
vn 0.621661961 -0.723960757 -0.299027324
v 0.135696501 0.165206924 0.448532104
vt 0.544921875 0.207275391
vn -0.189429060 -0.978717029 -0.078928724
v 0.122291662 0.179534927 0.469894409
vt 0.545166016 0.214355469
vn 0.055220943 -0.993976474 -0.094664380
v 0.143600568 0.175582901 0.467758179
vt 0.554443359 0.208007812
vn 0.007869737 0.031479433 -0.999473393
v 0.174575910 0.197853118 0.473068237
vt 0.566894531 0.195312500
vn 0.671438754 -0.600345194 0.434460282
vt 0.567626953 0.181396484
v 0.169403166 0.179763809 0.464218140
vt 0.567871094 0.205810547
vn -0.598110139 0.794856787 -0.102308251
v 0.147049055 0.165512100 0.461990356
vt 0.557617188 0.213623047
vn -0.402173787 0.898976564 -0.173486695
v 0.158905134 0.203949004 0.480392456
vt 0.576904297 0.185058594
vn 0.102527738 -0.252375633 0.962182224
v 0.186721891 0.237587005 0.481796265
vt 0.569580078 0.177490234
vn 0.591634393 -0.228765190 0.773068726
v 0.172912702 0.247604400 0.490158081
vt 0.575683594 0.172851562
vn 0.133408368 -0.141255736 0.980942965
v 0.146331891 0.162933365 0.465316772
vt 0.586669922 0.191894531
vn 0.205702499 -0.617107153 0.759516537
v 0.086837865 0.172622696 0.475814819
vt 0.608398438 0.167724609
vn 0.062961049 -0.322674632 0.944413662
v 0.175827131 0.182357818 0.467025757
vt 0.571044922 0.201904297
vn 0.675909400 -0.730925202 0.094312876
vt 0.589355469 0.197265625
vt 0.590576172 0.206298828
vt 0.585937500 0.215576172
vt 0.575683594 0.212646484
vt 0.580810547 0.253173828
vt 0.569580078 0.227539062
vt 0.560546875 0.230468750
v 0.222793669 0.322067767 0.433364868
vt 0.945312500 0.933349609
vn 0.988455713 -0.054914169 -0.141208082
vt 0.904052734 0.950439453
vt 0.902587891 0.915039062
v 0.228469938 0.331322700 0.466964722
vt 0.948730469 0.948974609
vn 0.843881309 -0.015773419 0.536298215
vt 0.922363281 0.905517578
v 0.227722257 0.353092223 0.472122192
vt 0.957763672 0.951904297
vn 0.959322393 -0.062906325 0.275215298
vt 0.942138672 0.902587891
vt 0.927246094 0.897460938
v 0.227447584 0.357387573 0.406021118
vt 0.963134766 0.924560547
vn 0.997375369 -0.054973405 -0.047120221
v 0.226440519 0.371032745 0.472885132
vt 0.966796875 0.953857422
vn 0.927553833 -0.345867485 0.141491145
v 0.225189283 0.370880157 0.399398804
vt 0.969970703 0.922851562
vn 0.940014243 -0.339668959 -0.031597227
vt 0.963134766 0.901367188
vt 0.961425781 0.875000000
vt 0.967773438 0.900390625
vt 0.369140625 0.253906250
vt 0.365722656 0.263427734
vt 0.356689453 0.245361328
vt 0.326660156 0.256835938
v 0.215713590 0.325227290 0.472457886
vt 0.328125000 0.249267578
vn 0.590807796 -0.133916333 0.795620859
vt 0.315429688 0.252441406
vt 0.359863281 0.233886719
vt 0.364990234 0.231689453
v 0.211654752 0.343547851 0.475387573
vt 0.319091797 0.245605469
vn 0.244359896 0.015765201 0.969556510
v 0.191284269 0.270954162 0.485641479
vt 0.346679688 0.234130859
vn 0.408942163 -0.023592753 0.912255287
vt 0.356201172 0.224609375
v 0.178955168 0.265480071 0.489181519
vt 0.346923828 0.225830078
vn -0.062849931 0.023568813 0.997744679
v 0.169540495 0.253479034 0.484054565
vt 0.353271484 0.221923828
vn -0.150231540 0.023720825 0.988366246
v 0.178543180 0.301330596 0.485519409
vt 0.332519531 0.227539062
vn 0.125781789 0.055029526 0.990530550
v 0.148468107 0.287179977 0.485580444
vt 0.338623047 0.212890625
vn -0.039328519 -0.023597149 0.998947680
v 0.151535124 0.270637542 0.486007690
vt 0.346191406 0.211669922
vn 0.000000132 -0.023615420 0.999721229
v 0.135589689 0.284774810 0.484786987
vt 0.339355469 0.207763672
vn -0.173287317 -0.023630071 0.984587789
v 0.127853483 0.295909911 0.485519409
vt 0.334228516 0.204101562
vn -0.110263444 -0.055131748 0.992372215
v 0.152908415 0.339263946 0.487442017
vt 0.315429688 0.215332031
vn 0.078475565 0.023542678 0.996638060
v 0.126861662 0.334762603 0.486923218
vt 0.317138672 0.204101562
vn -0.275684446 -0.023630075 0.960957766
v 0.194152921 0.346897155 0.479507446
vt 0.314941406 0.237060547
vn 0.150156721 0.039514940 0.987872243
v 0.149139494 0.353019744 0.488174438
vt 0.309082031 0.212646484
vn -0.015745461 -0.007872754 0.999845147
v 0.127014250 0.412712127 0.487167358
vt 0.282714844 0.202880859
vn -0.236956045 0.000000032 0.971520364
v 0.153564543 0.359737426 0.486740112
vt 0.306884766 0.215087891
vn 0.741699696 0.007890483 0.670685709
v 0.151153654 0.409057647 0.488510132
vt 0.285888672 0.215332031
vn 0.212519497 0.047226578 0.976014912
v 0.129074186 0.444030762 0.486587524
vt 0.272216797 0.214843750
vn 0.007880740 0.118209280 0.992957532
v 0.151947111 0.421936065 0.483718872
vt 0.280273438 0.218994141
vn 0.173314482 0.015755899 0.984740555
v 0.153625578 0.358928710 0.483169556
vt 0.307617188 0.217041016
vn 0.258841574 0.047062133 0.964772642
v 0.177414030 0.411216766 0.481124878
vt 0.287353516 0.236816406
vn 0.173201635 0.039364029 0.984099448
v 0.199630827 0.390365630 0.477615356
vt 0.298095703 0.245117188
vn 0.173249960 0.031500019 0.984373987
v 0.199615568 0.421287566 0.475234985
vt 0.285888672 0.248046875
vn 0.244542286 0.118326910 0.962391734
v 0.211502165 0.379920989 0.476974487
vt 0.302490234 0.250000000
vn 0.125957057 -0.015744567 0.991910815
vt 0.307373047 0.254394531
v 0.250396818 0.410621673 0.471511841
vt 0.292480469 0.265869141
vn 0.849341333 -0.251656592 0.463991851
v 0.243759245 0.430282623 0.472976685
vt 0.283447266 0.264404297
vn 0.858693719 0.362384558 0.362384349
v 0.201751798 0.422325164 0.477005005
vt 0.285644531 0.249511719
vn 0.102613933 0.126293957 0.986671269
v 0.193695158 0.432083160 0.470077515
vt 0.281250000 0.249511719
vn 0.330677986 0.409410775 0.850314558
v 0.135269254 0.165115371 0.448379517
vt 0.935058594 0.144287109
vn -0.133506969 0.989522040 0.054973420
vt 0.928955078 0.140380859
vt 0.943603516 0.136718750
v 0.099098302 0.158920303 0.464981079
vt 0.925048828 0.161865234
vn -0.078410335 0.987969458 -0.133297488
v 0.124382108 0.164260879 0.428115845
vt 0.945800781 0.146484375
vn -0.197506621 0.900630236 0.387113005
vt 0.952636719 0.138671875
v 0.104889005 0.176116958 0.420455933
vt 0.958251953 0.146972656
vn 0.149922729 -0.978442669 0.142032027
v 0.091858000 0.162658706 0.405654907
vt 0.957519531 0.156250000
vn -0.126093760 0.961464882 0.244306624
vt 0.918457031 0.140869141
v 0.045547578 0.159957901 0.432449341
vt 0.943115234 0.181640625
vn -0.125502780 0.988334119 0.086283110
v 0.051593870 0.162597671 0.397628784
vt 0.963867188 0.173583984
vn 0.228311092 0.928989947 0.291293412
vt 0.946533203 0.182373047
vt 0.961425781 0.201660156
vt 0.948730469 0.189453125
v 0.077354528 0.167831436 0.470687866
vt 0.919677734 0.170410156
vn 0.196454912 -0.880118132 -0.432200879
vt 0.916503906 0.149414062
v 0.060684301 0.157913223 0.466537476
vt 0.927978516 0.177734375
vn -0.133688480 0.983003378 0.125824407
v 0.054012395 0.155715957 0.459213257
vt 0.932128906 0.181152344
vn -0.055027734 -0.998361051 -0.015722170
vt 0.939697266 0.203613281
vt 0.921630859 0.200439453
vt 0.934326172 0.220458984
v 0.088432409 0.155227676 0.467849731
vt 0.920410156 0.184814453
vn 0.070793837 -0.943916857 0.322504938
vt 0.913085938 0.212402344
vt 0.909912109 0.205810547
vt 0.916259766 0.177490234
v 0.068573095 0.165695205 0.474258423
vt 0.915039062 0.173583984
vn 0.141255841 -0.980942965 0.133408263
vt 0.903564453 0.156005859
vt 0.906738281 0.140625000
vt 0.890869141 0.146484375
v 0.062301725 0.167144790 0.396743774
vt 0.875244141 0.158203125
vn 0.126293987 -0.986671388 0.102613851
vt 0.885009766 0.152587891
vt 0.894042969 0.171142578
vt 0.874755859 0.163330078
v 0.043586832 0.163772598 0.474868774
vt 0.906738281 0.178222656
vn 0.275037020 -0.691521406 0.667946756
v 0.150177106 0.226196319 0.485885620
vt 0.493896484 0.840087891
vn -0.071104467 -0.063204050 0.995464504
vt 0.485351562 0.848876953
vt 0.490722656 0.828857422
vt 0.494384766 0.828125000
v 0.144394010 0.247947723 0.484695435
vt 0.501953125 0.834228516
vn -0.031445283 0.047168169 0.998391926
vt 0.502929688 0.824707031
vt 0.510742188 0.822265625
vt 0.514892578 0.818115234
v 0.125595182 0.303122550 0.481277466
vt 0.520019531 0.818603516
vn -0.268449724 -0.007895554 0.963261366
v 0.103538610 0.299741775 0.478744507
vt 0.526123047 0.824462891
vn -0.023597062 0.039328694 0.998947680
v 0.107231237 0.246551543 0.485885620
vt 0.513671875 0.844970703
vn -0.007871446 0.023614772 0.999690175
v 0.078353979 0.208740264 0.485397339
vt 0.515380859 0.866455078
vn 0.007887856 -0.110428050 0.993852854
vt 0.502929688 0.877685547
v 0.059829809 0.244339019 0.483871460
vt 0.531005859 0.855957031
vn -0.047098190 0.062797800 0.996914387
v 0.044582464 0.185745254 0.480789185
vt 0.520263672 0.883300781
vn 0.000000138 -0.236956164 0.971520424
vt 0.507080078 0.885498047
vt 0.514892578 0.892822266
v 0.010481932 0.194343597 0.481399536
vt 0.535644531 0.887695312
vn -0.015773837 -0.110417746 0.993760109
v -0.011450669 0.164184585 0.473800659
vt 0.536376953 0.903808594
vn -0.047304124 -0.204985082 0.977621377
v 0.031147098 0.154113784 0.444808960
vt 0.506591797 0.905761719
vn 0.580879271 -0.808521092 -0.094196670
vt 0.500000000 0.905273438
vt 0.476562500 0.923339844
v 0.005372623 0.132354751 0.467910767
vt 0.522949219 0.912597656
vn 0.386162192 -0.882656276 0.267949194
vt 0.496337891 0.936279297
vt 0.517578125 0.932128906
v -0.023977181 0.132888809 0.467239380
vt 0.531494141 0.918945312
vn -0.211850971 -0.823865294 0.525704563
v -0.053344630 0.146118179 0.467483521
vt 0.545410156 0.920410156
vn -0.315705210 -0.489343226 0.812941253
v -0.028238198 0.189529434 0.477493286
vt 0.550048828 0.899658203
vn -0.055116262 -0.322824597 0.944852650
v -0.060993098 0.174667373 0.470687866
vt 0.557128906 0.913818359
vn -0.164757699 -0.360898107 0.917936504
v -0.072067164 0.163238540 0.464981079
vt 0.556640625 0.921142578
vn -0.441588700 -0.875292003 0.197137937
v -0.091201685 0.167678848 0.459945679
vt 0.564208984 0.923583984
vn -0.110676169 0.418988764 0.901221037
v -0.098907374 0.159805313 0.471694946
vt 0.560302734 0.929199219
vn 0.039393369 -0.953317583 0.299389005
v -0.119979762 0.163345352 0.465499938
vt 0.564941406 0.934326172
vn -0.180688396 0.982001901 -0.054992128
v -0.113319300 0.177185073 0.463821411
vt 0.568115234 0.933105469
vn -0.401861429 0.724926591 0.559454143
v -0.095725916 0.184738174 0.441787720
vt 0.573486328 0.926513672
vn -0.826233923 -0.236066863 0.511478305
v -0.083389185 0.181015030 0.468124390
vt 0.568115234 0.917480469
vn -0.544354260 -0.717916608 0.433905691
v -0.073036097 0.178436294 0.477249146
vt 0.564697266 0.912841797
vn 0.007872197 -0.551044405 0.834438801
v -0.094695948 0.183486953 0.478988647
vt 0.575683594 0.912597656
vn -0.252163887 -0.488567740 0.835293353
v -0.127563387 0.207443252 0.453689635
vt 0.592041016 0.923339844
vn -0.545118213 -0.837428153 0.039501432
v -0.044025324 0.196250945 0.479202271
vt 0.560302734 0.901367188
vn -0.094414920 -0.338320553 0.936282575
v -0.024957558 0.196685821 0.488388062
vt 0.551269531 0.894042969
vn 0.079037316 -0.252918959 0.964253664
v 0.002833225 0.227157623 0.481643677
vt 0.547363281 0.875488281
vn 0.086267345 0.023527469 0.995994210
v -0.025085350 0.224105865 0.489059448
vt 0.557128906 0.882080078
vn 0.086751565 0.070978500 0.993698299
v -0.061469935 0.207908660 0.488845825
vt 0.566406250 0.893798828
vn -0.196697891 -0.157358393 0.967754304
v -0.068771265 0.227836639 0.484268188
vt 0.575195312 0.891845703
vn -0.086568438 -0.157397360 0.983733773
v -0.052333735 0.242355376 0.487503052
vt 0.572021484 0.880371094
vn 0.015706826 0.070680186 0.997375369
v -0.088119410 0.241737381 0.486160278
vt 0.586425781 0.888916016
vn 0.015741821 -0.023612490 0.999597251
v 0.029319858 0.249328643 0.481704712
vt 0.543945312 0.860839844
vn 0.039309327 0.039309241 0.998453617
v 0.032436464 0.281932861 0.479141235
vt 0.549560547 0.846191406
vn 0.007869999 0.031479523 0.999473393
v -0.018056775 0.285861999 0.482437134
vt 0.570800781 0.854003906
vn 0.047073796 0.070610546 0.996392667
v -0.075614832 0.282653838 0.481979370
vt 0.588378906 0.869873047
v 0.041816805 0.347391158 0.480789185
vt 0.557128906 0.818847656
vn 0.007873659 -0.007873484 0.999938011
v 0.103729337 0.361122161 0.479782104
vt 0.531494141 0.803222656
vn -0.015745463 0.007872839 0.999845147
v 0.025917143 0.410453826 0.480331421
vt 0.555664062 0.794677734
vn 0.047155142 -0.039295793 0.998114347
v -0.009977248 0.297863036 0.479629517
vt 0.568847656 0.847656250
vn 0.055033006 -0.007861793 0.998453617
v -0.008891969 0.375968963 0.481033325
vt 0.572753906 0.818115234
vn 0.094782606 -0.023695569 0.995215952
v -0.024953747 0.290317565 0.484664917
vt 0.575195312 0.852783203
vn 0.055007517 -0.031432740 0.997991085
v -0.120933436 0.303951293 0.484573424
vt 0.607421875 0.875976562
vn 0.062865712 0.007858244 0.997991085
v -0.085594088 0.350570709 0.485214233
vt 0.610351562 0.854492188
v -0.111144923 0.280460387 0.484939575
vt 0.600097656 0.880126953
vn 0.181096867 0.118106633 0.976347685
v -0.100402735 0.256885558 0.489822388
vt 0.596191406 0.886474609
vn 0.118198343 -0.015759712 0.992864966
v -0.131439120 0.313755542 0.490768492
vt 0.616455078 0.878662109
vn 0.071104720 0.063204132 0.995464385
v -0.112625025 0.229972854 0.483383179
vt 0.594482422 0.897949219
vn -0.109923035 -0.157033056 0.981456876
v -0.127441317 0.258571655 0.487106383
vt 0.608398438 0.896240234
vn -0.205157220 -0.126250654 0.970552146
v -0.151672274 0.319260955 0.488967955
vt 0.625976562 0.882080078
vn -0.392958283 -0.007859144 0.919522703
v -0.149673373 0.293153763 0.482681334
vt 0.621826172 0.894042969
vn -0.449865937 -0.047354303 0.891839802
v -0.147033602 0.241745010 0.479446471
vt 0.611572266 0.906982422
vn -0.464610040 -0.141745448 0.874097168
v -0.165359408 0.326204300 0.475601256
vt 0.635986328 0.893798828
vn -0.552966654 -0.078995235 0.829450309
v -0.137771502 0.212562576 0.477218688
vt 0.598632812 0.911132812
vn -0.504187047 -0.504187107 0.701135337
v -0.142227083 0.228500381 0.465438902
vt 0.599853516 0.920410156
vn -0.204489931 -0.967395008 0.149435073
v -0.150451571 0.214759842 0.470016539
vt 0.604248047 0.916503906
vn 0.000000133 -0.565528274 0.824728906
v -0.154357821 0.253517151 0.474868834
vt 0.615478516 0.911621094
vn -0.118080825 -0.047232341 0.991880059
v -0.174606234 0.217575088 0.468002379
vt 0.609863281 0.923095703
vn -0.535167515 -0.700440109 0.472206861
vt 0.623779297 0.924316406
vt 0.628173828 0.915283203
v -0.163879305 0.278224945 0.467575133
vt 0.624267578 0.912597656
vn 0.976347685 0.212591887 0.039368723
v -0.152679354 0.253471375 0.468460143
vt 0.619384766 0.908447266
vn -0.919522583 -0.078591704 0.385099351
v -0.159988314 0.284927368 0.456222594
vt 0.630371094 0.907958984
vn -0.552209079 -0.094664417 0.828313887
vt 0.991455078 0.948974609
vt 0.993896484 0.944580078
vt 0.993164062 0.961914062
vt 0.319091797 0.992919922
vt 0.342529297 0.966552734
vt 0.345947266 0.990234375
vt 0.354248047 0.983642578
vt 0.326416016 0.954589844
vt 0.302978516 0.988037109
vt 0.285400391 0.026123047
vt 0.235595703 0.026123047
vt 0.283203125 0.018310547
vt 0.081054688 0.914306641
vt 0.091552734 0.940673828
vt 0.085937500 0.943115234
vt 0.070800781 0.923828125
v 0.232879713 0.382759124 0.409866333
vt 0.077392578 0.907470703
vn 0.894785285 -0.439543635 -0.078490034
vt 0.103271484 0.884033203
vt 0.095703125 0.868652344
v 0.247116163 0.404853851 0.425277710
vt 0.078369141 0.890380859
vn 0.945116341 -0.315038741 -0.086635776
v 0.239090040 0.412727386 0.417831421
vt 0.071289062 0.891601562
vn 0.843566298 -0.346887112 -0.409957528
v 0.243713453 0.406730682 0.396377563
vt 0.063720703 0.882812500
vn 0.251346081 -0.251345932 0.934692740
v 0.237747267 0.418243438 0.405380249
vt 0.062500000 0.888427734
vn 0.408185333 -0.392485976 -0.824220657
v 0.226944044 0.380981475 0.385025024
vt 0.059814453 0.905761719
vn 0.882218003 0.448986024 -0.141785175
v 0.215164259 0.426582366 0.385330200
vt 0.045166016 0.887207031
vn 0.972436905 0.156844676 -0.172529250
v 0.244628981 0.405128509 0.409439087
vt 0.068847656 0.915771484
vn -0.809419334 0.565807641 0.157168880
vt 0.067871094 0.920410156
v 0.235153273 0.392486602 0.366989136
vt 0.052734375 0.917236328
vn -0.848501921 0.400681436 0.345686048
v 0.232681349 0.410530120 0.373764038
vt 0.023925781 0.892578125
vn 0.189170152 -0.094584949 0.977378368
vt 0.027587891 0.880371094
vt 0.047363281 0.901367188
vt 0.010253906 0.873046875
vt 0.010498047 0.920166016
v 0.224624708 0.429611236 0.374740601
vt 0.024902344 0.905761719
vn -0.700743914 -0.527526379 0.480285317
vt 0.043457031 0.921875000
v 0.219741896 0.443847686 0.388290405
vt 0.023681641 0.914062500
vn -0.062960908 -0.944413662 -0.322674632
vt 0.243164062 0.274169922
vt 0.257324219 0.275146484
vt 0.259277344 0.278076172
v 0.125038236 0.370380431 0.482315063
vt 0.230468750 0.265380859
vn -0.292410076 -0.007902949 0.956260443
vt 0.212402344 0.260498047
vt 0.240722656 0.254638672
vt 0.261962891 0.270996094
v 0.123924345 0.437599212 0.482284546
vt 0.205566406 0.251464844
vn -0.212697238 -0.023633009 0.976832390
vt 0.201904297 0.252441406
v 0.128677458 0.451690674 0.483596802
vt 0.198486328 0.250000000
vn 0.063080311 0.094620332 0.993512928
v 0.093551725 0.425308257 0.478225708
vt 0.216308594 0.241210938
vn 0.007861973 -0.055032831 0.998453617
vt 0.232666016 0.214111328
v 0.028249828 0.440330535 0.486770630
vt 0.218750000 0.210205078
vn 0.039309330 -0.039309151 0.998453617
v 0.107757650 0.488494873 0.483596802
vt 0.188720703 0.236328125
vn 0.039338518 -0.007867632 0.999195039
v 0.153137296 0.483139038 0.478530884
vt 0.180175781 0.252685547
vn 0.449362636 0.354759961 0.819889486
v 0.093658529 0.508148193 0.480941772
vt 0.182128906 0.227050781
vn 0.055253714 0.197334319 0.978778005
v 0.035930719 0.495941162 0.482498169
vt 0.196289062 0.201660156
vn 0.055029601 0.125781700 0.990530550
vt 0.978271484 0.841796875
vt 0.988037109 0.871582031
vt 0.966308594 0.878173828
vt 0.498046875 0.978515625
v -0.045772459 0.137603775 0.430923462
vt 0.490234375 0.963867188
vn -0.521303594 -0.853042305 0.023695726
vt 0.501708984 0.965332031
vt 0.484619141 0.978759766
vt 0.495117188 0.941894531
vt 0.474365234 0.976074219
v -0.061992556 0.150299087 0.406143188
vt 0.483398438 0.952148438
vn -0.670623183 -0.741630435 0.015779492
vt 0.481933594 0.946533203
v -0.073188685 0.164657608 0.440261841
vt 0.474609375 0.965332031
vn -0.527101696 -0.849656582 -0.015734274
v -0.072265536 0.167129532 0.415420532
vt 0.475097656 0.954589844
vn -0.306772947 -0.951782823 0.000000082
vt 0.473632812 0.938964844
vt 0.476562500 0.932617188
v -0.083518893 0.166763321 0.379196167
vt 0.470703125 0.940673828
vn -0.047185577 -0.998762369 0.015728589
vt 0.469970703 0.927734375
v -0.110458285 0.167495742 0.410873413
vt 0.458496094 0.952392578
vn 0.023615502 -0.999721110 0.000000041
v -0.101211451 0.166046157 0.436141968
vt 0.463134766 0.963867188
vn 0.015759788 -0.992864966 -0.118198164
v -0.144988924 0.165725723 0.427932799
vt 0.445312500 0.961181641
vn -0.541747510 -0.832249820 -0.117771089
vt 0.463134766 0.979980469
v -0.144332781 0.159347549 0.465652525
vt 0.444335938 0.979492188
vn -0.339743108 -0.798001468 0.497763366
vt 0.230468750 0.871582031
vt 0.228759766 0.860839844
vt 0.242187500 0.857177734
v -0.108894259 0.159378067 0.378463745
vt 0.235107422 0.856201172
vn 0.487645179 -0.825850606 0.283148706
vt 0.231201172 0.849609375
v -0.144058138 0.165023819 0.368728697
vt 0.242675781 0.871582031
vn -0.943916857 -0.322504938 -0.070793614
vt 0.229736328 0.890380859
vt 0.259521484 0.859130859
vt 0.234863281 0.842529297
v -0.143890291 0.165893570 0.404830992
vt 0.257568359 0.872314453
vn -0.863681972 -0.502505898 0.039258406
vt 0.268310547 0.871093750
v -0.142272860 0.204345703 0.381607115
vt 0.248046875 0.888916016
vn -0.802031517 -0.574003041 -0.165124014
vt 0.231201172 0.902587891
v -0.142974749 0.176406875 0.468032897
vt 0.283447266 0.875488281
vn -0.974928319 0.188695759 0.117935002
vt 0.282958984 0.868896484
v -0.137634188 0.207695022 0.445571959
vt 0.275634766 0.888671875
vn -0.787011325 -0.566648185 0.243973657
v -0.141586214 0.201957703 0.393234313
vt 0.253173828 0.887939453
vn -0.764680862 -0.638548017 0.086716518
v -0.178161532 0.210578918 0.398574889
vt 0.254882812 0.904296875
vn -0.779213607 -0.621796787 -0.078708313
v -0.153350741 0.208869949 0.433944762
vt 0.270263672 0.894775391
vn -0.203973264 -0.972795904 0.109831870
vt 0.284179688 0.905029297
vt 0.285644531 0.894287109
vt 0.287353516 0.890869141
vt 0.283447266 0.926757812
v -0.182418734 0.243438721 0.384445250
vt 0.246337891 0.917968750
vn -0.966767311 -0.180777684 -0.180777475
vt 0.246826172 0.924804688
v -0.167785570 0.240608215 0.346389830
vt 0.230957031 0.912109375
vn -0.921917498 -0.031518605 -0.386102051
vt 0.227539062 0.912841797
vt 0.233154297 0.923339844
vt 0.237304688 0.936279297
v -0.140228182 0.171615615 0.407577574
vt 0.041503906 0.392089844
vn -0.251773387 0.574358284 0.778924227
v -0.128417879 0.168869033 0.429733336
vt 0.042236328 0.399902344
vn -0.638984859 0.694205821 0.331325531
v -0.125244051 0.197616577 0.412460387
vt 0.031494141 0.389648438
vn -0.707718611 0.204452038 0.676264584
v -0.141982943 0.168533340 0.428726256
vt 0.048339844 0.392333984
vn 0.999102235 0.039334778 0.015733762
vt 0.023437500 0.406982422
vt 0.012451172 0.396484375
v -0.137206942 0.197456360 0.405685484
vt 0.037109375 0.384765625
vn 0.922117949 -0.323135287 0.212796345
v -0.136520296 0.194572464 0.444747984
vt 0.041748047 0.367919922
vn 0.999102235 -0.039334688 0.015733765
v -0.107353121 0.193847656 0.416244507
vt 0.023925781 0.388671875
vn -0.526954949 -0.833689988 0.165165097
vt 0.022460938 0.368896484
vt 0.031494141 0.369628906
vt 0.047607422 0.358154297
vt 0.021728516 0.358886719
vt 0.426269531 0.009033203
vt 0.442626953 0.017822266
vt 0.421630859 0.015136719
v -0.142776385 0.162704483 0.463302672
vt 0.429687500 0.023925781
vn 0.496109098 0.677228391 -0.543357730
vt 0.443847656 0.028320312
v -0.105171107 0.183486953 0.471603394
vt 0.416503906 0.023193359
vn 0.196236804 0.298280150 -0.934087813
vt 0.408203125 0.020263672
v -0.136215106 0.188018814 0.469924986
vt 0.419189453 0.032714844
vn 0.764514744 -0.133987039 0.630527437
vt 0.406738281 0.044189453
vt 0.433593750 0.036865234
vt 0.415283203 0.038330078
v -0.138503924 0.189666763 0.469436705
vt 0.419677734 0.033935547
vn -0.866652310 0.480598092 0.133937269
vt 0.773681641 0.728027344
vt 0.798339844 0.707031250
vt 0.796142578 0.737792969
v -0.018175036 0.398994476 0.485153198
vt 0.773437500 0.745117188
vn 0.062819183 -0.039261855 0.997252405
vt 0.736816406 0.698974609
vt 0.806152344 0.757568359
v -0.056442171 0.374317199 0.485519409
vt 0.745849609 0.748046875
vn 0.007873903 0.000000044 0.999969006
vt 0.722412109 0.745361328
v -0.077171236 0.428237945 0.485214233
vt 0.749267578 0.784423828
v -0.085082918 0.372951537 0.485488892
vt 0.730224609 0.757080078
vn -0.015745949 0.000000043 0.999876022
v -0.108093172 0.385040283 0.484878540
vt 0.722167969 0.770996094
vn 0.054951556 -0.054951373 0.996975780
v -0.135833651 0.326220542 0.484176695
vt 0.688232422 0.752929688
vn -0.078869723 0.078869894 0.993760109
vt 0.690429688 0.738769531
v -0.135055453 0.364753723 0.483627379
vt 0.702148438 0.770019531
vn -0.149066493 -0.023536799 0.988547087
v -0.153640658 0.355766296 0.480636656
vt 0.687744141 0.769531250
vn -0.353433341 0.039270408 0.934635162
v -0.129531771 0.371757507 0.489181578
vt 0.708740234 0.773681641
vn 0.055221047 -0.094664373 0.993976474
v -0.147048861 0.407409668 0.480484068
vt 0.702392578 0.793945312
vn -0.465708733 0.039466873 0.884057581
v -0.129302889 0.416046143 0.489028990
vt 0.715576172 0.794189453
vn -0.180688232 0.054992143 0.982001901
v -0.112403780 0.416481018 0.487503052
vt 0.725830078 0.789062500
vn 0.015715068 0.062859803 0.997898698
v -0.132202059 0.455612183 0.478256285
vt 0.724853516 0.814453125
vn -0.457274407 0.536114931 0.709563911
v -0.096938998 0.476226807 0.482131958
vt 0.751464844 0.814453125
vn -0.102172218 0.094312973 0.990285814
v -0.134475619 0.444381714 0.480728209
vt 0.720214844 0.810546875
vn -0.244200379 0.039387207 0.968924642
v -0.136444002 0.476333618 0.481338561
vt 0.721923828 0.823242188
vn 0.385516316 0.180956647 0.904782832
v -0.133544832 0.416389465 0.489669859
vt 0.713134766 0.795654297
vn -0.487629890 0.165165022 0.857285082
v -0.063110262 0.473007202 0.485580444
vt 0.761962891 0.806640625
vn -0.282589763 0.054948069 0.957665861
v -0.153610140 0.409576416 0.475906432
vt 0.699218750 0.797363281
vn -0.259000719 -0.031394012 0.965366840
v -0.160507113 0.453857422 0.476028502
vt 0.704101562 0.821533203
vn -0.908077121 0.300060242 0.292164087
vt 0.685302734 0.802246094
v -0.156158358 0.390380859 0.472641051
vt 0.692138672 0.787353516
vn -0.251400113 0.054993831 0.966319740
vt 0.648437500 0.806884766
vt 0.671875000 0.772216797
v -0.080459505 0.445159912 0.489364624
vt 0.757568359 0.792236328
vn -0.518720984 0.102172360 0.848816514
v -0.067146212 0.454879761 0.488204956
vt 0.765136719 0.799072266
vn -0.307200789 0.110277280 0.945233643
v -0.063247591 0.434944183 0.490066528
vt 0.765625000 0.789306641
vn 0.031411599 -0.141351521 0.989461064
v -0.060371313 0.487014771 0.490829468
vt 0.778076172 0.811523438
vn -0.102712937 0.118515119 0.987625599
v -0.071899332 0.495529175 0.484176636
vt 0.778320312 0.820068359
vn -0.229078978 -0.252776921 0.940014303
v -0.055801306 0.511566162 0.483108521
vt 0.790283203 0.822265625
vn -0.188719124 0.896415949 0.401028156
v -0.014728460 0.506973267 0.486679077
vt 0.808837891 0.808349609
vn 0.062819168 0.180604801 0.981547654
v -0.037975226 0.467468262 0.490646362
vt 0.787353516 0.795654297
vn 0.070669375 -0.023556368 0.997221589
v 0.016363231 0.463272095 0.487106323
vt 0.808593750 0.773681641
v -0.040927798 0.451446533 0.486251831
vt 0.779785156 0.785888672
vn 0.054973580 -0.133506894 0.989522040
vt 0.380371094 0.149169922
vt 0.399414062 0.145507812
vt 0.415527344 0.155029297
v -0.166717440 0.315598011 0.463577330
vt 0.409912109 0.145751953
vn 0.921031535 -0.377859086 0.094464675
vt 0.416015625 0.137939453
v -0.171203524 0.319256783 0.468093932
vt 0.383056641 0.143310547
vn -0.252974212 -0.308312416 0.917031944
vt 0.383544922 0.136474609
vt 0.374023438 0.134033203
vt 0.343994141 0.176025391
vt 0.976806641 0.174316406
vt 0.993652344 0.173828125
vt 0.982910156 0.180419922
vt 0.972900391 0.180175781
vt 0.965576172 0.179931641
vt 0.967041016 0.161376953
vt 0.982177734 0.160644531
v 0.238540724 0.417221099 0.385910034
vt 0.214111328 0.679443359
vn 0.889075041 0.416999847 -0.188830242
vt 0.218261719 0.689697266
vt 0.186767578 0.677734375
v 0.224807814 0.444091827 0.383712769
vt 0.206542969 0.659423828
vn 0.716490984 0.653502822 -0.244079486
vt 0.180664062 0.643554688
v 0.217315763 0.474243194 0.467697144
vt 0.221679688 0.601806641
vn 0.395111859 0.908757389 -0.134338140
vt 0.557373047 0.084228516
vt 0.553710938 0.083496094
vt 0.557128906 0.076171875
vt 0.593261719 0.092285156
vt 0.567382812 0.096435547
vt 0.588623047 0.101074219
vt 0.566650391 0.061279297
v 0.228561491 0.462615997 0.471206665
vt 0.601318359 0.076416016
vn 0.855303228 0.517890096 0.015693504
vt 0.607421875 0.069335938
v 0.216903776 0.454589874 0.473434448
vt 0.603271484 0.083496094
vn 0.551061571 0.440849304 0.708507657
v 0.198257536 0.469100982 0.471237183
vt 0.615966797 0.068359375
vn -0.597407401 -0.015721241 0.801783800
v 0.179306120 0.483291656 0.466873169
vt 0.621826172 0.062500000
vn 0.062960960 0.747660816 0.661089480
v 0.181396574 0.479507476 0.465042114
vt 0.622558594 0.064453125
vn -0.329810143 -0.926609576 0.180610433
v 0.197113127 0.469635040 0.499191284
vt 0.616943359 0.076660156
vn 0.606882751 0.788159430 0.102460608
v 0.214752287 0.452819854 0.499343872
vt 0.626464844 0.080810547
vn -0.566227317 -0.652734458 0.503313363
v 0.181564406 0.466766387 0.406600952
vt 0.505126953 0.134521484
vn -0.363502830 -0.766517043 0.529449999
v 0.183990553 0.452697784 0.426467896
vt 0.498535156 0.120605469
vn 0.062914148 0.975169599 0.212335259
v 0.197586134 0.452575713 0.432968140
vt 0.504638672 0.114257812
vn -0.574358284 0.818263769 0.023603803
v 0.188095182 0.457626373 0.461257935
vt 0.494873047 0.097167969
vn -0.738602161 0.628597558 0.243581653
v 0.180755705 0.450729400 0.454238892
vt 0.491699219 0.103515625
vn 0.737237930 0.674494326 0.039214656
v 0.195205778 0.470123321 0.466690063
vt 0.500732422 0.091552734
vn -0.741722763 0.670706630 0.000000068
vt 0.476318359 0.096679688
v 0.197784513 0.440277129 0.474349976
vt 0.484863281 0.083251953
vn -0.628500521 0.007856265 0.777769625
vt 0.499755859 0.088867188
vt 0.508789062 0.088378906
v 0.208023161 0.442459136 0.476547241
vt 0.485595703 0.079101562
vn -0.196261004 -0.117756650 0.973455250
vt 0.491943359 0.069824219
vt 0.483154297 0.072021484
vt 0.468017578 0.072265625
vt 0.482421875 0.063720703
vt 0.467285156 0.086425781
v 0.215988249 0.416786224 0.473312378
vt 0.476562500 0.087890625
vn -0.829838574 -0.442580611 0.339838803
v 0.206787199 0.414024383 0.462295532
vt 0.473876953 0.089843750
vn 0.424408227 0.730925262 0.534439802
vt 0.901367188 0.341308594
vt 0.897705078 0.349609375
v 0.170654371 0.464096099 0.414749146
vt 0.892089844 0.345458984
vn 0.670372844 0.741353571 0.031546839
v 0.146652296 0.484985352 0.424087524
vt 0.870605469 0.358642578
vn -0.086522914 -0.778707206 0.621392727
v 0.145919874 0.485427856 0.431015015
vt 0.867431641 0.354980469
vn 0.975410879 0.125859499 -0.180923104
v 0.140594557 0.508560181 0.414108276
vt 0.857421875 0.371093750
vn 0.971823573 0.055307064 -0.229129270
v 0.158371046 0.481414795 0.414993286
vt 0.875488281 0.367675781
vn 0.582316279 0.810521245 0.062952995
v 0.148681715 0.499450684 0.402603149
vt 0.864257812 0.376953125
vn -0.661889315 -0.417620748 0.622491360
v 0.151855543 0.539810181 0.429336548
vt 0.832275391 0.360595703
vn 0.906580389 0.228615969 -0.354748994
v 0.157486036 0.541839600 0.458206177
vt 0.825195312 0.341552734
vn 0.802627325 0.354100347 0.480002463
v 0.133514479 0.530364990 0.389419556
vt 0.842041016 0.386230469
vn 0.881234288 -0.023604473 -0.472089946
v 0.124374464 0.514846802 0.383499146
vt 0.849853516 0.395996094
vn 0.635729313 0.729911506 -0.251152486
v 0.131866530 0.539260864 0.398910522
vt 0.833251953 0.383056641
vn 0.728120625 0.585662365 -0.356146097
v 0.126754835 0.557952881 0.427169800
vt 0.814697266 0.370605469
vn 0.527281225 0.818466485 -0.228226334
v 0.118637167 0.570648193 0.457565308
vt 0.795654297 0.358642578
vn 0.440167814 0.872475505 0.212223664
v 0.087249838 0.569000244 0.463577271
vt 0.776123047 0.352294922
vn 0.055212423 0.465361059 0.883397222
v 0.152313307 0.471557617 0.367385864
vt 0.742431641 0.050537109
vn 0.582622886 0.661355793 -0.472397149
vt 0.758789062 0.031982422
vt 0.757568359 0.063964844
v 0.161575392 0.479644775 0.381027222
vt 0.740234375 0.039306641
vn 0.622471869 0.748542190 -0.228502452
vt 0.744140625 0.065429688
v 0.145507887 0.484756470 0.370223999
vt 0.730224609 0.051269531
vn -0.133841723 -0.708573639 -0.692827463
v 0.124748304 0.496780396 0.377487183
vt 0.726318359 0.064941406
vn 0.511795163 0.810998559 -0.283455878
v 0.148086622 0.489883423 0.349594116
vt 0.714599609 0.051757812
vn -0.748008251 -0.496047616 0.440931320
v 0.166000441 0.479171753 0.354843140
vt 0.722412109 0.034179688
vn -0.337319732 -0.941357553 0.007844731
v 0.141754210 0.492462158 0.339736938
vt 0.705566406 0.046875000
v 0.150070250 0.490798950 0.340225220
vt 0.706542969 0.043212891
vn 0.566314995 0.802279711 -0.188771799
v 0.128082335 0.504043579 0.333236694
vt 0.693359375 0.046142578
vn 0.505837917 0.837794185 -0.205496758
vt 0.941406250 0.224853516
vt 0.945068359 0.237548828
v 0.183044508 0.480392486 0.401687622
vt 0.905517578 0.226562500
vn 0.652794898 0.739310026 -0.165165111
v 0.159591749 0.499954224 0.422317505
vt 0.893798828 0.251708984
vn 0.542232275 0.832994640 -0.110018268
vt 0.922607422 0.275878906
v 0.177948073 0.482650787 0.413833618
vt 0.897216797 0.231689453
vn -0.416484416 -0.880118132 0.227887824
vt 0.897949219 0.265136719
v 0.158996657 0.493392944 0.407669067
vt 0.885986328 0.242919922
vn -0.236103356 -0.960153878 0.149532229
v 0.159423903 0.497756958 0.426956177
vt 0.890625000 0.252441406
vn -0.560167491 -0.631174803 0.536498606
vt 0.885986328 0.267089844
vt 0.874511719 0.247314453
vt 0.872802734 0.230957031
vt 0.847656250 0.228515625
v 0.166870207 0.484756470 0.456375122
vt 0.854003906 0.257812500
vn 0.261108249 0.949484766 -0.174072281
vt 0.874511719 0.255615234
vt 0.379394531 0.962158203
vt 0.375732422 0.938720703
vt 0.390136719 0.948486328
vt 0.356933594 0.954345703
v 0.137481764 0.502380371 0.386947632
vt 0.352050781 0.940429688
vn -0.023694942 -0.710846424 -0.702948034
v 0.113967963 0.513870239 0.371871948
vt 0.344238281 0.958496094
vn -0.338919044 -0.930057049 -0.141873017
vt 0.361816406 0.924316406
vt 0.318847656 0.941406250
v 0.148544386 0.499130249 0.400497437
vt 0.353515625 0.931640625
vn -0.504641414 -0.851582527 0.141930506
vt 0.322265625 0.932861328
vt 0.093505859 0.017089844
vt 0.126708984 0.032714844
vt 0.087646484 0.030029297
vt 0.133300781 0.019287109
vt 0.126464844 0.013916016
vt 0.517822266 0.005859375
vt 0.540527344 0.037353516
vt 0.504882812 0.027587891
vt 0.506347656 0.018310547
vt 0.504638672 0.018310547
vt 0.495361328 0.040527344
vt 0.482421875 0.029785156
vt 0.931640625 0.000732422
vt 0.954101562 0.000732422
v 0.200500563 0.463394195 0.417007446
vt 0.943603516 0.008544922
vn -0.527919173 -0.764300942 0.370331496
vt 0.641601562 0.961425781
vt 0.660888672 0.984619141
vt 0.650390625 0.982910156
v 0.204452589 0.469131500 0.444046021
vt 0.640625000 0.974365234
vn -0.835059941 -0.480553418 0.267849565
vt 0.643798828 0.984863281
v 0.218216032 0.470291167 0.465377808
vt 0.626953125 0.968750000
vn -0.560080409 -0.828288138 0.015777024
vt 0.635742188 0.960937500
v 0.218887419 0.464218169 0.467727661
vt 0.625000000 0.966308594
vn 0.447903395 0.872233033 -0.196448997
v 0.226806715 0.445419341 0.431015015
vt 0.604003906 0.975830078
vn -0.983764112 -0.047220714 0.173142627
vt 0.626708984 0.950439453
vt 0.628906250 0.939697266
vt 0.010009766 0.081054688
v 0.213073805 0.463958770 0.434341431
vt 0.012939453 0.094238281
vn 0.707521915 0.322315544 0.628908157
vt 0.003173828 0.101074219
vt 0.023681641 0.103271484
vt 0.017822266 0.090576172
vt 0.929931641 0.464355469
v 0.177246183 0.460571319 0.477432251
vt 0.933593750 0.486083984
vn 0.566437721 0.291086107 0.770984590
vt 0.915039062 0.468017578
vt 0.936279297 0.470214844
vt 0.946044922 0.479248047
v 0.160797209 0.434173614 0.483291626
vt 0.917968750 0.483398438
vn 0.134153977 0.094696894 0.986425459
vt 0.910156250 0.478271484
vt 0.909667969 0.491699219
vt 0.912841797 0.495849609
vt 0.938720703 0.506835938
v 0.169632047 0.474884033 0.476760864
vt 0.937255859 0.494628906
vn 0.716335595 0.637617469 0.283385366
vt 0.968017578 0.482177734
vt 0.962890625 0.474609375
vt 0.961425781 0.502197266
vt 0.950683594 0.530029297
vt 0.936279297 0.564697266
vt 0.928710938 0.536621094
v 0.151306242 0.509262085 0.467697144
vt 0.068115234 0.505371094
vn -0.620567799 0.526304245 -0.581291199
v 0.148696974 0.521484375 0.446945190
vt 0.091552734 0.500000000
vn -0.463461816 -0.196382150 0.864081681
v 0.147430494 0.510192871 0.442794800
vt 0.090087891 0.507812500
vn -0.543711662 0.693429530 0.472792864
v 0.131988600 0.508071899 0.447433472
vt 0.098144531 0.510498047
vn 0.031364113 0.940923333 0.337164134
v 0.100608908 0.514907837 0.440231323
vt 0.122070312 0.499755859
vn 0.062861711 0.895779192 0.440031856
v 0.105659559 0.541885376 0.432723999
vt 0.116699219 0.480957031
vn -0.307162672 -0.393798411 0.866356671
v 0.111595236 0.555938721 0.454879761
vt 0.098144531 0.470458984
vn -0.149782732 -0.607014716 0.780447543
v 0.153137282 0.538452148 0.456375122
vt 0.081298828 0.493408203
vn -0.992988288 -0.094570361 0.070927866
v 0.147888258 0.538406372 0.458389282
vt 0.080322266 0.488769531
vn -0.353172153 -0.604316711 -0.714192390
v 0.119682394 0.563644409 0.455612183
vt 0.092285156 0.466552734
vn -0.211968645 -0.392534345 -0.894978225
v 0.117172323 0.508316040 0.474441528
vt 0.057128906 0.465576172
vn -0.070610635 0.133375347 -0.988547087
v 0.092506491 0.563369751 0.460647583
vt 0.090820312 0.447509766
vn -0.086408243 -0.581291318 -0.809094548
v 0.085083090 0.556594849 0.464126587
vt 0.086425781 0.441650391
vn 0.007894998 -0.481600672 -0.876355290
vt 0.227294922 0.433349609
vt 0.265136719 0.415283203
vt 0.265136719 0.440673828
vt 0.242919922 0.397705078
vt 0.263183594 0.401855469
vt 0.242431641 0.386718750
v 0.118911810 0.505828857 0.331588745
vt 0.265869141 0.375244141
vn -0.471987575 -0.881043553 0.031465940
vt 0.286621094 0.368652344
vt 0.272949219 0.368896484
v 0.113700934 0.511184692 0.325668335
vt 0.260253906 0.373535156
vn 0.338740140 0.850789487 -0.401761740
v 0.085533209 0.528121948 0.344955444
vt 0.239501953 0.381103516
vn 0.457872421 0.544710398 -0.702597618
vt 0.230712891 0.380126953
v 0.106216498 0.519378662 0.359237671
vt 0.245361328 0.363525391
vn 0.597315192 0.730925202 -0.330095381
vt 0.248779297 0.344726562
vt 0.282470703 0.355957031
vt 0.686035156 0.228515625
vt 0.682861328 0.215820312
v 0.073516913 0.541107178 0.348556519
vt 0.688232422 0.216064453
vn -0.086848818 0.876382530 -0.473720342
v 0.042278357 0.533737183 0.350479126
vt 0.679931641 0.196533203
vn -0.779672682 0.622162938 -0.070879251
vt 0.681640625 0.184570312
vt 0.671630859 0.191894531
v 0.042881079 0.537551880 0.368698120
vt 0.691406250 0.190673828
vn -0.433433861 0.898390055 -0.070925504
v 0.102531500 0.554458618 0.376541138
vt 0.713623047 0.220947266
vn 0.055089004 0.936514497 -0.346274316
v 0.067436293 0.550796509 0.404739380
vt 0.719482422 0.191406250
vn -0.487584829 0.872934043 -0.015728517
v 0.124214239 0.531723022 0.376724243
vt 0.714355469 0.239501953
vn 0.663001716 0.315715164 -0.678787649
vt 0.695312500 0.242187500
vt 0.716064453 0.248291016
vt 0.726318359 0.243896484
vt 0.732421875 0.239501953
v 0.124290541 0.551971436 0.391555786
vt 0.726562500 0.231201172
vn 0.638567746 0.670102000 -0.378410697
vt 0.748535156 0.225830078
v 0.113746718 0.567581177 0.442428589
vt 0.752929688 0.210449219
vn -0.062914222 0.975169480 -0.212335318
vt 0.762451172 0.211181641
v 0.078048781 0.560134888 0.434005737
vt 0.739990234 0.186767578
vn -0.636907458 0.770579338 -0.023589114
vt 0.759277344 0.188232422
vt 0.995605469 0.984863281
vt 0.990234375 0.968750000
vt 0.999755859 0.965820312
v 0.058849413 0.524291992 0.432052612
vt 0.311279297 0.322509766
vn 0.584583163 0.805776775 0.094797164
vt 0.265380859 0.322021484
v 0.076080397 0.520141602 0.420333862
vt 0.286865234 0.314697266
vn -0.125921726 0.511557460 0.849972308
vt 0.270507812 0.296142578
v 0.096595846 0.521591187 0.473861694
vt 0.273681641 0.346679688
vn 0.220780566 0.898892641 -0.378481179
v 0.058017813 0.529556274 0.474014282
vt 0.306884766 0.350830078
vn 0.164981410 0.934894681 0.314250261
v 0.044262014 0.529571533 0.473037720
vt 0.311767578 0.352050781
vn 0.999721110 0.023615502 -0.000000132
v 0.060401995 0.555160522 0.462417603
vt 0.309570312 0.371093750
vn 0.275753051 0.764229834 0.583020627
v 0.072799757 0.548126221 0.419296265
vt 0.298339844 0.306640625
vn 0.647821784 -0.576719344 0.497716606
v 0.066513143 0.535690308 0.444473267
vt 0.314453125 0.305664062
vn -0.798450172 0.521759450 0.300407082
v 0.082084730 0.538879395 0.419540405
vt 0.289062500 0.304687500
vn -0.394385964 -0.772996664 0.496926516
v 0.082595907 0.543075562 0.456466675
vt 0.296630859 0.286376953
vn 0.094972372 -0.870579123 0.482775718
v 0.076530538 0.547012329 0.447799683
vt 0.304443359 0.291992188
vn 0.220260933 -0.975441039 0.000000014
vt 0.272705078 0.276367188
vt 0.292480469 0.273681641
vt 0.267822266 0.269531250
vt 0.301025391 0.279052734
v 0.075744711 0.539703369 0.470779419
vt 0.314941406 0.282470703
vn 0.338572115 -0.669270575 -0.661396861
vt 0.313964844 0.270019531
v 0.073959433 0.540740967 0.473617554
vt 0.317871094 0.281494141
vn -0.788894713 0.410225272 0.457559019
v 0.070167623 0.540206909 0.452651978
vt 0.312744141 0.295166016
vn -0.965813160 0.212007731 0.149190769
vt 0.328125000 0.295898438
vt 0.336425781 0.307617188
vt 0.337158203 0.283691406
vt 0.331054688 0.262451172
vt 0.664306641 0.435791016
v 0.042030405 0.524276733 0.388107300
vt 0.677001953 0.439453125
vn -0.694833159 0.679041386 0.236874998
vt 0.663330078 0.447021484
vt 0.690185547 0.459472656
v 0.033401560 0.524017334 0.391708374
vt 0.678222656 0.434082031
vn 0.427227974 0.759516537 -0.490521193
v 0.056152418 0.528610229 0.421981812
vt 0.701660156 0.443847656
vn -0.094359651 0.967185616 -0.235898972
vt 0.713867188 0.455078125
vt 0.655273438 0.415039062
v 0.001929234 0.531097412 0.378707886
vt 0.668701172 0.413818359
vn 0.561426997 0.363741517 -0.743297935
vt 0.659912109 0.399414062
v 0.014122079 0.539871216 0.382064819
vt 0.677734375 0.416015625
vn 0.102109194 0.926838160 -0.361309826
v 0.034538344 0.550170898 0.426864624
vt 0.710693359 0.425781250
vn 0.221400902 0.925139725 -0.308379978
v 0.056369860 0.543304443 0.443099976
vt 0.717773438 0.448242188
vn 0.698173344 0.588348448 -0.407921672
vt 0.719726562 0.461914062
v -0.049259115 0.534591675 0.380233765
vt 0.670654297 0.370605469
vn -0.284099430 0.946997941 -0.149941355
vt 0.650878906 0.367675781
vt 0.649658203 0.341552734
v -0.066329882 0.508407593 0.394149780
vt 0.666748047 0.348632812
vn -0.487645119 0.825850606 0.283148766
v -0.055789869 0.536575317 0.433486938
vt 0.702148438 0.348876953
vn -0.859708130 0.496895462 -0.118308365
v -0.044044413 0.565505981 0.474136353
vt 0.736328125 0.369384766
vn -0.512049258 0.850789487 -0.118165180
v -0.065429606 0.531906128 0.486068726
vt 0.740478516 0.341796875
vn -0.758449078 0.560936213 0.331821531
v -0.021461410 0.552520752 0.432235718
vt 0.709228516 0.388183594
vn -0.000000077 0.963291407 -0.268458277
v -0.022392191 0.565200806 0.475357056
vt 0.740234375 0.384033203
vn 0.063111655 0.631115913 0.773116887
v -0.007141509 0.560852051 0.473831177
vt 0.739257812 0.395263672
vn 0.133576974 0.958611369 0.251438975
vt 0.736816406 0.438720703
v 0.066619955 0.543197632 0.462265015
vt 0.734130859 0.445556641
vn 0.985566676 0.078845367 -0.149806276
vt 0.743896484 0.467773438
v 0.066474997 0.535186768 0.445388794
vt 0.727539062 0.449707031
vn -0.535565853 -0.795472860 0.283534974
v 0.056217272 0.549575806 0.460494995
vt 0.731933594 0.456298828
vn 0.718632698 -0.671250165 0.181632355
vt 0.804199219 0.421875000
vt 0.779296875 0.421875000
vt 0.768066406 0.413574219
vt 0.805908203 0.451416016
v 0.012685859 0.529281616 0.476333618
vt 0.823242188 0.446533203
vn -0.244785935 0.623809576 0.742254376
vt 0.795898438 0.488281250
v -0.047908705 0.509414673 0.445846558
vt 0.821777344 0.497802734
vn -0.283359170 0.920917273 0.267616987
v 0.042739950 0.520950317 0.478683472
vt 0.822265625 0.421386719
vn 0.055101149 0.244018912 0.968203902
vt 0.796875000 0.395263672
vt 0.819091797 0.409423828
vt 0.830566406 0.393554688
v -0.006959830 0.525024414 0.487716675
vt 0.857421875 0.435546875
vn 0.141465127 0.275070906 0.950959384
vt 0.877441406 0.416259766
vt 0.886474609 0.416748047
vt 0.903564453 0.414062500
vt 0.906250000 0.429199219
v -0.057224188 0.520263672 0.490127563
vt 0.899902344 0.443115234
vn 0.007866334 0.220254108 0.975410879
v -0.012595092 0.521667480 0.486648560
vt 0.861328125 0.438232422
vn -0.039334830 -0.456282943 -0.888964951
v 0.027664267 0.533386230 0.473922729
vt 0.830078125 0.436279297
vn -0.189730793 -0.632435799 -0.751017451
v -0.013765252 0.544586182 0.478012085
vt 0.847167969 0.454589844
vn -0.141125500 -0.862433493 -0.486098826
v -0.053943552 0.544219971 0.478897095
vt 0.860839844 0.481445312
vn 0.590899348 -0.685443163 -0.425447553
v -0.009702601 0.536758423 0.473861694
vt 0.840820312 0.456298828
vn -0.054937802 -0.933944046 0.353172153
v -0.050308146 0.532867432 0.476242065
vt 0.851562500 0.482666016
vn -0.149857283 -0.922805905 0.354925424
v -0.052425306 0.537139893 0.440200806
vt 0.838378906 0.502685547
vn 0.495173573 -0.762409925 0.416574508
v -0.046405714 0.530868530 0.445938110
vt 0.835693359 0.495361328
vn -0.173459604 -0.480956525 0.859414160
v -0.024688642 0.533798218 0.447586060
vt 0.835937500 0.476562500
vn -0.102017961 -0.863229811 0.494395286
v -0.012502591 0.524139404 0.446426392
vt 0.829345703 0.473388672
vn -0.512494624 0.433649361 0.741146147
vt 0.697021484 0.011230469
vt 0.708251953 0.013671875
vt 0.705566406 0.020507812
vt 0.693115234 0.026611328
vt 0.683593750 0.008300781
vt 0.708251953 0.035156250
vt 0.692871094 0.037597656
vt 0.681396484 0.050292969
vt 0.042968750 0.167968750
vt 0.027343750 0.176269531
vt 0.039550781 0.161865234
vt 0.056152344 0.166992188
vt 0.336669922 0.460693359
vt 0.336669922 0.440917969
v -0.106162950 0.509170532 0.394668579
vt 0.345458984 0.438720703
vn -0.047190040 0.998854995 0.007864962
v -0.109954759 0.519729614 0.387680054
vt 0.336914062 0.436767578
vn -0.937560260 0.078786559 0.338782430
vt 0.327880859 0.425048828
v -0.117637567 0.511413574 0.361679137
vt 0.331298828 0.423583984
vn -0.417258173 0.866007507 0.275547862
vt 0.333740234 0.414550781
v -0.137786791 0.507400513 0.382858336
vt 0.345703125 0.416259766
vn -0.676829755 0.731920481 -0.078701071
vt 0.332275391 0.380371094
v -0.083396837 0.510452271 0.425674438
vt 0.357910156 0.457275391
vn 0.078958258 0.994874716 -0.063166700
v -0.071906962 0.509445190 0.441482544
vt 0.364990234 0.466308594
vn -0.417258233 0.905371487 -0.078727938
vt 0.358154297 0.481933594
v -0.106811441 0.516830444 0.479598999
vt 0.392822266 0.452880859
vn 0.055131752 0.992372096 0.110263512
v -0.144866854 0.514648438 0.472457945
vt 0.394042969 0.431152344
vn -0.581291378 0.809094667 -0.086408131
v -0.076911844 0.509963989 0.480087280
vt 0.393066406 0.468505859
vn -0.481810927 0.774056911 0.410724103
vt 0.394531250 0.481933594
v -0.121330172 0.497207642 0.494430602
vt 0.406738281 0.447021484
vn 0.086608917 0.338561714 0.936949790
vt 0.404052734 0.469238281
v -0.113014132 0.475982666 0.495346069
vt 0.419677734 0.446777344
vn -0.282138139 -0.282138228 0.916949391
v -0.144164950 0.510574341 0.485427916
vt 0.400390625 0.433349609
vn -0.424290180 0.243574068 0.872152269
vt 0.413818359 0.422119141
v -0.154601961 0.483154297 0.476547301
vt 0.403564453 0.414306641
vn -0.929450929 0.354451597 0.102397241
v -0.147048876 0.478790283 0.390060484
vt 0.354736328 0.398437500
vn -0.906383395 0.409842879 -0.102460623
v -0.161621004 0.477218628 0.477188170
vt 0.405761719 0.409179688
vn -0.888827384 0.291032016 0.353957981
vt 0.425048828 0.406738281
vt 0.411865234 0.397460938
v -0.157974169 0.468475342 0.398025572
vt 0.362792969 0.391357422
vn -0.991757214 -0.094453126 -0.086581849
v -0.156036288 0.460113525 0.472457945
vt 0.405517578 0.398925781
vn -0.976256907 -0.204699069 -0.070857219
vt 0.340576172 0.367187500
vt 0.327880859 0.376220703
v -0.152603075 0.453704834 0.420852721
vt 0.377929688 0.385253906
vn -0.966916621 0.212249950 -0.141499862
vt 0.340820312 0.359375000
vt 0.388183594 0.360839844
vt 0.422363281 0.370117188
v -0.102767870 0.527114868 0.411758423
vt 0.202880859 0.902343750
vn -0.039334789 -0.763093948 -0.645089626
v -0.077804491 0.526260376 0.412368774
vt 0.214355469 0.918457031
vn 0.789952517 -0.229086235 -0.568765938
v -0.083076403 0.510406494 0.425521851
vt 0.203125000 0.912353516
vn -0.023680858 -0.931446731 -0.363106340
v -0.087066576 0.521087646 0.426193237
vt 0.199218750 0.913818359
vn 0.094761923 -0.031587213 0.994998753
v -0.093093798 0.533813477 0.421768188
vt 0.197265625 0.920166016
vn 0.623906910 -0.189541250 0.758165181
v -0.080100939 0.554901123 0.418685913
vt 0.204101562 0.932128906
vn 0.810898066 -0.322784573 0.488113254
v -0.084999010 0.555374146 0.433334351
vt 0.197265625 0.936035156
vn 0.707543790 -0.377356559 0.597481191
v -0.108886644 0.544738770 0.435867310
vt 0.186767578 0.926757812
vn 0.440181553 -0.314415246 0.841060936
v -0.097473070 0.531509399 0.428390503
vt 0.189941406 0.916503906
vn 0.251353800 -0.785480201 0.565545738
v -0.142684862 0.537750244 0.462020934
vt 0.154785156 0.928222656
vn 0.196698114 0.157358468 0.967754185
v -0.141967699 0.528625488 0.445144713
vt 0.159423828 0.908203125
vn -0.180604726 -0.981547654 -0.062818982
v -0.128433153 0.536926270 0.433761656
vt 0.165039062 0.901855469
vn -0.972218156 -0.229222193 0.047425415
v -0.124114916 0.515686035 0.409622252
vt 0.190429688 0.902587891
vn -0.322954744 -0.945233583 0.047261760
v -0.109161302 0.534606934 0.408981323
vt 0.194335938 0.893310547
vn -0.291954726 -0.757504106 -0.583909273
v -0.152603075 0.535873413 0.433303893
vt 0.155761719 0.891357422
vn -0.220151812 -0.912057877 0.345953077
v -0.093040392 0.541030884 0.411117554
vt 0.209228516 0.897460938
vn 0.512160361 -0.323055059 -0.795818686
v -0.080398485 0.565063477 0.411666870
vt 0.221923828 0.895019531
vn 0.568074882 -0.063119464 -0.820552826
v -0.089324884 0.541793823 0.387680054
vt 0.209716797 0.888427734
vn 0.244238302 -0.275753051 -0.929681718
v -0.091499254 0.562210083 0.409561157
vt 0.218994141 0.895507812
vn 0.078730471 0.684954524 0.724319637
v -0.108322069 0.551956177 0.400588989
vt 0.199462891 0.885253906
vn -0.629239023 0.456198126 -0.629238844
v -0.152572557 0.540313721 0.416458189
vt 0.163330078 0.884033203
vn -0.409195304 -0.204597652 -0.889212608
v -0.159469530 0.547744751 0.429122984
vt 0.153564453 0.877929688
vn -0.251812458 0.952165782 0.173121035
v -0.114067003 0.549850464 0.412338316
vt 0.187988281 0.877685547
vn -0.432722241 0.889047444 0.149485871
v -0.149841234 0.540969849 0.390091002
vt 0.205566406 0.870849609
vn -0.628345430 -0.636199772 0.447696269
v -0.123977587 0.545364380 0.429641783
vt 0.178955078 0.869628906
vn -0.526499212 0.840827167 0.125731200
v -0.101104662 0.553222656 0.427841187
vt 0.194091797 0.867431641
vn -0.086515032 0.990989983 0.102244966
v -0.130874559 0.574401855 0.465469420
vt 0.177978516 0.842773438
vn -0.456877172 0.819227874 -0.346596390
vt 0.178222656 0.933593750
v -0.070312418 0.503936768 0.447402954
vt 0.167724609 0.948974609
vn 0.919551134 0.000000057 0.392970443
vt 0.157470703 0.943115234
vt 0.187011719 0.935791016
vt 0.191406250 0.963134766
vt 0.162109375 0.971191406
v -0.070449747 0.517547607 0.488082886
vt 0.171630859 0.975585938
vn 0.607411206 -0.670518816 -0.425976753
vt 0.208984375 0.987060547
vt 0.178710938 0.980712891
vt 0.173095703 0.983398438
vt 0.164306641 0.979492188
vt 0.157470703 0.980468750
v -0.073860087 0.510772705 0.474990845
vt 0.168701172 0.966796875
vn 0.267683268 0.913272679 -0.307048649
v -0.081512369 0.506607056 0.452041626
vt 0.154296875 0.744628906
vn -0.809694350 0.455944419 0.369472295
v -0.075057901 0.510345459 0.474166870
vt 0.166992188 0.740234375
vn -0.282938719 -0.958848178 0.023578314
v -0.110366747 0.507736206 0.415481567
vt 0.135009766 0.762207031
vn -0.393749505 -0.629999399 0.669374406
v -0.109565653 0.478881836 0.437088013
vt 0.129882812 0.736328125
vn -0.757598460 0.631331921 0.165724725
v -0.085662760 0.498474121 0.481369019
vt 0.164794922 0.730957031
vn -0.612523496 0.738169312 0.282703191
v -0.116653360 0.478271484 0.477157652
vt 0.149414062 0.718017578
vn -0.730361581 0.675388038 0.102093615
vt 0.165283203 0.719726562
vt 0.147949219 0.704101562
vt 0.175781250 0.734130859
vt 0.180908203 0.721435547
v -0.109321512 0.513763428 0.478256226
vt 0.172119141 0.758056641
vn -0.023592796 -0.975169480 -0.220199510
v -0.138458177 0.507217407 0.414993346
vt 0.137695312 0.782226562
vn 0.488113374 -0.842389166 0.228311032
v -0.143127352 0.510070801 0.484115660
vt 0.179931641 0.775878906
vn 0.346897900 -0.898780823 -0.268057466
v -0.146835238 0.499237061 0.478805602
vt 0.184814453 0.783203125
vn 0.955216944 -0.213147551 -0.205253318
v -0.119178683 0.491653442 0.491928160
vt 0.187988281 0.760498047
vn 0.094523259 -0.259939283 -0.960987568
vt 0.194824219 0.753662109
vt 0.194824219 0.772949219
vt 0.232177734 0.979736328
v -0.096092157 0.597839355 0.398056030
vt 0.260498047 0.964599609
vn -0.853042424 0.402825505 -0.331738561
v -0.082801752 0.589080811 0.392593384
vt 0.260009766 0.977539062
vn 0.915402830 -0.007891382 -0.402461737
v -0.079757616 0.598052979 0.407913208
vt 0.268798828 0.972900391
vn 0.535815299 0.323065162 0.780083954
vt 0.232421875 0.963867188
vt 0.030761719 0.979003906
vt 0.012451172 0.987060547
vt 0.004150391 0.968750000
vt 0.037597656 0.988281250
vt 0.032470703 0.999511719
vt 0.004150391 0.999755859
vt 0.072509766 0.524169922
vt 0.103271484 0.514892578
vt 0.068115234 0.531494141
v -0.063484117 0.575683594 0.431655884
vt 0.043945312 0.512207031
vn 0.000000087 0.541947961 0.840412021
v -0.069595262 0.582733154 0.421005249
vt 0.056640625 0.527587891
vn -0.173335955 0.921831548 -0.346671730
vt 0.059814453 0.545410156
vt 0.061767578 0.567626953
vt 0.478759766 1.000000000
vt 0.469238281 0.983642578
vt 0.493408203 0.998291016
vt 0.493896484 0.983642578
vt 0.052490234 0.112792969
vt 0.059570312 0.099609375
vt 0.072998047 0.123535156
v -0.089248575 0.558181763 0.457717896
vt 0.059814453 0.124267578
vn -0.290082365 0.784006417 0.548804462
vt 0.053222656 0.142578125
v -0.122619547 0.563308716 0.470504820
vt 0.064208984 0.151855469
vn 0.714721084 -0.149227396 0.683304489
vt 0.073242188 0.167480469
v -0.126296923 0.549850464 0.453537047
vt 0.051269531 0.155273438
vn -0.550976157 -0.755624592 0.354199082
vt 0.634033203 0.303222656
v -0.140319750 0.446517944 0.429428160
vt 0.627441406 0.331542969
vn -0.291293383 0.606205285 0.740042806
v -0.136855990 0.442481995 0.444015563
vt 0.618408203 0.322998047
vn -0.707019567 0.707019448 -0.015711483
v -0.120368876 0.471969604 0.422073424
vt 0.639648438 0.314453125
vn -0.385527968 0.377660155 0.841867507
vt 0.595703125 0.298583984
v -0.145828173 0.480773926 0.419693053
vt 0.650634766 0.328857422
vn 0.667205691 -0.102043152 0.737850845
vt 0.656005859 0.296630859
vt 0.664306641 0.316162109
vt 0.686035156 0.343994141
vt 0.588867188 0.314453125
v -0.144561678 0.439231873 0.474472106
vt 0.602294922 0.324462891
vn -0.212374792 0.904558897 -0.369689316
v -0.151595995 0.447387695 0.436233580
vt 0.616943359 0.342285156
vn 0.746874750 0.605361700 0.275164247
v -0.161910921 0.436447144 0.471603453
vt 0.598632812 0.329589844
vn 0.922117889 0.386186153 -0.023644187
v -0.151519686 0.455612183 0.467514098
vt 0.585937500 0.332031250
vn 0.998206854 -0.023579648 -0.055019405
v -0.155883700 0.459884644 0.474563658
vt 0.590820312 0.325683594
vn 0.354100168 -0.236066878 -0.904922962
v -0.155151278 0.475708008 0.473922789
vt 0.577148438 0.319335938
vn 0.732715070 -0.236359730 -0.638171375
vt 0.064697266 0.816162109
vt 0.064453125 0.804931641
vt 0.070556641 0.809326172
v -0.154174730 0.467132568 0.424728453
vt 0.075439453 0.825439453
vn 0.916774094 0.181774229 0.355645001
vt 0.051025391 0.833007812
vt 0.085205078 0.826904297
v -0.156371996 0.472946167 0.444015563
vt 0.071533203 0.837890625
vn 0.874341130 -0.472616822 -0.110277355
vt 0.054931641 0.845947266
v -0.151412874 0.477813721 0.454788268
vt 0.077636719 0.846191406
vn 0.973455250 -0.211962000 0.086354785
vt 0.083740234 0.865234375
v -0.154373080 0.476165771 0.473495543
vt 0.076171875 0.858886719
vn 0.700961232 0.614325643 -0.362294704
vt 0.067626953 0.865722656
v -0.139343172 0.476684570 0.454635680
vt 0.071289062 0.849365234
vn 0.829243183 0.379082620 -0.410672963
v -0.142364413 0.462631226 0.475418150
vt 0.059082031 0.857177734
vn 0.259264499 -0.895640969 -0.361398995
vt 0.059570312 0.865966797
v -0.117210314 0.541610718 0.396133482
vt 0.014160156 0.320556641
vn 0.315862656 -0.363242209 -0.876519203
v -0.145660326 0.555496216 0.387100279
vt 0.025878906 0.323730469
vn -0.125410274 0.893547535 -0.431097507
vt 0.012695312 0.336669922
vt 0.006347656 0.316162109
vt 0.033447266 0.314208984
vt 0.030761719 0.343017578
vt 0.006591797 0.344238281
vt 0.016357422 0.354248047
vt 0.865722656 0.950195312
vt 0.873046875 0.954833984
vt 0.865966797 0.960205078
vt 0.841064453 0.963378906
vt 0.853759766 0.965820312
vt 0.875976562 0.937500000
vt 0.885986328 0.922851562
vt 0.874755859 0.975585938
vt 0.885986328 0.979003906
f 1/1/1 2/2/2 3/3/3
f 2/2/2 1/1/1 4/4/4
f 4/4/4 1/1/1 5/5/5
f 3/3/3 2/2/2 6/6/6
f 6/6/6 2/2/2 7/7/7
f 6/6/6 7/7/7 8/8/8
f 6/6/6 8/8/8 9/9/9
f 6/6/6 9/9/9 10/10/10
f 3/3/3 6/6/6 11/11/11
f 12/12/12 1/1/1 3/3/3
f 12/12/12 3/3/3 11/11/11
f 1/1/1 12/12/12 5/5/5
f 12/12/12 11/11/11 13/13/13
f 5/5/5 12/12/12 14/14/14
f 14/14/14 12/12/12 13/13/13
f 13/13/13 11/11/11 15/15/15
f 5/5/5 14/14/14 15/15/15
f 15/15/15 14/14/14 13/13/13
f 16/16/16 17/17/17 18/18/18
f 18/18/18 17/17/17 19/19/19
f 19/19/19 17/17/17 16/16/16
f 19/19/19 16/16/16 20/20/20
f 18/18/18 19/19/19 9/21/9
f 9/21/9 19/19/19 21/22/21
f 18/23/18 8/24/8 16/25/16
f 16/25/16 8/24/8 20/26/20
f 8/24/8 18/23/18 9/27/9
f 4/28/4 7/29/7 2/30/2
f 7/29/7 4/28/4 22/31/22
f 7/32/7 23/33/23 8/34/8
f 23/33/23 7/32/7 22/35/22
f 23/33/23 22/35/22 24/36/24
f 23/33/23 24/36/24 25/37/25
f 23/33/23 25/37/25 26/38/26
f 26/38/26 25/37/25 27/39/27
f 8/34/8 23/33/23 28/40/28
f 28/40/28 23/33/23 26/38/26
f 8/34/8 28/40/28 20/41/20
f 28/40/28 26/38/26 29/42/29
f 20/41/20 28/40/28 21/43/21
f 28/40/28 29/42/29 30/44/30
f 21/43/21 28/40/28 9/45/9
f 28/40/28 30/44/30 31/46/31
f 9/45/9 28/40/28 10/47/10
f 10/47/10 28/40/28 31/46/31
f 32/48/32 19/49/19 33/50/33
f 33/50/33 19/49/19 34/51/34
f 19/49/19 32/48/32 21/52/21
f 33/50/33 34/51/34 35/53/35
f 33/50/33 35/53/35 36/54/36
f 21/52/21 32/48/32 30/55/30
f 30/55/30 32/48/32 31/56/31
f 31/56/31 32/48/32 10/57/10
f 10/57/10 32/48/32 37/58/37
f 37/58/37 32/48/32 33/50/33
f 10/57/10 37/58/37 38/59/38
f 37/58/37 33/50/33 39/60/39
f 37/58/37 39/60/39 38/59/38
f 38/59/38 39/60/39 40/61/40
f 39/60/39 33/50/33 41/62/41
f 40/61/40 39/60/39 42/63/42
f 42/63/42 39/60/39 41/62/41
f 42/63/42 41/62/41 43/64/43
f 42/63/42 43/64/43 44/65/44
f 19/66/19 20/67/20 45/68/45
f 19/66/19 45/68/45 34/69/34
f 34/69/34 45/68/45 35/70/35
f 45/68/45 20/67/20 46/71/46
f 45/68/45 46/71/46 35/70/35
f 46/71/46 20/67/20 21/72/21
f 46/71/46 21/72/21 47/73/47
f 47/73/47 21/72/21 30/74/30
f 47/73/47 30/74/30 29/75/29
f 46/71/46 47/73/47 48/76/48
f 46/71/46 48/76/48 35/70/35
f 47/73/47 29/75/29 49/77/49
f 47/73/47 49/77/49 48/76/48
f 49/77/49 29/75/29 26/78/26
f 49/77/49 26/78/26 50/79/50
f 50/79/50 26/78/26 51/80/51
f 48/76/48 49/77/49 52/81/52
f 35/70/35 48/76/48 53/82/53
f 48/76/48 52/81/52 54/83/54
f 48/76/48 54/83/54 53/82/53
f 54/83/54 52/81/52 55/84/55
f 55/84/55 52/81/52 56/85/56
f 54/83/54 55/84/55 53/82/53
f 35/70/35 53/82/53 36/86/36
f 53/82/53 55/84/55 44/87/44
f 36/86/36 53/82/53 43/88/43
f 43/88/43 53/82/53 44/87/44
f 57/89/57 15/90/15 11/91/11
f 57/89/57 11/91/11 6/92/6
f 57/89/57 6/92/6 10/93/10
f 38/94/38 41/95/41 10/93/10
f 10/93/10 41/95/41 57/89/57
f 57/89/57 41/95/41 33/96/33
f 15/90/15 57/89/57 5/97/5
f 57/89/57 33/96/33 36/98/36
f 57/89/57 36/98/36 5/97/5
f 58/99/58 5/97/5 59/100/59
f 5/97/5 36/98/36 60/101/60
f 5/97/5 60/101/60 59/100/59
f 60/101/60 36/98/36 61/102/61
f 61/102/61 36/98/36 43/103/43
f 61/102/61 43/103/43 62/104/62
f 61/102/61 62/104/62 63/105/63
f 59/100/59 60/101/60 64/106/64
f 59/100/59 64/106/64 65/107/65
f 65/107/65 64/106/64 66/108/66
f 64/106/64 60/101/60 67/109/67
f 67/109/67 60/101/60 61/102/61
f 67/109/67 61/102/61 63/105/63
f 64/106/64 67/109/67 68/110/68
f 68/110/68 67/109/67 69/111/69
f 69/111/69 67/109/67 63/105/63
f 69/111/69 63/105/63 70/112/70
f 25/113/25 24/114/24 71/115/71
f 25/113/25 71/115/71 72/116/72
f 25/113/25 72/116/72 73/117/73
f 25/113/25 73/117/73 74/118/74
f 73/117/73 72/116/72 75/119/75
f 73/117/73 75/119/75 76/120/76
f 73/117/73 76/120/76 74/118/74
f 74/118/74 76/120/76 77/121/77
f 74/118/74 77/121/77 78/122/78
f 78/122/78 77/121/77 79/123/79
f 80/124/80 72/116/72 71/115/71
f 72/116/72 80/124/80 81/125/81
f 80/124/80 71/115/71 82/126/82
f 81/125/81 80/124/80 83/127/83
f 81/125/81 83/127/83 84/128/84
f 83/127/83 80/124/80 85/129/85
f 85/129/85 80/124/80 82/126/82
f 83/127/83 85/129/85 86/130/86
f 86/130/86 85/129/85 82/126/82
f 83/127/83 86/130/86 87/131/87
f 87/131/87 86/130/86 88/132/88
f 88/132/88 86/130/86 65/133/65
f 65/133/65 86/130/86 82/126/82
f 65/133/65 82/126/82 58/134/58
f 65/133/65 58/134/58 59/135/59
f 58/134/58 82/126/82 4/136/4
f 58/134/58 4/136/4 5/137/5
f 89/138/89 90/139/90 91/140/91
f 89/138/89 91/140/91 92/141/92
f 92/141/92 91/140/91 93/142/93
f 93/142/93 91/140/91 94/143/94
f 94/143/94 91/140/91 90/139/90
f 90/139/90 89/138/89 95/144/95
f 94/143/94 90/139/90 24/145/24
f 90/139/90 95/144/95 96/146/96
f 24/145/24 90/139/90 71/147/71
f 71/147/71 90/139/90 96/146/96
f 71/147/71 96/146/96 82/148/82
f 22/149/22 95/150/95 97/151/97
f 22/149/22 97/151/97 24/152/24
f 24/152/24 97/151/97 94/153/94
f 95/150/95 22/149/22 96/154/96
f 96/154/96 22/149/22 4/155/4
f 96/154/96 4/155/4 82/156/82
f 97/151/97 95/150/95 98/157/98
f 97/151/97 98/157/98 94/153/94
f 98/157/98 95/150/95 89/158/89
f 94/153/94 98/157/98 99/159/99
f 94/153/94 99/159/99 93/160/93
f 98/157/98 89/158/89 100/161/100
f 98/157/98 100/161/100 99/159/99
f 99/159/99 100/161/100 93/160/93
f 100/161/100 89/158/89 92/162/92
f 100/161/100 92/162/92 93/160/93
f 101/163/101 102/164/102 103/165/103
f 102/164/102 101/163/101 104/166/104
f 103/165/103 102/164/102 105/167/105
f 102/164/102 104/166/104 106/168/106
f 102/164/102 106/168/106 105/167/105
f 105/167/105 106/168/106 107/169/107
f 103/170/103 108/171/108 101/172/101
f 101/172/101 108/171/108 104/173/104
f 108/171/108 103/170/103 105/174/105
f 109/175/109 110/176/110 107/177/107
f 110/176/110 109/175/109 111/178/111
f 110/176/110 111/178/111 112/179/112
f 110/176/110 112/179/112 113/180/113
f 107/177/107 110/176/110 108/181/108
f 107/177/107 108/181/108 105/182/105
f 108/181/108 110/176/110 104/183/104
f 114/184/114 113/180/113 104/183/104
f 113/180/113 114/184/114 110/176/110
f 110/176/110 114/184/114 104/183/104
f 115/185/115 116/186/116 117/187/117
f 115/185/115 117/187/117 118/188/118
f 116/186/116 115/185/115 112/189/112
f 112/189/112 115/185/115 118/188/118
f 116/186/116 112/189/112 111/190/111
f 112/189/112 118/188/118 113/191/113
f 113/191/113 118/188/118 119/192/119
f 113/191/113 119/192/119 120/193/120
f 116/194/116 109/195/109 117/196/117
f 117/196/117 109/195/109 118/197/118
f 109/195/109 116/194/116 111/198/111
f 118/199/118 109/200/109 121/201/121
f 118/199/118 121/201/121 122/202/122
f 118/199/118 122/202/122 119/203/119
f 123/204/123 121/205/121 109/206/109
f 121/205/121 123/204/123 122/207/122
f 122/207/122 123/204/123 119/208/119
f 124/209/124 125/210/125 126/211/126
f 124/209/124 126/211/126 127/212/127
f 125/210/125 124/209/124 128/213/128
f 128/213/128 124/209/124 127/212/127
f 125/210/125 128/213/128 129/214/129
f 128/213/128 127/212/127 130/215/130
f 128/213/128 130/215/130 129/214/129
f 129/214/129 130/215/130 131/216/131
f 131/216/131 130/215/130 132/217/132
f 132/217/132 130/215/130 133/218/133
f 134/219/134 135/220/135 131/216/131
f 134/219/134 131/216/131 132/217/132
f 132/217/132 133/218/133 136/221/136
f 134/219/134 132/217/132 137/222/137
f 132/217/132 136/221/136 138/223/138
f 132/217/132 138/223/138 137/222/137
f 138/223/138 136/221/136 139/224/139
f 134/219/134 137/222/137 140/225/140
f 138/223/138 139/224/139 141/226/141
f 138/223/138 141/226/141 137/222/137
f 140/225/140 137/222/137 142/227/142
f 141/226/141 139/224/139 143/228/143
f 140/225/140 142/227/142 144/229/144
f 137/222/137 141/226/141 145/230/145
f 137/222/137 145/230/145 142/227/142
f 145/230/145 141/226/141 143/228/143
f 142/227/142 145/230/145 144/229/144
f 146/231/146 147/232/147 143/228/143
f 143/228/143 147/232/147 148/233/148
f 143/228/143 148/233/148 145/230/145
f 145/230/145 148/233/148 144/229/144
f 144/229/144 148/233/148 149/234/149
f 149/234/149 148/233/148 150/235/150
f 149/234/149 150/235/150 151/236/151
f 149/234/149 151/236/151 144/229/144
f 144/229/144 151/236/151 152/237/152
f 123/238/123 109/239/109 107/240/107
f 123/238/123 107/240/107 153/241/153
f 123/238/123 153/241/153 154/242/154
f 154/242/154 153/241/153 155/243/155
f 154/242/154 155/243/155 156/244/156
f 119/245/119 123/246/123 157/247/157
f 157/247/157 123/246/123 154/248/154
f 119/245/119 157/247/157 158/249/158
f 158/249/158 157/247/157 154/248/154
f 119/245/119 158/249/158 159/250/159
f 119/245/119 159/250/159 120/251/120
f 158/249/158 154/248/154 160/252/160
f 160/252/160 154/248/154 156/253/156
f 27/254/27 161/255/161 162/256/162
f 162/256/162 161/255/161 163/257/163
f 163/257/163 161/255/161 27/254/27
f 162/256/162 163/257/163 79/258/79
f 79/258/79 163/257/163 78/259/78
f 78/259/78 163/257/163 27/254/27
f 78/259/78 27/254/27 74/260/74
f 74/260/74 27/254/27 25/261/25
f 27/254/27 162/256/162 51/262/51
f 27/254/27 51/262/51 26/263/26
f 51/262/51 162/256/162 164/264/164
f 165/265/165 164/266/164 162/267/162
f 165/265/165 162/267/162 79/268/79
f 164/266/164 165/265/165 166/269/166
f 166/269/166 165/265/165 79/268/79
f 164/266/164 166/269/166 167/270/167
f 166/269/166 79/268/79 77/271/77
f 167/270/167 166/269/166 168/272/168
f 166/269/166 77/271/77 169/273/169
f 166/269/166 169/273/169 168/272/168
f 168/272/168 169/273/169 170/274/170
f 168/272/168 170/274/170 171/275/171
f 153/276/153 172/277/172 173/278/173
f 172/277/172 153/276/153 107/279/107
f 153/280/153 155/281/155 173/282/173
f 174/283/174 155/284/155 107/285/107
f 107/285/107 155/284/155 173/286/173
f 107/285/107 173/286/173 172/287/172
f 174/283/174 107/285/107 106/288/106
f 155/284/155 174/283/174 175/289/175
f 155/284/155 175/289/175 156/290/156
f 156/290/156 175/289/175 174/283/174
f 156/290/156 174/283/174 160/291/160
f 174/283/174 106/288/106 176/292/176
f 174/283/174 176/292/176 160/291/160
f 176/292/176 106/288/106 113/293/113
f 113/293/113 106/288/106 104/294/104
f 176/292/176 113/293/113 120/295/120
f 176/292/176 120/295/120 160/291/160
f 160/291/160 120/295/120 177/296/177
f 160/291/160 177/296/177 158/297/158
f 177/296/177 120/295/120 159/298/159
f 177/296/177 159/298/159 158/297/158
f 178/299/178 49/300/49 50/301/50
f 178/299/178 50/301/50 51/302/51
f 178/299/178 51/302/51 164/303/164
f 49/300/49 178/299/178 52/304/52
f 178/299/178 164/303/164 167/305/167
f 52/304/52 178/299/178 179/306/179
f 178/299/178 167/305/167 180/307/180
f 178/299/178 180/307/180 179/306/179
f 52/304/52 179/306/179 56/308/56
f 180/307/180 167/305/167 181/309/181
f 181/309/181 167/305/167 168/310/168
f 179/306/179 180/307/180 182/311/182
f 181/309/181 168/310/168 171/312/171
f 180/307/180 181/309/181 183/313/183
f 183/313/183 181/309/181 171/312/171
f 180/307/180 183/313/183 184/314/184
f 180/307/180 184/314/184 182/311/182
f 179/306/179 182/311/182 185/315/185
f 185/315/185 182/311/182 184/314/184
f 186/316/186 56/308/56 179/306/179
f 186/316/186 179/306/179 185/315/185
f 186/316/186 185/315/185 187/317/187
f 187/317/187 185/315/185 188/318/188
f 185/315/185 184/314/184 189/319/189
f 185/315/185 189/319/189 188/318/188
f 189/319/189 184/314/184 183/313/183
f 188/318/188 189/319/189 190/320/190
f 189/319/189 183/313/183 191/321/191
f 189/319/189 191/321/191 190/320/190
f 191/321/191 183/313/183 171/312/171
f 190/320/190 191/321/191 192/322/192
f 191/321/191 171/312/171 193/323/193
f 191/321/191 193/323/193 192/322/192
f 193/323/193 171/312/171 194/324/194
f 194/324/194 171/312/171 170/325/170
f 192/322/192 193/323/193 195/326/195
f 195/326/195 193/323/193 194/324/194
f 192/322/192 195/326/195 196/327/196
f 195/326/195 194/324/194 197/328/197
f 140/329/140 198/330/198 186/316/186
f 198/330/198 140/329/140 144/331/144
f 198/330/198 144/331/144 199/332/199
f 186/316/186 198/330/198 200/333/200
f 200/333/200 198/330/198 199/332/199
f 186/316/186 200/333/200 56/308/56
f 200/333/200 199/332/199 55/334/55
f 200/333/200 55/334/55 56/308/56
f 186/335/186 201/336/201 202/337/202
f 202/337/202 201/336/201 135/338/135
f 186/335/186 202/337/202 140/339/140
f 140/339/140 202/337/202 135/338/135
f 140/339/140 135/338/135 134/340/134
f 203/341/203 64/342/64 204/343/204
f 204/343/204 64/342/64 68/344/68
f 204/343/204 68/344/68 69/345/69
f 64/342/64 203/341/203 66/346/66
f 204/343/204 69/345/69 205/347/205
f 65/348/65 66/346/66 206/349/206
f 206/349/206 66/346/66 203/341/203
f 205/347/205 69/345/69 70/350/70
f 206/349/206 203/341/203 207/351/207
f 204/343/204 205/347/205 208/352/208
f 204/343/204 208/352/208 203/341/203
f 205/347/205 70/350/70 209/353/209
f 209/353/209 70/350/70 210/354/210
f 208/352/208 205/347/205 211/355/211
f 211/355/211 205/347/205 209/353/209
f 203/341/203 208/352/208 212/356/212
f 212/356/212 208/352/208 211/355/211
f 203/341/203 212/356/212 207/351/207
f 211/355/211 209/353/209 213/357/213
f 211/355/211 213/357/213 212/356/212
f 212/356/212 213/357/213 214/358/214
f 212/356/212 214/358/214 207/351/207
f 213/357/213 209/353/209 215/359/215
f 213/357/213 215/359/215 214/358/214
f 214/358/214 215/359/215 207/351/207
f 215/359/215 209/353/209 216/360/216
f 207/351/207 215/359/215 217/361/217
f 217/361/217 215/359/215 216/360/216
f 218/362/218 219/363/219 220/364/220
f 218/362/218 220/364/220 207/365/207
f 218/362/218 207/365/207 217/366/217
f 220/364/220 219/363/219 221/367/221
f 218/362/218 217/366/217 222/368/222
f 218/362/218 222/368/222 219/363/219
f 220/364/220 221/367/221 223/369/223
f 222/368/222 217/366/217 224/370/224
f 219/363/219 222/368/222 225/371/225
f 219/363/219 225/371/225 221/367/221
f 224/370/224 217/366/217 226/372/226
f 223/369/223 221/367/221 227/373/227
f 226/372/226 217/366/217 216/374/216
f 223/369/223 227/373/227 228/375/228
f 210/376/210 216/374/216 209/377/209
f 216/374/216 210/376/210 229/378/229
f 216/374/216 229/378/229 226/372/226
f 230/379/230 229/378/229 231/380/231
f 226/372/226 229/378/229 232/381/232
f 232/381/232 229/378/229 230/379/230
f 232/381/232 230/379/230 233/382/233
f 233/382/233 230/379/230 234/383/234
f 226/372/226 232/381/232 235/384/235
f 235/384/235 232/381/232 233/382/233
f 233/382/233 234/383/234 236/385/236
f 226/372/226 235/384/235 237/386/237
f 233/382/233 236/385/236 237/386/237
f 226/372/226 237/386/237 224/370/224
f 235/384/235 233/382/233 238/387/238
f 238/387/238 233/382/233 237/386/237
f 238/387/238 237/386/237 235/384/235
f 224/370/224 237/386/237 222/368/222
f 237/386/237 236/385/236 239/388/239
f 239/388/239 236/385/236 240/389/240
f 222/368/222 237/386/237 241/390/241
f 241/390/241 237/386/237 239/388/239
f 222/368/222 241/390/241 225/371/225
f 241/390/241 239/388/239 242/391/242
f 241/390/241 242/391/242 225/371/225
f 242/391/242 239/388/239 240/389/240
f 242/391/242 240/389/240 243/392/243
f 243/392/243 240/389/240 244/393/244
f 243/392/243 244/393/244 245/394/245
f 243/392/243 245/394/245 242/391/242
f 242/391/242 245/394/245 246/395/246
f 242/391/242 246/395/246 225/371/225
f 246/395/246 245/394/245 247/396/247
f 225/371/225 246/395/246 248/397/248
f 248/397/248 246/395/246 247/396/247
f 225/371/225 248/397/248 221/367/221
f 248/397/248 247/396/247 249/398/249
f 248/397/248 249/398/249 221/367/221
f 249/398/249 247/396/247 250/399/250
f 249/398/249 250/399/250 251/400/251
f 221/367/221 249/398/249 227/373/227
f 227/373/227 249/398/249 251/400/251
f 227/373/227 251/400/251 252/401/252
f 227/373/227 252/401/252 253/402/253
f 227/373/227 253/402/253 228/375/228
f 253/402/253 252/401/252 254/403/254
f 228/375/228 253/402/253 255/404/255
f 253/402/253 254/403/254 256/405/256
f 253/402/253 256/405/256 255/404/255
f 228/406/228 257/407/257 223/408/223
f 223/408/223 257/407/257 258/409/258
f 223/408/223 258/409/258 259/410/259
f 223/408/223 259/410/259 260/411/260
f 223/408/223 260/411/260 220/412/220
f 220/412/220 260/411/260 261/413/261
f 220/412/220 261/413/261 207/414/207
f 261/413/261 260/411/260 262/415/262
f 207/414/207 261/413/261 206/416/206
f 88/417/88 65/418/65 206/416/206
f 88/417/88 206/416/206 263/419/263
f 263/419/263 206/416/206 261/413/261
f 88/417/88 263/419/263 264/420/264
f 264/420/264 263/419/263 265/421/265
f 261/413/261 262/415/262 266/422/266
f 261/413/261 266/422/266 263/419/263
f 267/423/267 265/421/265 268/424/268
f 265/421/265 263/419/263 269/425/269
f 265/421/265 269/425/269 268/424/268
f 269/425/269 263/419/263 270/426/270
f 270/426/270 263/419/263 266/422/266
f 268/424/268 269/425/269 271/427/271
f 271/427/271 269/425/269 270/426/270
f 268/424/268 271/427/271 272/428/272
f 272/428/272 271/427/271 273/429/273
f 273/429/273 271/427/271 270/426/270
f 273/429/273 270/426/270 266/422/266
f 274/430/274 266/422/266 262/415/262
f 274/430/274 262/415/262 275/431/275
f 274/430/274 275/431/275 276/432/276
f 276/432/276 275/431/275 277/433/277
f 266/422/266 274/430/274 278/434/278
f 278/434/278 274/430/274 276/432/276
f 276/432/276 277/433/277 279/435/279
f 276/432/276 279/435/279 278/434/278
f 279/435/279 277/433/277 280/436/280
f 279/435/279 280/436/280 281/437/281
f 278/434/278 279/435/279 282/438/282
f 278/434/278 282/438/282 266/422/266
f 282/438/282 279/435/279 281/437/281
f 266/422/266 282/438/282 283/439/283
f 283/439/283 282/438/282 281/437/281
f 284/440/284 257/441/257 228/442/228
f 284/440/284 228/442/228 255/443/255
f 257/441/257 284/440/284 258/444/258
f 258/444/258 284/440/284 255/443/255
f 258/444/258 255/443/255 256/445/256
f 258/444/258 256/445/256 285/446/285
f 258/444/258 285/446/285 259/447/259
f 259/447/259 285/446/285 260/448/260
f 260/448/260 285/446/285 251/449/251
f 260/448/260 251/449/251 262/450/262
f 262/450/262 251/449/251 250/451/250
f 251/449/251 285/446/285 286/452/286
f 251/449/251 286/452/286 252/453/252
f 62/454/62 287/455/287 288/456/288
f 62/454/62 288/456/288 63/457/63
f 63/457/63 288/456/288 70/458/70
f 287/455/287 62/454/62 41/459/41
f 41/459/41 62/454/62 43/460/43
f 287/455/287 41/459/41 289/461/289
f 289/461/289 41/459/41 38/462/38
f 289/461/289 38/462/38 40/463/40
f 289/461/289 40/463/40 290/464/290
f 289/461/289 290/464/290 287/455/287
f 290/464/290 40/463/40 150/465/150
f 290/464/290 150/465/150 291/466/291
f 287/455/287 290/464/290 292/467/292
f 287/455/287 292/467/292 288/456/288
f 290/464/290 291/466/291 293/468/293
f 290/464/290 293/468/293 292/467/292
f 293/468/293 291/466/291 294/469/294
f 293/468/293 294/469/294 295/470/295
f 288/456/288 292/467/292 296/471/296
f 288/456/288 296/471/296 70/458/70
f 70/458/70 296/471/296 210/472/210
f 210/472/210 296/471/296 297/473/297
f 210/472/210 297/473/297 229/474/229
f 296/471/296 292/467/292 298/475/298
f 296/471/296 298/475/298 297/473/297
f 297/473/297 298/475/298 229/474/229
f 298/475/298 292/467/292 293/468/293
f 229/474/229 298/475/298 231/476/231
f 299/477/299 293/468/293 295/470/295
f 293/468/293 299/477/299 298/475/298
f 298/475/298 299/477/299 231/476/231
f 299/477/299 295/470/295 300/478/300
f 299/477/299 300/478/300 231/476/231
f 44/479/44 40/480/40 42/481/42
f 40/480/40 44/479/44 152/482/152
f 40/480/40 152/482/152 151/483/151
f 40/480/40 151/483/151 150/484/150
f 44/485/44 199/486/199 152/487/152
f 152/487/152 199/486/199 144/488/144
f 199/489/199 44/490/44 55/491/55
f 291/492/291 301/493/301 294/494/294
f 294/494/294 301/493/301 295/495/295
f 295/495/295 301/493/301 302/496/302
f 295/495/295 302/496/302 303/497/303
f 301/493/301 291/492/291 147/498/147
f 301/493/301 147/498/147 304/499/304
f 147/498/147 291/492/291 150/500/150
f 147/498/147 150/500/150 148/501/148
f 300/502/300 295/503/295 305/504/305
f 305/505/305 295/506/295 303/507/303
f 305/505/305 303/507/303 306/508/306
f 306/508/306 303/507/303 307/509/307
f 307/509/307 303/507/303 302/510/302
f 307/509/307 302/510/302 304/511/304
f 304/511/304 302/510/302 301/512/301
f 307/509/307 304/511/304 308/513/308
f 307/509/307 308/513/308 309/514/309
f 307/509/307 309/514/309 306/508/306
f 306/508/306 309/514/309 310/515/310
f 310/515/310 309/514/309 311/516/311
f 310/515/310 311/516/311 312/517/312
f 312/517/312 311/516/311 313/518/313
f 310/515/310 312/517/312 314/519/314
f 306/508/306 310/515/310 315/520/315
f 315/520/315 310/515/310 314/519/314
f 306/508/306 315/520/315 305/505/305
f 315/520/315 314/519/314 316/521/316
f 305/505/305 315/520/315 317/522/317
f 305/505/305 317/522/317 300/523/300
f 315/520/315 316/521/316 318/524/318
f 315/520/315 318/524/318 317/522/317
f 318/524/318 316/521/316 319/525/319
f 300/523/300 317/522/317 231/526/231
f 318/524/318 319/525/319 320/527/320
f 320/527/320 319/525/319 321/528/321
f 320/527/320 321/528/321 322/529/322
f 318/524/318 320/527/320 323/530/323
f 318/524/318 323/530/323 317/522/317
f 320/527/320 322/529/322 324/531/324
f 320/527/320 324/531/324 323/530/323
f 317/522/317 323/530/323 325/532/325
f 317/522/317 325/532/325 231/526/231
f 325/532/325 323/530/323 324/531/324
f 231/526/231 325/532/325 326/533/326
f 231/526/231 326/533/326 230/534/230
f 326/533/326 325/532/325 327/535/327
f 328/536/328 324/531/324 322/529/322
f 324/531/324 328/536/328 325/532/325
f 325/532/325 328/536/328 327/535/327
f 328/536/328 322/529/322 329/537/329
f 328/536/328 329/537/329 327/535/327
f 327/535/327 329/537/329 330/538/330
f 331/539/331 332/540/332 333/541/333
f 331/539/331 333/541/333 334/542/334
f 334/542/334 333/541/333 335/543/335
f 335/543/335 333/541/333 336/544/336
f 333/541/333 332/540/332 337/545/337
f 336/544/336 333/541/333 338/546/338
f 338/546/338 333/541/333 337/545/337
f 338/546/338 337/545/337 339/547/339
f 335/548/335 336/549/336 340/550/340
f 340/550/340 336/549/336 338/551/338
f 335/548/335 340/550/340 334/552/334
f 340/550/340 338/551/338 339/553/339
f 340/550/340 339/553/339 334/552/334
f 341/554/341 342/555/342 343/556/343
f 342/555/342 341/554/341 344/557/344
f 342/555/342 344/557/344 343/556/343
f 343/556/343 344/557/344 345/558/345
f 343/556/343 345/558/345 346/559/346
f 343/556/343 346/559/346 337/560/337
f 343/556/343 337/560/337 347/561/347
f 341/562/341 343/563/343 348/564/348
f 348/564/348 343/563/343 347/565/347
f 349/566/349 348/564/348 350/567/350
f 350/567/350 348/564/348 351/568/351
f 351/568/351 348/564/348 347/565/347
f 351/568/351 347/565/347 352/569/352
f 352/569/352 347/565/347 353/570/353
f 353/570/353 347/565/347 354/571/354
f 353/570/353 354/571/354 355/572/355
f 354/571/354 347/565/347 337/573/337
f 331/574/331 334/575/334 354/576/354
f 331/574/331 354/576/354 332/577/332
f 332/577/332 354/576/354 337/578/337
f 341/579/341 345/580/345 344/581/344
f 345/580/345 341/579/341 356/582/356
f 356/582/356 341/579/341 348/583/348
f 356/582/356 348/583/348 349/584/349
f 345/580/345 356/582/356 357/585/357
f 357/585/357 356/582/356 349/584/349
f 345/580/345 357/585/357 358/586/358
f 345/580/345 358/586/358 346/587/346
f 358/586/358 357/585/357 350/588/350
f 357/585/357 349/584/349 359/589/359
f 359/589/359 349/584/349 350/588/350
f 359/589/359 350/588/350 357/585/357
f 346/590/346 360/591/360 361/592/361
f 361/592/361 360/591/360 362/593/362
f 362/593/362 360/591/360 363/594/363
f 361/595/361 364/596/364 346/597/346
f 346/597/346 364/596/364 365/598/365
f 346/597/346 365/598/365 366/599/366
f 366/599/366 365/598/365 364/596/364
f 346/597/346 366/599/366 337/600/337
f 364/596/364 361/595/361 367/601/367
f 367/601/367 361/595/361 368/602/368
f 367/601/367 368/602/368 369/603/369
f 369/603/369 368/602/368 370/604/370
f 368/602/368 361/595/361 371/605/371
f 368/602/368 371/605/371 370/604/370
f 371/605/371 361/595/361 358/606/358
f 370/604/370 371/605/371 372/607/372
f 372/607/372 371/605/371 358/606/358
f 372/607/372 358/606/358 373/608/373
f 337/609/337 366/610/366 339/611/339
f 339/611/339 366/610/366 374/612/374
f 339/611/339 374/612/374 375/613/375
f 339/611/339 375/613/375 376/614/376
f 339/611/339 376/614/376 334/615/334
f 376/614/376 375/613/375 377/616/377
f 377/616/377 375/613/375 369/617/369
f 377/616/377 369/617/369 376/614/376
f 376/614/376 369/617/369 378/618/378
f 334/615/334 376/614/376 355/619/355
f 334/615/334 355/619/355 354/620/354
f 376/614/376 378/618/378 379/621/379
f 379/621/379 378/618/378 380/622/380
f 379/621/379 380/622/380 376/614/376
f 376/614/376 380/622/380 355/619/355
f 355/619/355 380/622/380 381/623/381
f 381/623/381 380/622/380 382/624/382
f 319/625/319 316/626/316 383/627/383
f 384/628/384 316/626/316 314/629/314
f 316/626/316 384/628/384 383/627/383
f 383/627/383 384/628/384 385/630/385
f 383/627/383 385/630/385 386/631/386
f 386/631/386 385/630/385 387/632/387
f 386/631/386 387/632/387 388/633/388
f 386/631/386 388/633/388 389/634/389
f 390/635/390 319/625/319 383/627/383
f 319/625/319 390/635/390 321/636/321
f 383/627/383 386/631/386 391/637/391
f 383/627/383 391/637/391 390/635/390
f 386/631/386 389/634/389 392/638/392
f 386/631/386 392/638/392 391/637/391
f 392/638/392 389/634/389 393/639/393
f 392/638/392 393/639/393 394/640/394
f 392/638/392 394/640/394 395/641/395
f 392/638/392 395/641/395 391/637/391
f 395/641/395 394/640/394 396/642/396
f 397/643/397 390/635/390 391/637/391
f 397/643/397 391/637/391 395/641/395
f 390/635/390 397/643/397 398/644/398
f 390/635/390 398/644/398 321/636/321
f 397/643/397 395/641/395 399/645/399
f 397/643/397 399/645/399 398/644/398
f 395/641/395 396/642/396 400/646/400
f 395/641/395 400/646/400 399/645/399
f 400/646/400 396/642/396 401/647/401
f 401/647/401 396/642/396 402/648/402
f 401/647/401 402/648/402 403/649/403
f 400/646/400 401/647/401 404/650/404
f 404/650/404 401/647/401 403/649/403
f 399/645/399 400/646/400 405/651/405
f 405/651/405 400/646/400 404/650/404
f 404/650/404 403/649/403 406/652/406
f 406/652/406 403/649/403 407/653/328
f 405/651/405 404/650/404 408/654/407
f 408/654/407 404/650/404 406/652/406
f 406/652/406 407/653/328 409/655/408
f 410/656/409 411/657/410 407/653/328
f 407/653/328 411/657/410 409/655/408
f 412/658/411 413/659/412 411/657/410
f 411/657/410 413/659/412 409/655/408
f 409/655/408 413/659/412 414/660/413
f 409/655/408 414/660/413 415/661/414
f 415/661/414 414/660/413 416/662/415
f 409/655/408 415/661/414 417/663/416
f 409/655/408 417/663/416 406/652/406
f 417/663/416 415/661/414 418/664/417
f 406/652/406 417/663/416 419/665/418
f 406/652/406 419/665/418 408/654/407
f 417/663/416 418/664/417 420/666/419
f 408/654/407 419/665/418 421/667/420
f 419/665/418 417/663/416 422/668/421
f 422/668/421 417/663/416 420/666/419
f 419/665/418 422/668/421 421/667/420
f 420/666/419 418/664/417 423/669/422
f 420/666/419 423/669/422 422/668/421
f 423/669/422 418/664/417 424/670/423
f 424/670/423 418/664/417 425/671/424
f 422/668/421 423/669/422 426/672/425
f 426/672/425 423/669/422 424/670/423
f 426/672/425 424/670/423 427/673/426
f 426/672/425 427/673/426 422/668/421
f 427/673/426 424/670/423 428/674/427
f 427/673/426 428/674/427 429/675/428
f 427/673/426 429/675/428 422/668/421
f 422/668/421 429/675/428 421/667/420
f 421/667/420 429/675/428 430/676/429
f 408/654/407 421/667/420 405/651/405
f 421/667/420 430/676/429 431/677/430
f 421/667/420 431/677/430 405/651/405
f 431/677/430 430/676/429 432/678/431
f 405/651/405 431/677/430 433/679/432
f 433/679/432 431/677/430 434/680/433
f 405/651/405 433/679/432 435/681/434
f 435/681/434 433/679/432 434/680/433
f 405/651/405 435/681/434 399/645/399
f 399/645/399 435/681/434 398/644/398
f 398/644/398 435/681/434 434/680/433
f 398/644/398 434/680/433 436/682/435
f 398/644/398 436/682/435 321/636/321
f 321/636/321 436/682/435 322/683/322
f 322/683/322 436/682/435 437/684/436
f 437/684/436 436/682/435 434/680/433
f 437/684/436 434/680/433 438/685/437
f 439/686/438 308/687/308 304/688/304
f 308/687/308 439/686/438 309/689/309
f 439/686/438 304/688/304 440/690/439
f 309/689/309 439/686/438 441/691/440
f 441/691/440 439/686/438 440/690/439
f 309/689/309 441/691/440 311/692/311
f 441/691/440 440/690/439 442/693/441
f 441/691/440 442/693/441 311/692/311
f 442/693/441 440/690/439 443/694/442
f 442/693/441 443/694/442 444/695/443
f 444/695/443 443/694/442 445/696/444
f 442/693/441 444/695/443 446/697/445
f 311/692/311 442/693/441 447/698/216
f 447/698/216 442/693/441 446/697/445
f 311/692/311 447/698/216 313/699/313
f 448/700/446 446/697/445 449/701/447
f 446/697/445 448/700/446 447/698/216
f 313/699/313 447/698/216 450/702/448
f 447/698/216 448/700/446 451/703/449
f 450/702/448 447/698/216 452/704/450
f 452/704/450 447/698/216 451/703/449
f 450/702/448 452/704/450 453/705/451
f 453/705/451 452/704/450 451/703/449
f 450/702/448 453/705/451 387/706/387
f 453/705/451 451/703/449 388/707/388
f 453/705/451 388/707/388 387/706/387
f 146/708/146 440/709/439 304/710/304
f 146/708/146 304/710/304 147/711/147
f 440/709/439 146/708/146 454/712/452
f 440/709/439 454/712/452 455/713/453
f 454/712/452 146/708/146 456/714/454
f 454/712/452 456/714/454 455/713/453
f 456/714/454 146/708/146 143/715/143
f 456/714/454 143/715/143 457/716/455
f 440/709/439 455/713/453 443/717/442
f 443/717/442 455/713/453 458/718/456
f 443/717/442 458/718/456 459/719/457
f 458/718/456 455/713/453 460/720/458
f 460/720/458 455/713/453 461/721/459
f 461/721/459 455/713/453 456/714/454
f 460/720/458 461/721/459 462/722/460
f 462/722/460 461/721/459 463/723/461
f 463/723/461 461/721/459 464/724/462
f 463/723/461 464/724/462 465/725/463
f 461/721/459 456/714/454 466/726/464
f 461/721/459 466/726/464 464/724/462
f 466/726/464 456/714/454 457/716/455
f 464/724/462 466/726/464 467/727/465
f 467/727/465 466/726/464 457/716/455
f 369/728/369 382/729/382 380/730/380
f 369/728/369 380/730/380 378/731/378
f 382/729/382 369/728/369 370/732/370
f 382/729/382 370/732/370 468/733/466
f 468/733/466 370/732/370 372/734/372
f 468/733/466 372/734/372 469/735/467
f 469/735/467 372/734/372 373/736/373
f 470/737/468 375/738/375 450/739/448
f 470/737/468 450/739/448 387/740/387
f 450/739/448 375/738/375 374/741/374
f 450/739/448 374/741/374 313/742/313
f 313/742/313 374/741/374 471/743/469
f 471/743/469 374/741/374 366/744/366
f 313/742/313 471/743/469 312/745/312
f 312/745/312 471/743/469 314/746/314
f 471/743/469 366/744/366 364/747/364
f 314/746/314 471/743/469 384/748/384
f 384/748/384 471/743/469 364/747/364
f 384/748/384 364/747/364 385/749/385
f 385/749/385 364/747/364 367/750/367
f 385/749/385 367/750/367 470/751/468
f 470/751/468 367/750/367 369/752/369
f 385/749/385 470/751/468 387/753/387
f 470/754/468 369/755/369 375/756/375
f 389/757/389 388/758/388 472/759/470
f 472/759/470 388/758/388 473/760/471
f 389/757/389 472/759/470 474/761/472
f 472/759/470 473/760/471 475/762/473
f 472/759/470 475/762/473 474/761/472
f 475/762/473 473/760/471 476/763/474
f 476/763/474 473/760/471 477/764/475
f 477/764/475 473/760/471 478/765/476
f 477/764/475 478/765/476 479/766/477
f 479/766/477 478/765/476 449/767/447
f 476/763/474 477/764/475 480/768/478
f 476/763/474 480/768/478 481/769/479
f 475/762/473 476/763/474 482/770/480
f 482/770/480 476/763/474 481/769/479
f 475/762/473 482/770/480 483/771/481
f 475/762/473 483/771/481 474/761/472
f 482/770/480 481/769/479 484/772/482
f 483/771/481 482/770/480 485/773/483
f 485/773/483 482/770/480 484/772/482
f 484/772/482 481/769/479 486/774/484
f 484/772/482 486/774/484 487/775/485
f 484/772/482 487/775/485 488/776/486
f 484/772/482 488/776/486 485/773/483
f 487/775/485 486/774/484 489/777/487
f 487/775/485 489/777/487 488/776/486
f 489/777/487 486/774/484 490/778/488
f 485/773/483 488/776/486 491/779/489
f 491/779/489 488/776/486 489/777/487
f 491/779/489 489/777/487 492/780/490
f 491/779/489 492/780/490 493/781/491
f 493/781/491 492/780/490 489/777/487
f 491/779/489 493/781/491 494/782/492
f 491/779/489 494/782/492 485/773/483
f 493/781/491 489/777/487 495/783/493
f 495/783/493 489/777/487 496/784/494
f 494/782/492 493/781/491 497/785/495
f 497/785/495 493/781/491 495/783/493
f 495/783/493 496/784/494 498/786/496
f 494/782/492 497/785/495 499/787/497
f 485/773/483 494/782/492 500/788/498
f 500/788/498 494/782/492 499/787/497
f 485/773/483 500/788/498 483/771/481
f 483/771/481 500/788/498 501/789/499
f 501/789/499 500/788/498 499/787/497
f 483/771/481 501/789/499 474/761/472
f 495/783/493 498/786/496 502/790/500
f 502/790/500 498/786/496 503/791/501
f 495/783/493 502/790/500 504/792/502
f 495/783/493 504/792/502 497/785/495
f 502/790/500 503/791/501 505/793/503
f 502/790/500 505/793/503 504/792/502
f 505/793/503 503/791/501 506/794/504
f 507/795/505 474/761/472 501/789/499
f 474/761/472 507/795/505 508/796/506
f 507/795/505 501/789/499 509/797/507
f 509/797/507 501/789/499 499/787/497
f 474/761/472 508/796/506 389/757/389
f 507/795/505 509/797/507 510/798/508
f 507/795/505 510/798/508 508/796/506
f 389/757/389 508/796/506 511/799/509
f 389/757/389 511/799/509 393/800/393
f 393/800/393 511/799/509 512/801/510
f 512/801/510 511/799/509 513/802/511
f 513/802/511 511/799/509 508/796/506
f 513/802/511 508/796/506 514/803/512
f 514/803/512 508/796/506 510/798/508
f 514/803/512 510/798/508 515/804/513
f 516/805/514 517/806/515 510/798/508
f 516/805/514 510/798/508 518/807/516
f 519/808/517 510/798/508 509/797/507
f 510/798/508 519/808/517 518/807/516
f 516/805/514 518/807/516 520/809/518
f 516/805/514 520/809/518 521/810/519
f 521/810/519 520/809/518 522/811/520
f 522/811/520 520/809/518 523/812/521
f 523/812/521 520/809/518 518/807/516
f 522/811/520 523/812/521 524/813/522
f 518/807/516 519/808/517 525/814/523
f 518/807/516 525/814/523 523/812/521
f 524/813/522 523/812/521 526/815/524
f 525/814/523 519/808/517 527/816/525
f 527/816/525 519/808/517 509/797/507
f 526/815/524 523/812/521 528/817/526
f 523/812/521 525/814/523 529/818/527
f 523/812/521 529/818/527 528/817/526
f 526/815/524 528/817/526 530/819/528
f 527/816/525 509/797/507 531/820/529
f 531/820/529 509/797/507 499/787/497
f 525/814/523 527/816/525 532/821/530
f 532/821/530 527/816/525 531/820/529
f 525/814/523 532/821/530 533/822/531
f 525/814/523 533/822/531 529/818/527
f 532/821/530 531/820/529 534/823/532
f 531/820/529 499/787/497 535/824/533
f 535/824/533 499/787/497 497/785/495
f 535/824/533 497/785/495 504/792/502
f 531/820/529 535/824/533 536/825/534
f 536/825/534 535/824/533 504/792/502
f 534/823/532 531/820/529 537/826/535
f 537/826/535 531/820/529 536/825/534
f 532/821/530 534/823/532 538/827/536
f 538/827/536 534/823/532 537/826/535
f 532/821/530 538/827/536 533/822/531
f 536/825/534 504/792/502 539/828/537
f 536/825/534 539/828/537 537/826/535
f 539/828/537 504/792/502 540/829/538
f 539/828/537 540/829/538 537/826/535
f 540/829/538 504/792/502 541/830/539
f 541/830/539 504/792/502 505/793/503
f 540/829/538 541/830/539 542/831/540
f 542/831/540 541/830/539 505/793/503
f 537/826/535 540/829/538 543/832/541
f 537/826/535 543/832/541 538/827/536
f 543/832/541 540/829/538 542/831/540
f 544/833/542 533/822/531 538/827/536
f 544/833/542 538/827/536 543/832/541
f 542/831/540 505/793/503 545/834/543
f 545/834/543 505/793/503 506/794/504
f 543/832/541 542/831/540 546/835/544
f 542/831/540 545/834/543 547/836/545
f 542/831/540 547/836/545 546/835/544
f 545/834/543 506/794/504 548/837/546
f 545/834/543 548/837/546 547/836/545
f 548/837/546 506/794/504 549/838/547
f 549/838/547 506/794/504 550/839/548
f 548/837/546 549/838/547 551/840/549
f 548/837/546 551/840/549 552/841/550
f 548/837/546 552/841/550 547/836/545
f 547/836/545 552/841/550 553/842/551
f 553/842/551 552/841/550 554/843/552
f 555/844/553 546/835/544 547/836/545
f 546/835/544 555/844/553 543/832/541
f 555/844/553 547/836/545 553/842/551
f 553/842/551 554/843/552 556/845/554
f 543/832/541 555/844/553 557/846/555
f 557/846/555 555/844/553 553/842/551
f 543/832/541 557/846/555 544/833/542
f 553/842/551 556/845/554 558/847/556
f 553/842/551 558/847/556 557/846/555
f 558/847/556 556/845/554 559/848/557
f 558/847/556 559/848/557 560/849/558
f 558/847/556 560/849/558 557/846/555
f 557/846/555 560/849/558 544/833/542
f 561/850/559 562/851/560 560/849/558
f 560/849/558 562/851/560 563/852/561
f 560/849/558 563/852/561 544/833/542
f 563/852/561 562/851/560 564/853/562
f 563/852/561 564/853/562 565/854/563
f 563/852/561 565/854/563 566/855/564
f 566/855/564 565/854/563 567/856/565
f 544/833/542 563/852/561 568/857/566
f 568/857/566 563/852/561 566/855/564
f 544/833/542 568/857/566 533/822/531
f 566/855/564 567/856/565 569/858/567
f 533/822/531 568/857/566 570/859/568
f 570/859/568 568/857/566 566/855/564
f 533/822/531 570/859/568 529/818/527
f 566/855/564 569/858/567 571/860/569
f 566/855/564 571/860/569 570/859/568
f 571/860/569 569/858/567 572/861/570
f 572/861/570 569/858/567 573/862/571
f 571/860/569 572/861/570 574/863/572
f 574/863/572 572/861/570 573/862/571
f 571/860/569 574/863/572 570/859/568
f 573/862/571 569/858/567 575/864/573
f 574/863/572 573/862/571 576/865/574
f 574/863/572 576/865/574 577/866/575
f 577/866/575 576/865/574 573/862/571
f 574/863/572 577/866/575 570/859/568
f 573/862/571 575/864/573 578/867/576
f 573/862/571 578/867/576 577/866/575
f 577/866/575 578/867/576 570/859/568
f 578/867/576 575/864/573 579/868/577
f 570/859/568 578/867/576 580/869/578
f 580/869/578 578/867/576 579/868/577
f 581/870/579 529/818/527 570/859/568
f 581/870/579 570/859/568 580/869/578
f 529/818/527 581/870/579 528/817/526
f 580/869/578 579/868/577 582/871/580
f 580/869/578 582/871/580 581/870/579
f 582/871/580 579/868/577 583/872/581
f 528/817/526 581/870/579 584/873/582
f 584/873/582 581/870/579 582/871/580
f 528/817/526 584/873/582 530/819/528
f 584/873/582 582/871/580 585/874/583
f 585/874/583 582/871/580 583/872/581
f 584/873/582 585/874/583 530/819/528
f 586/875/584 587/876/585 583/872/581
f 583/872/581 587/876/585 585/874/583
f 530/819/528 585/874/583 588/877/586
f 530/819/528 588/877/586 589/878/587
f 585/874/583 587/876/585 590/879/588
f 590/879/588 587/876/585 591/880/589
f 588/877/586 585/874/583 592/881/590
f 592/881/590 585/874/583 590/879/588
f 588/877/586 592/881/590 593/882/591
f 592/881/590 590/879/588 594/883/592
f 592/881/590 594/883/592 593/882/591
f 594/883/592 590/879/588 595/884/593
f 593/882/591 594/883/592 596/885/594
f 593/882/591 596/885/594 597/886/595
f 597/886/595 596/885/594 598/887/596
f 127/888/127 126/889/126 599/890/597
f 599/890/597 126/889/126 125/891/125
f 127/888/127 599/890/597 600/892/598
f 127/888/127 600/892/598 130/893/130
f 130/893/130 600/892/598 133/894/133
f 133/894/133 600/892/598 601/895/599
f 133/894/133 601/895/599 136/896/136
f 601/895/599 600/892/598 602/897/600
f 601/895/599 602/897/600 603/898/601
f 603/898/601 602/897/600 190/899/190
f 190/899/190 602/897/600 188/900/188
f 188/900/188 602/897/600 201/901/201
f 602/897/600 600/892/598 604/902/602
f 602/897/600 604/902/602 201/901/201
f 604/902/602 600/892/598 599/890/597
f 604/902/602 599/890/597 605/903/603
f 604/902/602 605/903/603 201/901/201
f 605/903/603 599/890/597 125/891/125
f 605/903/603 125/891/125 129/904/129
f 605/903/603 129/904/129 131/905/131
f 605/903/603 131/905/131 201/901/201
f 201/901/201 131/905/131 135/906/135
f 187/907/187 201/908/201 186/909/186
f 201/908/201 187/907/187 188/910/188
f 606/911/604 143/912/143 139/913/139
f 143/912/143 606/911/604 457/914/455
f 457/914/455 606/911/604 607/915/605
f 457/914/455 607/915/605 467/916/465
f 607/915/605 606/911/604 608/917/606
f 607/915/605 608/917/606 609/918/607
f 608/917/606 606/911/604 610/919/608
f 608/917/606 610/919/608 609/918/607
f 610/919/608 606/911/604 139/913/139
f 609/918/607 610/919/608 611/920/609
f 610/919/608 139/913/139 612/921/610
f 612/921/610 139/913/139 136/922/136
f 612/921/610 136/922/136 601/923/599
f 612/921/610 601/923/599 603/924/601
f 612/921/610 603/924/601 613/925/611
f 613/925/611 603/924/601 190/926/190
f 610/919/608 612/921/610 614/927/612
f 614/927/612 612/921/610 613/925/611
f 613/925/611 190/926/190 192/928/192
f 610/919/608 614/927/612 615/929/613
f 610/919/608 615/929/613 611/920/609
f 611/920/609 615/929/613 616/930/614
f 615/929/613 614/927/612 617/931/615
f 615/929/613 617/931/615 616/930/614
f 617/931/615 614/927/612 613/925/611
f 616/930/614 617/931/615 618/932/616
f 613/925/611 192/928/192 619/933/617
f 619/933/617 192/928/192 196/934/196
f 613/925/611 619/933/617 617/931/615
f 618/932/616 617/931/615 620/935/618
f 618/932/616 620/935/618 621/936/619
f 621/936/619 620/935/618 622/937/620
f 622/937/620 620/935/618 617/931/615
f 621/936/619 622/937/620 623/938/621
f 623/938/621 622/937/620 624/939/622
f 624/939/622 622/937/620 625/940/623
f 622/937/620 617/931/615 626/941/624
f 622/937/620 626/941/624 625/940/623
f 625/940/623 626/941/624 627/942/625
f 625/940/623 627/942/625 628/943/626
f 628/943/626 627/942/625 626/941/624
f 628/943/626 626/941/624 629/944/627
f 629/944/627 626/941/624 617/931/615
f 629/944/627 617/931/615 619/933/617
f 628/943/626 629/944/627 630/945/628
f 629/944/627 619/933/617 631/946/629
f 631/946/629 619/933/617 632/947/630
f 630/945/628 629/944/627 633/948/631
f 633/948/631 629/944/627 631/946/629
f 631/946/629 632/947/630 634/949/632
f 631/946/629 634/949/632 633/948/631
f 630/945/628 633/948/631 635/950/633
f 635/950/633 633/948/631 634/949/632
f 635/950/633 634/949/632 636/951/634
f 637/952/635 464/953/462 467/954/465
f 464/953/462 637/952/635 465/955/463
f 637/952/635 467/954/465 638/956/636
f 638/956/636 467/954/465 607/957/605
f 638/956/636 607/957/605 609/958/607
f 637/952/635 638/956/636 639/959/637
f 637/952/635 639/959/637 640/960/638
f 640/960/638 639/959/637 641/961/639
f 639/959/637 638/956/636 642/962/640
f 638/956/636 609/958/607 643/963/641
f 638/956/636 643/963/641 642/962/640
f 643/963/641 609/958/607 611/964/609
f 643/963/641 611/964/609 616/965/614
f 642/962/640 643/963/641 644/966/642
f 642/962/640 644/966/642 639/959/637
f 644/966/642 643/963/641 616/965/614
f 645/967/643 641/961/639 639/959/637
f 645/967/643 639/959/637 644/966/642
f 641/961/639 645/967/643 646/968/644
f 645/967/643 644/966/642 647/969/645
f 645/967/643 647/969/645 646/968/644
f 647/969/645 644/966/642 616/965/614
f 646/968/644 647/969/645 648/970/646
f 648/970/646 647/969/645 649/971/647
f 648/970/646 649/971/647 650/972/648
f 650/972/648 649/971/647 651/973/649
f 651/973/649 649/971/647 624/974/622
f 624/974/622 649/971/647 623/975/621
f 649/971/647 647/969/645 652/976/650
f 649/971/647 652/976/650 623/975/621
f 652/976/650 647/969/645 616/965/614
f 623/975/621 652/976/650 653/977/651
f 653/977/651 652/976/650 616/965/614
f 623/975/621 653/977/651 621/978/619
f 653/977/651 616/965/614 618/979/616
f 653/977/651 618/979/616 621/978/619
f 654/980/652 640/981/638 655/982/653
f 655/982/653 640/981/638 641/983/639
f 654/980/652 655/982/653 656/984/654
f 640/981/638 654/980/652 657/985/655
f 657/985/655 654/980/652 656/984/654
f 640/981/638 657/985/655 637/986/635
f 637/986/635 657/985/655 465/987/463
f 656/984/654 655/982/653 658/988/656
f 465/987/463 657/985/655 659/989/657
f 659/989/657 657/985/655 656/984/654
f 656/984/654 658/988/656 660/990/658
f 660/990/658 658/988/656 661/991/659
f 656/984/654 660/990/658 662/992/660
f 656/984/654 662/992/660 659/989/657
f 660/990/658 661/991/659 663/993/661
f 660/990/658 663/993/661 662/992/660
f 663/993/661 661/991/659 664/994/662
f 663/993/661 664/994/662 665/995/663
f 663/993/661 665/995/663 662/992/660
f 664/994/662 661/991/659 666/996/664
f 666/996/664 661/991/659 667/997/665
f 665/995/663 664/994/662 668/998/666
f 668/998/666 664/994/662 666/996/664
f 662/992/660 665/995/663 669/999/667
f 668/998/666 666/996/664 670/1000/668
f 666/996/664 667/997/665 671/1001/669
f 665/995/663 668/998/666 672/1002/670
f 672/1002/670 668/998/666 673/1003/671
f 673/1003/671 668/998/666 670/1000/668
f 665/995/663 672/1002/670 674/1004/198
f 665/995/663 674/1004/198 669/999/667
f 672/1002/670 673/1003/671 675/1005/672
f 672/1002/670 675/1005/672 674/1004/198
f 675/1005/672 673/1003/671 676/1006/673
f 676/1006/673 673/1003/671 670/1000/668
f 675/1005/672 676/1006/673 677/1007/674
f 677/1007/674 676/1006/673 678/1008/675
f 677/1007/674 678/1008/675 679/1009/676
f 679/1009/676 678/1008/675 680/1010/677
f 680/1010/677 678/1008/675 681/1011/678
f 681/1011/678 678/1008/675 676/1006/673
f 681/1011/678 676/1006/673 670/1000/668
f 681/1011/678 670/1000/668 682/1012/679
f 681/1011/678 682/1012/679 683/1013/680
f 683/1013/680 682/1012/679 684/1014/681
f 682/1012/679 670/1000/668 685/1015/682
f 685/1015/682 670/1000/668 666/996/664
f 685/1015/682 666/996/664 671/1001/669
f 682/1012/679 685/1015/682 686/1016/683
f 685/1015/682 671/1001/669 687/1017/684
f 685/1015/682 687/1017/684 686/1016/683
f 682/1012/679 686/1016/683 688/1018/685
f 688/1018/685 686/1016/683 687/1017/684
f 682/1012/679 688/1018/685 684/1014/681
f 687/1017/684 671/1001/669 689/1019/686
f 687/1017/684 689/1019/686 688/1018/685
f 684/1014/681 688/1018/685 690/1020/687
f 690/1020/687 688/1018/685 689/1019/686
f 684/1014/681 690/1020/687 691/1021/688
f 691/1021/688 690/1020/687 692/1022/689
f 692/1022/689 690/1020/687 693/1023/328
f 693/1023/328 690/1020/687 689/1019/686
f 694/1024/690 689/1019/686 671/1001/669
f 689/1019/686 694/1024/690 693/1023/328
f 694/1024/690 671/1001/669 667/997/665
f 694/1024/690 667/997/665 695/1025/691
f 694/1024/690 695/1025/691 696/1026/692
f 694/1024/690 696/1026/692 693/1023/328
f 693/1023/328 696/1026/692 697/1027/693
f 75/1028/75 81/1029/81 76/1030/76
f 81/1029/81 75/1028/75 72/1031/72
f 698/1032/694 699/1033/695 76/1030/76
f 698/1032/694 76/1030/76 81/1029/81
f 698/1032/694 81/1029/81 700/1034/696
f 698/1032/694 700/1034/696 701/1035/697
f 701/1035/697 700/1034/696 702/1036/698
f 701/1035/697 702/1036/698 703/1037/699
f 703/1037/699 702/1036/698 704/1038/700
f 704/1038/700 702/1036/698 705/1039/701
f 705/1039/701 702/1036/698 706/1040/702
f 702/1036/698 700/1034/696 707/1041/703
f 707/1041/703 700/1034/696 81/1029/81
f 702/1036/698 707/1041/703 706/1040/702
f 707/1041/703 81/1029/81 708/1042/704
f 709/1043/705 710/1044/706 706/1040/702
f 709/1043/705 706/1040/702 711/1045/707
f 711/1045/707 706/1040/702 707/1041/703
f 711/1045/707 707/1041/703 708/1042/704
f 711/1045/707 708/1042/704 81/1029/81
f 711/1045/707 81/1029/81 84/1046/84
f 711/1045/707 84/1046/84 712/1047/708
f 701/1048/697 713/1049/709 698/1050/694
f 698/1050/694 713/1049/709 714/1051/710
f 698/1050/694 714/1051/710 699/1052/695
f 699/1052/695 714/1051/710 715/1053/711
f 715/1053/711 714/1051/710 713/1049/709
f 713/1049/709 701/1048/697 716/1054/712
f 704/1055/700 701/1048/697 703/1056/699
f 701/1048/697 704/1055/700 717/1057/713
f 701/1048/697 717/1057/713 718/1058/714
f 701/1048/697 718/1058/714 716/1054/712
f 718/1058/714 717/1057/713 719/1059/715
f 718/1058/714 719/1059/715 716/1054/712
f 716/1054/712 719/1059/715 710/1060/706
f 716/1054/712 710/1060/706 720/1061/716
f 720/1061/716 710/1060/706 712/1062/708
f 713/1063/709 721/1064/717 715/1065/711
f 715/1065/711 721/1064/717 699/1066/695
f 721/1064/717 713/1063/709 722/1067/718
f 722/1067/718 713/1063/709 716/1068/712
f 699/1066/695 721/1064/717 723/1069/719
f 723/1069/719 721/1064/717 722/1067/718
f 722/1067/718 716/1068/712 720/1070/716
f 699/1066/695 723/1069/719 724/1071/720
f 699/1066/695 724/1071/720 77/1072/77
f 699/1066/695 77/1072/77 76/1073/76
f 77/1072/77 724/1071/720 169/1074/169
f 169/1074/169 724/1071/720 723/1069/719
f 169/1074/169 723/1069/719 725/1075/721
f 723/1069/719 722/1067/718 726/1076/722
f 723/1069/719 726/1076/722 725/1075/721
f 727/1077/723 722/1067/718 720/1070/716
f 722/1067/718 727/1077/723 726/1076/722
f 727/1077/723 720/1070/716 728/1078/724
f 728/1078/724 720/1070/716 709/1079/705
f 728/1078/724 709/1079/705 727/1077/723
f 709/1079/705 720/1070/716 712/1080/708
f 727/1077/723 709/1079/705 710/1081/706
f 727/1077/723 710/1081/706 726/1076/722
f 726/1076/722 710/1081/706 729/1082/725
f 726/1076/722 729/1082/725 730/1083/195
f 730/1083/195 729/1082/725 731/1084/726
f 726/1076/722 730/1083/195 732/1085/727
f 732/1085/727 730/1083/195 731/1084/726
f 726/1076/722 732/1085/727 725/1075/721
f 725/1075/721 732/1085/727 733/1086/728
f 733/1086/728 732/1085/727 731/1084/726
f 733/1086/728 731/1084/726 734/1087/729
f 733/1086/728 734/1087/729 735/1088/730
f 83/1089/83 736/1090/731 84/1091/84
f 736/1090/731 83/1089/83 87/1092/87
f 736/1090/731 87/1092/87 737/1093/732
f 737/1093/732 87/1092/87 738/1094/732
f 736/1090/731 737/1093/732 739/1095/733
f 736/1090/731 739/1095/733 84/1091/84
f 739/1095/733 737/1093/732 740/1096/734
f 739/1095/733 740/1096/734 741/1097/735
f 84/1091/84 739/1095/733 742/1098/736
f 84/1091/84 742/1098/736 712/1099/708
f 712/1099/708 742/1098/736 710/1100/706
f 710/1100/706 742/1098/736 743/1101/737
f 743/1101/737 742/1098/736 744/1102/738
f 744/1102/738 742/1098/736 739/1095/733
f 744/1102/738 739/1095/733 741/1097/735
f 744/1102/738 741/1097/735 745/1103/739
f 744/1102/738 745/1103/739 746/1104/740
f 744/1102/738 746/1104/740 747/1105/741
f 744/1102/738 747/1105/741 748/1106/742
f 749/1107/743 709/1108/705 711/1109/707
f 749/1107/743 711/1109/707 750/1110/744
f 749/1107/743 750/1110/744 751/1111/745
f 751/1111/745 750/1110/744 752/1112/746
f 749/1107/743 751/1111/745 753/1113/747
f 753/1113/747 751/1111/745 705/1114/701
f 709/1108/705 749/1107/743 754/1115/748
f 754/1115/748 749/1107/743 753/1113/747
f 709/1108/705 754/1115/748 746/1116/740
f 709/1108/705 746/1116/740 712/1117/708
f 746/1116/740 754/1115/748 747/1118/741
f 747/1118/741 754/1115/748 755/1119/749
f 755/1119/749 754/1115/748 753/1113/747
f 747/1118/741 755/1119/749 748/1120/742
f 717/1121/713 753/1113/747 705/1114/701
f 748/1120/742 755/1119/749 756/1122/750
f 717/1121/713 705/1114/701 706/1123/702
f 710/1124/706 719/1125/715 706/1123/702
f 706/1123/702 719/1125/715 717/1121/713
f 704/1126/700 734/1127/729 717/1121/713
f 717/1121/713 734/1127/729 731/1128/726
f 717/1121/713 731/1128/726 729/1129/725
f 717/1121/713 729/1129/725 753/1113/747
f 757/1130/751 755/1119/749 753/1113/747
f 757/1130/751 753/1113/747 729/1129/725
f 755/1119/749 757/1130/751 756/1122/750
f 757/1130/751 729/1129/725 758/1131/752
f 756/1122/750 757/1130/751 759/1132/753
f 759/1132/753 757/1130/751 758/1131/752
f 756/1122/750 759/1132/753 748/1120/742
f 748/1120/742 759/1132/753 744/1133/738
f 744/1133/738 759/1132/753 743/1134/737
f 743/1134/737 759/1132/753 758/1131/752
f 743/1134/737 758/1131/752 729/1129/725
f 743/1134/737 729/1129/725 710/1135/706
f 760/1136/754 711/1137/707 712/1138/708
f 760/1136/754 712/1138/708 746/1139/740
f 711/1137/707 760/1136/754 750/1140/744
f 760/1136/754 746/1139/740 745/1141/739
f 750/1140/744 760/1136/754 761/1142/755
f 760/1136/754 745/1141/739 762/1143/756
f 760/1136/754 762/1143/756 761/1142/755
f 762/1143/756 745/1141/739 763/1144/757
f 750/1140/744 761/1142/755 752/1145/746
f 762/1143/756 763/1144/757 764/1146/758
f 762/1143/756 764/1146/758 761/1142/755
f 752/1145/746 761/1142/755 765/1147/759
f 765/1147/759 761/1142/755 764/1146/758
f 752/1145/746 765/1147/759 766/1148/760
f 764/1146/758 763/1144/757 767/1149/761
f 764/1146/758 767/1149/761 765/1147/759
f 766/1148/760 765/1147/759 768/1150/762
f 766/1148/760 768/1150/762 769/1151/763
f 769/1151/763 768/1150/762 770/1152/764
f 768/1150/762 765/1147/759 771/1153/765
f 771/1153/765 765/1147/759 767/1149/761
f 768/1150/762 771/1153/765 770/1152/764
f 771/1153/765 767/1149/761 772/1154/766
f 771/1153/765 772/1154/766 770/1152/764
f 772/1154/766 767/1149/761 773/1155/767
f 770/1152/764 772/1154/766 774/1156/768
f 770/1152/764 774/1156/768 775/1157/769
f 774/1156/768 772/1154/766 776/1158/770
f 775/1157/769 774/1156/768 777/1159/771
f 777/1159/771 774/1156/768 776/1158/770
f 777/1159/771 776/1158/770 778/1160/772
f 777/1159/771 778/1160/772 779/1161/773
f 779/1161/773 778/1160/772 780/1162/774
f 169/1163/169 781/1164/775 170/1165/170
f 781/1164/775 169/1163/169 782/1166/776
f 781/1164/775 782/1166/776 170/1165/170
f 782/1166/776 169/1163/169 725/1167/721
f 782/1166/776 725/1167/721 733/1168/728
f 170/1165/170 782/1166/776 783/1169/777
f 783/1169/777 782/1166/776 733/1168/728
f 194/1170/194 170/1165/170 197/1171/197
f 170/1165/170 783/1169/777 784/1172/778
f 170/1165/170 784/1172/778 197/1171/197
f 783/1169/777 733/1168/728 785/1173/779
f 783/1169/777 785/1173/779 784/1172/778
f 197/1171/197 784/1172/778 786/1174/780
f 786/1174/780 784/1172/778 785/1173/779
f 197/1171/197 786/1174/780 195/1175/195
f 195/1175/195 786/1174/780 787/1176/781
f 785/1173/779 733/1168/728 788/1177/782
f 785/1173/779 788/1177/782 786/1174/780
f 787/1176/781 786/1174/780 789/1178/783
f 788/1177/782 733/1168/728 735/1179/730
f 786/1174/780 788/1177/782 790/1180/784
f 790/1180/784 788/1177/782 735/1179/730
f 789/1178/783 786/1174/780 791/1181/785
f 791/1181/785 786/1174/780 790/1180/784
f 791/1181/785 790/1180/784 735/1179/730
f 789/1178/783 791/1181/785 792/1182/786
f 792/1182/786 791/1181/785 793/1183/787
f 793/1183/787 791/1181/785 735/1179/730
f 792/1182/786 793/1183/787 794/1184/788
f 794/1184/788 793/1183/787 766/1185/760
f 766/1185/760 793/1183/787 752/1186/746
f 752/1186/746 793/1183/787 735/1179/730
f 752/1186/746 735/1179/730 751/1187/745
f 751/1187/745 735/1179/730 705/1188/701
f 705/1188/701 735/1179/730 734/1189/729
f 705/1188/701 734/1189/729 704/1190/700
f 87/1191/87 88/1192/88 738/1193/732
f 264/1194/264 795/1195/789 88/1192/88
f 88/1192/88 795/1195/789 738/1193/732
f 796/1196/790 795/1195/789 797/1197/791
f 795/1195/789 796/1196/790 763/1198/757
f 795/1195/789 763/1198/757 738/1193/732
f 763/1198/757 796/1196/790 798/1199/792
f 763/1198/757 798/1199/792 773/1200/767
f 763/1198/757 773/1200/767 767/1201/761
f 738/1193/732 763/1198/757 745/1202/739
f 738/1193/732 745/1202/739 741/1203/735
f 738/1193/732 741/1203/735 799/1204/793
f 738/1193/732 799/1204/793 737/1205/732
f 799/1204/793 741/1203/735 740/1206/734
f 799/1204/793 740/1206/734 737/1205/732
f 800/1207/794 780/1208/774 801/1209/795
f 779/1210/773 780/1208/774 802/1211/796
f 802/1211/796 780/1208/774 803/1212/797
f 780/1208/774 800/1207/794 804/1213/798
f 780/1208/774 804/1213/798 803/1212/797
f 804/1213/798 800/1207/794 801/1209/795
f 803/1212/797 804/1213/798 805/1214/799
f 801/1209/795 780/1208/774 806/1215/800
f 806/1215/800 780/1208/774 778/1216/772
f 805/1214/799 804/1213/798 807/1217/801
f 807/1217/801 804/1213/798 808/1218/802
f 807/1217/801 808/1218/802 805/1214/799
f 804/1213/798 801/1209/795 809/1219/803
f 804/1213/798 809/1219/803 808/1218/802
f 805/1214/799 808/1218/802 810/1220/804
f 805/1214/799 810/1220/804 811/1221/805
f 810/1220/804 808/1218/802 812/1222/806
f 812/1222/806 808/1218/802 813/1223/807
f 813/1223/807 808/1218/802 809/1219/803
f 809/1219/803 801/1209/795 814/1224/808
f 814/1224/808 801/1209/795 806/1215/800
f 809/1219/803 814/1224/808 815/1225/809
f 809/1219/803 815/1225/809 813/1223/807
f 815/1225/809 814/1224/808 806/1215/800
f 813/1223/807 815/1225/809 816/1226/810
f 813/1223/807 816/1226/810 817/1227/811
f 815/1225/809 806/1215/800 818/1228/812
f 815/1225/809 818/1228/812 816/1226/810
f 817/1227/811 816/1226/810 819/1229/813
f 817/1227/811 819/1229/813 820/1230/814
f 816/1226/810 818/1228/812 821/1231/815
f 816/1226/810 821/1231/815 819/1229/813
f 818/1228/812 806/1215/800 822/1232/816
f 818/1228/812 822/1232/816 821/1231/815
f 822/1232/816 806/1215/800 776/1233/770
f 776/1233/770 806/1215/800 778/1216/772
f 821/1231/815 822/1232/816 798/1234/792
f 798/1234/792 822/1232/816 776/1233/770
f 798/1234/792 776/1233/770 773/1235/767
f 773/1235/767 776/1233/770 772/1236/766
f 821/1231/815 798/1234/792 796/1237/790
f 823/1238/817 819/1229/813 821/1231/815
f 823/1238/817 821/1231/815 796/1237/790
f 819/1229/813 823/1238/817 820/1230/814
f 823/1238/817 796/1237/790 797/1239/791
f 823/1238/817 797/1239/791 820/1230/814
f 820/1230/814 797/1239/791 824/1240/818
f 825/1241/819 787/1242/781 789/1243/783
f 825/1241/819 789/1243/783 826/1244/820
f 826/1244/820 789/1243/783 792/1245/786
f 826/1244/820 792/1245/786 794/1246/788
f 787/1242/781 825/1241/819 827/1247/821
f 787/1242/781 827/1247/821 828/1248/822
f 828/1248/822 827/1247/821 829/1249/823
f 828/1248/822 829/1249/823 830/1250/824
f 787/1242/781 828/1248/822 196/1251/196
f 787/1242/781 196/1251/196 195/1252/195
f 828/1248/822 830/1250/824 831/1253/825
f 828/1248/822 831/1253/825 196/1251/196
f 196/1251/196 831/1253/825 619/1254/617
f 831/1253/825 830/1250/824 832/1255/826
f 619/1254/617 831/1253/825 632/1256/630
f 632/1256/630 831/1253/825 832/1255/826
f 632/1256/630 832/1255/826 833/1257/827
f 632/1256/630 833/1257/827 634/1258/632
f 634/1258/632 833/1257/827 834/1259/828
f 634/1258/632 834/1259/828 636/1260/634
f 834/1259/828 833/1257/827 835/1261/829
f 836/1262/830 826/1263/820 794/1264/788
f 836/1262/830 794/1264/788 837/1265/831
f 837/1265/831 794/1264/788 766/1266/760
f 837/1265/831 766/1266/760 769/1267/763
f 826/1263/820 836/1262/830 838/1268/832
f 838/1268/832 836/1262/830 835/1269/829
f 838/1268/832 835/1269/829 839/1270/833
f 839/1270/833 835/1269/829 833/1271/827
f 826/1263/820 838/1268/832 840/1272/834
f 840/1272/834 838/1268/832 839/1270/833
f 826/1263/820 840/1272/834 841/1273/835
f 826/1263/820 841/1273/835 825/1274/819
f 825/1274/819 841/1273/835 827/1275/821
f 841/1273/835 840/1272/834 842/1276/836
f 841/1273/835 842/1276/836 827/1275/821
f 840/1272/834 839/1270/833 843/1277/837
f 840/1272/834 843/1277/837 842/1276/836
f 843/1277/837 839/1270/833 833/1271/827
f 827/1275/821 842/1276/836 844/1278/838
f 827/1275/821 844/1278/838 829/1279/823
f 842/1276/836 843/1277/837 845/1280/839
f 842/1276/836 845/1280/839 844/1278/838
f 843/1277/837 833/1271/827 846/1281/840
f 843/1277/837 846/1281/840 845/1280/839
f 846/1281/840 833/1271/827 832/1282/826
f 829/1279/823 844/1278/838 847/1283/841
f 846/1281/840 832/1282/826 848/1284/842
f 848/1284/842 832/1282/826 830/1285/824
f 845/1280/839 846/1281/840 849/1286/785
f 849/1286/785 846/1281/840 848/1284/842
f 850/1287/843 844/1278/838 845/1280/839
f 844/1278/838 850/1287/843 847/1283/841
f 845/1280/839 849/1286/785 851/1288/844
f 845/1280/839 851/1288/844 850/1287/843
f 849/1286/785 848/1284/842 852/1289/845
f 849/1286/785 852/1289/845 851/1288/844
f 852/1289/845 848/1284/842 830/1285/824
f 850/1287/843 851/1288/844 853/1290/846
f 850/1287/843 853/1290/846 847/1283/841
f 853/1290/846 851/1288/844 852/1289/845
f 853/1290/846 852/1289/845 830/1285/824
f 847/1283/841 853/1290/846 829/1279/823
f 829/1279/823 853/1290/846 830/1285/824
f 769/1291/763 770/1292/764 854/1293/847
f 854/1293/847 770/1292/764 775/1294/769
f 769/1291/763 854/1293/847 855/1295/848
f 769/1291/763 855/1295/848 837/1296/831
f 854/1293/847 775/1294/769 856/1297/849
f 854/1293/847 856/1297/849 855/1295/848
f 837/1296/831 855/1295/848 857/1298/850
f 837/1296/831 857/1298/850 836/1299/830
f 857/1298/850 855/1295/848 858/1300/851
f 858/1300/851 855/1295/848 859/1301/852
f 859/1301/852 855/1295/848 856/1297/849
f 858/1300/851 859/1301/852 860/1302/853
f 858/1300/851 860/1302/853 857/1298/850
f 859/1301/852 856/1297/849 803/1303/797
f 803/1303/797 856/1297/849 802/1304/796
f 859/1301/852 803/1303/797 861/1305/854
f 859/1301/852 861/1305/854 860/1302/853
f 861/1305/854 803/1303/797 805/1306/799
f 861/1305/854 805/1306/799 811/1307/805
f 802/1304/796 856/1297/849 862/1308/855
f 862/1308/855 856/1297/849 775/1294/769
f 802/1304/796 862/1308/855 779/1309/773
f 862/1308/855 775/1294/769 777/1310/771
f 862/1308/855 777/1310/771 779/1309/773
f 861/1305/854 811/1307/805 863/1311/856
f 864/1312/857 860/1302/853 861/1305/854
f 864/1312/857 861/1305/854 863/1311/856
f 860/1302/853 864/1312/857 865/1313/858
f 860/1302/853 865/1313/858 857/1298/850
f 864/1312/857 863/1311/856 866/1314/859
f 864/1312/857 866/1314/859 865/1313/858
f 857/1298/850 865/1313/858 867/1315/860
f 867/1315/860 865/1313/858 866/1314/859
f 868/1316/861 863/1311/856 811/1307/805
f 868/1316/861 811/1307/805 810/1317/804
f 866/1314/859 863/1311/856 869/1318/862
f 869/1318/862 863/1311/856 868/1316/861
f 866/1314/859 869/1318/862 867/1315/860
f 868/1316/861 810/1317/804 870/1319/863
f 871/1320/864 857/1298/850 867/1315/860
f 857/1298/850 871/1320/864 836/1299/830
f 836/1299/830 871/1320/864 835/1321/829
f 835/1321/829 871/1320/864 872/1322/865
f 835/1321/829 872/1322/865 834/1323/828
f 871/1320/864 867/1315/860 873/1324/866
f 871/1320/864 873/1324/866 872/1322/865
f 873/1324/866 867/1315/860 874/1325/867
f 874/1325/867 867/1315/860 869/1318/862
f 872/1322/865 873/1324/866 875/1326/868
f 872/1322/865 875/1326/868 834/1323/828
f 873/1324/866 874/1325/867 876/1327/869
f 873/1324/866 876/1327/869 875/1326/868
f 874/1325/867 869/1318/862 877/1328/870
f 874/1325/867 877/1328/870 876/1327/869
f 877/1328/870 869/1318/862 868/1316/861
f 875/1326/868 876/1327/869 878/1329/871
f 878/1329/871 876/1327/869 877/1328/870
f 879/1330/872 834/1323/828 875/1326/868
f 877/1328/870 868/1316/861 880/1331/873
f 877/1328/870 880/1331/873 878/1329/871
f 834/1323/828 879/1330/872 636/1332/634
f 636/1332/634 879/1330/872 881/1333/874
f 636/1332/634 881/1333/874 635/1334/633
f 635/1334/633 881/1333/874 630/1335/628
f 881/1333/874 879/1330/872 882/1336/875
f 882/1336/875 879/1330/872 883/1337/876
f 883/1337/876 879/1330/872 875/1326/868
f 883/1337/876 875/1326/868 878/1329/871
f 882/1336/875 883/1337/876 884/1338/877
f 883/1337/876 878/1329/871 885/1339/878
f 883/1337/876 885/1339/878 884/1338/877
f 884/1338/877 885/1339/878 886/1340/879
f 885/1339/878 878/1329/871 880/1331/873
f 885/1339/878 880/1331/873 887/1341/880
f 887/1341/880 880/1331/873 888/1342/881
f 888/1342/881 880/1331/873 889/1343/882
f 889/1343/882 880/1331/873 868/1316/861
f 889/1343/882 868/1316/861 870/1319/863
f 889/1343/882 870/1319/863 890/1344/883
f 890/1344/883 870/1319/863 891/1345/884
f 889/1343/882 890/1344/883 892/1346/885
f 892/1346/885 890/1344/883 893/1347/886
f 894/1348/887 895/1349/888 887/1350/880
f 895/1349/888 894/1348/887 896/1351/889
f 895/1349/888 896/1351/889 897/1352/890
f 897/1352/890 896/1351/889 894/1348/887
f 897/1352/890 894/1348/887 898/1353/891
f 894/1348/887 887/1350/880 899/1354/892
f 894/1348/887 899/1354/892 898/1353/891
f 899/1354/892 887/1350/880 900/1355/893
f 898/1353/891 899/1354/892 901/1356/894
f 898/1353/891 901/1356/894 902/1357/895
f 899/1354/892 900/1355/893 903/1358/896
f 899/1354/892 903/1358/896 901/1356/894
f 903/1358/896 900/1355/893 904/1359/897
f 903/1358/896 904/1359/897 901/1356/894
f 904/1359/897 900/1355/893 895/1360/888
f 901/1356/894 904/1359/897 905/1361/898
f 905/1361/898 904/1359/897 895/1360/888
f 901/1356/894 905/1361/898 906/1362/899
f 905/1361/898 895/1360/888 897/1363/890
f 887/1364/880 886/1365/879 885/1366/878
f 886/1365/879 887/1364/880 895/1367/888
f 886/1365/879 895/1367/888 907/1368/900
f 886/1365/879 907/1368/900 908/1369/901
f 908/1369/901 907/1368/900 909/1370/902
f 910/1371/903 646/1372/644 648/1373/646
f 910/1371/903 648/1373/646 911/1374/904
f 646/1372/644 910/1371/903 912/1375/905
f 912/1375/905 910/1371/903 911/1374/904
f 646/1372/644 912/1375/905 655/1376/653
f 646/1372/644 655/1376/653 641/1377/639
f 655/1376/653 912/1375/905 658/1378/656
f 658/1378/656 912/1375/905 911/1374/904
f 911/1374/904 648/1373/646 650/1379/648
f 658/1378/656 911/1374/904 913/1380/906
f 658/1378/656 913/1380/906 661/1381/659
f 661/1381/659 913/1380/906 667/1382/665
f 913/1380/906 911/1374/904 914/1383/907
f 914/1383/907 911/1374/904 650/1379/648
f 667/1382/665 913/1380/906 915/1384/908
f 915/1384/908 913/1380/906 914/1383/907
f 914/1383/907 650/1379/648 916/1385/909
f 916/1385/909 650/1379/648 651/1386/649
f 915/1384/908 914/1383/907 917/1387/910
f 917/1387/910 914/1383/907 916/1385/909
f 667/1382/665 915/1384/908 918/1388/911
f 915/1384/908 917/1387/910 919/1389/912
f 915/1384/908 919/1389/912 918/1388/911
f 919/1389/912 917/1387/910 916/1385/909
f 667/1382/665 918/1388/911 695/1390/691
f 916/1385/909 651/1386/649 920/1391/913
f 919/1389/912 916/1385/909 921/1392/914
f 921/1392/914 916/1385/909 920/1391/913
f 919/1389/912 921/1392/914 922/1393/915
f 922/1393/915 921/1392/914 920/1391/913
f 923/1394/916 918/1388/911 919/1389/912
f 918/1388/911 923/1394/916 695/1390/691
f 923/1394/916 919/1389/912 922/1393/915
f 922/1393/915 920/1391/913 924/1395/917
f 924/1395/917 920/1391/913 925/1396/918
f 922/1393/915 924/1395/917 926/1397/919
f 927/1398/920 928/1399/921 924/1395/917
f 924/1395/917 928/1399/921 926/1397/919
f 926/1397/919 928/1399/921 929/1400/922
f 922/1393/915 926/1397/919 930/1401/923
f 922/1393/915 930/1401/923 923/1394/916
f 930/1401/923 926/1397/919 931/1402/924
f 926/1397/919 929/1400/922 932/1403/925
f 926/1397/919 932/1403/925 931/1402/924
f 932/1403/925 929/1400/922 933/1404/926
f 930/1401/923 931/1402/924 934/1405/927
f 934/1405/927 931/1402/924 932/1403/925
f 923/1394/916 930/1401/923 935/1406/928
f 935/1406/928 930/1401/923 934/1405/927
f 934/1405/927 932/1403/925 936/1407/929
f 934/1405/927 936/1407/929 935/1406/928
f 936/1407/929 932/1403/925 937/1408/930
f 936/1407/929 937/1408/930 935/1406/928
f 938/1409/931 932/1403/925 933/1404/926
f 932/1403/925 938/1409/931 937/1408/930
f 938/1409/931 933/1404/926 939/1410/932
f 938/1409/931 939/1410/932 940/1411/933
f 938/1409/931 940/1411/933 937/1408/930
f 937/1408/930 940/1411/933 941/1412/934
f 935/1406/928 937/1408/930 942/1413/935
f 942/1413/935 937/1408/930 941/1412/934
f 942/1413/935 941/1412/934 943/1414/936
f 943/1414/936 941/1412/934 944/1415/937
f 935/1406/928 942/1413/935 945/1416/938
f 945/1416/938 942/1413/935 943/1414/936
f 935/1406/928 945/1416/938 946/1417/939
f 935/1406/928 946/1417/939 923/1394/916
f 946/1417/939 945/1416/938 947/1418/940
f 923/1394/916 946/1417/939 948/1419/941
f 923/1394/916 948/1419/941 695/1390/691
f 948/1419/941 946/1417/939 949/1420/942
f 949/1420/942 946/1417/939 947/1418/940
f 949/1420/942 947/1418/940 948/1419/941
f 950/1421/943 945/1416/938 943/1414/936
f 945/1416/938 950/1421/943 947/1418/940
f 950/1421/943 943/1414/936 951/1422/944
f 951/1422/944 943/1414/936 952/1423/945
f 947/1418/940 950/1421/943 953/1424/946
f 950/1421/943 951/1422/944 954/1425/947
f 950/1421/943 954/1425/947 953/1424/946
f 954/1425/947 951/1422/944 955/1426/948
f 953/1424/946 954/1425/947 956/1427/949
f 954/1425/947 955/1426/948 957/1428/950
f 957/1428/950 955/1426/948 958/1429/951
f 954/1425/947 957/1428/950 959/1430/952
f 947/1418/940 953/1424/946 960/1431/953
f 947/1418/940 960/1431/953 948/1419/941
f 948/1419/941 960/1431/953 695/1390/691
f 695/1390/691 960/1431/953 961/1432/954
f 961/1432/954 960/1431/953 953/1424/946
f 695/1390/691 961/1432/954 962/1433/955
f 961/1432/954 953/1424/946 963/1434/956
f 963/1434/956 953/1424/946 964/1435/957
f 962/1433/955 961/1432/954 965/1436/958
f 965/1436/958 961/1432/954 963/1434/956
f 963/1434/956 964/1435/957 966/1437/959
f 963/1434/956 966/1437/959 965/1436/958
f 966/1437/959 964/1435/957 967/1438/960
f 962/1433/955 965/1436/958 968/1439/961
f 968/1439/961 965/1436/958 966/1437/959
f 962/1433/955 968/1439/961 969/1440/962
f 969/1440/962 968/1439/961 970/1441/963
f 969/1440/962 970/1441/963 971/1442/964
f 968/1439/961 966/1437/959 972/1443/965
f 968/1439/961 972/1443/965 970/1441/963
f 972/1443/965 966/1437/959 967/1438/960
f 970/1441/963 972/1443/965 973/1444/966
f 972/1443/965 967/1438/960 974/1445/967
f 972/1443/965 974/1445/967 975/1446/968
f 974/1445/967 967/1438/960 976/1447/969
f 624/1448/622 977/1449/970 978/1450/971
f 624/1448/622 978/1450/971 651/1451/649
f 978/1450/971 977/1449/970 979/1452/972
f 651/1451/649 978/1450/971 980/1453/973
f 980/1453/973 978/1450/971 979/1452/972
f 651/1451/649 980/1453/973 925/1454/918
f 925/1454/918 980/1453/973 979/1452/972
f 651/1451/649 925/1454/918 920/1455/913
f 979/1452/972 977/1449/970 981/1456/974
f 925/1454/918 979/1452/972 924/1457/917
f 979/1452/972 981/1456/974 982/1458/975
f 979/1452/972 982/1458/975 924/1457/917
f 982/1458/975 981/1456/974 983/1459/976
f 924/1457/917 982/1458/975 984/1460/977
f 984/1460/977 982/1458/975 983/1459/976
f 924/1457/917 984/1460/977 927/1461/920
f 984/1460/977 983/1459/976 985/1462/978
f 985/1462/978 983/1459/976 882/1463/875
f 927/1461/920 984/1460/977 986/1464/979
f 986/1464/979 984/1460/977 985/1462/978
f 927/1461/920 986/1464/979 987/1465/980
f 927/1461/920 987/1465/980 928/1466/921
f 987/1465/980 986/1464/979 988/1467/981
f 988/1467/981 986/1464/979 985/1462/978
f 988/1467/981 985/1462/978 908/1468/901
f 908/1468/901 985/1462/978 882/1463/875
f 908/1468/901 882/1463/875 886/1469/879
f 886/1469/879 882/1463/875 884/1470/877
f 989/1471/982 628/1472/626 630/1473/628
f 628/1472/626 989/1471/982 625/1474/623
f 989/1471/982 630/1473/628 990/1475/983
f 990/1475/983 630/1473/628 881/1476/874
f 625/1474/623 989/1471/982 991/1477/984
f 989/1471/982 990/1475/983 992/1478/985
f 989/1471/982 992/1478/985 991/1477/984
f 990/1475/983 881/1476/874 983/1479/976
f 983/1479/976 881/1476/874 882/1480/875
f 990/1475/983 983/1479/976 992/1478/985
f 625/1474/623 991/1477/984 977/1481/970
f 625/1474/623 977/1481/970 624/1482/622
f 977/1481/970 991/1477/984 993/1483/986
f 993/1483/986 991/1477/984 994/1484/987
f 994/1484/987 991/1477/984 992/1478/985
f 992/1478/985 983/1479/976 995/1485/988
f 995/1485/988 983/1479/976 981/1486/974
f 995/1485/988 981/1486/974 996/1487/989
f 992/1478/985 995/1485/988 997/1488/990
f 992/1478/985 997/1488/990 994/1484/987
f 995/1485/988 996/1487/989 998/1489/991
f 995/1485/988 998/1489/991 997/1488/990
f 998/1489/991 996/1487/989 999/1490/992
f 994/1484/987 997/1488/990 1000/1491/993
f 1000/1491/993 997/1488/990 998/1489/991
f 994/1484/987 1000/1491/993 1001/1492/994
f 998/1489/991 999/1490/992 1001/1492/994
f 998/1489/991 1001/1492/994 1000/1491/993
f 987/1493/980 1002/1494/995 1003/1495/996
f 1003/1495/996 1002/1494/995 929/1496/922
f 1003/1495/996 929/1496/922 987/1493/980
f 987/1493/980 929/1496/922 928/1497/921
f 929/1496/922 1002/1494/995 1004/1498/997
f 1004/1498/997 1002/1494/995 1005/1499/998
f 1002/1494/995 987/1493/980 1006/1500/999
f 1002/1494/995 1006/1500/999 1005/1499/998
f 1006/1500/999 987/1493/980 1007/1501/1000
f 1007/1501/1000 987/1493/980 988/1502/981
f 1005/1499/998 1006/1500/999 1008/1503/1001
f 1008/1503/1001 1006/1500/999 1007/1501/1000
f 1007/1501/1000 988/1502/981 908/1504/901
f 1007/1501/1000 908/1504/901 909/1505/902
f 1005/1499/998 1008/1503/1001 1009/1506/1002
f 1007/1501/1000 909/1505/902 1010/1507/1003
f 1007/1501/1000 1010/1507/1003 1008/1503/1001
f 1010/1507/1003 909/1505/902 1011/1508/1004
f 1011/1508/1004 909/1505/902 907/1509/900
f 1011/1508/1004 907/1509/900 1012/1510/1005
f 1011/1508/1004 1012/1510/1005 1013/1511/1006
f 1010/1507/1003 1011/1508/1004 1014/1512/1007
f 1014/1512/1007 1011/1508/1004 1013/1511/1006
f 1010/1507/1003 1014/1512/1007 1008/1503/1001
f 1015/1513/1008 1009/1506/1002 1008/1503/1001
f 1009/1506/1002 1015/1513/1008 1016/1514/1009
f 1008/1503/1001 1014/1512/1007 1017/1515/1010
f 1008/1503/1001 1017/1515/1010 1015/1513/1008
f 1014/1512/1007 1013/1511/1006 1018/1516/1011
f 1014/1512/1007 1018/1516/1011 1017/1515/1010
f 1018/1516/1011 1013/1511/1006 1019/1517/1012
f 1018/1516/1011 1019/1517/1012 1020/1518/1013
f 1016/1514/1009 1015/1513/1008 1021/1519/1014
f 1021/1519/1014 1015/1513/1008 1017/1515/1010
f 1021/1519/1014 1017/1515/1010 1018/1516/1011
f 1021/1519/1014 1018/1516/1011 1020/1518/1013
f 1016/1514/1009 1021/1519/1014 1022/1520/1015
f 1022/1520/1015 1021/1519/1014 1020/1518/1013
f 933/1521/926 929/1522/922 1004/1523/997
f 933/1521/926 1004/1523/997 1023/1524/1016
f 933/1521/926 1023/1524/1016 939/1525/932
f 939/1525/932 1023/1524/1016 1024/1526/1017
f 1024/1526/1017 1023/1524/1016 1004/1523/997
f 939/1525/932 1024/1526/1017 940/1527/933
f 940/1527/933 1024/1526/1017 941/1528/934
f 1024/1526/1017 1004/1523/997 1025/1529/1018
f 1025/1529/1018 1004/1523/997 1009/1530/1002
f 1009/1530/1002 1004/1523/997 1005/1531/998
f 1024/1526/1017 1025/1529/1018 1026/1532/1019
f 1026/1532/1019 1025/1529/1018 1009/1530/1002
f 1024/1526/1017 1026/1532/1019 941/1528/934
f 1026/1532/1019 1009/1530/1002 1016/1533/1009
f 941/1528/934 1026/1532/1019 944/1534/937
f 1026/1532/1019 1016/1533/1009 1027/1535/1020
f 1027/1535/1020 1016/1533/1009 1022/1536/1015
f 1028/1537/1021 1029/1538/1022 1022/1536/1015
f 1022/1536/1015 1029/1538/1022 1030/1539/1023
f 1022/1536/1015 1030/1539/1023 1027/1535/1020
f 1030/1539/1023 1029/1538/1022 1031/1540/1024
f 1031/1540/1024 1029/1538/1022 1032/1541/1025
f 1031/1540/1024 1032/1541/1025 1033/1542/1026
f 1031/1540/1024 1033/1542/1026 1034/1543/1027
f 1031/1540/1024 1034/1543/1027 1030/1539/1023
f 1034/1543/1027 1033/1542/1026 1035/1544/1028
f 1034/1543/1027 1035/1544/1028 1036/1545/1029
f 1030/1539/1023 1034/1543/1027 1037/1546/1030
f 1034/1543/1027 1036/1545/1029 1038/1547/1031
f 1034/1543/1027 1038/1547/1031 1037/1546/1030
f 1038/1547/1031 1036/1545/1029 1039/1548/1032
f 1039/1548/1032 1036/1545/1029 1040/1549/1033
f 1038/1547/1031 1039/1548/1032 1041/1550/1034
f 1037/1546/1030 1038/1547/1031 1042/1551/1035
f 1042/1551/1035 1038/1547/1031 1041/1550/1034
f 1030/1539/1023 1037/1546/1030 1043/1552/1036
f 1041/1550/1034 1039/1548/1032 1044/1553/1037
f 1041/1550/1034 1044/1553/1037 1042/1551/1035
f 1039/1548/1032 1040/1549/1033 1045/1554/1038
f 1039/1548/1032 1045/1554/1038 1044/1553/1037
f 1045/1554/1038 1040/1549/1033 1046/1555/1039
f 1046/1555/1039 1040/1549/1033 1047/1556/1040
f 1045/1554/1038 1046/1555/1039 1048/1557/1041
f 1044/1553/1037 1045/1554/1038 1049/1558/1042
f 1049/1558/1042 1045/1554/1038 1048/1557/1041
f 1050/1559/1043 1042/1551/1035 1044/1553/1037
f 1050/1559/1043 1044/1553/1037 1049/1558/1042
f 1051/1560/1044 1037/1546/1030 1042/1551/1035
f 1051/1560/1044 1042/1551/1035 1050/1559/1043
f 1037/1546/1030 1051/1560/1044 1043/1552/1036
f 1052/1561/1045 1048/1557/1041 1046/1555/1039
f 1048/1557/1041 1052/1561/1045 1049/1558/1042
f 1051/1560/1044 1050/1559/1043 1053/1562/1046
f 1043/1552/1036 1051/1560/1044 1054/1563/1047
f 1054/1563/1047 1051/1560/1044 1053/1562/1046
f 1054/1563/1047 1053/1562/1046 1055/1564/1048
f 1053/1562/1046 1050/1559/1043 1056/1565/1049
f 1043/1552/1036 1054/1563/1047 1057/1566/1050
f 1057/1566/1050 1054/1563/1047 1058/1567/1051
f 1043/1552/1036 1057/1566/1050 1030/1539/1023
f 1057/1566/1050 1058/1567/1051 1059/1568/1052
f 1030/1539/1023 1057/1566/1050 1027/1535/1020
f 1027/1535/1020 1057/1566/1050 1059/1568/1052
f 1027/1535/1020 1059/1568/1052 1060/1569/1053
f 1061/1570/1054 1056/1565/1049 1050/1559/1043
f 1061/1570/1054 1050/1559/1043 1049/1558/1042
f 1027/1535/1020 1060/1569/1053 1062/1571/1055
f 1027/1535/1020 1062/1571/1055 1026/1532/1019
f 1026/1532/1019 1062/1571/1055 1063/1572/1056
f 1026/1532/1019 1063/1572/1056 944/1534/937
f 1062/1571/1055 1060/1569/1053 1064/1573/1057
f 1062/1571/1055 1064/1573/1057 1063/1572/1056
f 1064/1573/1057 1060/1569/1053 1065/1574/1058
f 1065/1574/1058 1060/1569/1053 1066/1575/1059
f 1063/1572/1056 1064/1573/1057 1067/1576/1060
f 1067/1576/1060 1064/1573/1057 1065/1574/1058
f 1063/1572/1056 1067/1576/1060 944/1534/937
f 1065/1574/1058 1066/1575/1059 955/1577/948
f 1065/1574/1058 955/1577/948 1067/1576/1060
f 1067/1576/1060 955/1577/948 1068/1578/1061
f 1067/1576/1060 1068/1578/1061 944/1534/937
f 1068/1578/1061 955/1577/948 952/1579/945
f 1068/1578/1061 952/1579/945 944/1534/937
f 952/1579/945 955/1577/948 951/1580/944
f 944/1534/937 952/1579/945 943/1581/936
f 1069/1582/1062 1049/1558/1042 1052/1561/1045
f 1049/1558/1042 1069/1582/1062 1061/1570/1054
f 1061/1570/1054 1069/1582/1062 1070/1583/1063
f 1061/1570/1054 1070/1583/1063 1071/1584/1064
f 1070/1583/1063 1069/1582/1062 1072/1585/1065
f 1070/1583/1063 1072/1585/1065 1071/1584/1064
f 1061/1570/1054 1071/1584/1064 1073/1586/1066
f 1061/1570/1054 1073/1586/1066 1056/1565/1049
f 1056/1565/1049 1073/1586/1066 1074/1587/1067
f 1074/1587/1067 1073/1586/1066 1075/1588/1068
f 1075/1588/1068 1073/1586/1066 1071/1584/1064
f 1074/1587/1067 1075/1588/1068 1076/1589/1069
f 1075/1588/1068 1071/1584/1064 1077/1590/1070
f 1075/1588/1068 1077/1590/1070 1076/1589/1069
f 1077/1590/1070 1071/1584/1064 1072/1585/1065
f 1076/1589/1069 1077/1590/1070 1078/1591/1071
f 1077/1590/1070 1072/1585/1065 1079/1592/1072
f 1077/1590/1070 1079/1592/1072 1078/1591/1071
f 1079/1592/1072 1072/1585/1065 1080/1593/1073
f 1080/1593/1073 1072/1585/1065 1069/1582/1062
f 1079/1592/1072 1080/1593/1073 1081/1594/1074
f 1081/1594/1074 1080/1593/1073 1069/1582/1062
f 1078/1591/1071 1079/1592/1072 597/1595/595
f 1078/1591/1071 597/1595/595 598/1596/596
f 1079/1592/1072 1081/1594/1074 1082/1597/1075
f 1079/1592/1072 1082/1597/1075 597/1595/595
f 1081/1594/1074 1069/1582/1062 1083/1598/1076
f 1081/1594/1074 1083/1598/1076 1082/1597/1075
f 1083/1598/1076 1069/1582/1062 1084/1599/1077
f 1083/1598/1076 1084/1599/1077 1082/1597/1075
f 1084/1599/1077 1069/1582/1062 1085/1600/1078
f 1085/1600/1078 1069/1582/1062 1052/1561/1045
f 1085/1600/1078 1052/1561/1045 1086/1601/1079
f 1086/1601/1079 1052/1561/1045 1046/1555/1039
f 1086/1601/1079 1046/1555/1039 1047/1556/1040
f 1085/1600/1078 1086/1601/1079 1087/1602/1080
f 1087/1602/1080 1086/1601/1079 1047/1556/1040
f 1085/1600/1078 1087/1602/1080 1084/1599/1077
f 1087/1602/1080 1047/1556/1040 1088/1603/1081
f 1087/1602/1080 1088/1603/1081 1089/1604/1082
f 1087/1602/1080 1089/1604/1082 1084/1599/1077
f 1089/1604/1082 1088/1603/1081 1090/1605/1083
f 1089/1604/1082 1090/1605/1083 1084/1599/1077
f 1090/1605/1083 1088/1603/1081 1091/1606/1084
f 1092/1607/1085 1082/1597/1075 1084/1599/1077
f 1082/1597/1075 1092/1607/1085 597/1595/595
f 597/1595/595 1092/1607/1085 588/1608/586
f 597/1595/595 588/1608/586 593/1609/591
f 588/1608/586 1092/1607/1085 589/1610/587
f 1092/1607/1085 1084/1599/1077 1093/1611/1086
f 1092/1607/1085 1093/1611/1086 589/1610/587
f 1093/1611/1086 1084/1599/1077 1090/1605/1083
f 589/1610/587 1093/1611/1086 1094/1612/1087
f 1093/1611/1086 1090/1605/1083 1095/1613/1088
f 1093/1611/1086 1095/1613/1088 1094/1612/1087
f 1095/1613/1088 1090/1605/1083 1096/1614/1089
f 1096/1614/1089 1090/1605/1083 1091/1606/1084
f 1094/1612/1087 1095/1613/1088 1097/1615/1090
f 1097/1615/1090 1095/1613/1088 1096/1614/1089
f 589/1610/587 1094/1612/1087 526/1616/524
f 526/1616/524 1094/1612/1087 1097/1615/1090
f 589/1610/587 526/1616/524 530/1617/528
f 1097/1615/1090 1096/1614/1089 1098/1618/1091
f 1097/1615/1090 1098/1618/1091 526/1616/524
f 1098/1618/1091 1096/1614/1089 1099/1619/1092
f 526/1616/524 1098/1618/1091 1100/1620/1093
f 1100/1620/1093 1098/1618/1091 1099/1619/1092
f 526/1616/524 1100/1620/1093 524/1621/522
f 524/1621/522 1100/1620/1093 1101/1622/1094
f 524/1621/522 1101/1622/1094 522/1623/520
f 522/1623/520 1101/1622/1094 521/1624/519
f 521/1624/519 1101/1622/1094 1100/1620/1093
f 1100/1620/1093 1099/1619/1092 410/1625/409
f 410/1625/409 1099/1619/1092 411/1626/410
f 411/1626/410 1099/1619/1092 412/1627/411
f 412/1627/411 1099/1619/1092 1102/1628/1095
f 1102/1628/1095 1099/1619/1092 1096/1614/1089
f 412/1627/411 1102/1628/1095 1103/1629/1096
f 1102/1628/1095 1096/1614/1089 1091/1606/1084
f 1102/1628/1095 1091/1606/1084 1103/1629/1096
f 1103/1629/1096 1091/1606/1084 1104/1630/1097
f 1105/1631/1098 977/1632/970 993/1633/986
f 1105/1631/1098 993/1633/986 1001/1634/994
f 1001/1634/994 993/1633/986 994/1635/987
f 1105/1631/1098 1001/1634/994 999/1636/992
f 977/1632/970 1105/1631/1098 1106/1637/1099
f 1106/1637/1099 1105/1631/1098 999/1636/992
f 977/1632/970 1106/1637/1099 981/1638/974
f 1106/1637/1099 999/1636/992 996/1639/989
f 1106/1637/1099 996/1639/989 981/1638/974
f 1107/1640/1100 1108/1641/1101 1109/1642/1102
f 1109/1642/1102 1108/1641/1101 1110/1643/1103
f 1110/1643/1103 1108/1641/1101 906/1644/899
f 1110/1643/1103 906/1644/899 905/1645/898
f 1110/1643/1103 905/1645/898 897/1646/890
f 1110/1643/1103 897/1646/890 1109/1642/1102
f 1109/1642/1102 897/1646/890 1111/1647/1104
f 1107/1648/1100 906/1649/899 1108/1650/1101
f 906/1649/899 1107/1648/1100 1109/1651/1102
f 906/1649/899 1109/1651/1102 1111/1652/1104
f 247/1653/247 1112/1654/1105 250/1655/250
f 1112/1654/1105 247/1653/247 245/1656/245
f 262/1657/262 250/1655/250 1113/1658/1106
f 1113/1658/1106 250/1655/250 1112/1654/1105
f 1112/1654/1105 245/1656/245 286/1659/286
f 1113/1658/1106 1112/1654/1105 1114/1660/1107
f 1113/1658/1106 1114/1660/1107 1115/1661/1108
f 1112/1654/1105 286/1659/286 1116/1662/1109
f 1112/1654/1105 1116/1662/1109 1114/1660/1107
f 1116/1662/1109 286/1659/286 285/1663/285
f 1116/1662/1109 285/1663/285 256/1664/256
f 1116/1662/1109 256/1664/256 254/1665/254
f 1116/1662/1109 254/1665/254 1117/1666/1110
f 1116/1662/1109 1117/1666/1110 1114/1660/1107
f 1117/1666/1110 254/1665/254 252/1667/252
f 1114/1660/1107 1117/1666/1110 244/1668/244
f 244/1668/244 1117/1666/1110 252/1667/252
f 1114/1660/1107 244/1668/244 240/1669/240
f 244/1668/244 252/1667/252 286/1670/286
f 244/1668/244 286/1670/286 245/1671/245
f 1118/1672/1111 240/1673/240 236/1674/236
f 240/1673/240 1118/1672/1111 1119/1675/1112
f 1118/1672/1111 236/1674/236 234/1676/234
f 1119/1675/1112 1118/1672/1111 1120/1677/1113
f 1119/1675/1112 1120/1677/1113 1121/1678/1114
f 1121/1678/1114 1120/1677/1113 432/1679/431
f 1120/1677/1113 1118/1672/1111 1122/1680/1115
f 1122/1680/1115 1118/1672/1111 234/1676/234
f 1120/1677/1113 1122/1680/1115 1123/1681/1116
f 1122/1680/1115 234/1676/234 330/1682/330
f 1122/1680/1115 330/1682/330 329/1683/329
f 330/1682/330 234/1676/234 230/1684/230
f 330/1682/330 230/1684/230 326/1685/326
f 330/1682/330 326/1685/326 327/1686/327
f 240/1687/240 1119/1688/1112 1124/1689/1117
f 1124/1689/1117 1119/1688/1112 1125/1690/1118
f 1124/1689/1117 1125/1690/1118 1126/1691/1119
f 1126/1691/1119 1125/1690/1118 1127/1692/1120
f 1125/1690/1118 1119/1688/1112 1128/1693/1121
f 1125/1690/1118 1128/1693/1121 1127/1692/1120
f 1128/1693/1121 1119/1688/1112 1129/1694/1122
f 1129/1694/1122 1119/1688/1112 1121/1695/1114
f 1129/1694/1122 1121/1695/1114 1130/1696/1123
f 1129/1694/1122 1130/1696/1123 1131/1697/1124
f 1129/1694/1122 1131/1697/1124 1132/1698/1125
f 1129/1694/1122 1132/1698/1125 1128/1693/1121
f 1132/1698/1125 1131/1697/1124 1133/1699/1126
f 1134/1700/1127 1127/1692/1120 1128/1693/1121
f 1128/1693/1121 1132/1698/1125 1135/1701/1128
f 1128/1693/1121 1135/1701/1128 1134/1700/1127
f 1135/1701/1128 1132/1698/1125 1133/1699/1126
f 1127/1692/1120 1134/1700/1127 1136/1702/1129
f 1136/1702/1129 1134/1700/1127 1135/1701/1128
f 1136/1702/1129 1135/1701/1128 1137/1703/1130
f 1137/1703/1130 1135/1701/1128 1133/1699/1126
f 1137/1703/1130 1133/1699/1126 1138/1704/1131
f 1138/1704/1131 1133/1699/1126 425/1705/424
f 1136/1702/1129 1137/1703/1130 1139/1706/1132
f 1127/1692/1120 1136/1702/1129 1140/1707/1133
f 1140/1707/1133 1136/1702/1129 1139/1706/1132
f 1127/1692/1120 1140/1707/1133 1141/1708/1134
f 1140/1707/1133 1139/1706/1132 1142/1709/1135
f 1140/1707/1133 1142/1709/1135 1141/1708/1134
f 277/1710/277 1143/1711/1136 1144/1712/266
f 277/1710/277 1144/1712/266 280/1713/280
f 280/1713/280 1144/1712/266 281/1714/281
f 281/1714/281 1144/1712/266 283/1715/283
f 1145/1716/1137 1146/1717/1138 1143/1711/1136
f 1143/1711/1136 1146/1717/1138 1147/1718/1139
f 1143/1711/1136 1147/1718/1139 1144/1712/266
f 1147/1718/1139 1146/1717/1138 1148/1719/1140
f 1147/1718/1139 1148/1719/1140 1149/1720/1141
f 1147/1718/1139 1149/1720/1141 1150/1721/1142
f 1147/1718/1139 1150/1721/1142 1144/1712/266
f 1144/1712/266 1150/1721/1142 283/1715/283
f 283/1715/283 1150/1721/1142 1151/1722/1143
f 283/1715/283 1151/1722/1143 1152/1723/1144
f 283/1715/283 1152/1723/1144 1153/1724/1145
f 1153/1724/1145 1152/1723/1144 1154/1725/789
f 283/1715/283 1153/1724/1145 266/1726/266
f 266/1726/266 1153/1724/1145 273/1727/273
f 273/1727/273 1153/1724/1145 1155/1728/1146
f 1155/1729/1146 272/1730/272 273/1731/273
f 1153/1732/1145 1154/1733/789 1155/1729/1146
f 1155/1729/1146 1154/1733/789 1156/1734/1147
f 1156/1734/1147 1154/1733/789 1157/1735/1148
f 1156/1734/1147 1157/1735/1148 1158/1736/1149
f 1156/1734/1147 1158/1736/1149 1159/1737/1150
f 1156/1734/1147 1159/1737/1150 824/1738/818
f 824/1738/818 1159/1737/1150 1160/1739/1151
f 1155/1729/1146 1156/1734/1147 1161/1740/1152
f 1161/1740/1152 1156/1734/1147 824/1738/818
f 1155/1729/1146 1161/1740/1152 272/1730/272
f 1161/1740/1152 824/1738/818 797/1741/791
f 1161/1740/1152 797/1741/791 1162/1742/1153
f 1162/1742/1153 797/1741/791 795/1743/789
f 1161/1740/1152 1162/1742/1153 1163/1744/1154
f 1163/1744/1154 1162/1742/1153 795/1743/789
f 1161/1740/1152 1163/1744/1154 272/1730/272
f 1163/1744/1154 795/1743/789 1164/1745/1155
f 1164/1745/1155 795/1743/789 1165/1746/1156
f 1164/1745/1155 1165/1746/1156 1163/1744/1154
f 1165/1746/1156 795/1743/789 264/1747/264
f 1165/1746/1156 264/1747/264 267/1748/267
f 267/1748/267 264/1747/264 265/1749/265
f 1163/1744/1154 1165/1746/1156 1166/1750/1157
f 1163/1744/1154 1166/1750/1157 272/1730/272
f 1165/1746/1156 267/1748/267 1167/1751/1158
f 1165/1746/1156 1167/1751/1158 1166/1750/1157
f 1167/1751/1158 267/1748/267 268/1752/268
f 1167/1751/1158 268/1752/268 272/1730/272
f 272/1730/272 1166/1750/1157 1168/1753/1159
f 272/1730/272 1168/1753/1159 1167/1751/1158
f 1167/1751/1158 1168/1753/1159 1166/1750/1157
f 262/1754/262 1113/1755/1106 275/1756/275
f 275/1756/275 1113/1755/1106 1169/1757/1160
f 1169/1757/1160 1113/1755/1106 1115/1758/1108
f 1169/1757/1160 1115/1758/1108 1170/1759/1161
f 1169/1757/1160 1170/1759/1161 1171/1760/1162
f 275/1756/275 1169/1757/1160 1172/1761/1163
f 1172/1761/1163 1169/1757/1160 1171/1760/1162
f 275/1756/275 1172/1761/1163 277/1762/277
f 1172/1761/1163 1171/1760/1162 1173/1763/1164
f 277/1762/277 1172/1761/1163 1143/1764/1136
f 1143/1764/1136 1172/1761/1163 1173/1763/1164
f 1143/1764/1136 1173/1763/1164 1174/1765/1165
f 1143/1764/1136 1174/1765/1165 1145/1766/1137
f 1142/1767/1135 1175/1768/1166 1141/1769/1134
f 1141/1769/1134 1175/1768/1166 1176/1770/1167
f 1176/1770/1167 1175/1768/1166 1177/1771/1168
f 1177/1771/1168 1175/1768/1166 1142/1767/1135
f 1177/1771/1168 1142/1767/1135 1139/1772/1132
f 1115/1773/1108 1114/1774/1107 240/1775/240
f 1115/1773/1108 240/1775/240 1170/1776/1161
f 1170/1776/1161 240/1775/240 1124/1777/1117
f 1170/1776/1161 1124/1777/1117 1178/1778/1169
f 1170/1776/1161 1178/1778/1169 1171/1779/1162
f 1171/1779/1162 1178/1778/1169 1173/1780/1164
f 1178/1778/1169 1124/1777/1117 1126/1781/1119
f 1178/1778/1169 1126/1781/1119 1173/1780/1164
f 1173/1780/1164 1126/1781/1119 1174/1782/1165
f 1174/1782/1165 1126/1781/1119 1179/1783/1170
f 1179/1783/1170 1126/1781/1119 1127/1784/1120
f 1174/1782/1165 1179/1783/1170 1180/1785/1171
f 1180/1785/1171 1179/1783/1170 1127/1784/1120
f 1174/1782/1165 1180/1785/1171 1145/1786/1137
f 1180/1785/1171 1127/1784/1120 1141/1787/1134
f 1180/1785/1171 1141/1787/1134 1176/1788/1167
f 1177/1789/1168 1181/1790/1172 1176/1791/1167
f 1176/1791/1167 1181/1790/1172 1182/1792/1173
f 1181/1790/1172 1177/1789/1168 1183/1793/1174
f 1181/1790/1172 1183/1793/1174 1184/1794/1175
f 1183/1793/1174 1177/1789/1168 1185/1795/1176
f 1183/1793/1174 1185/1795/1176 1186/1796/1177
f 1185/1795/1176 1177/1789/1168 1187/1797/1178
f 1187/1797/1178 1177/1789/1168 1188/1798/1179
f 1187/1797/1178 1188/1798/1179 1189/1799/1180
f 1185/1795/1176 1187/1797/1178 1190/1800/1181
f 1185/1795/1176 1190/1800/1181 1191/1801/1182
f 1191/1801/1182 1190/1800/1181 1187/1797/1178
f 1191/1801/1182 1187/1797/1178 1189/1799/1180
f 1191/1801/1182 1189/1799/1180 1192/1802/1183
f 1193/1803/1184 1176/1804/1167 1182/1805/1173
f 1176/1804/1167 1193/1803/1184 1180/1806/1171
f 1193/1803/1184 1182/1805/1173 1194/1807/1185
f 1194/1807/1185 1182/1805/1173 1195/1808/1186
f 1193/1803/1184 1194/1807/1185 1196/1809/1187
f 1194/1807/1185 1195/1808/1186 1184/1810/1175
f 1184/1810/1175 1195/1808/1186 1181/1811/1172
f 1196/1809/1187 1194/1807/1185 1197/1812/1188
f 1196/1809/1187 1197/1812/1188 1198/1813/1189
f 1196/1809/1187 1198/1813/1189 1199/1814/1190
f 1199/1814/1190 1198/1813/1189 1200/1815/1191
f 1198/1813/1189 1197/1812/1188 1186/1816/1177
f 1186/1816/1177 1197/1812/1188 1183/1817/1174
f 1200/1815/1191 1198/1813/1189 1201/1818/1192
f 1201/1818/1192 1198/1813/1189 1186/1816/1177
f 1201/1818/1192 1186/1816/1177 1200/1815/1191
f 1200/1815/1191 1186/1816/1177 1202/1819/1193
f 1200/1815/1191 1202/1819/1193 1203/1820/1194
f 1202/1819/1193 1186/1816/1177 1192/1821/1183
f 1203/1820/1194 1202/1819/1193 1204/1822/1195
f 1204/1822/1195 1202/1819/1193 1192/1821/1183
f 1204/1822/1195 1192/1821/1183 1189/1823/1180
f 1205/1824/1196 1146/1825/1138 1145/1826/1137
f 1146/1825/1138 1205/1824/1196 1206/1827/1197
f 1206/1827/1197 1205/1824/1196 1207/1828/1198
f 1207/1828/1198 1205/1824/1196 1182/1829/1173
f 1182/1829/1173 1205/1824/1196 1195/1830/1186
f 1205/1824/1196 1145/1826/1137 1193/1831/1184
f 1205/1824/1196 1193/1831/1184 1195/1830/1186
f 1193/1831/1184 1145/1826/1137 1180/1832/1171
f 1195/1830/1186 1193/1831/1184 1196/1833/1187
f 1207/1834/1198 1182/1835/1173 1181/1836/1172
f 1207/1834/1198 1181/1836/1172 1208/1837/1199
f 1208/1837/1199 1181/1836/1172 1195/1838/1186
f 1208/1837/1199 1195/1838/1186 1209/1839/1200
f 1208/1837/1199 1209/1839/1200 1207/1834/1198
f 1207/1834/1198 1209/1839/1200 1210/1840/1201
f 1210/1840/1201 1209/1839/1200 1211/1841/1202
f 1211/1841/1202 1209/1839/1200 1212/1842/1203
f 1211/1841/1202 1212/1842/1203 1213/1843/1204
f 1211/1841/1202 1213/1843/1204 1185/1844/1176
f 1211/1841/1202 1185/1844/1176 1191/1845/1182
f 1211/1841/1202 1191/1845/1182 1210/1840/1201
f 1210/1840/1201 1191/1845/1182 1214/1846/1205
f 1146/1847/1138 1206/1848/1197 1215/1849/1206
f 1215/1849/1206 1206/1848/1197 1216/1850/1207
f 1216/1850/1207 1206/1848/1197 1217/1851/1208
f 1207/1852/1198 1210/1853/1201 1206/1848/1197
f 1206/1848/1197 1210/1853/1201 1218/1854/1209
f 1206/1848/1197 1218/1854/1209 1217/1851/1208
f 1217/1851/1208 1218/1854/1209 1219/1855/1210
f 1217/1851/1208 1219/1855/1210 1200/1856/1191
f 1200/1856/1191 1219/1855/1210 1199/1857/1190
f 1199/1857/1190 1219/1855/1210 1212/1858/1203
f 1199/1857/1190 1212/1858/1203 1196/1859/1187
f 1196/1859/1187 1212/1858/1203 1195/1860/1186
f 1195/1860/1186 1212/1858/1203 1209/1861/1200
f 1212/1858/1203 1219/1855/1210 1213/1862/1204
f 1213/1862/1204 1219/1855/1210 1192/1863/1183
f 1213/1862/1204 1192/1863/1183 1186/1864/1177
f 1213/1862/1204 1186/1864/1177 1185/1865/1176
f 1188/1866/1179 1177/1867/1168 1139/1868/1132
f 1188/1866/1179 1139/1868/1132 1137/1869/1130
f 1188/1866/1179 1137/1869/1130 1220/1870/1211
f 1220/1870/1211 1137/1869/1130 1138/1871/1131
f 1188/1866/1179 1220/1870/1211 1204/1872/1195
f 1188/1866/1179 1204/1872/1195 1189/1873/1180
f 1204/1872/1195 1220/1870/1211 1221/1874/1212
f 1204/1872/1195 1221/1874/1212 1203/1875/1194
f 1197/1876/1188 1184/1877/1175 1183/1878/1174
f 1184/1877/1175 1197/1876/1188 1222/1879/1213
f 1222/1879/1213 1197/1876/1188 1223/1880/1214
f 1184/1877/1175 1222/1879/1213 1224/1881/1215
f 1184/1877/1175 1224/1881/1215 1225/1882/1216
f 1184/1877/1175 1225/1882/1216 1194/1883/1185
f 1215/1884/1206 1217/1885/1208 1146/1886/1138
f 1217/1885/1208 1215/1884/1206 1216/1887/1207
f 1146/1886/1138 1217/1885/1208 1226/1888/1217
f 1146/1886/1138 1226/1888/1217 1148/1889/1140
f 1148/1889/1140 1226/1888/1217 1227/1890/1218
f 1226/1888/1217 1217/1885/1208 1228/1891/1219
f 1228/1891/1219 1217/1885/1208 1229/1892/1220
f 1228/1891/1219 1229/1892/1220 1230/1893/1221
f 1227/1890/1218 1226/1888/1217 1231/1894/1222
f 1231/1894/1222 1226/1888/1217 1228/1891/1219
f 1227/1890/1218 1231/1894/1222 1232/1895/1223
f 1228/1891/1219 1230/1893/1221 1233/1896/1224
f 1228/1891/1219 1233/1896/1224 1231/1894/1222
f 1232/1895/1223 1231/1894/1222 1234/1897/1225
f 1234/1897/1225 1231/1894/1222 1233/1896/1224
f 1232/1895/1223 1234/1897/1225 1235/1898/1226
f 1233/1896/1224 1230/1893/1221 1236/1899/1227
f 1233/1896/1224 1236/1899/1227 1234/1897/1225
f 1235/1898/1226 1234/1897/1225 1237/1900/1228
f 1235/1898/1226 1237/1900/1228 1238/1901/1229
f 1234/1897/1225 1236/1899/1227 1239/1902/1230
f 1234/1897/1225 1239/1902/1230 1237/1900/1228
f 1238/1901/1229 1237/1900/1228 1240/1903/1231
f 1240/1903/1231 1237/1900/1228 1239/1902/1230
f 1238/1901/1229 1240/1903/1231 1241/1904/1232
f 1239/1902/1230 1236/1899/1227 1242/1905/1233
f 1240/1903/1231 1239/1902/1230 1243/1906/1234
f 1240/1903/1231 1243/1906/1234 1241/1904/1232
f 1243/1906/1234 1239/1902/1230 1242/1905/1233
f 1242/1905/1233 1236/1899/1227 1244/1907/1235
f 1241/1904/1232 1243/1906/1234 1245/1908/1236
f 1245/1908/1236 1243/1906/1234 1242/1905/1233
f 1241/1904/1232 1245/1908/1236 1246/1909/1237
f 1246/1909/1237 1245/1908/1236 1247/1910/1238
f 1247/1910/1238 1245/1908/1236 1138/1911/1131
f 1138/1911/1131 1245/1908/1236 1242/1905/1233
f 1138/1911/1131 1242/1905/1233 1220/1912/1211
f 1220/1912/1211 1242/1905/1233 1244/1907/1235
f 1220/1912/1211 1244/1907/1235 1221/1913/1212
f 1248/1914/1239 1150/1915/1142 1149/1916/1141
f 1150/1915/1142 1248/1914/1239 1249/1917/1240
f 1150/1915/1142 1249/1917/1240 1151/1918/1143
f 1249/1917/1240 1248/1914/1239 1250/1919/1241
f 1250/1919/1241 1248/1914/1239 1251/1920/1242
f 1250/1919/1241 1251/1920/1242 1252/1921/1243
f 1250/1919/1241 1252/1921/1243 1253/1922/1244
f 1250/1919/1241 1253/1922/1244 1157/1923/1148
f 1250/1919/1241 1157/1923/1148 1249/1917/1240
f 1157/1923/1148 1253/1922/1244 1158/1924/1149
f 1254/1925/1245 1151/1918/1143 1249/1917/1240
f 1254/1925/1245 1249/1917/1240 1157/1923/1148
f 1151/1918/1143 1254/1925/1245 1152/1926/1144
f 1254/1925/1245 1157/1923/1148 1154/1927/789
f 1254/1925/1245 1154/1927/789 1152/1926/1144
f 1192/1928/1183 1255/1929/1246 1191/1930/1182
f 1255/1929/1246 1192/1928/1183 1256/1931/1247
f 1256/1931/1247 1192/1928/1183 1219/1932/1210
f 1256/1931/1247 1219/1932/1210 1257/1933/1248
f 1255/1929/1246 1256/1931/1247 1258/1934/1249
f 1256/1931/1247 1257/1933/1248 1259/1935/1250
f 1256/1931/1247 1259/1935/1250 1260/1936/1251
f 1256/1931/1247 1260/1936/1251 1258/1934/1249
f 1260/1936/1251 1259/1935/1250 1261/1937/1252
f 1260/1936/1251 1261/1937/1252 1262/1938/1253
f 1260/1936/1251 1262/1938/1253 1263/1939/1254
f 1260/1936/1251 1263/1939/1254 1264/1940/1255
f 1260/1936/1251 1264/1940/1255 1258/1934/1249
f 1258/1934/1249 1264/1940/1255 1265/1941/1256
f 1266/1942/1257 1191/1943/1182 1255/1944/1246
f 1267/1945/1258 1210/1946/1201 1214/1947/1205
f 1210/1946/1201 1267/1945/1258 1268/1948/1259
f 1268/1948/1259 1267/1945/1258 1269/1949/1260
f 1210/1946/1201 1268/1948/1259 1218/1950/1209
f 1268/1948/1259 1269/1949/1260 1262/1951/1253
f 1268/1948/1259 1262/1951/1253 1218/1950/1209
f 1218/1950/1209 1262/1951/1253 1259/1952/1250
f 1259/1952/1250 1262/1951/1253 1261/1953/1252
f 1218/1950/1209 1259/1952/1250 1219/1954/1210
f 1219/1954/1210 1259/1952/1250 1257/1955/1248
f 1269/1956/1260 1214/1957/1205 1191/1958/1182
f 1214/1957/1205 1269/1956/1260 1267/1959/1258
f 1270/1960/1261 1194/1961/1185 1225/1962/1216
f 1270/1960/1261 1225/1962/1216 1224/1963/1215
f 1270/1960/1261 1224/1963/1215 1271/1964/1262
f 1271/1964/1262 1224/1963/1215 1222/1965/1213
f 1272/1966/1263 1194/1967/1185 1270/1968/1261
f 1272/1966/1263 1270/1968/1261 1271/1969/1262
f 1194/1967/1185 1272/1966/1263 1223/1970/1214
f 1194/1967/1185 1223/1970/1214 1197/1971/1188
f 1223/1970/1214 1272/1966/1263 1222/1972/1213
f 1272/1966/1263 1271/1969/1262 1273/1973/1264
f 1273/1973/1264 1271/1969/1262 1222/1972/1213
f 1273/1973/1264 1222/1972/1213 1272/1966/1263
f 1230/1974/1221 1200/1975/1191 1203/1976/1194
f 1200/1975/1191 1230/1974/1221 1229/1977/1220
f 1200/1975/1191 1229/1977/1220 1217/1978/1208
f 1230/1974/1221 1203/1976/1194 1274/1979/1265
f 1230/1974/1221 1274/1979/1265 1236/1980/1227
f 1236/1980/1227 1274/1979/1265 1244/1981/1235
f 1244/1981/1235 1274/1979/1265 1221/1982/1212
f 1274/1979/1265 1203/1976/1194 1275/1983/1266
f 1221/1982/1212 1274/1979/1265 1235/1984/1226
f 1255/1985/1246 1258/1986/1249 1275/1983/1266
f 1275/1983/1266 1258/1986/1249 1276/1987/1267
f 1275/1983/1266 1276/1987/1267 1274/1979/1265
f 1276/1987/1267 1258/1986/1249 1265/1988/1256
f 1276/1987/1267 1265/1988/1256 1264/1989/1255
f 1274/1979/1265 1276/1987/1267 1277/1990/1268
f 1235/1984/1226 1274/1979/1265 1278/1991/1269
f 1278/1991/1269 1274/1979/1265 1277/1990/1268
f 1278/1991/1269 1277/1990/1268 1276/1987/1267
f 1278/1991/1269 1276/1987/1267 1264/1989/1255
f 1235/1984/1226 1278/1991/1269 1232/1992/1223
f 1232/1992/1223 1278/1991/1269 1264/1989/1255
f 1235/1993/1226 1275/1994/1266 1221/1995/1212
f 1221/1995/1212 1275/1994/1266 1203/1996/1194
f 1275/1994/1266 1235/1993/1226 1279/1997/1270
f 1275/1994/1266 1279/1997/1270 1255/1998/1246
f 1279/1997/1270 1235/1993/1226 1238/1999/1229
f 1279/1997/1270 1238/1999/1229 1280/2000/1271
f 1280/2000/1271 1238/1999/1229 1281/2001/1272
f 1280/2000/1271 1281/2001/1272 1282/2002/1273
f 1282/2002/1273 1281/2001/1272 1283/2003/1274
f 1281/2001/1272 1238/1999/1229 1284/2004/1275
f 1284/2004/1275 1238/1999/1229 1241/2005/1232
f 1283/2003/1274 1281/2001/1272 1285/2006/1276
f 1285/2006/1276 1281/2001/1272 1284/2004/1275
f 1284/2004/1275 1241/2005/1232 1286/2007/1277
f 1284/2004/1275 1286/2007/1277 1285/2006/1276
f 1286/2007/1277 1241/2005/1232 1287/2008/1278
f 1286/2007/1277 1287/2008/1278 1288/2009/1279
f 1286/2007/1277 1288/2009/1279 1289/2010/1280
f 1286/2007/1277 1289/2010/1280 1290/2011/1281
f 1286/2007/1277 1290/2011/1281 1285/2006/1276
f 1285/2006/1276 1290/2011/1281 1291/2012/1282
f 1285/2006/1276 1291/2012/1282 1283/2003/1274
f 1283/2003/1274 1291/2012/1282 1292/2013/1283
f 1283/2003/1274 1292/2013/1283 1293/2014/1284
f 1122/2015/1115 329/2016/329 1123/2017/1116
f 1123/2017/1116 329/2016/329 437/2018/436
f 437/2018/436 329/2016/329 322/2019/322
f 1123/2017/1116 437/2018/436 1294/2020/1285
f 1123/2017/1116 1294/2020/1285 1120/2021/1113
f 1294/2020/1285 437/2018/436 438/2022/437
f 1120/2021/1113 1294/2020/1285 432/2023/431
f 1294/2020/1285 438/2022/437 434/2024/433
f 1294/2020/1285 434/2024/433 432/2023/431
f 432/2023/431 434/2024/433 431/2025/430
f 1130/2026/1123 1121/2027/1114 430/2028/429
f 430/2028/429 1121/2027/1114 432/2029/431
f 1130/2026/1123 430/2028/429 1295/2030/1286
f 1295/2030/1286 430/2028/429 429/2031/428
f 1130/2026/1123 1295/2030/1286 1131/2032/1124
f 1295/2030/1286 429/2031/428 428/2033/427
f 1295/2030/1286 428/2033/427 1131/2032/1124
f 1131/2032/1124 428/2033/427 1296/2034/1287
f 1131/2032/1124 1296/2034/1287 1133/2035/1126
f 1296/2034/1287 428/2033/427 424/2036/423
f 1133/2035/1126 1296/2034/1287 425/2037/424
f 425/2037/424 1296/2034/1287 424/2036/423
f 1297/2038/1288 1246/2039/1237 1247/2040/1238
f 1287/2041/1278 1241/2042/1232 1246/2039/1237
f 1287/2041/1278 1246/2039/1237 1298/2043/1289
f 1298/2043/1289 1246/2039/1237 1297/2038/1288
f 1287/2041/1278 1298/2043/1289 1299/2044/1290
f 1297/2038/1288 1247/2040/1238 1300/2045/1291
f 1297/2038/1288 1300/2045/1291 1298/2043/1289
f 1299/2044/1290 1298/2043/1289 1301/2046/1292
f 1299/2044/1290 1301/2046/1292 1302/2047/1293
f 1298/2043/1289 1300/2045/1291 1303/2048/1294
f 1298/2043/1289 1303/2048/1294 1301/2046/1292
f 1300/2045/1291 1247/2040/1238 1304/2049/1295
f 1300/2045/1291 1304/2049/1295 1303/2048/1294
f 1304/2049/1295 1247/2040/1238 425/2050/424
f 425/2050/424 1247/2040/1238 1138/2051/1131
f 1305/2052/1296 425/2050/424 418/2053/417
f 425/2050/424 1305/2052/1296 1306/2054/1297
f 425/2050/424 1306/2054/1297 1304/2049/1295
f 1307/2055/1298 1301/2046/1292 1303/2048/1294
f 1301/2046/1292 1307/2055/1298 1308/2056/1299
f 1309/2057/1300 1303/2048/1294 1304/2049/1295
f 1309/2057/1300 1304/2049/1295 1306/2054/1297
f 1303/2048/1294 1309/2057/1300 1307/2055/1298
f 1309/2057/1300 1306/2054/1297 1310/2058/1301
f 1309/2057/1300 1310/2058/1301 1307/2055/1298
f 1307/2055/1298 1310/2058/1301 1308/2056/1299
f 1310/2058/1301 1306/2054/1297 1311/2059/1302
f 1310/2058/1301 1311/2059/1302 1308/2056/1299
f 1305/2060/1296 1312/2061/1303 1306/2062/1297
f 1306/2062/1297 1312/2061/1303 1311/2063/1302
f 1312/2061/1303 1305/2060/1296 1313/2064/1304
f 1312/2061/1303 1313/2064/1304 1314/2065/1305
f 1311/2063/1302 1312/2061/1303 1315/2066/1306
f 1315/2066/1306 1312/2061/1303 1314/2065/1305
f 1314/2065/1305 1313/2064/1304 1316/2067/1307
f 1314/2065/1305 1316/2067/1307 1315/2066/1306
f 1316/2067/1307 1313/2064/1304 1317/2068/595
f 1316/2067/1307 1317/2068/595 1318/2069/1308
f 1316/2067/1307 1318/2069/1308 1319/2070/1309
f 1311/2063/1302 1315/2066/1306 1320/2071/1310
f 1311/2063/1302 1320/2071/1310 1308/2072/1299
f 1315/2066/1306 1316/2067/1307 1321/2073/1311
f 1321/2073/1311 1316/2067/1307 1319/2070/1309
f 1315/2066/1306 1321/2073/1311 1320/2071/1310
f 1321/2073/1311 1319/2070/1309 1322/2074/1312
f 1322/2074/1312 1319/2070/1309 1323/2075/1313
f 1320/2071/1310 1321/2073/1311 1324/2076/1314
f 1320/2071/1310 1324/2076/1314 1308/2072/1299
f 1324/2076/1314 1321/2073/1311 1322/2074/1312
f 1308/2072/1299 1324/2076/1314 1325/2077/1315
f 1325/2077/1315 1324/2076/1314 1322/2074/1312
f 1326/2078/1316 1327/2079/1317 1328/2080/1318
f 1328/2080/1318 1327/2079/1317 1329/2081/1319
f 1328/2080/1318 1329/2081/1319 1326/2078/1316
f 1329/2081/1319 1327/2079/1317 1330/2082/1320
f 1330/2082/1320 1327/2079/1317 1326/2078/1316
f 1329/2081/1319 1330/2082/1320 1331/2083/1321
f 1330/2082/1320 1326/2078/1316 1332/2084/1322
f 1326/2078/1316 1329/2081/1319 1333/2085/1323
f 1332/2084/1322 1326/2078/1316 1334/2086/1324
f 1326/2078/1316 1333/2085/1323 1335/2087/1325
f 1326/2078/1316 1335/2087/1325 1334/2086/1324
f 1335/2087/1325 1333/2085/1323 1336/2088/1326
f 1335/2087/1325 1336/2088/1326 1334/2086/1324
f 1336/2088/1326 1333/2085/1323 1337/2089/1327
f 1334/2086/1324 1336/2088/1326 1338/2090/1328
f 1336/2088/1326 1337/2089/1327 1339/2091/1329
f 1336/2088/1326 1339/2091/1329 1338/2090/1328
f 1330/2092/1320 1332/2093/1322 1340/2094/1330
f 1330/2092/1320 1340/2094/1330 1331/2095/1321
f 1340/2094/1330 1332/2093/1322 1334/2096/1324
f 1340/2094/1330 1334/2096/1324 1341/2097/1331
f 1341/2097/1331 1334/2096/1324 1338/2098/1328
f 1342/2099/1332 1343/2100/1333 1344/2101/1334
f 1345/2102/1335 1346/2103/1336 1342/2099/1332
f 1345/2102/1335 1342/2099/1332 1347/2104/1337
f 1347/2104/1337 1342/2099/1332 1344/2101/1334
f 1347/2104/1337 1344/2101/1334 1329/2105/1319
f 1329/2105/1319 1344/2101/1334 1343/2100/1333
f 1343/2100/1333 1342/2099/1332 1348/2106/1338
f 1329/2105/1319 1343/2100/1333 1349/2107/1339
f 1349/2107/1339 1343/2100/1333 1348/2106/1338
f 1329/2105/1319 1349/2107/1339 1350/2108/1340
f 1349/2107/1339 1348/2106/1338 1351/2109/1341
f 1351/2109/1341 1348/2106/1338 1352/2110/1342
f 1351/2109/1341 1352/2110/1342 1349/2107/1339
f 1349/2107/1339 1352/2110/1342 1353/2111/1343
f 1333/2112/1323 1329/2113/1319 1350/2114/1340
f 1333/2112/1323 1350/2114/1340 1349/2115/1339
f 1333/2112/1323 1349/2115/1339 1353/2116/1343
f 1354/2117/1344 353/2118/353 355/2119/355
f 353/2118/353 1354/2117/1344 352/2120/352
f 1354/2117/1344 355/2119/355 1355/2121/1345
f 1354/2117/1344 1355/2121/1345 352/2120/352
f 1355/2121/1345 355/2119/355 381/2122/381
f 352/2120/352 1355/2121/1345 351/2123/351
f 1355/2121/1345 381/2122/381 1356/2124/1346
f 1355/2121/1345 1356/2124/1346 351/2123/351
f 351/2123/351 1356/2124/1346 1357/2125/1347
f 351/2123/351 1357/2125/1347 350/2126/350
f 1357/2125/1347 1356/2124/1346 1358/2127/1348
f 350/2126/350 1357/2125/1347 1359/2128/1349
f 1359/2128/1349 1357/2125/1347 1358/2127/1348
f 350/2126/350 1359/2128/1349 358/2129/358
f 1359/2128/1349 1358/2127/1348 1360/2130/1350
f 1359/2128/1349 1360/2130/1350 358/2129/358
f 358/2131/358 361/2132/361 362/2133/362
f 358/2131/358 362/2133/362 1361/2134/1351
f 1361/2134/1351 362/2133/362 363/2135/363
f 1361/2134/1351 363/2135/363 360/2136/360
f 1361/2134/1351 360/2136/360 358/2131/358
f 358/2131/358 360/2136/360 346/2137/346
f 1360/2138/1350 373/2139/373 358/2140/358
f 373/2139/373 1360/2138/1350 1356/2141/1346
f 1356/2141/1346 1360/2138/1350 1358/2142/1348
f 381/2143/381 382/2144/382 1356/2145/1346
f 1356/2145/1346 382/2144/382 1362/2146/1352
f 1362/2146/1352 382/2144/382 468/2147/466
f 1356/2145/1346 1362/2146/1352 373/2148/373
f 1362/2146/1352 468/2147/466 469/2149/467
f 1362/2146/1352 469/2149/467 373/2148/373
f 1363/2150/1353 402/2151/402 396/2152/396
f 1363/2150/1353 396/2152/396 394/2153/394
f 402/2151/402 1363/2150/1353 403/2154/403
f 1363/2150/1353 394/2153/394 512/2155/510
f 403/2154/403 1363/2150/1353 1364/2156/1354
f 403/2154/403 1364/2156/1354 407/2157/328
f 407/2157/328 1364/2156/1354 410/2158/409
f 1364/2156/1354 1363/2150/1353 1365/2159/1355
f 1363/2150/1353 512/2155/510 1366/2160/1356
f 1363/2150/1353 1366/2160/1356 1365/2159/1355
f 1366/2160/1356 512/2155/510 513/2161/511
f 1365/2159/1355 1366/2160/1356 1367/2162/1357
f 1366/2160/1356 513/2161/511 514/2163/512
f 1366/2160/1356 514/2163/512 1367/2162/1357
f 1368/2164/1358 415/2165/414 416/2166/415
f 1368/2164/1358 416/2166/415 1347/2167/1337
f 415/2165/414 1368/2164/1358 418/2168/417
f 418/2168/417 1368/2164/1358 1305/2169/1296
f 1305/2169/1296 1368/2164/1358 1313/2170/1304
f 1317/2171/595 1313/2172/1304 1368/2173/1358
f 1317/2171/595 1368/2173/1358 1369/2174/1359
f 1317/2171/595 1369/2174/1359 1318/2175/1308
f 1369/2174/1359 1368/2173/1358 1370/2176/1360
f 1370/2176/1360 1368/2173/1358 1331/2177/1321
f 1318/2175/1308 1369/2174/1359 1371/2178/1361
f 1371/2178/1361 1369/2174/1359 1370/2176/1360
f 1318/2175/1308 1371/2178/1361 1040/2179/1033
f 1040/2179/1033 1371/2178/1361 1047/2180/1040
f 1371/2178/1361 1370/2176/1360 1372/2181/1362
f 1047/2180/1040 1371/2178/1361 1088/2182/1081
f 416/2183/415 414/2184/413 1372/2181/1362
f 1372/2181/1362 414/2184/413 413/2185/412
f 1372/2181/1362 413/2185/412 1371/2178/1361
f 1371/2178/1361 413/2185/412 1373/2186/1363
f 1371/2178/1361 1373/2186/1363 1088/2182/1081
f 1373/2186/1363 413/2185/412 412/2187/411
f 1373/2186/1363 412/2187/411 1103/2188/1096
f 1373/2186/1363 1103/2188/1096 1104/2189/1097
f 1373/2186/1363 1104/2189/1097 1088/2182/1081
f 1088/2182/1081 1104/2189/1097 1091/2190/1084
f 1372/2191/1362 1374/2192/1364 416/2193/415
f 416/2193/415 1374/2192/1364 1345/2194/1335
f 1374/2192/1364 1372/2191/1362 1370/2195/1360
f 1345/2194/1335 1374/2192/1364 1375/2196/1365
f 1374/2192/1364 1370/2195/1360 1376/2197/1366
f 1376/2197/1366 1370/2195/1360 1377/2198/1367
f 1375/2196/1365 1374/2192/1364 1378/2199/1368
f 1375/2196/1365 1378/2199/1368 1379/2200/1369
f 1368/2201/1358 1347/2202/1337 1331/2203/1321
f 1331/2203/1321 1347/2202/1337 1329/2204/1319
f 1347/2205/1337 416/2206/415 1345/2207/1335
f 1380/2208/1370 1331/2209/1321 1381/2210/1371
f 1381/2210/1371 1331/2209/1321 1340/2211/1330
f 1381/2210/1371 1340/2211/1330 1382/2212/1372
f 1381/2210/1371 1382/2212/1372 1380/2208/1370
f 1331/2209/1321 1380/2208/1370 1383/2213/1373
f 1331/2209/1321 1383/2213/1373 1384/2214/1374
f 1384/2214/1374 1383/2213/1373 1385/2215/1375
f 1383/2213/1373 1380/2208/1370 1386/2216/344
f 1386/2216/344 1380/2208/1370 1382/2212/1372
f 1386/2216/344 1382/2212/1372 1387/2217/1376
f 1387/2217/1376 1382/2212/1372 1388/2218/1377
f 1387/2217/1376 1388/2218/1377 1389/2219/1378
f 1389/2219/1378 1388/2218/1377 1338/2220/1328
f 1389/2219/1378 1338/2220/1328 1339/2221/1329
f 1389/2219/1378 1339/2221/1329 1390/2222/1379
f 1370/2223/1360 1331/2224/1321 1377/2225/1367
f 1377/2225/1367 1331/2224/1321 1384/2226/1374
f 1377/2225/1367 1384/2226/1374 1385/2227/1375
f 1377/2225/1367 1385/2227/1375 1376/2228/1366
f 1376/2228/1366 1385/2227/1375 1391/2229/1380
f 1352/2230/1342 1333/2231/1323 1353/2232/1343
f 1333/2231/1323 1352/2230/1342 1392/2233/1381
f 1333/2231/1323 1392/2233/1381 1337/2234/1327
f 1393/2235/1382 1394/2236/1383 1392/2233/1381
f 1392/2233/1381 1394/2236/1383 1395/2237/1384
f 1392/2233/1381 1395/2237/1384 1396/2238/1385
f 1392/2233/1381 1396/2238/1385 1337/2234/1327
f 1396/2238/1385 1395/2237/1384 1390/2239/1379
f 1396/2238/1385 1390/2239/1379 1337/2234/1327
f 1337/2234/1327 1390/2239/1379 1339/2240/1329
f 1346/2241/1336 1397/2242/1386 1342/2243/1332
f 1397/2242/1386 1346/2241/1336 1345/2244/1335
f 1348/2245/1338 1342/2246/1332 1397/2247/1386
f 1348/2245/1338 1397/2247/1386 1345/2248/1335
f 1348/2245/1338 1345/2248/1335 1379/2249/1369
f 1348/2245/1338 1379/2249/1369 1352/2250/1342
f 1352/2250/1342 1379/2249/1369 1392/2251/1381
f 1392/2251/1381 1379/2249/1369 1378/2252/1368
f 1392/2251/1381 1378/2252/1368 1376/2253/1366
f 1376/2253/1366 1378/2252/1368 1374/2254/1364
f 1392/2251/1381 1376/2253/1366 1393/2255/1382
f 1393/2255/1382 1376/2253/1366 1394/2256/1383
f 1345/2257/1335 1375/2258/1365 1379/2259/1369
f 1387/2260/1376 1389/2261/1378 1395/2262/1384
f 1395/2262/1384 1389/2261/1378 1390/2263/1379
f 1387/2260/1376 1395/2262/1384 1398/2264/1387
f 1387/2260/1376 1398/2264/1387 1399/2265/1388
f 1399/2265/1388 1398/2264/1387 1395/2262/1384
f 1399/2265/1388 1395/2262/1384 1391/2266/1380
f 1391/2266/1380 1395/2262/1384 1376/2267/1366
f 1376/2267/1366 1395/2262/1384 1394/2268/1383
f 1391/2269/1380 1400/2270/1389 1399/2271/1388
f 1399/2271/1388 1400/2270/1389 1387/2272/1376
f 1400/2270/1389 1391/2269/1380 1385/2273/1375
f 1400/2270/1389 1385/2273/1375 1383/2274/1373
f 1400/2270/1389 1383/2274/1373 1401/2275/1390
f 1401/2275/1390 1383/2274/1373 1386/2276/344
f 1402/2277/1391 1160/2278/1151 1403/2279/1392
f 1402/2277/1391 1403/2279/1392 1404/2280/1393
f 1403/2279/1392 1160/2278/1151 1159/2281/1150
f 1403/2279/1392 1159/2281/1150 1405/2282/1394
f 1405/2282/1394 1159/2281/1150 1158/2283/1149
f 1160/2278/1151 1402/2277/1391 1406/2284/1395
f 1406/2284/1395 1402/2277/1391 1407/2285/1396
f 1407/2285/1396 1402/2277/1391 1408/2286/1397
f 1407/2285/1396 1408/2286/1397 1409/2287/1398
f 1408/2286/1397 1402/2277/1391 1410/2288/1399
f 1409/2287/1398 1408/2286/1397 1411/2289/1400
f 1411/2289/1400 1408/2286/1397 1410/2288/1399
f 1160/2278/1151 1406/2284/1395 1412/2290/1401
f 1412/2290/1401 1406/2284/1395 1413/2291/1402
f 1412/2290/1401 1413/2291/1402 817/2292/811
f 1412/2290/1401 817/2292/811 820/2293/814
f 1412/2290/1401 820/2293/814 1160/2278/1151
f 1160/2278/1151 820/2293/814 824/2294/818
f 1414/2295/1403 1415/2296/1404 1403/2297/1392
f 1415/2296/1404 1414/2295/1403 1416/2298/1405
f 1403/2297/1392 1415/2296/1404 1404/2299/1393
f 1415/2296/1404 1416/2298/1405 1417/2300/1406
f 1417/2300/1406 1416/2298/1405 1418/2301/1407
f 1404/2299/1393 1415/2296/1404 1419/2302/1408
f 1419/2302/1408 1415/2296/1404 1417/2300/1406
f 1417/2300/1406 1418/2301/1407 1420/2303/1409
f 1417/2300/1406 1420/2303/1409 1419/2302/1408
f 1404/2299/1393 1419/2302/1408 1421/2304/1410
f 1404/2299/1393 1421/2304/1410 1402/2305/1391
f 1419/2302/1408 1420/2303/1409 1422/2306/1411
f 1419/2302/1408 1422/2306/1411 1421/2304/1410
f 1402/2305/1391 1421/2304/1410 1410/2307/1399
f 1422/2306/1411 1420/2303/1409 1423/2308/1412
f 1423/2308/1412 1420/2303/1409 1252/2309/1243
f 1423/2308/1412 1252/2309/1243 1251/2310/1242
f 1252/2309/1243 1420/2303/1409 1424/2311/1413
f 1252/2309/1243 1424/2311/1413 1253/2312/1244
f 1253/2312/1244 1424/2311/1413 1405/2313/1394
f 1422/2306/1411 1423/2308/1412 1425/2314/1414
f 1425/2314/1414 1423/2308/1412 1426/2315/1415
f 1422/2306/1411 1425/2314/1414 1427/2316/1416
f 1427/2316/1416 1425/2314/1414 1428/2317/1417
f 1427/2316/1416 1428/2317/1417 1422/2306/1411
f 1422/2306/1411 1428/2317/1417 1421/2304/1410
f 1428/2317/1417 1425/2314/1414 1282/2318/1273
f 1428/2317/1417 1282/2318/1273 1283/2319/1274
f 1421/2304/1410 1428/2317/1417 1429/2320/1418
f 1421/2304/1410 1429/2320/1418 1410/2307/1399
f 1428/2317/1417 1283/2319/1274 1430/2321/1419
f 1428/2317/1417 1430/2321/1419 1429/2320/1418
f 1430/2321/1419 1283/2319/1274 1293/2322/1284
f 1410/2307/1399 1429/2320/1418 1407/2323/1396
f 1410/2307/1399 1407/2323/1396 1431/2324/1420
f 1410/2307/1399 1431/2324/1420 1411/2325/1400
f 1411/2325/1400 1431/2324/1420 1409/2326/1398
f 1409/2326/1398 1431/2324/1420 1407/2323/1396
f 1407/2323/1396 1429/2320/1418 1432/2327/1421
f 1432/2327/1421 1429/2320/1418 1430/2321/1419
f 1407/2323/1396 1432/2327/1421 1406/2328/1395
f 1433/2329/1422 1430/2321/1419 1293/2322/1284
f 1430/2321/1419 1433/2329/1422 1432/2327/1421
f 1432/2327/1421 1433/2329/1422 1406/2328/1395
f 1433/2329/1422 1293/2322/1284 1434/2330/1423
f 1433/2329/1422 1434/2330/1423 1435/2331/1424
f 1433/2329/1422 1435/2331/1424 1406/2328/1395
f 1406/2328/1395 1435/2331/1424 1413/2332/1402
f 1436/2333/1425 1437/2334/1426 1438/2335/1427
f 1436/2333/1425 1438/2335/1427 1439/2336/1428
f 1436/2333/1425 1439/2336/1428 1440/2337/1429
f 1439/2336/1428 1438/2335/1427 1441/2338/1430
f 1441/2338/1430 1438/2335/1427 1437/2334/1426
f 1439/2336/1428 1441/2338/1430 1442/2339/1431
f 1442/2339/1431 1441/2338/1430 1437/2334/1426
f 1442/2339/1431 1437/2334/1426 1443/2340/1432
f 1444/2341/1433 1437/2334/1426 1436/2333/1425
f 1437/2334/1426 1444/2341/1433 1443/2340/1432
f 1403/2342/1392 1405/2343/1394 1414/2344/1403
f 1414/2344/1403 1405/2343/1394 1253/2345/1244
f 1414/2344/1403 1253/2345/1244 1158/2346/1149
f 1414/2344/1403 1158/2346/1149 1445/2347/1434
f 1414/2344/1403 1445/2347/1434 1416/2348/1405
f 1416/2348/1405 1445/2347/1434 1280/2349/1271
f 1280/2349/1271 1445/2347/1434 1446/2350/1435
f 1280/2349/1271 1446/2350/1435 1279/2351/1270
f 1446/2350/1435 1445/2347/1434 1447/2352/1436
f 1446/2350/1435 1447/2352/1436 1448/2353/1437
f 1434/2354/1423 1293/2355/1284 1449/2356/1438
f 1449/2356/1438 1293/2355/1284 1450/2357/1439
f 1450/2357/1439 1293/2355/1284 1292/2358/1283
f 1449/2356/1438 1450/2357/1439 1451/2359/1440
f 1451/2359/1440 1450/2357/1439 1292/2358/1283
f 1449/2356/1438 1451/2359/1440 1452/2360/1441
f 1451/2359/1440 1292/2358/1283 1453/2361/1442
f 1449/2356/1438 1452/2360/1441 1454/2362/1443
f 1449/2356/1438 1454/2362/1443 1455/2363/1444
f 1455/2363/1444 1454/2362/1443 891/2364/884
f 891/2364/884 1454/2362/1443 1456/2365/1445
f 1456/2365/1445 1454/2362/1443 1452/2360/1441
f 891/2364/884 1456/2365/1445 893/2366/886
f 1456/2365/1445 1452/2360/1441 1457/2367/1446
f 1456/2365/1445 1457/2367/1446 893/2366/886
f 1458/2368/1447 1452/2360/1441 1451/2359/1440
f 1458/2368/1447 1451/2359/1440 1453/2361/1442
f 1452/2360/1441 1458/2368/1447 1457/2367/1446
f 893/2366/886 1457/2367/1446 1459/2369/1448
f 893/2366/886 1459/2369/1448 892/2370/885
f 1457/2367/1446 1458/2368/1447 1460/2371/1449
f 1458/2368/1447 1453/2361/1442 1461/2372/1450
f 1458/2368/1447 1461/2372/1450 1460/2371/1449
f 1459/2369/1448 1457/2367/1446 1462/2373/1451
f 1462/2373/1451 1457/2367/1446 1460/2371/1449
f 892/2370/885 1459/2369/1448 1463/2374/1452
f 1459/2369/1448 1462/2373/1451 1464/2375/1453
f 1459/2369/1448 1464/2375/1453 1463/2374/1452
f 1462/2373/1451 1460/2371/1449 1465/2376/1454
f 1462/2373/1451 1465/2376/1454 1464/2375/1453
f 1466/2377/1455 1460/2371/1449 1461/2372/1450
f 892/2370/885 1463/2374/1452 888/2378/881
f 892/2370/885 888/2378/881 889/2379/882
f 1463/2374/1452 1464/2375/1453 1467/2380/1456
f 1463/2374/1452 1467/2380/1456 888/2378/881
f 888/2378/881 1467/2380/1456 900/2381/893
f 888/2378/881 900/2381/893 887/2382/880
f 900/2381/893 1467/2380/1456 1012/2383/1005
f 1012/2383/1005 1467/2380/1456 1464/2375/1453
f 900/2381/893 1012/2383/1005 895/2384/888
f 895/2384/888 1012/2383/1005 907/2385/900
f 1012/2383/1005 1464/2375/1453 1468/2386/1457
f 1468/2386/1457 1464/2375/1453 1465/2376/1454
f 1012/2383/1005 1468/2386/1457 1469/2387/1458
f 1012/2383/1005 1469/2387/1458 1013/2388/1006
f 1013/2388/1006 1469/2387/1458 1470/2389/1459
f 1470/2389/1459 1469/2387/1458 1468/2386/1457
f 1013/2388/1006 1470/2389/1459 1019/2390/1012
f 1470/2389/1459 1468/2386/1457 1471/2391/1460
f 1471/2391/1460 1468/2386/1457 1465/2376/1454
f 1470/2389/1459 1471/2391/1460 1472/2392/1461
f 1470/2389/1459 1472/2392/1461 1019/2390/1012
f 1472/2392/1461 1471/2391/1460 1465/2376/1454
f 1019/2390/1012 1472/2392/1461 1473/2393/1462
f 1473/2393/1462 1472/2392/1461 1465/2376/1454
f 1019/2390/1012 1473/2393/1462 1474/2394/1463
f 1474/2394/1463 1473/2393/1462 1475/2395/1464
f 1474/2394/1463 1475/2395/1464 1476/2396/1465
f 1476/2396/1465 1475/2395/1464 1323/2397/1313
f 1323/2397/1313 1475/2395/1464 1322/2398/1312
f 1473/2393/1462 1465/2376/1454 1477/2399/1466
f 1473/2393/1462 1477/2399/1466 1475/2395/1464
f 1477/2399/1466 1465/2376/1454 1460/2371/1449
f 1477/2399/1466 1460/2371/1449 1466/2377/1455
f 1477/2399/1466 1466/2377/1455 1475/2395/1464
f 1475/2395/1464 1466/2377/1455 1322/2398/1312
f 1322/2398/1312 1466/2377/1455 1478/2400/1467
f 1322/2398/1312 1478/2400/1467 1325/2401/1315
f 1478/2400/1467 1466/2377/1455 1479/2402/1468
f 1479/2402/1468 1466/2377/1455 1461/2372/1450
f 1479/2402/1468 1461/2372/1450 1453/2361/1442
f 1478/2400/1467 1479/2402/1468 1480/2403/1469
f 1480/2403/1469 1479/2402/1468 1453/2361/1442
f 1478/2400/1467 1480/2403/1469 1481/2404/1470
f 1480/2403/1469 1453/2361/1442 1292/2358/1283
f 1481/2404/1470 1480/2403/1469 1482/2405/1471
f 1482/2405/1471 1480/2403/1469 1292/2358/1283
f 1481/2404/1470 1482/2405/1471 1483/2406/1472
f 1482/2405/1471 1292/2358/1283 1291/2407/1282
f 1483/2406/1472 1482/2405/1471 1289/2408/1280
f 1289/2408/1280 1482/2405/1471 1291/2407/1282
f 1289/2408/1280 1291/2407/1282 1290/2409/1281
f 1483/2406/1472 1289/2408/1280 1484/2410/1473
f 1484/2410/1473 1289/2408/1280 1288/2411/1279
f 1484/2410/1473 1288/2411/1279 1287/2412/1278
f 813/2413/807 817/2414/811 1485/2415/1474
f 1485/2415/1474 817/2414/811 1413/2416/1402
f 813/2413/807 1485/2415/1474 1486/2417/1475
f 813/2413/807 1486/2417/1475 812/2418/806
f 812/2418/806 1486/2417/1475 810/2419/804
f 810/2419/804 1486/2417/1475 1487/2420/1476
f 1487/2420/1476 1486/2417/1475 1485/2415/1474
f 810/2419/804 1487/2420/1476 870/2421/863
f 870/2421/863 1487/2420/1476 891/2422/884
f 891/2422/884 1487/2420/1476 1455/2423/1444
f 1455/2423/1444 1487/2420/1476 1485/2415/1474
f 1455/2423/1444 1485/2415/1474 1488/2424/1477
f 1488/2424/1477 1485/2415/1474 1413/2416/1402
f 1455/2423/1444 1488/2424/1477 1449/2425/1438
f 1488/2424/1477 1413/2416/1402 1435/2426/1424
f 1449/2425/1438 1488/2424/1477 1434/2427/1423
f 1434/2427/1423 1488/2424/1477 1435/2426/1424
f 1426/2428/1415 1423/2429/1412 1448/2430/1437
f 1448/2430/1437 1423/2429/1412 1251/2431/1242
f 1448/2430/1437 1251/2431/1242 1446/2432/1435
f 1426/2428/1415 1448/2430/1437 1418/2433/1407
f 1426/2428/1415 1418/2433/1407 1282/2434/1273
f 1282/2434/1273 1418/2433/1407 1416/2435/1405
f 1282/2434/1273 1416/2435/1405 1280/2436/1271
f 1418/2437/1407 1448/2438/1437 1489/2439/1478
f 1489/2439/1478 1448/2438/1437 1447/2440/1436
f 1418/2437/1407 1489/2439/1478 1420/2441/1409
f 1489/2439/1478 1447/2440/1436 1490/2442/1479
f 1420/2441/1409 1489/2439/1478 1491/2443/1480
f 1491/2443/1480 1489/2439/1478 1490/2442/1479
f 1420/2441/1409 1491/2443/1480 1424/2444/1413
f 1424/2444/1413 1491/2443/1480 1405/2445/1394
f 1405/2445/1394 1491/2443/1480 1158/2446/1149
f 1158/2446/1149 1491/2443/1480 1490/2442/1479
f 1490/2442/1479 1447/2440/1436 1445/2447/1434
f 1492/2448/1481 1445/2447/1434 1158/2446/1149
f 1492/2448/1481 1158/2446/1149 1490/2442/1479
f 1492/2448/1481 1490/2442/1479 1445/2447/1434
f 1440/2449/1429 1444/2450/1433 1436/2451/1425
f 1444/2450/1433 1440/2449/1429 1442/2452/1431
f 1442/2452/1431 1440/2449/1429 1439/2453/1428
f 1425/2454/1414 1426/2455/1415 1282/2456/1273
f 1279/2457/1270 1266/2458/1257 1255/2459/1246
f 1266/2458/1257 1279/2457/1270 1493/2460/1482
f 1266/2458/1257 1493/2460/1482 1191/2461/1182
f 1493/2460/1482 1279/2457/1270 1446/2462/1435
f 1191/2461/1182 1493/2460/1482 1269/2463/1260
f 1493/2460/1482 1446/2462/1435 1248/2464/1239
f 1248/2464/1239 1446/2462/1435 1251/2465/1242
f 1269/2463/1260 1493/2460/1482 1263/2466/1254
f 1263/2466/1254 1493/2460/1482 1248/2464/1239
f 1269/2463/1260 1263/2466/1254 1262/2467/1253
f 1263/2466/1254 1248/2464/1239 1227/2468/1218
f 1227/2468/1218 1248/2464/1239 1149/2469/1141
f 1227/2468/1218 1149/2469/1141 1148/2470/1140
f 1263/2466/1254 1227/2468/1218 1232/2471/1223
f 1263/2466/1254 1232/2471/1223 1264/2472/1255
f 1442/2473/1431 1444/2474/1433 1443/2475/1432
f 1494/2476/1483 1495/2477/1484 1496/2478/1485
f 1495/2477/1484 1494/2476/1483 1497/2479/1486
f 1495/2477/1484 1497/2479/1486 1498/2480/1487
f 1497/2479/1486 1494/2476/1483 1499/2481/1488
f 1497/2479/1486 1499/2481/1488 1500/2482/1489
f 1499/2481/1488 1494/2476/1483 1496/2478/1485
f 1499/2481/1488 1496/2478/1485 1501/2483/1490
f 1501/2483/1490 1496/2478/1485 1502/2484/1491
f 1502/2484/1491 1496/2478/1485 1503/2485/1492
f 1503/2485/1492 1496/2478/1485 1495/2477/1484
f 1495/2477/1484 1498/2480/1487 1504/2486/1493
f 1495/2477/1484 1504/2486/1493 1503/2485/1492
f 1503/2485/1492 1504/2486/1493 1505/2487/1494
f 1501/2488/1490 1506/2489/1495 1499/2490/1488
f 1499/2490/1488 1506/2489/1495 1507/2491/1496
f 1499/2490/1488 1507/2491/1496 1508/2492/1497
f 1506/2489/1495 1501/2488/1490 1509/2493/1498
f 1509/2493/1498 1501/2488/1490 1502/2494/1491
f 1507/2491/1496 1506/2489/1495 1510/2495/1499
f 1510/2495/1499 1506/2489/1495 1509/2493/1498
f 1507/2491/1496 1510/2495/1499 1508/2492/1497
f 1508/2492/1497 1510/2495/1499 1509/2493/1498
f 890/2496/883 891/2497/884 893/2498/886
f 1111/2499/1104 901/2500/894 906/2501/899
f 901/2500/894 1111/2499/1104 902/2502/895
f 902/2502/895 1111/2499/1104 898/2503/891
f 898/2503/891 1111/2499/1104 897/2504/890
f 1511/2505/1500 1474/2506/1463 1476/2507/1465
f 1474/2506/1463 1511/2505/1500 1020/2508/1013
f 1474/2506/1463 1020/2508/1013 1019/2509/1012
f 1020/2508/1013 1511/2505/1500 1028/2510/1021
f 1020/2508/1013 1028/2510/1021 1022/2511/1015
f 1028/2510/1021 1511/2505/1500 1512/2512/1501
f 1512/2512/1501 1511/2505/1500 1476/2507/1465
f 1028/2510/1021 1512/2512/1501 1029/2513/1022
f 1029/2513/1022 1512/2512/1501 1032/2514/1025
f 1032/2514/1025 1512/2512/1501 1513/2515/1502
f 1513/2515/1502 1512/2512/1501 1476/2507/1465
f 1032/2514/1025 1513/2515/1502 1033/2516/1026
f 1033/2516/1026 1513/2515/1502 1035/2517/1028
f 1035/2517/1028 1513/2515/1502 1476/2507/1465
f 1035/2517/1028 1476/2507/1465 1514/2518/1503
f 1035/2517/1028 1514/2518/1503 1036/2519/1029
f 1036/2519/1029 1514/2518/1503 1040/2520/1033
f 1040/2520/1033 1514/2518/1503 1318/2521/1308
f 1299/2522/1290 1484/2523/1473 1287/2524/1278
f 1484/2523/1473 1299/2522/1290 1515/2525/1504
f 1515/2525/1504 1299/2522/1290 1516/2526/1505
f 1484/2523/1473 1515/2525/1504 1517/2527/1506
f 1484/2523/1473 1517/2527/1506 1483/2528/1472
f 1515/2525/1504 1516/2526/1505 1518/2529/1507
f 1518/2529/1507 1516/2526/1505 1505/2530/1494
f 1518/2529/1507 1505/2530/1494 1504/2531/1493
f 1483/2528/1472 1517/2527/1506 1519/2532/1508
f 1483/2528/1472 1519/2532/1508 1481/2533/1470
f 1481/2533/1470 1519/2532/1508 1478/2534/1467
f 1478/2534/1467 1519/2532/1508 1325/2535/1315
f 1518/2529/1507 1504/2531/1493 1520/2536/1509
f 1520/2536/1509 1504/2531/1493 1498/2537/1487
f 1518/2529/1507 1520/2536/1509 1521/2538/1510
f 1518/2529/1507 1521/2538/1510 1515/2525/1504
f 1325/2535/1315 1519/2532/1508 1522/2539/1511
f 1325/2535/1315 1522/2539/1511 1308/2540/1299
f 1308/2540/1299 1522/2539/1511 1301/2541/1292
f 1301/2541/1292 1522/2539/1511 1302/2542/1293
f 1302/2542/1293 1522/2539/1511 1523/2543/1512
f 1522/2539/1511 1519/2532/1508 1524/2544/1513
f 1522/2539/1511 1524/2544/1513 1523/2543/1512
f 1524/2544/1513 1519/2532/1508 1517/2527/1506
f 1525/2545/1514 1517/2527/1506 1515/2525/1504
f 1525/2545/1514 1515/2525/1504 1521/2538/1510
f 1517/2527/1506 1525/2545/1514 1524/2544/1513
f 1524/2544/1513 1525/2545/1514 1526/2546/1515
f 1525/2545/1514 1521/2538/1510 1527/2547/1516
f 1525/2545/1514 1527/2547/1516 1526/2546/1515
f 1527/2547/1516 1521/2538/1510 1520/2536/1509
f 1524/2544/1513 1526/2546/1515 1528/2548/1517
f 1524/2544/1513 1528/2548/1517 1523/2543/1512
f 1528/2548/1517 1526/2546/1515 1527/2547/1516
f 1528/2548/1517 1527/2547/1516 1520/2536/1509
f 1523/2543/1512 1528/2548/1517 1529/2549/1518
f 1529/2549/1518 1528/2548/1517 1520/2536/1509
f 1302/2550/1293 1516/2551/1505 1299/2552/1290
f 1516/2551/1505 1302/2550/1293 1505/2553/1494
f 1505/2553/1494 1302/2550/1293 1530/2554/1519
f 1530/2554/1519 1302/2550/1293 1523/2555/1512
f 1505/2553/1494 1530/2554/1519 1531/2556/1520
f 1505/2553/1494 1531/2556/1520 1503/2557/1492
f 1503/2557/1492 1531/2556/1520 1502/2558/1491
f 1530/2554/1519 1523/2555/1512 1532/2559/1521
f 1532/2559/1521 1523/2555/1512 1529/2560/1518
f 1531/2556/1520 1530/2554/1519 1533/2561/1522
f 1533/2561/1522 1530/2554/1519 1532/2559/1521
f 1532/2559/1521 1529/2560/1518 1534/2562/1100
f 1532/2559/1521 1534/2562/1100 1533/2561/1522
f 1534/2562/1100 1529/2560/1518 1520/2563/1509
f 1534/2562/1100 1520/2563/1509 1498/2564/1487
f 1531/2556/1520 1533/2561/1522 1535/2565/1523
f 1535/2565/1523 1533/2561/1522 1534/2562/1100
f 1531/2556/1520 1535/2565/1523 1502/2558/1491
f 1534/2562/1100 1498/2564/1487 1536/2566/1524
f 1534/2562/1100 1536/2566/1524 1535/2565/1523
f 1536/2566/1524 1498/2564/1487 1497/2567/1486
f 1536/2566/1524 1497/2567/1486 1500/2568/1489
f 1536/2566/1524 1500/2568/1489 1535/2565/1523
f 1502/2558/1491 1535/2565/1523 1508/2569/1497
f 1508/2569/1497 1535/2565/1523 1500/2568/1489
f 1502/2558/1491 1508/2569/1497 1509/2570/1498
f 1508/2569/1497 1500/2568/1489 1499/2571/1488
f 1341/2572/1331 1338/2573/1328 1388/2574/1377
f 1341/2572/1331 1388/2574/1377 1382/2575/1372
f 1341/2572/1331 1382/2575/1372 1340/2576/1330
f 1323/2577/1313 1319/2578/1309 1514/2579/1503
f 1514/2579/1503 1319/2578/1309 1318/2580/1308
f 1323/2577/1313 1514/2579/1503 1476/2581/1465
f 1401/2582/1390 1386/2583/344 1537/2584/1525
f 1401/2582/1390 1537/2584/1525 1400/2585/1389
f 1400/2585/1389 1537/2584/1525 1386/2583/344
f 1400/2585/1389 1386/2583/344 1387/2586/1376
f 1538/2587/1526 462/2588/460 1539/2589/1527
f 1539/2589/1527 462/2588/460 463/2590/461
f 1539/2589/1527 463/2590/461 465/987/463
f 462/2588/460 1538/2587/1526 460/2591/458
f 1539/2589/1527 465/987/463 659/989/657
f 460/2591/458 1538/2587/1526 1540/2592/1528
f 460/2591/458 1540/2592/1528 458/2593/456
f 458/2593/456 1540/2592/1528 459/2594/457
f 1540/2592/1528 1538/2587/1526 1541/2595/1529
f 1541/2595/1529 1538/2587/1526 1542/2596/1530
f 1542/2596/1530 1538/2587/1526 1539/2589/1527
f 1539/2589/1527 659/989/657 1543/2597/1531
f 1539/2589/1527 1543/2597/1531 1542/2596/1530
f 1543/2597/1531 659/989/657 1544/2598/1532
f 1543/2597/1531 1544/2598/1532 1542/2596/1530
f 1544/2598/1532 659/989/657 1545/2599/1533
f 1545/2599/1533 659/989/657 662/992/660
f 1542/2596/1530 1544/2598/1532 1546/2600/1534
f 1542/2596/1530 1546/2600/1534 1547/2601/1535
f 1545/2599/1533 662/992/660 1548/2602/1536
f 1545/2599/1533 1548/2602/1536 1544/2598/1532
f 1548/2602/1536 662/992/660 669/999/667
f 1546/2600/1534 1544/2598/1532 1549/2603/1537
f 1549/2603/1537 1544/2598/1532 1548/2602/1536
f 1549/2603/1537 1548/2602/1536 669/999/667
f 1546/2600/1534 1549/2603/1537 1550/2604/1538
f 1550/2604/1538 1549/2603/1537 669/999/667
f 1550/2604/1538 669/999/667 1551/2605/1539
f 1551/2605/1539 669/999/667 674/1004/198
f 1550/2604/1538 1551/2605/1539 1552/2606/1540
f 1551/2605/1539 674/1004/198 1553/2607/1541
f 1551/2605/1539 1553/2607/1541 1552/2606/1540
f 1554/2608/1542 459/2609/457 1540/2610/1528
f 459/2609/457 1554/2608/1542 445/2611/444
f 1554/2608/1542 1540/2610/1528 1555/2612/1543
f 1555/2612/1543 1540/2610/1528 1541/2613/1529
f 1554/2608/1542 1555/2612/1543 1556/2614/1544
f 445/2611/444 1554/2608/1542 1557/2615/1545
f 1557/2615/1545 1554/2608/1542 1556/2614/1544
f 445/2611/444 1557/2615/1545 1558/2616/1546
f 445/2611/444 1558/2616/1546 479/2617/477
f 1558/2616/1546 1557/2615/1545 1559/2618/1547
f 1559/2618/1547 1557/2615/1545 1556/2614/1544
f 1558/2616/1546 1559/2618/1547 1560/2619/1548
f 479/2617/477 1558/2616/1546 480/2620/478
f 480/2620/478 1558/2616/1546 1560/2619/1548
f 479/2617/477 480/2620/478 477/2621/475
f 1560/2619/1548 1559/2618/1547 1561/2622/1549
f 1560/2619/1548 1561/2622/1549 480/2620/478
f 1561/2622/1549 1559/2618/1547 1556/2614/1544
f 480/2620/478 1561/2622/1549 481/2623/479
f 481/2623/479 1561/2622/1549 1562/2624/1550
f 1563/2625/1551 1556/2614/1544 1555/2612/1543
f 1563/2625/1551 1555/2612/1543 1541/2613/1529
f 1556/2614/1544 1563/2625/1551 1564/2626/1552
f 1556/2614/1544 1564/2626/1552 1561/2622/1549
f 1563/2625/1551 1541/2613/1529 1565/2627/1553
f 1547/2628/1535 1541/2613/1529 1542/2629/1530
f 1541/2613/1529 1547/2628/1535 1565/2627/1553
f 1565/2627/1553 1547/2628/1535 1566/2630/1554
f 1565/2627/1553 1566/2630/1554 1567/2631/1555
f 1563/2625/1551 1565/2627/1553 1568/2632/1556
f 1563/2625/1551 1568/2632/1556 1564/2626/1552
f 1568/2632/1556 1565/2627/1553 1567/2631/1555
f 1564/2626/1552 1568/2632/1556 1569/2633/1557
f 1569/2633/1557 1568/2632/1556 1567/2631/1555
f 1564/2626/1552 1569/2633/1557 1570/2634/1558
f 1564/2626/1552 1570/2634/1558 1561/2622/1549
f 1569/2633/1557 1567/2631/1555 1571/2635/1559
f 1571/2635/1559 1567/2631/1555 1572/2636/1560
f 1570/2634/1558 1569/2633/1557 1573/2637/1561
f 1573/2637/1561 1569/2633/1557 1571/2635/1559
f 1571/2635/1559 1572/2636/1560 1574/2638/1562
f 1561/2622/1549 1570/2634/1558 1575/2639/1563
f 1571/2635/1559 1574/2638/1562 1576/2640/1564
f 1571/2635/1559 1576/2640/1564 1573/2637/1561
f 1575/2639/1563 1570/2634/1558 1577/2641/1565
f 1577/2641/1565 1570/2634/1558 1573/2637/1561
f 1561/2622/1549 1575/2639/1563 1578/2642/1566
f 1578/2642/1566 1575/2639/1563 1577/2641/1565
f 1561/2622/1549 1578/2642/1566 1562/2624/1550
f 1562/2624/1550 1578/2642/1566 1579/2643/1567
f 1562/2624/1550 1579/2643/1567 1580/2644/1568
f 1580/2644/1568 1579/2643/1567 1581/2645/1569
f 1581/2645/1569 1579/2643/1567 489/2646/487
f 489/2646/487 1579/2643/1567 496/2647/494
f 496/2647/494 1579/2643/1567 1582/2648/1570
f 1579/2643/1567 1578/2642/1566 1583/2649/1571
f 1579/2643/1567 1583/2649/1571 1582/2648/1570
f 1583/2649/1571 1578/2642/1566 1577/2641/1565
f 496/2647/494 1582/2648/1570 1584/2650/1572
f 1584/2650/1572 1582/2648/1570 1583/2649/1571
f 1583/2649/1571 1577/2641/1565 1585/2651/1573
f 1583/2649/1571 1585/2651/1573 1584/2650/1572
f 1585/2651/1573 1577/2641/1565 1586/2652/1574
f 496/2647/494 1584/2650/1572 1587/2653/1575
f 496/2647/494 1587/2653/1575 498/2654/496
f 1584/2650/1572 1585/2651/1573 1588/2655/1576
f 1588/2655/1576 1585/2651/1573 1586/2652/1574
f 1587/2653/1575 1584/2650/1572 1589/2656/1577
f 1589/2656/1577 1584/2650/1572 1588/2655/1576
f 498/2654/496 1587/2653/1575 1590/2657/1578
f 498/2654/496 1590/2657/1578 503/2658/501
f 1587/2653/1575 1589/2656/1577 1591/2659/1579
f 1587/2653/1575 1591/2659/1579 1590/2657/1578
f 503/2658/501 1590/2657/1578 550/2660/548
f 503/2658/501 550/2660/548 506/2661/504
f 550/2660/548 1590/2657/1578 1592/2662/1580
f 550/2660/548 1592/2662/1580 1593/2663/1581
f 1592/2662/1580 1590/2657/1578 1594/2664/1582
f 1594/2664/1582 1590/2657/1578 1591/2659/1579
f 1592/2662/1580 1594/2664/1582 1595/2665/1583
f 1595/2665/1583 1594/2664/1582 1596/2666/1584
f 1596/2666/1584 1594/2664/1582 1591/2659/1579
f 1596/2666/1584 1591/2659/1579 1597/2667/1585
f 1597/2667/1585 1591/2659/1579 1589/2656/1577
f 1597/2667/1585 1589/2656/1577 1598/2668/1586
f 1598/2668/1586 1589/2656/1577 1588/2655/1576
f 1597/2667/1585 1598/2668/1586 1599/2669/1587
f 1597/2667/1585 1599/2669/1587 1600/2670/1588
f 1598/2668/1586 1588/2655/1576 1601/2671/1589
f 1598/2668/1586 1601/2671/1589 1599/2669/1587
f 1601/2671/1589 1588/2655/1576 1586/2652/1574
f 1600/2670/1588 1599/2669/1587 1602/2672/1590
f 1602/2672/1590 1599/2669/1587 1603/2673/1591
f 1601/2671/1589 1586/2652/1574 1604/2674/1592
f 1604/2674/1592 1586/2652/1574 1577/2641/1565
f 1604/2674/1592 1577/2641/1565 1573/2637/1561
f 1601/2671/1589 1604/2674/1592 1605/2675/1593
f 1601/2671/1589 1605/2675/1593 1599/2669/1587
f 1604/2674/1592 1573/2637/1561 1606/2676/1594
f 1604/2674/1592 1606/2676/1594 1605/2675/1593
f 1606/2676/1594 1573/2637/1561 1607/2677/1595
f 1606/2676/1594 1607/2677/1595 1605/2675/1593
f 1607/2677/1595 1573/2637/1561 1576/2640/1564
f 1599/2669/1587 1605/2675/1593 1608/2678/1596
f 1599/2669/1587 1608/2678/1596 1603/2673/1591
f 1608/2678/1596 1605/2675/1593 1607/2677/1595
f 1603/2673/1591 1608/2678/1596 1609/2679/1597
f 1609/2679/1597 1608/2678/1596 1607/2677/1595
f 1609/2679/1597 1607/2677/1595 1610/2680/1598
f 1609/2679/1597 1610/2680/1598 1611/2681/1599
f 1607/2677/1595 1576/2640/1564 1612/2682/1600
f 1607/2677/1595 1612/2682/1600 1610/2680/1598
f 1611/2681/1599 1610/2680/1598 1613/2683/1601
f 1611/2681/1599 1613/2683/1601 1614/2684/1602
f 1610/2680/1598 1612/2682/1600 1615/2685/1603
f 1610/2680/1598 1615/2685/1603 1613/2683/1601
f 1612/2682/1600 1576/2640/1564 1616/2686/1604
f 1612/2682/1600 1616/2686/1604 1615/2685/1603
f 1616/2686/1604 1576/2640/1564 1574/2638/1562
f 1614/2684/1602 1613/2683/1601 1617/2687/1605
f 1617/2687/1605 1613/2683/1601 1615/2685/1603
f 1614/2684/1602 1617/2687/1605 1618/2688/1606
f 1618/2688/1606 1617/2687/1605 1619/2689/1607
f 1616/2686/1604 1574/2638/1562 1620/2690/1608
f 1616/2686/1604 1620/2690/1608 1615/2685/1603
f 1615/2685/1603 1620/2690/1608 1617/2687/1605
f 1617/2687/1605 1620/2690/1608 1619/2689/1607
f 1620/2690/1608 1574/2638/1562 1621/2691/1609
f 1620/2690/1608 1621/2691/1609 1619/2689/1607
f 459/2692/457 445/2693/444 443/2694/442
f 445/2695/444 446/2696/445 444/2697/443
f 446/2696/445 445/2695/444 449/2698/447
f 449/2698/447 445/2695/444 479/2699/477
f 478/2700/476 448/2701/446 449/2702/447
f 448/2701/446 478/2700/476 451/2703/449
f 451/2703/449 478/2700/476 473/2704/471
f 451/2703/449 473/2704/471 388/2705/388
f 1547/2706/1535 1546/2707/1534 1566/2708/1554
f 1566/2708/1554 1546/2707/1534 1622/2709/1610
f 1622/2709/1610 1546/2707/1534 1550/2710/1538
f 1622/2709/1610 1550/2710/1538 1552/2711/1540
f 1566/2708/1554 1622/2709/1610 1623/2712/1611
f 1566/2708/1554 1623/2712/1611 1567/2713/1555
f 1622/2709/1610 1552/2711/1540 1624/2714/1612
f 1622/2709/1610 1624/2714/1612 1623/2712/1611
f 1624/2714/1612 1552/2711/1540 1553/2715/1541
f 1567/2713/1555 1623/2712/1611 1625/2716/1613
f 1625/2716/1613 1623/2712/1611 1624/2714/1612
f 1567/2713/1555 1625/2716/1613 1572/2717/1560
f 1624/2714/1612 1553/2715/1541 1626/2718/1614
f 1624/2714/1612 1626/2718/1614 1625/2716/1613
f 1572/2717/1560 1625/2716/1613 1627/2719/1615
f 1572/2717/1560 1627/2719/1615 1628/2720/1616
f 1572/2717/1560 1628/2720/1616 1574/2721/1562
f 1574/2721/1562 1628/2720/1616 1621/2722/1609
f 1621/2722/1609 1628/2720/1616 1627/2719/1615
f 1621/2722/1609 1627/2719/1615 1619/2723/1607
f 1619/2723/1607 1627/2719/1615 1629/2724/1215
f 1627/2719/1615 1625/2716/1613 1630/2725/1617
f 1627/2719/1615 1630/2725/1617 1629/2724/1215
f 1630/2725/1617 1625/2716/1613 1626/2718/1614
f 1619/2723/1607 1629/2724/1215 1618/2726/1606
f 1631/2727/1618 1614/2728/1602 1618/2726/1606
f 1631/2727/1618 1618/2726/1606 1632/2729/1619
f 1632/2729/1619 1618/2726/1606 1629/2724/1215
f 1632/2729/1619 1629/2724/1215 1633/2730/1620
f 1633/2730/1620 1629/2724/1215 1634/2731/1621
f 1634/2731/1621 1629/2724/1215 1630/2725/1617
f 1633/2730/1620 1634/2731/1621 1635/2732/1622
f 1634/2731/1621 1630/2725/1617 1636/2733/1623
f 1636/2733/1623 1630/2725/1617 1626/2718/1614
f 1634/2731/1621 1636/2733/1623 1637/2734/1624
f 1637/2734/1624 1636/2733/1623 1626/2718/1614
f 1634/2731/1621 1637/2734/1624 1635/2732/1622
f 1637/2734/1624 1626/2718/1614 1638/2735/1625
f 1635/2732/1622 1637/2734/1624 1639/2736/1626
f 1639/2736/1626 1637/2734/1624 1638/2735/1625
f 1635/2732/1622 1639/2736/1626 1640/2737/1627
f 1635/2732/1622 1640/2737/1627 1641/2738/1628
f 1639/2736/1626 1638/2735/1625 1642/2739/1629
f 1638/2735/1625 1626/2718/1614 1643/2740/1630
f 1643/2740/1630 1626/2718/1614 1553/2715/1541
f 1643/2740/1630 1553/2715/1541 674/2741/198
f 1643/2740/1630 674/2741/198 675/2742/672
f 1638/2735/1625 1643/2740/1630 1644/2743/1631
f 1644/2743/1631 1643/2740/1630 675/2742/672
f 1638/2735/1625 1644/2743/1631 1642/2739/1629
f 1644/2743/1631 675/2742/672 677/2744/674
f 1644/2743/1631 677/2744/674 679/2745/676
f 1644/2743/1631 679/2745/676 1645/2746/1632
f 1644/2743/1631 1645/2746/1632 1642/2739/1629
f 1645/2746/1632 679/2745/676 1646/2747/1633
f 1642/2739/1629 1646/2747/1633 1639/2736/1626
f 1639/2736/1626 1646/2747/1633 1640/2737/1627
f 1646/2747/1633 679/2745/676 680/2748/677
f 1646/2747/1633 1642/2739/1629 1647/2749/1634
f 1646/2747/1633 1647/2749/1634 1645/2746/1632
f 1642/2739/1629 1645/2746/1632 1648/2750/1635
f 1642/2739/1629 1648/2750/1635 1647/2749/1634
f 1647/2749/1634 1648/2750/1635 1645/2746/1632
f 1640/2737/1627 1646/2747/1633 1649/2751/1636
f 1649/2751/1636 1646/2747/1633 680/2748/677
f 1640/2737/1627 1649/2751/1636 1650/2752/1637
f 1649/2751/1636 680/2748/677 1651/2753/1638
f 1649/2751/1636 1651/2753/1638 1652/2754/1639
f 1652/2754/1639 1651/2753/1638 1653/2755/1640
f 486/2756/484 481/2757/479 1562/2758/1550
f 486/2756/484 1562/2758/1550 1580/2759/1568
f 486/2756/484 1580/2759/1568 1581/2760/1569
f 486/2756/484 1581/2760/1569 490/2761/488
f 490/2761/488 1581/2760/1569 489/2762/487
f 692/2763/689 693/2764/328 1654/2765/1641
f 1654/2765/1641 693/2764/328 697/2766/693
f 692/2763/689 1654/2765/1641 1655/2767/1642
f 692/2763/689 1655/2767/1642 691/2768/688
f 684/2769/681 691/2768/688 683/2770/680
f 683/2770/680 691/2768/688 1655/2767/1642
f 683/2770/680 1655/2767/1642 681/2771/678
f 681/2771/678 1655/2767/1642 1656/2772/1643
f 681/2771/678 1656/2772/1643 680/2773/677
f 680/2773/677 1656/2772/1643 1651/2774/1638
f 1651/2774/1638 1656/2772/1643 1653/2775/1640
f 1653/2775/1640 1656/2772/1643 1657/2776/1644
f 1653/2775/1640 1657/2776/1644 1658/2777/1645
f 1658/2777/1645 1657/2776/1644 1659/2778/1646
f 1659/2778/1646 1657/2776/1644 1660/2779/1647
f 1657/2776/1644 1656/2772/1643 1661/2780/1648
f 1661/2780/1648 1656/2772/1643 1655/2767/1642
f 1660/2779/1647 1657/2776/1644 1662/2781/1649
f 1662/2781/1649 1657/2776/1644 1661/2780/1648
f 1660/2779/1647 1662/2781/1649 971/2782/964
f 971/2782/964 1662/2781/1649 969/2783/962
f 1662/2781/1649 1661/2780/1648 1663/2784/1650
f 1661/2780/1648 1655/2767/1642 1664/2785/1651
f 1661/2780/1648 1664/2785/1651 1663/2784/1650
f 1663/2784/1650 1664/2785/1651 1662/2781/1649
f 1664/2785/1651 1655/2767/1642 1654/2765/1641
f 1662/2781/1649 1664/2785/1651 1665/2786/1652
f 1665/2786/1652 1664/2785/1651 1654/2765/1641
f 1662/2781/1649 1665/2786/1652 969/2783/962
f 1665/2786/1652 1654/2765/1641 697/2766/693
f 969/2783/962 1665/2786/1652 1666/2787/1653
f 969/2783/962 1666/2787/1653 962/2788/955
f 1665/2786/1652 697/2766/693 1667/2789/1654
f 1667/2789/1654 697/2766/693 696/2790/692
f 695/2791/691 962/2788/955 696/2790/692
f 1665/2786/1652 1667/2789/1654 1668/2792/1655
f 1668/2792/1655 1667/2789/1654 696/2790/692
f 1665/2786/1652 1668/2792/1655 1666/2787/1653
f 1668/2792/1655 696/2790/692 962/2788/955
f 1668/2792/1655 962/2788/955 1666/2787/1653
f 1650/2793/1637 1649/2794/1636 1652/2795/1639
f 1650/2793/1637 1652/2795/1639 1669/2796/1656
f 1650/2793/1637 1669/2796/1656 1670/2797/1657
f 1670/2797/1657 1669/2796/1656 1671/2798/1658
f 1671/2798/1658 1669/2796/1656 1672/2799/1659
f 1652/2800/1639 1653/2801/1640 1669/2802/1656
f 1669/2802/1656 1653/2801/1640 1673/2803/1660
f 1669/2802/1656 1673/2803/1660 1672/2804/1659
f 1673/2803/1660 1653/2801/1640 1674/2805/1661
f 1674/2805/1661 1653/2801/1640 1675/2806/1662
f 1674/2805/1661 1675/2806/1662 1673/2803/1660
f 1675/2806/1662 1653/2801/1640 1658/2807/1645
f 1673/2803/1660 1675/2806/1662 1676/2808/1663
f 1677/2809/1664 1678/2810/1664 1679/2811/1664
f 1680/2812/1665 1681/2813/1666 1682/2814/1667
f 1681/2813/1666 1680/2812/1665 1683/2815/1668
f 1683/2815/1668 1680/2812/1665 1684/2816/1669
f 1683/2815/1668 1684/2816/1669 1685/2817/1670
f 1684/2816/1669 1680/2812/1665 1686/2818/1671
f 1686/2818/1671 1680/2812/1665 1682/2814/1667
f 1684/2816/1669 1686/2818/1671 1687/2819/1672
f 1683/2815/1668 1685/2817/1670 1688/2820/1673
f 1688/2820/1673 1685/2817/1670 1689/2821/1674
f 1689/2821/1674 1685/2817/1670 1690/2822/1675
f 1688/2820/1673 1689/2821/1674 1691/2823/1676
f 1688/2820/1673 1691/2823/1676 1683/2815/1668
f 1683/2815/1668 1691/2823/1676 1681/2813/1666
f 1681/2813/1666 1691/2823/1676 1692/2824/1677
f 1681/2813/1666 1692/2824/1677 1682/2814/1667
f 1692/2824/1677 1691/2823/1676 1693/2825/1678
f 1692/2824/1677 1693/2825/1678 1694/2826/1679
f 1692/2824/1677 1694/2826/1679 1682/2814/1667
f 1694/2826/1679 1693/2825/1678 1695/2827/1680
f 1694/2826/1679 1695/2827/1680 1696/2828/1681
f 1697/2829/1682 1687/2819/1672 1696/2828/1681
f 1682/2814/1667 1694/2826/1679 1698/2830/1683
f 1698/2830/1683 1694/2826/1679 1696/2828/1681
f 1698/2830/1683 1696/2828/1681 1687/2819/1672
f 1682/2814/1667 1698/2830/1683 1686/2818/1671
f 1686/2818/1671 1698/2830/1683 1687/2819/1672
f 973/2831/966 971/2832/964 970/2833/963
f 1699/2834/1684 1700/2835/1685 964/2836/957
f 1699/2834/1684 964/2836/957 953/2837/946
f 964/2836/957 1700/2835/1685 1701/2838/1686
f 964/2836/957 1701/2838/1686 967/2839/960
f 1701/2838/1686 1700/2835/1685 1702/2840/1687
f 967/2839/960 1701/2838/1686 1703/2841/1688
f 967/2839/960 1703/2841/1688 1704/2842/1689
f 1704/2842/1689 1703/2841/1688 1705/2843/1690
f 1705/2843/1690 1703/2841/1688 1706/2844/1691
f 1703/2841/1688 1701/2838/1686 1707/2845/595
f 1707/2845/595 1701/2838/1686 1702/2840/1687
f 1703/2841/1688 1707/2845/595 1706/2844/1691
f 1708/2846/1692 1702/2840/1687 1700/2835/1685
f 1702/2840/1687 1708/2846/1692 1707/2845/595
f 1707/2845/595 1708/2846/1692 1706/2844/1691
f 1708/2846/1692 1700/2835/1685 1709/2847/1693
f 1706/2844/1691 1708/2846/1692 1710/2848/1694
f 1706/2844/1691 1710/2848/1694 1709/2847/1693
f 1709/2847/1693 1710/2848/1694 1708/2846/1692
f 1711/2849/1695 1700/2850/1685 1699/2851/1684
f 1711/2849/1695 1699/2851/1684 953/2852/946
f 1711/2849/1695 953/2852/946 956/2853/949
f 1711/2849/1695 956/2853/949 1712/2854/1696
f 1711/2849/1695 1712/2854/1696 1713/2855/1697
f 1711/2849/1695 1713/2855/1697 1714/2856/1698
f 1711/2849/1695 1714/2856/1698 1715/2857/1699
f 1711/2849/1695 1715/2857/1699 1700/2850/1685
f 1700/2850/1685 1715/2857/1699 1709/2858/1693
f 967/2859/960 1704/2860/1689 1716/2861/1700
f 1716/2861/1700 1704/2860/1689 1705/2862/1690
f 967/2859/960 1716/2861/1700 1717/2863/1701
f 967/2859/960 1717/2863/1701 976/2864/969
f 1716/2861/1700 1705/2862/1690 1718/2865/1702
f 1716/2861/1700 1718/2865/1702 1717/2863/1701
f 1718/2865/1702 1705/2862/1690 1719/2866/1703
f 1718/2865/1702 1719/2866/1703 1720/2867/1704
f 1718/2865/1702 1720/2867/1704 975/2868/968
f 974/2869/967 976/2864/969 975/2868/968
f 1717/2863/1701 1718/2865/1702 1721/2870/1705
f 1717/2863/1701 1721/2870/1705 976/2864/969
f 1721/2870/1705 1718/2865/1702 975/2868/968
f 1721/2870/1705 975/2868/968 976/2864/969
f 1705/2871/1690 1706/2872/1691 1712/2873/1696
f 1705/2871/1690 1712/2873/1696 1719/2874/1703
f 1712/2873/1696 1706/2872/1691 1722/2875/1706
f 1712/2873/1696 1722/2875/1706 1723/2876/1707
f 1712/2873/1696 1723/2876/1707 1713/2877/1697
f 1713/2877/1697 1723/2876/1707 1724/2878/1708
f 1713/2877/1697 1724/2878/1708 1725/2879/1709
f 1724/2878/1708 1723/2876/1707 1726/2880/1710
f 1724/2878/1708 1726/2880/1710 1727/2881/1711
f 1723/2876/1707 1722/2875/1706 1728/2882/1712
f 1723/2876/1707 1728/2882/1712 1726/2880/1710
f 1729/2883/1713 1722/2875/1706 1706/2872/1691
f 1722/2875/1706 1729/2883/1713 1728/2882/1712
f 1727/2881/1711 1726/2880/1710 1730/2884/1714
f 1730/2884/1714 1726/2880/1710 1728/2882/1712
f 1727/2881/1711 1730/2884/1714 1731/2885/1715
f 1731/2885/1715 1730/2884/1714 1732/2886/1716
f 1732/2886/1716 1730/2884/1714 1733/2887/1717
f 1733/2887/1717 1730/2884/1714 1728/2882/1712
f 1732/2886/1716 1733/2887/1717 1734/2888/1718
f 1734/2888/1718 1733/2887/1717 1735/2889/1719
f 1735/2889/1719 1733/2887/1717 1728/2882/1712
f 1735/2889/1719 1728/2882/1712 1736/2890/1720
f 1736/2890/1720 1728/2882/1712 1729/2883/1713
f 1735/2889/1719 1736/2890/1720 1737/2891/1721
f 1735/2889/1719 1737/2891/1721 1738/2892/1722
f 1736/2890/1720 1729/2883/1713 1715/2893/1699
f 1736/2890/1720 1715/2893/1699 1737/2891/1721
f 1737/2891/1721 1715/2893/1699 1738/2892/1722
f 1715/2893/1699 1729/2883/1713 1706/2872/1691
f 1738/2892/1722 1715/2893/1699 1714/2894/1698
f 1715/2893/1699 1706/2872/1691 1709/2895/1693
f 956/2896/949 954/2897/947 959/2898/952
f 956/2896/949 959/2898/952 1725/2899/1709
f 956/2896/949 1725/2899/1709 1712/2900/1696
f 1712/2900/1696 1725/2899/1709 1719/2901/1703
f 1719/2901/1703 1725/2899/1709 1720/2902/1704
f 1720/2902/1704 1725/2899/1709 1724/2903/1708
f 1720/2902/1704 1724/2903/1708 1727/2904/1711
f 1725/2905/1709 959/2906/952 1739/2907/600
f 1725/2905/1709 1739/2907/600 1713/2908/1697
f 1713/2908/1697 1739/2907/600 1740/2909/1723
f 1741/2910/1724 1742/2911/1725 1740/2909/1723
f 1741/2910/1724 1740/2909/1723 1743/2912/1726
f 1743/2912/1726 1740/2909/1723 1739/2907/600
f 1744/2913/1727 1745/2914/1728 1743/2912/1726
f 1744/2913/1727 1743/2912/1726 1746/2915/1729
f 1746/2915/1729 1743/2912/1726 1747/2916/1730
f 1747/2916/1730 1743/2912/1726 1739/2907/600
f 1746/2915/1729 1747/2916/1730 1748/2917/1731
f 1748/2917/1731 1747/2916/1730 1749/2918/1732
f 1749/2918/1732 1747/2916/1730 1750/2919/1733
f 1747/2916/1730 1739/2907/600 1751/2920/1734
f 1751/2920/1734 1739/2907/600 959/2906/952
f 1747/2916/1730 1751/2920/1734 1752/2921/1735
f 1752/2921/1735 1751/2920/1734 958/2922/951
f 958/2922/951 1751/2920/1734 959/2906/952
f 958/2922/951 959/2906/952 957/2923/950
f 1753/2924/1736 1754/2925/1737 1755/2926/1738
f 1753/2924/1736 1755/2926/1738 1756/2927/1739
f 1753/2924/1736 1756/2927/1739 1659/2928/1646
f 1753/2924/1736 1659/2928/1646 1754/2925/1737
f 1755/2926/1738 1754/2925/1737 1691/2929/1676
f 1754/2925/1737 1659/2928/1646 1757/2930/1740
f 1754/2925/1737 1757/2930/1740 1691/2929/1676
f 1757/2930/1740 1659/2928/1646 1758/2931/1741
f 1757/2930/1740 1758/2931/1741 1691/2929/1676
f 1691/2929/1676 1758/2931/1741 1693/2932/1678
f 1693/2932/1678 1758/2931/1741 1695/2933/1680
f 1658/2934/1645 1659/2935/1646 1756/2936/1739
f 1658/2934/1645 1756/2936/1739 1675/2937/1662
f 1675/2937/1662 1756/2936/1739 1759/2938/1742
f 1760/2939/1743 1660/2940/1647 971/2941/964
f 1660/2940/1647 1760/2939/1743 1659/2942/1646
f 1760/2939/1743 971/2941/964 1676/2943/1663
f 1760/2939/1743 1676/2943/1663 1675/2944/1662
f 1676/2943/1663 971/2941/964 973/2945/966
f 1760/2946/1743 1758/2947/1741 1659/2948/1646
f 1758/2947/1741 1760/2946/1743 1761/2949/1744
f 1758/2947/1741 1761/2949/1744 1695/2950/1680
f 1695/2950/1680 1761/2949/1744 1762/2951/1745
f 1762/2951/1745 1761/2949/1744 1763/2952/1746
f 1763/2952/1746 1761/2949/1744 1759/2953/1742
f 1759/2953/1742 1761/2949/1744 1760/2946/1743
f 1759/2953/1742 1760/2946/1743 1675/2954/1662
f 1764/2955/1747 1756/2956/1739 1755/2957/1738
f 1764/2955/1747 1755/2957/1738 1765/2958/1748
f 1756/2956/1739 1764/2955/1747 1759/2959/1742
f 1764/2955/1747 1765/2958/1748 1766/2960/1749
f 1764/2955/1747 1766/2960/1749 1759/2959/1742
f 1759/2959/1742 1766/2960/1749 1763/2961/1746
f 1691/2962/1676 1689/2963/1674 1767/2964/1750
f 1691/2962/1676 1767/2964/1750 1755/2965/1738
f 1755/2965/1738 1767/2964/1750 1768/2966/1751
f 1768/2966/1751 1767/2964/1750 1689/2963/1674
f 1768/2966/1751 1689/2963/1674 1690/2967/1675
f 1765/2968/1748 1755/2969/1738 1768/2970/1751
f 1765/2968/1748 1768/2970/1751 1769/2971/1752
f 1765/2968/1748 1769/2971/1752 1770/2972/1753
f 1765/2968/1748 1770/2972/1753 1771/2973/1754
f 1771/2973/1754 1770/2972/1753 1769/2971/1752
f 1771/2973/1754 1769/2971/1752 1772/2974/1755
f 1769/2971/1752 1768/2970/1751 1773/2975/1756
f 1769/2971/1752 1773/2975/1756 1772/2974/1755
f 1773/2975/1756 1768/2970/1751 1690/2976/1675
f 1773/2975/1756 1690/2976/1675 1772/2974/1755
f 1774/2977/1757 1673/2978/1660 1676/2979/1663
f 1673/2978/1660 1774/2977/1757 1672/2980/1659
f 1672/2980/1659 1774/2977/1757 1775/2981/1758
f 1775/2981/1758 1774/2977/1757 1776/2982/1759
f 1776/2982/1759 1774/2977/1757 1676/2979/1663
f 1776/2982/1759 1676/2979/1663 1777/2983/1760
f 1776/2982/1759 1777/2983/1760 1778/2984/1761
f 1779/2985/1762 1780/2986/1763 1685/2987/1670
f 1685/2987/1670 1780/2986/1763 1690/2988/1675
f 1780/2986/1763 1779/2985/1762 1781/2989/1764
f 1780/2986/1763 1781/2989/1764 1690/2988/1675
f 1684/2990/1669 1779/2991/1762 1685/2992/1670
f 1779/2991/1762 1684/2990/1669 1782/2993/1765
f 1782/2993/1765 1684/2990/1669 1783/2994/1766
f 1782/2993/1765 1783/2994/1766 1784/2995/1767
f 1782/2993/1765 1784/2995/1767 1779/2991/1762
f 1779/2991/1762 1784/2995/1767 1781/2996/1764
f 1783/2997/1766 1684/2998/1669 1687/2999/1672
f 1783/2997/1766 1687/2999/1672 1785/3000/1768
f 1785/3000/1768 1687/2999/1672 1697/3001/1682
f 1785/3000/1768 1697/3001/1682 1786/3002/1769
f 1785/3000/1768 1786/3002/1769 1783/2997/1766
f 1783/2997/1766 1786/3002/1769 1781/3003/1764
f 1783/2997/1766 1781/3003/1764 1784/3004/1767
f 1695/3005/1680 1787/3006/1770 1696/3007/1681
f 1787/3006/1770 1695/3005/1680 1762/3008/1745
f 1762/3009/1745 1697/3010/1682 1788/3011/1771
f 1788/3011/1771 1697/3010/1682 1696/3012/1681
f 1762/3009/1745 1788/3011/1771 1787/3013/1770
f 1787/3013/1770 1788/3011/1771 1696/3012/1681
f 1762/3014/1745 1789/3015/1772 1697/3016/1682
f 1697/3016/1682 1789/3015/1772 1786/3017/1769
f 1790/3018/1773 1791/3019/1774 1786/3017/1769
f 1790/3018/1773 1786/3017/1769 1789/3015/1772
f 1790/3018/1773 1789/3015/1772 1792/3020/1775
f 1789/3015/1772 1762/3014/1745 1793/3021/1776
f 1793/3021/1776 1762/3014/1745 1763/3022/1746
f 1792/3020/1775 1789/3015/1772 1794/3023/1777
f 1794/3023/1777 1789/3015/1772 1793/3021/1776
f 1794/3023/1777 1793/3021/1776 1763/3022/1746
f 1792/3020/1775 1794/3023/1777 1795/3024/1778
f 1794/3023/1777 1763/3022/1746 1766/3025/1749
f 1794/3023/1777 1766/3025/1749 1795/3024/1778
f 1690/3026/1675 1781/3027/1764 1791/3028/1774
f 1791/3028/1774 1781/3027/1764 1786/3029/1769
f 1690/3026/1675 1791/3028/1774 1772/3030/1755
f 1791/3031/1774 1790/3032/1773 1772/3033/1755
f 1772/3033/1755 1790/3032/1773 1771/3034/1754
f 1771/3034/1754 1790/3032/1773 1792/3035/1775
f 1771/3034/1754 1792/3035/1775 1795/3036/1778
f 1771/3034/1754 1795/3036/1778 1766/3037/1749
f 1771/3034/1754 1766/3037/1749 1765/3038/1748
f 1777/3039/1760 1676/3040/1663 973/3041/966
f 1777/3039/1760 973/3041/966 972/3042/965
f 1777/3039/1760 972/3042/965 1796/3043/1779
f 1796/3043/1779 972/3042/965 975/3044/968
f 1796/3043/1779 975/3044/968 1720/3045/1704
f 1796/3043/1779 1720/3045/1704 1727/3046/1711
f 1778/3047/1761 1777/3048/1760 1797/3049/1780
f 1797/3049/1780 1777/3048/1760 1796/3050/1779
f 1797/3049/1780 1796/3050/1779 1731/3051/1715
f 1797/3049/1780 1731/3051/1715 1798/3052/1781
f 1731/3051/1715 1796/3050/1779 1727/3053/1711
f 1735/3054/1719 1738/3055/1722 1734/3056/1718
f 1734/3056/1718 1738/3055/1722 1799/3057/1782
f 1799/3057/1782 1738/3055/1722 1714/3058/1698
f 1799/3057/1782 1714/3058/1698 1713/3059/1697
f 1734/3056/1718 1799/3057/1782 1800/3060/1783
f 1734/3056/1718 1800/3060/1783 1732/3061/1716
f 1732/3061/1716 1800/3060/1783 1731/3062/1715
f 1799/3057/1782 1713/3059/1697 1801/3063/1784
f 1799/3057/1782 1801/3063/1784 1800/3060/1783
f 1801/3063/1784 1713/3059/1697 1740/3064/1723
f 1801/3063/1784 1740/3064/1723 1802/3065/1785
f 1801/3063/1784 1802/3065/1785 1803/3066/1786
f 1801/3063/1784 1803/3066/1786 1804/3067/1787
f 1801/3063/1784 1804/3067/1787 1805/3068/1788
f 1801/3063/1784 1805/3068/1788 1800/3060/1783
f 1800/3060/1783 1805/3068/1788 1731/3062/1715
f 1731/3062/1715 1805/3068/1788 1806/3069/1789
f 1806/3069/1789 1805/3068/1788 1807/3070/1790
f 1808/3071/1791 1798/3072/1781 1731/3073/1715
f 1798/3072/1781 1808/3071/1791 1809/3074/1792
f 1809/3074/1792 1808/3071/1791 1810/3075/1793
f 1808/3071/1791 1731/3073/1715 1806/3076/1789
f 1810/3075/1793 1808/3071/1791 1811/3077/1794
f 1811/3077/1794 1808/3071/1791 1806/3076/1789
f 1811/3077/1794 1806/3076/1789 1812/3078/1795
f 1811/3077/1794 1812/3078/1795 1813/3079/1796
f 1812/3078/1795 1806/3076/1789 1814/3080/1797
f 1812/3078/1795 1814/3080/1797 1815/3081/1798
f 1812/3078/1795 1815/3081/1798 1816/3082/1799
f 1812/3078/1795 1816/3082/1799 1817/3083/1800
f 1817/3083/1800 1816/3082/1799 1818/3084/1801
f 1818/3084/1801 1816/3082/1799 1819/3085/1802
f 1816/3082/1799 1815/3081/1798 1820/3086/1803
f 1816/3082/1799 1820/3086/1803 1819/3085/1802
f 1820/3086/1803 1815/3081/1798 1821/3087/1804
f 1819/3085/1802 1820/3086/1803 1822/3088/1805
f 1822/3088/1805 1820/3086/1803 1821/3087/1804
f 514/3089/512 515/3090/513 1367/3091/1357
f 1367/3091/1357 515/3090/513 1365/3092/1355
f 1365/3092/1355 515/3090/513 510/3093/508
f 1365/3092/1355 510/3093/508 517/3094/515
f 1365/3092/1355 517/3094/515 1364/3095/1354
f 1364/3095/1354 517/3094/515 410/3096/409
f 410/3096/409 517/3094/515 521/3097/519
f 410/3096/409 521/3097/519 1100/3098/1093
f 521/3097/519 517/3094/515 516/3099/514
f 394/3100/394 393/3101/393 512/3102/510
f 595/3103/593 590/3104/588 591/3105/589
f 595/3103/593 591/3105/589 1823/3106/1806
f 1823/3106/1806 591/3105/589 586/3107/584
f 586/3107/584 591/3105/589 587/3108/585
f 1823/3106/1806 586/3107/584 1824/3109/1807
f 1825/3110/1808 569/3111/567 567/3112/565
f 569/3111/567 1825/3110/1808 575/3113/573
f 575/3113/573 1825/3110/1808 1826/3114/1809
f 1826/3114/1809 1825/3110/1808 567/3112/565
f 575/3113/573 1826/3114/1809 579/3115/577
f 1826/3114/1809 567/3112/565 1827/3116/1810
f 1826/3114/1809 1827/3116/1810 579/3115/577
f 579/3115/577 1827/3116/1810 583/3117/581
f 1827/3116/1810 567/3112/565 1828/3118/1811
f 583/3117/581 1827/3116/1810 586/3119/584
f 586/3119/584 1827/3116/1810 1828/3118/1811
f 586/3119/584 1828/3118/1811 1829/3120/1812
f 586/3119/584 1829/3120/1812 1824/3121/1807
f 1824/3121/1807 1829/3120/1812 1830/3122/1813
f 1831/3123/1814 594/3124/592 595/3125/593
f 594/3124/592 1831/3123/1814 596/3126/594
f 1831/3123/1814 595/3125/593 1832/3127/1815
f 1832/3127/1815 595/3125/593 1823/3128/1806
f 596/3126/594 1831/3123/1814 1833/3129/1816
f 1833/3129/1816 1831/3123/1814 1832/3127/1815
f 596/3126/594 1833/3129/1816 1834/3130/1817
f 1832/3127/1815 1823/3128/1806 1835/3131/1818
f 1832/3127/1815 1835/3131/1818 1833/3129/1816
f 1835/3131/1818 1823/3128/1806 1836/3132/1819
f 1833/3129/1816 1835/3131/1818 1837/3133/1820
f 1836/3132/1819 1823/3128/1806 1824/3134/1807
f 1837/3133/1820 1835/3131/1818 1836/3132/1819
f 1836/3132/1819 1824/3134/1807 1830/3135/1813
f 1833/3129/1816 1837/3133/1820 1834/3130/1817
f 1836/3132/1819 1830/3135/1813 1838/3136/1821
f 598/3137/596 596/3126/594 1834/3130/1817
f 1836/3132/1819 1838/3136/1821 1839/3138/1822
f 1836/3132/1819 1839/3138/1822 1837/3133/1820
f 1839/3138/1822 1838/3136/1821 1840/3139/1823
f 1837/3133/1820 1839/3138/1822 1841/3140/1824
f 1841/3140/1824 1839/3138/1822 1840/3139/1823
f 1842/3141/1825 1834/3130/1817 1837/3133/1820
f 1842/3141/1825 1837/3133/1820 1841/3140/1824
f 1840/3139/1823 1838/3136/1821 1843/3142/1826
f 1843/3142/1826 1838/3136/1821 1844/3143/1827
f 1840/3139/1823 1843/3142/1826 1845/3144/1828
f 1843/3142/1826 1844/3143/1827 1846/3145/1829
f 1843/3142/1826 1846/3145/1829 1845/3144/1828
f 1846/3145/1829 1844/3143/1827 1847/3146/1830
f 1846/3145/1829 1847/3146/1830 1848/3147/1831
f 1845/3144/1828 1846/3145/1829 1849/3148/1832
f 1845/3144/1828 1849/3148/1832 1840/3139/1823
f 1840/3139/1823 1849/3148/1832 1841/3140/1824
f 1849/3148/1832 1846/3145/1829 1850/3149/1833
f 1841/3140/1824 1849/3148/1832 1851/3150/1834
f 1851/3150/1834 1849/3148/1832 1850/3149/1833
f 1851/3150/1834 1850/3149/1833 1852/3151/1835
f 1852/3151/1835 1850/3149/1833 1853/3152/1836
f 1852/3151/1835 1853/3152/1836 1854/3153/1837
f 1852/3151/1835 1854/3153/1837 1851/3150/1834
f 1854/3153/1837 1853/3152/1836 1855/3154/1838
f 1841/3140/1824 1851/3150/1834 1856/3155/1839
f 1856/3155/1839 1851/3150/1834 1854/3153/1837
f 1841/3140/1824 1856/3155/1839 1842/3141/1825
f 1854/3153/1837 1855/3154/1838 1857/3156/1840
f 1856/3155/1839 1854/3153/1837 1858/3157/1841
f 1858/3157/1841 1854/3153/1837 1857/3156/1840
f 1857/3156/1840 1855/3154/1838 1859/3158/1842
f 1859/3158/1842 1855/3154/1838 1860/3159/1843
f 1858/3157/1841 1857/3156/1840 1861/3160/1844
f 1861/3160/1844 1857/3156/1840 1859/3158/1842
f 1856/3155/1839 1858/3157/1841 1862/3161/1845
f 1856/3155/1839 1862/3161/1845 1842/3141/1825
f 1862/3161/1845 1858/3157/1841 1863/3162/1846
f 1863/3162/1846 1858/3157/1841 1861/3160/1844
f 1842/3141/1825 1862/3161/1845 1864/3163/1847
f 1864/3163/1847 1862/3161/1845 1863/3162/1846
f 1864/3163/1847 1863/3162/1846 1861/3160/1844
f 1842/3141/1825 1864/3163/1847 1834/3130/1817
f 1865/3164/1848 1861/3160/1844 1859/3158/1842
f 1865/3164/1848 1859/3158/1842 1860/3159/1843
f 1834/3130/1817 1864/3163/1847 1866/3165/1849
f 1834/3130/1817 1866/3165/1849 598/3137/596
f 1864/3163/1847 1861/3160/1844 1867/3166/1850
f 1864/3163/1847 1867/3166/1850 1866/3165/1849
f 1861/3160/1844 1865/3164/1848 1868/3167/1851
f 1861/3160/1844 1868/3167/1851 1867/3166/1850
f 1865/3164/1848 1860/3159/1843 1869/3168/1852
f 1865/3164/1848 1869/3168/1852 1868/3167/1851
f 1869/3168/1852 1860/3159/1843 1870/3169/1853
f 1869/3168/1852 1870/3169/1853 1871/3170/1854
f 1869/3168/1852 1871/3170/1854 1868/3167/1851
f 1871/3170/1854 1870/3169/1853 1872/3171/1855
f 1871/3170/1854 1872/3171/1855 1873/3172/1856
f 1871/3170/1854 1873/3172/1856 1874/3173/1857
f 1871/3170/1854 1874/3173/1857 1056/3174/1049
f 1871/3170/1854 1056/3174/1049 1868/3167/1851
f 1874/3173/1857 1873/3172/1856 1875/3175/1858
f 1874/3173/1857 1875/3175/1858 1876/3176/1859
f 1875/3175/1858 1873/3172/1856 1877/3177/1860
f 1868/3167/1851 1056/3174/1049 1074/3178/1067
f 1868/3167/1851 1074/3178/1067 1878/3179/1861
f 1878/3179/1861 1074/3178/1067 1076/3180/1069
f 1868/3167/1851 1878/3179/1861 1879/3181/1862
f 1868/3167/1851 1879/3181/1862 1867/3166/1850
f 1867/3166/1850 1879/3181/1862 1866/3165/1849
f 1879/3181/1862 1878/3179/1861 1880/3182/1863
f 1880/3182/1863 1878/3179/1861 1076/3180/1069
f 1879/3181/1862 1880/3182/1863 1866/3165/1849
f 1880/3182/1863 1076/3180/1069 1078/3183/1071
f 1866/3165/1849 1880/3182/1863 598/3137/596
f 598/3137/596 1880/3182/1863 1078/3183/1071
f 958/3184/951 955/3185/948 1752/3186/1735
f 1752/3186/1735 955/3185/948 1066/3187/1059
f 1752/3186/1735 1066/3187/1059 1881/3188/1864
f 1881/3188/1864 1066/3187/1059 1060/3189/1053
f 1881/3188/1864 1060/3189/1053 1059/3190/1052
f 1752/3186/1735 1881/3188/1864 1882/3191/1865
f 1752/3186/1735 1882/3191/1865 1747/3192/1730
f 1881/3188/1864 1059/3190/1052 1883/3193/1866
f 1881/3188/1864 1883/3193/1866 1882/3191/1865
f 1747/3192/1730 1882/3191/1865 1750/3194/1733
f 1750/3194/1733 1882/3191/1865 1884/3195/1867
f 1882/3191/1865 1883/3193/1866 1885/3196/1868
f 1885/3196/1868 1883/3193/1866 1059/3190/1052
f 1882/3191/1865 1885/3196/1868 1884/3195/1867
f 1885/3196/1868 1059/3190/1052 1058/3197/1051
f 1884/3195/1867 1885/3196/1868 1886/3198/1869
f 1886/3198/1869 1885/3196/1868 1058/3197/1051
f 1884/3199/1867 1887/3200/1870 1750/3201/1733
f 1750/3201/1733 1887/3200/1870 1749/3202/1732
f 1749/3202/1732 1887/3200/1870 1888/3203/1871
f 1888/3203/1871 1887/3200/1870 1884/3199/1867
f 1888/3203/1871 1884/3199/1867 1889/3204/1872
f 1888/3203/1871 1889/3204/1872 1890/3205/1873
f 1890/3205/1873 1889/3204/1872 1891/3206/1874
f 1889/3204/1872 1884/3199/1867 1892/3207/1875
f 1892/3207/1875 1884/3199/1867 1886/3208/1869
f 1893/3209/1876 1894/3210/1877 1895/3211/1878
f 1893/3209/1876 1895/3211/1878 1896/3212/1879
f 1896/3212/1879 1895/3211/1878 1897/3213/1880
f 1897/3213/1880 1895/3211/1878 1898/3214/1881
f 1898/3214/1881 1895/3211/1878 1894/3210/1877
f 1896/3212/1879 1897/3213/1880 1899/3215/1882
f 1899/3215/1882 1897/3213/1880 1898/3214/1881
f 1900/3216/1883 1899/3215/1882 1901/3217/1884
f 1901/3217/1884 1899/3215/1882 1888/3218/1871
f 1899/3215/1882 1898/3214/1881 1902/3219/1885
f 1899/3215/1882 1902/3219/1885 1888/3218/1871
f 1902/3219/1885 1898/3214/1881 1894/3210/1877
f 1888/3218/1871 1902/3219/1885 1749/3220/1732
f 1749/3220/1732 1902/3219/1885 1748/3221/1731
f 1748/3221/1731 1902/3219/1885 1894/3210/1877
f 1903/3222/1886 1894/3210/1877 1893/3209/1876
f 1894/3210/1877 1903/3222/1886 1904/3223/1887
f 1904/3223/1887 1903/3222/1886 1905/3224/1888
f 1905/3224/1888 1903/3222/1886 1906/3225/1889
f 1906/3225/1889 1903/3222/1886 1893/3209/1876
f 1904/3223/1887 1905/3224/1888 1907/3226/1890
f 1905/3224/1888 1906/3225/1889 1908/3227/1891
f 1908/3227/1891 1906/3225/1889 1893/3209/1876
f 1905/3224/1888 1908/3227/1891 1907/3226/1890
f 1909/3228/1892 1907/3226/1890 1910/3229/1893
f 1910/3229/1893 1907/3226/1890 1911/3230/1894
f 1911/3230/1894 1907/3226/1890 1908/3227/1891
f 1910/3229/1893 1911/3230/1894 1912/3231/1895
f 1910/3229/1893 1912/3231/1895 1913/3232/1896
f 1912/3231/1895 1911/3230/1894 1914/3233/1897
f 1912/3231/1895 1914/3233/1897 1913/3232/1896
f 1914/3233/1897 1911/3230/1894 1908/3227/1891
f 1913/3232/1896 1914/3233/1897 1915/3234/1898
f 1915/3234/1898 1914/3233/1897 1908/3227/1891
f 1913/3232/1896 1915/3234/1898 1916/3235/1899
f 1916/3235/1899 1915/3234/1898 1917/3236/1900
f 1917/3236/1900 1915/3234/1898 1908/3227/1891
f 1917/3236/1900 1908/3227/1891 1893/3209/1876
f 1917/3236/1900 1893/3209/1876 1918/3237/1901
f 1918/3237/1901 1893/3209/1876 1896/3212/1879
f 1917/3236/1900 1918/3237/1901 1919/3238/1902
f 1919/3238/1902 1918/3237/1901 1896/3212/1879
f 1917/3236/1900 1919/3238/1902 1920/3239/1903
f 1919/3238/1902 1896/3212/1879 1921/3240/1904
f 1919/3238/1902 1921/3240/1904 1920/3239/1903
f 1055/3241/1048 1053/3242/1046 1056/3243/1049
f 1055/3241/1048 1056/3243/1049 1874/3244/1857
f 1055/3241/1048 1874/3244/1857 1922/3245/1905
f 1055/3241/1048 1922/3245/1905 1892/3246/1875
f 1055/3241/1048 1892/3246/1875 1886/3247/1869
f 1055/3241/1048 1886/3247/1869 1054/3248/1047
f 1054/3248/1047 1886/3247/1869 1058/3249/1051
f 1741/3250/1724 1743/3251/1726 1923/3252/1906
f 1923/3252/1906 1743/3251/1726 1745/3253/1728
f 1923/3252/1906 1745/3253/1728 1924/3254/1907
f 1742/3255/1725 1741/3256/1724 1923/3257/1906
f 1742/3255/1725 1923/3257/1906 1814/3258/1797
f 1814/3258/1797 1923/3257/1906 1925/3259/1908
f 1814/3258/1797 1925/3259/1908 1926/3260/1909
f 1925/3259/1908 1923/3257/1906 1927/3261/1910
f 1925/3259/1908 1927/3261/1910 1928/3262/1911
f 1924/3263/1907 1744/3264/1727 1740/3265/1723
f 1744/3264/1727 1924/3263/1907 1923/3266/1906
f 1924/3263/1907 1740/3265/1723 1742/3267/1725
f 1924/3263/1907 1742/3267/1725 1929/3268/1912
f 1740/3265/1723 1744/3264/1727 1802/3269/1785
f 1802/3269/1785 1744/3264/1727 1930/3270/1913
f 1923/3271/1906 1744/3272/1727 1927/3273/1910
f 1927/3273/1910 1744/3272/1727 1746/3274/1729
f 1927/3273/1910 1746/3274/1729 1931/3275/1914
f 1931/3275/1914 1746/3274/1729 1925/3276/1908
f 1925/3276/1908 1746/3274/1729 1932/3277/1915
f 1925/3276/1908 1932/3277/1915 1909/3278/1892
f 1925/3276/1908 1909/3278/1892 1910/3279/1893
f 1931/3275/1914 1925/3276/1908 1928/3280/1911
f 1931/3275/1914 1928/3280/1911 1819/3281/1802
f 1931/3275/1914 1819/3281/1802 1822/3282/1805
f 1819/3281/1802 1928/3280/1911 1926/3283/1909
f 1926/3283/1909 1928/3280/1911 1815/3284/1798
f 1926/3283/1909 1815/3284/1798 1814/3285/1797
f 1909/3286/1892 1932/3287/1915 1907/3288/1890
f 1907/3288/1890 1932/3287/1915 1904/3289/1887
f 1904/3289/1887 1932/3287/1915 1933/3290/1916
f 1933/3290/1916 1932/3287/1915 1746/3291/1729
f 1904/3289/1887 1933/3290/1916 1934/3292/1917
f 1904/3289/1887 1934/3292/1917 1894/3293/1877
f 1934/3294/1917 1935/3295/1918 1936/3296/1919
f 1935/3295/1918 1934/3294/1917 1933/3297/1916
f 1935/3295/1918 1933/3297/1916 1936/3296/1919
f 1934/3294/1917 1936/3296/1919 1894/3298/1877
f 1894/3298/1877 1936/3296/1919 1748/3299/1731
f 1748/3299/1731 1936/3296/1919 1933/3297/1916
f 1748/3299/1731 1933/3297/1916 1746/3300/1729
f 1930/3301/1913 1745/3302/1728 1924/3303/1907
f 1745/3302/1728 1930/3301/1913 1744/3304/1727
f 1930/3301/1913 1924/3303/1907 1929/3305/1912
f 1930/3301/1913 1929/3305/1912 1937/3306/1920
f 1930/3301/1913 1937/3306/1920 1802/3307/1785
f 1806/3308/1789 1938/3309/1921 1742/3310/1725
f 1742/3310/1725 1938/3309/1921 1929/3311/1912
f 1806/3308/1789 1742/3310/1725 1814/3312/1797
f 1807/3313/1790 1938/3314/1921 1806/3315/1789
f 1938/3314/1921 1807/3313/1790 1939/3316/1922
f 1938/3314/1921 1939/3316/1922 1929/3317/1912
f 1819/3318/1802 1926/3319/1909 1939/3316/1922
f 1819/3318/1802 1939/3316/1922 1818/3320/1801
f 1939/3316/1922 1807/3313/1790 1940/3321/1923
f 1939/3316/1922 1940/3321/1923 1818/3320/1801
f 1940/3321/1923 1807/3313/1790 1805/3322/1788
f 1818/3320/1801 1940/3321/1923 1803/3323/1786
f 1940/3321/1923 1805/3322/1788 1804/3324/1787
f 1940/3321/1923 1804/3324/1787 1803/3323/1786
f 1926/3325/1909 1925/3326/1908 1929/3327/1912
f 1926/3325/1909 1929/3327/1912 1939/3328/1922
f 1929/3327/1912 1925/3326/1908 1941/3329/1924
f 1941/3329/1924 1925/3326/1908 1942/3330/1925
f 1942/3330/1925 1925/3326/1908 1943/3331/1926
f 1942/3330/1925 1943/3331/1926 1944/3332/1927
f 1944/3332/1927 1943/3331/1926 1931/3333/1914
f 1944/3332/1927 1931/3333/1914 1945/3334/1928
f 1944/3332/1927 1945/3334/1928 1888/3335/1871
f 1944/3332/1927 1888/3335/1871 1890/3336/1873
f 1943/3337/1926 1925/3338/1908 1910/3339/1893
f 1943/3337/1926 1910/3339/1893 1946/3340/1929
f 1946/3340/1929 1910/3339/1893 1913/3341/1896
f 1946/3340/1929 1913/3341/1896 1947/3342/1930
f 1946/3340/1929 1947/3342/1930 1948/3343/1931
f 1943/3337/1926 1946/3340/1929 1931/3344/1914
f 1931/3344/1914 1946/3340/1929 1948/3343/1931
f 1931/3344/1914 1948/3343/1931 1900/3345/1883
f 1931/3344/1914 1900/3345/1883 1949/3346/1932
f 1931/3344/1914 1949/3346/1932 1950/3347/1933
f 1949/3346/1932 1900/3345/1883 1945/3348/1928
f 1949/3346/1932 1945/3348/1928 1950/3347/1933
f 1931/3344/1914 1950/3347/1933 1927/3349/1910
f 1927/3349/1910 1950/3347/1933 1945/3348/1928
f 1945/3348/1928 1900/3345/1883 1901/3350/1884
f 1945/3348/1928 1901/3350/1884 1888/3351/1871
f 1927/3349/1910 1945/3348/1928 1890/3352/1873
f 1927/3349/1910 1890/3352/1873 1821/3353/1804
f 1927/3349/1910 1821/3353/1804 1928/3354/1911
f 1928/3354/1911 1821/3353/1804 1815/3355/1798
f 1890/3352/1873 1945/3348/1928 1822/3356/1805
f 1890/3352/1873 1822/3356/1805 1944/3357/1927
f 1822/3356/1805 1945/3348/1928 1931/3358/1914
f 1818/3359/1801 1929/3360/1912 1941/3361/1924
f 1818/3359/1801 1941/3361/1924 1817/3362/1800
f 1929/3360/1912 1818/3359/1801 1937/3363/1920
f 1937/3363/1920 1818/3359/1801 1803/3364/1786
f 1937/3363/1920 1803/3364/1786 1802/3365/1785
f 1941/3366/1924 1942/3367/1925 1951/3368/1934
f 1941/3366/1924 1951/3368/1934 1817/3369/1800
f 1951/3368/1934 1942/3367/1925 1952/3370/1935
f 1952/3370/1935 1942/3367/1925 1944/3371/1927
f 1952/3370/1935 1944/3371/1927 1953/3372/1936
f 1953/3372/1936 1944/3371/1927 1822/3373/1805
f 1953/3372/1936 1822/3373/1805 1891/3374/1874
f 1891/3374/1874 1822/3373/1805 1821/3375/1804
f 1891/3374/1874 1821/3375/1804 1890/3376/1873
f 1916/3377/1899 1917/3378/1900 1920/3379/1903
f 1916/3377/1899 1920/3379/1903 1954/3380/1937
f 1954/3380/1937 1920/3379/1903 1948/3381/1931
f 1954/3380/1937 1948/3381/1931 1947/3382/1930
f 1913/3383/1896 1954/3384/1937 1947/3385/1930
f 1954/3384/1937 1913/3383/1896 1916/3386/1899
f 1889/3387/1872 1892/3388/1875 1922/3389/1905
f 1889/3387/1872 1922/3389/1905 1955/3390/1938
f 1889/3387/1872 1955/3390/1938 1891/3391/1874
f 1891/3391/1874 1955/3390/1938 1953/3392/1936
f 1955/3390/1938 1922/3389/1905 1956/3393/1939
f 1956/3393/1939 1922/3389/1905 1874/3394/1857
f 1956/3393/1939 1874/3394/1857 1876/3395/1859
f 1956/3393/1939 1876/3395/1859 1957/3396/1940
f 1956/3393/1939 1957/3396/1940 1955/3390/1938
f 1957/3396/1940 1876/3395/1859 1958/3397/1941
f 1957/3396/1940 1958/3397/1941 1959/3398/1942
f 1957/3396/1940 1959/3398/1942 1960/3399/1943
f 1955/3390/1938 1957/3396/1940 1961/3400/1944
f 1961/3400/1944 1957/3396/1940 1960/3399/1943
f 1955/3390/1938 1961/3400/1944 1953/3392/1936
f 1961/3400/1944 1960/3399/1943 1962/3401/1945
f 1953/3392/1936 1961/3400/1944 1952/3402/1935
f 1961/3400/1944 1962/3401/1945 1963/3403/1946
f 1961/3400/1944 1963/3403/1946 1952/3402/1935
f 1952/3402/1935 1963/3403/1946 1951/3404/1934
f 1951/3404/1934 1963/3403/1946 1964/3405/1947
f 1965/3406/1948 1873/3407/1856 1872/3408/1855
f 1965/3406/1948 1872/3408/1855 1966/3409/1949
f 1965/3406/1948 1966/3409/1949 1962/3410/1945
f 1873/3407/1856 1965/3406/1948 1877/3411/1860
f 1965/3406/1948 1962/3410/1945 1967/3412/1950
f 1967/3412/1950 1962/3410/1945 1960/3413/1943
f 1877/3411/1860 1965/3406/1948 1968/3414/1951
f 1968/3414/1951 1965/3406/1948 1967/3412/1950
f 1877/3411/1860 1968/3414/1951 1969/3415/1952
f 1968/3414/1951 1967/3412/1950 1970/3416/1953
f 1968/3414/1951 1970/3416/1953 1969/3415/1952
f 1967/3412/1950 1960/3413/1943 1971/3417/1954
f 1967/3412/1950 1971/3417/1954 1970/3416/1953
f 1970/3416/1953 1971/3417/1954 1969/3415/1952
f 1969/3415/1952 1971/3417/1954 1877/3411/1860
f 1877/3411/1860 1971/3417/1954 1875/3418/1858
f 1971/3417/1954 1960/3413/1943 1959/3419/1942
f 1875/3418/1858 1971/3417/1954 1876/3420/1859
f 1876/3420/1859 1971/3417/1954 1959/3419/1942
f 1876/3420/1859 1959/3419/1942 1958/3421/1941
f 1972/3422/1955 1973/3423/1956 1899/3424/1882
f 1972/3422/1955 1899/3424/1882 1900/3425/1883
f 1973/3423/1956 1972/3422/1955 1974/3426/1957
f 1974/3426/1957 1972/3422/1955 1900/3425/1883
f 1899/3424/1882 1973/3423/1956 1921/3427/1904
f 1921/3427/1904 1973/3423/1956 1974/3426/1957
f 1899/3424/1882 1921/3427/1904 1896/3428/1879
f 1974/3426/1957 1900/3425/1883 1975/3429/1958
f 1974/3426/1957 1975/3429/1958 1921/3427/1904
f 1975/3429/1958 1900/3425/1883 1948/3430/1931
f 1921/3427/1904 1975/3429/1958 1920/3431/1903
f 1920/3431/1903 1975/3429/1958 1948/3430/1931
f 1976/3432/1959 1977/3433/1960 1978/3434/1961
f 1978/3434/1961 1977/3433/1960 1979/3435/1962
f 1979/3435/1962 1977/3433/1960 1980/3436/1963
f 1977/3433/1960 1976/3432/1959 1981/3437/1964
f 1980/3436/1963 1977/3433/1960 1982/3438/1965
f 1982/3438/1965 1977/3433/1960 1981/3437/1964
f 1982/3438/1965 1981/3437/1964 1983/3439/1966
f 1981/3440/1964 1976/3441/1959 1978/3442/1961
f 1981/3440/1964 1978/3442/1961 1979/3443/1962
f 1981/3440/1964 1979/3443/1962 1984/3444/1967
f 1979/3445/1962 1985/3446/1968 1984/3447/1967
f 1611/3448/1599 1614/3449/1602 1985/3446/1968
f 1985/3446/1968 1614/3449/1602 1986/3450/1969
f 1985/3446/1968 1986/3450/1969 1984/3447/1967
f 1986/3450/1969 1614/3449/1602 1987/3451/1970
f 1984/3447/1967 1986/3450/1969 1988/3452/1971
f 1988/3452/1971 1986/3450/1969 1989/3453/1972
f 1988/3452/1971 1989/3453/1972 1990/3454/1973
f 1988/3452/1971 1990/3454/1973 1991/3455/1974
f 1988/3452/1971 1991/3455/1974 1983/3456/1966
f 1988/3452/1971 1983/3456/1966 1984/3447/1967
f 1984/3447/1967 1983/3456/1966 1981/3457/1964
f 1611/3458/1599 1992/3459/1975 1993/3460/1976
f 1611/3458/1599 1993/3460/1976 1609/3461/1597
f 1979/3462/1962 1980/3463/1963 1985/3464/1968
f 1985/3464/1968 1980/3463/1963 1994/3465/1977
f 1994/3465/1977 1980/3463/1963 1995/3466/1978
f 1995/3466/1978 1980/3463/1963 1990/3467/1973
f 1995/3466/1978 1990/3467/1973 1989/3468/1972
f 1990/3467/1973 1980/3463/1963 1996/3469/1979
f 1990/3467/1973 1996/3469/1979 1997/3470/1980
f 1990/3467/1973 1997/3470/1980 1991/3471/1974
f 1997/3470/1980 1996/3469/1979 1998/3472/1981
f 1999/3473/1982 1998/3472/1981 1991/3471/1974
f 1998/3472/1981 1999/3473/1982 1997/3470/1980
f 1997/3470/1980 1999/3473/1982 1991/3471/1974
f 2000/3474/1983 2001/3475/1984 1992/3476/1975
f 2001/3475/1984 2000/3474/1983 2002/3477/1985
f 1992/3476/1975 2001/3475/1984 1993/3478/1976
f 2000/3474/1983 1992/3476/1975 1985/3479/1968
f 1985/3479/1968 1992/3476/1975 1611/3480/1599
f 1994/3481/1977 2000/3482/1983 1985/3483/1968
f 2000/3482/1983 1994/3481/1977 2003/3484/1986
f 2000/3482/1983 2003/3484/1986 2002/3485/1985
f 2002/3485/1985 2003/3484/1986 2004/3486/1987
f 2003/3484/1986 1994/3481/1977 2005/3487/1988
f 2005/3487/1988 1994/3481/1977 2006/3488/1989
f 2005/3487/1988 2006/3488/1989 2007/3489/1990
f 2005/3487/1988 2007/3489/1990 2008/3490/1991
f 2008/3490/1991 2007/3489/1990 2009/3491/1992
f 2009/3491/1992 2007/3489/1990 2006/3488/1989
f 2006/3488/1989 1994/3481/1977 2010/3492/1993
f 2006/3488/1989 2010/3492/1993 2009/3491/1992
f 2010/3492/1993 1994/3481/1977 1995/3493/1978
f 2009/3491/1992 2010/3492/1993 2011/3494/1994
f 2009/3491/1992 2011/3494/1994 2012/3495/1995
f 2010/3492/1993 1995/3493/1978 2013/3496/1996
f 2013/3496/1996 1995/3493/1978 2014/3497/1997
f 2013/3496/1996 2014/3497/1997 2015/3498/1998
f 2010/3492/1993 2013/3496/1996 2016/3499/1999
f 2016/3499/1999 2013/3496/1996 2017/3500/2000
f 2010/3492/1993 2016/3499/1999 2018/3501/2001
f 2010/3492/1993 2018/3501/2001 2011/3494/1994
f 2018/3501/2001 2016/3499/1999 1602/3502/1590
f 2018/3501/2001 1602/3502/1590 1603/3503/1591
f 2018/3501/2001 1603/3503/1591 1609/3504/1597
f 2018/3501/2001 1609/3504/1597 1993/3505/1976
f 2018/3501/2001 1993/3505/1976 2011/3494/1994
f 2011/3494/1994 1993/3505/1976 2001/3506/1984
f 2011/3494/1994 2001/3506/1984 2002/3507/1985
f 2011/3494/1994 2002/3507/1985 2012/3495/1995
f 2012/3495/1995 2002/3507/1985 2004/3508/1987
f 2019/3509/2002 1987/3510/1970 1614/3511/1602
f 1987/3510/1970 2019/3509/2002 2020/3512/2003
f 2019/3509/2002 1614/3511/1602 1631/3513/1618
f 2020/3512/2003 2019/3509/2002 2021/3514/2004
f 2019/3509/2002 1631/3513/1618 1633/3515/1620
f 1633/3515/1620 1631/3513/1618 1632/3516/1619
f 2021/3514/2004 2019/3509/2002 2022/3517/2005
f 2021/3514/2004 2022/3517/2005 2023/3518/2006
f 2023/3518/2006 2022/3517/2005 2024/3519/2007
f 2022/3517/2005 2019/3509/2002 1641/3520/1628
f 1641/3520/1628 2019/3509/2002 1633/3515/1620
f 2022/3517/2005 1641/3520/1628 2024/3519/2007
f 1641/3520/1628 1633/3515/1620 1635/3521/1622
f 2024/3519/2007 1641/3520/1628 1650/3522/1637
f 1986/3523/1969 1987/3524/1970 1989/3525/1972
f 1989/3525/1972 1987/3524/1970 2020/3526/2003
f 1989/3525/1972 2020/3526/2003 2025/3527/2008
f 2025/3527/2008 2020/3526/2003 2021/3528/2004
f 1989/3525/1972 2025/3527/2008 2014/3529/1997
f 1989/3525/1972 2014/3529/1997 1995/3530/1978
f 2025/3527/2008 2021/3528/2004 2026/3531/2009
f 2014/3529/1997 2025/3527/2008 2027/3532/2010
f 2027/3532/2010 2025/3527/2008 2026/3531/2009
f 2014/3529/1997 2027/3532/2010 2015/3533/1998
f 2015/3533/1998 2027/3532/2010 2028/3534/2011
f 2015/3533/1998 2028/3534/2011 2029/3535/2012
f 2028/3534/2011 2027/3532/2010 2030/3536/2013
f 2030/3536/2013 2027/3532/2010 2026/3531/2009
f 2029/3535/2012 2028/3534/2011 2031/3537/2014
f 2031/3537/2014 2028/3534/2011 2030/3536/2013
f 2029/3535/2012 2031/3537/2014 2032/3538/2015
f 2032/3538/2015 2031/3537/2014 2033/3539/2016
f 2033/3539/2016 2031/3537/2014 2034/3540/2017
f 2034/3540/2017 2031/3537/2014 2035/3541/2018
f 2035/3541/2018 2031/3537/2014 2030/3536/2013
f 2034/3540/2017 2035/3541/2018 2036/3542/2019
f 2037/3543/2020 2030/3536/2013 2026/3531/2009
f 2030/3536/2013 2037/3543/2020 2035/3541/2018
f 2036/3542/2019 2035/3541/2018 2038/3544/2021
f 2036/3542/2019 2038/3544/2021 2039/3545/2022
f 2038/3544/2021 2035/3541/2018 2040/3546/2023
f 2039/3545/2022 2038/3544/2021 2041/3547/2024
f 2041/3547/2024 2038/3544/2021 2040/3546/2023
f 2039/3545/2022 2041/3547/2024 2042/3548/2025
f 2042/3548/2025 2041/3547/2024 2043/3549/2026
f 2041/3547/2024 2040/3546/2023 2044/3550/2027
f 2044/3550/2027 2040/3546/2023 2035/3541/2018
f 2041/3547/2024 2044/3550/2027 2043/3549/2026
f 2044/3550/2027 2035/3541/2018 2037/3543/2020
f 2044/3550/2027 2037/3543/2020 2043/3549/2026
f 2043/3549/2026 2037/3543/2020 2045/3551/2028
f 2045/3551/2028 2037/3543/2020 2046/3552/2029
f 2046/3552/2029 2037/3543/2020 2026/3531/2009
f 2045/3551/2028 2046/3552/2029 2047/3553/2030
f 2046/3552/2029 2026/3531/2009 2048/3554/2031
f 2046/3552/2029 2048/3554/2031 2047/3553/2030
f 2048/3554/2031 2026/3531/2009 2021/3528/2004
f 2048/3554/2031 2021/3528/2004 2023/3555/2006
f 2048/3554/2031 2023/3555/2006 2049/3556/2032
f 2048/3554/2031 2049/3556/2032 2050/3557/2033
f 2048/3554/2031 2050/3557/2033 2051/3558/2034
f 2048/3554/2031 2051/3558/2034 2047/3553/2030
f 2047/3553/2030 2051/3558/2034 2052/3559/2035
f 2053/3560/2036 2012/3561/1995 2004/3562/1987
f 2012/3561/1995 2053/3560/2036 2054/3563/2037
f 2053/3560/2036 2004/3562/1987 2055/3564/2038
f 2053/3560/2036 2055/3564/2038 2054/3563/2037
f 2055/3564/2038 2004/3562/1987 2003/3565/1986
f 2055/3564/2038 2003/3565/1986 2056/3566/2039
f 2055/3564/2038 2056/3566/2039 2057/3567/2040
f 2055/3564/2038 2057/3567/2040 2054/3563/2037
f 2012/3561/1995 2054/3563/2037 2009/3568/1992
f 2054/3563/2037 2057/3567/2040 2058/3569/2041
f 2058/3569/2041 2057/3567/2040 2059/3570/2042
f 2058/3569/2041 2059/3570/2042 1593/3571/1581
f 2058/3569/2041 1593/3571/1581 1592/3572/1580
f 2058/3569/2041 1592/3572/1580 1595/3573/1583
f 2009/3568/1992 2054/3563/2037 2060/3574/2043
f 2009/3568/1992 2060/3574/2043 2008/3575/1991
f 2054/3563/2037 2058/3569/2041 2061/3576/2044
f 2054/3563/2037 2061/3576/2044 2060/3574/2043
f 2058/3569/2041 1595/3573/1583 2062/3577/2045
f 2058/3569/2041 2062/3577/2045 2061/3576/2044
f 2062/3577/2045 1595/3573/1583 1596/3578/1584
f 2062/3577/2045 1596/3578/1584 1600/3579/1588
f 1600/3579/1588 1596/3578/1584 1597/3580/1585
f 2061/3576/2044 2062/3577/2045 2063/3581/2046
f 2063/3581/2046 2062/3577/2045 1600/3579/1588
f 2061/3576/2044 2063/3581/2046 2060/3574/2043
f 2063/3581/2046 1600/3579/1588 1602/3582/1590
f 2063/3581/2046 1602/3582/1590 2016/3583/1999
f 2063/3581/2046 2016/3583/1999 2017/3584/2000
f 2063/3581/2046 2017/3584/2000 2060/3574/2043
f 2060/3574/2043 2017/3584/2000 2064/3585/2047
f 2060/3574/2043 2064/3585/2047 2056/3586/2039
f 2060/3574/2043 2056/3586/2039 2008/3575/1991
f 2008/3575/1991 2056/3586/2039 2005/3587/1988
f 2005/3587/1988 2056/3586/2039 2003/3588/1986
f 2056/3586/2039 2064/3585/2047 2065/3589/2048
f 2056/3586/2039 2065/3589/2048 2057/3590/2040
f 2065/3589/2048 2064/3585/2047 1593/3591/1581
f 2065/3589/2048 1593/3591/1581 2059/3592/2042
f 1593/3591/1581 2064/3585/2047 2066/3593/2049
f 2067/3594/2050 2013/3595/1996 2015/3596/1998
f 2067/3594/2050 2015/3596/1998 2029/3597/2012
f 2067/3594/2050 2029/3597/2012 2068/3598/2051
f 2068/3598/2051 2029/3597/2012 2032/3599/2015
f 2068/3598/2051 2032/3599/2015 2033/3600/2016
f 2034/3601/2017 2069/3602/2052 2033/3600/2016
f 2033/3600/2016 2069/3602/2052 2070/3603/2053
f 2033/3600/2016 2070/3603/2053 2068/3598/2051
f 2067/3594/2050 2068/3598/2051 2071/3604/2054
f 2067/3594/2050 2071/3604/2054 2013/3595/1996
f 2071/3604/2054 2068/3598/2051 2070/3603/2053
f 2013/3595/1996 2071/3604/2054 2072/3605/2055
f 2013/3595/1996 2072/3605/2055 2017/3606/2000
f 2071/3604/2054 2070/3603/2053 2073/3607/2056
f 2071/3604/2054 2073/3607/2056 2072/3605/2055
f 2017/3606/2000 2072/3605/2055 2074/3608/2057
f 2017/3606/2000 2074/3608/2057 2064/3609/2047
f 2064/3609/2047 2074/3608/2057 2066/3610/2049
f 2074/3608/2057 2072/3605/2055 2075/3611/2058
f 2075/3611/2058 2072/3605/2055 2073/3607/2056
f 2066/3610/2049 2074/3608/2057 2076/3612/2059
f 2076/3612/2059 2074/3608/2057 2075/3611/2058
f 2077/3613/2060 1593/3614/1581 2066/3610/2049
f 1593/3614/1581 2077/3613/2060 550/3615/548
f 2077/3613/2060 2066/3610/2049 2078/3616/2061
f 2078/3616/2061 2066/3610/2049 2076/3612/2059
f 2077/3613/2060 2078/3616/2061 549/3617/547
f 549/3617/547 2078/3616/2061 551/3618/549
f 551/3618/549 2078/3616/2061 2079/3619/2062
f 2079/3619/2062 2078/3616/2061 2076/3612/2059
f 2079/3619/2062 2076/3612/2059 2080/3620/2063
f 2080/3620/2063 2076/3612/2059 2081/3621/2064
f 2081/3621/2064 2076/3612/2059 2075/3611/2058
f 2080/3620/2063 2081/3621/2064 2082/3622/2065
f 2080/3620/2063 2082/3622/2065 2083/3623/2066
f 2083/3623/2066 2082/3622/2065 2084/3624/2067
f 2083/3623/2066 2084/3624/2067 2085/3625/2068
f 2085/3625/2068 2084/3624/2067 2086/3626/2069
f 2086/3626/2069 2084/3624/2067 2087/3627/2070
f 2087/3627/2070 2084/3624/2067 2088/3628/2071
f 2084/3624/2067 2082/3622/2065 2089/3629/2072
f 2084/3624/2067 2089/3629/2072 2088/3628/2071
f 2089/3629/2072 2082/3622/2065 2090/3630/2073
f 2090/3630/2073 2082/3622/2065 2081/3621/2064
f 2088/3628/2071 2089/3629/2072 2091/3631/2074
f 2091/3631/2074 2089/3629/2072 2090/3630/2073
f 2088/3628/2071 2091/3631/2074 2092/3632/2075
f 2090/3630/2073 2081/3621/2064 2093/3633/2076
f 2090/3630/2073 2093/3633/2076 2091/3631/2074
f 2093/3633/2076 2081/3621/2064 2094/3634/2077
f 2094/3634/2077 2081/3621/2064 2075/3611/2058
f 2094/3634/2077 2075/3611/2058 2095/3635/2078
f 2095/3635/2078 2075/3611/2058 2073/3607/2056
f 2094/3634/2077 2095/3635/2078 2096/3636/2079
f 2093/3633/2076 2094/3634/2077 2097/3637/2080
f 2097/3637/2080 2094/3634/2077 2096/3636/2079
f 2093/3633/2076 2097/3637/2080 2098/3638/2081
f 2093/3633/2076 2098/3638/2081 2091/3631/2074
f 2097/3637/2080 2096/3636/2079 2099/3639/2082
f 2097/3637/2080 2099/3639/2082 2098/3638/2081
f 2099/3639/2082 2096/3636/2079 2095/3635/2078
f 2091/3631/2074 2098/3638/2081 2100/3640/2083
f 2100/3640/2083 2098/3638/2081 2099/3639/2082
f 2099/3639/2082 2095/3635/2078 2101/3641/2084
f 2101/3641/2084 2095/3635/2078 2073/3607/2056
f 2101/3641/2084 2073/3607/2056 2102/3642/2085
f 2102/3642/2085 2073/3607/2056 2070/3603/2053
f 2099/3639/2082 2101/3641/2084 2103/3643/2086
f 2103/3643/2086 2101/3641/2084 2102/3642/2085
f 2099/3639/2082 2103/3643/2086 2104/3644/2085
f 2099/3639/2082 2104/3644/2085 2100/3640/2083
f 2102/3642/2085 2070/3603/2053 2105/3645/2087
f 2105/3645/2087 2070/3603/2053 2106/3646/2088
f 2105/3645/2087 2106/3646/2088 2107/3647/2089
f 2102/3642/2085 2105/3645/2087 2108/3648/2090
f 2102/3642/2085 2108/3648/2090 2103/3643/2086
f 2108/3648/2090 2105/3645/2087 2109/3649/2091
f 2108/3648/2090 2109/3649/2091 2110/3650/2092
f 2108/3648/2090 2110/3650/2092 2103/3643/2086
f 2103/3643/2086 2110/3650/2092 2104/3644/2085
f 2104/3644/2085 2110/3650/2092 2111/3651/2093
f 2111/3651/2093 2110/3650/2092 2112/3652/2021
f 2104/3644/2085 2111/3651/2093 2113/3653/2094
f 2104/3644/2085 2113/3653/2094 2100/3640/2083
f 2113/3653/2094 2111/3651/2093 2114/3654/2095
f 2113/3653/2094 2114/3654/2095 2100/3640/2083
f 2114/3654/2095 2111/3651/2093 2115/3655/2096
f 2100/3640/2083 2114/3654/2095 2116/3656/2097
f 2100/3640/2083 2116/3656/2097 2091/3631/2074
f 2114/3654/2095 2115/3655/2096 2117/3657/2098
f 2114/3654/2095 2117/3657/2098 2116/3656/2097
f 2117/3657/2098 2115/3655/2096 2118/3658/2099
f 2117/3657/2098 2118/3658/2099 2119/3659/2100
f 2117/3657/2098 2119/3659/2100 2120/3660/2101
f 2117/3657/2098 2120/3660/2101 2116/3656/2097
f 2120/3660/2101 2119/3659/2100 2121/3661/2102
f 2122/3662/2103 2091/3631/2074 2116/3656/2097
f 2122/3662/2103 2116/3656/2097 2120/3660/2101
f 2091/3631/2074 2122/3662/2103 2092/3632/2075
f 2092/3632/2075 2122/3662/2103 2123/3663/2104
f 2123/3663/2104 2122/3662/2103 2124/3664/2105
f 2124/3664/2105 2122/3662/2103 2125/3665/2106
f 2125/3665/2106 2122/3662/2103 2120/3660/2101
f 2124/3664/2105 2125/3665/2106 2126/3666/2107
f 2126/3666/2107 2125/3665/2106 1847/3667/1830
f 1847/3667/1830 2125/3665/2106 1848/3668/1831
f 1848/3668/1831 2125/3665/2106 2127/3669/2108
f 2125/3665/2106 2120/3660/2101 2128/3670/2109
f 2125/3665/2106 2128/3670/2109 2127/3669/2108
f 2128/3670/2109 2120/3660/2101 2121/3661/2102
f 2127/3669/2108 2128/3670/2109 2129/3671/2110
f 2129/3671/2110 2128/3670/2109 2121/3661/2102
f 2065/3672/2048 2059/3673/2042 2057/3674/2040
f 1983/3675/1966 1996/3676/1979 1982/3677/1965
f 1982/3677/1965 1996/3676/1979 1980/3678/1963
f 1996/3676/1979 1983/3675/1966 1998/3679/1981
f 1998/3679/1981 1983/3675/1966 1991/3680/1974
f 1641/3681/1628 1640/3682/1627 1650/3683/1637
f 2024/3684/2007 1650/3685/1637 1670/3686/1657
f 2024/3684/2007 1670/3686/1657 1671/3687/1658
f 2024/3684/2007 1671/3687/1658 2130/3688/2111
f 2024/3684/2007 2130/3688/2111 2023/3689/2006
f 2049/3690/2032 2023/3689/2006 2131/3691/2112
f 2131/3691/2112 2023/3689/2006 2130/3688/2111
f 2131/3691/2112 2130/3688/2111 2132/3692/2113
f 2131/3691/2112 2132/3692/2113 2133/3693/2114
f 2133/3693/2114 2132/3692/2113 2134/3694/2115
f 2134/3694/2115 2132/3692/2113 2135/3695/2116
f 2135/3695/2116 2132/3692/2113 2130/3688/2111
f 2134/3694/2115 2135/3695/2116 2136/3696/2117
f 2137/3697/2118 2130/3688/2111 1671/3687/1658
f 2130/3688/2111 2137/3697/2118 2135/3695/2116
f 2137/3697/2118 1671/3687/1658 2133/3698/2114
f 2135/3695/2116 2137/3697/2118 2138/3699/2119
f 2138/3699/2119 2137/3697/2118 2133/3698/2114
f 2139/3700/2120 2138/3701/2119 2133/3702/2114
f 2138/3701/2119 2139/3700/2120 2135/3703/2116
f 2135/3703/2116 2139/3700/2120 2136/3704/2117
f 2139/3700/2120 2133/3702/2114 2140/3705/2121
f 2139/3700/2120 2140/3705/2121 2136/3704/2117
f 2140/3705/2121 2133/3702/2114 2134/3706/2115
f 2141/3707/2122 2134/3706/2115 2136/3704/2117
f 2141/3707/2122 2136/3704/2117 2140/3705/2121
f 2141/3707/2122 2140/3705/2121 2134/3706/2115
f 2036/3708/2019 2069/3709/2052 2034/3710/2017
f 2069/3709/2052 2036/3708/2019 2142/3711/2123
f 2142/3711/2123 2036/3708/2019 2039/3712/2022
f 2069/3709/2052 2142/3711/2123 2106/3713/2088
f 2069/3709/2052 2106/3713/2088 2070/3714/2053
f 2142/3711/2123 2039/3712/2022 2143/3715/2124
f 2143/3715/2124 2039/3712/2022 2042/3716/2025
f 2143/3715/2124 2042/3716/2025 2144/3717/2125
f 2106/3713/2088 2142/3711/2123 2145/3718/2126
f 2145/3718/2126 2142/3711/2123 2143/3715/2124
f 2106/3713/2088 2145/3718/2126 2107/3719/2089
f 2107/3719/2089 2145/3718/2126 2146/3720/2127
f 2145/3718/2126 2143/3715/2124 2147/3721/2128
f 2147/3721/2128 2143/3715/2124 2144/3717/2125
f 2145/3718/2126 2147/3721/2128 2146/3720/2127
f 2147/3721/2128 2144/3717/2125 2148/3722/2129
f 2147/3721/2128 2148/3722/2129 2149/3723/2130
f 2147/3721/2128 2149/3723/2130 2146/3720/2127
f 2146/3720/2127 2149/3723/2130 2150/3724/2131
f 2077/3725/2060 549/3726/547 550/3727/548
f 2079/3728/2062 2151/3729/2132 551/3730/549
f 2151/3729/2132 2079/3728/2062 2080/3731/2063
f 551/3730/549 2151/3729/2132 552/3732/550
f 2151/3729/2132 2080/3731/2063 2083/3733/2066
f 552/3732/550 2151/3729/2132 2152/3734/2133
f 552/3732/550 2152/3734/2133 554/3735/552
f 2151/3729/2132 2083/3733/2066 2153/3736/2134
f 2151/3729/2132 2153/3736/2134 2152/3734/2133
f 554/3735/552 2152/3734/2133 2154/3737/2135
f 2154/3737/2135 2152/3734/2133 2153/3736/2134
f 559/3738/557 556/3739/554 554/3735/552
f 559/3738/557 554/3735/552 2154/3737/2135
f 559/3738/557 2154/3737/2135 2155/3740/2136
f 559/3738/557 2155/3740/2136 560/3741/558
f 560/3741/558 2155/3740/2136 2156/3742/2137
f 2156/3742/2137 2155/3740/2136 2154/3737/2135
f 2154/3737/2135 2153/3736/2134 2157/3743/2138
f 2154/3737/2135 2157/3743/2138 2156/3742/2137
f 2157/3743/2138 2153/3736/2134 2083/3733/2066
f 2156/3742/2137 2157/3743/2138 2158/3744/2139
f 2157/3743/2138 2083/3733/2066 2085/3745/2068
f 2157/3743/2138 2085/3745/2068 2158/3744/2139
f 2158/3744/2139 2085/3745/2068 2159/3746/2140
f 565/3747/563 564/3748/562 561/3749/559
f 561/3749/559 564/3748/562 2160/3750/2141
f 2160/3750/2141 564/3748/562 562/3751/560
f 2160/3750/2141 562/3751/560 561/3749/559
f 565/3747/563 561/3749/559 2161/3752/2142
f 565/3747/563 2161/3752/2142 567/3753/565
f 2156/3754/2137 561/3749/559 560/3755/558
f 561/3749/559 2156/3754/2137 2162/3756/2143
f 561/3749/559 2162/3756/2143 2161/3752/2142
f 2162/3756/2143 2156/3754/2137 2158/3757/2139
f 567/3753/565 2161/3752/2142 2163/3758/2144
f 2163/3758/2144 2161/3752/2142 2162/3756/2143
f 567/3753/565 2163/3758/2144 1828/3759/1811
f 2164/3760/2145 2158/3757/2139 2159/3761/2140
f 2158/3757/2139 2164/3760/2145 2165/3762/2146
f 2158/3757/2139 2165/3762/2146 2162/3756/2143
f 2163/3758/2144 2162/3756/2143 2166/3763/2147
f 2166/3763/2147 2162/3756/2143 2165/3762/2146
f 1828/3759/1811 2163/3758/2144 2167/3764/2148
f 2167/3764/2148 2163/3758/2144 2166/3763/2147
f 2166/3763/2147 2165/3762/2146 2168/3765/2149
f 2166/3763/2147 2168/3765/2149 2167/3764/2148
f 2168/3765/2149 2165/3762/2146 2126/3766/2107
f 2168/3765/2149 2126/3766/2107 2167/3764/2148
f 2126/3766/2107 2165/3762/2146 2124/3767/2105
f 2124/3767/2105 2165/3762/2146 2123/3768/2104
f 2167/3764/2148 2126/3766/2107 1847/3769/1830
f 2167/3764/2148 1847/3769/1830 2169/3770/2150
f 2169/3770/2150 1847/3769/1830 1844/3771/1827
f 2167/3764/2148 2169/3770/2150 2170/3772/2151
f 2170/3772/2151 2169/3770/2150 1844/3771/1827
f 2167/3764/2148 2170/3772/2151 1828/3759/1811
f 1828/3759/1811 2170/3772/2151 1829/3773/1812
f 1829/3773/1812 2170/3772/2151 1830/3774/1813
f 1830/3774/1813 2170/3772/2151 1844/3771/1827
f 1830/3774/1813 1844/3771/1827 1838/3775/1821
f 2171/3776/2152 2172/3777/2153 2173/3778/2154
f 2172/3777/2153 2171/3776/2152 2174/3779/2155
f 2173/3778/2154 2172/3777/2153 2087/3780/2070
f 2173/3778/2154 2087/3780/2070 2088/3781/2071
f 2174/3779/2155 2171/3776/2152 2175/3782/2156
f 2175/3782/2156 2171/3776/2152 2173/3778/2154
f 2174/3779/2155 2175/3782/2156 2176/3783/2157
f 2173/3778/2154 2088/3781/2071 2177/3784/2158
f 2177/3784/2158 2088/3781/2071 2092/3785/2075
f 2177/3784/2158 2092/3785/2075 2173/3778/2154
f 2176/3783/2157 2175/3782/2156 2165/3786/2146
f 2165/3786/2146 2175/3782/2156 2173/3778/2154
f 2165/3786/2146 2173/3778/2154 2092/3785/2075
f 2176/3783/2157 2165/3786/2146 2164/3787/2145
f 2165/3786/2146 2092/3785/2075 2123/3788/2104
f 2087/3789/2070 2172/3790/2153 2086/3791/2069
f 2086/3791/2069 2172/3790/2153 2178/3792/2159
f 2178/3792/2159 2172/3790/2153 2174/3793/2155
f 2086/3791/2069 2178/3792/2159 2179/3794/2160
f 2086/3791/2069 2179/3794/2160 2085/3795/2068
f 2178/3792/2159 2174/3793/2155 2180/3796/2161
f 2178/3792/2159 2180/3796/2161 2179/3794/2160
f 2179/3794/2160 2180/3796/2161 2085/3795/2068
f 2085/3795/2068 2180/3796/2161 2159/3797/2140
f 2180/3796/2161 2174/3793/2155 2176/3798/2157
f 2159/3797/2140 2180/3796/2161 2164/3799/2145
f 2180/3796/2161 2176/3798/2157 2181/3800/2162
f 2180/3796/2161 2181/3800/2162 2164/3799/2145
f 2164/3799/2145 2181/3800/2162 2176/3798/2157
f 2109/3801/2091 2105/3802/2087 2107/3803/2089
f 2109/3801/2091 2107/3803/2089 2182/3804/2163
f 2109/3801/2091 2182/3804/2163 2110/3805/2092
f 2182/3804/2163 2107/3803/2089 2146/3806/2127
f 2110/3805/2092 2182/3804/2163 2183/3807/2164
f 2110/3805/2092 2183/3807/2164 2112/3808/2021
f 2182/3804/2163 2146/3806/2127 2184/3809/2021
f 2182/3804/2163 2184/3809/2021 2183/3807/2164
f 2112/3808/2021 2183/3807/2164 2185/3810/2165
f 2185/3810/2165 2183/3807/2164 2184/3809/2021
f 2112/3808/2021 2185/3810/2165 2186/3811/2166
f 2186/3811/2166 2185/3810/2165 2184/3809/2021
f 2187/3812/2167 2111/3813/2093 2112/3808/2021
f 2187/3812/2167 2112/3808/2021 2188/3814/2168
f 2188/3814/2168 2112/3808/2021 2186/3811/2166
f 2187/3812/2167 2188/3814/2168 2189/3815/2169
f 2188/3814/2168 2186/3811/2166 2190/3816/2170
f 2189/3815/2169 2188/3814/2168 2191/3817/2171
f 2188/3814/2168 2190/3816/2170 2192/3818/2172
f 2188/3814/2168 2192/3818/2172 2191/3817/2171
f 2190/3816/2170 2186/3811/2166 2193/3819/2173
f 2190/3816/2170 2193/3819/2173 2192/3818/2172
f 2193/3819/2173 2186/3811/2166 2184/3809/2021
f 2192/3818/2172 2193/3819/2173 2194/3820/2174
f 2194/3820/2174 2193/3819/2173 2195/3821/2175
f 2195/3821/2175 2193/3819/2173 2184/3809/2021
f 2192/3818/2172 2194/3820/2174 2196/3822/2176
f 2196/3822/2176 2194/3820/2174 2197/3823/2177
f 2192/3818/2172 2196/3822/2176 2198/3824/2178
f 2192/3818/2172 2198/3824/2178 2191/3817/2171
f 2191/3817/2171 2198/3824/2178 2196/3822/2176
f 2195/3821/2175 2184/3809/2021 2199/3825/2179
f 2191/3817/2171 2196/3822/2176 2200/3826/2180
f 2200/3826/2180 2196/3822/2176 2201/3827/2181
f 2200/3826/2180 2201/3827/2181 1853/3828/1836
f 2191/3817/2171 2200/3826/2180 2202/3829/2182
f 2202/3829/2182 2200/3826/2180 1853/3828/1836
f 2202/3829/2182 1853/3828/1836 1850/3830/1833
f 2191/3817/2171 2202/3829/2182 2189/3815/2169
f 2189/3815/2169 2202/3829/2182 2121/3831/2102
f 2203/3832/2183 2199/3825/2179 2184/3809/2021
f 2199/3825/2179 2203/3832/2183 2204/3833/2184
f 2203/3832/2183 2184/3809/2021 2205/3834/2185
f 2203/3832/2183 2205/3834/2185 2204/3833/2184
f 2199/3825/2179 2204/3833/2184 2206/3835/2186
f 2206/3835/2186 2204/3833/2184 2205/3834/2185
f 2199/3825/2179 2206/3835/2186 2207/3836/2187
f 2207/3836/2187 2206/3835/2186 2208/3837/2188
f 2208/3837/2188 2206/3835/2186 2209/3838/2189
f 2209/3838/2189 2206/3835/2186 2210/3839/2190
f 2210/3839/2190 2206/3835/2186 2205/3834/2185
f 2209/3838/2189 2210/3839/2190 2211/3840/2093
f 2212/3841/2191 2205/3834/2185 2184/3809/2021
f 2205/3834/2185 2212/3841/2191 2210/3839/2190
f 2210/3839/2190 2212/3841/2191 2211/3840/2093
f 2212/3841/2191 2184/3809/2021 2146/3806/2127
f 2212/3841/2191 2146/3806/2127 2211/3840/2093
f 2121/3842/2102 1848/3843/1831 2129/3844/2110
f 2129/3844/2110 1848/3843/1831 2213/3845/2192
f 2129/3844/2110 2213/3845/2192 2127/3846/2108
f 2127/3846/2108 2213/3845/2192 1848/3843/1831
f 1848/3843/1831 2121/3842/2102 2214/3847/2193
f 1848/3843/1831 2214/3847/2193 1846/3848/1829
f 1846/3848/1829 2214/3847/2193 1850/3849/1833
f 1850/3849/1833 2214/3847/2193 2121/3842/2102
f 1850/3849/1833 2121/3842/2102 2202/3850/2182
f 2187/3851/2167 2119/3852/2100 2118/3853/2099
f 2187/3851/2167 2118/3853/2099 2115/3854/2096
f 2187/3851/2167 2115/3854/2096 2111/3855/2093
f 2119/3852/2100 2187/3851/2167 2189/3856/2169
f 2119/3852/2100 2189/3856/2169 2121/3857/2102
f 2215/3858/2194 1671/3859/1658 1672/3860/1659
f 2215/3858/2194 1672/3860/1659 2216/3861/2195
f 2216/3861/2195 1672/3860/1659 1775/3862/1758
f 2216/3861/2195 1775/3862/1758 2217/3863/2196
f 2133/3864/2114 1671/3865/1658 2215/3866/2194
f 2133/3864/2114 2215/3866/2194 2050/3867/2033
f 2133/3864/2114 2050/3867/2033 2131/3868/2112
f 2131/3868/2112 2050/3867/2033 2049/3869/2032
f 2050/3867/2033 2215/3866/2194 2216/3870/2195
f 2050/3867/2033 2216/3870/2195 2218/3871/2197
f 2218/3871/2197 2216/3870/2195 2217/3872/2196
f 2218/3871/2197 2217/3872/2196 2219/3873/2198
f 2219/3873/2198 2217/3872/2196 2220/3874/2199
f 2220/3874/2199 2217/3872/2196 2221/3875/2200
f 2220/3874/2199 2221/3875/2200 2222/3876/2201
f 2219/3873/2198 2220/3874/2199 2223/3877/2202
f 2219/3873/2198 2223/3877/2202 2224/3878/2203
f 2224/3878/2203 2223/3877/2202 2220/3874/2199
f 2225/3879/2204 2226/3880/2205 2227/3881/2206
f 2227/3881/2206 2226/3880/2205 2228/3882/2207
f 2228/3882/2207 2226/3880/2205 2229/3883/2208
f 2227/3881/2206 2228/3882/2207 2230/3884/2209
f 2228/3882/2207 2229/3883/2208 2052/3885/2035
f 2230/3884/2209 2228/3882/2207 2231/3886/2210
f 2231/3886/2210 2228/3882/2207 2052/3885/2035
f 2220/3887/2199 2222/3888/2201 2230/3884/2209
f 2220/3887/2199 2230/3884/2209 2232/3889/2211
f 2232/3889/2211 2230/3884/2209 2231/3886/2210
f 2220/3887/2199 2232/3889/2211 2224/3890/2203
f 2224/3890/2203 2232/3889/2211 2219/3891/2198
f 2219/3891/2198 2232/3889/2211 2050/3892/2033
f 2219/3891/2198 2050/3892/2033 2218/3893/2197
f 2050/3892/2033 2232/3889/2211 2051/3894/2034
f 2051/3894/2034 2232/3889/2211 2231/3886/2210
f 2051/3894/2034 2231/3886/2210 2233/3895/2212
f 2233/3895/2212 2231/3886/2210 2052/3885/2035
f 2234/3896/2213 2052/3885/2035 2051/3894/2034
f 2052/3885/2035 2234/3896/2213 2233/3895/2212
f 2233/3895/2212 2234/3896/2213 2051/3894/2034
f 2226/3897/2205 2225/3898/2204 2235/3899/2214
f 2235/3899/2214 2225/3898/2204 2236/3900/2215
f 2235/3899/2214 2236/3900/2215 2237/3901/2216
f 2237/3901/2216 2236/3900/2215 2238/3902/2217
f 2238/3902/2217 2236/3900/2215 2239/3903/2218
f 2238/3902/2217 2239/3903/2218 2240/3904/2219
f 2237/3901/2216 2238/3902/2217 2241/3905/2220
f 2237/3901/2216 2241/3905/2220 2242/3906/2221
f 2241/3905/2220 2238/3902/2217 2243/3907/2222
f 2243/3907/2222 2238/3902/2217 2244/3908/2223
f 2241/3905/2220 2243/3907/2222 2245/3909/2224
f 2241/3905/2220 2245/3909/2224 2246/3910/2225
f 2241/3905/2220 2246/3910/2225 2242/3906/2221
f 2242/3906/2221 2246/3910/2225 2247/3911/2226
f 2242/3906/2221 2247/3911/2226 2248/3912/2227
f 2249/3913/2228 1775/3914/1758 1776/3915/1759
f 1775/3914/1758 2249/3913/2228 2250/3916/2229
f 2249/3913/2228 1776/3915/1759 1778/3917/1761
f 2250/3916/2229 2249/3913/2228 2251/3918/2230
f 2251/3918/2230 2249/3913/2228 1778/3917/1761
f 2251/3918/2230 1778/3917/1761 2252/3919/2231
f 2251/3918/2230 2252/3919/2231 2253/3920/2232
f 2250/3916/2229 2251/3918/2230 2254/3921/2233
f 2251/3918/2230 2253/3920/2232 2255/3922/1119
f 2251/3918/2230 2255/3922/1119 2254/3921/2233
f 2254/3921/2233 2255/3922/1119 2256/3923/2234
f 2256/3923/2234 2255/3922/1119 2257/3924/2235
f 2254/3925/2233 2256/3926/2234 2258/3927/2236
f 2258/3927/2236 2256/3926/2234 2259/3928/2237
f 2259/3928/2237 2256/3926/2234 2244/3929/2223
f 2258/3927/2236 2259/3928/2237 2260/3930/2238
f 2259/3928/2237 2244/3929/2223 2238/3931/2217
f 2260/3930/2238 2259/3928/2237 2261/3932/2239
f 2259/3928/2237 2238/3931/2217 2262/3933/2240
f 2259/3928/2237 2262/3933/2240 2261/3932/2239
f 2262/3933/2240 2238/3931/2217 2240/3934/2219
f 2262/3933/2240 2240/3934/2219 2239/3935/2218
f 2262/3933/2240 2239/3935/2218 2261/3932/2239
f 2261/3932/2239 2239/3935/2218 2250/3936/2229
f 2250/3936/2229 2239/3935/2218 1775/3937/1758
f 1775/3937/1758 2239/3935/2218 2263/3938/2241
f 2263/3938/2241 2239/3935/2218 2236/3939/2215
f 2253/3940/2232 2250/3941/2229 2254/3942/2233
f 2250/3941/2229 2253/3940/2232 2252/3943/2231
f 2250/3941/2229 2252/3943/2231 2264/3944/2242
f 2264/3944/2242 2252/3943/2231 2265/3945/2243
f 2250/3941/2229 2264/3944/2242 2261/3946/2239
f 2264/3944/2242 2265/3945/2243 2255/3947/1119
f 2261/3946/2239 2264/3944/2242 2266/3948/2244
f 2266/3948/2244 2264/3944/2242 2255/3947/1119
f 2261/3946/2239 2266/3948/2244 2253/3949/2232
f 2253/3949/2232 2266/3948/2244 2255/3947/1119
f 2254/3950/2233 2261/3951/2239 2253/3952/2232
f 2261/3951/2239 2254/3950/2233 2260/3953/2238
f 2260/3953/2238 2254/3950/2233 2258/3954/2236
f 2217/3955/2196 1775/3956/1758 2263/3957/2241
f 2217/3955/2196 2263/3957/2241 2221/3958/2200
f 2221/3958/2200 2263/3957/2241 2222/3959/2201
f 2222/3959/2201 2263/3957/2241 2236/3960/2215
f 2222/3959/2201 2236/3960/2215 2225/3961/2204
f 2225/3962/2204 2227/3963/2206 2267/3964/2245
f 2222/3965/2201 2225/3966/2204 2267/3967/2245
f 2222/3965/2201 2267/3967/2245 2268/3968/2246
f 2268/3968/2246 2267/3967/2245 2227/3969/2206
f 2222/3965/2201 2268/3968/2246 2269/3970/2247
f 2222/3965/2201 2269/3970/2247 2230/3971/2209
f 2230/3971/2209 2269/3970/2247 2270/3972/2248
f 2270/3972/2248 2269/3970/2247 2271/3973/2249
f 2230/3971/2209 2270/3972/2248 2268/3974/2246
f 2230/3971/2209 2268/3974/2246 2227/3975/2206
f 2269/3976/2247 2272/3977/2250 2271/3978/2249
f 2271/3978/2249 2272/3977/2250 2270/3979/2248
f 2272/3977/2250 2269/3976/2247 2268/3980/2246
f 2272/3977/2250 2268/3980/2246 2270/3979/2248
f 2047/3981/2030 2273/3982/2251 2045/3983/2028
f 2273/3982/2251 2047/3981/2030 2052/3984/2035
f 2273/3982/2251 2052/3984/2035 2229/3985/2208
f 2045/3983/2028 2273/3982/2251 2274/3986/2252
f 2045/3983/2028 2274/3986/2252 2043/3987/2026
f 2043/3987/2026 2274/3986/2252 2042/3988/2025
f 2042/3988/2025 2274/3986/2252 2144/3989/2125
f 2144/3989/2125 2274/3986/2252 2148/3990/2129
f 2274/3986/2252 2273/3982/2251 2275/3991/2253
f 2275/3991/2253 2273/3982/2251 2229/3985/2208
f 2274/3986/2252 2275/3991/2253 2148/3990/2129
f 2275/3991/2253 2229/3985/2208 2235/3992/2214
f 2275/3991/2253 2235/3992/2214 2148/3990/2129
f 2235/3992/2214 2229/3985/2208 2226/3993/2205
f 2148/3990/2129 2235/3992/2214 2237/3994/2216
f 2148/3990/2129 2237/3994/2216 2242/3995/2221
f 2148/3990/2129 2242/3995/2221 2248/3996/2227
f 2148/3990/2129 2248/3996/2227 2149/3997/2130
f 2276/3998/2254 2277/3999/2255 2278/4000/2256
f 2278/4000/2256 2277/3999/2255 2279/4001/2257
f 2279/4001/2257 2277/3999/2255 2280/4002/2258
f 2280/4002/2258 2277/3999/2255 2281/4003/2259
f 2281/4003/2259 2277/3999/2255 2282/4004/2260
f 2277/3999/2255 2276/3998/2254 2283/4005/2261
f 2283/4005/2261 2276/3998/2254 2284/4006/2262
f 2283/4005/2261 2284/4006/2262 2277/3999/2255
f 2277/3999/2255 2284/4006/2262 2282/4004/2260
f 2282/4004/2260 2284/4006/2262 2285/4007/2263
f 2285/4007/2263 2284/4006/2262 2286/4008/2264
f 2285/4007/2263 2286/4008/2264 2287/4009/2265
f 2287/4009/2265 2286/4008/2264 2288/4010/2266
f 1797/4011/1780 2252/4012/2231 1778/4013/1761
f 2252/4012/2231 1797/4011/1780 1798/4014/1781
f 2252/4012/2231 1798/4014/1781 2265/4015/2243
f 2265/4015/2243 1798/4014/1781 1809/4016/1792
f 2265/4015/2243 1809/4016/1792 2289/4017/2267
f 2265/4015/2243 2289/4017/2267 2255/4018/1119
f 2255/4018/1119 2289/4017/2267 2257/4019/2235
f 2289/4017/2267 1809/4016/1792 2290/4020/2268
f 2289/4017/2267 2290/4020/2268 2257/4019/2235
f 2290/4020/2268 1809/4016/1792 2291/4021/2269
f 2291/4021/2269 1809/4016/1792 1810/4022/1793
f 2290/4020/2268 2291/4021/2269 2292/4023/2270
f 2290/4020/2268 2292/4023/2270 2257/4019/2235
f 2257/4019/2235 2292/4023/2270 2244/4024/2223
f 2257/4019/2235 2244/4024/2223 2256/4025/2234
f 2291/4026/2269 1810/4027/1793 2293/4028/2271
f 2293/4028/2271 1810/4027/1793 2294/4029/2272
f 1813/4030/1796 2294/4029/2272 1811/4031/1794
f 2294/4029/2272 1813/4030/1796 2295/4032/2273
f 2294/4029/2272 2295/4032/2273 2293/4028/2271
f 2293/4028/2271 2295/4032/2273 2296/4033/2274
f 2293/4028/2271 2296/4033/2274 2291/4026/2269
f 2296/4033/2274 2295/4032/2273 2297/4034/2275
f 2291/4026/2269 2296/4033/2274 2298/4035/2276
f 2291/4026/2269 2298/4035/2276 2292/4036/2270
f 2292/4036/2270 2298/4035/2276 2244/4037/2223
f 2244/4037/2223 2298/4035/2276 2243/4038/2222
f 2243/4038/2222 2298/4035/2276 2245/4039/2224
f 2245/4039/2224 2298/4035/2276 2299/4040/2277
f 2299/4040/2277 2298/4035/2276 2296/4033/2274
f 2245/4039/2224 2299/4040/2277 2246/4041/2225
f 2246/4041/2225 2299/4040/2277 2296/4033/2274
f 2246/4041/2225 2296/4033/2274 2300/4042/2278
f 2300/4042/2278 2296/4033/2274 2297/4034/2275
f 2246/4041/2225 2300/4042/2278 2247/4043/2226
f 2300/4042/2278 2297/4034/2275 2301/4044/2279
f 2247/4043/2226 2300/4042/2278 2248/4045/2227
f 2248/4045/2227 2300/4042/2278 2301/4044/2279
f 1810/4046/1793 2294/4047/2272 1811/4048/1794
f 2302/4049/2280 2280/4050/2258 2303/4051/2281
f 2303/4051/2281 2280/4050/2258 2281/4052/2259
f 2280/4050/2258 2302/4049/2280 2304/4053/2282
f 2304/4053/2282 2302/4049/2280 2305/4054/2283
f 2305/4054/2283 2302/4049/2280 2306/4055/2284
f 2305/4054/2283 2306/4055/2284 2307/4056/2285
f 2302/4049/2280 2303/4051/2281 2308/4057/2286
f 2302/4049/2280 2308/4057/2286 2309/4058/2287
f 2303/4051/2281 2281/4052/2259 2310/4059/2288
f 2303/4051/2281 2310/4059/2288 2308/4057/2286
f 2310/4059/2288 2281/4052/2259 2311/4060/2289
f 2308/4057/2286 2310/4059/2288 2312/4061/2290
f 2308/4057/2286 2312/4061/2290 2309/4058/2287
f 2312/4061/2290 2310/4059/2288 2311/4060/2289
f 2311/4060/2289 2281/4052/2259 2282/4062/2260
f 2311/4060/2289 2282/4062/2260 2287/4063/2265
f 2287/4063/2265 2282/4062/2260 2285/4064/2263
f 2311/4060/2289 2287/4063/2265 2288/4065/2266
f 2311/4060/2289 2288/4065/2266 2312/4061/2290
f 2312/4061/2290 2288/4065/2266 2313/4066/2291
f 2313/4066/2291 2288/4065/2266 2304/4067/2282
f 2313/4066/2291 2304/4067/2282 2314/4068/2292
f 2312/4061/2290 2313/4066/2291 2315/4069/2293
f 2315/4069/2293 2313/4066/2291 2314/4068/2292
f 2312/4061/2290 2315/4069/2293 2309/4058/2287
f 2309/4058/2287 2315/4069/2293 2301/4070/2279
f 2301/4070/2279 2315/4069/2293 2314/4068/2292
f 2309/4058/2287 2301/4070/2279 2297/4071/2275
f 2301/4070/2279 2314/4068/2292 2248/4072/2227
f 2248/4072/2227 2314/4068/2292 2149/4073/2130
f 1813/4074/1796 2316/4075/2294 2295/4076/2273
f 2295/4076/2273 2316/4075/2294 2297/4077/2275
f 2316/4075/2294 1813/4074/1796 2317/4078/2295
f 2297/4077/2275 2316/4075/2294 2318/4079/2296
f 2318/4079/2296 2316/4075/2294 2317/4078/2295
f 2297/4077/2275 2318/4079/2296 2309/4080/2287
f 2317/4078/2295 1813/4074/1796 1812/4081/1795
f 2317/4078/2295 1812/4081/1795 2319/4082/2297
f 2319/4082/2297 1812/4081/1795 1817/4083/1800
f 2317/4078/2295 2319/4082/2297 2320/4084/2298
f 2320/4084/2298 2319/4082/2297 1817/4083/1800
f 2318/4079/2296 2317/4078/2295 2321/4085/2299
f 2321/4085/2299 2317/4078/2295 2320/4084/2298
f 2322/4086/2300 2309/4080/2287 2318/4079/2296
f 2322/4086/2300 2318/4079/2296 2321/4085/2299
f 2309/4080/2287 2322/4086/2300 2302/4087/2280
f 2320/4084/2298 1817/4083/1800 2323/4088/2301
f 2323/4088/2301 1817/4083/1800 1951/4089/1934
f 2323/4088/2301 1951/4089/1934 1964/4090/1947
f 2323/4088/2301 1964/4090/1947 2324/4091/2302
f 2323/4088/2301 2324/4091/2302 2325/4092/2303
f 2323/4088/2301 2325/4092/2303 2326/4093/2304
f 2326/4093/2304 2325/4092/2303 2327/4094/2305
f 2320/4084/2298 2323/4088/2301 2328/4095/2306
f 2328/4095/2306 2323/4088/2301 2326/4093/2304
f 2320/4084/2298 2328/4095/2306 2321/4085/2299
f 2328/4095/2306 2326/4093/2304 2329/4096/2307
f 2328/4095/2306 2329/4096/2307 2330/4097/2308
f 2328/4095/2306 2330/4097/2308 2321/4085/2299
f 2321/4085/2299 2330/4097/2308 2307/4098/2285
f 2321/4085/2299 2307/4098/2285 2322/4086/2300
f 2322/4086/2300 2307/4098/2285 2331/4099/2309
f 2331/4099/2309 2307/4098/2285 2306/4100/2284
f 2322/4086/2300 2331/4099/2309 2332/4101/2310
f 2331/4099/2309 2306/4100/2284 2333/4102/2311
f 2331/4099/2309 2333/4102/2311 2332/4101/2310
f 2332/4101/2310 2333/4102/2311 2322/4086/2300
f 2333/4102/2311 2306/4100/2284 2302/4087/2280
f 2333/4102/2311 2302/4087/2280 2322/4086/2300
f 2150/4103/2131 2211/4104/2093 2146/4105/2127
f 2211/4104/2093 2150/4103/2131 2209/4106/2189
f 2209/4106/2189 2150/4103/2131 2334/4107/2312
f 2209/4106/2189 2334/4107/2312 2208/4108/2188
f 2208/4108/2188 2334/4107/2312 2335/4109/2313
f 2334/4107/2312 2150/4103/2131 2336/4110/2314
f 2336/4110/2314 2150/4103/2131 2149/4111/2130
f 2336/4110/2314 2149/4111/2130 2305/4112/2283
f 2336/4110/2314 2305/4112/2283 2307/4113/2285
f 2336/4110/2314 2307/4113/2285 2337/4114/2315
f 2337/4114/2315 2307/4113/2285 2330/4115/2308
f 2337/4114/2315 2330/4115/2308 2329/4116/2307
f 2326/4117/2304 2327/4118/2305 2329/4116/2307
f 2329/4116/2307 2327/4118/2305 2338/4119/2316
f 2329/4116/2307 2338/4119/2316 2337/4114/2315
f 2337/4114/2315 2338/4119/2316 2339/4120/2317
f 2336/4110/2314 2337/4114/2315 2340/4121/2318
f 2340/4121/2318 2337/4114/2315 2339/4120/2317
f 2336/4110/2314 2340/4121/2318 2334/4107/2312
f 2340/4121/2318 2339/4120/2317 2341/4122/2319
f 2340/4121/2318 2341/4122/2319 2334/4107/2312
f 2341/4122/2319 2339/4120/2317 2342/4123/2320
f 2334/4107/2312 2341/4122/2319 2343/4124/2321
f 2341/4122/2319 2342/4123/2320 2344/4125/2322
f 2341/4122/2319 2344/4125/2322 2343/4124/2321
f 2344/4125/2322 2342/4123/2320 2345/4126/2323
f 2344/4125/2322 2345/4126/2323 2346/4127/2324
f 2343/4124/2321 2344/4125/2322 2347/4128/2325
f 2347/4128/2325 2344/4125/2322 2346/4127/2324
f 2343/4124/2321 2347/4128/2325 2334/4107/2312
f 2347/4128/2325 2346/4127/2324 2335/4109/2313
f 2348/4129/2326 2335/4109/2313 2334/4107/2312
f 2335/4109/2313 2348/4129/2326 2347/4128/2325
f 2347/4128/2325 2348/4129/2326 2334/4107/2312
f 2276/4130/2254 2278/4131/2256 2279/4132/2257
f 2276/4130/2254 2279/4132/2257 2286/4133/2264
f 2276/4130/2254 2286/4133/2264 2284/4134/2262
f 2286/4133/2264 2279/4132/2257 2280/4135/2258
f 2286/4133/2264 2280/4135/2258 2304/4136/2282
f 2286/4133/2264 2304/4136/2282 2288/4137/2266
f 2304/4138/2282 2305/4139/2283 2149/4140/2130
f 2304/4138/2282 2149/4140/2130 2314/4141/2292
f 2324/4142/2302 1964/4143/1947 2349/4144/2327
f 2349/4144/2327 1964/4143/1947 2350/4145/2328
f 2350/4145/2328 1964/4143/1947 1963/4146/1946
f 2350/4145/2328 1963/4146/1946 2351/4147/2329
f 2350/4145/2328 2351/4147/2329 2349/4144/2327
f 2351/4147/2329 1963/4146/1946 1962/4148/1945
f 2351/4147/2329 1962/4148/1945 2352/4149/2330
f 2351/4147/2329 2352/4149/2330 2349/4144/2327
f 2352/4149/2330 1962/4148/1945 1966/4150/1949
f 2353/4151/2331 2324/4142/2302 2349/4144/2327
f 2324/4142/2302 2353/4151/2331 2354/4152/2332
f 2324/4142/2302 2354/4152/2332 2325/4153/2303
f 2353/4151/2331 2349/4144/2327 2355/4154/2333
f 2353/4151/2331 2355/4154/2333 2354/4152/2332
f 2349/4144/2327 2352/4149/2330 2356/4155/2334
f 2349/4144/2327 2356/4155/2334 2355/4154/2333
f 2325/4153/2303 2354/4152/2332 2357/4156/2335
f 2357/4156/2335 2354/4152/2332 2355/4154/2333
f 2325/4153/2303 2357/4156/2335 2327/4157/2305
f 2357/4156/2335 2355/4154/2333 2358/4158/2336
f 2357/4156/2335 2358/4158/2336 2207/4159/2187
f 2207/4159/2187 2358/4158/2336 2359/4160/2337
f 2358/4158/2336 2355/4154/2333 2360/4161/2338
f 2358/4158/2336 2360/4161/2338 2359/4160/2337
f 2360/4161/2338 2355/4154/2333 2356/4155/2334
f 2359/4160/2337 2360/4161/2338 2197/4162/2177
f 2360/4161/2338 2356/4155/2334 2361/4163/2339
f 2360/4161/2338 2361/4163/2339 2197/4162/2177
f 2362/4164/2340 2356/4155/2334 2352/4149/2330
f 2356/4155/2334 2362/4164/2340 2361/4163/2339
f 2362/4164/2340 2352/4149/2330 1966/4150/1949
f 2197/4162/2177 2361/4163/2339 2363/4165/2341
f 2363/4165/2341 2361/4163/2339 2362/4164/2340
f 2197/4162/2177 2363/4165/2341 2196/4166/2176
f 2196/4166/2176 2363/4165/2341 2201/4167/2181
f 2363/4165/2341 2362/4164/2340 2364/4168/2342
f 2364/4168/2342 2362/4164/2340 1966/4150/1949
f 2201/4167/2181 2363/4165/2341 2365/4169/2343
f 2365/4169/2343 2363/4165/2341 2364/4168/2342
f 2364/4168/2342 1966/4150/1949 1870/4170/1853
f 1870/4170/1853 1966/4150/1949 1872/4171/1855
f 2365/4169/2343 2364/4168/2342 2366/4172/2344
f 2366/4172/2344 2364/4168/2342 1870/4170/1853
f 2365/4169/2343 2366/4172/2344 2201/4167/2181
f 2366/4172/2344 1870/4170/1853 1860/4173/1843
f 2366/4172/2344 1860/4173/1843 1855/4174/1838
f 2366/4172/2344 1855/4174/1838 2201/4167/2181
f 2201/4167/2181 1855/4174/1838 1853/4175/1836
f 2367/4176/2345 2368/4177/2346 2369/4178/2347
f 2369/4178/2347 2368/4177/2346 2370/4179/2348
f 2369/4178/2347 2370/4179/2348 2367/4176/2345
f 2370/4179/2348 2368/4177/2346 2371/4180/2349
f 2371/4180/2349 2368/4177/2346 2372/4181/2350
f 2371/4180/2349 2372/4181/2350 2373/4182/2351
f 2371/4180/2349 2373/4182/2351 2374/4183/2352
f 2370/4179/2348 2371/4180/2349 2375/4184/2353
f 2375/4184/2353 2371/4180/2349 2374/4183/2352
f 2370/4179/2348 2375/4184/2353 2367/4176/2345
f 2375/4184/2353 2374/4183/2352 2376/4185/2354
f 2375/4184/2353 2376/4185/2354 2377/4186/2355
f 2375/4184/2353 2377/4186/2355 2378/4187/2356
f 2367/4176/2345 2375/4184/2353 2379/4188/2357
f 2379/4188/2357 2375/4184/2353 2378/4187/2356
f 2379/4188/2357 2378/4187/2356 2380/4189/2358
f 2379/4188/2357 2380/4189/2358 2367/4176/2345
f 2380/4189/2358 2378/4187/2356 2381/4190/2359
f 2382/4191/2360 2368/4177/2346 2367/4176/2345
f 2368/4177/2346 2382/4191/2360 2383/4192/2361
f 2382/4191/2360 2367/4176/2345 2380/4189/2358
f 2384/4193/2362 2385/4194/2363 2382/4191/2360
f 2384/4193/2362 2382/4191/2360 2380/4189/2358
f 2384/4193/2362 2380/4189/2358 2386/4195/2364
f 2380/4189/2358 2381/4190/2359 2387/4196/2365
f 2387/4196/2365 2381/4190/2359 2388/4197/2366
f 2380/4189/2358 2387/4196/2365 2389/4198/2367
f 2389/4198/2367 2387/4196/2365 2388/4197/2366
f 2380/4189/2358 2389/4198/2367 2390/4199/2368
f 2389/4198/2367 2388/4197/2366 2391/4200/2369
f 2389/4198/2367 2391/4200/2369 2392/4201/2370
f 2392/4201/2370 2391/4200/2369 2393/4202/2371
f 2346/4203/2324 2394/4204/2372 2335/4205/2313
f 2394/4204/2372 2346/4203/2324 2345/4206/2323
f 2394/4204/2372 2345/4206/2323 2342/4207/2320
f 2335/4205/2313 2394/4204/2372 2208/4208/2188
f 2394/4204/2372 2342/4207/2320 2395/4209/2373
f 2395/4209/2373 2342/4207/2320 2339/4210/2317
f 2395/4209/2373 2339/4210/2317 2338/4211/2316
f 2395/4209/2373 2338/4211/2316 2327/4212/2305
f 2395/4209/2373 2327/4212/2305 2357/4213/2335
f 2395/4209/2373 2357/4213/2335 2208/4208/2188
f 2208/4208/2188 2357/4213/2335 2207/4214/2187
f 2394/4204/2372 2395/4209/2373 2396/4215/2374
f 2394/4204/2372 2396/4215/2374 2208/4208/2188
f 2208/4208/2188 2396/4215/2374 2395/4209/2373
f 2397/4216/2375 2398/4217/2376 2399/4218/2377
f 2397/4216/2375 2399/4218/2377 2400/4219/2378
f 2397/4216/2375 2400/4219/2378 2401/4220/2379
f 2397/4216/2375 2401/4220/2379 2398/4217/2376
f 2401/4220/2379 2400/4219/2378 2402/4221/2380
f 2401/4220/2379 2402/4221/2380 2195/4222/2175
f 2195/4222/2175 2402/4221/2380 2194/4223/2174
f 2401/4220/2379 2195/4222/2175 2207/4224/2187
f 2401/4220/2379 2207/4224/2187 2398/4217/2376
f 2207/4224/2187 2195/4222/2175 2199/4225/2179
f 2403/4226/2381 2399/4218/2377 2398/4217/2376
f 2403/4226/2381 2398/4217/2376 2207/4224/2187
f 2399/4218/2377 2403/4226/2381 2404/4227/2382
f 2404/4227/2382 2403/4226/2381 2405/4228/2383
f 2404/4227/2382 2405/4228/2383 2406/4229/2384
f 2403/4226/2381 2207/4224/2187 2407/4230/2385
f 2403/4226/2381 2407/4230/2385 2405/4228/2383
f 2405/4228/2383 2407/4230/2385 2406/4229/2384
f 2407/4230/2385 2207/4224/2187 2359/4231/2337
f 2406/4229/2384 2407/4230/2385 2197/4232/2177
f 2197/4232/2177 2407/4230/2385 2359/4231/2337
f 2384/4233/2362 2408/4234/2386 2409/4235/2387
f 2409/4235/2387 2408/4234/2386 2410/4236/2388
f 2408/4234/2386 2384/4233/2362 2386/4237/2364
f 2409/4238/2387 2385/4239/2363 2384/4240/2362
f 2385/4239/2363 2409/4238/2387 2410/4241/2388
f 2385/4239/2363 2410/4241/2388 2408/4242/2386
f 2385/4239/2363 2408/4242/2386 2386/4243/2364
f 2372/4244/2350 2368/4245/2346 2383/4246/2361
f 2372/4244/2350 2383/4246/2361 2411/4247/2389
f 2411/4247/2389 2383/4246/2361 2412/4248/2390
f 2411/4247/2389 2412/4248/2390 2385/4249/2363
f 2385/4249/2363 2412/4248/2390 2383/4246/2361
f 2385/4249/2363 2383/4246/2361 2382/4250/2360
f 2372/4251/2350 2411/4252/2389 2392/4253/2370
f 2392/4253/2370 2411/4252/2389 2385/4254/2363
f 2373/4255/2351 2372/4256/2350 2392/4257/2370
f 2373/4255/2351 2392/4257/2370 2413/4258/2391
f 2373/4255/2351 2413/4258/2391 2374/4259/2352
f 2374/4259/2352 2413/4258/2391 2392/4257/2370
f 2374/4259/2352 2392/4257/2370 2414/4260/2392
f 2414/4260/2392 2392/4257/2370 2393/4261/2371
f 2374/4259/2352 2414/4260/2392 2415/4262/2393
f 2415/4262/2393 2414/4260/2392 2393/4261/2371
f 2400/4263/2378 2416/4264/2394 2417/4265/2395
f 2416/4264/2394 2400/4263/2378 2418/4266/2396
f 2400/4263/2378 2417/4265/2395 2402/4267/2380
f 2416/4264/2394 2418/4266/2396 2419/4268/2397
f 2418/4266/2396 2400/4263/2378 2399/4269/2377
f 2418/4266/2396 2399/4269/2377 2419/4268/2397
f 2419/4268/2397 2399/4269/2377 2404/4270/2382
f 2419/4268/2397 2404/4270/2382 2406/4271/2384
f 2402/4267/2380 2417/4265/2395 2194/4272/2174
f 2194/4272/2174 2417/4265/2395 2420/4273/2398
f 2420/4273/2398 2417/4265/2395 2421/4274/2399
f 2420/4273/2398 2421/4274/2399 2422/4275/2400
f 2422/4275/2400 2421/4274/2399 2423/4276/2401
f 2420/4273/2398 2422/4275/2400 2424/4277/2402
f 2424/4277/2402 2422/4275/2400 2423/4276/2401
f 2420/4273/2398 2424/4277/2402 2194/4272/2174
f 2194/4272/2174 2424/4277/2402 2423/4276/2401
f 2194/4272/2174 2423/4276/2401 2425/4278/2403
f 2421/4279/2399 2417/4280/2395 2416/4281/2394
f 2421/4279/2399 2416/4281/2394 2426/4282/2404
f 2421/4279/2399 2426/4282/2404 2423/4283/2401
f 2426/4282/2404 2416/4281/2394 2419/4284/2397
f 2423/4283/2401 2426/4282/2404 2427/4285/2405
f 2427/4285/2405 2426/4282/2404 2419/4284/2397
f 2423/4283/2401 2427/4285/2405 2425/4286/2403
f 2427/4285/2405 2419/4284/2397 2428/4287/2406
f 2428/4287/2406 2419/4284/2397 2406/4288/2384
f 2428/4287/2406 2406/4288/2384 2429/4289/2407
f 2429/4289/2407 2406/4288/2384 2197/4290/2177
f 2428/4287/2406 2429/4289/2407 2430/4291/2408
f 2430/4291/2408 2429/4289/2407 2197/4290/2177
f 2428/4287/2406 2430/4291/2408 2427/4285/2405
f 2430/4291/2408 2197/4290/2177 2431/4292/2409
f 2430/4291/2408 2431/4292/2409 2427/4285/2405
f 2427/4285/2405 2431/4292/2409 2425/4286/2403
f 2431/4292/2409 2197/4290/2177 2194/4293/2174
f 2431/4292/2409 2194/4293/2174 2425/4286/2403
f 2432/4294/2410 2433/4295/2411 2386/4296/2364
f 2432/4294/2410 2386/4296/2364 2380/4297/2358
f 2432/4294/2410 2380/4297/2358 2390/4298/2368
f 2432/4294/2410 2390/4298/2368 2433/4295/2411
f 2433/4295/2411 2390/4298/2368 2389/4299/2367
f 2433/4295/2411 2389/4299/2367 2386/4296/2364
f 2386/4296/2364 2389/4299/2367 2385/4300/2363
f 2385/4300/2363 2389/4299/2367 2392/4301/2370
f 2374/4302/2352 2391/4303/2369 2378/4304/2356
f 2374/4302/2352 2378/4304/2356 2376/4305/2354
f 2376/4305/2354 2378/4304/2356 2377/4306/2355
f 2391/4303/2369 2374/4302/2352 2415/4307/2393
f 2391/4303/2369 2415/4307/2393 2393/4308/2371
f 2378/4304/2356 2391/4303/2369 2381/4309/2359
f 2381/4309/2359 2391/4303/2369 2388/4310/2366
