mtllib Penguin.mtl
o tripo_node_1b624923-7277-40fe-9aa8-7eb2f7a760df
g tripo_node_1b624923-7277-40fe-9aa8-7eb2f7a760df
usemtl tripo_material_1b624923_7277_40fe_9aa8_7eb2f7a760df
v 0.045890786 0.164733887 -0.282852173
vt 0.534423828 0.442626953
vn 0.521759510 -0.719395757 -0.458515972
v 0.044757824 0.152130127 -0.248458847
vt 0.526611328 0.429443359
vn 0.291032016 -0.888827443 -0.353957862
v 0.023477530 0.160797119 -0.296890259
vt 0.546875000 0.442382812
vn 0.221124634 -0.908190489 -0.355378866
v 0.066307053 0.156188965 -0.234008789
vt 0.514648438 0.431152344
vn 0.487705410 -0.739424348 -0.464106798
v 0.017621975 0.148223877 -0.251266479
vt 0.537841797 0.424072266
vn 0.118282698 -0.914719522 -0.386390150
v 0.040134415 0.134704590 -0.222244248
vt 0.521972656 0.416503906
vn 0.267782956 -0.811224878 -0.519814014
v -0.007465386 0.157348633 -0.291549683
vt 0.557861328 0.433349609
vn -0.023630101 -0.960957706 -0.275684536
v 0.018180836 0.120941162 -0.209121689
vt 0.528076172 0.404296875
vn 0.125414014 -0.846544743 -0.517332852
v -0.003354329 0.147888184 -0.252426147
vt 0.546875000 0.419921875
vn -0.000000020 -0.892841339 -0.450371265
v -0.020391481 0.147644043 -0.249008164
vt 0.553955078 0.415527344
vn -0.158128738 -0.901333690 -0.403228164
v -0.007137310 0.119323730 -0.208282456
vt 0.538818359 0.398925781
vn -0.062912256 -0.857179046 -0.511161745
v 0.054862972 0.103149414 -0.164215073
vt 0.503417969 0.392089844
vn 0.189499930 -0.868541420 -0.457958192
v 0.011368744 0.106719971 -0.184844956
vt 0.525878906 0.391601562
vn 0.039266739 -0.918841958 -0.392667502
v -0.025293356 0.104095459 -0.175079331
vt 0.540283203 0.381591797
vn -0.086827099 -0.907737613 -0.410455227
v -0.032863628 0.118347168 -0.199661240
vt 0.549072266 0.391357422
vn -0.196067914 -0.847013295 -0.494091004
v -0.017257694 0.097412109 -0.156524643
vt 0.533203125 0.374755859
vn 0.015703322 -0.973605216 -0.227697954
v -0.029375101 0.162445068 -0.295608521
vt 0.568359375 0.430908203
vn -0.385779023 -0.818796158 -0.425144106
v 0.006255123 0.164337158 -0.311080933
vt 0.556884766 0.444335938
vn 0.039416503 -0.827747405 -0.559714794
v -0.007713346 0.171081543 -0.316513062
vt 0.563964844 0.446044922
vn -0.204680115 -0.188935459 -0.960421562
v 0.020360919 0.176818848 -0.313308716
vt 0.550781250 0.451171875
vn 0.512112677 0.015757302 -0.858773828
v -0.051616687 0.154174805 -0.246185288
vt 0.568359375 0.410644531
vn -0.347189367 -0.867973447 -0.355079949
v -0.062843345 0.167236328 -0.258224487
vt 0.577148438 0.414550781
vn -0.669914722 -0.591101229 -0.449236810
v -0.068351761 0.150909424 -0.223510712
vt 0.572998047 0.400878906
vn -0.519347131 -0.684593856 -0.511478066
v -0.035198227 0.145904541 -0.241027817
vt 0.559570312 0.409912109
vn -0.306309015 -0.793261766 -0.526223004
v -0.056728374 0.125610352 -0.198928803
vt 0.560791016 0.388916016
vn -0.347286761 -0.757716477 -0.552501440
v -0.085128792 0.142028809 -0.198211640
vt 0.576660156 0.387939453
vn -0.520589650 -0.583691359 -0.623129904
v -0.089561477 0.160888672 -0.210113496
vt 0.583496094 0.394775391
vn -0.687924504 -0.355823070 -0.632574081
v -0.120796211 0.160339355 -0.181762666
vt 0.596191406 0.385009766
vn -0.583636940 -0.394349247 -0.709828556
v -0.144622803 0.143676758 -0.149429291
vt 0.600097656 0.365966797
vn -0.545936704 -0.530112386 -0.648794234
v -0.115013130 0.125061035 -0.157958955
vt 0.583496094 0.368408203
vn -0.487223327 -0.644392073 -0.589382946
v -0.086532600 0.126556396 -0.180602998
vt 0.572509766 0.379150391
vn -0.393932879 -0.716957867 -0.575141907
v -0.099601746 0.103729248 -0.141647309
vt 0.571533203 0.361572266
vn -0.401028246 -0.754876673 -0.518977582
v -0.084403992 0.103363037 -0.150649995
vt 0.564453125 0.364501953
vn -0.243815035 -0.833689988 -0.495494932
v -0.058242798 0.092803955 -0.139465302
vt 0.549804688 0.363769531
vn -0.102257654 -0.920318842 -0.377566695
v -0.095581055 0.087280273 -0.114494294
vt 0.563720703 0.352294922
vn -0.141281903 -0.879087329 -0.455241591
v -0.074661247 0.079437256 -0.098258950
vt 0.553710938 0.349609375
vn 0.134137169 -0.931069732 -0.339288116
v -0.045860291 0.088378906 -0.120902993
vt 0.541503906 0.356689453
vn 0.086496294 -0.975048900 -0.204445705
v -0.018795006 0.083129883 -0.081306443
vt 0.521728516 0.345703125
vn 0.055343352 -0.988273621 -0.142311350
v 0.011923793 0.090545654 -0.114776596
vt 0.512695312 0.363525391
vn -0.031410474 -0.981577873 -0.188462898
v 0.013199815 0.082794189 -0.075508103
vt 0.505615234 0.347900391
vn -0.055296645 -0.995340228 -0.078995198
v 0.032146450 0.095672607 -0.149291977
vt 0.509765625 0.380371094
vn -0.015702818 -0.965723753 -0.259096563
v 0.049045570 0.080963135 -0.089942925
vt 0.491699219 0.359619141
vn -0.125859454 -0.975410879 -0.180922925
v 0.042293560 0.078247070 -0.048217759
vt 0.488769531 0.342285156
vn -0.188503608 -0.981789827 -0.023562890
v 0.015821472 0.081726074 -0.018699629
vt 0.494873047 0.330322266
vn -0.031464819 -0.999009490 0.031464916
v 0.073509224 0.081146240 -0.101554863
vt 0.482666016 0.367919922
vn -0.094664432 -0.938755631 -0.331325471
v 0.079299927 0.087982178 -0.121650688
vt 0.484619141 0.377929688
vn 0.110031746 -0.919551075 -0.377251714
v 0.063659675 0.074340820 -0.072471611
vt 0.482177734 0.354248047
vn -0.355124235 -0.915431440 -0.189399526
v 0.061004654 0.071563721 -0.037128437
vt 0.479736328 0.339599609
vn -0.466057450 -0.884719312 0.007899378
v 0.054344196 0.078369141 0.010371218
vt 0.477294922 0.322265625
vn -0.276164681 -0.954741061 0.110465981
v 0.078155532 0.062072754 -0.009884826
vt 0.471923828 0.330322266
vn -0.558276772 -0.802031517 0.212302580
v 0.076614395 0.061401367 -0.044631951
vt 0.472656250 0.343261719
vn -0.857922077 -0.511604965 -0.047224931
v 0.085166939 0.063690186 -0.069892876
vt 0.470703125 0.354736328
vn -0.621546507 -0.653017223 -0.432722151
v 0.086647049 0.049194336 -0.011384956
vt 0.467773438 0.329101562
vn -0.958848119 -0.023578264 0.282938898
v 0.098449729 0.049682617 0.006009585
vt 0.466308594 0.320800781
vn -0.623556793 0.639343083 0.449908167
v 0.085281394 0.039825439 0.003727444
vt 0.462890625 0.322265625
vn -0.788943946 0.591707945 0.165678307
v 0.078765884 0.034149170 -0.030477514
vt 0.463378906 0.333740234
vn -0.970038831 0.236594796 0.055205576
v 0.081306472 0.040863037 -0.055896752
vt 0.463378906 0.342285156
vn -0.953791380 0.023647664 -0.299537629
v 0.073646560 0.011260986 -0.038051594
vt 0.455078125 0.330322266
vn -0.989522040 0.102093488 -0.102093421
v 0.072471641 0.008819580 -0.003475655
vt 0.455322266 0.319335938
vn -0.998206854 -0.055019319 0.023579821
v 0.077888504 0.003265381 -0.051723469
vt 0.451660156 0.332519531
vn -0.591708004 -0.788943946 -0.165678129
v 0.088935860 0.042755127 -0.069587700
vt 0.463134766 0.349853516
vn -0.770698547 -0.015728602 -0.637005806
v 0.086509719 0.006774902 -0.072937004
vt 0.451660156 0.339111328
vn -0.818263829 0.023603704 -0.574358165
v 0.095832832 0.065826416 -0.080009460
vt 0.468505859 0.361572266
vn -0.251648933 -0.668442309 -0.699898362
v 0.098258980 0.042480469 -0.077667229
vt 0.460449219 0.353759766
vn -0.424710125 0.039324939 -0.904474914
v 0.097282417 0.003143311 -0.082069390
vt 0.448242188 0.340332031
vn -0.339743227 -0.766397476 -0.545169175
v 0.108970657 0.000061035 -0.054561608
vt 0.436523438 0.329101562
vn -0.015741648 -0.999597251 -0.023612488
v 0.078399681 0.003204346 0.001937639
vt 0.440429688 0.311279297
vn -0.244200453 -0.968924582 0.039387252
v 0.110794090 0.001159668 0.021625524
vt 0.429443359 0.300292969
vn -0.023608834 -0.999442518 0.023608925
v 0.100547791 0.085540771 -0.109741211
vt 0.473388672 0.377197266
vn 0.165554583 -0.827773154 -0.536081553
v 0.115905769 0.068572998 -0.086494446
vt 0.461669922 0.368896484
vn 0.126046702 -0.559332669 -0.819304109
v 0.094818115 0.101776123 -0.142105103
vt 0.482421875 0.390869141
vn 0.298289329 -0.816370785 -0.494532347
v 0.130538940 0.108612061 -0.124015808
vt 0.464843750 0.393798828
vn 0.377356619 -0.707543731 -0.597481370
v 0.065864556 0.128417969 -0.198226929
vt 0.506103516 0.412353516
vn 0.379544437 -0.735367477 -0.561409533
v 0.107215874 0.115722656 -0.153945923
vt 0.480224609 0.401855469
vn 0.448152572 -0.691884696 -0.566087425
v 0.143051147 0.132843018 -0.141510010
vt 0.463867188 0.410156250
vn 0.504249692 -0.606675506 -0.614554465
v 0.117088310 0.137634277 -0.169403076
vt 0.479492188 0.415283203
vn 0.520589530 -0.583691359 -0.623130023
v 0.085350022 0.151824951 -0.208038330
vt 0.500732422 0.426757812
vn 0.558138788 -0.550277710 -0.621027827
v 0.137039170 0.161468506 -0.169601440
vt 0.470947266 0.427246094
vn 0.581740141 -0.440235823 -0.683937788
v 0.166366577 0.123382568 -0.116210945
vt 0.450439453 0.404296875
vn 0.542684913 -0.582010031 -0.605605066
v 0.137847900 0.073089600 -0.082427979
vt 0.452148438 0.374267578
vn 0.426162302 -0.615567863 -0.662919223
v 0.138443008 0.054443359 -0.077301018
vt 0.449462891 0.366943359
vn 0.510263085 0.086352222 -0.855672181
v 0.156372085 0.073944092 -0.066421516
vt 0.441162109 0.374755859
vn 0.635964394 -0.541747510 -0.549598992
v 0.186889648 0.126831055 -0.096313484
vt 0.437500000 0.405761719
vn 0.684085727 -0.542550743 -0.487509519
v 0.157257095 0.053344727 -0.059249882
vt 0.438964844 0.366699219
vn 0.717314065 0.260124922 -0.646371126
v 0.201431274 0.166687012 -0.112258926
vt 0.435058594 0.425292969
vn 0.747568071 -0.393456906 -0.535101533
v 0.163681045 0.020538330 -0.069427490
vt 0.435302734 0.355224609
vn 0.653847337 0.189064324 -0.732624352
v 0.185852051 0.166351318 -0.130737320
vt 0.444580078 0.428466797
vn 0.639343023 -0.402549356 -0.655129433
v 0.205032349 0.201019287 -0.126998916
vt 0.433349609 0.442626953
vn 0.757032752 -0.260230035 -0.599317789
v 0.143325821 0.011199951 -0.085540771
vt 0.440429688 0.350585938
vn 0.456636220 -0.000000019 -0.889653623
v 0.165100113 0.003326416 -0.063114166
vt 0.429687500 0.347900391
vn 0.306592792 -0.880471647 -0.361622274
v 0.121498115 0.045928955 -0.083015434
vt 0.454101562 0.360839844
vn 0.031477395 0.125910074 -0.991542220
v 0.130477920 0.014709473 -0.089355461
vt 0.444580078 0.349609375
vn 0.102473319 0.055177975 -0.993204236
v 0.111274727 0.009552002 -0.088874809
vt 0.448242188 0.346435547
vn -0.227473855 0.047063477 -0.972646236
v 0.127899185 0.003204346 -0.084838860
vt 0.441894531 0.345214844
vn 0.078613535 -0.943362474 -0.322315454
v 0.168807998 0.002349854 -0.047710419
vt 0.424804688 0.342529297
vn 0.062772654 -0.996515274 -0.054926001
v 0.190551743 0.222564697 -0.151367202
vt 0.444091797 0.454345703
vn 0.669249773 -0.196838185 -0.716491103
v 0.213912964 0.250152588 -0.132141128
vt 0.429443359 0.464111328
vn 0.756374598 -0.102425732 -0.646070063
v 0.183471665 0.273620605 -0.163299575
vt 0.445068359 0.478515625
vn 0.612278044 -0.321838498 -0.722174227
v 0.167663559 0.186431885 -0.158218384
vt 0.456542969 0.439208984
vn 0.606863856 -0.307372630 -0.732965529
v 0.161621079 0.221862793 -0.173873901
vt 0.459960938 0.456542969
vn 0.566490173 -0.149490505 -0.810395896
v 0.132797226 0.183715820 -0.182754517
vt 0.474853516 0.438964844
vn 0.580718160 -0.243273854 -0.776906908
v 0.099105820 0.166961670 -0.204238892
vt 0.493896484 0.433593750
vn 0.653219342 -0.267583847 -0.708310306
v 0.113700852 0.203674316 -0.200607300
vt 0.484130859 0.449707031
vn 0.533567131 -0.102005526 -0.839583933
v 0.075195298 0.160827637 -0.229278564
vt 0.509765625 0.433837891
vn 0.763661087 -0.393639773 -0.511731803
v 0.094070420 0.193054199 -0.215484619
vt 0.496337891 0.446533203
vn 0.591413438 -0.126168221 -0.796437025
v 0.149581894 0.266174316 -0.186401367
vt 0.463134766 0.478515625
vn 0.498152107 -0.189772278 -0.846068084
v 0.062629677 0.171966553 -0.265731812
vt 0.523437500 0.443115234
vn 0.827361822 -0.315185457 -0.464898646
v 0.082672104 0.180633545 -0.226303101
vt 0.505126953 0.443115234
vn 0.849472463 0.094385847 -0.519122183
v 0.084976181 0.190765381 -0.220535278
vt 0.501220703 0.447021484
vn 0.654497504 0.212908864 -0.725467324
v 0.050674416 0.175323486 -0.284652710
vt 0.532714844 0.447265625
vn 0.756257176 -0.023633033 -0.653847516
v 0.058837868 0.185180664 -0.267715454
vt 0.523437500 0.449218750
vn 0.797205508 0.402549356 -0.449908227
v 0.061088543 0.196990967 -0.245040894
vt 0.513916016 0.453369141
vn 0.612731278 0.628442407 -0.479187489
v 0.047550179 0.186767578 -0.282852173
vt 0.531982422 0.452392578
vn 0.543357551 0.677228391 -0.496109277
v 0.028030369 0.191192627 -0.294937134
vt 0.541748047 0.457519531
vn 0.292794377 0.838816643 -0.458975166
v 0.039440136 0.207763672 -0.248275742
vt 0.517822266 0.463134766
vn 0.353008986 0.784464598 -0.509902120
v 0.052635174 0.213531494 -0.235748276
vt 0.510498047 0.461914062
vn 0.457260191 0.362654716 -0.812031269
v 0.027204493 0.227935791 -0.238128647
vt 0.514648438 0.472412109
vn 0.149582997 0.338530213 -0.928989947
v 0.062454205 0.234924316 -0.226806641
vt 0.502685547 0.468750000
vn 0.338121682 0.157265916 -0.927869141
v 0.084945664 0.206665039 -0.220169067
vt 0.498291016 0.453613281
vn 0.480404228 0.070879310 -0.874178469
v 0.096916184 0.228149414 -0.212600708
vt 0.489990234 0.462646484
vn 0.456409901 -0.031476572 -0.889212728
v 0.076782212 0.245162949 -0.221054077
vt 0.496337891 0.471923828
vn 0.313718140 0.031371798 -0.948997855
v 0.110137925 0.274749756 -0.207595825
vt 0.482177734 0.483398438
vn 0.347622424 -0.331821471 -0.876956820
v 0.141387925 0.271331787 -0.202819824
vt 0.468017578 0.484863281
vn 0.172800273 -0.651928604 -0.738328695
v 0.171432480 0.269546509 -0.179977432
vt 0.453857422 0.482177734
vn 0.535648942 -0.677438438 -0.504140317
v 0.148040757 0.277389526 -0.206115723
vt 0.465332031 0.488037109
vn 0.614097059 -0.251937270 -0.747938812
v 0.146575913 0.303298950 -0.211837769
vt 0.463378906 0.497802734
vn 0.442649662 0.079044580 -0.893204033
v 0.168731675 0.281356812 -0.185562134
vt 0.453369141 0.488281250
vn 0.593260884 -0.308495671 -0.743553698
v 0.161910996 0.305023193 -0.196838379
vt 0.455078125 0.499023438
vn 0.587986588 0.047038924 -0.807501733
v 0.174530014 0.296600342 -0.191116348
vt 0.449707031 0.495117188
vn 0.573382854 -0.062836498 -0.816874325
v 0.184463486 0.278656006 -0.175872818
vt 0.446777344 0.489990234
vn 0.693601727 -0.220691472 -0.685720026
v 0.210494980 0.274017334 -0.151962295
vt 0.439208984 0.489746094
vn 0.700006545 -0.094382912 -0.707871974
v 0.239669800 0.269989014 -0.118370079
vt 0.428466797 0.505126953
vn 0.805651009 -0.165869325 -0.568694949
v 0.185516343 0.303268433 -0.179245010
vt 0.442382812 0.498535156
vn 0.864108324 0.023566607 -0.502754033
v 0.181365952 0.332901001 -0.178649932
vt 0.438964844 0.508056641
vn 0.566648066 0.346285015 -0.747660875
v 0.184112534 0.332901001 -0.172927886
vt 0.436035156 0.507324219
vn 0.732828796 0.157597601 -0.661910057
v 0.212142929 0.330001831 -0.146881133
vt 0.426513672 0.508789062
vn 0.729013801 0.156777188 -0.666303098
vt 0.407226562 0.085937500
v 0.182907119 0.103485107 -0.071907051
vt 0.392578125 0.095214844
vn 0.714742959 -0.589073837 -0.377007365
vt 0.375000000 0.090087891
v 0.170547500 0.074310303 -0.044788364
vt 0.373291016 0.102783203
vn 0.778081715 -0.534439862 -0.330095321
v 0.208358765 0.139862061 -0.072143570
vt 0.411865234 0.102050781
vn 0.804848075 -0.481330723 -0.347189456
v 0.197570816 0.104339600 -0.038581856
vt 0.389404297 0.112792969
vn 0.803348899 -0.559193790 -0.204775289
v 0.165527359 0.055053711 -0.044509891
vt 0.364746094 0.099853516
vn 0.897637725 0.141732305 -0.417322963
vt 0.365234375 0.092041016
v 0.212890625 0.168518066 -0.094604507
vt 0.428955078 0.095458984
vn 0.826233923 -0.369838059 -0.424920410
vt 0.429687500 0.085449219
v 0.226654053 0.225891113 -0.106361404
vt 0.458740234 0.097900391
vn 0.827978849 -0.244450897 -0.504672945
vt 0.448486328 0.081542969
vt 0.471679688 0.084716797
v 0.237503052 0.221679688 -0.083343521
vt 0.454345703 0.109375000
vn 0.893036425 -0.229186326 -0.387246013
v 0.230850220 0.181213379 -0.064445511
vt 0.431884766 0.113037109
vn 0.880471647 -0.361622244 -0.306592882
v 0.246749878 0.217712402 -0.054924034
vt 0.448486328 0.123291016
vn 0.938288569 -0.252312869 -0.236543462
v 0.218093887 0.143768311 -0.049716964
vt 0.411376953 0.114257812
vn 0.873555601 -0.448582560 -0.188877001
v 0.237960830 0.178802490 -0.032053012
vt 0.426757812 0.128662109
vn 0.914662719 -0.378481090 -0.141930521
v 0.254470825 0.221832275 -0.017787956
vt 0.445800781 0.142089844
vn 0.963621795 -0.252753228 -0.086884052
v 0.215560928 0.126770020 -0.004599345
vt 0.395996094 0.133544922
vn 0.875945926 -0.481375635 -0.031565711
v 0.238372818 0.172698975 0.002939922
vt 0.418945312 0.144287109
vn 0.928759634 -0.369929671 -0.023612637
v 0.252151519 0.212860107 0.038074471
vt 0.432373047 0.167480469
vn 0.956051469 -0.284445018 0.071111150
v 0.236541763 0.171600342 0.032432541
vt 0.413085938 0.157470703
vn 0.891978741 -0.442042500 0.094723307
v 0.208724990 0.122955322 0.034599293
vt 0.386718750 0.150878906
vn 0.817050815 -0.542081654 0.196406350
v 0.237976089 0.184722900 0.066368088
vt 0.412841797 0.175292969
vn 0.880254149 -0.424408197 0.212204009
v 0.248367324 0.226959229 0.082199082
vt 0.430664062 0.188964844
vn 0.947234094 -0.252595693 0.197340310
v 0.260849029 0.254043579 0.041625954
vt 0.442138672 0.182617188
vn 0.786938310 -0.613811791 0.062954985
v 0.236297637 0.209106445 0.105392441
vt 0.418212891 0.196533203
vn 0.867973506 -0.347189307 0.355079949
v 0.246933013 0.247726455 0.103141762
vt 0.434814453 0.203369141
vn 0.839196444 -0.454891443 0.298032254
v 0.228836089 0.225280762 0.129577622
vt 0.420410156 0.210693359
vn 0.860136330 -0.291972816 0.418231279
v 0.209808379 0.161254883 0.111160263
vt 0.392578125 0.193115234
vn 0.831558168 -0.447158545 0.329485148
v 0.215683013 0.152008057 0.071472153
vt 0.394042969 0.172607422
vn 0.787377238 -0.559037685 0.259834409
v 0.194320709 0.147888184 0.124923691
vt 0.381347656 0.195800781
vn 0.669125438 -0.598276854 0.440835506
v 0.192733794 0.128356934 0.089088432
vt 0.376953125 0.176025391
vn 0.685209453 -0.677333355 0.267782927
v 0.199340850 0.129425049 0.064338669
vt 0.382324219 0.165283203
vn 0.692377150 -0.653037369 0.306848854
v 0.169662505 0.095428467 0.050712582
vt 0.364013672 0.153564453
vn 0.527919292 -0.764300942 0.370331377
v 0.188751236 0.101196289 0.037429802
vt 0.373779297 0.147460938
vn 0.669249892 -0.669249833 0.322814584
v 0.162475601 0.072174072 0.023628233
vt 0.358642578 0.136230469
vn 0.520654440 -0.694205821 0.496988207
v 0.199096695 0.100799561 -0.000606427
vt 0.381591797 0.130371094
vn 0.794045806 -0.605361581 0.055032797
v 0.175354019 0.072937012 -0.001318936
vt 0.365966797 0.123779297
vn 0.755811989 -0.621970117 0.204698980
v 0.158920303 0.056152344 0.010149000
vt 0.354980469 0.126464844
vn 0.260351479 0.915174901 0.307688057
v 0.175674453 0.073974609 -0.025884632
vt 0.370605469 0.112060547
vn 0.818517208 -0.566665649 -0.094444372
v 0.167907730 0.056427002 -0.010667805
vt 0.359375000 0.115966797
vn 0.637064934 0.770769954 0.007864883
v 0.168762222 0.056274414 -0.024286274
vt 0.361816406 0.109619141
vn 0.990255177 0.039295878 -0.133605987
v 0.180053726 0.049224854 -0.024805075
vt 0.355712891 0.106933594
vn 0.514030755 0.814541161 -0.268877745
v 0.216384903 0.041687012 0.015884390
vt 0.330566406 0.106689453
vn 0.489587218 0.852829456 -0.181621179
v 0.174423233 0.043060303 -0.043720249
vt 0.357910156 0.098144531
vn 0.661355734 0.582623005 -0.472397149
v 0.215347305 0.035095215 -0.000842842
vt 0.336181641 0.102539062
vn 0.675554693 0.573436022 -0.463462114
v 0.196578994 0.022491455 -0.035606392
vt 0.344482422 0.093261719
vn 0.696201563 0.379746377 -0.609176576
vt 0.352294922 0.081542969
v 0.232559234 0.024047852 0.017522803
vt 0.324218750 0.099121094
vn 0.818999171 0.417374641 -0.393749774
v 0.237426788 0.029876709 0.042087544
vt 0.314941406 0.101074219
vn 0.788110375 0.598963976 -0.141860008
v 0.238937408 0.009948730 0.024255741
vt 0.318603516 0.094482422
vn 0.935558915 -0.102203906 -0.338059247
v 0.214096084 0.014953613 -0.018003471
vt 0.334716797 0.093261719
vn 0.811325490 0.141785040 -0.567140281
v 0.214996353 0.004241943 -0.011380202
vt 0.329833984 0.089599609
vn 0.513309002 -0.766014993 -0.386956036
v 0.189971939 0.010498047 -0.045345310
vt 0.342041016 0.086914062
vn 0.694789708 -0.213174134 -0.686894536
vt 0.344238281 0.077636719
v 0.235397339 0.267837524 -0.105613731
vt 0.222656250 0.465087891
vn 0.781541049 -0.386823356 -0.489450037
vt 0.220458984 0.447509766
vt 0.230224609 0.452880859
vt 0.246826172 0.450683594
vt 0.212890625 0.446289062
vt 0.227539062 0.471679688
v 0.253677368 0.264480591 -0.060115837
vt 0.201171875 0.465332031
vn 0.885327101 -0.379425853 -0.268760085
vt 0.200683594 0.444824219
vt 0.186279297 0.445068359
v 0.264175415 0.266189575 -0.070182830
vt 0.203613281 0.470947266
vn 0.893465221 -0.219447583 -0.391870856
v 0.262313843 0.260879517 -0.009717012
vt 0.179931641 0.460693359
vn 0.898976445 -0.402173609 -0.173486799
v 0.262649536 0.255599976 0.017379737
vt 0.175048828 0.448974609
vn 0.929018736 -0.370032847 -0.000000106
vt 0.173828125 0.433105469
vt 0.167968750 0.442382812
v 0.272598267 0.261291504 -0.022747066
vt 0.182617188 0.467285156
vn 0.243476391 -0.903218806 -0.353433460
v 0.276626587 0.266677856 -0.032505061
vt 0.187988281 0.470947266
vn 0.964555025 -0.039530914 -0.260904342
v 0.282028198 0.282546997 -0.006986169
vt 0.178466797 0.475341797
vn 0.795250833 0.000000008 -0.606280565
v 0.279434204 0.306350708 -0.014042882
vt 0.181396484 0.486572266
vn 0.926238298 0.196236983 -0.321828693
v 0.267868042 0.321990967 -0.052783992
vt 0.197021484 0.493652344
vn 0.939428091 0.213147610 -0.268408179
v 0.264724731 0.318969727 -0.018045453
vt 0.184082031 0.495117188
vn 0.645269275 0.723960757 -0.243943408
v 0.261245728 0.321762085 -0.038417842
vt 0.187744141 0.498535156
vn 0.945468247 0.275761604 -0.173335999
v 0.253189087 0.325988770 -0.089607261
vt 0.215332031 0.496826172
vn 0.892813504 0.165921122 -0.418753386
v 0.247421265 0.327621460 -0.085815452
vt 0.215087891 0.500244141
vn 0.879955053 0.267129213 -0.392837226
v 0.236404404 0.327438354 -0.118927024
vt 0.230468750 0.496582031
vn 0.796932518 0.244603068 -0.552329600
vt 0.246093750 0.495849609
vt 0.246582031 0.471191406
v 0.216766343 0.332153320 -0.132949859
vt 0.242187500 0.500488281
vn 0.709101140 0.220609263 -0.669706821
v 0.182708725 0.334823608 -0.162460357
vt 0.256835938 0.493164062
vn 0.623653889 0.268408060 -0.734175026
v 0.255722046 0.346496582 -0.059120204
vt 0.201904297 0.508789062
vn 0.967874050 0.086557887 -0.236066982
v 0.264205933 0.359069824 -0.007185488
vt 0.179931641 0.520019531
vn 0.988973260 0.078489974 -0.125584036
v 0.233703598 0.354400635 -0.106445335
vt 0.227783203 0.510498047
vn 0.832249701 0.117771208 -0.541747570
v 0.256271362 0.415657043 -0.022464782
vt 0.193115234 0.543212891
vn 0.979571700 0.142195925 -0.142196015
v 0.261825562 0.399085999 0.015480012
vt 0.176025391 0.540039062
vn 0.992033720 0.125972584 -0.000000136
v 0.246353149 0.354888916 -0.082702659
vt 0.215087891 0.511962891
vn 0.911044657 0.125661373 -0.392691791
v 0.249191284 0.418884277 -0.051425964
vt 0.206298828 0.541992188
vn 0.943741620 0.141561270 -0.298851639
v 0.234008774 0.429565430 -0.084312469
vt 0.223388672 0.544677734
vn 0.875210345 0.157695591 -0.457317263
v 0.216278061 0.402664185 -0.117713958
vt 0.239013672 0.531005859
vn 0.749333382 0.141978964 -0.646793246
v 0.184005722 0.407653809 -0.147094756
vt 0.259521484 0.531738281
vn 0.655170083 0.142085090 -0.742000043
v 0.235733032 0.486819506 -0.055221587
vt 0.213867188 0.571289062
vn 0.919295490 0.023571705 -0.392861456
v 0.222122177 0.437950134 -0.101776153
vt 0.232666016 0.548095703
vn 0.810897946 0.196819916 -0.551095843
v 0.199340805 0.441043854 -0.128448516
vt 0.248291016 0.546875000
vn 0.661089420 0.196752846 -0.724050522
v 0.170593247 0.422492981 -0.154327407
vt 0.265380859 0.538330078
vn 0.560936213 0.189612299 -0.805852294
v 0.159088120 0.524196625 -0.135986343
vt 0.266601562 0.579833984
vn 0.575481415 0.244382560 -0.780447602
v 0.200027451 0.493042469 -0.109237701
vt 0.244628906 0.570556641
vn 0.703584731 0.252974331 -0.664057672
v 0.207305893 0.513690948 -0.091781646
vt 0.237060547 0.580810547
vn 0.755717993 0.283394277 -0.590404928
v 0.229385361 0.491755009 -0.068176299
vt 0.220458984 0.573242188
vn 0.776906669 0.109865606 -0.619956017
v 0.241210923 0.496169090 -0.075019866
vt 0.219238281 0.578613281
vn 0.229401320 -0.696114540 -0.680293739
v 0.253921509 0.489291668 -0.033355746
vt 0.202880859 0.576171875
vn 0.416999757 -0.889074981 -0.188830093
v 0.249114975 0.501160622 -0.073387176
vt 0.217773438 0.581787109
vn 0.212223694 -0.440167844 -0.872475505
v 0.282150269 0.500756264 -0.042549171
vt 0.202636719 0.588623047
vn 0.337787777 -0.911241472 -0.235665917
v 0.256210327 0.489349365 0.000002231
vt 0.189941406 0.579345703
vn 0.440412819 -0.896554530 0.047187064
v 0.243240356 0.482595921 -0.029592546
vt 0.202392578 0.571044922
vn 0.978320897 0.063117512 -0.197242245
v 0.246139526 0.481173992 -0.001026081
vt 0.190185547 0.573730469
vn 0.997713923 -0.039280035 -0.054992236
v 0.254623413 0.491982937 0.037109341
vt 0.174804688 0.584716797
vn 0.653502822 -0.716491044 0.244079307
v 0.261306763 0.495932579 0.026397672
vt 0.178955078 0.587158203
vn 0.496525109 -0.811778963 0.307372600
v 0.255691528 0.438545227 0.020273177
vt 0.178710938 0.558837891
vn 0.983490050 0.180962205 -0.000000137
v 0.254653931 0.424018860 0.073997468
vt 0.158935547 0.560791016
vn 0.970038831 0.197162390 0.141956732
v 0.245590210 0.483260632 0.025857894
vt 0.178466797 0.577636719
vn 0.991388738 0.110154353 0.070813343
v 0.242889404 0.491796494 0.051242795
vt 0.170166016 0.586181641
vn 0.966677785 0.078591742 0.243634105
v 0.000359701 0.187255859 -0.311630249
vt 0.488525391 0.796142578
vn 0.055362228 0.577350259 -0.814617515
vt 0.483886719 0.787597656
vt 0.492919922 0.790039062
vt 0.495361328 0.798828125
v 0.001557800 0.191833496 -0.305313110
vt 0.485351562 0.795654297
vn -0.054982018 0.911128998 -0.408437163
v -0.022466686 0.185729980 -0.304916382
vt 0.487548828 0.802978516
vn -0.384636372 0.612278044 -0.690775275
v -0.027208354 0.173919678 -0.306900024
vt 0.491210938 0.806152344
vn -0.652734518 -0.062914215 -0.754969835
vt 0.493896484 0.811279297
v -0.035095241 0.192749023 -0.284835815
vt 0.479736328 0.807128906
vn -0.315508932 0.851873875 -0.418049246
v -0.044532798 0.186737061 -0.284317017
vt 0.481201172 0.810302734
vn -0.621027887 0.550277710 -0.558138788
v -0.053703330 0.179473877 -0.278701782
vt 0.481933594 0.814208984
vn -0.824703515 0.007854257 -0.565510809
vt 0.481689453 0.821777344
v -0.060325641 0.195220947 -0.248580903
vt 0.469482422 0.817382812
vn -0.687752485 0.569174349 -0.450596362
v -0.071434036 0.175048828 -0.245300263
vt 0.475830078 0.823974609
vn -0.858640492 -0.023632366 -0.512033165
vt 0.484130859 0.831298828
vt 0.477294922 0.836914062
v -0.086029068 0.181640625 -0.219222993
vt 0.470703125 0.832031250
vn -0.814566672 0.110717729 -0.569405615
v -0.067840591 0.201599121 -0.233047456
vt 0.464111328 0.822021484
vn -0.660598814 0.290977955 -0.692055762
v -0.093742386 0.186370850 -0.211135834
vt 0.468750000 0.835205078
vn -0.621970236 -0.204699084 -0.755811751
vt 0.474609375 0.851806641
v -0.102355972 0.189178467 -0.208557099
vt 0.466308594 0.838378906
vn -0.574732006 -0.157460853 -0.803049922
v -0.126190200 0.189422607 -0.189575166
vt 0.464111328 0.850585938
vn -0.565458715 -0.196339861 -0.801066339
v -0.163055420 0.170318604 -0.153411835
vt 0.470214844 0.871093750
vn -0.587319314 -0.383715332 -0.712613940
v -0.176361099 0.214721680 -0.161041215
vt 0.453369141 0.873779297
vn -0.620951116 -0.212223843 -0.754573345
v -0.164932266 0.231933594 -0.172409028
vt 0.446533203 0.867675781
vn -0.556764424 -0.109784573 -0.823383808
v -0.082862869 0.209411621 -0.220199555
vt 0.459716797 0.829101562
vn -0.496232361 0.055136856 -0.866437197
v -0.115936294 0.229553223 -0.201980561
vt 0.447998047 0.843750000
vn -0.510263324 -0.086352296 -0.855672061
v -0.171722427 0.266098022 -0.170822099
vt 0.430664062 0.866699219
vn -0.536498666 -0.197242171 -0.820527136
v -0.198944107 0.260101318 -0.148208573
vt 0.432128906 0.880126953
vn -0.632040977 -0.308120012 -0.711045980
v -0.184387222 0.263061523 -0.169982865
vt 0.427001953 0.871093750
vn -0.047086693 -0.980973184 -0.188346803
v -0.138351455 0.267410278 -0.192459077
vt 0.430419922 0.852050781
vn -0.393408328 -0.448485434 -0.802552760
v -0.085334793 0.234802246 -0.217681855
vt 0.449707031 0.829345703
vn -0.418557495 -0.000000058 -0.908190429
v -0.175476089 0.266769379 -0.186004594
vt 0.423828125 0.864501953
vn -0.597666144 -0.290969074 -0.747082531
v -0.195449844 0.267074585 -0.167800859
vt 0.424316406 0.876220703
vn -0.703123689 -0.007900326 -0.711023688
v -0.088066123 0.271026611 -0.216735810
vt 0.436279297 0.828857422
vn -0.252023280 -0.527673602 -0.811199605
v -0.172134414 0.324996918 -0.184936494
vt 0.400878906 0.859619141
vn -0.643181920 0.086280428 -0.760836899
v -0.196960464 0.323959351 -0.163223237
vt 0.397949219 0.871826172
vn -0.678344071 0.362835109 -0.638905346
v -0.139389053 0.269790649 -0.209899873
vt 0.425048828 0.847167969
vn -0.094196640 -0.949816108 -0.298289329
v -0.146728531 0.276138306 -0.209838837
vt 0.419189453 0.849853516
vn -0.606205404 0.015745530 -0.795152247
v -0.150436416 0.331405640 -0.197952256
vt 0.397705078 0.849365234
vn -0.196073979 0.972526610 -0.125487313
v -0.143341079 0.328292847 -0.206115708
vt 0.400878906 0.846435547
vn -0.575428009 0.149768829 -0.804022431
v -0.132781997 0.294143677 -0.218582124
vt 0.415283203 0.843505859
vn -0.410161585 0.094652601 -0.907087862
v -0.151199356 0.330490112 -0.183532700
vt 0.391357422 0.851318359
vn -0.505459368 0.347503155 -0.789779961
v -0.129699722 0.332229614 -0.211624131
vt 0.402343750 0.839599609
vn -0.283455908 0.511795163 -0.810998499
v -0.129806533 0.274322510 -0.217819184
vt 0.423095703 0.843261719
vn -0.330095381 0.039297000 -0.943129301
v -0.192962661 0.325012207 -0.154388398
vt 0.390625000 0.870361328
vn -0.644631088 0.385206282 -0.660353661
v -0.099555992 0.335083008 -0.208862290
vt 0.397705078 0.829345703
vn -0.306318551 0.431987494 -0.848266363
v -0.101333641 0.273193359 -0.229309052
vt 0.428466797 0.831542969
vn -0.306507707 -0.298648447 -0.903804362
v -0.103050254 0.332977295 -0.221847519
vt 0.403320312 0.828125000
vn -0.315029144 0.149638727 -0.937211335
v -0.080558799 0.336441040 -0.225173935
vt 0.401855469 0.819091797
vn -0.086633042 0.976589918 -0.196893156
v -0.076248191 0.278076172 -0.237441987
vt 0.427734375 0.820800781
vn -0.259939373 0.094523311 -0.960987508
v -0.055988334 0.332885742 -0.234436035
vt 0.405761719 0.809570312
vn -0.180515870 0.188364178 -0.965366781
v -0.059745811 0.274719238 -0.237640351
vt 0.430419922 0.814941406
vn -0.015729997 -0.951665044 -0.306734979
v -0.053939842 0.279266357 -0.242095932
vt 0.428222656 0.812255859
vn -0.125875160 0.039335899 -0.991265893
v -0.023729349 0.336761475 -0.236190796
vt 0.404541016 0.797119141
vn -0.157676071 0.725309372 -0.670122802
v -0.023582483 0.310714722 -0.240631089
vt 0.415771484 0.798583984
vn -0.110181712 0.141661972 -0.983764112
v -0.027521154 0.273620605 -0.228912339
vt 0.436523438 0.802734375
vn -0.165678337 -0.276130378 -0.946732700
v -0.022731803 0.275802612 -0.240692124
vt 0.431884766 0.800537109
vn -0.086482935 -0.912001610 -0.400966197
v -0.022617362 0.280288696 -0.244659409
vt 0.428955078 0.800048828
vn -0.141421482 -0.000000049 -0.989949524
v -0.019264245 0.300216675 -0.243942246
vt 0.420410156 0.797607422
vn -0.086442985 0.110018119 -0.990163505
v -0.016361259 0.274810791 -0.245880112
vt 0.430908203 0.797607422
vn -0.055089198 -0.346274316 -0.936514497
v -0.007787725 0.271179199 -0.230209336
vt 0.438720703 0.794921875
vn 0.039295718 -0.133605897 -0.990255177
v 0.004954792 0.290359497 -0.243957505
vt 0.425292969 0.788818359
vn -0.039280210 0.054992061 -0.997713923
v -0.065300010 0.247055039 -0.224319428
vt 0.446289062 0.819580078
vn -0.267451465 0.086528324 -0.959678352
v -0.057834644 0.237060547 -0.227630585
vt 0.450439453 0.816406250
vn -0.275761694 0.173335806 -0.945468247
v -0.020433446 0.248626694 -0.232986435
vt 0.447509766 0.800537109
vn -0.094699927 0.220966130 -0.970672905
v -0.052848835 0.216491699 -0.234191880
vt 0.458984375 0.815185547
vn -0.432160974 0.345728636 -0.832891762
v -0.035892505 0.222351074 -0.238021836
vt 0.457275391 0.808105469
vn -0.212223917 0.440167785 -0.872475505
v -0.051273365 0.203582764 -0.245559677
vt 0.465576172 0.813964844
vn -0.391798586 0.744417191 -0.540681899
v -0.019088766 0.211090088 -0.253158569
vt 0.464599609 0.801513672
vn -0.172614172 0.847378135 -0.502150059
v 0.005241851 0.227233887 -0.240997300
vt 0.457031250 0.791259766
vn -0.047156602 0.526580453 -0.848816395
v 0.011197069 0.212005615 -0.254287720
vt 0.466064453 0.789794922
vn 0.110086061 0.857099473 -0.503251135
vt 0.465820312 0.781738281
vt 0.456542969 0.782470703
v 0.037033062 0.253677368 -0.229812607
vt 0.446044922 0.777587891
vn 0.157621950 0.141859829 -0.977256954
vt 0.453613281 0.767822266
vt 0.449707031 0.760986328
v 0.066444375 0.278259277 -0.223068237
vt 0.436523438 0.764404297
vn 0.197278857 -0.370884478 -0.907483220
vt 0.438720703 0.746093750
v 0.018794993 0.279479980 -0.228530869
vt 0.436279297 0.782958984
vn 0.173120946 -0.369849533 -0.912820041
v 0.010447479 0.274185181 -0.246139511
vt 0.431640625 0.788085938
vn 0.268818796 -0.759017825 -0.592982709
v 0.017173745 0.281158447 -0.240035996
vt 0.431152344 0.783691406
vn 0.141785011 -0.882218003 -0.448985934
v 0.010570503 0.290176392 -0.243545517
vt 0.426513672 0.785888672
vn 0.149922565 -0.142032057 -0.978442788
v 0.044586159 0.281723022 -0.239456162
vt 0.430175781 0.772949219
vn 0.134506032 -0.458903283 -0.878245890
v 0.079650857 0.279754639 -0.231567383
vt 0.432373047 0.759277344
vn 0.251532137 -0.345856845 -0.903943956
v 0.038627602 0.295989990 -0.240707383
vt 0.424072266 0.773925781
vn 0.220199451 0.125828296 -0.967305303
v 0.005047297 0.305068970 -0.247879013
vt 0.419921875 0.787353516
vn 0.007849351 -0.078494824 -0.996883690
v -0.002637887 0.312332153 -0.242462143
vt 0.416259766 0.790527344
vn -0.157441407 0.149569169 -0.976135910
v 0.006402467 0.324890137 -0.246978760
vt 0.412841797 0.785400391
vn 0.157285273 0.290977985 -0.943712533
v 0.008032775 0.337844849 -0.237365723
vt 0.406005859 0.784179688
vn 0.142418131 0.561760843 -0.814948976
v -0.019161249 0.340042114 -0.238189697
vt 0.404296875 0.794921875
vn -0.062953241 0.582316220 -0.810521245
v 0.056140877 0.337692261 -0.230972290
vt 0.407958984 0.764892578
vn 0.117771067 0.541747451 -0.832249820
v 0.058731057 0.297698975 -0.235595703
vt 0.423828125 0.765869141
vn 0.141264349 0.047088131 -0.988851488
v -0.025661491 0.338775635 -0.221374512
vt 0.398193359 0.797363281
vn -0.078786716 0.338782251 -0.937560320
v -0.001423739 0.341369629 -0.221267700
vt 0.398193359 0.787109375
vn 0.015755711 0.275727302 -0.961106777
v -0.053447746 0.337020874 -0.218887329
vt 0.396728516 0.808837891
vn -0.149583265 0.338530183 -0.928989947
v -0.024549508 0.421241760 -0.208068848
vt 0.365478516 0.793212891
vn -0.070732646 0.172901660 -0.982396007
v -0.068939231 0.396560669 -0.206375107
vt 0.371826172 0.813476562
vn -0.235209271 0.172486648 -0.956517100
v 0.016632058 0.336227417 -0.222183228
vt 0.400878906 0.779785156
vn 0.063070260 0.717425525 -0.693774283
v 0.019287085 0.417724609 -0.209213257
vt 0.368408203 0.775634766
vn 0.047154877 0.180760846 -0.982396126
v 0.038368203 0.366233826 -0.215530396
vt 0.389892578 0.770019531
vn 0.094371118 0.157285362 -0.983033836
v 0.053848244 0.337097168 -0.219192505
vt 0.402587891 0.764892578
vn 0.086522907 0.621392608 -0.778707206
v 0.062343575 0.399963379 -0.207305923
vt 0.377441406 0.758544922
vn 0.188876748 0.165267244 -0.967994034
v 0.078445412 0.337219238 -0.214859024
vt 0.403076172 0.755126953
vn 0.189111143 0.291546524 -0.937676728
v 0.085853554 0.337493896 -0.223892227
vt 0.407958984 0.752929688
vn 0.149806023 0.859414041 -0.488841087
v 0.105285622 0.336853027 -0.206619278
vt 0.404052734 0.743652344
vn 0.314804435 0.259713709 -0.912933230
v 0.055309270 0.475459099 -0.194778442
vt 0.347167969 0.757324219
vn 0.110171221 0.188865140 -0.975803435
v 0.060237862 0.325027466 -0.234283462
vt 0.413574219 0.763671875
vn 0.118474267 0.205355570 -0.971490085
v 0.066772439 0.303329468 -0.236038208
vt 0.422119141 0.762451172
vn 0.244117051 0.047248457 -0.968594074
v 0.080810525 0.327239990 -0.228561416
vt 0.412841797 0.755126953
vn 0.321363479 0.109733887 -0.940576494
v 0.113922097 0.335128784 -0.215515152
vt 0.409179688 0.741943359
vn 0.361398876 0.329972982 -0.872071564
v 0.104820229 0.295257568 -0.223052979
vt 0.426757812 0.747558594
vn 0.362801194 0.047321886 -0.930664301
v 0.115844704 0.276489258 -0.217712402
vt 0.434082031 0.744384766
vn 0.369746417 -0.338278711 -0.865364194
vt 0.436523438 0.733398438
v 0.139694199 0.303237915 -0.207138062
vt 0.423095703 0.733154297
vn 0.313785702 0.023533907 -0.949202180
vt 0.423583984 0.729980469
v 0.130722031 0.330535889 -0.207794204
vt 0.411132812 0.735107422
vn 0.306924790 0.377753705 -0.873555541
v 0.145614609 0.334671021 -0.204635635
vt 0.410644531 0.729003906
vn 0.386775047 0.536749125 -0.749870300
v 0.137435898 0.343505859 -0.190475479
vt 0.403320312 0.729248047
vn 0.438935518 0.360554278 -0.823004425
v 0.162277207 0.326293945 -0.188537613
vt 0.413818359 0.720703125
vn 0.621277273 0.141556859 -0.770698547
vt 0.420410156 0.721679688
vt 0.429931641 0.719726562
vt 0.411621094 0.711669922
vt 0.423583984 0.715332031
v 0.171630844 0.340774536 -0.169494659
vt 0.404296875 0.713867188
vn 0.545578063 0.371625721 -0.751158476
vt 0.408691406 0.709716797
vt 0.411132812 0.700927734
vt 0.405761719 0.708740234
vt 0.407714844 0.696044922
vt 0.378906250 0.701171875
vt 0.404541016 0.691162109
vt 0.373779297 0.706542969
v 0.156417832 0.388587952 -0.171356216
vt 0.385498047 0.716796875
vn 0.511351407 0.173072830 -0.841763377
v 0.123550393 0.489255548 -0.168258682
vt 0.343505859 0.725830078
vn 0.488113254 0.228311077 -0.842389286
vt 0.333496094 0.705322266
v 0.126922593 0.389373779 -0.187683120
vt 0.384765625 0.730712891
vn 0.408752382 0.172933728 -0.896111310
v 0.115920998 0.453559875 -0.179733291
vt 0.358398438 0.730712891
vn 0.424080759 0.180627003 -0.887428522
v 0.091247536 0.499262810 -0.180938736
vt 0.343017578 0.735595703
vn 0.314269572 0.204275250 -0.927095592
v 0.088172890 0.522010803 -0.175842300
vt 0.334960938 0.734619141
vn 0.361622155 0.306592792 -0.880471706
v 0.085304238 0.450328827 -0.192611709
vt 0.358642578 0.745849609
vn 0.306734890 0.173029974 -0.935935020
v 0.055927251 0.515169144 -0.186538696
vt 0.337402344 0.748291016
vn 0.188689873 0.243724555 -0.951312065
v -0.011112238 0.472645760 -0.197753906
vt 0.345214844 0.784667969
vn -0.007844541 0.196110055 -0.980550528
v 0.021385167 0.536476135 -0.185394287
vt 0.326904297 0.765625000
vn 0.078489803 0.125583857 -0.988973260
v -0.056911495 0.480653763 -0.193160996
vt 0.339599609 0.803466797
vn -0.133396044 0.188323602 -0.973005533
v -0.036777522 0.526710510 -0.186416626
vt 0.327148438 0.793945312
vn -0.094292678 0.204300463 -0.974356353
v -0.081390403 0.495922089 -0.184905991
vt 0.331298828 0.813964844
vn -0.276604354 0.197574377 -0.940454304
v -0.102043174 0.473507881 -0.181945786
vt 0.338378906 0.824951172
vn -0.401612312 0.181119174 -0.897721291
v -0.098060630 0.519695282 -0.171768174
vt 0.321289062 0.821044922
vn -0.393847466 0.283570021 -0.874341071
v -0.122253440 0.488432467 -0.168930039
vt 0.329833984 0.833496094
vn -0.487223446 0.235753179 -0.840853095
v -0.120391868 0.364486694 -0.195159897
vt 0.380615234 0.836181641
vn -0.393250108 0.165164933 -0.904474914
v -0.153396621 0.389434814 -0.172637925
vt 0.366699219 0.851318359
vn -0.529714704 0.173936084 -0.830149710
v -0.161758438 0.453243256 -0.152496323
vt 0.340087891 0.854003906
vn -0.536498666 0.197242051 -0.820527136
v -0.159530655 0.502035141 -0.141601548
vt 0.321044922 0.851562500
vn -0.566227555 0.220199525 -0.794291258
v -0.190261856 0.491709471 -0.119148232
vt 0.321777344 0.868164062
vn -0.676431894 0.251695484 -0.692162752
v -0.197967544 0.441669464 -0.129180878
vt 0.342285156 0.872314453
vn -0.653847516 0.189064249 -0.732624114
v -0.213165298 0.481693745 -0.095626801
vt 0.324218750 0.881591797
vn -0.781176150 0.220938638 -0.583909273
v -0.201385513 0.395606995 -0.133972138
vt 0.361572266 0.875244141
vn -0.679083884 0.150030077 -0.718565345
v -0.222595230 0.435646057 -0.101333588
vt 0.341552734 0.886230469
vn -0.810897946 0.173201457 -0.558968365
v -0.183441177 0.349792480 -0.158538789
vt 0.381347656 0.865234375
vn -0.607713938 0.142062902 -0.781346262
v -0.216552749 0.345916748 -0.129699677
vt 0.381103516 0.882568359
vn -0.718386412 0.110520907 -0.686808705
vt 0.770507812 0.068359375
vt 0.755615234 0.092285156
vt 0.750976562 0.088867188
v 0.224075347 0.002838135 0.010615340
vt 0.784179688 0.057373047
vn 0.125723422 -0.990071774 -0.062861666
vt 0.798339844 0.031250000
v 0.163284317 0.000244141 -0.004196167
vt 0.782470703 0.089355469
vn 0.015745636 -0.999845147 -0.007872755
vt 0.760742188 0.122070312
v 0.245208770 0.004211426 0.060314167
vt 0.807617188 0.040283203
vn 0.431336105 -0.901884496 -0.023527440
vt 0.802734375 0.117187500
v 0.201477081 0.000793457 0.034175869
vt 0.798583984 0.059326172
vn 0.047191504 -0.998885930 0.000000037
v 0.136535674 0.002471924 0.038959507
vt 0.808593750 0.098876953
vn 0.039442342 -0.993945599 0.102549970
v 0.168762237 0.000000000 0.041099548
vt 0.803955078 0.078369141
v 0.245162994 0.019348145 0.065475456
vt 0.816162109 0.037841797
vn 0.951753318 0.306763500 0.007865592
vt 0.818603516 0.031005859
v 0.231094390 0.002471924 0.073066704
vt 0.813232422 0.046875000
vn -0.062960826 -0.944413662 0.322674692
v 0.240798980 0.011016846 0.080932610
vt 0.816406250 0.043212891
vn 0.480285317 0.181091204 0.858214438
v 0.233352691 0.031494141 0.065055840
vt 0.824707031 0.039306641
vn 0.494639039 0.800844133 0.337610662
v 0.221557647 0.041076660 0.043422688
vt 0.836181641 0.038085938
vn 0.298851490 0.943741679 0.141561151
vt 0.844970703 0.032470703
v 0.220932037 0.032501221 0.067275994
vt 0.827392578 0.043701172
vn -0.062859707 0.762174606 0.644312501
v 0.221298248 0.015960693 0.078857414
vt 0.820556641 0.048583984
vn -0.385623515 -0.133787766 0.912904978
v 0.188278228 0.002441406 0.050819393
vt 0.812255859 0.064941406
vn 0.126035154 -0.929508567 0.346596420
v 0.199691802 0.022949219 0.065673821
vt 0.828613281 0.053466797
vn 0.792895079 0.227662981 0.565231919
v 0.190338165 0.045471191 0.041751854
vt 0.846923828 0.052978516
vn 0.258682340 0.932824254 0.250843436
v 0.197509781 0.048583984 0.021612160
vt 0.853027344 0.047851562
vn 0.212099299 0.974085748 0.078555226
vt 0.877929688 0.065917969
vt 0.873046875 0.073242188
v 0.183700591 0.000488281 0.057907104
vt 0.812500000 0.071289062
vn 0.062743701 -0.996055484 0.062743686
v 0.159423858 0.002136230 0.073905945
vt 0.821289062 0.086425781
vn -0.243965909 -0.936514497 0.251835912
v 0.194763213 0.005157471 0.099258423
vt 0.826904297 0.069091797
vn 0.512510598 -0.851556003 0.110386856
v 0.172378570 0.049011230 0.069274902
vt 0.854003906 0.073242188
vn 0.054912496 0.980580688 0.188271433
v 0.191268951 0.038482666 0.078819275
vt 0.842285156 0.061767578
vn 0.588185608 0.760720074 0.274486482
v 0.133544952 0.046539307 0.043407440
vt 0.857910156 0.096679688
vn -0.054845057 0.948036015 0.313400298
v 0.130966201 0.052032471 0.023311617
vt 0.864990234 0.095703125
vn 0.078750022 0.464624614 0.881999195
v 0.164444000 0.042816162 0.079307556
vt 0.849365234 0.077148438
vn -0.291972846 0.797006965 0.528707623
v 0.199127227 0.018951416 0.102523796
vt 0.832519531 0.065917969
vn 0.872071564 0.329973042 0.361398876
v 0.181747466 0.029724121 0.102737427
vt 0.838623047 0.070800781
vn 0.031574525 0.726212800 0.686744571
v 0.187469512 0.010253906 0.110626221
vt 0.831542969 0.072021484
vn -0.345589906 -0.447696149 0.824703574
v 0.163284332 0.027130127 0.093460083
vt 0.839599609 0.081054688
vn -0.557880223 0.267153978 0.785747051
v 0.154769927 0.014648438 0.086685181
vt 0.831787109 0.086914062
vn -0.597167611 -0.432160854 0.675742447
v 0.138443023 0.027618408 0.074317940
vt 0.841308594 0.093750000
vn -0.039398108 0.661889434 0.748565376
v 0.139862090 0.017089844 0.072982796
vt 0.831542969 0.095947266
vn -0.118073530 -0.747799754 0.653340876
v 0.127365142 0.009124756 0.096839912
vt 0.834960938 0.105468750
vn 0.691863298 -0.589656115 0.416690290
v 0.127853423 0.027770996 0.092964180
vt 0.843505859 0.105224609
vn 0.541347206 0.643340111 0.541347086
v 0.111427344 0.002716064 0.093582161
vt 0.832763672 0.113281250
vn -0.086344190 -0.981184721 0.172688574
v 0.113380469 0.014892578 0.107177742
vt 0.838867188 0.111328125
vn -0.471929103 0.235964611 0.849472582
v 0.115081817 0.036865234 0.084747322
vt 0.848876953 0.114746094
vn -0.054973420 0.871721804 0.486907631
v 0.101982147 0.041931152 0.067108162
vt 0.854980469 0.119873047
vn -0.432200879 0.880118132 0.196454942
vt 0.874755859 0.127929688
vt 0.861083984 0.136718750
v 0.075431846 0.017578125 0.027866375
vt 0.833496094 0.139648438
vn -0.954028547 0.244420514 0.173459843
v 0.092987090 0.032012939 0.072868355
vt 0.842773438 0.124267578
vn -0.762834191 0.487584800 0.424670696
v 0.088783294 0.013244629 0.074043281
vt 0.833740234 0.125976562
vn -0.872610211 -0.267286003 0.408790499
v 0.088188201 0.002655029 0.044189464
vt 0.820556641 0.129882812
vn -0.409131825 -0.904810905 0.118018910
vt 0.813720703 0.145996094
v 0.282638550 0.260437012 0.028463336
vt 0.109863281 0.026367188
vn 0.864321709 -0.502878010 0.007857379
v 0.277816772 0.255371094 0.032966588
vt 0.106689453 0.023681641
vn 0.785238147 -0.604633272 0.133490399
v 0.277816772 0.257705688 -0.019050626
vt 0.129150391 0.017089844
vn 0.604633331 -0.785238087 -0.133490518
v 0.288558960 0.276947021 0.032321900
vt 0.109375000 0.035156250
vn 0.962302029 -0.134091198 0.236631528
v 0.287612915 0.271209717 -0.018854169
vt 0.131347656 0.024414062
vn 0.918190897 -0.329606950 -0.219738096
vt 0.132324219 0.015625000
vt 0.138427734 0.027343750
v 0.265701294 0.254547119 -0.016904857
vt 0.127685547 0.012695312
vn -0.260741264 -0.948150218 -0.181728706
vt 0.128173828 0.009033203
vt 0.112548828 0.012451172
v 0.272262573 0.254135132 0.016082738
vt 0.113525391 0.018066406
vn 0.094782509 -0.995215952 -0.023695588
vt 0.102783203 0.013427734
v 0.283370972 0.286254883 -0.016965894
vt 0.135253906 0.030761719
vn -0.692055881 -0.094371296 -0.715648413
vt 0.140380859 0.039306641
v 0.289505005 0.285446167 -0.016969709
vt 0.132324219 0.031005859
vn 0.995930731 0.055329528 -0.071138032
v 0.284896851 0.312438965 -0.016981155
vt 0.137695312 0.042480469
vn 0.853548229 0.482096761 -0.197580740
vt 0.146728516 0.043212891
v 0.265060425 0.327407837 -0.012404469
vt 0.147216797 0.046142578
vn 0.922834694 0.378598899 -0.070987411
vt 0.156250000 0.045654297
v 0.287582397 0.300628662 0.031951874
vt 0.114013672 0.044433594
vn 0.981820107 0.172800392 0.078545474
v 0.281875610 0.314514160 0.031974763
vt 0.114257812 0.051269531
vn 0.692999363 0.716624379 0.078749806
v 0.280136108 0.309310913 0.034400910
vt 0.112304688 0.049560547
vn 0.694097936 0.386486381 0.607335508
v 0.265914917 0.325424194 0.032909367
vt 0.113525391 0.059326172
vn 0.969074905 0.236359775 0.070907779
v 0.266708374 0.319061279 0.031528447
vt 0.111083984 0.058349609
vn -0.070732445 -0.982396007 0.172901765
v 0.264816284 0.309768677 0.045536015
vt 0.111328125 0.064697266
vn 0.791919410 0.595899820 0.133293226
v 0.280197144 0.278945923 0.033363312
vt 0.105957031 0.036621094
vn 0.948564827 -0.015809357 0.316188127
v 0.277267486 0.280075073 0.057914704
vt 0.095703125 0.031738281
vn 0.982912242 -0.062906332 0.172992423
v 0.274765044 0.307312012 0.067184418
vt 0.087646484 0.037353516
vn 0.880118132 0.432200909 0.196454793
v 0.273025542 0.287475586 0.075897187
vt 0.089111328 0.032226562
vn 0.982729971 -0.039309144 0.180822179
v 0.267929107 0.264953613 0.094383210
vt 0.080566406 0.024169922
vn 0.999504447 0.031480499 -0.000000132
v 0.267990142 0.248352066 0.091148347
vt 0.081787109 0.017822266
vn 0.605081201 -0.793677926 -0.062865622
v 0.256546050 0.251266479 0.068168610
vt 0.088623047 0.012695312
vn 0.716158211 -0.692548513 0.086568505
vt 0.083496094 0.005126953
vt 0.075439453 0.009765625
vt 0.942626953 0.222167969
vt 0.957031250 0.215332031
vt 0.949951172 0.227294922
v 0.138061553 0.073516846 0.041530609
vt 0.945800781 0.208251953
vn 0.251005590 -0.768704176 0.588294089
vt 0.928222656 0.212646484
v 0.110244773 0.060424805 0.029165272
vt 0.961669922 0.206298828
vn -0.236638889 -0.820348442 0.520605862
vt 0.971191406 0.215332031
vt 0.981445312 0.211914062
v 0.083877586 0.067932129 0.022386558
vt 0.972167969 0.199707031
vn -0.377777040 -0.881479979 0.283332914
v 0.080886863 0.079010010 0.046566017
vt 0.964599609 0.188720703
vn -0.213307098 -0.932231307 0.292309880
vt 0.984619141 0.190429688
v 0.042850517 0.083038330 0.040752422
vt 0.979003906 0.177246094
vn -0.070927680 -0.992988288 0.094570369
v 0.108337425 0.077819824 0.054374699
vt 0.952636719 0.194580078
vn 0.007845709 -0.894399703 0.447199881
v 0.096191436 0.085205078 0.078819275
vt 0.949218750 0.181640625
vn 0.007852454 -0.973695278 0.227719098
v 0.138809234 0.083282471 0.058467865
vt 0.939697266 0.201171875
vn 0.275351703 -0.896859586 0.346156359
v 0.044464137 0.086517334 0.076377876
vt 0.967529297 0.166015625
vn -0.023536772 -0.988547087 0.149066672
v -0.005273793 0.085784912 0.064895645
vt 0.989501953 0.155761719
vn 0.007900568 -0.995464504 0.094806194
v -0.002243011 0.092224121 0.105461136
vt 0.976318359 0.144042969
vn 0.007892703 -0.978686512 0.205208495
v 0.068664581 0.092956543 0.114189155
vt 0.947265625 0.158691406
vn 0.015765222 -0.969556570 0.244359821
v 0.112861663 0.097137451 0.113983154
vt 0.931884766 0.172607422
vn 0.165221319 -0.920518219 0.354045510
v 0.061176337 0.101837158 0.141052246
vt 0.939208984 0.145996094
vn 0.031511784 -0.937472939 0.346628726
v 0.085548438 0.115753174 0.164169312
vt 0.921875000 0.145263672
vn 0.172614172 -0.847378135 0.502150059
v 0.137176543 0.111816406 0.131973267
vt 0.915527344 0.173095703
vn 0.323587954 -0.805023432 0.497220397
v 0.103790320 0.131286621 0.178085327
vt 0.907714844 0.145751953
vn 0.283385605 -0.716335595 0.637617350
v 0.145614654 0.109741211 0.119216911
vt 0.916503906 0.180175781
vn 0.368143797 -0.853780091 0.368143678
v 0.167343169 0.112396240 0.099639885
vt 0.913330078 0.193603516
vn 0.489969432 -0.806078553 0.331914663
vt 0.902832031 0.204101562
v 0.176864654 0.132385254 0.125946030
vt 0.898681641 0.186035156
vn 0.533863246 -0.722285450 0.439651996
vt 0.888671875 0.190673828
v 0.148483306 0.138092041 0.160400391
vt 0.897705078 0.165527344
vn 0.474861473 -0.656891465 0.585662246
v 0.140548751 0.160400391 0.187149048
vt 0.886962891 0.151611328
vn 0.433057576 -0.566911459 0.700765669
v 0.189834625 0.175415039 0.158065781
vt 0.873779297 0.175048828
vn 0.614554465 -0.504249692 0.606675386
v 0.164047286 0.190338135 0.191833496
vt 0.868652344 0.154541016
vn 0.552966893 -0.434473872 0.710957229
v 0.139877364 0.206787109 0.216705322
vt 0.867431641 0.142578125
vn 0.448318988 -0.424723089 0.786524296
v 0.189926177 0.213562012 0.181854233
vt 0.854980469 0.167236328
vn 0.655149877 -0.347308278 0.670936465
v 0.164794967 0.229644775 0.210525513
vt 0.848876953 0.150146484
vn 0.498276889 -0.624823272 0.601095736
v 0.205841094 0.171112061 0.132659897
vt 0.875732422 0.189697266
vn 0.763401091 -0.440726310 0.472206771
vt 0.881103516 0.200439453
v 0.209823638 0.211853027 0.157882676
vt 0.854980469 0.182617188
vn 0.756445169 -0.338824302 0.559454024
v 0.216918975 0.203857422 0.141418442
vt 0.859130859 0.189453125
vn 0.864722252 -0.322305471 0.385194302
vt 0.847900391 0.195312500
v 0.229431182 0.240921035 0.134872422
vt 0.841064453 0.193603516
vn 0.952165842 -0.173120990 0.251812309
v 0.238372833 0.255737305 0.125274643
vt 0.833740234 0.197509766
vn 0.822680950 -0.205670163 0.529996216
v 0.224334747 0.242446914 0.149246201
vt 0.840087891 0.186767578
vn 0.801660001 -0.526580453 0.282938689
v 0.202850372 0.234313965 0.176895127
vt 0.844482422 0.172363281
vn 0.583183706 -0.701396525 0.409804612
v 0.236648589 0.238555923 0.157226548
vt 0.831054688 0.187744141
vn 0.777793527 -0.377111942 0.502815902
v 0.236465484 0.241790786 0.145980820
vt 0.835449219 0.190917969
vn 0.441987365 -0.323597938 -0.836619198
v 0.206451446 0.232757568 0.190322861
vt 0.838623047 0.170166016
vn 0.439855456 -0.879710793 0.180654883
v 0.205459625 0.252731353 0.195571885
vt 0.828613281 0.170898438
vn 0.828907311 -0.086837843 0.552604675
v 0.177764937 0.228240967 0.212921128
vt 0.842041016 0.154296875
vn 0.180738598 -0.974416494 0.133589372
v 0.209198028 0.236083984 0.197860703
vt 0.834960938 0.168212891
vn 0.621335089 -0.235949948 0.747174919
v 0.171112105 0.230529785 0.221221909
vt 0.838867188 0.150390625
vn 0.643677115 -0.345387608 0.682925522
v 0.184967086 0.277298003 0.219726548
vt 0.819091797 0.150390625
vn 0.519122183 0.094385892 0.849472463
vt 0.063232422 0.475585938
vt 0.049072266 0.480224609
vt 0.066650391 0.461425781
vt 0.053222656 0.464843750
vt 0.053955078 0.460937500
vt 0.032958984 0.469726562
vt 0.013916016 0.791748047
vt 0.013916016 0.806152344
vt 0.001220703 0.798095703
vt 0.694091797 0.015625000
vt 0.672607422 0.013183594
vt 0.686279297 0.008300781
vt 0.671630859 0.003906250
vt 0.690185547 0.043457031
v -0.048923470 0.081176758 0.025634790
vt 0.660644531 0.048583984
vn 0.102311529 -0.991634309 0.078701168
v -0.077133156 0.083465576 0.062530540
vt 0.669433594 0.067138672
vn 0.047283750 -0.985076845 0.165492952
vt 0.706298828 0.052001953
v -0.084602326 0.089477539 0.098625205
vt 0.680908203 0.077880859
vn -0.015703239 -0.973605216 0.227698043
v -0.116477944 0.081359863 0.062255889
vt 0.663574219 0.082275391
vn -0.071084552 -0.931998670 0.355423272
v -0.079345681 0.076049805 0.039882690
vt 0.658447266 0.064453125
vn 0.284232259 -0.907963872 0.307918191
v -0.106826760 0.064849854 0.034240756
vt 0.649414062 0.075927734
vn 0.228226304 -0.818466365 0.527281225
v -0.015381799 0.081481934 -0.031793572
vt 0.650878906 0.023437500
vn 0.055032916 -0.998453617 -0.007861803
vt 0.641845703 0.002929688
vt 0.628173828 0.012939453
v -0.040023796 0.079254150 -0.069602944
vt 0.626220703 0.023193359
vn 0.197162375 -0.970038831 -0.141956881
vt 0.607666016 0.008056641
v -0.042755112 0.078186035 -0.029718375
vt 0.640869141 0.034423828
vn 0.236838043 -0.971035779 0.031578410
vt 0.607421875 0.019287109
v -0.060737595 0.071929932 -0.013115856
vt 0.641113281 0.046630859
vn 0.425831020 -0.898976445 0.102514841
v -0.060317982 0.072570801 -0.058708165
vt 0.624755859 0.033935547
vn 0.409005344 -0.912396491 -0.015730988
v -0.077590935 0.065277100 -0.068023659
vt 0.615966797 0.036865234
vn 0.353009075 -0.878600359 -0.321630508
v -0.097724907 0.067138672 -0.083152741
vt 0.606201172 0.032470703
vn 0.102156505 -0.715095997 -0.691521347
vt 0.595947266 0.021240234
vt 0.587646484 0.007568359
v -0.076072678 0.061492920 -0.047649354
vt 0.623779297 0.044677734
vn 0.826746166 -0.559037745 -0.062990271
v -0.087738030 0.060028076 -0.073501550
vt 0.612792969 0.039062500
vn 0.736332476 -0.234999761 -0.634499431
v -0.082206704 0.061157227 0.000289708
vt 0.639160156 0.060302734
vn 0.566718400 -0.779237807 0.267616987
v -0.080780014 0.040008545 -0.058368653
vt 0.614746094 0.049804688
vn 0.926038623 0.023543380 -0.376693815
v -0.091461174 0.043243408 -0.073989831
vt 0.608642578 0.044677734
vn 0.690456212 0.047076568 -0.721840799
v -0.081871018 0.003387451 -0.065795869
vt 0.603271484 0.059814453
vn 0.791846395 -0.407683313 -0.454723775
v -0.092384316 0.049499512 -0.001449971
vt 0.634521484 0.067138672
vn 0.820910633 0.434135526 0.370988309
v -0.113685586 0.051757812 0.020118747
vt 0.640625000 0.078125000
vn 0.266570330 0.893794715 0.360653937
v -0.080253586 0.051452637 -0.024322480
vt 0.627441406 0.055664062
vn 0.971399248 -0.015795054 0.236926511
v -0.092948884 0.038726807 0.058086425
vt 0.631103516 0.094970703
vn 0.575088501 0.787792385 0.220581770
v -0.076934800 0.034210205 -0.040367097
vt 0.618164062 0.057373047
vn 0.987317383 0.157970831 0.015796941
v -0.071746811 0.009643555 -0.034213986
vt 0.612304688 0.066894531
vn 0.988150001 0.031620838 -0.150198936
v -0.075462326 0.003540039 -0.036994901
vt 0.608886719 0.068603516
vn 0.205214888 -0.978717029 0.000000016
v -0.080703713 0.035583496 -0.005651921
vt 0.626953125 0.068115234
vn 0.903023839 0.408323824 0.133490339
v -0.072616555 0.014892578 0.001773626
vt 0.619873047 0.076660156
vn 0.962212205 0.268157512 0.047321774
v -0.079322793 0.027740479 0.032577544
vt 0.626464844 0.084716797
vn 0.873095989 0.464078069 0.149448738
v -0.086784333 0.018066406 0.072036780
vt 0.625244141 0.104003906
vn 0.913612545 0.063007809 0.401674330
v -0.074836709 0.011932373 0.026393920
vt 0.620849609 0.086914062
vn 0.958848238 -0.188625813 0.212204009
v -0.072441079 0.007263184 -0.004236429
vt 0.616455078 0.077636719
vn 0.903804421 -0.424395114 0.055014085
v -0.077812172 0.003723145 0.011825593
vt 0.617431641 0.085693359
vn 0.299166292 -0.952608287 0.055109568
v -0.103218056 0.001220703 0.017957721
vt 0.610839844 0.093994141
vn 0.031476598 -0.999380589 0.015738316
vt 0.051025391 0.065917969
vt 0.053222656 0.052246094
vt 0.060302734 0.069091797
vt 0.046142578 0.052734375
vt 0.042480469 0.072265625
vt 0.058593750 0.074218750
v 0.264846802 0.359100342 0.021079987
vt 0.035644531 0.062988281
vn 0.998453617 0.055032920 0.007861705
vt 0.024902344 0.075927734
v 0.264694214 0.336273193 0.053485844
vt 0.037841797 0.044677734
vn 0.992710948 0.023636024 0.118179753
v 0.261978149 0.381530762 0.062393159
vt 0.017822266 0.053955078
vn 0.990163505 0.086442903 0.110018037
vt 0.000488281 0.062988281
v 0.253433257 0.395431519 0.099235512
vt 0.000732422 0.045410156
vn 0.953880310 0.118249677 0.275915623
v 0.255294830 0.354507446 0.104156472
vt 0.015136719 0.032226562
vn 0.962811291 0.031567633 0.268324316
v 0.240615875 0.360702515 0.139678925
vt 0.000244141 0.021972656
vn 0.912255466 0.023592871 0.408941954
v 0.251144439 0.313064575 0.111396767
vt 0.024902344 0.015625000
vn 0.906946898 0.260254323 0.331232637
vt 0.050781250 0.040039062
v 0.259292632 0.332702637 0.087341279
vt 0.028320312 0.030761719
vn 0.973455191 -0.023551282 0.227662757
v 0.250808746 0.301406860 0.110687234
vt 0.030029297 0.013183594
vn 0.942285776 0.259128600 0.212014169
v 0.259689361 0.306945801 0.080574006
vt 0.039794922 0.025390625
vn 0.896194339 0.385206372 0.220117778
v 0.262558013 0.302627563 0.109626740
vt 0.034912109 0.011718750
vn 0.701461792 0.701461911 -0.126105621
vt 0.049072266 0.027343750
vt 0.056884766 0.033203125
vt 0.064453125 0.027587891
v 0.275650024 0.312515259 0.015079470
vt 0.062255859 0.037353516
vn -0.796932578 0.552329421 0.244603142
v 0.265884399 0.314697266 -0.008148698
vt 0.070556641 0.038330078
vn 0.401263952 0.889075100 0.220301688
vt 0.064208984 0.032470703
v 0.271499664 0.289398193 0.091758698
vt 0.044433594 0.013183594
vn 0.960749090 0.031500019 0.275624573
vt 0.050292969 0.017578125
v 0.265243560 0.282745361 0.103256196
vt 0.041748047 0.006591797
vn 0.971520305 0.189564988 -0.142173842
vt 0.047851562 0.003173828
vt 0.002197266 0.692382812
v 0.267044067 0.319335938 0.003512355
vt 0.005859375 0.697265625
vn 0.464322329 -0.881425381 0.086568542
vt 0.005859375 0.703857422
vt 0.013916016 0.679687500
vt 0.007812500 0.684814453
v 0.414016724 0.545104980 -0.048584044
vt 0.575927734 0.238037109
vn 0.305640429 -0.940432012 -0.148901731
v 0.404678345 0.547672272 -0.063171446
vt 0.567138672 0.231933594
vn 0.229086131 -0.568765819 -0.789952517
v 0.445144653 0.558761597 -0.054325167
vt 0.589111328 0.223632812
vn 0.276130289 -0.591708004 -0.757386208
v 0.437973022 0.572601318 -0.060600340
vt 0.583496094 0.214111328
v 0.391952515 0.559936523 -0.067863517
vt 0.559082031 0.224121094
vn 0.134049445 -0.102508523 -0.985658526
v 0.477188110 0.578712463 -0.057056494
vt 0.605224609 0.208740234
vn 0.181530431 0.315705299 -0.931330681
v 0.340652466 0.543090820 -0.070961043
vt 0.531250000 0.237792969
vn 0.126011476 -0.275650382 -0.952962756
v 0.368362427 0.565437317 -0.070007369
vt 0.546142578 0.221435547
vn 0.071077853 0.189541265 -0.979296744
v 0.409805298 0.590774536 -0.057560023
vt 0.568359375 0.202392578
vn 0.070925400 0.433433831 -0.898390174
v 0.359359741 0.579483032 -0.065765433
vt 0.540283203 0.212402344
vn 0.031573344 0.418348640 -0.907737613
v 0.305252075 0.562309265 -0.072258033
vt 0.510498047 0.226074219
vn -0.015783928 0.205189228 -0.978595018
v 0.363082886 0.611038208 -0.048046164
vt 0.542724609 0.189208984
vn 0.031378455 0.588348389 -0.807998538
v 0.351577759 0.532966614 -0.059906054
vt 0.540039062 0.245361328
vn 0.229172036 -0.821858406 -0.521564007
v 0.291152954 0.598243713 -0.058399241
vt 0.502197266 0.201660156
vn -0.047094099 0.502335548 -0.863389373
v 0.419845581 0.610298157 -0.043880522
vt 0.575683594 0.187255859
vn 0.110109888 0.637064993 -0.762905061
v 0.368270874 0.627883911 -0.031118447
vt 0.547607422 0.174804688
vn 0.062914036 0.754969895 -0.652734458
v 0.324905396 0.626403809 -0.033618975
vt 0.522460938 0.176757812
vn -0.047261797 0.748309910 -0.661663532
v 0.235488877 0.567718506 -0.065597564
vt 0.471191406 0.219970703
vn -0.109974168 0.337777346 -0.934779286
v 0.358688354 0.633895874 -0.022424750
vt 0.543212891 0.168457031
vn 0.070896819 0.905905068 -0.417504102
v 0.422134399 0.621276855 -0.030529084
vt 0.578613281 0.176513672
vn 0.157749400 0.843959868 -0.512685955
v 0.469131470 0.599754333 -0.041759558
vt 0.604003906 0.193847656
vn 0.252187371 0.740800738 -0.622587979
v 0.414077759 0.629119873 -0.013106407
vt 0.574951172 0.164306641
vn 0.220315352 0.959945738 -0.173105046
v 0.351791382 0.639419556 -0.009017997
vt 0.539550781 0.160156250
vn 0.047321834 0.962212205 -0.268157512
v 0.316360474 0.634353638 -0.018096970
vt 0.518554688 0.165771484
vn -0.109936818 0.895199001 -0.431894302
v 0.437454224 0.619766235 -0.025110308
vt 0.588134766 0.175292969
vn 0.299891979 0.915459931 -0.268324524
v 0.468948364 0.615966797 0.012928896
vt 0.621826172 0.169189453
vn 0.378976226 0.923754692 -0.055267464
v 0.482559204 0.604110718 -0.024263451
vt 0.615722656 0.188232422
vn 0.456862807 0.850710213 -0.259939313
v 0.496139526 0.598327637 0.004909922
vt 0.634521484 0.195556641
vn 0.749053895 0.662321448 -0.015769685
v 0.492813110 0.583702087 -0.046978064
vt 0.613525391 0.206787109
vn 0.766229987 0.229079083 -0.600345314
v 0.498153687 0.586143494 -0.030651161
vt 0.621337891 0.205810547
vn 0.954028487 0.244420573 -0.173459873
v 0.499496460 0.581710815 0.006996086
vt 0.634521484 0.213867188
vn 0.880036712 -0.369301051 0.298583776
v 0.492660522 0.570755005 -0.018087456
vt 0.622558594 0.221191406
vn 0.559871495 -0.827978969 0.031542014
v 0.480026245 0.576744080 0.016441278
vt 0.631103516 0.237060547
vn 0.322495013 -0.857364535 0.401152194
v 0.480148315 0.567886353 -0.048561163
vt 0.608154297 0.217529297
vn 0.401612222 -0.897721350 -0.181119248
v 0.471603394 0.566619873 -0.014475888
vt 0.616455078 0.235107422
vn 0.307200968 -0.945233583 0.110277258
v 0.467391968 0.572547913 0.017082149
vt 0.627441406 0.250000000
vn 0.330085129 -0.793775976 0.510845900
v 0.442001343 0.559852600 0.000346719
vt 0.607666016 0.254394531
vn 0.291293532 -0.928989947 0.228311092
v 0.430618286 0.562667847 0.016189516
vt 0.608154297 0.265380859
vn 0.267675132 -0.889625907 0.370021403
v 0.416946411 0.545494080 -0.034610808
vt 0.581542969 0.245361328
vn 0.298289418 -0.949816108 0.094196647
v 0.344924927 0.526039124 -0.015710879
vt 0.548828125 0.271484375
vn 0.306735069 -0.935934961 0.173030004
v 0.343856812 0.533538818 0.012029601
vt 0.557373047 0.284912109
vn 0.329607069 -0.847560883 0.415932655
v 0.351242065 0.527061462 -0.046196029
vt 0.543457031 0.254150391
vn 0.298059851 -0.949085236 -0.101967819
v 0.309158325 0.513732910 0.000234324
vt 0.534667969 0.287597656
vn 0.417607814 -0.890371203 0.181225985
v 0.298873901 0.518970490 0.025331456
vt 0.538818359 0.302001953
vn 0.433285922 -0.724769056 0.535698831
vt 0.519287109 0.312011719
vt 0.507568359 0.299560547
v 0.307144165 0.510379791 -0.036140483
vt 0.522460938 0.269531250
vn 0.369987041 -0.928903520 -0.015744135
vt 0.506103516 0.271484375
v 0.326065063 0.522655487 -0.059169810
vt 0.526367188 0.252441406
vn 0.307162791 -0.834852815 -0.456806242
v 0.282272339 0.514429092 -0.070442237
vt 0.500976562 0.254394531
vn 0.275070816 -0.675888479 -0.683747649
vt 0.480712891 0.260498047
v 0.290084839 0.532283783 -0.073143043
vt 0.502929688 0.244140625
vn 0.023612402 -0.015741730 -0.999597251
v 0.226104721 0.538795471 -0.072288543
vt 0.465576172 0.237792969
vn -0.015797216 0.157970756 -0.987317502
v 0.219131455 0.520984650 -0.074157745
vt 0.461181641 0.249511719
vn 0.354045391 0.165221199 -0.920518279
v 0.201950058 0.568893433 -0.065696746
vt 0.447753906 0.235107422
vn 0.557673693 0.408437192 -0.722619712
vt 0.475097656 0.263427734
vt 0.468994141 0.263183594
vt 0.451660156 0.254150391
v 0.215301499 0.588516235 -0.052391086
vt 0.459472656 0.204833984
vn -0.047351513 0.520865083 -0.852324784
v 0.263687134 0.609275818 -0.044815101
vt 0.487060547 0.190917969
vn -0.125824556 0.747082531 -0.652714252
v 0.214584336 0.607498169 -0.035438571
vt 0.459228516 0.188964844
vn -0.117745914 0.769272506 -0.627977610
v 0.204055771 0.604965210 -0.041339904
vt 0.452636719 0.194091797
vn 0.181231543 0.819482148 -0.543694973
v 0.234451279 0.618270874 -0.025524175
vt 0.470947266 0.178466797
vn -0.142195985 0.868974864 -0.473986298
v 0.274703979 0.631149292 -0.008243126
vt 0.494873047 0.159912109
vn -0.149601743 0.944852650 -0.291329563
v 0.216995239 0.623962402 -0.005278145
vt 0.459716797 0.168212891
vn -0.109733976 0.940576315 -0.321363598
v 0.197631821 0.618133545 -0.018571885
vt 0.448730469 0.179199219
vn 0.292565495 0.877696693 -0.379544586
v 0.208328247 0.626464844 0.006184068
vt 0.454345703 0.166748047
vn 0.857815683 0.220356375 -0.464322388
vt 0.677490234 0.942871094
v 0.378585815 0.551719666 0.024545617
vt 0.706298828 0.932128906
vn 0.236690655 -0.804747820 0.544388235
vt 0.728515625 0.936035156
v 0.338516235 0.557731628 0.048511457
vt 0.724853516 0.910888672
vn 0.236756980 -0.710270584 0.662919164
v 0.436386108 0.572113037 0.029289184
vt 0.671630859 0.933593750
vt 0.652343750 0.938964844
v 0.404800415 0.572265625 0.042457525
vt 0.687500000 0.921875000
vn 0.228000492 -0.715449512 0.660414875
v 0.427383423 0.589996338 0.051158845
vt 0.671386719 0.916015625
vn 0.305903673 -0.611807048 0.729462266
vt 0.754638672 0.921630859
v 0.421951294 0.606925964 0.063667238
vt 0.668945312 0.901855469
vn 0.322275817 -0.550226688 0.770317435
v 0.379989624 0.597785950 0.073837221
vt 0.692626953 0.895019531
vn 0.197334379 -0.631469607 0.749870241
v 0.314895630 0.548110962 0.047027543
vt 0.738281250 0.906494141
vn 0.266595066 -0.611600161 0.744897604
v 0.314285278 0.579261780 0.072509713
vt 0.729248047 0.884521484
vn 0.157168940 -0.565807641 0.809419334
v 0.407302856 0.603004456 0.068130434
vt 0.677490234 0.898925781
vn 0.291982085 -0.434027225 0.852271616
v 0.370468140 0.611198425 0.084243715
vt 0.693115234 0.881835938
vn 0.141785160 -0.448985904 0.882218003
v 0.309982300 0.612007141 0.090774491
vt 0.721191406 0.862304688
vn 0.118515216 -0.434555262 0.892813563
v 0.357437134 0.624160767 0.090476938
vt 0.693603516 0.870117188
vn 0.180761009 -0.047154956 0.982396007
v 0.280075073 0.568328857 0.073356591
vt 0.748535156 0.876953125
vn 0.244763270 -0.489526242 0.836932003
v 0.283950806 0.536285400 0.051853139
vt 0.756347656 0.899169922
vn 0.410008579 -0.520395279 0.749053895
v 0.253280640 0.507280350 0.053260770
vt 0.778320312 0.902099609
vn 0.503453553 -0.471987545 0.723714232
vt 0.778076172 0.921386719
v 0.254226685 0.546546936 0.072456330
vt 0.767089844 0.877197266
vn 0.307162911 -0.393798411 0.866356552
v 0.269821167 0.597183228 0.089240983
vt 0.744873047 0.855468750
vn 0.196400508 -0.416368783 0.887729704
v 0.232330337 0.584457397 0.091842614
vt 0.764404297 0.845947266
vn 0.148938462 -0.219488025 0.964179695
v 0.222641006 0.565078735 0.091033906
vt 0.787353516 0.877197266
vn 0.629063904 -0.102222800 0.770603120
vt 0.785156250 0.914306641
v 0.236282364 0.516017914 0.070365876
vt 0.791259766 0.896728516
vn 0.833200574 -0.055022612 0.550226569
v 0.250000000 0.502976418 0.055000272
vt 0.782958984 0.904052734
vn 0.582623124 -0.472396970 0.661355734
vt 0.789794922 0.909179688
v 0.231765762 0.501506805 0.085472077
vt 0.802001953 0.900390625
vn 0.923495650 0.228900686 0.307831734
v 0.280838013 0.611473083 0.095649675
vt 0.734375000 0.851074219
vn 0.086557984 -0.236066803 0.967874110
v 0.263015747 0.614700317 0.094497636
vt 0.740478516 0.841064453
vn -0.172933653 0.408752531 0.896111250
v 0.326431274 0.626144409 0.093475290
vt 0.709472656 0.859619141
vn 0.078928903 0.189429119 0.978716910
v 0.292251587 0.624023438 0.094322160
vt 0.724853516 0.848876953
vn -0.102222793 0.629063845 0.770603180
v 0.280807495 0.635574341 0.076766923
vt 0.720703125 0.835449219
vn -0.180404648 0.902023315 0.392184079
v 0.324356079 0.636154175 0.083923288
vt 0.704101562 0.853515625
vn 0.015738316 0.818390369 0.574447095
v 0.239181519 0.611358643 0.090599023
vt 0.744628906 0.828369141
vn -0.196643159 0.652855635 0.731512904
v 0.240478516 0.631637573 0.056587182
vt 0.728271484 0.812255859
vn -0.189234689 0.961942971 0.197119445
v 0.301132202 0.643966675 0.044265699
vt 0.698730469 0.829589844
vn -0.110308103 0.992772579 0.047274854
v 0.261184692 0.635360718 0.017900428
vt 0.702636719 0.804931641
vn -0.157033160 0.981456876 -0.109923191
v 0.327255249 0.640197754 0.071914621
vt 0.697998047 0.849365234
vn -0.015783805 0.978595018 0.205189228
v 0.312820435 0.642974854 0.010484648
vt 0.679199219 0.822265625
vn -0.102537237 0.978046954 -0.181411967
vt 0.685302734 0.800537109
vt 0.664794922 0.815185547
vt 0.651611328 0.830322266
v 0.353408813 0.644012451 0.016332572
vt 0.663574219 0.838623047
vn 0.086927295 0.995713115 -0.031609997
v 0.337997437 0.644424438 0.043128915
vt 0.680908203 0.842285156
vn 0.086643696 0.992464483 0.086643666
v 0.366104126 0.637619019 0.072898813
vt 0.680419922 0.863281250
vn 0.149941355 0.946998060 0.284099340
v 0.397323608 0.634307861 0.056514680
vt 0.659179688 0.870849609
vn 0.204578564 0.975682557 0.078684002
v 0.377609253 0.638687134 0.002360526
vt 0.645019531 0.844970703
vn 0.197334215 0.978778005 -0.055253662
vt 0.622802734 0.854248047
v 0.433212280 0.627578735 0.031524595
vt 0.638916016 0.880615234
vn 0.244382516 0.969646931 -0.007883382
vt 0.623535156 0.898193359
v 0.376815796 0.627365112 0.084976137
vt 0.681884766 0.875000000
vn 0.283807963 0.670102060 0.685869038
v 0.407241821 0.629150391 0.063476503
vt 0.662109375 0.879638672
vn 0.347839743 0.822166502 0.450610429
v 0.451339722 0.620300293 0.039115839
vt 0.640380859 0.893798828
vn 0.418231398 0.860136271 0.291972786
v 0.487625122 0.601310730 0.027090004
vt 0.633300781 0.917236328
vn 0.669685960 0.488476872 0.559384644
vt 0.623291016 0.922607422
v 0.437088013 0.617141724 0.056041654
vt 0.654541016 0.895507812
vn 0.497545987 0.473853350 0.726574957
vt 0.628662109 0.937744141
v 0.402053833 0.616668701 0.076568544
vt 0.674316406 0.888183594
vn 0.377566844 -0.102257594 0.920318782
v 0.443313599 0.604606628 0.053783353
vt 0.656982422 0.906005859
vn 0.456735551 -0.165369660 0.874097049
v 0.481674194 0.590476990 0.030380182
vt 0.638916016 0.923828125
vn 0.496787518 -0.410046667 0.764894843
vt 0.645019531 0.937988281
v 0.467453003 0.586280823 0.032684263
vt 0.647705078 0.924804688
vn 0.204490110 -0.684254885 0.699985087
v 0.466690063 0.577743530 0.021114284
vt 0.651123047 0.934082031
vn 0.142085209 -0.741999924 0.655170202
v 0.134597763 0.566993713 -0.135894790
vt 0.862304688 0.339843750
vn 0.510231674 0.313988775 -0.800671458
vt 0.854736328 0.366455078
vt 0.823242188 0.358642578
vt 0.821289062 0.329589844
vt 0.810546875 0.330078125
vt 0.804687500 0.312255859
vt 0.783935547 0.319335938
vt 0.803222656 0.297851562
v 0.033023808 0.551597595 -0.179763794
vt 0.814941406 0.300048828
vn 0.221124500 0.355378866 -0.908190489
v 0.168624863 0.547985077 -0.118400596
vt 0.870605469 0.363037109
vn 0.645409167 0.338446319 -0.684763551
vt 0.864990234 0.397460938
vt 0.877197266 0.396728516
v 0.181655869 0.566780090 -0.093528770
vt 0.888427734 0.364746094
vn 0.718050599 0.378752053 -0.583909512
vt 0.904541016 0.375244141
vt 0.890869141 0.398681641
v 0.149551377 0.619827271 -0.095680267
vt 0.897949219 0.330566406
vn 0.696005583 0.324275374 -0.640641689
v 0.184890732 0.591979980 -0.068443328
vt 0.907226562 0.360107422
vn 0.747174919 0.424710006 -0.511225104
vt 0.917724609 0.378662109
vt 0.907714844 0.395263672
v 0.191543564 0.607101440 -0.045627624
vt 0.922363281 0.361816406
vn 0.566665590 0.598147213 -0.566665769
vt 0.925537109 0.368652344
vt 0.936767578 0.366210938
v 0.185684189 0.631317139 -0.013220818
vt 0.941406250 0.357666016
vn 0.770817578 0.597777009 -0.220233753
v 0.179321274 0.626922607 -0.043216735
vt 0.927001953 0.349853516
vn 0.850314558 0.409410775 -0.330678046
v 0.181060791 0.646118164 -0.002976210
vt 0.948486328 0.350097656
vn -0.370021403 -0.928989947 0.007872886
v 0.166595444 0.636077881 -0.062301666
vt 0.919189453 0.337402344
vn 0.821781337 0.316069782 -0.474104822
v 0.174514756 0.649093628 -0.036163360
vt 0.935302734 0.339111328
vn -0.205055162 -0.977955699 -0.039433628
v 0.192901596 0.625946045 -0.047702823
vt 0.945556641 0.323730469
vn -0.596799314 -0.785262287 0.164905176
v 0.200225830 0.629074097 0.015577285
vt 0.963378906 0.351806641
vn -0.631410599 -0.773478031 0.055248547
v 0.163207993 0.652069092 -0.064826995
vt 0.922851562 0.328857422
vn 0.377812237 -0.897304058 -0.228261545
v 0.180633530 0.630447388 -0.068405181
vt 0.934082031 0.318359375
vn -0.703365028 -0.624335349 0.339828163
v 0.181503281 0.619277954 -0.083000213
vt 0.934082031 0.309082031
vn -0.552209079 -0.686317146 0.473322272
v 0.196304306 0.618148804 -0.077133209
vt 0.942626953 0.308593750
vn 0.165642187 -0.978077412 0.126203567
v 0.208404526 0.624404907 -0.024099384
vt 0.958984375 0.321533203
vn 0.228765309 -0.970280230 0.078884587
v 0.157806382 0.637619019 -0.092506438
vt 0.916503906 0.313232422
vn -0.615701973 -0.584127665 0.528872371
v 0.207962021 0.624221802 -0.060489688
vt 0.952636719 0.311035156
vn 0.802975476 -0.582550824 -0.125957012
v 0.161041245 0.607063293 -0.116516143
vt 0.920166016 0.294921875
vn -0.440276504 -0.715449512 0.542483747
v 0.140258774 0.645339966 -0.100967430
vt 0.904296875 0.314941406
vn 0.612561226 -0.714654803 -0.337694079
v 0.138153061 0.630767822 -0.118316673
vt 0.902832031 0.302978516
vn -0.512255728 -0.583183646 0.630468845
v 0.117500283 0.641159058 -0.121177696
vt 0.890136719 0.305175781
vn 0.599392116 -0.078867406 -0.796560824
v 0.147506699 0.609687805 -0.126312271
vt 0.911621094 0.292724609
vn -0.544100344 -0.504672885 0.670268714
v 0.123115517 0.619262695 -0.120704673
vt 0.882812500 0.317626953
vn 0.559749544 0.299584329 -0.772612333
v 0.101921059 0.642822266 -0.129318252
vt 0.883056641 0.298339844
vn -0.258841336 -0.800055385 0.541214049
v 0.121093728 0.624816895 -0.135345474
vt 0.895019531 0.292480469
vn -0.418988615 -0.521759450 0.743112147
v 0.146865815 0.600097656 -0.134475723
vt 0.912841797 0.286376953
vn -0.314775169 -0.613811791 0.723983288
v 0.091461159 0.624984741 -0.136734024
vt 0.872070312 0.302246094
vn 0.361622155 0.283008724 -0.888333023
v 0.071273781 0.641220093 -0.141662613
vt 0.868164062 0.289550781
vn -0.078877136 -0.962301970 0.260294825
v 0.162979096 0.602218628 -0.134475723
vt 0.921142578 0.286621094
vn 0.552329481 -0.796932578 -0.244603112
v 0.120552041 0.588447571 -0.157836929
vt 0.917236328 0.272949219
vn 0.355611891 -0.932493210 0.063219875
v 0.194183335 0.621826172 -0.098007232
vt 0.942871094 0.298095703
vn 0.861639917 -0.308293194 -0.403152764
v 0.169113129 0.618225098 -0.134994522
vt 0.931396484 0.281005859
vn 0.692548394 -0.086568564 -0.716158211
v 0.212509140 0.635375977 -0.055809055
vt 0.958984375 0.304443359
vn 0.953880250 -0.149782822 -0.260149270
v 0.217636093 0.637329102 -0.025384938
vt 0.971679688 0.303222656
vn 0.907172561 -0.418088198 -0.047330841
v 0.209304795 0.645507812 -0.068031348
vt 0.961914062 0.296142578
vn 0.903385937 0.204243809 -0.377065569
v 0.218643174 0.647918701 -0.026191747
vt 0.977050781 0.301513672
vn 0.981456876 0.157033145 -0.109923303
v 0.183471665 0.635421753 -0.119819671
vt 0.944335938 0.284912109
vn 0.797926724 0.110603727 -0.592519999
v 0.149948090 0.642486572 -0.146606460
vt 0.943603516 0.269042969
vn 0.525736690 0.423728228 -0.737601042
v 0.209747300 0.660766602 -0.033966098
vt 0.978027344 0.296386719
vn 0.636848330 0.754783332 -0.157246634
v 0.181793198 0.648925781 -0.114219695
vt 0.952392578 0.281005859
vn 0.629608929 0.598128617 -0.495817214
v 0.161895722 0.660110474 -0.117370635
vt 0.958496094 0.271240234
vn 0.518464863 0.667720079 -0.534176111
v 0.179260239 0.663421631 -0.084983855
vt 0.967773438 0.280273438
vn 0.621892989 0.676997483 -0.393603295
v 0.155639619 0.672332764 -0.114303619
vt 0.964111328 0.266113281
vn 0.706757724 0.031411458 -0.706757963
v 0.202743515 0.655899048 -0.069961585
vt 0.966064453 0.290283203
vn 0.600363910 0.734655857 -0.315981120
v 0.183608994 0.668304443 -0.063190490
vt 0.977294922 0.285400391
vn 0.853788197 0.387366891 -0.347839803
v 0.189254746 0.672348022 -0.042297397
vt 0.983154297 0.290039062
vn 0.976347685 0.039368890 -0.212591976
v 0.086540200 0.556137085 -0.163009658
vt 0.837158203 0.320556641
vn 0.337693930 0.290573925 -0.895281971
v 0.103919961 0.585319519 -0.147644058
vt 0.857910156 0.319824219
vn 0.425566286 0.307353526 -0.851132870
v 0.068885781 0.588447571 -0.159576431
vt 0.844238281 0.304687500
vn 0.268274218 0.323507249 -0.907398522
v 0.048618291 0.626647949 -0.148849487
vt 0.852294922 0.286621094
vn 0.149254948 0.298510134 -0.942663670
v 0.042587254 0.637664795 -0.149978638
vt 0.854736328 0.281982422
vn 0.086483002 -0.912001491 0.400966197
v -0.003124502 0.630218506 -0.152603149
vt 0.835205078 0.269531250
v -0.014266994 0.614730835 -0.155624390
vt 0.823242188 0.268310547
vn 0.023612395 0.369929671 -0.928759634
v 0.034275029 0.586990356 -0.167602539
vt 0.829101562 0.291015625
vn 0.078828052 0.378375262 -0.922289729
v -0.017278697 0.581733704 -0.170852661
vt 0.806396484 0.275390625
vn -0.039448563 0.362925470 -0.930982769
v -0.002979305 0.557937622 -0.180130005
vt 0.801757812 0.288330078
vn 0.070634529 0.180510223 0.981033564
v 0.006971808 0.543762207 -0.197341919
vt 0.147460938 0.643310547
vn 0.023691803 -0.157946214 -0.987163544
v 0.048656434 0.552619934 -0.193130493
vt 0.126953125 0.648681641
vn 0.322944701 -0.362328321 -0.874314010
v 0.027650805 0.536491394 -0.191055298
vt 0.135986328 0.638671875
vn 0.323668540 -0.899956405 -0.292091131
v -0.009141949 0.533813477 -0.192077637
vt 0.153076172 0.638183594
vn -0.007897367 -0.726552427 -0.687065721
v 0.040237397 0.565750122 -0.197143555
vt 0.132568359 0.656982422
vn 0.172800228 -0.078545645 -0.981820107
v -0.015552547 0.533531189 -0.186248779
vt 0.146240234 0.625000000
vn -0.110548630 -0.323749274 -0.939662397
vt 0.136474609 0.633789062
v 0.027034730 0.592224121 -0.199111938
vt 0.141357422 0.669921875
vn 0.007861706 0.055032831 -0.998453617
v -0.013469726 0.570381165 -0.198394775
vt 0.156982422 0.655029297
vn -0.070680276 -0.015706746 -0.997375369
v 0.058208439 0.559806824 -0.178298965
vt 0.115722656 0.643066406
vn -0.055237979 -0.339319795 0.939047933
vt 0.124755859 0.632568359
v 0.077392548 0.564369202 -0.180252090
vt 0.109619141 0.651611328
vn 0.480657905 -0.874639630 0.063037068
v 0.081520051 0.576461792 -0.186019912
vt 0.109130859 0.659423828
vn 0.432294190 -0.227937028 -0.872448564
v 0.059871644 0.603721619 -0.194580093
vt 0.123046875 0.675781250
vn 0.203973219 0.109831773 -0.972796023
v 0.016889540 0.612693787 -0.195022583
vt 0.145507812 0.680419922
vn -0.047062218 0.258841425 -0.964772701
v -0.040382415 0.591934204 -0.194366455
vt 0.169677734 0.682373047
vn -0.110089697 0.078635350 -0.990806103
v 0.032360047 0.627899170 -0.190002441
vt 0.135498047 0.690185547
vn 0.054981794 0.408437163 -0.911129117
v -0.023778945 0.633377075 -0.183776855
vt 0.160400391 0.697021484
vn -0.070932269 0.449236840 -0.890592396
v 0.013450592 0.638977051 -0.182708740
vt 0.142333984 0.699707031
vn -0.031565748 0.623420894 -0.781248987
v 0.048656434 0.642089844 -0.179061890
vt 0.125732422 0.699707031
vn 0.126360729 0.639701843 -0.758165240
v 0.019723862 0.653808594 -0.169555664
vt 0.135986328 0.709716797
vn -0.039446104 0.481240809 -0.875700533
v 0.081817597 0.627075195 -0.182724014
vt 0.110351562 0.688232422
vn 0.205361903 0.418622613 -0.884636462
v 0.100654572 0.611854553 -0.180587783
vt 0.100585938 0.678710938
vn 0.354726702 0.094593801 -0.930172622
v 0.116218537 0.642852783 -0.162658706
vt 0.090087891 0.696533203
vn 0.204451919 0.707718670 -0.676264524
v 0.049953431 0.652053833 -0.168533325
vt 0.123535156 0.707275391
vn 0.134049430 0.433689743 -0.891035318
v 0.007467717 0.664840698 -0.167282119
vt 0.138427734 0.716796875
vn -0.063117594 -0.197242156 -0.978320897
v 0.039737672 0.664199829 -0.166885391
vt 0.126708984 0.714599609
vn 0.086635552 -0.315038800 -0.945116341
v 0.074745148 0.663314819 -0.159790069
vt 0.109130859 0.713378906
vn 0.299537659 -0.244359806 -0.922261119
v 0.086524934 0.650375366 -0.160537735
vt 0.103271484 0.706054688
vn 0.268324345 0.552432656 -0.789189637
v 0.118827790 0.670562744 -0.141784698
vt 0.084472656 0.719238281
vn 0.510845780 -0.212197542 -0.833071887
v 0.118682832 0.637207031 -0.166214004
vt 0.089843750 0.692626953
vn 0.377496541 0.330309570 -0.865096569
v 0.141448945 0.661514282 -0.129379302
vt 0.073730469 0.712646484
vn 0.371962935 0.585643947 -0.720183849
vt 0.065429688 0.718994141
vt 0.062988281 0.712646484
vt 0.071777344 0.697265625
v 0.127700776 0.615707397 -0.167877212
vt 0.085205078 0.680175781
vn 0.527150512 0.007867906 -0.849735439
vt 0.061035156 0.685791016
v 0.132217377 0.598098755 -0.160842910
vt 0.079345703 0.671630859
vn 0.583909333 -0.378752053 -0.718050778
vt 0.062255859 0.677001953
vt 0.079345703 0.664550781
v 0.087455727 0.581398010 -0.164825454
vt 0.095458984 0.650146484
vn -0.228480950 -0.393932879 0.890288472
v 0.120346047 0.595855713 -0.149475113
vt 0.078613281 0.656982422
vn -0.276173204 -0.473439991 0.836410761
vt 0.067382812 0.658691406
v 0.099082924 0.621032715 -0.146484390
vt 0.076416016 0.638916016
vn -0.315498888 -0.433811098 0.843959928
vt 0.065673828 0.643554688
vt 0.064453125 0.633300781
vt 0.071777344 0.623046875
v 0.050567601 0.608581543 -0.169525146
vt 0.096923828 0.623291016
vn -0.235753089 -0.290762275 0.927296042
v 0.051273320 0.625671387 -0.159820557
vt 0.088134766 0.618896484
vn -0.149195135 -0.557519019 0.816647708
vt 0.084228516 0.611328125
v 0.007781955 0.619705200 -0.164474487
vt 0.099365234 0.601806641
vn 0.102432221 -0.527919173 0.843094885
vt 0.095458984 0.593017578
v 0.031101199 0.607345581 -0.171478271
vt 0.101318359 0.615722656
vn 0.000000138 -0.346800894 0.937938869
v -0.009237316 0.587532043 -0.175765991
vt 0.116943359 0.603515625
vn 0.078439355 -0.251005471 0.964802384
v 0.027923556 0.577720642 -0.178146362
vt 0.114501953 0.623046875
vn -0.039466716 -0.157867357 0.986671269
vt 0.127441406 0.613525391
v 0.279159576 0.252273560 0.098686188
vt 0.027099609 0.951416016
vn 0.994936705 -0.071066856 0.071066774
vt 0.027343750 0.962158203
vt 0.019042969 0.949462891
v 0.272232085 0.274932861 0.104202241
vt 0.024414062 0.933593750
vn 0.970642745 0.157828152 0.181502163
vt 0.019775391 0.931396484
v 0.263381988 0.249420181 0.150146469
vt 0.052246094 0.938476562
vn 0.936949849 0.133850023 0.322814524
v 0.272354156 0.292053223 0.112480134
vt 0.026855469 0.923828125
vn 0.990255177 -0.039295789 0.133605719
vt 0.018798828 0.915283203
v 0.254837066 0.277923584 0.159133896
vt 0.057861328 0.924560547
vn 0.919522822 0.007859225 0.392958343
v 0.259994537 0.238342300 0.154846177
vt 0.055419922 0.941162109
vn 0.574003100 -0.542550743 0.613318205
v 0.269180328 0.242980972 0.118431062
vt 0.038818359 0.950927734
vn 0.189346567 -0.970400989 -0.149899319
v 0.246154815 0.244262710 0.113426186
vt 0.049560547 0.958740234
vn -0.416999817 -0.889075100 -0.188830003
vt 0.050537109 0.963134766
v 0.247329742 0.236389160 0.148452744
vt 0.059082031 0.944580078
vn -0.409740984 -0.858880401 0.307305902
v 0.248977691 0.275039673 0.161666855
vt 0.062988281 0.926025391
vn -0.260286599 -0.283949077 0.922834754
vt 0.070556641 0.969726562
vt 0.063232422 0.975830078
v 0.242172271 0.283416748 0.125900254
vt 0.066406250 0.957519531
vn -0.987440705 -0.157990545 0.000000136
v 0.240325958 0.243560806 0.135955796
vt 0.060791016 0.948486328
vn -0.982638836 -0.149361148 -0.110055417
v 0.240112334 0.262588501 0.149902329
vt 0.070312500 0.937988281
vn -0.794635296 -0.605811179 -0.039338253
v 0.238143951 0.294448853 0.134765610
vt 0.068115234 0.952392578
vn 0.118073769 -0.747799695 0.653340876
vt 0.076904297 0.954589844
vt 0.078857422 0.948974609
v 0.231567413 0.285858154 0.152709946
vt 0.070800781 0.948730469
vn 0.892062008 -0.149992704 -0.426295280
v 0.239898711 0.284774780 0.161148056
vt 0.066650391 0.919921875
vn 0.626589239 0.078323707 0.775403917
v 0.240707427 0.300903320 0.169540390
vt 0.064208984 0.910888672
vn -0.141151413 0.525397360 0.839067340
v 0.231246978 0.287277222 0.153640732
vt 0.072998047 0.913085938
vn 0.125595629 0.259040773 0.957665801
v 0.229171783 0.302032471 0.157882676
vt 0.067626953 0.906250000
vn 0.756962299 0.094620340 0.646571815
v 0.238723785 0.309082031 0.136688218
vt 0.048828125 0.897216797
vn 0.828313887 0.299770772 0.473322064
v 0.252121001 0.306503296 0.149536118
vt 0.050781250 0.908447266
vn 0.322814643 0.889708638 0.322814584
vt 0.025878906 0.906005859
v 0.254806548 0.290847778 0.164169297
vt 0.058105469 0.917480469
vn 0.856094360 0.149227500 0.494806677
v 0.272384673 0.309906006 0.113128632
vt 0.027099609 0.914794922
vn 0.777769446 0.597075641 0.196406290
vt 0.019775391 0.910156250
vt 0.232910156 0.098632812
vt 0.234619141 0.102783203
vt 0.227050781 0.107421875
vt 0.236816406 0.106201172
vt 0.214355469 0.107177734
v 0.223068267 0.282272369 0.181274399
vt 0.210205078 0.097900391
vn 0.731920660 0.078701198 0.676829636
vt 0.220458984 0.086181641
v 0.215148956 0.289123565 0.176132187
vt 0.205322266 0.099853516
vn 0.756586075 0.173384368 0.630488217
vt 0.209960938 0.110107422
v 0.202941924 0.277023345 0.201309189
vt 0.208984375 0.086669922
vn 0.796412170 0.228672832 0.559853911
vt 0.203369141 0.111816406
v 0.205429107 0.277038604 0.208435044
vt 0.210205078 0.083740234
vn 0.768491626 0.211727336 0.603814721
vt 0.225830078 0.081542969
vt 0.208496094 0.077636719
v 0.194427520 0.284774810 0.198165879
vt 0.203125000 0.085693359
vn 0.638171375 0.236359820 0.732715130
v 0.231399566 0.340042114 0.156677216
vt 0.185546875 0.113525391
vn 0.818466425 0.007869930 0.574500382
v 0.203445464 0.315673858 0.190490708
vt 0.191894531 0.094482422
vn 0.726575136 0.000000062 0.687087059
v 0.169326812 0.318084717 0.221893296
vt 0.188720703 0.077392578
vn 0.632376611 0.000000062 0.774661124
v 0.204849273 0.346023589 0.188095063
vt 0.176757812 0.096191406
vn 0.717760384 0.055212393 0.694097757
vt 0.200683594 0.119873047
v 0.210372955 0.398551941 0.175765961
vt 0.154785156 0.106445312
vn 0.725399673 0.118271738 0.678090811
v 0.166824371 0.387817383 0.220870957
vt 0.155761719 0.083740234
vn 0.677228451 0.070872791 0.732351542
vt 0.178222656 0.126220703
vt 0.202636719 0.129150391
v 0.231903106 0.386756897 0.151596040
vt 0.165527344 0.121093750
vn 0.812207997 0.094626233 0.575642467
v 0.241973892 0.413894653 0.125183076
vt 0.157226562 0.137207031
vn 0.903023899 0.133490533 0.408323675
vt 0.165771484 0.147705078
v 0.222595245 0.434917480 0.152832001
vt 0.145507812 0.126464844
vn 0.774637163 0.197611570 0.600738823
v 0.169677764 0.420539856 0.212295517
vt 0.131835938 0.099365234
vn 0.669249892 0.196838245 0.716490984
v 0.192901641 0.465831786 0.173263520
vt 0.125732422 0.124267578
vn 0.675325572 0.235578746 0.698883414
v 0.211608902 0.487297446 0.147399873
vt 0.125000000 0.137939453
vn 0.835060060 0.267849475 0.480553269
v 0.239074722 0.447837830 0.115325898
vt 0.144287109 0.146240234
vn 0.911917090 0.243702024 0.330176711
vt 0.155761719 0.161621094
vt 0.123779297 0.165527344
vt 0.129150391 0.180175781
v 0.172119185 0.213562012 0.219131455
vt 0.463378906 0.023681641
vn 0.126074046 0.118194513 -0.984954536
v 0.176879928 0.207916260 0.222854599
vt 0.466308594 0.026367188
vn 0.655313075 -0.568464398 -0.497406423
v 0.165039107 0.209106445 0.220016479
vt 0.461669922 0.026855469
vn -0.244261220 -0.701265931 -0.669748187
v 0.157211348 0.202972412 0.250015229
vt 0.467285156 0.042724609
vn 0.150105089 -0.987533152 0.047401618
v 0.184371993 0.211486816 0.234863266
vt 0.473876953 0.027343750
vn 0.950401902 -0.219927639 0.219927594
v 0.118476912 0.201873779 0.250289887
vt 0.450439453 0.046142578
vn -0.314327896 -0.903692722 -0.290753245
v 0.176910445 0.253372222 0.229888901
vt 0.469238281 0.011962891
vn 0.760930479 0.164737552 -0.627571762
v 0.124198958 0.210083008 0.241638184
vt 0.450195312 0.039062500
vn -0.502134681 -0.054921027 -0.863043725
v 0.151809737 0.225921631 0.229461670
vt 0.453125000 0.024414062
vn -0.361399084 -0.329973042 -0.872071445
v 0.123748824 0.221557617 0.243255615
vt 0.446044922 0.035400391
vn -0.409804761 -0.583183646 -0.701396406
v 0.118881270 0.221343994 0.250869721
vt 0.444580078 0.039062500
vn -0.726393700 -0.465839446 0.505317509
v 0.104240462 0.221435547 0.240737915
vt 0.437500000 0.037841797
vn 0.338530332 -0.653442085 0.677060366
v 0.130889937 0.227661133 0.230819702
vt 0.445312500 0.028808594
vn 0.371127278 -0.773839653 0.513260961
vt 0.439208984 0.020019531
vt 0.454589844 0.015869141
vt 0.438232422 0.007812500
vt 0.461181641 0.017333984
vt 0.459716797 0.013916016
v 0.170196578 0.248352066 0.225830078
vt 0.467529297 0.010253906
vn 0.842702746 -0.055130024 0.535549223
v 0.167602584 0.277130127 0.231475830
vt 0.474853516 0.006347656
vn 0.133775249 0.676745892 -0.723960817
vt 0.470703125 0.000000000
vt 0.889892578 0.977539062
vt 0.859863281 0.978271484
v 0.164596602 0.210784912 0.258926362
vt 0.884277344 0.972656250
vn 0.606864035 -0.307372570 0.732965410
v 0.172439620 0.241836578 0.254196137
vt 0.868408203 0.964355469
vn 0.873988748 -0.220465541 0.433057338
v 0.133575484 0.204833984 0.273696870
vt 0.900146484 0.962158203
vn 0.102790214 -0.403253376 0.909296930
v 0.149261519 0.234069824 0.271316499
vt 0.889404297 0.957763672
vn 0.337662905 -0.408336401 0.848083317
v 0.122291610 0.203186035 0.263412446
vt 0.904785156 0.962646484
vn -0.784585178 -0.384446770 0.486442983
vt 0.907226562 0.968750000
vt 0.910888672 0.957519531
v 0.121337935 0.262344360 0.270553559
vt 0.909423828 0.937988281
vn -0.921831489 0.173335835 0.346671849
v 0.128494307 0.279876709 0.286941499
vt 0.897216797 0.931396484
vn -0.659925461 -0.086418837 0.746344507
v 0.137664840 0.268920898 0.284011811
vt 0.894531250 0.944091797
vn -0.015755711 -0.275727302 0.961106777
v 0.142135665 0.246368423 0.284774750
vt 0.890380859 0.946533203
vn -0.851582468 -0.362711072 0.378481299
v 0.138656661 0.280853271 0.292068452
vt 0.890380859 0.933105469
vn 0.157970920 -0.015797028 0.987317383
v 0.145996138 0.254150391 0.288650483
vt 0.888427734 0.945800781
vn 0.465115309 -0.134016171 0.875047207
v 0.169784591 0.232177734 0.272323579
vt 0.878906250 0.957031250
vn 0.520719290 -0.591726363 0.615395367
v 0.184310958 0.254684478 0.261428803
vt 0.871337891 0.951904297
vn 0.812789440 -0.086802691 0.576054513
v 0.170288131 0.293655396 0.275466889
vt 0.873535156 0.934082031
vn 0.561111569 0.150156662 0.814006746
v 0.173996016 0.276535064 0.258254975
vt 0.864746094 0.948974609
vn 0.892813504 -0.118515059 -0.434555411
v 0.138046309 0.295562744 0.289749116
vt 0.887207031 0.925537109
vn 0.062730208 0.705714226 0.705714107
v 0.129043624 0.298721313 0.277969331
vt 0.887207031 0.915527344
vn -0.520654380 0.851979792 0.055220943
v 0.168655440 0.304992676 0.260024995
vt 0.868896484 0.927001953
vn 0.180962175 0.944150448 0.275377125
v 0.182479903 0.290954620 0.261886567
vt 0.866455078 0.940673828
vn 0.952696860 0.244079426 0.181091011
v 0.180725142 0.282897979 0.246627793
vt 0.859130859 0.950439453
vn 0.993852854 0.007887769 0.110427968
vt 0.850097656 0.954833984
v 0.176055953 0.302734405 0.246566758
vt 0.860595703 0.934814453
vn 0.393603057 0.621893048 -0.676997542
vt 0.851074219 0.932617188
v 0.148391768 0.301635742 0.256973237
vt 0.866699219 0.920166016
vn -0.204946980 0.843435287 -0.496602058
v 0.141006514 0.294403076 0.246078491
vt 0.864990234 0.915527344
vn -0.503313422 0.566227436 -0.652734399
v 0.140228316 0.275253296 0.244018555
vt 0.858154297 0.917480469
vn -0.549142182 0.447158515 -0.706039786
v 0.161300704 0.277725220 0.224868774
vt 0.850097656 0.929931641
vn 0.550703406 0.165211052 0.818187714
v 0.134017989 0.273086548 0.240173340
vt 0.856689453 0.915771484
vn 0.417607874 0.181226060 0.890371144
vt 0.843750000 0.933593750
vt 0.834472656 0.927246094
vt 0.013916016 0.630371094
vt 0.013916016 0.660400391
vt 0.002197266 0.633544922
v 0.059501685 0.112152100 0.163024902
vt 0.483886719 0.042236328
vn 0.023659585 -0.867514372 0.496849179
vt 0.490478516 0.033447266
vt 0.497314453 0.040039062
v -0.024875604 0.107360840 0.153594986
vt 0.479980469 0.005371094
vn -0.007870751 -0.905147195 0.425025702
v 0.049499553 0.137664795 0.199539199
vt 0.487060547 0.060058594
vn 0.118220352 -0.732965410 0.669914663
vt 0.507568359 0.047851562
v 0.019712489 0.124755859 0.184860244
vt 0.471923828 0.057861328
vn 0.015721362 -0.801783681 0.597407520
v -0.045120198 0.124908447 0.184951797
vt 0.446777344 0.060791016
vn -0.023647606 -0.811904967 0.583310425
v 0.006096406 0.150360107 0.215652481
vt 0.473632812 0.074707031
vn 0.000000123 -0.711045980 0.703145564
v 0.092292830 0.157714844 0.207687378
vt 0.506591797 0.064941406
vn 0.252187610 -0.622587860 0.740800738
v 0.050460860 0.167144775 0.225189224
vt 0.493652344 0.075927734
vn 0.126093879 -0.622587860 0.772324204
v 0.011932418 0.172393799 0.233139053
vt 0.481201172 0.084716797
vn 0.039408106 -0.535948336 0.843330622
v 0.063621566 0.185119629 0.234848022
vt 0.502441406 0.082031250
vn 0.188509583 -0.494837284 0.848292589
vt 0.527099609 0.056640625
v 0.110611007 0.183319092 0.218750000
vt 0.519531250 0.073730469
vn 0.331068188 -0.480836958 0.811904967
v 0.074707076 0.218841553 0.248992920
vt 0.514404297 0.094482422
vn 0.157543957 -0.551403284 0.819227874
vt 0.534667969 0.078125000
vt 0.526367188 0.091796875
v 0.139724776 0.263534546 0.249649018
vt 0.921875000 0.931640625
vn 0.229172155 0.521564066 0.821858406
v 0.152603194 0.262145996 0.266342133
vt 0.916992188 0.927490234
vn -0.614230514 0.464610100 -0.637854576
v 0.156829879 0.263931274 0.256912202
vt 0.922363281 0.923583984
vn -0.434094697 0.173637956 0.883974969
v 0.164627120 0.286743164 0.257369965
vt 0.913574219 0.921142578
vn -0.874314010 -0.322944850 -0.362328202
v 0.145599410 0.291076660 0.257400483
vt 0.910156250 0.915771484
vn 0.219927818 -0.628364801 0.746183276
v 0.133148238 0.260391235 0.278671235
vt 0.911132812 0.932373047
vn 0.007848626 0.674992621 -0.737782717
v 0.137954757 0.288375854 0.280593842
vt 0.905761719 0.924804688
vn -0.354484707 -0.370239556 -0.858640492
v 0.121231124 0.282501221 0.274093598
vt 0.897460938 0.927490234
vn 0.165349245 -0.984221458 0.062990196
v 0.120910689 0.271331787 0.265579194
vt 0.895996094 0.922851562
vn 0.478995383 -0.321947575 0.816647530
vt 0.349365234 0.022705078
v 0.081657454 0.214752197 0.253829956
vt 0.335449219 0.008056641
vn 0.015757876 -0.976983905 0.212730408
vt 0.354492188 0.016845703
vt 0.336425781 0.004394531
v 0.102706954 0.221923828 0.256393433
vt 0.338623047 0.016845703
vn 0.384104222 -0.368426323 0.846596777
v 0.075019881 0.224365234 0.262527466
vt 0.327636719 0.013183594
vn -0.086772904 -0.354980588 0.930837989
v 0.119781539 0.267730713 0.260055512
vt 0.338623047 0.050048828
vn -0.165139347 0.259504914 0.951517940
vt 0.345458984 0.052490234
v 0.083129928 0.219268799 0.267532349
vt 0.332275391 0.017089844
vn -0.070971698 -0.567774594 0.820118904
vt 0.341064453 0.054199219
v 0.080894515 0.247131363 0.272048950
vt 0.331298828 0.024902344
vn -0.284738362 0.134459883 0.949128449
v 0.095359847 0.229583740 0.267929077
vt 0.334960938 0.023193359
vn 0.481555760 -0.118415259 0.868378937
v 0.097450301 0.262634277 0.265579224
vt 0.331787109 0.039794922
vn 0.283666998 0.102435328 0.953435957
v 0.099624678 0.272872925 0.255569458
vt 0.326904297 0.046142578
vn 0.323749393 0.110548586 0.939662457
vt 0.329833984 0.061523438
vt 0.331054688 0.063232422
v 0.114357039 0.279129028 0.266372651
vt 0.341308594 0.059326172
vn -0.794487894 0.361845911 -0.487705380
vt 0.334716797 0.072509766
vt 0.346191406 0.061035156
vt 0.345703125 0.071533203
vt 0.351074219 0.066650391
vt 0.009765625 0.769775391
vt 0.004638672 0.760253906
vt 0.013183594 0.766601562
vt 0.013916016 0.753417969
vt 0.002197266 0.752929688
v 0.053943682 0.208923340 0.266952515
vt 0.741699219 0.048828125
vn 0.488476753 -0.559384704 -0.669685960
v 0.034019519 0.198516846 0.271865845
vt 0.750488281 0.054687500
vn 0.118048042 -0.944384336 -0.306924909
v 0.019205140 0.206115723 0.266098022
vt 0.748779297 0.061035156
vn 0.039551858 -0.395519644 -0.917605519
v -0.005254697 0.197540283 0.271469116
vt 0.762451172 0.060302734
vn -0.078613587 -0.746828616 -0.660353661
v -0.017826030 0.196350098 0.282302856
vt 0.769775391 0.052978516
vn -0.102511592 -0.969918132 0.220794439
v -0.004562807 0.206573486 0.268875122
vt 0.756347656 0.065185547
vn 0.031574406 -0.726212800 -0.686744571
v 0.046814013 0.202362061 0.280380249
vt 0.749023438 0.049560547
vn 0.243574128 -0.872152209 0.424290270
v 0.002154162 0.200439453 0.285446167
vt 0.764648438 0.045654297
vn 0.062906519 -0.172992513 0.982912242
v 0.007134006 0.217742920 0.257675171
vt 0.746582031 0.068847656
vn 0.180377021 -0.776404977 0.603870571
v -0.020069078 0.211212158 0.253585815
vt 0.757812500 0.071777344
vn 0.031450365 -0.912057877 0.408853531
v 0.053096820 0.210144043 0.281845093
vt 0.740722656 0.043701172
vn 0.473631889 -0.221028119 0.852537155
v 0.018524216 0.232360840 0.262649536
vt 0.739257812 0.063720703
vn 0.329840660 -0.903135180 -0.274867207
v 0.042728469 0.213226318 0.252151489
vt 0.731201172 0.069580078
vn 0.102537319 -0.441698641 0.891284823
v -0.015544847 0.192504883 0.245208755
vt 0.746582031 0.082763672
vn -0.031662248 -0.490766883 0.870715499
vt 0.731689453 0.089599609
vt 0.721923828 0.079589844
vt 0.718994141 0.065673828
v 0.050209090 0.240173355 0.262039185
vt 0.727539062 0.054931641
vn 0.063229851 -0.869409084 0.490030587
v 0.040813491 0.216186523 0.261795044
vt 0.739746094 0.053466797
vn 0.054914091 -0.141208008 -0.988455832
v 0.055583999 0.227416992 0.266250610
vt 0.730712891 0.049072266
vn 0.726665676 -0.489709377 0.481810838
v 0.056022692 0.241455093 0.286453247
vt 0.733886719 0.036621094
vn 0.996791542 0.015697550 0.078487389
v 0.053287551 0.250473022 0.269912720
vt 0.725830078 0.038818359
vn 0.809694409 0.369472265 0.455944270
v 0.053016711 0.257080078 0.290695190
vt 0.732910156 0.030273438
vn 0.552209318 0.094664499 0.828313768
v 0.043968245 0.269927979 0.278640747
vt 0.728027344 0.022949219
vn 0.204546854 0.912594080 -0.354023635
v 0.037265822 0.261352539 0.268386841
vt 0.721435547 0.025390625
vn 0.141142949 -0.062730096 0.987999797
v 0.002308176 0.261581421 0.270492554
vt 0.725097656 0.007324219
vn -0.055212267 0.717760324 0.694097757
v -0.020618392 0.268112183 0.282455444
vt 0.740722656 0.002929688
vn -0.180956602 0.983459592 0.007867657
v 0.045131732 0.268005371 0.291397095
vt 0.734130859 0.023925781
vn 0.071022667 0.860163093 0.505049825
v -0.002165269 0.263534546 0.296218872
vt 0.748046875 0.013427734
vn 0.000000106 0.370032907 0.929018736
v 0.041385699 0.253479004 0.290695190
vt 0.737548828 0.028320312
vn -0.126262337 -0.465592802 0.875945866
v -0.020673703 0.251281738 0.295394897
vt 0.761474609 0.010253906
vn 0.189429224 -0.584073007 0.789287865
v 0.042030383 0.217681885 0.282058716
vt 0.745361328 0.041259766
vn -0.683135927 -0.007852136 0.730249047
v 0.038105059 0.254211426 0.280868530
vt 0.742431641 0.028808594
vn -0.197673127 -0.545578122 0.814413846
v 0.016721772 0.252365112 0.282516479
vt 0.750244141 0.023437500
vn 0.181496784 -0.291972846 0.939047813
v -0.015771817 0.244110122 0.288101196
vt 0.763183594 0.018554688
vn 0.290645778 -0.204237431 0.934779227
v 0.039428759 0.218322754 0.273574829
vt 0.749023438 0.039306641
vn -0.275070757 0.141465038 0.950959444
v 0.026907017 0.210357666 0.283950806
vt 0.753906250 0.043212891
vn -0.039407883 0.535948396 0.843330503
v -0.014730404 0.212005615 0.282455444
vt 0.769042969 0.038085938
vn 0.212007865 0.149190694 0.965813041
v 0.019586612 0.213562012 0.276046753
vt 0.757080078 0.038330078
vn 0.157867536 -0.039466798 0.986671269
vt 0.081542969 0.211669922
vt 0.071289062 0.213134766
vt 0.080566406 0.205566406
vt 0.076660156 0.204345703
vt 0.069091797 0.206787109
v 0.077758834 0.265014648 0.269790649
vt 0.080810547 0.227294922
vn 0.086365670 0.117771246 0.989277959
vt 0.088867188 0.228515625
vt 0.070556641 0.222656250
vt 0.089599609 0.234619141
v 0.054946944 0.260681152 0.265243530
vt 0.071044922 0.226806641
vn 0.188532874 -0.015711010 0.981941283
vt 0.062988281 0.226074219
v -0.002740100 0.293518066 0.276321411
vt 0.044189453 0.237060547
vn -0.023589028 -0.133671880 0.990744889
vt 0.048828125 0.223632812
v 0.095184371 0.308944702 0.262802124
vt 0.084472656 0.249755859
vn 0.338320702 -0.094415002 0.936282516
v 0.065567061 0.311553955 0.271438599
vt 0.071289062 0.248779297
vn 0.205541745 -0.110676199 0.972369969
v 0.031459853 0.322326660 0.278182983
vt 0.055908203 0.251464844
vn 0.125502884 -0.086283088 0.988334119
v 0.079078719 0.357177734 0.270706177
vt 0.072998047 0.268554688
vn 0.244382679 0.007883361 0.969646871
v 0.136825606 0.312622070 0.243988037
vt 0.103027344 0.254882812
vn 0.486907780 -0.054973386 0.871721745
v 0.005751177 0.331787109 0.280593872
vt 0.044433594 0.253662109
vn 0.007861973 -0.055032831 0.998453617
vt 0.105468750 0.237792969
v -0.023910480 0.360733032 0.280441284
vt 0.029541016 0.264160156
vn -0.070653878 0.031401824 0.997006595
vt 0.116210938 0.243652344
v 0.024868054 0.368118286 0.280014038
vt 0.049072266 0.270019531
vn 0.102578789 0.031562716 0.994224012
v 0.017740291 0.402397156 0.276901245
vt 0.042968750 0.284179688
vn 0.071084753 0.142169312 0.987286627
v -0.008387526 0.420677185 0.274246216
vt 0.030273438 0.290039062
vn -0.047283564 0.165492952 0.985076845
v 0.055118602 0.394142151 0.273117065
vt 0.059814453 0.282470703
vn 0.188323766 0.133395970 0.973005533
v 0.026565589 0.444091797 0.268814087
vt 0.043945312 0.302001953
vn 0.086496398 0.204445779 0.975048959
v 0.001326715 0.476974487 0.262252808
vt 0.029052734 0.309814453
vn 0.000000111 0.313872784 0.949465096
v 0.057270087 0.450042725 0.262252808
vt 0.058593750 0.305908203
vn 0.236543477 0.252312928 0.938288510
v 0.025173223 0.479240417 0.259780884
vt 0.043212891 0.312988281
vn 0.141225442 0.305988282 0.941502392
v 0.093246497 0.401123077 0.262374878
vt 0.076171875 0.287841797
vn 0.315029114 0.149638832 0.937211215
v 0.110878028 0.368843108 0.258621216
vt 0.086425781 0.275878906
vn 0.424920440 0.023606742 0.904922843
v 0.094680823 0.438606262 0.253707886
vt 0.075683594 0.302978516
vn 0.345164537 0.258873373 0.902134240
v 0.095809966 0.500182152 0.232299790
vt 0.073730469 0.326904297
vn 0.322914869 0.299286872 0.897860408
v 0.120796233 0.457265884 0.236297593
vt 0.088134766 0.313720703
vn 0.472397119 0.283438265 0.834568024
v 0.133224517 0.417907715 0.241302475
vt 0.093750000 0.297607422
vn 0.498152226 0.189772278 0.846067846
v 0.156158477 0.458311111 0.211593613
vt 0.105468750 0.317138672
vn 0.606656730 0.267874420 0.748472452
v 0.161636382 0.493179828 0.192718491
vt 0.113281250 0.329589844
vn 0.630703926 0.275932997 0.725309372
vt 0.122802734 0.325439453
vt 0.112792969 0.302978516
v 0.144622833 0.384872437 0.238784775
vt 0.101806641 0.285400391
vn 0.559297979 0.055142108 0.827130675
vt 0.113769531 0.289306641
vt 0.129882812 0.304199219
vt 0.119140625 0.260009766
vt 0.133544922 0.272705078
vt 0.130615234 0.247070312
v 0.226364151 0.538127899 0.089187592
vt 0.259521484 0.938232422
vn 0.901164293 0.094034582 0.423155278
vt 0.255615234 0.957031250
vt 0.249755859 0.950439453
vt 0.259521484 0.924316406
v 0.215484634 0.526054382 0.112701386
vt 0.272949219 0.943603516
vn 0.872233093 0.196448937 0.447903335
vt 0.291503906 0.965087891
vt 0.254638672 0.913330078
vt 0.239501953 0.923339844
v 0.216766372 0.592224121 0.093910180
vt 0.263916016 0.908447266
vn 0.480523646 0.291465163 0.827130675
v 0.208084121 0.566177368 0.109313935
vt 0.273681641 0.921875000
vn 0.758259952 0.213260651 0.616086006
vt 0.238281250 0.901855469
vt 0.250488281 0.902343750
v 0.216781616 0.612762451 0.085243188
vt 0.259033203 0.896972656
vn 0.157382831 0.747568190 0.645269334
v 0.178070083 0.615264893 0.108161896
vt 0.283691406 0.890136719
vn 0.670518875 0.528526604 0.520638108
v 0.201263443 0.536701202 0.132461518
vt 0.287109375 0.937011719
vn 0.802627325 0.306886971 0.511478066
v 0.189178482 0.584877014 0.121612519
vt 0.286621094 0.910156250
vn 0.670102000 0.378410578 0.638567686
v 0.169754043 0.604965210 0.127181992
vt 0.295654297 0.896728516
vn 0.694119513 0.410161555 0.591578960
v 0.172973648 0.628341675 0.109855622
vt 0.286865234 0.883056641
vn 0.709563971 0.457274556 0.536114812
v 0.180221573 0.563819885 0.145111054
vt 0.302246094 0.921875000
vn 0.708573639 0.409398109 0.574731767
v 0.193145767 0.526664734 0.154098481
vt 0.299560547 0.944091797
vn 0.708859324 0.283543736 0.645849407
vt 0.312011719 0.978271484
v 0.168640152 0.527370453 0.174407944
vt 0.318847656 0.941894531
vn 0.631017745 0.252407134 0.733557999
vt 0.328857422 0.960449219
v 0.165161148 0.563766479 0.163970932
vt 0.318359375 0.921142578
vn 0.614173293 0.330708712 0.716535389
v 0.140609756 0.599098206 0.165420517
vt 0.323486328 0.898681641
vn 0.790520132 0.245061278 0.561269104
v 0.145950332 0.624603271 0.141860947
vt 0.312744141 0.881835938
vn -0.086643763 -0.834930480 -0.543492377
v 0.153762817 0.648086548 0.108230561
vt 0.292480469 0.869384766
vn 0.916688323 0.165952235 0.363514185
v 0.175460815 0.634094238 0.096427888
vt 0.284423828 0.876220703
vn -0.653017223 -0.621546507 -0.432722151
v 0.131897002 0.532623291 0.201858506
vt 0.346679688 0.935302734
vn 0.552966833 0.308081567 0.774153471
vt 0.349609375 0.976806641
v 0.136856094 0.578430176 0.177703843
vt 0.333251953 0.908691406
vn 0.489343345 0.315705389 0.812941134
v 0.133544937 0.588806152 0.180297837
vt 0.333007812 0.902587891
vn -0.126293942 -0.891950905 -0.434135348
v 0.092948936 0.606811523 0.193191513
vt 0.343994141 0.891113281
vn -0.308120042 -0.711046100 -0.632040858
vt 0.375000000 0.969482422
v 0.110885642 0.569358826 0.199432358
vt 0.353027344 0.910888672
vn 0.449572206 0.433797717 0.780835688
v 0.066513084 0.606475830 0.198730454
vt 0.368164062 0.895263672
vn 0.568075061 0.063119501 0.820552588
v 0.107955955 0.541309357 0.213455185
vt 0.361328125 0.927490234
vn 0.430938780 0.313410014 0.846206844
vt 0.383300781 0.942138672
v 0.081161521 0.563339233 0.216674790
vt 0.369628906 0.913085938
vn 0.306991577 0.338477790 0.889488041
vt 0.566162109 0.454101562
v -0.030281020 0.260314941 0.274948120
vt 0.574951172 0.468750000
vn -0.306924820 0.377753764 0.873555541
vt 0.569580078 0.465820312
v -0.028316453 0.261444092 0.268936157
vt 0.575683594 0.466064453
vn -0.118154079 -0.031507749 0.992495358
vt 0.572509766 0.448486328
v -0.033031415 0.253219604 0.278274536
vt 0.569091797 0.471923828
vn -0.922261119 0.134003684 -0.362598270
v -0.044486955 0.327423096 0.276809692
vt 0.594482422 0.443847656
vn -0.149708301 -0.086673275 0.984923959
vt 0.593994141 0.427001953
v -0.062400773 0.281478882 0.267440796
vt 0.592285156 0.465332031
vn -0.213366970 -0.158049673 0.964103222
v -0.069107011 0.261749268 0.261734009
vt 0.590820312 0.475097656
vn -0.276483238 0.157990515 0.947943032
v -0.068717919 0.371566772 0.272201538
vt 0.613525391 0.431640625
vn -0.236837879 0.031578429 0.971035838
v -0.085632280 0.317474365 0.266647339
vt 0.608642578 0.455322266
vn -0.291682273 -0.070949733 0.953880310
v -0.046871144 0.393730164 0.274612427
vt 0.610351562 0.419433594
vn -0.150086194 0.134287789 0.979510665
vt 0.602294922 0.402099609
v -0.107307389 0.284591675 0.254257202
vt 0.610839844 0.473144531
vn -0.354495496 -0.157553568 0.921688616
v -0.120330773 0.335235596 0.253891021
vt 0.627441406 0.456787109
vn -0.465708733 -0.039466836 0.884057581
v -0.100570641 0.375938416 0.262344360
vt 0.627197266 0.437011719
vn -0.369620591 0.047185648 0.927983940
v -0.083526574 0.408821106 0.263931274
vt 0.627929688 0.421875000
vn -0.275377065 0.180962190 0.944150507
v -0.047576867 0.443233490 0.265823364
vt 0.622802734 0.401367188
vn -0.204902217 0.220664099 0.953584015
v -0.020639384 0.467000961 0.264144897
vt 0.619384766 0.387939453
vn -0.126011476 0.275650382 0.952962756
vt 0.613037109 0.380371094
v -0.059864011 0.475333214 0.253341675
vt 0.635498047 0.391357422
vn -0.275624603 0.299249768 0.913499236
v -0.104148827 0.451770782 0.245986953
vt 0.645996094 0.409667969
vn -0.354759812 0.283807904 0.890841603
v -0.106277429 0.418762207 0.253829956
vt 0.640136719 0.422851562
vn -0.401612073 0.181119248 0.897721410
v -0.133056611 0.397018433 0.244323745
vt 0.647216797 0.437255859
vn -0.528329253 0.094626173 0.843750000
v -0.132537812 0.435123444 0.236404434
vt 0.656494141 0.423339844
vn -0.527281165 0.228226230 0.818466544
v -0.129058808 0.497905731 0.215606704
vt 0.670898438 0.401855469
vn -0.543290138 0.291329592 0.787377357
v -0.156265229 0.440925598 0.217407241
vt 0.671386719 0.427246094
vn -0.639382899 0.252595723 0.726212800
v -0.194076508 0.467445374 0.170944244
vt 0.695556641 0.421386719
vn -0.671020031 0.236830652 0.702597618
v -0.213226289 0.438678741 0.161453277
vt 0.696533203 0.434082031
vn -0.707718611 0.204452038 0.676264584
v -0.174301118 0.398780823 0.212173492
vt 0.669433594 0.448242188
vn -0.678090811 0.118271679 0.725399673
v -0.156982392 0.355529785 0.230468765
vt 0.649658203 0.458984375
vn -0.597315133 0.023578243 0.801660001
v -0.184570283 0.314849854 0.208175704
vt 0.654541016 0.483154297
vn -0.675013363 0.000000003 0.737805486
v -0.213500947 0.346115112 0.178283721
vt 0.675048828 0.477050781
vn -0.724746466 0.070899107 0.685358167
v -0.157577470 0.299453735 0.229202300
vt 0.637451172 0.479980469
vn -0.559037685 -0.062990166 0.826746225
v -0.132629350 0.263824463 0.238983184
vt 0.617675781 0.486816406
vn -0.442912579 0.071182407 0.893734574
v -0.179962128 0.263351440 0.207428023
vt 0.639892578 0.500244141
vn -0.636769533 0.031445421 0.770412743
v -0.194137543 0.268173218 0.195022628
vt 0.647460938 0.503173828
vn -0.690180063 0.054900698 0.721552134
v -0.190750077 0.256103516 0.206146285
vt 0.641113281 0.506347656
vn -0.707084835 0.007856499 0.707085073
v -0.164565995 0.264205933 0.219589263
vt 0.633056641 0.495361328
vn -0.567721546 0.236550704 0.788502395
v -0.177276567 0.255828857 0.218017623
vt 0.634765625 0.502929688
vn -0.747174919 0.235950008 0.621335089
v -0.179153398 0.221099854 0.212982222
vt 0.629150391 0.518310547
vn -0.755086601 -0.330350399 0.566315114
v -0.162063554 0.261123657 0.236267120
vt 0.625976562 0.497070312
vn -0.440562606 0.590039313 0.676578403
v -0.118896440 0.258972168 0.254287750
vt 0.608154297 0.488525391
vn -0.337693930 0.204187140 0.918842018
v -0.174041703 0.243469238 0.229568526
vt 0.627685547 0.506591797
vn -0.675909221 -0.094312936 0.730925322
v -0.157730058 0.248458877 0.236267120
vt 0.622314453 0.501464844
vn -0.411237389 -0.134443000 0.901559234
v -0.161453202 0.210632324 0.226852447
vt 0.616699219 0.517822266
vn -0.393896073 -0.653867722 0.645989835
v -0.178588822 0.219360352 0.195007369
vt 0.628417969 0.526123047
vn -0.489480406 -0.742115557 0.457901180
v -0.118431047 0.222290039 0.248138458
vt 0.600830078 0.503906250
vn -0.345685869 -0.188555971 0.919210553
v -0.154876664 0.215332031 0.211639434
vt 0.614990234 0.524169922
vn -0.456085265 -0.613356233 0.644810438
v -0.167526200 0.186614990 0.186157256
vt 0.619628906 0.539794922
vn -0.567140043 -0.456862926 0.685294449
v -0.122116044 0.178527832 0.210449249
vt 0.593750000 0.532714844
vn -0.410046607 -0.496787399 0.764894962
v -0.160400361 0.154541016 0.166961700
vt 0.611572266 0.553222656
vn -0.486982644 -0.581237495 0.651928604
v -0.136383012 0.214416504 0.221969634
vt 0.605957031 0.519775391
vn -0.275138766 -0.833277762 0.479527831
v -0.120132409 0.148651123 0.187438995
vt 0.588867188 0.547607422
vn -0.347243309 -0.647135437 0.678703070
v -0.102752641 0.208709717 0.249832153
vt 0.591552734 0.506591797
vn -0.227915779 -0.864508510 0.447972625
v -0.092468217 0.210723877 0.240127593
vt 0.586181641 0.510498047
vn -0.267285913 -0.636769593 0.723244607
v -0.091430619 0.163238525 0.212371856
vt 0.578613281 0.532470703
vn -0.258682221 -0.595753253 0.760369420
v -0.091484033 0.120697021 0.169662505
vt 0.572998047 0.556640625
vn -0.220233500 -0.770817637 0.597777009
v -0.135024995 0.128173828 0.156875640
vt 0.585693359 0.562500000
vn -0.377858937 -0.732101917 0.566788673
v -0.061881974 0.183654785 0.233963042
vt 0.570068359 0.516113281
vn -0.173072696 -0.511351466 0.841763318
v -0.058418233 0.150329590 0.210403472
vt 0.563232422 0.532714844
vn -0.141534850 -0.684085667 0.715538025
v -0.053394273 0.210113525 0.248809829
vt 0.570556641 0.501220703
vn -0.094797149 -0.805776656 0.584583163
v -0.088920549 0.206207275 0.257522583
vt 0.585205078 0.502197266
vn -0.158227533 -0.601265073 0.783226967
v -0.091133073 0.228179932 0.257644653
vt 0.591064453 0.496337891
vn -0.464610040 -0.141745448 0.874097168
v -0.089546159 0.258285522 0.263442993
vt 0.595214844 0.483398438
vn -0.353433341 0.039270408 0.934635162
v -0.088859513 0.242553726 0.265914917
vt 0.591308594 0.488769531
vn -0.313727796 -0.125491127 0.941183805
v -0.071609452 0.258346558 0.269119263
vt 0.588867188 0.478759766
vn -0.165905461 0.466115624 0.869029105
v -0.065887406 0.247802749 0.268356323
vt 0.583984375 0.482177734
vn -0.117934763 -0.188695788 0.974928439
v -0.049629163 0.207550049 0.261550903
vt 0.570800781 0.495605469
vn -0.134016111 -0.465115160 0.875047266
v -0.046356156 0.239410415 0.271163940
vt 0.574951172 0.483642578
vn -0.181615293 -0.197408035 0.963351429
v -0.019649459 0.230133057 0.274246216
vt 0.566894531 0.481201172
vn -0.615318716 -0.189328864 0.765204251
v -0.026231719 0.206939697 0.265335083
vt 0.562500000 0.489257812
vn -0.196691841 -0.794635415 0.574340522
vt 0.560302734 0.494873047
v -0.029134702 0.206207275 0.270645142
vt 0.560302734 0.486083984
vn -0.661335409 -0.322794706 -0.677081347
vt 0.555908203 0.491943359
vt 0.551757812 0.489990234
vt 0.552978516 0.485351562
vt 0.554687500 0.502441406
vt 0.549560547 0.495849609
v -0.034954026 0.159790039 0.221786514
vt 0.556396484 0.522949219
vn -0.078740031 -0.590551198 0.803149700
vt 0.542724609 0.510742188
vt 0.541259766 0.524169922
v -0.032768201 0.208007812 0.286056519
vt 0.556884766 0.482177734
vn -0.833612561 -0.259520888 0.487584859
vt 0.546142578 0.482666016
vt 0.551757812 0.545410156
vt 0.531005859 0.537109375
v -0.058280904 0.120574951 0.177078277
vt 0.559082031 0.550048828
vn -0.086802639 -0.844353974 0.528707683
v -0.084884606 0.100036621 0.133071929
vt 0.565673828 0.572265625
vn -0.102460630 -0.906383336 0.409842938
vt 0.548828125 0.562744141
vt 0.527587891 0.575195312
v -0.055717435 0.096008301 0.124176040
vt 0.554687500 0.576171875
vn 0.000000081 -0.954058111 0.299621582
vt 0.526123047 0.584472656
vt 0.544433594 0.596923828
v -0.020887325 0.214447021 0.287368774
vt 0.552978516 0.478759766
vn 0.244056821 -0.133837476 0.960481107
vt 0.549804688 0.478515625
vt 0.555419922 0.468017578
vt 0.558837891 0.468017578
v -0.032142591 0.255874634 0.296676636
vt 0.562744141 0.469238281
vn -0.604801059 0.204218566 0.769747019
vt 0.561523438 0.462646484
vt 0.996582031 0.038330078
v 0.048385650 0.518909454 0.241317749
vt 0.969970703 0.048583984
vn 0.259713858 0.314804584 0.912933111
vt 0.971923828 0.008544922
vt 0.955078125 0.025634766
vt 0.990722656 0.074707031
vt 0.001220703 0.729980469
vt 0.013916016 0.725830078
vt 0.009033203 0.748535156
v 0.058326751 0.542953491 0.247695908
vt 0.629394531 0.341796875
vn 0.274968922 -0.699206948 -0.659925580
v 0.060150173 0.574089050 0.228652939
vt 0.625488281 0.326904297
vn -0.133787870 -0.558760762 -0.818466365
v 0.074111968 0.556427002 0.235122666
vt 0.636230469 0.331542969
vn -0.078701198 -0.731920600 -0.676829696
v 0.068695098 0.554405212 0.251602173
vt 0.638427734 0.340576172
vn 0.646070123 -0.543644249 0.535765290
v 0.118698142 0.578918457 0.211822495
vt 0.656005859 0.318603516
vn 0.591193080 -0.748844445 0.299537718
v 0.102767967 0.574226379 0.213012680
vt 0.646972656 0.321289062
vn -0.253069311 -0.688031971 -0.680123448
vt 0.634765625 0.305419922
vt 0.645996094 0.300537109
vt 0.626708984 0.292724609
vt 0.625244141 0.312744141
v 0.094253570 0.579376221 0.240234360
vt 0.654541016 0.334472656
vn 0.601095915 -0.023727404 0.798824608
v 0.134506240 0.597114563 0.205230698
vt 0.671142578 0.311035156
vn 0.700006723 -0.094382852 0.707871735
v 0.011391674 0.503711700 0.268325806
vt 0.609863281 0.362060547
vn 0.558743477 -0.826310813 0.070826590
v 0.028844865 0.531658173 0.249710083
vt 0.612060547 0.343505859
vn 0.055219106 -0.433865219 -0.899284184
v 0.037513755 0.591941833 0.216552734
vt 0.605468750 0.315917969
vn 0.447158635 -0.862937629 0.235346615
v 0.125175506 0.605293274 0.211074814
vt 0.673828125 0.320312500
vn 0.494822145 0.431987584 0.754014552
v 0.149826065 0.614242554 0.186569199
vt 0.682617188 0.310302734
vn 0.558000982 0.392958462 0.730902553
v 0.128829971 0.621246338 0.192825302
vt 0.689208984 0.316162109
vn 0.338572264 0.669270635 0.661396801
v 0.089294463 0.597595215 0.236114487
vt 0.664550781 0.338867188
vn 0.266857624 0.620051503 0.737782657
v 0.071525596 0.587188721 0.208785996
vt 0.606689453 0.306640625
vn 0.307353616 0.425566435 0.851132751
vt 0.600341797 0.289794922
vt 0.599121094 0.301757812
v 0.035858180 0.561515808 0.229232788
vt 0.589599609 0.312744141
vn 0.133775458 0.346242130 0.928558290
vt 0.574707031 0.298828125
vt 0.554931641 0.298828125
vt 0.549560547 0.302490234
v -0.005792592 0.577690125 0.225784302
vt 0.588134766 0.326660156
vn -0.023597801 0.251711160 0.967514634
v 0.030481366 0.563781738 0.238311768
vt 0.609863281 0.328369141
vn -0.023632396 -0.512033343 -0.858640432
v -0.020282717 0.565048218 0.234893799
vt 0.593505859 0.334716797
vn 0.047034513 -0.517380655 -0.854461908
v 0.011267692 0.549888611 0.243927002
vt 0.605468750 0.336425781
vn 0.031476449 -0.369849533 -0.928558290
v -0.026065797 0.549407959 0.242111206
vt 0.592773438 0.343261719
vn 0.015718229 -0.353662610 -0.935240984
v 0.006495032 0.512289047 0.256393433
vt 0.604248047 0.359863281
vn -0.000000093 -0.487645149 -0.873042047
v -0.000327732 0.504541397 0.265182495
vt 0.604492188 0.368164062
vn -0.440018326 -0.864321709 -0.243581474
v 0.002103483 0.514163971 0.276840210
vt 0.612792969 0.371337891
vn -0.250912756 -0.227389768 0.940923393
v 0.018682515 0.522258759 0.275894165
vt 0.619628906 0.365234375
vn 0.417932332 -0.212908804 0.883177459
v 0.001349006 0.544086456 0.275741577
vt 0.627685547 0.377441406
vn -0.079005003 0.308119982 0.948061347
v 0.073417693 0.569725037 0.252548218
vt 0.645996094 0.342773438
vn 0.456579864 0.015744189 0.889543235
v 0.036121402 0.549381256 0.270523071
vt 0.633789062 0.360595703
vn 0.259505004 0.165139526 0.951517880
v 0.061210662 0.585136414 0.252090454
vt 0.653076172 0.351074219
vn 0.221159190 0.458115280 0.860940754
v 0.040618926 0.572013855 0.262191772
vt 0.645263672 0.361572266
vn -0.007887389 0.536348343 0.843959868
v -0.008818596 0.571327209 0.259109497
vt 0.642822266 0.387207031
vn -0.070673518 0.549683630 0.832378030
v -0.000547262 0.593528748 0.242950439
vt 0.655761719 0.383544922
vn -0.039475363 0.450020283 0.892145455
v 0.040596034 0.603408813 0.237884521
vt 0.662841797 0.363281250
vn 0.070673682 0.549683630 0.832378030
v 0.024866130 0.614898682 0.240432739
vt 0.668212891 0.373046875
vn 0.229530841 -0.245360360 0.941867292
v -0.008064244 0.610977173 0.240707397
vt 0.661621094 0.390136719
vn -0.094532035 -0.228452682 0.968954682
v 0.068878196 0.611412048 0.225723252
vt 0.672851562 0.349853516
vn 0.244626001 0.528707683 0.812789202
v 0.091575645 0.624130249 0.207427964
vt 0.684326172 0.338134766
vn 0.392837197 0.502831578 0.769960642
v 0.017648725 0.644531250 0.258438110
vt 0.679443359 0.386474609
vn 0.047391370 -0.379129827 0.924129069
v 0.049148586 0.620346069 0.231491089
vt 0.675537109 0.360839844
vn 0.510515034 -0.243476301 0.824677944
v 0.041397121 0.650787354 0.251907349
vt 0.689453125 0.376953125
vn 0.482534140 -0.300594896 0.822680831
v 0.127212539 0.633209229 0.180480942
vt 0.695800781 0.318359375
vn 0.465883136 0.481675774 0.742254317
v 0.189834610 0.633285522 0.147399873
vt 0.706054688 0.301025391
vn 0.599317729 0.449488282 0.662403643
v 0.088737510 0.650344849 0.218078598
vt 0.696533203 0.349121094
vn 0.551095843 -0.370021373 0.747915566
v 0.095718406 0.634246826 0.203536972
vt 0.690673828 0.337890625
vn 0.620625257 -0.322096527 0.714897275
v 0.103973411 0.663787842 0.212554902
vt 0.705078125 0.344970703
vn 0.584328055 -0.150030077 0.797528505
v 0.035888698 0.666793823 0.256118774
vt 0.695800781 0.383544922
vn 0.353892267 0.314570874 0.880798280
v 0.005009678 0.660079956 0.262680054
vt 0.684570312 0.395263672
vn 0.015787359 0.102617063 0.994595706
v -0.022695515 0.655181885 0.258071899
vt 0.683105469 0.407470703
vn -0.259128451 -0.212014273 0.942285836
v -0.014409993 0.672134399 0.256118774
vt 0.691406250 0.406738281
vn -0.125956848 0.582550883 0.802975357
v 0.132598892 0.652206421 0.175827011
vt 0.706542969 0.321289062
vn 0.643974781 -0.227747068 0.730361462
v 0.149917617 0.649185181 0.160156235
vt 0.712158203 0.312500000
vn 0.605548978 -0.251656592 0.754969954
v 0.184173599 0.649230957 0.135208100
vt 0.720703125 0.300537109
vn 0.643657207 0.274731755 0.714302421
v 0.136734024 0.676910400 0.188079804
vt 0.718994141 0.329101562
vn 0.653624415 -0.157499775 0.740249217
v 0.178344741 0.661743164 0.144119218
vt 0.728027344 0.303466797
vn 0.645849645 -0.283543617 0.708859205
v 0.036975883 0.676681519 0.242446885
vt 0.703369141 0.385253906
vn 0.063243575 0.956559181 0.284596056
v -0.013949370 0.675720215 0.248168930
vt 0.695800781 0.406005859
vn 0.039280038 0.997713923 0.054992057
v 0.072784446 0.674545288 0.230697602
vt 0.707275391 0.364257812
vn 0.331449360 0.647115350 0.686573446
v 0.101539634 0.678771973 0.213668793
vt 0.712890625 0.348632812
vn 0.480404437 0.401649565 0.779672563
v 0.047313713 0.675735474 0.228881821
vt 0.710693359 0.379882812
vn -0.339838743 0.829838634 -0.442580581
v 0.020929361 0.671936035 0.238616928
vt 0.705078125 0.393310547
vn -0.126235068 0.765299439 -0.631174803
v -0.005280948 0.672012329 0.237045273
vt 0.703369141 0.405761719
vn 0.197722584 0.466625571 -0.862071037
v 0.017623924 0.660278320 0.232635483
vt 0.711425781 0.396484375
vn -0.212066740 0.353444308 -0.911100924
v 0.010731720 0.622772217 0.222839355
vt 0.725830078 0.408691406
vn -0.180610478 0.329810143 -0.926609576
v -0.006875015 0.628433228 0.221557617
vt 0.722900391 0.417480469
vn 0.315077752 0.307200909 -0.897972047
v 0.005434536 0.600685120 0.213470459
vt 0.734619141 0.413574219
vn 0.062914036 0.652734399 -0.754969954
v -0.019599892 0.602378845 0.210723877
vt 0.743408203 0.429687500
vn 0.157675907 0.985474706 -0.063070446
v 0.017187139 0.612113953 0.201782227
vt 0.740966797 0.407714844
vn -0.031477433 0.440685451 0.897109628
v 0.038257621 0.607192993 0.205474854
vt 0.738037109 0.396972656
vn -0.441712499 0.481150925 -0.757221162
v 0.039791130 0.658020020 0.223068237
vt 0.717773438 0.386474609
vn -0.478995383 0.321947575 -0.816647530
v 0.053360004 0.616409302 0.198104858
vt 0.741210938 0.391113281
vn -0.598110199 0.653199136 -0.464322209
v 0.070083641 0.672500610 0.205764741
vt 0.721923828 0.367187500
vn -0.550822735 0.401313573 -0.731807172
v 0.087364219 0.684188843 0.211532563
vt 0.717285156 0.356201172
vn -0.173072860 0.983368337 0.055068605
v 0.078086868 0.637435913 0.187896714
vt 0.740478516 0.371582031
vn -0.533863306 0.219825953 -0.816496551
v 0.081626907 0.625503540 0.183822617
vt 0.746093750 0.374267578
vn 0.086418837 0.942750931 0.322106510
v 0.107826248 0.625900269 0.168533310
vt 0.753173828 0.361816406
vn -0.493908942 0.391991049 -0.776142359
v 0.098014846 0.647460938 0.177459702
vt 0.742431641 0.358398438
vn -0.591046274 0.204895943 -0.780180871
v 0.143508926 0.633209229 0.140777573
vt 0.767089844 0.344238281
vn -0.662321448 0.015769491 -0.749053836
v 0.128143325 0.609985352 0.161025986
vt 0.765625000 0.358886719
v 0.149490371 0.673599243 0.142242402
vt 0.754638672 0.330322266
vn -0.683136225 0.212007701 -0.698840320
v 0.099586502 0.682891846 0.190780610
vt 0.726074219 0.348632812
vn -0.582605064 0.503874540 -0.637716115
v 0.121032730 0.690719604 0.191085786
vt 0.723876953 0.338378906
vn 0.109872393 0.926067233 0.361009240
v 0.150131240 0.695755005 0.151840180
vt 0.743896484 0.324951172
vn -0.545305490 0.734976947 -0.403051823
v 0.169403076 0.693130493 0.124328583
vt 0.758056641 0.316162109
vn -0.864321768 0.243581519 -0.440018207
v 0.169128433 0.638305664 0.109909028
vt 0.777099609 0.322998047
vn -0.834438860 0.007872003 -0.551044345
v 0.160354629 0.695205688 0.162368745
vt 0.737304688 0.320556641
vn 0.393469155 0.723983228 0.566595376
v 0.181396484 0.705993652 0.120285004
vt 0.756103516 0.308105469
vn -0.292382836 0.956170738 0.015804473
v 0.186843872 0.703689575 0.077484101
vt 0.774658203 0.299560547
vn -0.934548616 0.329840630 -0.133506835
v 0.178909302 0.677795410 0.090499848
vt 0.774414062 0.308593750
vn -0.971096456 0.134216502 -0.197377175
v 0.189498901 0.709884644 0.088249177
vt 0.768310547 0.298583984
vn -0.235898972 0.967185616 0.094359562
v 0.198211670 0.702621460 0.099395722
vt 0.761230469 0.297607422
vn 0.766972184 0.593019783 0.245114684
v 0.187149063 0.700775146 0.129440263
vt 0.750244141 0.306640625
vn 0.763542950 0.448679894 0.464422852
v 0.201156616 0.684539795 0.107322656
vt 0.751220703 0.293945312
vn 0.959085226 0.007861407 0.283008605
v 0.190338150 0.673873901 0.133148149
vt 0.737792969 0.300048828
vn 0.888662636 -0.047185570 0.456127584
v 0.179626480 0.683853149 0.149047807
vt 0.737548828 0.309570312
vn 0.729170799 0.054883886 0.682127357
vt 0.497070312 0.010498047
vt 0.537597656 0.022705078
vt 0.508789062 0.023437500
v 0.214538574 0.628890991 0.020202603
vt 0.542724609 0.038574219
vn 0.172901645 0.982396007 -0.070732579
vt 0.507812500 0.039550781
vt 0.544677734 0.028564453
vt 0.564697266 0.028808594
v 0.218551636 0.637557983 0.042751275
vt 0.537109375 0.057617188
vn 0.992988288 -0.118212849 -0.000000125
vt 0.563964844 0.021972656
vt 0.542480469 0.024169922
vt 0.574951172 0.008056641
vt 0.583251953 0.013183594
vt 0.571533203 0.039306641
vt 0.578857422 0.025390625
v 0.218368530 0.653656006 0.002077544
vt 0.562988281 0.057373047
vn 0.977074921 0.212750241 0.007879499
v 0.214782700 0.659378052 -0.008873021
vt 0.569091797 0.055908203
vn 0.654009759 0.756445110 -0.007879755
v 0.215332031 0.656280518 0.041793786
vt 0.565429688 0.083251953
vn 0.661663532 0.748309970 0.047261562
vt 0.580078125 0.045410156
v 0.201126099 0.667358398 0.012352910
vt 0.578857422 0.066406250
vn 0.959440947 0.259520918 -0.110099919
vt 0.187255859 0.040283203
v 0.195373535 0.628280640 0.011538474
vt 0.163574219 0.052001953
vn 0.426295102 0.892062068 -0.149992839
vt 0.166259766 0.043212891
vt 0.159667969 0.052734375
vt 0.184326172 0.048828125
v 0.194366455 0.629959106 0.056648221
vt 0.132812500 0.070556641
vn -0.362654775 0.930288196 -0.055186581
v 0.190750122 0.636688232 0.033054318
vt 0.139892578 0.057617188
vn -0.693774164 -0.717425644 -0.063070260
v 0.180847168 0.641220093 0.065139741
vt 0.125488281 0.065917969
vn -0.750408053 -0.639821649 -0.165879533
v 0.185211182 0.635803223 0.018136948
vt 0.159912109 0.058837891
vn 0.763471901 0.645409286 0.023612404
vt 0.177734375 0.055419922
v 0.196319580 0.625122070 0.075019807
vt 0.115234375 0.080810547
vn -0.433057457 -0.873988688 -0.220465496
v 0.178329468 0.648757935 0.044113129
vt 0.151611328 0.071777344
vn 0.911044776 0.125661403 0.392691553
vt 0.168212891 0.070068359
vt 0.181640625 0.063964844
vt 0.159667969 0.079101562
v 0.180160522 0.633666992 0.065452546
vt 0.130859375 0.081542969
vn 0.646371007 0.717314184 0.260124803
v 0.196289062 0.619293213 0.085967988
vt 0.110595703 0.090332031
vn 0.362925500 0.844196260 0.394484133
v 0.164108291 0.624572754 0.109748811
vt 0.116455078 0.125244141
vn 0.629745662 0.732079327 0.259769946
vt 0.100341797 0.076171875
v 0.214736938 0.626571655 0.060516320
vt 0.100830078 0.061523438
vn 0.837663472 0.466246635 0.284489304
vt 0.082031250 0.062011719
vt 0.068115234 0.043945312
vt 0.087646484 0.083251953
vt 0.109375000 0.120361328
vt 0.108398438 0.132812500
vt 0.117431641 0.141845703
vt 0.102294922 0.134765625
v 0.186782852 0.614044189 0.119911164
vt 0.103759766 0.120605469
vt 0.237548828 0.963867188
vt 0.259521484 0.978027344
vt 0.244628906 0.974121094
v 0.218276978 0.643341064 0.081123315
vt 0.220214844 0.965576172
vn 0.987286627 0.071084686 0.142169133
v 0.210617080 0.616851807 0.102714501
vt 0.215576172 0.946289062
vn 0.734174967 -0.678914428 -0.007894421
vt 0.234619141 0.950683594
v 0.197967544 0.608779907 0.125335664
vt 0.206298828 0.932128906
vn 0.276164770 -0.954741061 -0.110465899
v 0.207824722 0.628143311 0.123924218
vt 0.199462891 0.943359375
vn 0.916487992 -0.063206010 0.395037770
v 0.211944580 0.644699097 0.103645287
vt 0.205566406 0.957763672
vn 0.751158416 0.545578241 0.371625602
v 0.202682495 0.662765503 0.078597985
vt 0.208251953 0.975341797
vn 0.942780018 0.274977505 0.188555866
v 0.190750137 0.608398438 0.145202607
vt 0.192138672 0.926025391
vn 0.771558046 -0.377905905 0.511747479
v 0.195251465 0.656936646 0.110435456
vt 0.191894531 0.959716797
vn 0.891395688 0.236653775 0.386534274
vt 0.188720703 0.975585938
vt 0.177734375 0.962890625
vt 0.178222656 0.935546875
vt 0.175781250 0.948730469
vt 0.171630859 0.958251953
vt 0.155517578 0.964599609
vt 0.146484375 0.953369141
vt 0.164062500 0.897949219
vt 0.171142578 0.902587891
v 0.160476699 0.604301453 0.179168686
vt 0.178222656 0.902343750
vn 0.732624352 -0.189064279 0.653847337
vt 0.170654297 0.884033203
vt 0.173339844 0.866943359
v 0.173568740 0.598793030 0.156570405
vt 0.187500000 0.904052734
vn 0.363162965 -0.931591868 -0.015789699
vt 0.186767578 0.880615234
vt 0.174560547 0.856201172
vt 0.192626953 0.888671875
v 0.169296280 0.602890015 0.147140488
vt 0.195312500 0.912841797
vn -0.259939313 -0.803448677 -0.535632312
vt 0.204101562 0.897705078
vt 0.208496094 0.926025391
v 0.203796387 0.663330078 0.056835141
vt 0.257324219 0.614990234
vn 0.818263769 0.574358284 0.023603631
vt 0.271240234 0.593505859
vt 0.271484375 0.615966797
vt 0.255859375 0.602783203
v 0.207122803 0.675674438 0.058448758
vt 0.262451172 0.632568359
vn 0.985903800 -0.165631786 -0.023661811
v 0.206726059 0.693023682 -0.001051998
vt 0.295410156 0.629150391
vn 0.959440947 -0.243792325 -0.141556948
vt 0.251464844 0.623535156
v 0.217422485 0.652267456 0.061534844
vt 0.248535156 0.607177734
vn 0.928817272 0.362081349 0.078713194
vt 0.253662109 0.584716797
vt 0.241699219 0.593750000
vt 0.237304688 0.606689453
v 0.208572388 0.701019287 0.027950250
vt 0.284667969 0.639892578
vn 0.992957532 0.118209280 -0.007880751
v 0.205215439 0.707748413 -0.023254430
vt 0.310058594 0.625000000
vn 0.964705765 0.197685644 -0.173963472
v 0.201522812 0.718109131 -0.005540408
vt 0.299072266 0.641845703
vn 0.606205285 0.795152426 0.015745478
v 0.207672119 0.692382812 0.074920617
vt 0.254882812 0.643066406
vn 0.988973260 0.078489989 0.125583768
vt 0.231933594 0.637451172
vt 0.237548828 0.653808594
v 0.205032349 0.709091187 0.049598657
vt 0.273193359 0.648681641
vn 0.857815862 0.503671765 0.102308176
v 0.197860718 0.713226318 0.058536492
vt 0.271728516 0.654541016
vn 0.070749961 0.990499973 0.117916614
v 0.190505967 0.716537476 -0.026804004
vt 0.309814453 0.651123047
vn -0.582316279 0.810521245 0.062953144
vt 0.246582031 0.658935547
v 0.191741943 0.711471558 0.035640679
vt 0.281494141 0.659179688
vn -0.880498767 0.471695781 0.047169670
vt 0.249267578 0.664062500
v 0.182754517 0.681503296 0.044998139
vt 0.261230469 0.682617188
vn -0.973725259 0.227726012 0.000000118
vt 0.236328125 0.677978516
v 0.182174668 0.693847656 0.007097211
vt 0.280273438 0.686279297
vn 0.965366781 0.188364297 0.180515587
v 0.178924561 0.649688721 0.066986054
vt 0.244873047 0.699462891
vn -0.995340228 0.055296630 -0.078995124
v 0.179656982 0.682922363 0.020408597
vt 0.268066406 0.694335938
vn 0.932930231 -0.055343259 0.355778366
v 0.183532715 0.716415405 0.058807340
vt 0.276855469 0.719970703
vn 0.992372215 -0.110263534 0.055131663
v 0.185241684 0.729766846 0.010013546
vt 0.298583984 0.701171875
vn 0.999102235 -0.015733853 -0.039334863
vt 0.248779297 0.709960938
vt 0.243164062 0.702392578
v 0.174163818 0.669097900 0.050678223
vt 0.257568359 0.713867188
vn 0.986671388 -0.126293883 0.102613695
v 0.178192139 0.683929443 0.072830170
vt 0.264160156 0.727294922
vn 0.981820107 -0.172800303 0.078545488
v 0.168533325 0.654312134 0.072509736
vt 0.250244141 0.727294922
vn 0.949465156 0.000000055 0.313872635
v 0.178039551 0.693603516 0.089103669
vt 0.264160156 0.737792969
vn 0.904027760 -0.227972150 0.361610979
v 0.161514282 0.660125732 0.087722749
vt 0.251708984 0.736572266
vn 0.903692782 -0.314327866 0.290753186
v 0.174057007 0.702667236 0.096443146
vt 0.264160156 0.744384766
vn 0.948735237 -0.156815663 0.274427384
vt 0.244873047 0.749267578
v 0.170471191 0.637878418 0.090362519
vt 0.242675781 0.732421875
vn 0.854001939 0.379556447 0.355833948
vt 0.239990234 0.720458984
vt 0.234619141 0.745849609
v 0.172256455 0.675247192 -0.092315704
vt 0.851318359 0.870117188
vn 0.855066299 -0.156892881 -0.494212776
vt 0.865722656 0.868896484
v 0.154327363 0.688735962 -0.124801666
vt 0.869628906 0.878906250
vn 0.713182688 -0.125394762 -0.689671397
vt 0.847167969 0.862548828
vt 0.836181641 0.863037109
vt 0.890136719 0.868652344
v 0.196441635 0.694442749 -0.056743655
vt 0.830322266 0.880371094
vn 0.920461237 -0.251750052 -0.298953354
vt 0.825683594 0.862792969
v 0.188583359 0.707977295 -0.076255828
vt 0.840332031 0.889404297
vn 0.872718036 0.125797227 -0.471739650
vt 0.804931641 0.877441406
vt 0.798828125 0.858886719
vt 0.815673828 0.853759766
vt 0.815429688 0.890625000
v 0.163406342 0.710845947 -0.111152679
vt 0.862304688 0.891113281
vn 0.725760579 0.307659417 -0.615318954
v 0.192886338 0.719818115 -0.045158423
vt 0.827148438 0.900878906
vn 0.205208406 0.978686512 0.007892563
vt 0.809082031 0.897460938
vt 0.818847656 0.905273438
v 0.170761093 0.720687866 -0.089202911
vt 0.851806641 0.898681641
vn 0.471695781 0.817606091 -0.330187172
v 0.133377045 0.714050293 -0.138534576
vt 0.882568359 0.893310547
vn 0.551934361 0.536164939 -0.638667107
v 0.182128891 0.703674316 -0.017509494
vt 0.818603516 0.916992188
vn 0.874341071 0.472616881 -0.110277399
vt 0.795410156 0.913818359
vt 0.807373047 0.920898438
vt 0.805908203 0.929199219
v 0.180648789 0.770904541 -0.013999021
vt 0.811035156 0.941406250
vn 0.993111670 -0.039409153 -0.110345863
v 0.176773056 0.710632324 -0.043151889
vt 0.832031250 0.914550781
vn 0.934635043 0.180643797 -0.306309104
v 0.175109848 0.769592285 -0.036598239
vt 0.822998047 0.943359375
vn 0.949640572 -0.117724016 -0.290386081
v 0.163238510 0.713012695 -0.065834075
vt 0.843017578 0.910888672
vn 0.692763031 0.582550824 -0.425104767
v 0.165420517 0.720642090 -0.078437835
vt 0.849365234 0.904785156
vn -0.219542041 0.948735178 0.227382794
v 0.146697983 0.715011597 -0.086662322
vt 0.859130859 0.910888672
vn 0.764040053 0.196917549 -0.614382923
v 0.131576508 0.721405029 -0.111869834
vt 0.873779297 0.906250000
vn -0.204073831 0.941879332 0.266865790
v 0.120407082 0.718353271 -0.113319419
vt 0.878417969 0.909667969
vn 0.607884109 0.236838028 -0.757881701
v 0.138534516 0.721878052 -0.118125938
vt 0.873779297 0.901367188
vn 0.157251313 0.974958539 -0.157251433
v 0.091567963 0.722351074 -0.141754180
vt 0.899169922 0.906005859
vn -0.070916742 0.984954536 0.157592699
v 0.070365876 0.721420288 -0.143112212
vt 0.908203125 0.910888672
vn 0.457260191 0.197094932 -0.867217898
v 0.041469544 0.722229004 -0.156555191
vt 0.924072266 0.910400391
vn 0.063007668 0.913612485 -0.401674479
v 0.100601166 0.722961426 -0.146514922
vt 0.898193359 0.901611328
vn 0.165472284 0.953436017 -0.252148420
v 0.092712373 0.715515137 -0.165191680
vt 0.907714844 0.892578125
vn 0.370988309 0.434135407 -0.820910573
v 0.064750642 0.721771240 -0.166000396
vt 0.919189453 0.900146484
vn 0.055100944 0.920974374 -0.385707259
v -0.012380633 0.719238281 -0.170089737
vt 0.954833984 0.909667969
vn -0.062912323 0.857178926 -0.511161804
v 0.010208099 0.719711304 -0.159484878
vt 0.941650391 0.914794922
vn -0.007848381 0.808371603 -0.588620186
v 0.033462491 0.714538574 -0.177337661
vt 0.936523438 0.897216797
vn 0.007835114 0.532796860 -0.846206844
v -0.005903753 0.706481934 -0.177795425
vt 0.956542969 0.898925781
vn -0.102371849 0.070872672 -0.992218256
v 0.068656892 0.712280273 -0.174102813
vt 0.920898438 0.892089844
vn 0.189146370 0.315244138 -0.929970324
v 0.037189450 0.698379517 -0.180816665
vt 0.937744141 0.886230469
vn 0.023612401 0.015741648 -0.999597251
v 0.014790503 0.683486938 -0.176651016
vt 0.949218750 0.877197266
vn -0.078613646 -0.322315514 -0.943362474
v 0.063446015 0.690231323 -0.177368194
vt 0.924804688 0.880126953
vn 0.189352319 -0.260359615 -0.946762204
vt 0.934814453 0.862548828
vt 0.951904297 0.861816406
vt 0.915771484 0.864746094
v 0.096282929 0.689239502 -0.166152984
vt 0.906982422 0.879394531
vn 0.392958313 -0.290789217 -0.872367740
v 0.112541169 0.700805664 -0.158966094
vt 0.897216797 0.885253906
vn 0.568074882 -0.063119464 -0.820552826
v 0.165649399 0.761077881 -0.076599158
vt 0.702880859 0.101562500
vn 0.873014927 -0.298869997 -0.385385126
v 0.138656586 0.760437012 -0.114608794
vt 0.675048828 0.109619141
vn 0.795546889 -0.165410742 -0.582876086
v 0.164886445 0.776733398 -0.077774085
vt 0.697998047 0.090576172
vn 0.869898200 -0.102806136 -0.482398242
v 0.179046616 0.791625977 -0.059707679
vt 0.707031250 0.079589844
vn 0.919096947 -0.031422097 -0.392776638
v 0.152465791 0.777221680 -0.103973426
vt 0.678955078 0.095214844
vn 0.803224206 -0.244117185 -0.543357730
vt 0.725341797 0.093994141
v 0.178787217 0.775848389 -0.044609103
vt 0.721679688 0.090576172
vn 0.960302532 -0.267625242 -0.078713432
v 0.159866318 0.754669189 -0.072723426
vt 0.705078125 0.107421875
vn 0.865069628 -0.117964037 -0.487584859
vt 0.732666016 0.116943359
vt 0.717041016 0.122070312
vt 0.702148438 0.128417969
v 0.147903413 0.748382568 -0.098793067
vt 0.688720703 0.113281250
vn 0.717916608 -0.544354320 -0.433905721
v 0.129104584 0.740936279 -0.109916709
vt 0.680664062 0.124267578
vn 0.714897275 -0.322096586 -0.620625257
vt 0.680664062 0.137939453
v 0.107475251 0.737884521 -0.127975494
vt 0.669189453 0.131835938
vn 0.487403870 -0.597462893 -0.636769712
v 0.124053925 0.751403809 -0.130172759
vt 0.666503906 0.118164062
vn 0.696005642 -0.466640145 -0.545731783
vt 0.667480469 0.161376953
v 0.112258881 0.759918213 -0.143508941
vt 0.653564453 0.115234375
vn 0.624764562 -0.094900973 -0.775024593
v 0.114723176 0.751831055 -0.148117095
vt 0.656005859 0.121093750
vn 0.519347012 -0.511478245 -0.684593916
v 0.067192048 0.735305786 -0.145568877
vt 0.659179688 0.140136719
vn 0.220445126 -0.866034448 -0.448763311
vt 0.645263672 0.172119141
v 0.073265046 0.737045288 -0.158660918
vt 0.642822266 0.135742188
vn 0.308601856 -0.767548263 -0.561813653
v 0.076827973 0.752410889 -0.163314849
vt 0.636230469 0.128417969
vn 0.307458431 0.102486148 -0.946026385
v 0.037021603 0.739410400 -0.171951309
vt 0.617919922 0.147216797
vn 0.267318964 -0.353804678 -0.896305144
v 0.052226987 0.757720947 -0.166076675
vt 0.621582031 0.129638672
vn 0.290645510 -0.109974049 -0.950489819
v 0.106101960 0.770172119 -0.152404815
vt 0.644775391 0.110351562
vn 0.376508147 -0.337288618 -0.862831414
v 0.040378537 0.732345581 -0.164871231
vt 0.629638672 0.148681641
vn 0.141225338 -0.941502333 -0.305988252
v 0.007139173 0.732269287 -0.171218887
vt 0.608642578 0.156005859
vn -0.007869951 -0.574500561 -0.818466365
v 0.122428864 0.778747559 -0.144165069
vt 0.650146484 0.102783203
vn 0.677396357 -0.165410757 -0.716780007
v 0.106689416 0.789398193 -0.156250030
vt 0.638916016 0.098388672
vn 0.410161346 -0.094652675 -0.907087982
v 0.138183564 0.800476074 -0.130462676
vt 0.657470703 0.086669922
vn 0.804747760 -0.047338102 -0.591726482
v 0.007607428 0.730239868 -0.166198745
vt 0.622802734 0.158691406
vn -0.023613205 -0.991757095 0.125937447
v 0.059947938 0.739135742 -0.136032134
vt 0.643310547 0.156494141
vn -0.007869830 -0.999473393 -0.031479433
v 0.069427460 0.730010986 -0.137802154
vt 0.644042969 0.161865234
vn -0.062943444 0.967754304 -0.243905589
v 0.030460328 0.733352661 -0.143341079
vt 0.636474609 0.177246094
vn 0.125545114 0.149084941 -0.980822265
v 0.023885695 0.732177734 -0.153900161
vt 0.638427734 0.178955078
vn 0.007847439 0.855382264 -0.517937958
vt 0.638916016 0.188232422
vt 0.910156250 0.652832031
vt 0.909667969 0.666015625
vt 0.894775391 0.654296875
v 0.184738144 0.813629150 -0.036190070
vt 0.909423828 0.636230469
vn 0.958611310 0.180721849 -0.220009297
v 0.175750718 0.803314209 -0.055065192
vt 0.895996094 0.643798828
vn 0.926838100 0.102109306 -0.361309916
vt 0.878906250 0.660888672
v 0.184585556 0.808563232 -0.026960412
vt 0.917480469 0.639892578
vn 0.945233583 -0.322954774 0.047261570
v 0.163574189 0.801391602 -0.091392554
vt 0.868652344 0.645263672
vn 0.899284124 -0.055219185 -0.433865309
vt 0.858398438 0.662109375
vt 0.835449219 0.648925781
v 0.177276596 0.801300049 -0.031448402
vt 0.918457031 0.645996094
vn 0.991266012 -0.125874996 -0.039336078
v 0.174285859 0.827941895 -0.061664619
vt 0.887939453 0.625488281
vn 0.956529260 0.158104047 -0.245061338
v 0.181182846 0.783081055 -0.031591453
vt 0.919921875 0.655761719
vn 0.977712512 0.118271716 -0.173465267
vt 0.915771484 0.663085938
v 0.183288559 0.793792725 0.008800469
vt 0.939208984 0.643310547
vn 0.982032180 0.007856292 -0.188550323
v 0.187927231 0.779510498 -0.005174197
vt 0.936279297 0.654052734
vn 0.985934496 -0.055212297 -0.157749653
vt 0.932617188 0.661865234
v 0.185012802 0.815002441 -0.005690613
vt 0.928222656 0.631347656
vn 0.969074845 0.070907950 -0.236359864
v 0.188919052 0.788574219 0.024669610
vt 0.954833984 0.642089844
vn 0.958848178 -0.282938749 0.023578120
v 0.189788803 0.809875488 0.008439979
vt 0.940917969 0.633300781
vn 0.963261306 -0.244763061 -0.110538296
v 0.179107666 0.780395508 0.041343655
vt 0.967773438 0.651367188
vn 0.989186585 0.039253488 0.141312227
v 0.188140854 0.789733887 0.041843373
vt 0.968017578 0.644287109
vn 0.873015046 -0.298869938 0.385384887
v 0.188049302 0.816497803 0.045295674
vt 0.962890625 0.618896484
vn 0.973365247 -0.180543512 0.141294822
v 0.184478745 0.757415771 0.019988978
vt 0.958984375 0.664550781
vn 0.991910815 0.125956967 -0.015744751
vt 0.960937500 0.678466797
v 0.184356689 0.749328613 0.053081479
vt 0.980468750 0.667236328
vn 0.991051257 0.094385885 0.094385698
vt 0.993896484 0.682373047
v 0.194213852 0.818359375 -0.003897707
vt 0.935302734 0.626464844
vn 0.977105200 0.000000033 -0.212756917
v 0.193176255 0.829193115 0.029197652
vt 0.951660156 0.609375000
vn 0.974898338 0.165103778 0.149379447
v 0.190887436 0.833435059 0.013524015
vt 0.941162109 0.611083984
vn 0.764300942 0.575195670 -0.291537613
v 0.185440049 0.837829590 0.022722205
vt 0.946777344 0.604003906
vn 0.896859705 0.440562695 -0.039336089
v 0.175338730 0.854705811 0.013864478
vt 0.935058594 0.593994141
vn 0.898613334 0.417776436 -0.134003878
v 0.179931626 0.833709717 0.004968128
vt 0.931152344 0.612060547
vn 0.873555422 0.377753764 -0.306925058
v 0.176544175 0.849548340 -0.017126121
vt 0.915527344 0.604736328
vn 0.954176784 0.283887327 -0.094629243
v 0.179870591 0.825225830 -0.020134011
vt 0.915527344 0.624023438
vn 0.964735925 0.221414834 -0.142338216
v 0.162048325 0.886077881 -0.002624193
vt 0.918457031 0.572509766
vn 0.843881130 0.536298335 -0.015773613
v 0.163558930 0.875000000 -0.045867961
vt 0.892333984 0.589355469
vn 0.883095086 0.425778061 -0.197119594
v 0.145004243 0.903533936 -0.039211310
vt 0.888671875 0.564453125
vn 0.768893480 0.619822443 -0.156917185
v 0.127716050 0.928070068 -0.000877575
vt 0.904296875 0.535156250
vn 0.682631135 0.729709268 -0.039231800
v 0.144531220 0.886535645 -0.074340858
vt 0.868408203 0.581787109
vn 0.707849920 0.558414996 -0.432575047
v 0.130554169 0.915557861 -0.050258674
vt 0.875976562 0.554199219
vn 0.653219342 0.708310246 -0.267583966
v 0.110298134 0.935943604 -0.036510501
vt 0.873779297 0.531738281
vn 0.545578122 0.814413846 -0.197673380
v 0.112998933 0.916046143 -0.076881446
vt 0.853759766 0.555908203
vn 0.576054513 0.702313125 -0.418231517
v 0.092842072 0.932769775 -0.071708716
vt 0.846923828 0.538818359
vn 0.416073531 0.816446304 -0.400372803
v 0.086700417 0.950439453 -0.031465560
vt 0.865722656 0.514160156
vn 0.425777972 0.883095145 -0.197119564
v 0.104248017 0.900787354 -0.108139068
vt 0.832519531 0.570312500
vn 0.544455945 0.631253421 -0.552346766
v 0.054428075 0.961059570 -0.038707763
vt 0.845703125 0.499755859
vn 0.276095927 0.922949553 -0.268207610
v 0.052429169 0.952301025 -0.064949065
vt 0.830078125 0.512451172
vn 0.252446234 0.883562148 -0.394447446
v 0.012225126 0.969268799 -0.032169364
vt 0.826904297 0.476806641
vn 0.079037108 0.964253664 -0.252919018
v 0.070457429 0.921783447 -0.108009368
vt 0.816162109 0.547363281
vn 0.299064189 0.779141247 -0.550908029
v 0.032760590 0.950714111 -0.076988250
vt 0.812744141 0.510009766
vn 0.134049475 0.891035318 -0.433689833
v -0.006297141 0.956634521 -0.069053672
vt 0.794921875 0.488525391
vn -0.039302006 0.911804378 -0.408739924
v -0.028656032 0.963409424 -0.046165485
vt 0.797363281 0.466064453
vn -0.110222638 0.952637792 -0.283429444
v 0.020454373 0.938690186 -0.100875877
vt 0.793212891 0.519531250
vn 0.109784402 0.823383868 -0.556764364
v -0.021568330 0.941162109 -0.096656822
vt 0.773437500 0.500488281
vn -0.110521071 0.860484660 -0.497344375
v 0.005019153 0.923950195 -0.122688316
vt 0.770751953 0.527343750
vn 0.031445295 0.770412683 -0.636769712
v 0.041332208 0.902252197 -0.141204849
vt 0.782226562 0.558837891
vn 0.189252228 0.670268655 -0.717581809
v -0.010811843 0.899780273 -0.147933975
vt 0.750000000 0.544677734
vn -0.055075575 0.653037369 -0.755320430
v 0.084419213 0.893096924 -0.131301910
vt 0.810058594 0.574462891
vn 0.410161376 0.591579020 -0.694119513
v 0.027065238 0.871948242 -0.166595474
vt 0.761962891 0.580810547
vn 0.133655280 0.511035323 -0.849105000
v -0.021373788 0.869476318 -0.169036880
vt 0.732666016 0.566894531
vn -0.094676353 0.473381072 -0.875755012
v 0.024177512 0.841400146 -0.179397598
vt 0.750976562 0.603027344
vn 0.071111128 0.284445018 -0.956051469
v 0.079772912 0.863464355 -0.154739410
vt 0.795166016 0.596679688
vn 0.363230765 0.481675774 -0.797528744
v 0.060981713 0.846527100 -0.169967681
vt 0.777343750 0.606933594
vn 0.315038651 0.283534855 -0.905736506
v 0.115890466 0.854156494 -0.136459380
vt 0.821777344 0.607421875
vn 0.590899289 0.425447553 -0.685443282
v 0.101585351 0.833343506 -0.155029327
vt 0.805175781 0.621337891
vn 0.489770412 0.268583834 -0.829450190
v 0.126831025 0.872161865 -0.111045867
vt 0.840820312 0.594238281
vn 0.683325589 0.471259117 -0.557656705
v 0.129241914 0.816467285 -0.139343292
vt 0.826416016 0.636474609
vn 0.685443103 0.165451810 -0.709079385
v 0.163406342 0.852691650 -0.076263465
vt 0.874267578 0.609130859
vn 0.825314522 0.353706241 -0.440167904
v 0.142944306 0.842803955 -0.112205543
vt 0.846435547 0.617675781
vn 0.748681545 0.315234393 -0.583183765
v 0.158493012 0.820953369 -0.098648109
vt 0.860839844 0.633544922
vn 0.842519641 0.141732275 -0.519685149
vt 0.816650391 0.660400391
v 0.101821862 0.813079834 -0.159011871
vt 0.801269531 0.635498047
vn 0.479809403 0.086523019 -0.873096049
vt 0.801513672 0.652099609
v 0.075874291 0.811645508 -0.169494659
vt 0.781982422 0.633056641
vn 0.323275775 0.015769530 -0.946173489
v 0.072914086 0.779571533 -0.167724639
vt 0.773437500 0.652832031
vn 0.283878356 -0.197137862 -0.938376129
vt 0.792236328 0.661376953
v 0.044532739 0.830596924 -0.177780166
vt 0.763183594 0.614257812
vn 0.219710782 0.070621327 -0.973005533
vt 0.758789062 0.665771484
v 0.047286950 0.799255371 -0.177124038
vt 0.760742188 0.635498047
vn 0.204445615 -0.086496316 -0.975048900
v 0.009643517 0.811431885 -0.183822647
vt 0.737792969 0.621337891
vn -0.000000130 -0.023615502 -0.999721110
v -0.022363702 0.836456299 -0.180770889
vt 0.721435547 0.610595703
vn -0.078845464 0.149806097 -0.985566676
v 0.018142665 0.770690918 -0.177886978
vt 0.737792969 0.650878906
vn 0.142173588 -0.189565018 -0.971520424
v -0.015827214 0.776824951 -0.179962173
vt 0.717529297 0.641845703
vn -0.110181697 -0.141662061 -0.983764112
v 0.016107524 0.756530762 -0.174270645
vt 0.734130859 0.659912109
vn 0.047185495 0.015728500 -0.998762369
v 0.035926785 0.750061035 -0.178268448
vt 0.742675781 0.668945312
vn 0.125832081 -0.047187123 -0.990928710
vt 0.744140625 0.675292969
v -0.008556400 0.745483398 -0.176345840
vt 0.717773438 0.669921875
vn -0.078545727 -0.172800392 -0.981820107
vt 0.723632812 0.679687500
vt 0.981445312 0.120605469
vt 0.982910156 0.130615234
vt 0.961425781 0.119384766
v 0.178268433 0.812683105 0.059768640
vt 0.968505859 0.103027344
vn 0.794856846 -0.417103022 0.440712631
v 0.175262451 0.807067871 0.080116235
vt 0.973632812 0.085449219
vn 0.801660001 -0.282938719 0.526580393
v 0.167480469 0.790527344 0.065544091
vt 0.987304688 0.094482422
vn 0.887729764 -0.196400315 0.416368693
vt 0.990966797 0.118164062
v 0.173828125 0.774871826 0.082679711
vt 1.000000000 0.081787109
vn 0.943829238 0.259553075 0.204496190
v 0.164169312 0.804351807 0.081062280
vt 0.978759766 0.078613281
vn 0.883974969 0.173637986 0.434094697
v 0.159194946 0.825592041 0.101692162
vt 0.962158203 0.061035156
vn 0.086625054 -0.629999340 0.771749318
v 0.153656006 0.822113037 0.088470422
vt 0.971191406 0.061767578
vn 0.692077279 0.141561300 0.707806110
v 0.142883301 0.839691162 0.113670312
vt 0.953613281 0.042968750
vn -0.541931152 -0.667596519 0.510515034
v 0.165893555 0.832122803 0.097679101
vt 0.957519531 0.068359375
vn 0.636769772 -0.487403870 0.597462833
v 0.160537720 0.837768555 0.104431115
vt 0.953613281 0.055175781
vn -0.063164547 -0.505317390 0.860618770
v 0.178039551 0.838226318 0.108276330
vt 0.946533203 0.071289062
vn 0.684339702 -0.534886122 0.495556265
v 0.187835693 0.826019287 0.075569116
vt 0.954345703 0.098632812
vn 0.893547714 -0.321363598 0.313525379
v 0.179260254 0.856048584 0.093551598
vt 0.933593750 0.084716797
vn 0.952165782 0.173121110 0.251812309
v 0.189178467 0.835144043 0.070663415
vt 0.946777344 0.105224609
vn 0.965813220 0.007852192 0.259120464
v 0.175888062 0.863128662 0.096496545
vt 0.929687500 0.081298828
vn 0.978595138 0.110486597 0.173621580
v 0.174545288 0.845367432 0.120185815
vt 0.940185547 0.064208984
vn 0.762905061 -0.110109940 0.637064874
v 0.176315308 0.885223389 0.082336389
vt 0.910644531 0.087646484
vn 0.935587883 0.345931709 0.070758611
v 0.184463486 0.863342285 0.062728845
vt 0.923583984 0.106201172
vn 0.926609576 0.329810202 0.180610210
v 0.173156738 0.895507812 0.103431664
vt 0.912841797 0.072265625
vn 0.829010665 0.481615722 0.284232050
v 0.157180786 0.855072021 0.122497521
vt 0.935546875 0.053222656
vn -0.543492377 -0.267807901 0.795547068
v 0.153106689 0.860504150 0.111221276
vt 0.935058594 0.047363281
vn -0.626973808 -0.313486964 0.713182926
v 0.165252686 0.870971680 0.120330773
vt 0.927734375 0.059326172
vn 0.078713425 0.362081319 0.928817153
v 0.151275635 0.870483398 0.110603295
vt 0.921630859 0.046630859
vn -0.150086194 0.371266127 0.916316330
v 0.140686035 0.860961914 0.110557526
vt 0.935546875 0.041503906
vn 0.639821708 -0.165879607 0.750407994
v 0.139221191 0.854370117 0.121917695
vt 0.938232422 0.037353516
vn 0.598110080 -0.794856727 -0.102308340
v 0.143142700 0.869384766 0.126571625
vt 0.923339844 0.035156250
vn 0.926495314 -0.345472813 0.149181351
v 0.160781860 0.894012451 0.105903588
vt 0.912597656 0.064208984
vn -0.520589530 0.623129964 0.583691418
v 0.147888184 0.889953613 0.102706872
vt 0.899169922 0.058837891
vn 0.998762369 -0.015728500 -0.047185756
v 0.156799316 0.891632080 0.090843163
vt 0.897949219 0.068603516
vn 0.094312906 0.990285814 0.102172285
v 0.156448364 0.909912109 0.121574365
vt 0.893554688 0.041748047
vn 0.985076845 0.047283724 -0.165493041
v 0.144485474 0.910827637 0.092308007
vt 0.888183594 0.055908203
vn 0.873663664 0.078708462 -0.480121642
v 0.143707275 0.899047852 0.094100915
vt 0.891601562 0.061035156
vn 0.899536014 0.418205440 -0.126250818
v 0.150100708 0.896636963 0.091392480
vt 0.893554688 0.065917969
vn 0.504249752 0.732737958 0.456976235
v 0.144744873 0.903503418 0.084358178
vt 0.886962891 0.067626953
vn 0.722909510 0.660047889 0.204300389
v 0.155487061 0.899322510 0.080238305
vt 0.891601562 0.074707031
vn 0.725151598 0.662095010 -0.189170137
v 0.141006455 0.904449463 0.076881379
vt 0.883056641 0.074707031
vn 0.788404346 0.614955425 -0.015768215
v 0.159469590 0.880371094 0.065811120
vt 0.896240234 0.094238281
vn 0.702072620 0.709961236 -0.055219322
v 0.156372055 0.898254395 0.042617761
vt 0.886962891 0.111572266
vn 0.788110435 0.614726186 0.031524286
v 0.137512192 0.917633057 0.055061303
vt 0.873535156 0.090820312
vn 0.623246253 0.781030178 -0.039446086
v 0.167999268 0.889556885 0.076805077
vt 0.903320312 0.088134766
vn 0.094327413 0.927553773 -0.361588806
v 0.169174179 0.872619629 0.043296773
vt 0.905761719 0.115234375
vn 0.640321195 0.758899271 -0.118578129
v 0.175521836 0.869689941 0.026006659
vt 0.912109375 0.128417969
vn 0.848292530 0.494837344 -0.188509569
v 0.182113633 0.871948242 0.046226460
vt 0.913818359 0.112548828
vn 0.716690898 0.622182310 -0.315029114
v 0.180999741 0.854125977 0.032360040
vt 0.925292969 0.127685547
vn 0.893986166 0.332278103 -0.300632656
vt 0.936279297 0.136962891
vt 0.920410156 0.138916016
v 0.192092881 0.862731934 0.056640584
vt 0.929687500 0.113525391
vn 0.917936444 0.360898167 -0.164757967
v 0.191940308 0.844177246 0.071258508
vt 0.939697266 0.108398438
vn 0.905624211 0.110249951 0.409499496
v 0.192733750 0.837188721 0.051700551
vt 0.945556641 0.119873047
vn 0.976347685 -0.039368823 -0.212591976
v 0.186660752 0.830474854 0.040264089
vt 0.947021484 0.127441406
vn 0.967394888 0.228085011 -0.110110119
vt 0.949462891 0.133300781
vt 0.848876953 0.003173828
vt 0.872802734 0.005371094
v 0.159820542 0.885314941 0.030322991
vt 0.858886719 0.025390625
vn 0.779672563 0.622163057 -0.070879459
vt 0.845703125 0.018310547
vt 0.859130859 0.036376953
v 0.130569443 0.914855957 0.048149072
vt 0.876953125 0.049072266
vn 0.622587860 0.772324204 -0.126093850
v 0.132781968 0.919952393 0.030366862
vt 0.885253906 0.038574219
vn 0.699984968 0.699985027 0.141569853
vt 0.903808594 0.025878906
vt 0.195068359 0.060546875
v 0.011991470 0.734527588 -0.154174820
vt 0.205078125 0.021484375
vn 0.023542685 -0.996638060 0.078475483
vt 0.212158203 0.025390625
v -0.021347078 0.734283447 -0.153442398
vt 0.226562500 0.014892578
vn 0.062960908 -0.944413662 -0.322674632
vt 0.194335938 0.035400391
v -0.019149810 0.734436035 -0.145233169
vt 0.192871094 0.006103516
vn 0.110086091 -0.597610712 -0.794193029
v 0.012089700 0.726882935 -0.147171035
vt 0.183837891 0.022216797
vn -0.086873196 0.900321186 -0.426467985
vt 0.179687500 0.032470703
v 0.012026756 0.734542847 -0.154556289
vt 0.177734375 0.026611328
vn -0.252911091 0.924706161 0.284524977
v 0.001458853 0.726547241 -0.155578628
vt 0.171142578 0.023437500
vn -0.023692045 0.718654931 -0.694963157
vt 0.169189453 0.029541016
v -0.020206481 0.726440430 -0.149551407
vt 0.159667969 0.017333984
vn 0.251353651 0.942576408 -0.219934568
vt 0.374267578 0.463378906
vt 0.378173828 0.458984375
vt 0.394531250 0.463378906
v 0.103836045 0.934844971 0.058025327
vt 0.349121094 0.459716797
vn 0.543004155 0.826310813 0.149522796
vt 0.372558594 0.473388672
v 0.113533013 0.933593750 0.064125024
vt 0.357910156 0.451416016
vn 0.441369146 0.701461852 -0.559593260
vt 0.391845703 0.450439453
v 0.091987595 0.953887939 0.022371260
vt 0.340087891 0.489501953
vn 0.511398971 0.857576847 0.055073638
vt 0.371093750 0.498046875
vt 0.361816406 0.525390625
vt 0.344970703 0.530029297
v 0.061401345 0.966156006 -0.002870589
vt 0.322998047 0.516601562
vn 0.283429354 0.952637792 -0.110222638
vt 0.324951172 0.543212891
vt 0.300292969 0.552001953
v 0.025718668 0.974670410 0.008556341
vt 0.298828125 0.517578125
vn 0.102473401 0.993204236 -0.055178076
v -0.021749519 0.972229004 -0.013113994
vt 0.278320312 0.549072266
vn -0.055212397 0.985934496 -0.157749563
v -0.025941867 0.974609375 0.013606054
vt 0.269775391 0.531005859
vn -0.133560538 0.989919007 -0.047139026
v -0.003814239 0.976074219 0.024759272
vt 0.277832031 0.512939453
vn -0.007887750 0.993852854 0.110428050
v 0.058032975 0.966674805 0.031246156
vt 0.316406250 0.492431641
vn 0.290385902 0.949640512 0.117723949
v 0.027961716 0.970550537 0.044300053
vt 0.296386719 0.491210938
vn 0.110493407 0.970763624 0.213094398
v -0.010913864 0.971252441 0.046661355
vt 0.272460938 0.495117188
vn -0.047420837 0.964223564 0.260814518
v -0.001900924 0.966003418 0.060260750
vt 0.280029297 0.481689453
vn 0.000000023 0.881479979 0.472221404
v 0.046169266 0.963989258 0.053867310
vt 0.305175781 0.475585938
vn 0.204452083 0.896443725 0.393177003
v 0.073417649 0.954254150 0.053859681
vt 0.323730469 0.468994141
vn 0.376288384 0.846648872 0.376288295
v 0.022285450 0.959503174 0.069969155
vt 0.284667969 0.464843750
vn 0.133775353 0.975773275 0.173121005
v -0.045288097 0.955200195 0.069625840
vt 0.261962891 0.491455078
vn -0.149485901 0.983459711 0.102279782
v 0.080673210 0.943389893 0.066711396
vt 0.328369141 0.454833984
vn 0.298869938 0.951665044 -0.070785075
v 0.034072865 0.962249756 0.076660126
vt 0.293457031 0.454101562
vn 0.165952116 0.979908168 -0.110634863
v -0.007328521 0.965362549 0.076881386
vt 0.270507812 0.455322266
vn -0.070636660 0.965366781 -0.251152366
v -0.001964340 0.963165283 0.088142373
vt 0.271240234 0.446533203
vn -0.039334662 0.645089686 0.763093829
v 0.072448723 0.952270508 0.074020356
vt 0.320800781 0.447021484
vn 0.070927627 0.851132810 -0.520136774
v 0.053535454 0.954132080 0.088798493
vt 0.303466797 0.439208984
vn -0.015767556 0.812031209 0.583401024
v 0.022663109 0.941894531 0.091934182
vt 0.282470703 0.429443359
vn -0.023647638 0.583310425 0.811904967
v -0.010590561 0.949249268 0.092956521
vt 0.262207031 0.435546875
vn 0.023680961 0.268382967 0.963021159
v -0.004266270 0.941589355 0.094230630
vt 0.266357422 0.428222656
vn -0.149103373 0.988790512 -0.007847568
v 0.012003892 0.944580078 0.099708535
vt 0.274902344 0.422363281
vn 0.180565715 0.942082405 -0.282624751
v -0.009983069 0.951232910 0.106071450
vt 0.260986328 0.417968750
vn -0.150086373 0.955812752 -0.252776921
v 0.036781304 0.942596436 0.103843659
vt 0.290771484 0.423828125
vn -0.290645719 0.950489879 -0.109974042
v 0.049163811 0.957611084 0.094894379
vt 0.304443359 0.433349609
vn -0.426149160 0.828623235 -0.363015831
v 0.016384121 0.951049805 0.121322609
vt 0.273681641 0.405273438
vn 0.259288490 0.958581805 0.117858343
v -0.008904460 0.950592041 0.131546006
vt 0.258056641 0.400146484
vn -0.125518188 0.917851806 0.376554608
v 0.020166393 0.944580078 0.124542221
vt 0.278564453 0.403808594
vn 0.157828063 0.970642745 0.181502238
v 0.004787444 0.939300537 0.138030991
vt 0.267089844 0.392089844
vn 0.094060540 0.893575013 0.438949108
v -0.015537264 0.939788818 0.132949814
vt 0.255859375 0.394042969
vn -0.307688087 0.757386148 0.575929046
v -0.006444930 0.937011719 0.159301743
vt 0.254882812 0.380615234
vn -0.434338361 0.813397348 0.386956036
v 0.032806393 0.946166992 0.117637604
vt 0.288818359 0.413085938
vn -0.599746764 0.797031820 -0.071022592
v 0.017730711 0.938354492 0.137329087
vt 0.273681641 0.390380859
vn 0.196454942 0.880118132 0.432200819
v 0.026082993 0.933624268 0.151153550
vt 0.277587891 0.384033203
vn -0.738169312 0.612523437 0.282703191
v 0.003203871 0.936218262 0.164382920
vt 0.260986328 0.379882812
vn 0.416754812 0.723423421 0.550430715
v -0.003253934 0.924530029 0.165679917
vt 0.257568359 0.375000000
vn -0.228261426 -0.613944829 0.755624533
v -0.017017365 0.929138184 0.145599350
vt 0.246582031 0.365234375
vn -0.196673587 0.605754972 0.770960748
v 0.003910781 0.917938232 0.150085434
vt 0.261474609 0.369873047
vn -0.102616936 0.584127724 0.805148900
v 0.015023232 0.926757812 0.151840195
vt 0.269287109 0.375000000
vn 0.219792247 0.306139082 0.926266909
v 0.026258472 0.915405273 0.165908799
vt 0.271728516 0.363525391
vn -0.651506543 0.361075968 0.667205632
v -0.019853588 0.912780762 0.164688095
vt 0.250000000 0.354980469
vn 0.368936956 0.251191080 0.894867957
v 0.034332279 0.939544678 0.172805771
vt 0.283447266 0.372802734
vn -0.623712242 0.544761360 0.560551584
v 0.038860321 0.956787109 0.150924668
vt 0.293945312 0.390625000
vn -0.685677350 0.685677290 0.244321898
v 0.047370911 0.949005127 0.156631455
vt 0.296630859 0.383300781
vn 0.691350758 0.494944274 0.526369095
v 0.036025997 0.953125000 0.123611420
vt 0.292236328 0.409667969
vn -0.795473039 0.598573685 -0.094511569
v 0.048828121 0.967620850 0.133758530
vt 0.303710938 0.403076172
vn -0.244542196 0.962391794 0.118326843
v 0.061954495 0.960601807 0.128570527
vt 0.314697266 0.401855469
vn 0.778707266 0.086523101 0.621392548
v 0.051277153 0.958923340 0.102119416
vt 0.305175781 0.427490234
vn -0.441383064 0.827593088 -0.346800864
v 0.077362053 0.972869873 0.106178254
vt 0.325439453 0.418212891
vn -0.047034666 0.987726629 -0.148942947
v 0.084030144 0.961273193 0.110008210
vt 0.333984375 0.411865234
vn 0.479468644 0.094321735 0.872475445
v 0.081596367 0.955749512 0.081863374
vt 0.328613281 0.437011719
vn -0.070879444 0.779672623 -0.622163057
v 0.082534783 0.953155518 0.077705353
vt 0.329589844 0.440429688
vn 0.125824377 0.983003378 -0.133688509
v 0.102142327 0.966094971 0.093101464
vt 0.344482422 0.423583984
vn 0.306007028 0.870943367 -0.384470552
v 0.113250725 0.956054688 0.100074731
vt 0.356933594 0.419921875
vn 0.188225269 0.305865943 0.933283091
v 0.111709587 0.941040039 0.076103173
vt 0.358642578 0.436767578
vn 0.426854044 0.727232993 -0.537520111
v 0.096160881 0.951873779 0.069801293
vt 0.343017578 0.443115234
vn 0.299166173 0.795152426 -0.527477443
v 0.127807602 0.951324463 0.094696008
vt 0.368652344 0.425048828
vn 0.607335567 0.694097877 -0.386486441
v 0.143997192 0.928283691 0.108657792
vt 0.391601562 0.419677734
vn -0.007871978 0.551044524 0.834438801
v 0.131805405 0.928619385 0.071784936
vt 0.372802734 0.445312500
vn 0.702313006 0.576054573 -0.418231487
vt 0.395751953 0.444824219
v 0.130462632 0.924377441 0.078727685
vt 0.377441406 0.441894531
vn 0.754759848 0.463862836 -0.463862956
vt 0.402099609 0.440917969
vt 0.395263672 0.438476562
v 0.141860962 0.935455322 0.097885095
vt 0.384765625 0.427246094
vn 0.841554940 0.361790001 -0.401115119
vt 0.411865234 0.420166016
v 0.154373169 0.899719238 0.136627167
vt 0.424316406 0.414062500
vn 0.566490352 0.558622360 0.605829895
vt 0.066162109 0.490722656
vt 0.041503906 0.485107422
vt 0.069824219 0.484619141
vt 0.051025391 0.499511719
vt 0.033935547 0.498291016
vt 0.059326172 0.500976562
vt 0.066406250 0.499755859
v 0.150482193 0.620117188 0.134918198
vt 0.121826172 0.960693359
vn -0.880145371 0.471506417 -0.055008993
v 0.147491470 0.633499146 0.122650117
vt 0.113281250 0.956787109
vn -0.251781106 0.212440446 0.944179714
v 0.136291519 0.625793457 0.128860459
vt 0.118652344 0.952392578
vn 0.298473388 0.738328755 0.604801059
v 0.130599990 0.635574341 0.125991806
vt 0.110839844 0.947509766
vn 0.675242364 0.149181515 0.722352207
vt 0.136718750 0.949707031
v 0.138458267 0.648605347 0.124237046
vt 0.105468750 0.959960938
vn 0.434135526 -0.370988369 0.820910454
vt 0.125732422 0.968994141
vt 0.120849609 0.965820312
v 0.151168838 0.657058716 0.124984726
vt 0.099121094 0.966796875
vn 0.708837390 -0.196899161 0.677333236
vt 0.101318359 0.979492188
v 0.168060303 0.685470581 0.114204377
vt 0.080566406 0.973876953
vn 0.920917451 -0.267616987 0.283359051
vt 0.091796875 0.990722656
vt 0.847412109 0.257324219
vt 0.854980469 0.233398438
vt 0.864013672 0.251708984
vt 0.836181641 0.237792969
vt 0.842773438 0.259277344
vt 0.821777344 0.261230469
vt 0.084228516 0.448974609
vt 0.078369141 0.431396484
vt 0.083496094 0.431152344
vt 0.076416016 0.455322266
vt 0.059570312 0.437988281
vt 0.046386719 0.454589844
vt 0.177246094 0.425048828
vt 0.171386719 0.425292969
v 0.120933548 0.659942627 0.154281586
vt 0.177978516 0.407226562
vn 0.655129492 -0.402549297 0.639343023
v 0.152709976 0.694549561 0.135772675
vt 0.155273438 0.410888672
vn 0.651446521 -0.313950032 0.690690160
vt 0.165283203 0.428466797
v 0.096061721 0.636428833 0.159149155
vt 0.194824219 0.408691406
vn 0.669374406 0.062999994 0.740249217
vt 0.196777344 0.427978516
vt 0.199707031 0.415527344
v 0.073081985 0.633605957 0.172805771
vt 0.206542969 0.401611328
vn 0.456622243 -0.007872737 0.889625847
vt 0.211181641 0.407714844
v 0.085289016 0.657989502 0.181152329
vt 0.194824219 0.393798828
vn 0.518705189 -0.416535854 0.746620893
v 0.038517017 0.638244629 0.189086914
vt 0.220214844 0.389892578
vn 0.260448903 0.071031541 0.962871194
v 0.122825637 0.686401367 0.166519135
vt 0.170410156 0.395507812
vn 0.661335409 -0.267683268 0.700700462
vt 0.226074219 0.401367188
v 0.061313648 0.661804199 0.195877045
vt 0.204101562 0.384521484
vn 0.363016039 -0.426149070 0.828623235
v 0.097953811 0.687042236 0.186782807
vt 0.181640625 0.384033203
vn 0.518705249 -0.275070846 0.809494317
v 0.014573119 0.612136841 0.207199097
vt 0.239501953 0.394287109
vn 0.078422435 0.407796115 0.909699023
vt 0.235351562 0.401367188
vt 0.241943359 0.395996094
v -0.018678643 0.612510681 0.206085205
vt 0.250000000 0.389404297
vn -0.055255204 0.315744698 0.947234035
v 0.009549160 0.637130737 0.192993164
vt 0.232421875 0.384277344
vn 0.031456243 -0.039320089 0.998731434
v 0.030691165 0.663269043 0.206146225
vt 0.216796875 0.376220703
vn 0.157009035 -0.400372684 0.902801216
v -0.007724742 0.663192749 0.208953843
vt 0.233642578 0.368408203
vn -0.015679991 -0.415523380 0.909447432
v 0.056655902 0.684906006 0.207305893
vt 0.199462891 0.372802734
vn 0.292054862 -0.276267946 0.915630937
v 0.013256093 0.693984985 0.217712387
vt 0.217285156 0.361328125
vn 0.173632652 -0.449866027 0.876054943
v -0.012566547 0.692962646 0.218002304
vt 0.228515625 0.356933594
vn -0.204451919 -0.707718670 0.676264524
v 0.012000105 0.695724487 0.234146103
vt 0.217529297 0.354492188
vn 0.282598674 -0.894895613 0.345398307
v -0.005716299 0.709320068 0.265121460
vt 0.225830078 0.336914062
vn -0.346113443 -0.786621630 0.511304200
v 0.057998676 0.713516235 0.212615937
vt 0.192871094 0.361816406
vn 0.431867778 -0.588910401 0.683136046
v 0.074157730 0.699462891 0.203674287
vt 0.187500000 0.370849609
vn 0.472866416 -0.157622024 0.866921425
v 0.118812576 0.725433350 0.179885834
vt 0.162109375 0.377197266
vn 0.631883264 -0.039492637 0.774056733
v 0.082870498 0.723678589 0.201660126
vt 0.176513672 0.362304688
vn 0.600964367 -0.347926617 0.719575524
v 0.040378593 0.717575073 0.242813095
vt 0.201416016 0.350341797
vn 0.534060776 -0.691137373 0.486937642
v 0.007004286 0.710876465 0.266433716
vt 0.217285156 0.338623047
vn 0.403632194 -0.728120685 0.554004848
v 0.000289959 0.728607178 0.286453247
vt 0.216552734 0.325195312
vn 0.039367743 -0.858214498 0.511779368
v 0.023481395 0.731582642 0.272537231
vt 0.203613281 0.333984375
vn 0.544456124 -0.631253362 0.552346647
v 0.030509975 0.737792969 0.280136108
vt 0.197509766 0.326904297
vn 0.556695879 -0.689989150 0.462606311
v 0.001254112 0.737915039 0.316513062
vt 0.209472656 0.303955078
vn -0.157202691 -0.825314701 0.542349637
v 0.084899917 0.732101440 0.205703706
vt 0.173339844 0.358398438
vn 0.677606702 -0.520023644 0.520023584
v 0.010369331 0.744445801 0.308425903
vt 0.201904297 0.309326172
vn 0.747175097 0.235950097 0.621334910
v -0.000021845 0.749694824 0.314315796
vt 0.206298828 0.300292969
vn -0.307229489 0.764135003 0.567192972
v 0.061038993 0.744201660 0.244888276
vt 0.179931641 0.339599609
vn 0.733102143 0.472969174 0.488734633
v 0.090377823 0.740295410 0.195892304
vt 0.166259766 0.359375000
vn 0.646371067 0.417776465 0.638488352
v 0.026073482 0.751800537 0.279830933
vt 0.188476562 0.315917969
vn 0.511557400 0.755530894 0.409245819
v 0.000309097 0.765258789 0.280563354
vt 0.179931641 0.300537109
vn 0.181209162 0.866652429 0.464840770
v 0.035087604 0.765869141 0.239150986
vt 0.169677734 0.325195312
vn 0.550686240 0.763093829 0.338278621
v 0.012254734 0.785461426 0.236999497
vt 0.163330078 0.310546875
vn 0.337694019 0.895281792 0.290573895
v -0.004827002 0.779449463 0.254043579
vt 0.165527344 0.298339844
vn -0.299175471 0.850288272 0.433017164
v -0.015447600 0.785308838 0.230285630
vt 0.158691406 0.298095703
vn -0.401077807 0.880798340 0.251656681
v -0.000800356 0.787567139 0.213272080
vt 0.153320312 0.306884766
vn 0.023665430 0.741515040 0.670518816
v 0.030063644 0.778228760 0.213577256
vt 0.156738281 0.322753906
vn 0.400027752 0.611807108 0.682400107
v 0.065078750 0.755554199 0.205184907
vt 0.161376953 0.343017578
vn 0.557381690 0.635886073 0.533830225
v 0.076881424 0.755981445 0.200088471
vt 0.160644531 0.349853516
vn 0.425778151 -0.197119400 0.883095086
v 0.059349075 0.770904541 0.206680268
vt 0.155029297 0.335937500
vn 0.054973580 -0.047120046 0.997375369
v 0.025478376 0.806243896 0.204879746
vt 0.144775391 0.312744141
vn 0.204547048 0.354023606 0.912594080
v 0.003817572 0.800811768 0.209945664
vt 0.146484375 0.303466797
vn 0.047279377 0.496432513 0.866786838
v -0.008073793 0.804046631 0.209426865
vt 0.146484375 0.299804688
vn -0.142213523 0.284427285 0.948090971
v 0.031799328 0.825836182 0.197051987
vt 0.136230469 0.302734375
vn 0.165797025 0.481600672 0.860565066
v 0.022111902 0.831878662 0.190689072
vt 0.134277344 0.297851562
vn -0.007856183 0.628500640 0.777769506
v -0.023557652 0.828216553 0.192657456
vt 0.138183594 0.287597656
vn 0.007895168 0.623712361 0.781614125
v 0.052597057 0.803131104 0.200851426
vt 0.140869141 0.322509766
vn -0.023613166 0.440780967 0.897304058
v 0.061939247 0.834106445 0.178588837
vt 0.130126953 0.316406250
vn 0.393408328 0.448485434 0.802552760
v 0.071952835 0.800750732 0.212982148
vt 0.142333984 0.334716797
vn -0.173120946 0.133775398 0.975773275
v 0.071876541 0.822326660 0.195877045
vt 0.133544922 0.331054688
vn -0.133655384 0.849105000 0.511035323
v 0.081962600 0.807403564 0.209197968
vt 0.138916016 0.337402344
vn 0.385528147 0.377660215 0.841867387
v 0.091674820 0.807769775 0.200851411
vt 0.135253906 0.340576172
vn 0.851265013 0.441396713 0.283754855
v 0.091659561 0.779724121 0.206024140
vt 0.148437500 0.347167969
vn 0.480538636 -0.212697327 0.850789428
v 0.097206131 0.773529053 0.188446015
vt 0.150634766 0.356933594
vn 0.755882263 0.039368924 0.653522968
v 0.093170173 0.807281494 0.181762666
vt 0.137207031 0.350097656
vn 0.685294449 0.456862986 0.567140043
v 0.113471992 0.797973633 0.171936005
vt 0.137207031 0.361083984
vn 0.632060707 0.221221283 0.742671192
v 0.105857864 0.758575439 0.183425874
vt 0.153320312 0.364257812
vn 0.621950984 0.133837581 0.771533906
v 0.122840889 0.764892578 0.166412324
vt 0.143310547 0.372558594
vn 0.653340936 0.118073709 0.747799635
v 0.148345962 0.755950928 0.148162812
vt 0.137939453 0.388671875
vn 0.637597740 0.102330528 0.763542712
v 0.134124756 0.795166016 0.153198212
vt 0.131591797 0.379638672
vn 0.667041242 0.298206717 0.682736218
v 0.151626602 0.720306396 0.144287080
vt 0.149414062 0.399414062
vn 0.690328956 -0.117669635 0.713862658
v 0.156402603 0.746459961 0.144592255
vt 0.140136719 0.394531250
vn 0.749054015 0.015769619 0.662321270
v 0.151351929 0.778411865 0.142974824
vt 0.131103516 0.393066406
vn 0.748774707 0.283746243 0.599019647
v 0.159301773 0.699554443 0.135375947
vt 0.151367188 0.412353516
vn 0.747267604 -0.188783303 0.637143731
vt 0.147460938 0.429199219
v 0.168380737 0.723709106 0.126632661
vt 0.139160156 0.410888672
vn 0.930982828 -0.039448369 0.362925380
v 0.168624878 0.753997803 0.124191254
vt 0.130615234 0.404541016
vn 0.893958390 0.158222765 0.419290096
vt 0.137451172 0.428466797
vt 0.140136719 0.438964844
v 0.180480957 0.736190796 0.083602875
vt 0.126220703 0.429443359
vn 0.974687457 0.039301965 0.220090583
vt 0.666015625 0.968261719
vt 0.658691406 0.945556641
vt 0.680175781 0.950439453
vt 0.635498047 0.954345703
vt 0.638916016 0.969482422
vt 0.642822266 0.976318359
vt 0.691894531 0.973632812
vt 0.701660156 0.946777344
vt 0.221191406 0.027343750
v 0.168258667 0.752838135 0.117111169
vt 0.231445312 0.052490234
vn 0.941690326 0.221574262 0.253227532
vt 0.210449219 0.052246094
vt 0.251953125 0.021728516
vt 0.229003906 0.061279297
vt 0.282714844 0.027587891
v 0.153884888 0.799133301 0.112350427
vt 0.263427734 0.056396484
vn 0.901756585 0.355956584 0.245214373
vt 0.294433594 0.028808594
v 0.161117554 0.782806396 0.120399438
vt 0.249755859 0.060791016
vn 0.891284823 0.347048968 0.291836470
vt 0.246337891 0.082519531
vt 0.225341797 0.074462891
v 0.143859863 0.825683594 0.114448510
vt 0.277587891 0.066162109
vn 0.809794545 0.495311260 0.314483166
v 0.136703491 0.819122314 0.136810273
vt 0.275146484 0.083251953
vn 0.737601042 0.423728287 0.525736690
v 0.136062622 0.841125488 0.105651826
vt 0.287109375 0.058349609
vn 0.793972194 0.463805586 0.393055409
v 0.119590759 0.846130371 0.129714936
vt 0.307128906 0.083984375
vn -0.007883319 -0.922347069 -0.386282086
v 0.151947021 0.836547852 0.088233911
vt 0.301513672 0.043701172
vn -0.774346709 -0.608415365 0.173833087
vt 0.317138672 0.045410156
v 0.115936279 0.863525391 0.112243623
vt 0.302490234 0.068847656
vn 0.822166502 0.450610578 0.347839564
v 0.124916069 0.866302490 0.092178315
vt 0.303466797 0.060791016
vn 0.582316399 0.062953167 0.810521185
v 0.125137329 0.860961914 0.112052888
vt 0.313476562 0.062744141
vn -0.605361640 -0.762598455 -0.227993235
vt 0.322509766 0.065185547
v 0.109497070 0.856414795 0.124603242
vt 0.318115234 0.086181641
vn -0.559749663 -0.772612274 -0.299584240
v 0.116271973 0.840057373 0.131683320
vt 0.302978516 0.088867188
vn 0.520784080 0.607581377 0.599690676
v 0.126647949 0.823059082 0.137329072
vt 0.281982422 0.089355469
vn 0.580450296 0.478479266 0.658889353
vt 0.254150391 0.094482422
vt 0.238525391 0.089599609
v 0.105056770 0.822967529 0.162414521
vt 0.287353516 0.112304688
vn 0.536164999 0.551934481 0.638666987
v 0.088287361 0.846832275 0.151626557
vt 0.309326172 0.112304688
vn 0.559714913 0.528181672 0.638547897
vt 0.266601562 0.115722656
vt 0.248535156 0.122314453
vt 0.280273438 0.126220703
v 0.073493965 0.822570801 0.181137055
vt 0.292236328 0.136718750
vn 0.361980438 0.763306558 0.535101354
vt 0.803466797 0.992187500
vt 0.799072266 0.981933594
v 0.131149292 0.841644287 0.145797700
vt 0.822509766 0.987304688
vn 0.719126225 -0.663808644 0.205464557
vt 0.818603516 1.000000000
v 0.108337410 0.833740234 0.167358369
vt 0.844726562 0.993164062
vn 0.047168162 -0.998391926 -0.031445377
v 0.105751045 0.847412109 0.183502167
vt 0.848388672 0.980224609
vn 0.566806257 -0.362126112 0.739996910
v 0.124168403 0.855743408 0.166641206
vt 0.830810547 0.973876953
vn 0.667596519 -0.510514915 0.541931152
v 0.132598877 0.857025146 0.155654877
vt 0.820312500 0.975341797
vn 0.798824728 -0.529913306 0.284729511
v 0.132431030 0.877563477 0.184402436
vt 0.827392578 0.955078125
vn 0.667534769 -0.455494195 0.589001179
v 0.150985718 0.881988525 0.155700654
vt 0.807861328 0.955078125
vn 0.912058055 -0.220151871 0.345952928
v 0.148941040 0.873962402 0.130096406
vt 0.797607422 0.976074219
vn 0.913612485 -0.401674420 -0.063007861
vt 0.777343750 0.986816406
vt 0.774414062 0.966796875
vt 0.786865234 0.961914062
v 0.145614624 0.890411377 0.153350800
vt 0.801025391 0.952880859
vn -0.197278947 0.907483220 0.370884448
v 0.125152588 0.883270264 0.184890717
vt 0.800292969 0.932128906
vn 0.252312899 0.938288569 0.236543283
vt 0.100830078 0.577148438
v 0.123016350 0.937286377 0.101036035
vt 0.117431641 0.571533203
vn -0.166014269 0.205541670 0.964464605
vt 0.137939453 0.576660156
v 0.135711670 0.909545898 0.113906831
vt 0.138671875 0.560546875
vn 0.031409588 0.698861957 0.714566588
vt 0.159912109 0.547363281
v 0.101966850 0.945037842 0.097816430
vt 0.100585938 0.565917969
vn 0.345760792 0.416484535 0.840827107
vt 0.077636719 0.562011719
vt 0.157470703 0.528808594
v 0.066978447 0.953063965 0.114471406
vt 0.078125000 0.546142578
vn 0.534770429 0.526906133 0.660598636
vt 0.067871094 0.535644531
v 0.106391907 0.923645020 0.119743310
vt 0.115722656 0.551757812
vn 0.448568732 0.684657454 0.574482620
v 0.132431030 0.883239746 0.147277802
vt 0.146972656 0.529541016
vn 0.290753365 0.793678045 0.534357369
v 0.121932991 0.880676270 0.170730561
vt 0.146484375 0.511230469
vn -0.173789635 0.955842614 -0.236985788
vt 0.152587891 0.502441406
v 0.091888428 0.914611816 0.142669648
vt 0.111572266 0.533203125
vn 0.448152632 0.691884696 0.566087306
v 0.095306404 0.880401611 0.181625336
vt 0.128906250 0.504394531
vn 0.441712409 0.780884385 0.441712290
v 0.079048164 0.892639160 0.189666718
vt 0.119873047 0.493408203
vn 0.386570424 0.907257259 -0.165673152
v 0.050544742 0.915557861 0.173141465
vt 0.095214844 0.501464844
vn 0.620931804 0.699530840 0.353695244
v 0.046512604 0.941528320 0.145294175
vt 0.077636719 0.519287109
vn 0.723893583 0.487841338 0.487841159
vt 0.071044922 0.512451172
v 0.049362186 0.927276611 0.185775742
vt 0.088378906 0.492675781
vn 0.739859402 0.590313435 0.322704494
vt 0.073974609 0.495849609
v 0.072036751 0.901428223 0.198379487
vt 0.113037109 0.486572266
vn 0.630488336 0.756586015 0.173384190
v 0.110412605 0.880126953 0.199661225
vt 0.140869141 0.488769531
vt 0.169921875 0.498535156
vt 0.155517578 0.498046875
v 0.043495186 0.918731689 0.192413315
vt 0.091064453 0.484619141
vn -0.661068976 0.165267259 0.731897950
vt 0.074462891 0.477050781
v 0.063171394 0.899291992 0.204925507
vt 0.109619141 0.480224609
vn -0.299286723 0.047255840 0.952992320
v 0.087524422 0.882232666 0.205108613
vt 0.128173828 0.480468750
vn -0.039387040 -0.244200453 0.968924582
v 0.112113960 0.855590820 0.177963227
vt 0.154541016 0.475097656
vn 0.416536093 -0.518705070 0.746620953
vt 0.163085938 0.480468750
vt 0.153320312 0.467529297
v 0.085372932 0.863037109 0.192245454
vt 0.135986328 0.467041016
vn 0.156859264 -0.384304851 0.909782946
v 0.056308754 0.881591797 0.193878159
vt 0.112060547 0.466552734
vn -0.268082321 -0.181349874 0.946173489
v 0.037132271 0.899749756 0.183273301
vt 0.092041016 0.470214844
vn -0.605081081 0.062865585 0.793677986
v 0.075241096 0.858947754 0.197036713
vt 0.130859375 0.460693359
vn 0.134124771 -0.157793656 0.978320897
v 0.089363106 0.838623047 0.184844941
vt 0.145263672 0.454345703
vn 0.070899233 -0.724746525 0.685358167
vt 0.160644531 0.456298828
v 0.073814400 0.841064453 0.179275483
vt 0.139404297 0.443359375
vn -0.426295161 -0.844695926 -0.323668450
v 0.060054790 0.851165771 0.192275971
vt 0.125000000 0.450927734
vn -0.432160735 -0.597167730 0.675742447
v 0.033172615 0.865142822 0.177520737
vt 0.099121094 0.446044922
vn -0.692484200 -0.700353384 -0.173120931
v 0.050174721 0.873016357 0.196304306
vt 0.111328125 0.460937500
vn -0.330309451 -0.015729001 0.943741739
v 0.026445396 0.885314941 0.182632431
vt 0.093261719 0.458984375
vn -0.717046738 -0.070916712 0.693408072
v 0.017293934 0.905578613 0.161315903
vt 0.071777344 0.468750000
vn -0.698259294 -0.635494530 0.329515755
v 0.081253059 0.855133057 0.157104462
vt 0.528564453 0.119628906
vn -0.431987554 -0.754014552 -0.494821966
vt 0.484863281 0.135742188
vt 0.478759766 0.128173828
vt 0.494628906 0.102294922
vt 0.534912109 0.103759766
v 0.071090706 0.852081299 0.167114228
vt 0.543457031 0.105957031
vn -0.392051369 -0.870354056 -0.297958970
vt 0.541503906 0.076416016
v 0.090530396 0.861419678 0.134872407
vt 0.513916016 0.131347656
vn 0.756445169 0.386102259 0.527935505
v 0.092781067 0.871490479 0.115669221
vt 0.496093750 0.138671875
vn 0.510782897 0.510782897 0.691521347
vt 0.494873047 0.150146484
vt 0.527587891 0.135742188
vt 0.571777344 0.113037109
vt 0.549316406 0.156005859
v 0.052764900 0.851470947 0.175231919
vt 0.558593750 0.102050781
vn 0.197137907 0.622955620 0.757009327
vt 0.587890625 0.083251953
vt 0.602783203 0.073242188
vt 0.581054688 0.130371094
vt 0.608886719 0.130371094
vt 0.593017578 0.137695312
vt 0.603271484 0.156494141
vt 0.594970703 0.150634766
vt 0.079833984 0.726318359
v 0.071052551 0.872161865 0.132598847
vt 0.104492188 0.728515625
vn -0.558156073 -0.738967240 -0.377344877
v 0.061031345 0.861419678 0.155792207
vt 0.086669922 0.734619141
vn 0.181231678 0.819482148 0.543694854
vt 0.070312500 0.731689453
v 0.065170288 0.884613037 0.112686135
vt 0.119628906 0.740966797
vn -0.527821004 -0.645989776 -0.551454604
v 0.042697914 0.848937988 0.174118027
vt 0.067138672 0.738525391
vn 0.031394098 0.729911506 0.682820320
vt 0.043945312 0.737060547
vt 0.046386719 0.746337891
v 0.012741093 0.871063232 0.156341538
vt 0.076416016 0.764892578
vn 0.078662224 0.739424407 0.668628395
v -0.019004816 0.866729736 0.161041245
vt 0.063720703 0.783691406
vn -0.055219140 0.709961236 0.702072620
vt 0.030273438 0.774414062
v 0.001408696 0.888397217 0.132781968
vt 0.092773438 0.778808594
vn 0.039408006 0.843330622 0.535948336
v 0.041156769 0.888916016 0.121223427
vt 0.111572266 0.756591797
vn 0.203985915 0.870862901 0.447199792
v 0.003132102 0.898986816 0.111274704
vt 0.107421875 0.786865234
vn 0.180738658 -0.691521347 0.699379623
v -0.017211918 0.898071289 0.110839829
vt 0.103027344 0.794677734
vn -0.165164977 0.904474974 0.393249989
v 0.006608958 0.902801514 0.101570114
vt 0.114501953 0.788085938
vn 0.395519525 0.791039228 -0.466713220
v 0.006136887 0.909301758 0.084579453
vt 0.126220703 0.787597656
vn -0.101902008 0.854409456 0.509510159
vt 0.122314453 0.802734375
v 0.028314583 0.905609131 0.085731491
vt 0.131347656 0.776123047
vn 0.149181515 0.722352266 0.675242245
v 0.072700493 0.891021729 0.093429543
vt 0.135009766 0.745361328
vn 0.173056826 0.794487953 0.582100034
v 0.092262268 0.872406006 0.114669770
vt 0.135253906 0.728515625
vn 0.330677927 0.850314617 0.409410685
v 0.064018242 0.907684326 0.089172341
vt 0.142822266 0.752929688
vn -0.482096732 -0.853548288 -0.197580531
v 0.097023010 0.875000000 0.107131928
vt 0.138671875 0.729492188
vn -0.511906266 -0.732419729 -0.448902309
vt 0.995605469 0.980957031
v 0.035247806 0.876922607 0.163391098
vt 0.966796875 0.977294922
vn -0.550430834 -0.723423421 -0.416754693
vt 0.987548828 0.951660156
vt 0.971191406 0.988281250
vt 0.977539062 0.937255859
vt 0.942871094 0.979003906
vt 0.994384766 0.927001953
vt 0.993164062 0.921875000
vt 0.964843750 0.922607422
vt 0.945312500 0.984130859
vt 0.922363281 0.986083984
v 0.002296926 0.900939941 0.149414048
vt 0.932128906 0.970703125
vn 0.000000062 -0.989949524 0.141421393
v 0.021921160 0.900390625 0.145584092
vt 0.946044922 0.967041016
vn -0.535366714 -0.826669276 -0.173206791
v 0.038768765 0.902343750 0.109901406
vt 0.953369141 0.941650391
vn -0.282198906 -0.885791123 -0.368426323
vt 0.929199219 0.942138672
v -0.019369129 0.901062012 0.109329209
vt 0.916992188 0.946044922
vn -0.039466828 -0.986671269 -0.157867357
vt 0.930419922 0.935058594
v 0.036960594 0.914367676 0.092788666
vt 0.947509766 0.927490234
vn -0.031633645 -0.964826405 -0.260977596
vt 0.940673828 0.919921875
v 0.015630715 0.912963867 0.091575608
vt 0.932617188 0.926269531
vn -0.614955306 -0.788404346 0.015768200
vt 0.927734375 0.919921875
vt 0.747558594 0.968017578
v -0.004460820 0.915863037 0.077644326
vt 0.736816406 0.964843750
vn -0.164940551 -0.290609747 0.942518234
vt 0.744384766 0.961181641
v 0.012834541 0.926666260 0.089378335
vt 0.746093750 0.982177734
vn -0.180515602 -0.188364208 0.965366781
v -0.018091209 0.936676025 0.090789773
vt 0.720947266 0.980468750
vn 0.110486656 -0.726054370 0.678703010
v 0.014945976 0.934143066 0.092468239
vt 0.742431641 0.987304688
vn -0.213094443 -0.962871253 -0.165740058
v -0.003942974 0.941345215 0.093772866
vt 0.725830078 0.990234375
vn -0.000000087 -0.541947961 -0.840412021
v -0.014460570 0.928771973 0.095916726
vt 0.719726562 0.998046875
vn 0.039461821 -0.236771658 -0.970763624
v 0.049091332 0.929016113 0.089851350
vt 0.768066406 0.998779297
vn -0.637143850 -0.747267485 -0.188783243
v 0.037406914 0.914947510 0.092582673
vt 0.766845703 0.989257812
vn -0.062867567 0.998021960 -0.000000035
v 0.011045449 0.926544189 0.095855691
vt 0.747558594 0.979980469
vn -0.133605987 -0.039295893 -0.990255177
vt 0.711181641 0.977050781
vt 0.715332031 0.986572266
vt 0.706054688 0.975830078
v -0.002240187 0.911865234 0.097320542
vt 0.706298828 0.991699219
vn -0.149671391 -0.196935922 -0.968924582
vt 0.714843750 0.998779297
v -0.014907842 0.907287598 0.100418076
vt 0.702880859 1.000000000
vn -0.055009179 -0.471506476 -0.880145371
vt 0.688720703 0.989501953
vt 0.703369141 0.971435547
vt 0.708984375 0.944335938
vt 0.715332031 0.951904297
vt 0.166503906 0.673828125
vt 0.171386719 0.659423828
vt 0.173583984 0.672119141
v -0.112701416 0.092071533 -0.113235444
vt 0.179687500 0.659423828
vn -0.298142493 -0.745356083 -0.596284747
vt 0.171386719 0.644287109
v -0.138854980 0.123229980 -0.134399384
vt 0.191406250 0.676269531
vn -0.447144836 -0.666794837 -0.596193016
vt 0.180664062 0.684570312
vt 0.194091797 0.687988281
v -0.152770996 0.106384277 -0.109443627
vt 0.197265625 0.662841797
vn -0.447365195 -0.659274876 -0.604335308
v -0.171813965 0.135986328 -0.121292077
vt 0.206542969 0.676269531
vn -0.597555280 -0.534654677 -0.597555161
v -0.122062676 0.071929932 -0.088493317
vt 0.183593750 0.645507812
vn -0.298473358 -0.604801238 -0.738328636
v -0.153869614 0.074890137 -0.069580041
vt 0.200683594 0.640380859
vn -0.605830014 -0.558622360 -0.566490233
vt 0.160888672 0.641113281
vt 0.165283203 0.641113281
v -0.106140129 0.047058105 -0.080604516
vt 0.173095703 0.635742188
vn 0.299027145 0.062953077 -0.952165842
vt 0.165527344 0.634521484
v -0.118301384 0.052185059 -0.081939660
vt 0.179931641 0.637207031
vn -0.133507073 0.054973394 -0.989522040
v -0.140518174 0.055145264 -0.074974023
vt 0.190917969 0.634765625
vn -0.591413617 0.126168147 -0.796436787
v -0.100158684 0.008636475 -0.085227929
vt 0.165283203 0.621826172
vn 0.487584680 0.015728522 -0.872934103
vt 0.155761719 0.619628906
v -0.124343865 0.009765625 -0.090797387
vt 0.174316406 0.620117188
vn 0.007853949 -0.070686720 -0.997467637
v -0.144577011 0.011749268 -0.084815934
vt 0.181884766 0.617675781
vn -0.417724639 -0.063052811 -0.906383276
v -0.102577202 0.002044678 -0.080932580
vt 0.164794922 0.618164062
vn 0.078603826 -0.951106310 -0.298694521
v -0.133514389 0.002349854 -0.078727685
vt 0.175781250 0.614257812
vn -0.118326850 -0.962391794 -0.244542107
v -0.106986985 0.000030518 -0.054668389
vt 0.162109375 0.606201172
vn 0.015744168 -0.999752104 -0.015744086
vt 0.147216797 0.609619141
vt 0.137939453 0.586669922
v -0.174926743 0.003234863 -0.052253678
vt 0.195556641 0.604492188
vn -0.173963323 -0.964705825 -0.197685540
v -0.162338242 0.017822266 -0.071899369
vt 0.191406250 0.615478516
vn -0.661089599 0.196752757 -0.724050343
v -0.185379013 0.013885498 -0.051189374
vt 0.200683594 0.606689453
vn -0.708376169 0.086579233 -0.700505078
v -0.210693344 0.003723145 -0.017427396
vt 0.209472656 0.594238281
vn -0.393798441 -0.866356611 -0.307162702
v -0.203109726 0.022399902 -0.029535247
vt 0.210449219 0.604003906
vn -0.715560198 0.361711651 -0.597610533
v -0.170700058 0.047454834 -0.045215566
vt 0.207275391 0.622314453
vn -0.620625257 0.620625138 -0.479216814
v -0.165924057 0.055297852 -0.041675527
vt 0.208740234 0.626464844
vn -0.919551134 -0.110031813 -0.377251625
v -0.167205796 0.056396484 -0.010908086
vt 0.215576172 0.617187500
vn -0.597407520 0.801783681 -0.015721206
v -0.169616684 0.071746826 -0.040496785
vt 0.213623047 0.632080078
vn -0.760369360 -0.564397871 -0.321393102
v -0.179595947 0.111022949 -0.085998498
vt 0.212402344 0.658203125
vn -0.638567865 -0.607033610 -0.473013103
v -0.197311401 0.125671387 -0.076683007
vt 0.223632812 0.660888672
vn -0.769960821 -0.502831638 -0.392837048
v -0.188171387 0.162689209 -0.125595063
vt 0.216796875 0.686767578
vn -0.699985087 -0.424710065 -0.574144900
v -0.209869385 0.177001953 -0.105239823
vt 0.231933594 0.685302734
vn -0.793653429 -0.353608042 -0.495050997
v -0.186050415 0.196350098 -0.145553544
vt 0.217285156 0.704589844
vn -0.699985087 -0.306735069 -0.644929886
v -0.206115723 0.220581055 -0.132949784
vt 0.232910156 0.708251953
vn -0.765251875 -0.213008299 -0.607467830
vt 0.204833984 0.697509766
vt 0.214599609 0.714355469
vt 0.192626953 0.703857422
vt 0.490478516 0.593505859
vt 0.508789062 0.593750000
vt 0.502441406 0.602783203
vt 0.488525391 0.580078125
vt 0.510009766 0.583496094
v -0.222869873 0.255905151 -0.120628320
vt 0.475830078 0.588623047
vn -0.767764747 -0.292858750 -0.569887042
v -0.232208252 0.218048096 -0.091232255
vt 0.471435547 0.610595703
vn -0.857603490 -0.251773536 -0.448471367
vt 0.488037109 0.622070312
v -0.226623535 0.176818848 -0.070480302
vt 0.472656250 0.630859375
vn -0.867649317 -0.370722920 -0.331284136
v -0.229797363 0.257080078 -0.126251176
vt 0.473632812 0.584960938
vn -0.795374334 -0.251999825 -0.551249385
v -0.234375000 0.253555298 -0.101646386
vt 0.467529297 0.595214844
vn -0.733102083 -0.488734752 -0.472968936
v -0.245330811 0.214050293 -0.053226426
vt 0.456054688 0.621582031
vn -0.929681659 -0.275753051 -0.244238272
v -0.243362427 0.245941147 -0.079208337
vt 0.458007812 0.603515625
vn -0.836176455 -0.418088287 -0.354980439
v -0.237640366 0.179199219 -0.030729249
vt 0.455322266 0.640380859
vn -0.912509382 -0.377590120 -0.157329068
v -0.248672470 0.201385498 -0.007395222
vt 0.440673828 0.637939453
vn -0.952608287 -0.299166262 -0.055109426
v -0.230331406 0.157623291 -0.001775637
vt 0.448486328 0.656738281
vn -0.904726863 -0.424828321 -0.031468622
v -0.240524277 0.183288574 0.039253280
vt 0.426513672 0.657226562
vn -0.922834694 -0.378598899 0.070987411
v -0.253616333 0.244491562 -0.046565965
vt 0.445556641 0.612060547
vn -0.934894681 -0.314250350 -0.164981276
v -0.252487153 0.216217041 0.034313247
vt 0.420654297 0.642333984
vn -0.954859853 -0.284090549 0.086805582
v -0.258895874 0.239929184 0.010035560
vt 0.424316406 0.626708984
vn -0.906805873 -0.417919248 -0.055196740
v -0.260177612 0.246276841 -0.047752336
vt 0.443847656 0.609375000
vn -0.802031636 -0.558276951 -0.212302372
v -0.254318208 0.234863281 0.058280990
vt 0.406494141 0.640136719
vn -0.852271616 -0.512941360 0.102588385
v -0.237594575 0.192962646 0.080719039
vt 0.407226562 0.662597656
vn -0.897721291 -0.385862708 0.212618351
v -0.227188095 0.155090332 0.035064742
vt 0.428710938 0.668945312
vn -0.866652369 -0.480598211 0.133937314
v -0.267074585 0.242263779 0.002321051
vt 0.424804688 0.621337891
vn -0.925024092 -0.371590912 -0.079061754
v -0.244476289 0.229827881 0.096366927
vt 0.392089844 0.651611328
vn -0.849472463 -0.471929222 0.235964715
v -0.265029907 0.246841416 -0.022460891
vt 0.433593750 0.614013672
vn -0.978320897 -0.134124681 -0.157793567
v -0.231674165 0.202301025 0.108772323
vt 0.393310547 0.666015625
vn -0.844196200 -0.362925500 0.394484371
v -0.214508027 0.161315918 0.096199080
vt 0.403076172 0.680908203
vn -0.810998499 -0.511795282 0.283455938
v -0.206069916 0.161163330 0.116600081
vt 0.394042969 0.686767578
vn -0.802851021 -0.440780997 0.401425689
v -0.226119965 0.224578857 0.132278487
vt 0.378662109 0.664550781
vn -0.764324665 -0.543694973 0.346704125
v -0.262924165 0.235778809 0.064155623
vt 0.401855469 0.637939453
vn -0.943741620 -0.298851550 0.141561374
v -0.266921967 0.238861069 0.036361739
vt 0.411865234 0.629882812
vn -0.967664421 -0.251750112 0.015734518
v -0.272964478 0.293228149 0.008344694
vt 0.409423828 0.601806641
vn -0.997221589 0.070669197 -0.023556288
v -0.272567749 0.288101196 0.038070723
vt 0.398925781 0.610351562
vn -0.993760109 0.015773933 0.110417917
v -0.254867524 0.231536865 0.092659041
vt 0.391601562 0.646972656
vn -0.911325872 -0.306394100 0.274969131
v -0.266647309 0.281997681 0.076896712
vt 0.385253906 0.622070312
vn -0.960987508 0.094523333 0.259939373
v -0.264938354 0.294326782 0.022684142
vt 0.401123047 0.602050781
vn -0.981033564 0.180510134 0.070634529
v -0.252273530 0.275650024 0.120712318
vt 0.368652344 0.635253906
vn -0.913612425 0.063007735 0.401674569
v -0.242843598 0.230285645 0.123954818
vt 0.379150391 0.655761719
vn -0.868839383 -0.276448876 0.410724193
v -0.226837128 0.223205566 0.151596114
vt 0.369628906 0.666748047
vn -0.931591809 -0.300004214 0.205266133
v -0.268753052 0.278671265 -0.022272065
vt 0.425292969 0.601318359
vn -0.987132728 -0.086867735 -0.134249911
v -0.263504028 0.279739380 -0.050369222
vt 0.436523438 0.595214844
vn -0.966051459 -0.086394899 -0.243476257
v -0.265823364 0.302017212 -0.046859700
vt 0.429443359 0.586181641
vn -0.951900661 0.267476141 -0.149471879
v -0.262527466 0.301605225 -0.023107488
vt 0.419189453 0.588623047
vn -0.973605216 0.204142973 -0.102071390
v -0.253341675 0.250686646 -0.076927148
vt 0.453857422 0.600341797
vn -0.930288255 -0.173443630 -0.323235601
v -0.251998901 0.309783936 -0.094055139
vt 0.447021484 0.573242188
vn -0.923323154 0.063133150 -0.378799111
v -0.242416382 0.254241943 -0.104675256
vt 0.465087891 0.592529297
vn -0.853761673 -0.260871649 -0.450596273
v -0.252792358 0.309127808 -0.069229089
vt 0.436035156 0.576416016
vn -0.929854810 0.267924219 -0.252163887
v -0.256881714 0.341278076 -0.052928884
vt 0.420898438 0.565673828
vn -0.971823573 0.055306975 -0.229128972
v -0.238174453 0.314636230 -0.117164575
vt 0.455078125 0.563720703
vn -0.827130795 0.055141982 -0.559297740
v -0.231750488 0.317825317 -0.113204919
vt 0.452392578 0.560302734
vn -0.812789440 0.276190519 -0.512925208
v -0.215896621 0.260635376 -0.144958451
vt 0.481933594 0.578369141
vn -0.745631516 -0.172672614 -0.643597543
vt 0.496337891 0.571533203
vt 0.491455078 0.569091797
v -0.227935806 0.318023682 -0.130218476
vt 0.460205078 0.558349609
vn -0.749870360 0.197334200 -0.631469548
vt 0.473632812 0.545166016
vt 0.469482422 0.543701172
vt 0.453613281 0.543701172
v -0.229248062 0.363739014 -0.109588586
vt 0.439697266 0.541992188
vn -0.828159332 0.134082869 -0.544218779
vt 0.445068359 0.521484375
v -0.244262695 0.332351685 -0.090072595
vt 0.437988281 0.560546875
vn -0.903804362 0.055014119 -0.424394965
vt 0.419189453 0.513183594
vt 0.405761719 0.495117188
vt 0.421386719 0.498779297
v -0.231689468 0.477436066 -0.065666169
vt 0.393798828 0.506103516
vn -0.888662636 0.173013896 -0.424670517
v -0.249099731 0.358825684 -0.073501550
vt 0.425048828 0.553466797
vn -0.914719701 0.118282668 -0.386390090
v -0.239425659 0.419578552 -0.074882478
vt 0.411865234 0.527343750
vn -0.902801275 0.157008857 -0.400372595
v -0.249893188 0.405921936 -0.051288567
vt 0.404785156 0.539550781
vn -0.948091030 0.142213568 -0.284427136
v -0.241928101 0.473825455 -0.038631406
vt 0.385253906 0.516601562
vn -0.955306232 0.165796876 -0.244747743
v -0.238372803 0.485979199 -0.045646638
vt 0.385253906 0.510253906
vn -0.756445110 -0.527935684 -0.386102051
v -0.255020142 0.411964417 -0.028009377
vt 0.394287109 0.543701172
vn -0.977074921 0.133953765 -0.165472224
v -0.263442993 0.338668823 -0.014965016
vt 0.405517578 0.576660156
vn -0.992772579 0.047274835 -0.110307939
v -0.247726440 0.469705582 0.000598822
vt 0.369384766 0.529541016
vn -0.982396007 0.180760831 -0.047154885
v -0.245391846 0.481943607 -0.012227979
vt 0.371093750 0.521240234
vn -0.903441727 -0.416368842 -0.102128059
v -0.259078979 0.407951355 0.000002958
vt 0.383300781 0.552978516
vn -0.991880059 0.118080914 -0.047232255
v -0.256576538 0.424705505 0.049243964
vt 0.358398438 0.558105469
v -0.245773315 0.473502159 0.045455966
vt 0.348144531 0.538330078
vn -0.973605216 0.204142973 0.102071628
v -0.265335083 0.327499390 0.011385006
vt 0.397216797 0.586669922
vn -0.999195039 0.039338343 -0.007867548
v -0.242629990 0.456588745 0.091148406
vt 0.333496094 0.556884766
vn -0.944179773 0.251781225 0.212440550
v -0.262557983 0.379554749 0.045974769
vt 0.370605469 0.574707031
vn -0.996638060 0.078475393 0.023542758
v -0.263229340 0.328338623 0.059803050
vt 0.377685547 0.597900391
vn -0.993760109 -0.015774008 0.110417917
v -0.256637543 0.283966064 0.082130477
vt 0.379882812 0.620849609
vn -0.964624345 0.133322030 0.227431878
v -0.260848999 0.370162964 0.072906539
vt 0.361816406 0.584960938
vn -0.981547654 0.062819012 0.180604890
v -0.252975434 0.412109375 0.088050872
vt 0.345458984 0.572998047
vn -0.967994034 0.165267229 0.188877031
v -0.242629990 0.442932129 0.103973418
vt 0.331298828 0.565673828
vn -0.937676668 0.189111248 0.291546673
v -0.235046372 0.452846527 0.119346648
vt 0.322021484 0.565429688
vn -0.883562088 0.252446324 0.394447505
v -0.250686616 0.389434814 0.108276404
vt 0.342529297 0.586914062
vn -0.952637851 0.110222541 0.283429563
v -0.250717133 0.360809326 0.113830604
vt 0.347412109 0.599121094
vn -0.935096622 0.023573840 0.353608131
v -0.241485581 0.410743713 0.125412017
vt 0.329833984 0.583251953
vn -0.906833947 0.126168177 0.402161300
v -0.227798432 0.409950256 0.152298003
vt 0.317138672 0.591064453
vn -0.790915430 0.150273949 0.593186796
v -0.210525498 0.487658828 0.148193389
vt 0.300292969 0.563232422
vn -0.817201972 0.251446784 0.518609107
vt 0.302978516 0.584472656
vt 0.291259766 0.575927734
vt 0.288818359 0.610595703
vt 0.320312500 0.621826172
v -0.232681245 0.363838196 0.153015167
vt 0.328857422 0.607910156
vn -0.858214438 0.039367624 0.511779428
v -0.211975068 0.306610107 0.180343673
vt 0.330810547 0.637451172
vn -0.767188013 -0.031636629 0.640641689
vt 0.314697266 0.644042969
v -0.234497041 0.314315796 0.149490401
vt 0.343505859 0.625976562
vn -0.880145192 -0.055009093 0.471506506
vt 0.334716797 0.658447266
v -0.212524384 0.270095825 0.174621627
vt 0.343261719 0.650634766
vn -0.795152247 0.015745582 0.606205404
v -0.219619721 0.266738892 0.176208541
vt 0.346435547 0.653076172
vn -0.685719848 0.220691487 0.693601906
v -0.230728120 0.273925781 0.148147628
vt 0.354736328 0.642822266
vn -0.838291824 0.221435577 0.498230189
v -0.197982758 0.264404297 0.197860762
vt 0.335937500 0.661621094
vn -0.710248351 0.047349896 0.702356935
vt 0.332031250 0.667480469
v -0.206878632 0.233398438 0.184494063
vt 0.350097656 0.672363281
vn -0.702772617 -0.110548519 0.702772856
v -0.191635087 0.219299316 0.198516890
vt 0.348876953 0.681884766
vn -0.620261550 -0.518193245 0.588856101
vt 0.341796875 0.685791016
vt 0.351318359 0.687500000
v -0.198120087 0.216735840 0.173751876
vt 0.361328125 0.680908203
vn -0.596817672 -0.612523496 0.518289149
vt 0.358642578 0.700683594
v -0.203506440 0.187835693 0.150756881
vt 0.375244141 0.685302734
vn -0.735758543 -0.411391884 0.537974119
v -0.225448579 0.220489502 0.162765548
vt 0.364501953 0.668945312
vn -0.638428867 -0.630547106 0.441383064
v -0.223190278 0.222381592 0.141738936
vt 0.375000000 0.668701172
vn -0.793653309 -0.495051116 0.353608102
v -0.232681245 0.248733506 0.164764449
vt 0.357177734 0.657958984
vn -0.856226265 -0.078552887 0.510593772
v -0.229705781 0.269470215 0.158950850
vt 0.354003906 0.647705078
vn -0.905063033 -0.015740247 0.424986273
v -0.235443085 0.276763916 0.132980391
vt 0.359375000 0.636474609
vn -0.919437468 0.015716856 0.392922163
v -0.245056123 0.279006958 0.115516700
vt 0.366943359 0.631347656
vn -0.921345532 0.047248472 0.385862797
v -0.247116059 0.322982788 0.120262183
vt 0.354248047 0.615234375
vn -0.922834635 -0.070987299 0.378598988
v -0.255813569 0.322357178 0.096740767
vt 0.364257812 0.609375000
vn -0.964555025 -0.039530974 0.260904342
vt 0.358154297 0.200927734
v -0.099754304 0.002105713 0.064979590
vt 0.341308594 0.200195312
vn 0.078436852 -0.996147394 0.039218433
vt 0.354248047 0.190673828
v -0.089752167 0.004089355 0.061973609
vt 0.341552734 0.204101562
vn 0.681562126 -0.681562006 0.266357511
vt 0.354248047 0.206054688
v -0.124221772 0.003021240 0.087829627
vt 0.332031250 0.196044922
vn -0.228275642 -0.968203902 0.102330558
v -0.136138886 0.003173828 0.043457072
vt 0.336425781 0.187255859
vn -0.047138941 -0.989919007 0.133560538
v -0.138824433 0.014892578 0.071662940
vt 0.321289062 0.194824219
vn -0.047041703 -0.736988604 0.674266219
vt 0.332031250 0.212158203
v -0.110137902 0.003997803 0.096588172
vt 0.330078125 0.202148438
vn 0.432641983 -0.786621630 0.440508097
v -0.125045747 0.012725830 0.104141273
vt 0.325439453 0.199707031
vn -0.700743854 -0.133849964 0.700744092
v -0.106277429 0.016357422 0.101921119
vt 0.324951172 0.204101562
vn 0.668587089 0.133717448 0.731512785
v -0.102012604 0.035400391 0.080741920
vt 0.317382812 0.208984375
vn 0.442166567 0.805374742 0.394791454
vt 0.313720703 0.215332031
v -0.116538972 0.027160645 0.100494422
vt 0.319824219 0.202880859
vn 0.007894412 0.734174967 0.678914428
vt 0.291748047 0.218750000
v -0.117004365 0.039947510 0.075019874
vt 0.310791016 0.206542969
vn -0.023647724 0.953791440 0.299537748
v -0.127731293 0.030883789 0.087478675
vt 0.315673828 0.199951172
vn -0.535167634 0.700440168 0.472206861
v -0.137802094 0.028289795 0.072280921
vt 0.314208984 0.196777344
vn 0.126046896 0.386018306 0.913839221
v -0.173477143 0.013702393 0.103820845
vt 0.324462891 0.186279297
vn 0.580450356 -0.188254058 0.792235970
v -0.164199799 0.038970947 0.085319564
vt 0.309326172 0.191894531
vn 0.313950181 0.690690279 0.651446342
v -0.183792084 0.024230957 0.107017562
vt 0.322753906 0.182861328
vn -0.007889110 0.560132802 0.828365386
v -0.135650605 0.037322998 0.062706031
vt 0.305664062 0.201660156
vn 0.244117245 0.803224385 0.543357551
v -0.162368745 0.048400879 0.066703841
vt 0.301025391 0.195068359
vn 0.118330546 0.946644366 0.299770653
v -0.133850068 0.043151855 0.051448859
vt 0.300292969 0.205078125
vn -0.007883298 0.922347069 0.386282086
v -0.131698579 0.048492432 0.035766639
vt 0.292968750 0.208740234
vn 0.094532155 0.968954682 0.228452668
v -0.155578598 0.055999756 0.013953248
vt 0.275878906 0.203857422
vn -0.385778964 0.818796217 0.425144225
v -0.127685532 0.052368164 0.022531545
vt 0.286865234 0.213134766
vn -0.125832081 -0.424683720 0.896554530
vt 0.287109375 0.224853516
v -0.133727998 0.072692871 0.041126288
vt 0.275390625 0.221923828
vn -0.236220375 -0.771653533 0.590551317
vt 0.276123047 0.237548828
v -0.158294663 0.076599121 0.031162303
vt 0.266113281 0.212646484
vn -0.528214335 -0.725309432 0.441492796
v -0.154922456 0.089996338 0.059257545
vt 0.261718750 0.228027344
vn -0.362384439 -0.858693779 0.362384617
v -0.174224839 0.072082520 -0.010264355
vt 0.260742188 0.191650391
vn -0.791724741 -0.603592217 0.094066449
vt 0.269042969 0.191162109
vt 0.263427734 0.178466797
vt 0.257568359 0.177490234
v -0.196182236 0.102996826 -0.035549119
vt 0.240234375 0.176025391
vn -0.803448558 -0.567140222 -0.181169659
vt 0.229492188 0.154052734
v -0.181945786 0.087585449 0.024862330
vt 0.253173828 0.206542969
vn -0.669249833 -0.669249892 0.322814792
v -0.191116318 0.091247559 -0.000038403
vt 0.248535156 0.194335938
vn -0.801263988 -0.597020388 0.039277781
v -0.174697846 0.101196289 0.053215068
vt 0.250732422 0.221923828
vn -0.622510552 -0.709189296 0.330955118
v -0.213531479 0.128753662 0.026176495
vt 0.227539062 0.202148438
vn -0.814464629 -0.553519726 0.173963472
v -0.215866059 0.153778076 0.072456405
vt 0.217529297 0.223388672
vn -0.770960748 -0.574287176 0.275343239
v -0.214126572 0.126678467 -0.011782602
vt 0.226806641 0.184570312
vn -0.867083073 -0.496602148 -0.039412733
vt 0.212890625 0.203369141
vt 0.197265625 0.224365234
vt 0.212890625 0.234619141
vt 0.209960938 0.185546875
vt 0.200927734 0.196289062
v -0.219619736 0.147583008 -0.048423722
vt 0.216308594 0.165039062
vn -0.867217839 -0.457260340 -0.197094828
vt 0.199462891 0.169433594
vt 0.203613281 0.150634766
vt 0.204345703 0.134277344
v -0.198669404 0.132965088 0.080131575
vt 0.229980469 0.230468750
vn -0.732897103 -0.646210432 0.212776721
v -0.188903779 0.136383057 0.114280738
vt 0.227539062 0.248046875
vn -0.684001088 -0.628966630 0.369517982
v -0.177825898 0.119079590 0.097389258
vt 0.239501953 0.242187500
vn -0.557587743 -0.761774898 0.329840750
vt 0.213378906 0.245849609
v -0.187484711 0.159240723 0.145340011
vt 0.216796875 0.262451172
vn -0.646069944 -0.535765409 0.543644369
vt 0.202148438 0.264404297
vt 0.205810547 0.286865234
vt 0.220947266 0.278320312
v -0.166961640 0.134674072 0.138793975
vt 0.231201172 0.263916016
vn -0.512033165 -0.701091766 0.496278524
vt 0.239990234 0.279052734
vt 0.230957031 0.294189453
v -0.148147553 0.111114502 0.119323768
vt 0.246826172 0.258544922
vn -0.401612043 -0.826848567 0.393737465
v -0.128341645 0.109130859 0.130874664
vt 0.251220703 0.266845703
vn -0.259939164 -0.850710332 0.456862986
vt 0.250244141 0.294189453
vt 0.264404297 0.277832031
v -0.112480134 0.095642090 0.109519988
vt 0.263183594 0.260742188
vn -0.212249905 -0.919749916 0.330166698
vt 0.274658203 0.263671875
vt 0.272705078 0.280029297
vt 0.283935547 0.294189453
v -0.164886460 0.000244141 -0.003330426
vt 0.100341797 0.349609375
vn -0.031471644 -0.999225974 -0.023603717
vt 0.087890625 0.332275391
vt 0.123046875 0.338867188
vt 0.064208984 0.340576172
v -0.137771577 0.001586914 0.027273217
vt 0.115478516 0.371826172
vn 0.031464916 -0.999009490 0.031464908
vt 0.132812500 0.369628906
vt 0.121093750 0.379150391
v -0.156082124 0.002380371 0.073379561
vt 0.113525391 0.392333984
vn 0.251345992 -0.934692681 0.251345932
vt 0.122558594 0.393310547
vt 0.102294922 0.412353516
v -0.172698945 0.000122070 0.052326247
vt 0.102539062 0.380371094
vn 0.007869917 -0.999473393 0.031479523
v -0.189834565 0.004425049 0.102241561
vt 0.098876953 0.405517578
vn -0.102244891 -0.833689988 0.542685032
vt 0.093750000 0.415283203
v -0.188110322 0.002319336 0.081588790
vt 0.098876953 0.396484375
vn -0.220090672 -0.974687457 0.039301984
v -0.198547333 0.020782471 0.102005050
vt 0.091796875 0.407958984
vn -0.823865235 0.211851060 0.525704622
v -0.198989838 0.011901855 0.088165335
vt 0.092041016 0.401367188
vn -0.948564768 -0.316188276 -0.015809273
v -0.193023652 0.035827637 0.084388778
vt 0.080566406 0.406005859
vn -0.575195611 0.764301002 0.291537553
vt 0.077392578 0.416992188
vt 0.065673828 0.412597656
v -0.179214448 0.048248291 0.060676616
vt 0.066894531 0.403808594
vn -0.228651494 0.961913109 0.149806127
vt 0.044433594 0.399658203
v -0.188369721 0.046569824 0.038600966
vt 0.061279297 0.393798828
vn -0.244238406 0.929681659 0.275753021
v -0.199249238 0.023315430 0.065223746
vt 0.083984375 0.393554688
vn -0.377391517 0.369529277 0.849131227
v -0.186569184 0.003021240 0.049449969
vt 0.096923828 0.382568359
vn -0.305649698 -0.893437803 0.329161346
v -0.208023056 0.046295166 0.017536210
vt 0.052490234 0.379638672
vn -0.313525528 0.948414564 -0.047028821
vt 0.034179688 0.388183594
vt 0.031005859 0.368408203
v -0.192565888 0.000793457 0.044105578
vt 0.094482422 0.369140625
vn -0.023603715 -0.999225974 0.031471733
v -0.221038789 0.006256104 0.074371390
vt 0.083496094 0.378906250
vn 0.339594960 -0.616009176 0.710779846
v -0.233291596 0.003448486 0.019472172
vt 0.078125000 0.356201172
vn -0.308264285 -0.940601349 -0.142275736
v -0.243179291 0.002807617 0.073303275
vt 0.080322266 0.372802734
vn -0.165952116 -0.979908168 0.110634863
v -0.229461640 0.016601562 0.078956656
vt 0.078857422 0.379638672
vn 0.094794437 0.126392454 0.987440705
v -0.230255097 0.027191162 0.072769217
vt 0.074707031 0.380859375
vn -0.062914111 0.754969954 0.652734399
v -0.245147675 0.007324219 0.072319083
vt 0.078613281 0.373291016
vn -0.859227180 0.283781439 0.425672323
v -0.245376557 0.011505127 0.045848902
vt 0.074218750 0.365722656
vn -0.979418874 -0.102681056 -0.173767731
v -0.241516083 0.026885986 0.059627585
vt 0.071533203 0.374023438
vn -0.812789261 0.576054513 0.086802825
v -0.225631684 0.039550781 0.049591113
vt 0.064208984 0.378417969
vn -0.426467985 0.900321186 0.086873114
v -0.237960786 0.022705078 0.027530722
vt 0.065673828 0.363037109
vn -0.855303288 0.423728198 -0.298179030
v -0.219497666 0.036712646 0.007677127
vt 0.053955078 0.366943359
vn -0.653340876 0.669083953 -0.354220867
vt 0.048828125 0.350341797
v -0.221328720 0.020141602 -0.006493042
vt 0.060791016 0.351806641
vn -0.844301522 0.126250625 -0.520783901
vt 0.924072266 0.669189453
vt 0.934082031 0.670410156
v -0.003114011 0.518016815 -0.189636230
vt 0.921630859 0.681152344
vn -0.015734032 0.180939734 -0.983368337
vt 0.923339844 0.692138672
vt 0.914550781 0.684814453
v -0.035339382 0.544857025 -0.180999756
vt 0.911865234 0.696533203
vn -0.599914908 -0.410468131 -0.686744571
vt 0.914550781 0.680175781
vt 0.924560547 0.667480469
v -0.030908613 0.539470673 -0.193450928
vt 0.908691406 0.690185547
vn -0.244079456 -0.480285227 -0.842467427
vt 0.907958984 0.673828125
vt 0.894287109 0.682861328
v -0.063179046 0.557624817 -0.184463486
vt 0.901367188 0.708984375
vn -0.519814014 -0.700961292 -0.488310009
v -0.042881042 0.552558899 -0.194427490
vt 0.901367188 0.696289062
vn -0.205541730 -0.110676304 -0.972369969
v -0.064086944 0.558807373 -0.179672226
vt 0.902587891 0.712402344
vn -0.197580516 -0.798225701 0.569032192
vt 0.879638672 0.692871094
vt 0.895751953 0.667724609
v -0.075035125 0.577156067 -0.188796982
vt 0.888671875 0.710937500
vn -0.323668659 -0.165781498 -0.931533754
v -0.102035552 0.576995850 -0.173126206
vt 0.888183594 0.728271484
vn -0.512033343 -0.575052798 -0.638072193
v -0.076362640 0.598388672 -0.188995346
vt 0.876220703 0.711425781
vn -0.236359894 0.070907868 -0.969074965
v -0.031837489 0.559265137 -0.177047729
vt 0.917724609 0.701660156
vn -0.370021552 0.551095665 -0.747915566
v -0.109779388 0.601165771 -0.177185044
vt 0.874267578 0.729492188
vn -0.433662921 0.063078165 -0.898864686
v -0.052383453 0.604179382 -0.191589355
vt 0.872558594 0.699218750
vn -0.079037316 0.252918959 -0.964253664
vt 0.864501953 0.668701172
vt 0.853271484 0.687011719
v -0.069862396 0.617462158 -0.186981186
vt 0.864990234 0.708251953
vn -0.188556135 0.345685959 -0.919210494
vt 0.923828125 0.691650391
vt 0.930175781 0.696533203
vt 0.931640625 0.705322266
v -0.051006343 0.564323425 -0.175445557
vt 0.910156250 0.711181641
vn 0.117989741 -0.283174992 0.951782823
v -0.047695186 0.596023560 -0.167373657
vt 0.925048828 0.725830078
vn 0.204597726 -0.409195155 0.889212668
vt 0.948242188 0.711669922
v -0.077041648 0.572814941 -0.168273911
vt 0.903320312 0.724609375
vn 0.196449026 -0.447903425 0.872233033
v -0.131622344 0.584602356 -0.149246201
vt 0.887695312 0.749755859
vn -0.314027429 -0.942082524 0.117760405
v -0.111839317 0.586105347 -0.150787339
vt 0.897949219 0.746337891
vn 0.307764888 -0.481375635 0.820705950
v -0.037982967 0.615692139 -0.155868530
vt 0.938232422 0.728271484
vn 0.424565583 -0.833406508 -0.353804678
vt 0.951416016 0.718261719
vt 0.948730469 0.725830078
vt 0.953125000 0.734375000
v -0.062271141 0.610801697 -0.152923569
vt 0.927734375 0.739990234
vn -0.251353830 0.219934434 -0.942576349
v -0.092773460 0.611061096 -0.145690903
vt 0.914550781 0.751220703
vn 0.300210208 -0.497716695 0.813727260
v -0.127273574 0.616210938 -0.125213623
vt 0.902099609 0.768310547
vn 0.440276772 -0.542483628 0.715449512
v -0.051139858 0.574371338 -0.168457031
vt 0.948974609 0.745849609
vn -0.235782474 0.314376414 -0.919551015
vt 0.958984375 0.739501953
v -0.098144554 0.620880127 -0.134872422
vt 0.915527344 0.759765625
vn -0.449237049 0.181270972 -0.874829769
v -0.092384361 0.582145691 -0.153518662
vt 0.936523438 0.760009766
vn -0.369301200 0.298583806 -0.880036592
v -0.068283103 0.523136139 -0.181426987
vt 0.971435547 0.757324219
vn -0.243702099 0.283008695 -0.927639663
vt 0.967041016 0.742187500
vt 0.975830078 0.746093750
vt 0.990722656 0.758544922
vt 0.983154297 0.765869141
vt 0.968505859 0.769042969
v -0.088562034 0.554473877 -0.162231430
vt 0.952392578 0.762451172
vn -0.346242219 0.299027205 -0.889212608
v -0.124969497 0.550674438 -0.146545395
vt 0.948486328 0.778564453
vn -0.466246724 0.284489393 -0.837663412
vt 0.978515625 0.787841797
v -0.118209861 0.598686218 -0.133331284
vt 0.925048828 0.772460938
vn -0.550686359 0.338278651 -0.763093770
v -0.162399307 0.535636902 -0.128707871
vt 0.951416016 0.802246094
vn -0.565127671 0.298261732 -0.769201338
vt 0.969726562 0.806640625
vt 0.971191406 0.820312500
v -0.126983657 0.626373291 -0.114868157
vt 0.905273438 0.775634766
vn -0.661028147 0.125910044 -0.739721835
v -0.177246109 0.554260254 -0.105979897
vt 0.939697266 0.811035156
vn -0.685975790 0.362699747 -0.630782127
v -0.146606460 0.614669800 -0.101203904
vt 0.909179688 0.789550781
vn -0.677060544 0.338530153 -0.653442025
v -0.151901260 0.638153076 -0.087142929
vt 0.896240234 0.795410156
vn -0.062676132 -0.924474239 0.376057357
vt 0.971435547 0.840820312
v -0.218414322 0.521820068 -0.073051423
vt 0.948730469 0.841796875
vn -0.685209513 0.267782927 -0.677333295
v -0.205429092 0.560600281 -0.067909211
vt 0.928955078 0.835693359
vn -0.583636999 0.394349128 -0.709828556
v -0.167770401 0.619079590 -0.070571885
vt 0.903320312 0.810546875
vn -0.769960761 0.392837048 -0.502831399
v -0.195281997 0.591644287 -0.054996468
vt 0.911865234 0.831054688
vn -0.646853566 0.481195837 -0.591634214
v -0.213333145 0.587799072 -0.052967045
vt 0.914062500 0.840576172
vn 0.055384740 0.553848684 -0.830773175
v -0.194610611 0.612434387 -0.032215096
vt 0.896240234 0.835205078
vn -0.543711841 0.693429530 -0.472792804
v -0.177139297 0.642349243 -0.027051911
vt 0.880859375 0.826904297
vn -0.858480692 0.346542597 -0.378046423
v -0.188049331 0.628234863 -0.011324864
vt 0.882324219 0.838134766
vn -0.722775757 0.683494270 -0.102131277
v -0.184387207 0.635971069 -0.000245971
vt 0.875976562 0.838623047
vn 0.339319885 -0.939047933 0.055238113
v -0.167251602 0.647445679 -0.054763779
vt 0.885009766 0.812500000
vn 0.228502423 -0.953406394 0.196984798
v -0.185775772 0.632934570 -0.033020001
vt 0.872558594 0.822509766
vn 0.623576283 -0.765656888 0.157867357
v -0.196762085 0.629241943 -0.000520299
vt 0.868652344 0.837646484
vn 0.449684113 -0.891478896 0.055224333
v -0.200897232 0.625640869 -0.027732829
vt 0.862304688 0.825195312
vn 0.133552298 -0.982001781 0.133552268
v -0.172424331 0.620635986 -0.084632859
vt 0.880126953 0.792968750
vn 0.632060707 -0.600457549 0.489846885
v -0.182998672 0.623718262 -0.064559922
vt 0.872802734 0.804687500
vn 0.510845959 -0.793775976 0.330085009
v -0.167922989 0.610549927 -0.098884568
vt 0.879882812 0.783935547
vn 0.402173758 -0.678175211 0.615089118
v -0.190917984 0.616485596 -0.085502610
vt 0.866943359 0.794677734
vn -0.368392348 -0.924900115 0.094057724
v -0.207931533 0.628036499 -0.042900067
vt 0.854980469 0.818847656
vn -0.756962240 -0.646571934 -0.094620153
v -0.140762344 0.596260071 -0.130310044
vt 0.888183594 0.762939453
vn 0.354045630 -0.637281835 0.684487879
v -0.163131729 0.598526001 -0.118804917
vt 0.877685547 0.772216797
vn -0.197574392 -0.940454483 0.276604295
v -0.165420547 0.602035522 -0.132385239
vt 0.872070312 0.766845703
v -0.197311416 0.626144409 -0.087646469
vt 0.858886719 0.794921875
vn -0.884636462 -0.363332868 -0.292245835
v -0.211730972 0.638732910 -0.046852093
vt 0.848632812 0.816894531
vn -0.974898338 -0.149379626 -0.165103599
v -0.128265411 0.593772888 -0.165039048
vt 0.878906250 0.741943359
vn -0.607335687 -0.323386580 -0.725647748
v -0.158615142 0.622055054 -0.143768296
vt 0.860839844 0.759277344
vn -0.607014835 0.149782792 -0.780447364
v -0.186813369 0.626144409 -0.112190232
vt 0.856933594 0.781982422
vn -0.843881309 0.015773419 -0.536298215
v -0.208068863 0.646270752 -0.061172467
vt 0.845214844 0.808593750
vn -0.930317163 0.157680809 -0.331129700
v -0.215316787 0.652633667 -0.016134242
vt 0.836669922 0.828125000
vn -0.913839281 0.386018246 -0.126046687
v -0.205032364 0.656494141 -0.054012280
vt 0.837646484 0.810058594
vn -0.717849672 0.654741883 -0.236653656
v -0.208038345 0.659744263 -0.026239375
vt 0.832031250 0.822753906
vn -0.607789576 0.789336979 -0.086827025
v -0.195739761 0.651641846 -0.085014328
vt 0.841308594 0.794433594
vn -0.707850099 0.558414936 -0.432574928
v -0.184783950 0.669158936 -0.063644394
vt 0.825195312 0.801269531
vn -0.695853412 0.672131002 -0.253037512
v -0.201492310 0.666061401 0.001897831
vt 0.820068359 0.833496094
vn -0.693774283 0.717425525 -0.063070320
v -0.193664566 0.674072266 -0.014544470
vt 0.813476562 0.823730469
vn -0.966528535 -0.196448922 -0.165016904
v -0.176681533 0.643188477 -0.119087204
vt 0.846679688 0.773925781
vn -0.612731457 0.479187310 -0.628442347
v -0.166656509 0.663543701 -0.101173386
vt 0.830810547 0.777343750
vn -0.639203787 0.599746704 -0.481375605
v -0.182403579 0.676971436 -0.071990952
vt 0.821289062 0.795654297
vn -0.891950905 -0.323628217 -0.315734714
v -0.207046524 0.695053101 0.000324744
vt 0.796875000 0.829101562
vn -0.941531360 -0.298151612 -0.156921759
v -0.155975372 0.655944824 -0.122039780
vt 0.837402344 0.764404297
vn -0.520784140 0.599690735 -0.607581317
v -0.126297027 0.648071289 -0.153655991
vt 0.844970703 0.741699219
vn -0.472778320 0.512176275 -0.717046857
v -0.157012954 0.670837402 -0.108856186
vt 0.827392578 0.769531250
vn -0.745815337 -0.094208308 -0.659457624
v -0.122711204 0.668884277 -0.136917114
vt 0.829833984 0.743896484
vn -0.529053748 0.078963168 -0.844906509
v -0.111618072 0.636962891 -0.168029770
vt 0.852783203 0.731689453
vn -0.330544889 0.393505663 -0.857842386
v -0.106178313 0.661468506 -0.149291992
vt 0.834716797 0.732421875
vn -0.228736937 0.536348283 -0.812409937
v -0.058181792 0.643814087 -0.173736557
vt 0.846679688 0.704589844
vn -0.134053871 0.567756951 -0.812207937
v -0.062904388 0.658920288 -0.160751343
vt 0.835449219 0.707763672
vn -0.102413148 0.488431275 -0.866571665
vt 0.844238281 0.670166016
vt 0.830810547 0.667724609
v -0.083442718 0.674163818 -0.154708862
vt 0.827148438 0.719726562
vn -0.275070995 -0.141465083 -0.950959325
v -0.042625457 0.669952393 -0.161438003
vt 0.826416016 0.698486328
vn -0.149435118 -0.204490036 -0.967395008
vt 0.822998047 0.672851562
vt 0.812744141 0.670898438
v -0.049568206 0.693267822 -0.169967666
vt 0.812744141 0.703369141
vn -0.188323766 -0.251098216 -0.949465096
vt 0.801025391 0.683837891
v -0.098114043 0.693206787 -0.155914307
vt 0.815673828 0.727294922
vn -0.338121921 -0.157266006 -0.927869022
v -0.047164951 0.708663940 -0.171859756
vt 0.802490234 0.702880859
vn -0.228141621 0.267476171 -0.936166704
vt 0.789550781 0.687988281
v -0.097549468 0.710159302 -0.155364990
vt 0.804199219 0.728027344
v -0.071174651 0.721420288 -0.156494141
vt 0.794921875 0.716064453
v -0.128234893 0.688705444 -0.140655518
vt 0.817871094 0.744873047
vn -0.496417224 -0.126074240 -0.858880341
v -0.156036407 0.690368652 -0.120811448
vt 0.815673828 0.763427734
vn -0.661663592 -0.118154258 -0.740432918
v -0.137634307 0.703369141 -0.135467529
vt 0.809326172 0.750244141
vn -0.584930122 0.181802496 -0.790445864
v -0.126403838 0.717315674 -0.137603760
vt 0.799316406 0.745849609
vn -0.472792953 0.543711662 -0.693429470
v -0.174514785 0.695602417 -0.101661667
vt 0.811523438 0.777099609
vn -0.802031696 -0.165124223 -0.574002922
v -0.166229278 0.718185425 -0.101974472
vt 0.797363281 0.772705078
vn -0.654905081 0.489206076 -0.576000750
v -0.112426788 0.723144531 -0.137207031
vt 0.791992188 0.741455078
vn -0.141465098 0.950959384 -0.275070876
v -0.189636245 0.697525024 -0.076988205
vt 0.808105469 0.791259766
vn -0.904475033 0.039324939 -0.424709886
v -0.188537613 0.720077515 -0.063781723
vt 0.793212891 0.794921875
vn -0.732601583 0.622317374 -0.275710195
v -0.201065078 0.703079224 -0.040946946
vt 0.800292969 0.808349609
vn -0.967874110 -0.086557902 -0.236066714
v -0.203857437 0.712677002 -0.012792571
vt 0.789794922 0.820800781
vn -0.899676085 0.426162332 -0.094702639
v -0.195144668 0.721435547 -0.003994450
vt 0.780761719 0.821044922
vn -0.023579726 0.998206854 0.055019233
v -0.200469971 0.717025757 0.026079195
vt 0.773193359 0.832519531
vn -0.659457684 0.745815217 0.094208293
v -0.158401519 0.723831177 -0.096931443
vt 0.791259766 0.771728516
vn -0.110018224 0.990163505 -0.086442880
v -0.189910904 0.717285156 0.011528984
vt 0.773437500 0.827148438
vn 0.655456126 0.750220835 0.086867563
v -0.178802505 0.722793579 -0.062705979
vt 0.787841797 0.792968750
vn 0.204724371 0.968503952 0.141732201
v -0.130554229 0.720108032 -0.114677422
vt 0.786132812 0.754882812
vn 0.536765993 0.623595715 0.568340302
v -0.182907119 0.711715698 -0.004072652
vt 0.770263672 0.819335938
vn -0.984099448 0.173201457 -0.039363854
v -0.182708740 0.704528809 0.018545166
vt 0.766113281 0.828613281
vn -0.975682557 0.204578549 0.078684196
v -0.184494019 0.728530884 0.048728958
vt 0.750732422 0.837402344
vn -0.998453617 -0.039309241 0.039309327
v -0.183853164 0.756347656 0.013278973
vt 0.750244141 0.822998047
vn -0.997744679 0.062850013 -0.023568643
v -0.182098404 0.749420166 -0.009690272
vt 0.757812500 0.812988281
vn -0.986671269 0.039466798 -0.157867268
v -0.176681533 0.717269897 -0.044857014
vt 0.779541016 0.800292969
vn -0.830643237 0.514207602 -0.213593885
v -0.174072281 0.747772217 -0.045707691
vt 0.758544922 0.795898438
vn -0.933943987 0.054937825 -0.353171974
v -0.177810684 0.769927979 -0.024183262
vt 0.747070312 0.806884766
vn -0.974416494 -0.133589417 -0.180738419
v -0.170150772 0.718368530 -0.066101059
vt 0.783447266 0.787841797
vn 0.730271518 0.471142948 0.494699895
v -0.165725723 0.764282227 -0.063293442
vt 0.747558594 0.784912109
vn -0.889708698 -0.244079426 -0.385802716
v -0.163497940 0.707199097 -0.064407334
vt 0.776611328 0.786132812
vn -0.820936263 0.055255260 -0.568340302
v -0.146514907 0.705078125 -0.090469345
vt 0.776367188 0.768066406
vn 0.741838217 0.299892098 0.599783957
v -0.147552505 0.701019287 -0.084053025
vt 0.772705078 0.769287109
vn -0.731920660 0.078701079 -0.676829636
v -0.148773223 0.746368408 -0.086921684
vt 0.755126953 0.768310547
vn -0.817884147 -0.212335363 -0.534770250
v -0.164459258 0.760437012 -0.085273735
vt 0.746582031 0.770751953
vn -0.819889545 -0.449362606 -0.354759753
v -0.180969253 0.770568848 -0.046104420
vt 0.737060547 0.789550781
vn -0.862221539 -0.470302671 -0.188120916
v -0.175170913 0.779418945 -0.067985527
vt 0.733886719 0.777832031
vn -0.855672181 0.086352177 -0.510263085
v -0.160827667 0.769378662 -0.085685723
vt 0.742919922 0.768554688
vn -0.812207997 -0.094626233 -0.575642467
v -0.128417999 0.703430176 -0.110473625
vt 0.778320312 0.754394531
vn 0.345472902 0.651687384 0.675242245
v -0.102668792 0.719726562 -0.125900269
vt 0.782714844 0.737792969
vn -0.213147655 0.955216944 -0.205253229
v -0.123558067 0.709503174 -0.108863823
vt 0.775878906 0.750976562
vn -0.678745389 -0.023677222 -0.733991981
v -0.129394561 0.740020752 -0.108184807
vt 0.760986328 0.749023438
vn -0.685209453 -0.267783046 -0.677333295
v -0.099136382 0.736831665 -0.132919312
vt 0.773193359 0.730957031
vn -0.498386025 -0.403455347 -0.767356098
v -0.064582855 0.720809937 -0.145980835
vt 0.787841797 0.715087891
vn -0.370884567 0.386666685 -0.844353914
v -0.034072906 0.720169067 -0.158157364
vt 0.786865234 0.698486328
vn -0.078662284 0.739424348 -0.668628395
vt 0.784179688 0.680175781
vt 0.779296875 0.681884766
v -0.054424316 0.734695435 -0.149551407
vt 0.780761719 0.708740234
vn -0.292054862 -0.276268005 -0.915630937
vt 0.778076172 0.693115234
vt 0.773925781 0.688476562
v -0.056514770 0.733276367 -0.157531753
vt 0.776367188 0.707519531
vn -0.110301197 -0.984832287 -0.133937120
vt 0.767822266 0.682617188
v -0.105560333 0.738464355 -0.135986328
vt 0.767089844 0.733154297
vn -0.464898556 -0.748565435 -0.472778112
v -0.037437472 0.735580444 -0.166442886
vt 0.769531250 0.699707031
vn -0.188556075 -0.589237571 -0.785650015
vt 0.763183594 0.680664062
vt 0.758300781 0.687744141
v -0.037944827 0.750152588 -0.172943130
vt 0.757568359 0.696289062
vn -0.252375782 -0.102527656 -0.962182164
v -0.091194183 0.740509033 -0.152252197
vt 0.767089844 0.718017578
vn -0.353750080 -0.518833339 -0.778249860
v -0.140029937 0.742828369 -0.106475823
vt 0.756835938 0.752441406
vn -0.626339495 -0.649827242 -0.430608302
v -0.138885528 0.755340576 -0.117080688
vt 0.752929688 0.746093750
vn -0.717939079 -0.213014945 -0.662712753
v -0.111892730 0.753509521 -0.143035889
vt 0.760742188 0.731689453
vn -0.632258058 -0.245000035 -0.734999835
v -0.164703399 0.786804199 -0.084884636
vt 0.733886719 0.769042969
vn -0.904782951 -0.086544506 -0.416986793
v -0.141708404 0.796081543 -0.124885559
vt 0.733154297 0.746093750
vn -0.798151076 -0.047414973 -0.600588739
v -0.122612029 0.779418945 -0.144592285
vt 0.744140625 0.737060547
vn -0.725467324 -0.212908924 -0.654497504
v -0.130706817 0.760681152 -0.121902466
vt 0.750976562 0.742431641
vn -0.738875985 -0.196509629 -0.644551218
v -0.086792022 0.752868652 -0.158172607
vt 0.761718750 0.719482422
vn -0.386282235 -0.007883365 -0.922347009
v -0.107566863 0.757781982 -0.143905640
vt 0.758789062 0.729980469
vn -0.580664694 -0.149089620 -0.800375402
v -0.110885650 0.768585205 -0.149337769
vt 0.752685547 0.728515625
vn -0.462549597 -0.329272598 -0.823181331
v -0.105545081 0.793121338 -0.157150269
vt 0.743652344 0.728027344
vn -0.411379188 -0.055378012 -0.909780562
v -0.067573585 0.777313232 -0.169036865
vt 0.748291016 0.709472656
vn -0.276785940 -0.229336902 -0.933163583
v -0.084655792 0.757812500 -0.155517578
vt 0.759521484 0.720947266
vn -0.308264434 -0.142275885 -0.940601289
v -0.020130191 0.757446289 -0.173660293
vt 0.751220703 0.693115234
vn -0.173854783 -0.158049747 -0.972005606
vt 0.668212891 0.564697266
vt 0.662109375 0.547851562
v -0.227218643 0.496601105 -0.070838898
vt 0.677490234 0.549804688
vn -0.723848820 -0.086547196 -0.684508979
vt 0.673339844 0.538330078
vt 0.685302734 0.531738281
v -0.233795181 0.502638817 -0.075492829
vt 0.680908203 0.554443359
vn 0.031471554 0.023603722 -0.999225974
v -0.239974990 0.498471260 -0.075401276
vt 0.686523438 0.552246094
vn -0.291872948 -0.867730379 -0.402311295
v -0.251602173 0.489640474 -0.037853207
vt 0.694335938 0.528320312
vn -0.384956658 -0.903469682 -0.188550115
vt 0.692138672 0.512451172
vt 0.680908203 0.523925781
v -0.288711548 0.504774094 -0.045066796
vt 0.716064453 0.539306641
vn -0.347828835 -0.909098089 -0.229250729
v -0.253982544 0.487694740 0.010625873
vt 0.705566406 0.501953125
vn -0.583183646 -0.811728597 0.031523556
v -0.258712769 0.505792618 -0.072456323
vt 0.698242188 0.556152344
vn -0.300069749 -0.568553030 -0.765967250
v -0.284378052 0.514358521 -0.069091760
vt 0.718261719 0.558105469
vn -0.244542241 -0.615299702 -0.749403358
v -0.321914673 0.521015167 -0.058540303
vt 0.730468750 0.547607422
vn -0.329972982 -0.872071505 -0.361398935
v -0.303024292 0.509138107 -0.025850257
vt 0.733398438 0.531738281
vn -0.369929671 -0.928759634 -0.023612443
v -0.268569946 0.525306702 -0.073394738
vt 0.703125000 0.569091797
vn -0.039295971 -0.047155052 -0.998114347
v -0.329330444 0.542865753 -0.071960405
vt 0.724853516 0.581054688
vn -0.094371371 -0.157285452 -0.983033836
v -0.323379517 0.556419373 -0.073066667
vt 0.722656250 0.589599609
vn -0.023677295 0.102600984 -0.994440794
v -0.259475708 0.490250111 -0.004375185
vt 0.707275391 0.511230469
vn -0.408600956 -0.911494613 0.047146365
v -0.316513062 0.517444611 -0.002271493
vt 0.744384766 0.517578125
vn -0.408185333 -0.894868016 0.180543661
v -0.257614136 0.495845795 0.030746493
vt 0.713623047 0.489990234
vn -0.489770472 -0.829450130 0.268583924
v -0.301773071 0.519416809 0.022802390
vt 0.743408203 0.499023438
vn -0.448097080 -0.738967240 0.503126740
v -0.293502808 0.556594849 -0.072700463
vt 0.710205078 0.589843750
vn 0.039253298 0.141312316 -0.989186585
v -0.285049438 0.576568604 -0.067611665
vt 0.708251953 0.602783203
vn 0.015769418 0.323275864 -0.946173429
v -0.241149917 0.536983490 -0.072601289
vt 0.687011719 0.573486328
v -0.234848037 0.565139771 -0.066558808
vt 0.681396484 0.591308594
vn 0.110541500 0.300041556 -0.947499752
v -0.218292251 0.543281555 -0.070877045
vt 0.675048828 0.576171875
vn 0.031394873 0.227613777 -0.973245323
vt 0.667968750 0.584228516
vt 0.667480469 0.604980469
v -0.276718140 0.593864441 -0.059825864
vt 0.695312500 0.614746094
vn 0.086581849 0.519491792 -0.850077629
v -0.331222534 0.594772339 -0.059581716
vt 0.714355469 0.627685547
vn -0.031582475 0.465839475 -0.884305537
v -0.315261841 0.614074707 -0.046878777
vt 0.712646484 0.640869141
vn 0.039243639 0.722085118 -0.690690279
v -0.252548218 0.609786987 -0.042140931
vt 0.683837891 0.626708984
vn 0.133321941 0.760720015 -0.635240436
v -0.320907593 0.634857178 -0.019561730
vt 0.701904297 0.657470703
vn 0.125832111 0.896554470 -0.424683750
v -0.339370728 0.638366699 -0.014038048
vt 0.714355469 0.664550781
vn -0.007840882 0.909531295 -0.415561765
v -0.214859024 0.613235474 -0.028661706
vt 0.669189453 0.630859375
vn 0.094511516 0.795472860 -0.598573744
vt 0.662353516 0.625000000
v -0.242767349 0.623992920 -0.016059849
vt 0.676513672 0.645019531
vn 0.142351344 0.917375982 -0.371695489
v -0.262527466 0.635467529 0.013864545
vt 0.678955078 0.665283203
vn 0.156844586 0.972436905 -0.172529191
v -0.214691162 0.622131348 -0.009095170
vt 0.665039062 0.642089844
vn 0.078995168 0.940043509 -0.331780076
v -0.198043823 0.625549316 0.004673501
vt 0.656738281 0.646484375
vn -0.196984857 0.953406394 -0.228502363
vt 0.652587891 0.636474609
v -0.212081909 0.627273560 0.008030913
vt 0.659667969 0.650634766
vn -0.566648185 -0.787011385 -0.243973419
v -0.221359253 0.629943848 0.017911935
vt 0.664062500 0.657958984
vn 0.134216487 0.971096396 -0.197377369
v -0.219497681 0.630065918 0.034645103
vt 0.661132812 0.665527344
vn 0.055032834 0.998453617 0.007861788
vt 0.700195312 0.479248047
v -0.245346069 0.483711720 0.026809724
vt 0.702880859 0.491455078
vn -0.952696860 -0.291320562 0.086608946
vt 0.689208984 0.501953125
v -0.243408203 0.491621017 0.049423251
vt 0.708740234 0.476318359
vn -0.865605175 -0.251812428 0.432802737
v -0.254470825 0.492424965 0.034824405
vt 0.711181641 0.487304688
vn -0.660598636 -0.692055821 0.290978134
v -0.254196167 0.503378868 0.047821078
vt 0.716796875 0.478759766
vn -0.545271337 -0.600588858 0.584783971
v -0.236465439 0.494007587 0.071273834
vt 0.706054688 0.463623047
vn -0.951311946 0.188689947 0.243724659
vt 0.688720703 0.450927734
v -0.234359726 0.517251968 0.071067840
vt 0.716796875 0.458496094
vn -0.692484081 -0.173121050 0.700353444
v -0.230133042 0.522247314 0.081077605
vt 0.714355469 0.451660156
vn -0.932027638 0.102680996 0.347535908
v -0.243957520 0.512895584 0.063613921
vt 0.718505859 0.465820312
vn -0.496047497 -0.440931201 0.748008370
v -0.277877808 0.528285980 0.049907722
vt 0.736816406 0.477294922
vn -0.451005191 -0.538041353 0.712113738
v -0.310836792 0.546718597 0.046894111
vt 0.757080078 0.481201172
vn -0.299435377 -0.638270319 0.709189355
v -0.257949829 0.537326813 0.065895118
vt 0.733886719 0.460693359
vn -0.401114881 -0.361790001 0.841555059
v -0.226211533 0.544448853 0.082969695
vt 0.725830078 0.441894531
vn -0.505002558 -0.213047981 0.836410761
v -0.244949326 0.563117981 0.081939727
vt 0.741699219 0.442382812
vn -0.276535034 -0.355545193 0.892813623
v -0.281448364 0.558677673 0.067367591
vt 0.750488281 0.460205078
vn -0.306924820 -0.472192198 0.826336443
v -0.295608521 0.578491211 0.075653106
vt 0.762695312 0.455322266
vn -0.173206761 -0.535366654 0.826669276
v -0.323989868 0.574142456 0.066574134
vt 0.771728516 0.466552734
vn -0.173201382 -0.621950865 0.763661265
v -0.361770630 0.614395142 0.086708106
vt 0.795898438 0.440429688
vn -0.157163829 -0.432200909 0.887976408
v -0.278701782 0.595451355 0.087348968
vt 0.761962891 0.438720703
vn -0.157110468 -0.416343093 0.895530462
v -0.247406006 0.591186523 0.090034507
vt 0.752441406 0.428955078
vn -0.181259647 -0.362519532 0.914179802
v -0.305313110 0.612068176 0.090751678
vt 0.775390625 0.431884766
vn -0.125847653 -0.456198215 0.880934596
v -0.320480347 0.621185303 0.094657935
vt 0.785400391 0.428710938
vn -0.102371581 -0.070872694 0.992218256
v -0.250747681 0.597801208 0.093467735
vt 0.752929688 0.421875000
vn -0.063178331 -0.229021907 0.971368968
vt 0.113037109 0.185791016
vt 0.136718750 0.199218750
v -0.332015991 0.535850525 -0.069000199
vt 0.113281250 0.190429688
vn -0.220417812 -0.653381288 -0.724229813
v -0.397171021 0.552268982 -0.066085763
vt 0.078369141 0.192626953
vn -0.134049684 -0.102508537 -0.985658526
v -0.403396606 0.546531677 -0.061691236
vt 0.076660156 0.197509766
vn -0.243966028 -0.763377428 -0.598110020
v -0.476028442 0.576316833 -0.056652009
vt 0.037109375 0.203857422
vn -0.212651297 0.031503826 -0.976620197
v -0.373153687 0.567214966 -0.069541879
vt 0.087890625 0.180175781
vn -0.055307165 0.229129061 -0.971823514
vt 0.113037109 0.177490234
vt 0.118652344 0.151367188
v -0.418411255 0.581344604 -0.061145730
vt 0.061035156 0.185546875
vn -0.086376339 0.345504761 -0.934433341
v -0.421646118 0.606849670 -0.046756692
vt 0.049560547 0.174316406
vn -0.101967975 0.580432296 -0.807899058
vt 0.090576172 0.152832031
v -0.369491577 0.616622925 -0.043399770
vt 0.066650391 0.152099609
vn -0.054883949 0.682127416 -0.729170799
v -0.429306030 0.621078491 -0.028360317
vt 0.039550781 0.165039062
vn -0.228651568 0.859414160 -0.457302928
vt 0.087890625 0.137939453
v -0.374008179 0.632019043 -0.024211841
vt 0.057617188 0.139892578
vn -0.071095824 0.868947744 -0.489770561
vt 0.064941406 0.124755859
vt 0.430664062 0.224121094
vt 0.421142578 0.217529297
vt 0.443115234 0.209716797
v -0.345596313 0.526348114 -0.050239518
vt 0.416748047 0.226074219
vn -0.267583847 -0.905063093 -0.330544710
vt 0.382324219 0.209228516
vt 0.440673828 0.246093750
v -0.411544800 0.545402527 -0.052020978
vt 0.375976562 0.217529297
vn -0.298648417 -0.903804421 -0.306507528
v -0.347976685 0.525623322 -0.037189439
vt 0.414062500 0.231689453
vn -0.306763440 -0.951753318 0.007865812
vt 0.429687500 0.257812500
vt 0.322509766 0.220947266
v -0.351242065 0.528377533 -0.014983133
vt 0.410156250 0.246826172
vn -0.299584270 -0.938171983 0.173443660
v -0.415725708 0.545162201 -0.042369790
vt 0.380615234 0.228759766
vn -0.292410165 -0.956260383 0.007903058
v -0.471450806 0.564193726 -0.037876070
vt 0.348388672 0.229736328
vn -0.315872550 -0.947617888 0.047380976
v -0.484420776 0.570381165 -0.049491823
vt 0.332275391 0.227783203
vn -0.504422069 -0.717225015 -0.480777115
v -0.485122681 0.589324951 -0.047187746
vt 0.312255859 0.242675781
vn -0.393408298 0.684530199 -0.613716781
vt 0.289306641 0.249267578
v -0.417861938 0.546730042 -0.028291650
vt 0.378906250 0.236328125
vn -0.308264226 -0.940601230 0.142275900
v -0.486007690 0.568237305 -0.028329790
vt 0.336425781 0.234619141
v -0.470993042 0.571716309 0.012607632
vt 0.349121094 0.247558594
vn -0.282485425 -0.933771491 0.219711021
v -0.430709839 0.556137085 -0.001004613
vt 0.372802734 0.249755859
vn -0.276095927 -0.922949553 0.268207610
v -0.498397827 0.581794739 -0.031913698
vt 0.323486328 0.240966797
vn -0.967305303 -0.125828385 -0.220199451
v -0.494247437 0.574607849 -0.000610171
vt 0.335205078 0.246582031
vn -0.528198004 -0.827773154 0.189205393
vt 0.290039062 0.272216797
v -0.467880249 0.575996399 0.020177899
vt 0.349121094 0.256835938
vn -0.275036752 -0.691521347 0.667946815
v -0.426040649 0.563346863 0.020343833
vt 0.374023438 0.263427734
vn -0.252163917 -0.835293293 0.488567829
v -0.370101929 0.542083740 0.010431335
vt 0.403320312 0.262451172
vn -0.275240839 -0.880771041 0.385337383
v -0.355819702 0.552474976 0.036914870
vt 0.406250000 0.281005859
vn -0.228261426 -0.755624473 0.613945007
v -0.341812134 0.530380249 0.004850907
vt 0.416748047 0.260498047
vn -0.356045544 -0.870333791 0.340221465
vt 0.436523438 0.276855469
v -0.335525513 0.538906097 0.026334805
vt 0.418457031 0.276123047
vn -0.315351844 -0.788379848 0.528214574
vt 0.425048828 0.294433594
vt 0.410156250 0.310546875
v -0.420120239 0.579818726 0.045398764
vt 0.368164062 0.277832031
vn -0.267749608 -0.692999303 0.669374406
v -0.383590698 0.582847595 0.060127307
vt 0.383056641 0.294677734
vn -0.196838096 -0.669249833 0.716491103
v -0.383651733 0.605003357 0.077842757
vt 0.372802734 0.308105469
vn -0.260473013 -0.544625580 0.797205746
v -0.363601685 0.609687805 0.084266700
vt 0.378173828 0.320312500
vn -0.110219017 -0.527477264 0.842389226
vt 0.376708984 0.324218750
v -0.418960571 0.606430054 0.064048812
vt 0.355712891 0.293945312
vn -0.282337636 -0.541147351 0.792114377
v -0.472793579 0.586227417 0.031524718
vt 0.343505859 0.264892578
vn -0.220417693 -0.653381288 0.724229932
v -0.488296509 0.581405640 0.020059645
vt 0.336669922 0.258056641
vn -0.415523261 -0.736965954 0.533124387
v -0.485763550 0.591392517 0.028743804
vt 0.337646484 0.266357422
vn -0.535101295 -0.133775353 0.834128737
v -0.499496460 0.585090637 0.008250297
vt 0.327880859 0.253662109
vn -0.978442669 0.023671966 0.205157459
v -0.404373169 0.615875244 0.074836776
vt 0.355712891 0.304443359
vn -0.440903753 0.000000020 0.897554398
v -0.494827271 0.596733093 -0.009218155
vt 0.319335938 0.252929688
vn -0.779237866 0.613944888 -0.125937343
v -0.487899780 0.603096008 0.023170529
vt 0.328613281 0.266601562
vn -0.681980729 0.697658420 0.219488129
v -0.457717896 0.613464355 0.044197138
vt 0.332519531 0.283691406
vn -0.513196945 0.544778347 0.663208485
v -0.480911255 0.606155396 -0.019576969
vt 0.310791016 0.262451172
vn -0.433797717 0.875482559 -0.212955207
v -0.464218140 0.616958618 0.028493937
vt 0.321289062 0.278320312
vn -0.416986942 0.904782891 0.086544469
v -0.457534790 0.619033813 0.006730134
vt 0.308837891 0.279296875
vn -0.291320592 0.952696860 -0.086608812
v -0.411148071 0.629760742 -0.011461210
vt 0.301513672 0.302001953
vn -0.220794439 0.969918132 -0.102511682
v -0.413925171 0.631668091 0.048667956
vt 0.333007812 0.306152344
vn -0.251283973 0.965872645 0.062820971
vt 0.288574219 0.318359375
v -0.395919800 0.629837036 0.071876571
vt 0.349609375 0.312500000
vn -0.402361393 0.717939019 0.568039656
v -0.367263794 0.640808105 0.003823322
vt 0.307861328 0.325927734
vn -0.118430145 0.979021966 -0.165802136
vt 0.297851562 0.337890625
v -0.354568481 0.643371582 0.027370492
vt 0.322753906 0.335205078
vn -0.157985613 0.987409830 0.007899256
v -0.320205688 0.643966675 0.011076963
vt 0.313720703 0.351074219
vn 0.055212270 0.985934496 -0.157749563
vt 0.293701172 0.349121094
vt 0.316162109 0.382812500
v -0.371841431 0.636688232 0.073532149
vt 0.352539062 0.325927734
vn -0.133556381 0.966319680 0.219975173
v -0.376052856 0.624588013 0.086135909
vt 0.364501953 0.321044922
vn -0.259064555 0.321868271 0.910651624
vt 0.377441406 0.350097656
v -0.348922729 0.633361816 0.085998572
vt 0.362792969 0.336669922
vn -0.094371185 0.692055881 0.715648532
v -0.327224731 0.645004272 0.044654883
vt 0.334716797 0.349365234
vn -0.023677191 0.994440794 0.102600984
v -0.315048218 0.637207031 0.081161536
vt 0.359375000 0.354736328
vn 0.015804481 0.940366328 0.339796185
v -0.306106567 0.627212524 0.093040496
vt 0.370849609 0.357421875
vn 0.047086790 0.627822876 0.776930749
v -0.271316528 0.615997314 0.095367461
vt 0.371337891 0.376953125
vn 0.086394958 0.243476406 0.966051340
vt 0.376953125 0.390380859
v -0.236297607 0.609184265 0.091751121
vt 0.369140625 0.395751953
vn 0.118308544 0.496895522 0.859708071
v -0.271499634 0.628097534 0.086067230
vt 0.363037109 0.375244141
vn 0.204775259 0.803348899 0.559193790
v -0.236022949 0.626647949 0.068061851
vt 0.357666016 0.395507812
vn 0.203935698 0.886335850 0.415715009
v -0.287612915 0.639358521 0.067436248
vt 0.350585938 0.369873047
vn 0.180565804 0.942082405 0.282624632
v -0.296127319 0.642639160 0.054531127
vt 0.341796875 0.365234375
vn 0.109855428 0.988699138 0.102008581
v -0.241180420 0.632293701 0.051174186
vt 0.344482422 0.393310547
vn 0.180510163 0.981033683 0.070634350
v -0.219558716 0.627838135 0.055488609
vt 0.349609375 0.403808594
vn -0.760836959 0.580432296 0.290216237
vt 0.334228516 0.404052734
v -0.294418335 0.642700195 0.031795532
vt 0.327148438 0.366210938
vn 0.149034470 0.988334119 -0.031375747
v -0.039607972 0.534725189 0.237854004
vt 0.933349609 0.563720703
vn -0.164920241 0.337694079 0.926695287
vt 0.978759766 0.576904297
vt 0.969482422 0.589599609
vt 0.971923828 0.555664062
v -0.085823037 0.563301086 0.214767471
vt 0.918945312 0.532714844
vn -0.337891966 0.353608012 0.872233093
v -0.105117768 0.502436638 0.227020279
vt 0.951416016 0.525146484
vn -0.378657639 0.299770713 0.875646055
vt 0.979492188 0.536132812
vt 0.958740234 0.509765625
v -0.123054482 0.536041260 0.206329361
vt 0.934814453 0.507812500
vn -0.505002618 0.331408024 0.796957493
v -0.119850136 0.583580017 0.184783950
vt 0.907470703 0.507324219
vn -0.448485285 0.393408239 0.802552879
v -0.088706948 0.596092224 0.194335952
vt 0.905029297 0.525878906
vn -0.354925275 0.433797657 0.828159273
v -0.169387802 0.560554504 0.161621109
vt 0.921875000 0.473632812
vn -0.612278044 0.321838498 0.722174227
v -0.133834824 0.582984924 0.176742569
vt 0.905029297 0.498046875
vn -0.527395546 0.338477761 0.779286087
v -0.093940713 0.603286743 0.191253677
vt 0.903076172 0.518798828
vn -0.408185303 0.423884869 0.808521152
v -0.133422837 0.595062256 0.174377456
vt 0.896484375 0.499267578
vn -0.361309677 0.102109306 0.926838219
v -0.123863205 0.608192444 0.169433609
vt 0.894531250 0.507080078
vn -0.379129887 0.710868597 0.592390478
v -0.145080552 0.595977783 0.161895767
vt 0.895507812 0.486816406
vn -0.794045687 -0.055032883 0.605361760
v -0.126159653 0.588043213 0.195678726
vt 0.884765625 0.505859375
vn 0.229365468 -0.854188800 -0.466640145
v -0.098907448 0.603874207 0.193496719
vt 0.892333984 0.519287109
vn 0.369517803 -0.628966630 -0.684001207
v -0.110214211 0.579322815 0.213745132
vt 0.882568359 0.517578125
vn 0.165410697 -0.716779947 -0.677396357
v -0.111923195 0.576843262 0.226257339
vt 0.878662109 0.520019531
vn -0.581327140 -0.801288843 0.141404003
v -0.095230073 0.565299988 0.232894912
vt 0.881103516 0.526855469
vn -0.504751265 -0.859654605 0.078867495
v -0.141693100 0.593078613 0.188003555
vt 0.883300781 0.496582031
vn -0.597555161 -0.786256850 0.157251477
v -0.131835908 0.593017578 0.209625259
vt 0.877685547 0.505371094
vn -0.722085059 0.039243758 0.690690279
v -0.149429306 0.605911255 0.184097305
vt 0.874755859 0.491210938
vn -0.829450071 -0.078995258 0.552966833
v -0.136260971 0.604309082 0.201339737
vt 0.871826172 0.501708984
vn -0.683009684 0.314027488 0.659457862
v -0.155288681 0.636901855 0.164352432
vt 0.855224609 0.481689453
vn -0.620414555 0.447640896 0.643974721
v -0.170745835 0.603652954 0.139328033
vt 0.883789062 0.466308594
vn -0.616086006 -0.758259773 0.213260666
v -0.173843369 0.629394531 0.147079498
vt 0.861328125 0.466796875
vn -0.786256731 0.157251358 0.597555280
v -0.182708725 0.615890503 0.133422881
vt 0.873535156 0.459960938
vn -0.829553664 -0.237015352 0.505632818
v -0.185821518 0.644042969 0.124145538
vt 0.851562500 0.452148438
vn -0.683325589 0.471259117 0.557656705
v -0.157180771 0.653656006 0.147384658
vt 0.842529297 0.471435547
vn -0.714148343 0.235433549 0.659214020
v -0.206771851 0.638748169 0.099159263
vt 0.858154297 0.434326172
vn -0.818872273 0.259834498 0.511795342
v -0.189804077 0.658416748 0.103256240
vt 0.841064453 0.439208984
vn -0.780690074 0.425831020 0.457374096
v -0.178588852 0.666351318 0.123130813
vt 0.834716797 0.450439453
vn -0.819711208 -0.323155403 0.472910494
v -0.212097168 0.627441406 0.090538047
vt 0.865722656 0.428710938
vn -0.912848294 -0.188865215 0.361991733
v -0.199295029 0.615753174 0.101211570
vt 0.873535156 0.438476562
vn -0.495449007 -0.865069807 0.078642808
v -0.218322754 0.648025513 0.064559959
vt 0.852539062 0.414794922
vn -0.893287659 0.371544421 0.252966523
v -0.211486816 0.620620728 0.075080894
vt 0.872314453 0.420654297
vn -0.323386401 0.607335627 0.725647748
v -0.160064682 0.601524353 0.138565078
vt 0.891113281 0.468017578
vn -0.804047406 0.063062534 0.591211498
v -0.191314697 0.617065430 0.093811050
vt 0.879638672 0.435546875
vn -0.686637580 0.260448784 0.678745389
v -0.174087510 0.574958801 0.142913848
vt 0.909179688 0.464355469
vn -0.686295688 0.433865130 0.583745956
v -0.188842759 0.589897156 0.118530288
vt 0.898681641 0.446533203
vn -0.669374287 0.393749624 0.629999459
v -0.210968018 0.607238770 0.089942954
vt 0.886230469 0.424072266
vn -0.314804465 0.574518323 0.755530894
vt 0.864501953 0.409423828
vt 0.873046875 0.405517578
vt 0.888916016 0.410156250
v -0.221160889 0.634872437 0.034053825
vt 0.857421875 0.401367188
vn -0.971368849 -0.229021966 -0.063178323
vt 0.859375000 0.401123047
v -0.220947266 0.647628784 0.024087928
vt 0.849365234 0.394531250
vn -0.987999916 0.141142800 -0.062730037
v -0.216064453 0.656692505 0.040267967
vt 0.843505859 0.401611328
vn -0.699185371 0.714897275 0.007856075
v -0.203308105 0.663848877 0.062980674
vt 0.838623047 0.413330078
vn -0.778514683 0.605511308 0.165139541
vt 0.823974609 0.386474609
v -0.200714111 0.673721313 0.048042316
vt 0.829101562 0.405517578
vn -0.994719684 -0.102629848 0.000000135
v -0.195434570 0.668899536 0.087547317
vt 0.833984375 0.427246094
vn -0.948385358 -0.203785315 0.242974907
vt 0.813720703 0.379394531
v -0.203399658 0.687332153 0.087295555
vt 0.823242188 0.425048828
vn -0.921831489 -0.173335895 0.346671849
v -0.189651489 0.689788818 0.120475784
vt 0.820068359 0.444824219
vn -0.880798280 0.039321337 0.471856385
v -0.201080322 0.704544067 0.080413841
vt 0.814453125 0.416992188
vn -0.793849528 0.542332768 0.275096416
v -0.208862305 0.694625854 0.067077659
vt 0.818847656 0.412109375
vn -0.993389487 -0.031536214 0.110376738
v -0.205963135 0.685455322 0.034317035
vt 0.818359375 0.399902344
vn -0.903385997 -0.424198687 -0.062844105
vt 0.808349609 0.386718750
v -0.210266113 0.698150635 0.038986225
vt 0.810058594 0.401123047
vn -0.983490050 0.180962130 0.000000121
vt 0.798828125 0.398437500
vt 0.785644531 0.382324219
v -0.191909790 0.711990356 0.077430740
vt 0.802978516 0.414306641
vn 0.220794350 0.969918132 0.102511592
vt 0.789062500 0.394287109
v -0.180862427 0.698989868 0.053070083
vt 0.786865234 0.407714844
vn -0.505711675 0.853388429 0.126427948
v -0.180816650 0.706558228 0.084053054
vt 0.798583984 0.421142578
vn 0.228084937 0.967395008 -0.110110074
vt 0.785400391 0.397460938
vt 0.770263672 0.405761719
vt 0.458740234 0.761230469
v -0.025144543 0.523006439 0.264389038
vt 0.473388672 0.756835938
vn -0.591192961 -0.748844445 0.299537897
vt 0.459716797 0.766357422
v -0.037471741 0.539489746 0.246994019
vt 0.488037109 0.757812500
vn -0.149250537 -0.620567739 -0.769818127
vt 0.465087891 0.771972656
v -0.048091855 0.549148560 0.264022827
vt 0.480224609 0.741455078
vn -0.355423093 -0.071084611 0.931998610
vt 0.492919922 0.764648438
vt 0.451171875 0.746582031
v -0.065795869 0.548625946 0.248458877
vt 0.491699219 0.743164062
vn -0.495740354 -0.865578473 -0.070819944
v -0.064598054 0.570732117 0.253097534
vt 0.486816406 0.729003906
vn -0.173040614 0.440467268 0.880934477
vt 0.502197266 0.770019531
vt 0.496826172 0.777587891
vt 0.454589844 0.729492188
v -0.061492890 0.556892395 0.259201050
vt 0.488037109 0.736816406
vn -0.536715627 -0.252572119 0.805073678
v -0.083221406 0.569480896 0.227813736
vt 0.505126953 0.741699219
vn 0.023578156 -0.597315311 -0.801659942
vt 0.504638672 0.732177734
v -0.101173371 0.576316833 0.237854019
vt 0.505615234 0.722656250
vn -0.535948277 0.039407987 0.843330681
vt 0.513671875 0.719482422
vt 0.516357422 0.737548828
vt 0.518066406 0.703125000
v -0.105186440 0.596832275 0.228942886
vt 0.504150391 0.709472656
vn -0.377251655 0.463705242 0.801660001
v -0.072502114 0.585601807 0.218704239
vt 0.510742188 0.750488281
vn 0.094066240 -0.603592217 -0.791724801
v -0.071975686 0.611160278 0.196563736
vt 0.525390625 0.753906250
vn 0.188935310 -0.645529270 -0.739996970
vt 0.526367188 0.744628906
v -0.042896248 0.590705872 0.215545654
vt 0.516113281 0.765625000
vn -0.330708534 0.291338623 0.897637844
v -0.050662972 0.603919983 0.204299927
vt 0.520507812 0.759765625
vn -0.647276461 -0.647276521 0.402574509
vt 0.535156250 0.763671875
vt 0.532714844 0.765380859
vt 0.540039062 0.776855469
vt 0.534667969 0.780761719
vt 0.523437500 0.791259766
vt 0.509033203 0.775390625
vt 0.523437500 0.823486328
v -0.126510605 0.616897583 0.202499405
vt 0.513671875 0.691650391
vn -0.511177480 0.487584740 0.707784355
vt 0.520263672 0.695800781
vt 0.526123047 0.669189453
v -0.121421799 0.640869141 0.185470596
vt 0.510009766 0.676757812
vn -0.401749104 0.527788222 0.748356402
vt 0.527832031 0.656982422
v -0.083732583 0.602096558 0.231887832
vt 0.492675781 0.708496094
vn -0.133916318 0.590807736 0.795620918
v -0.032180760 0.596969604 0.237792969
vt 0.464599609 0.710937500
vn -0.102017976 0.494395286 0.863229811
vt 0.447998047 0.715576172
vt 0.449707031 0.705810547
v -0.076637246 0.619552612 0.217758194
vt 0.487548828 0.696533203
vn -0.252406955 0.473263264 0.843986154
v -0.035945866 0.613388062 0.232986450
vt 0.464843750 0.701416016
vn -0.362654597 0.055186614 0.930288255
v -0.075630166 0.636077881 0.213211074
vt 0.485839844 0.687744141
vn -0.527477205 -0.299166262 0.795152485
v -0.024957631 0.621002197 0.241821289
vt 0.455566406 0.697998047
vn -0.338813692 -0.417607725 0.843094945
vt 0.429931641 0.693847656
vt 0.445800781 0.682128906
v -0.049076054 0.650711060 0.244567871
vt 0.461914062 0.680664062
vn -0.485949427 -0.431084275 0.760275960
v -0.113555893 0.647750854 0.190261856
vt 0.505615234 0.674072266
vn -0.619250774 -0.415446788 0.666282594
v -0.094253518 0.660293579 0.218963623
vt 0.487060547 0.672119141
vn -0.559801698 -0.370573044 0.741146147
v -0.062385537 0.664291382 0.240432739
vt 0.466796875 0.672851562
vn -0.442042410 0.094723418 0.891978741
vt 0.440673828 0.674072266
vt 0.433105469 0.675537109
v -0.056991555 0.676971436 0.238494873
vt 0.463378906 0.666992188
vn -0.275164306 0.605361700 0.746874809
vt 0.439453125 0.669433594
v -0.066894509 0.683792114 0.226165771
vt 0.469970703 0.660888672
vn 0.094234362 0.989461064 0.109940059
v -0.094322182 0.678405762 0.219360352
vt 0.484619141 0.662841797
vn -0.457260221 0.362654716 0.812031269
v -0.112014756 0.691864014 0.198303223
vt 0.495117188 0.651611328
vn -0.189541295 0.876628518 0.442263037
v -0.117530808 0.681076050 0.203567505
vt 0.497558594 0.657958984
vn -0.600738823 0.197611511 0.774637163
v -0.160034165 0.690811157 0.162368774
vt 0.516601562 0.635986328
vn -0.686381102 0.347135335 0.639044642
v -0.119293191 0.662979126 0.199707031
vt 0.501708984 0.665283203
vn -0.636651516 -0.385134906 0.668091238
v -0.141494736 0.675582886 0.183044434
vt 0.509765625 0.651855469
vn -0.725467145 -0.212908864 0.654497743
v -0.140457138 0.660186768 0.171234131
vt 0.516357422 0.659179688
vn -0.697058976 -0.462095350 0.548248827
vt 0.537353516 0.641113281
v -0.169631943 0.677093506 0.147399902
vt 0.524658203 0.641113281
vn -0.771653473 -0.330708653 0.543307185
vt 0.538085938 0.626953125
v -0.163314790 0.509740829 0.184066787
vt 0.951660156 0.481201172
vn -0.623653948 0.268408060 0.734175026
vt 0.974853516 0.458251953
vt 0.992675781 0.493652344
v -0.191925034 0.525299072 0.155288726
vt 0.939941406 0.457275391
vn -0.736450255 0.292996377 0.609749317
vt 0.963134766 0.445068359
v -0.214874253 0.518711090 0.115417510
vt 0.942382812 0.428955078
vn -0.880798280 0.251656651 0.401077926
vt 0.980712891 0.417968750
vt 0.978271484 0.399414062
v -0.206588730 0.549587250 0.116661102
vt 0.922607422 0.434082031
vn -0.788968384 0.252469897 0.560167730
v -0.228729233 0.503614426 0.089332610
vt 0.950195312 0.409667969
vn -0.920546591 0.180962145 0.346188635
vt 0.957031250 0.398437500
vt 0.940673828 0.402587891
v -0.221374497 0.558074951 0.093078643
vt 0.918457031 0.416015625
vn -0.880934417 0.125847742 0.456198305
vt 0.925537109 0.406738281
vt 0.943359375 0.397460938
v -0.218994126 0.574409485 0.092903160
vt 0.907714844 0.418457031
vn -0.456579566 0.015744146 0.889543235
v -0.211853012 0.592147827 0.095504783
vt 0.896240234 0.424804688
vn -0.550907791 0.228233293 0.802751660
vt 0.897216797 0.402099609
v -0.229354843 0.575920105 0.090110801
vt 0.908203125 0.412109375
vn -0.292163849 -0.300060242 0.908077180
vt 0.917724609 0.401855469
vt 0.902587891 0.403808594
vt 0.007080078 0.721191406
vt 0.014160156 0.699218750
vt 0.010742188 0.721435547
vt 0.783203125 0.942626953
vt 0.794677734 0.936035156
vt 0.795166016 0.947021484
vt 0.796875000 0.921875000
vt 0.775146484 0.928710938
vt 0.750976562 0.956054688
vt 0.756347656 0.975097656
v -0.062881507 0.808410645 -0.174438477
vt 0.737792969 0.939453125
vn -0.227698132 -0.015703361 -0.973605156
vt 0.722900391 0.956787109
vt 0.936279297 0.372070312
vt 0.956542969 0.379882812
vt 0.935546875 0.377685547
vt 0.930908203 0.374023438
vt 0.920898438 0.392578125
vt 0.549316406 0.788330078
vt 0.553466797 0.833007812
vt 0.532470703 0.818359375
vt 0.571533203 0.815673828
v -0.044643439 0.845428467 -0.175415054
vt 0.575439453 0.800781250
vn -0.259521067 0.267385185 -0.927983940
vt 0.595458984 0.813720703
vt 0.577392578 0.841796875
v -0.084335364 0.831298828 -0.164016724
vt 0.564941406 0.774169922
vn -0.402173817 0.173486650 -0.898976505
vt 0.541992188 0.756347656
v -0.075515784 0.861999512 -0.157623291
vt 0.586181641 0.780273438
vn -0.400360525 0.400360346 -0.824271381
v -0.118866004 0.812957764 -0.148925781
vt 0.555419922 0.748779297
vn -0.596799493 0.164905012 -0.785262227
vt 0.535888672 0.740722656
vt 0.548095703 0.723876953
v -0.060943641 0.887298584 -0.147399902
vt 0.607177734 0.786376953
vn -0.276130497 0.591707945 -0.757386148
vt 0.624023438 0.815917969
v -0.117858924 0.848052979 -0.137725830
vt 0.579345703 0.748779297
vn -0.575374365 0.378328174 -0.725129068
v -0.135055572 0.837951660 -0.124900818
vt 0.574707031 0.733398438
vn -0.755718231 0.283394217 -0.590404689
v -0.101753272 0.878021240 -0.130493164
vt 0.600341797 0.758300781
vn -0.520023823 0.520023704 -0.677606583
v -0.060520206 0.914276123 -0.122428909
vt 0.631591797 0.780273438
vn -0.282965124 0.730992973 -0.620950997
v -0.086174048 0.900054932 -0.122650146
vt 0.618164062 0.765380859
vn -0.432802737 0.645269334 -0.629531026
v -0.130477935 0.873016357 -0.105552673
vt 0.601318359 0.733642578
vn -0.669270694 0.480300009 -0.566911459
v -0.109512359 0.899963379 -0.102691650
vt 0.620605469 0.745849609
vn -0.590167224 0.590167105 -0.550822556
v -0.101936370 0.917327881 -0.088508613
vt 0.635986328 0.745605469
vn -0.488734841 0.733102083 -0.472969085
v -0.029520070 0.921051025 -0.123794571
vt 0.641845703 0.797851562
vn -0.142063081 0.781346321 -0.607713878
vt 0.650390625 0.818603516
vt 0.664550781 0.791503906
v -0.064262420 0.939727783 -0.082901016
vt 0.657714844 0.763183594
vn -0.298648477 0.825212717 -0.479409277
v -0.059165981 0.955657959 -0.051799785
vt 0.678466797 0.752685547
vn -0.268274426 0.907398462 -0.323507279
vt 0.687500000 0.788574219
v -0.100227386 0.936981201 -0.053199772
vt 0.658935547 0.731445312
vn -0.471331894 0.840541780 -0.267087996
vt 0.693359375 0.765380859
vt 0.720214844 0.771728516
vt 0.713867188 0.753662109
v -0.047904991 0.968048096 -0.012519851
vt 0.703125000 0.741699219
vn -0.220315471 0.959945738 -0.173104987
v -0.072921775 0.962615967 0.002312649
vt 0.698242188 0.720703125
vn -0.361309856 0.926838160 -0.102109276
v -0.099082969 0.949432373 0.002175324
vt 0.685302734 0.706054688
vn -0.530112445 0.846597433 -0.047472715
v -0.129791275 0.925292969 -0.005547525
vt 0.662841797 0.693603516
vn -0.672089040 0.735344470 -0.086976171
v -0.123687766 0.921447754 -0.047908787
vt 0.647216797 0.717773438
vn -0.632910669 0.719935834 -0.284809709
v -0.140197784 0.892364502 -0.073120117
vt 0.620605469 0.718017578
vn -0.662919223 0.615567863 -0.426162302
v -0.148544341 0.897918701 -0.042045593
vt 0.632812500 0.700439453
vn -0.772132456 0.606675446 -0.189093575
v -0.156555206 0.871673584 -0.070762627
vt 0.607666016 0.706054688
vn -0.786329806 0.456071198 -0.416754723
v -0.156280532 0.893554688 -0.005262372
vt 0.641845703 0.677490234
vn -0.833819091 0.550635099 -0.039331000
v -0.147964492 0.904479980 0.015945435
vt 0.656738281 0.670898438
vn -0.763542891 0.637597620 0.102330551
v -0.159393325 0.884338379 0.030521397
vt 0.648681641 0.654296875
vn -0.825825095 0.558414936 -0.078649908
v -0.168411270 0.867004395 -0.035339348
vt 0.615722656 0.683349609
v -0.169937149 0.868347168 0.002356773
vt 0.628417969 0.663330078
vn -0.915174901 0.402361333 0.023668418
v -0.178436294 0.842041016 0.013804443
vt 0.616210938 0.647705078
vn -0.941183805 0.313727885 -0.125491053
v -0.175994888 0.866149902 0.025341040
vt 0.634521484 0.643310547
vn -0.772996724 0.496926367 -0.394385993
v -0.163177520 0.855133057 -0.073600762
vt 0.596435547 0.701416016
vn -0.860136330 0.291972816 -0.418231279
v -0.174911514 0.837982178 -0.050350182
vt 0.592529297 0.681640625
vn -0.964103162 0.213367030 -0.158049583
v -0.184585586 0.836608887 0.020738611
vt 0.614501953 0.640869141
vn -0.914719582 0.386390120 -0.118282601
v -0.179031387 0.854858398 0.030567177
vt 0.630615234 0.636962891
vn -0.881207228 0.448471457 -0.149490401
v -0.186386123 0.832458496 0.039752971
vt 0.616699219 0.629150391
vn -0.989674747 0.023563638 -0.141381964
v -0.180603042 0.823577881 -0.010989181
vt 0.595703125 0.654296875
vn -0.922863424 0.315508813 -0.220856085
v -0.190109268 0.810943604 0.011724483
vt 0.597167969 0.634033203
vn -0.996515393 -0.062772669 -0.054925911
v -0.186508194 0.813781738 0.048122417
vt 0.610351562 0.617431641
vn -0.940131485 -0.237007990 0.244908363
v -0.192626968 0.825683594 0.008682261
vt 0.602050781 0.641845703
vn -0.928990006 0.291293442 -0.228310987
v -0.188064590 0.792724609 0.039703380
vt 0.594726562 0.614746094
vn -0.988699138 -0.015693672 0.149089694
v -0.180709854 0.799682617 0.043659218
vt 0.601806641 0.611328125
vn -0.950753808 0.157149360 0.267154068
v -0.183380142 0.815856934 -0.010388364
vt 0.590576172 0.650390625
vn -0.975803435 -0.188865229 -0.110171221
v -0.188003555 0.786315918 0.019950878
vt 0.583984375 0.623046875
vn -0.953880250 -0.291682422 -0.070949621
v -0.185241699 0.783721924 0.042999282
vt 0.590820312 0.609863281
vn -0.798824608 -0.529913425 0.284729689
v -0.179641739 0.777008057 0.032115947
vt 0.582031250 0.613037109
vn -0.989522040 -0.054973483 0.133507073
v -0.181121841 0.792755127 0.013348591
vt 0.585449219 0.630371094
vn -0.975320399 0.015730921 -0.220233515
v -0.180572525 0.772369385 -0.003697384
vt 0.562988281 0.631103516
v -0.185867324 0.780151367 -0.011322964
vt 0.566162109 0.637207031
vn -0.966051459 0.243476346 -0.086394727
v -0.178268448 0.784729004 -0.031326283
vt 0.563964844 0.649169922
vn -0.993389368 0.110376544 -0.031536043
v -0.179550186 0.798767090 -0.032165520
vt 0.570556641 0.654052734
vn -0.898167014 -0.259995729 0.354539752
v -0.183975235 0.780609131 -0.037830342
vt 0.558349609 0.652832031
vn -0.983459592 0.007867641 0.180956692
v -0.187835708 0.806396484 -0.039897908
vt 0.570312500 0.661865234
vn -0.952165842 0.173120990 -0.251812309
v -0.183258072 0.772705078 -0.021697987
vt 0.557617188 0.641601562
vn -0.855408609 -0.517953873 0.000000135
vt 0.551513672 0.656738281
vt 0.550537109 0.673339844
vt 0.553466797 0.641601562
vt 0.540771484 0.648193359
vt 0.558837891 0.618652344
vt 0.546875000 0.628662109
v -0.183105469 0.749633789 0.058959972
vt 0.570068359 0.593261719
vn -0.989522040 0.102093503 0.102093659
vt 0.554687500 0.592041016
v -0.175399795 0.797821045 -0.053661339
vt 0.565185547 0.673828125
vn -0.876956820 0.221214250 -0.426627487
vt 0.543701172 0.685791016
vt 0.551757812 0.693115234
v -0.174819961 0.818084717 -0.060443871
vt 0.577392578 0.682617188
vn -0.977074921 0.007879584 -0.212750047
v -0.168060333 0.820098877 -0.079536431
vt 0.573974609 0.695312500
vn -0.913499236 0.102374852 -0.393749505
v -0.155227691 0.817260742 -0.104957573
vt 0.566162109 0.712402344
vn -0.841633141 0.117985889 -0.527003765
v -0.134857193 0.911010742 0.044960022
vt 0.387939453 0.892333984
vn -0.678851008 0.734106302 0.015787289
vt 0.411621094 0.892089844
v -0.157455459 0.895629883 0.041839603
vt 0.406982422 0.906494141
vn -0.794487953 0.582100034 0.173056856
vt 0.395996094 0.877441406
vt 0.434814453 0.886718750
vt 0.441894531 0.893554688
v -0.161407486 0.877502441 0.053176884
vt 0.421875000 0.919433594
vn -0.653037429 0.755320430 0.055075500
v -0.136947632 0.893676758 0.081268311
vt 0.399902344 0.942871094
vn -0.849341154 0.463991880 0.251656711
v -0.145355225 0.880157471 0.089401253
vt 0.416503906 0.951171875
vn -0.864108264 0.416343033 0.282799125
v -0.161544800 0.861633301 0.070045479
vt 0.428955078 0.937011719
vn -0.258801579 0.713665187 0.650925338
v -0.157485962 0.855133057 0.087173469
vt 0.430664062 0.953613281
vn -0.707871854 0.503375530 0.495510399
v -0.143234253 0.870727539 0.099479683
vt 0.418701172 0.962646484
vn -0.919551015 0.235782310 0.314376563
v -0.143936157 0.895263672 0.095642097
vt 0.406738281 0.960937500
vn -0.945556343 -0.039398234 -0.323064923
v -0.162429810 0.835021973 0.099525459
vt 0.439453125 0.969970703
vn -0.352846146 -0.219548747 0.909559250
v -0.116043098 0.932189941 0.063407890
vt 0.237792969 0.843505859
vn -0.519814074 0.700961292 -0.488310069
vt 0.249267578 0.864013672
vt 0.243408203 0.886230469
v -0.130798355 0.913818359 0.071044922
vt 0.228271484 0.863281250
vn -0.883754790 0.465549350 0.047344103
vt 0.222412109 0.884521484
vt 0.213867188 0.884277344
vt 0.215087891 0.891601562
v -0.129501358 0.924316406 0.078521721
vt 0.222167969 0.855468750
vn -0.824322224 0.314027429 -0.471041143
v -0.155166626 0.911529541 0.116279610
vt 0.201416016 0.886718750
vn -0.957577229 0.141281813 -0.251167655
v -0.132461563 0.944824219 0.092742912
vt 0.208007812 0.850830078
vn -0.678597391 0.568128049 -0.465549320
v -0.103950508 0.944335938 0.075515740
vt 0.222167969 0.830322266
vn -0.346704125 0.764324725 -0.543694913
v -0.125488296 0.934967041 0.069755547
vt 0.229003906 0.846679688
vn -0.728857219 0.658322513 -0.188092113
v -0.103111282 0.947784424 0.065986626
vt 0.230224609 0.828857422
vn -0.189205363 0.827773035 -0.528198063
v -0.066459663 0.957855225 0.086700425
vt 0.225341797 0.794677734
vn 0.149448767 0.873095989 -0.464078099
v -0.072738655 0.946807861 0.067771897
vt 0.239746094 0.805175781
vn -0.298059911 0.949085355 -0.101967849
v -0.063217171 0.955505371 0.079673752
vt 0.233154297 0.794189453
vn -0.047155026 0.982396007 0.180760831
v -0.108665481 0.930664062 0.057052609
vt 0.243896484 0.838378906
vn -0.552742600 0.813321233 0.181615472
vt 0.242187500 0.779052734
v -0.117874160 0.934143066 0.027990337
vt 0.267822266 0.845214844
vn -0.646049917 0.748472452 0.149694547
vt 0.272460938 0.876708984
vt 0.294921875 0.857177734
vt 0.291992188 0.827148438
v -0.085945144 0.952514648 0.044235222
vt 0.258300781 0.814941406
vn -0.486577660 0.831890881 0.266832918
v -0.074234024 0.959320068 0.039058674
vt 0.265136719 0.804931641
vn -0.363980591 0.917863965 0.158252418
v -0.049251568 0.960174561 0.059265122
vt 0.251708984 0.784423828
vn -0.300004184 0.868433118 0.394742310
vt 0.297363281 0.804931641
v -0.035598770 0.966674805 0.052223187
vt 0.262695312 0.776367188
vn -0.173621699 0.915459931 0.363027215
vt 0.265625000 0.754394531
vt 0.273925781 0.759277344
vt 0.214599609 0.732177734
vt 0.220947266 0.754638672
vt 0.210937500 0.747558594
v -0.043231972 0.939880371 0.093933091
vt 0.208496094 0.777587891
vn 0.141785055 0.882218063 0.448985934
vt 0.202880859 0.749755859
vt 0.196777344 0.744873047
v -0.043197647 0.970397949 0.032516465
vt 0.278808594 0.782226562
vn -0.220199615 0.967305303 0.125828311
vt 0.295898438 0.756835938
vt 0.300048828 0.771972656
vt 0.320556641 0.792236328
vt 0.323486328 0.771728516
v -0.181259155 0.637710571 0.023361223
vt 0.108154297 0.437500000
vn -0.408034563 -0.910231054 0.070621461
vt 0.120849609 0.433593750
vt 0.127441406 0.437011719
v -0.197235107 0.631896973 0.034637470
vt 0.102294922 0.428222656
vn 0.424828321 -0.904726863 0.031468745
vt 0.120361328 0.424072266
v -0.181320190 0.639083862 0.061237350
vt 0.088867188 0.437500000
vn 0.315734863 -0.939311087 -0.134187296
v -0.202117920 0.629043579 0.040454883
vt 0.098876953 0.425292969
vn 0.652230322 0.722954214 -0.227887839
vt 0.088378906 0.114990234
vt 0.081298828 0.112548828
vt 0.096923828 0.106445312
vt 0.086914062 0.117187500
vt 0.098632812 0.096191406
vt 0.066894531 0.112548828
vt 0.067626953 0.114746094
vt 0.095214844 0.089111328
vt 0.064453125 0.103271484
vt 0.077148438 0.087402344
vt 0.055664062 0.101318359
vt 0.074951172 0.080566406
vt 0.061035156 0.082763672
vt 0.944335938 0.246337891
v -0.183029175 0.634414673 0.049781814
vt 0.921142578 0.236328125
vn -0.487509429 0.872799039 -0.023589140
vt 0.939453125 0.233154297
vt 0.903320312 0.233398438
vt 0.930908203 0.256835938
v -0.187606812 0.629058838 0.073303238
vt 0.910888672 0.239013672
vn -0.078713417 0.928817272 -0.362081349
vt 0.910156250 0.255859375
vt 0.931884766 0.261474609
vt 0.520751953 0.960693359
v -0.176757812 0.772857666 0.067382820
vt 0.534912109 0.945312500
vn -0.946173429 0.268082410 0.181350008
vt 0.552001953 0.967773438
vt 0.509765625 0.973876953
v -0.178421021 0.713973999 0.086601272
vt 0.487548828 0.962402344
vn -0.984740555 -0.015755884 0.173314482
v -0.179244995 0.743377686 0.084594741
vt 0.506103516 0.948242188
vn -0.959440947 0.110099748 0.259521008
v -0.172805786 0.701263428 0.098350540
vt 0.472167969 0.959228516
vn -0.963261247 0.007895554 0.268449962
v -0.170364380 0.731307983 0.118118301
vt 0.481933594 0.931640625
vn -0.960957646 0.023630075 0.275684685
v -0.164993286 0.763671875 0.116416939
vt 0.504638672 0.914794922
vn -0.940014124 0.252776891 0.229079187
v -0.168365479 0.753601074 0.124000557
vt 0.493164062 0.915771484
vn -0.904782832 0.180956557 0.385516316
v -0.168075562 0.781738281 0.091201790
vt 0.529296875 0.924804688
vn -0.911550879 0.290753275 0.290753424
v -0.158233643 0.814361572 0.084678657
vt 0.556640625 0.915283203
vn -0.834335387 0.094453059 0.543105245
v -0.151000977 0.804595947 0.111976631
vt 0.533203125 0.896972656
vn -0.886335850 0.360809267 0.290216267
v -0.148239136 0.814758301 0.116561897
vt 0.535888672 0.887451172
vn -0.864962757 0.408891439 0.290942103
v -0.172729492 0.787567139 0.059619911
vt 0.549804688 0.944580078
vn -0.740800679 -0.346757829 0.575302899
v -0.178863525 0.797790527 0.068946846
vt 0.562255859 0.942626953
vn -0.550788403 -0.597998977 0.582262278
vt 0.560791016 0.966064453
v -0.163528442 0.823364258 0.099578865
vt 0.571289062 0.911376953
vn -0.346113414 -0.511304021 0.786621690
v -0.140899658 0.839172363 0.093406677
vt 0.559814453 0.889404297
vn -0.849735439 0.322584748 0.416999966
v -0.142822266 0.836395264 0.107650764
vt 0.570068359 0.888183594
vn 0.518705130 -0.746620953 0.416535884
v -0.127136230 0.854064941 0.106513977
vt 0.563232422 0.872070312
vn -0.796858191 0.457601756 0.394484341
v -0.119079590 0.857635498 0.117149353
vt 0.567871094 0.862548828
vn -0.180962101 -0.920546770 0.346188605
v -0.127182007 0.836303711 0.131347656
vt 0.543212891 0.861328125
vn -0.645989716 0.551454663 0.527821004
v -0.138153076 0.856475830 0.122962952
vt 0.580566406 0.870605469
vn -0.803448498 -0.259939253 0.535632491
v -0.131713867 0.846343994 0.137252808
vt 0.585449219 0.856445312
vn -0.550294757 -0.825442195 -0.125781551
v -0.127975464 0.854522705 0.159729004
vt 0.602050781 0.845458984
vn -0.824322045 -0.471041232 0.314027607
v -0.141265869 0.871643066 0.124847412
vt 0.591308594 0.870849609
vn -0.922347069 -0.386282146 -0.007883171
vt 0.596679688 0.887695312
vt 0.578857422 0.907958984
v -0.175109863 0.817840576 0.071861275
vt 0.577880859 0.935058594
vn -0.717046857 -0.512176394 0.472778320
v -0.174987793 0.842010498 0.112403877
vt 0.592041016 0.911376953
vn -0.558622241 -0.566490293 0.605830014
v -0.183731079 0.834564209 0.087539680
vt 0.596191406 0.927490234
vn -0.928989887 -0.149583161 0.338530332
v -0.177856445 0.811035156 0.074539192
vt 0.571044922 0.935546875
vn -0.931795239 0.260586768 0.252690345
vt 0.584716797 0.952148438
vt 0.575439453 0.959716797
v -0.183578491 0.802001953 0.062294014
vt 0.568115234 0.947021484
vn -0.968113899 0.173158556 0.181029543
vt 0.568847656 0.966064453
v -0.189285278 0.830749512 0.062133797
vt 0.595703125 0.948486328
vn -0.973605216 -0.149181470 0.172736540
vt 0.598388672 0.961669922
v -0.184280396 0.854919434 0.071952827
vt 0.614501953 0.942382812
vn -0.910455167 0.227613777 0.345345229
v -0.192901611 0.833312988 0.062721260
vt 0.597656250 0.949951172
vn -0.977256954 -0.157622129 0.141860008
v -0.191024795 0.859405518 0.065765388
vt 0.614257812 0.948486328
vn -0.920290351 0.338226348 0.196643338
v -0.185516372 0.863830566 0.044910442
vt 0.624755859 0.956054688
vn -0.628966630 0.684001148 -0.369517803
v -0.191955581 0.850036621 0.044002544
vt 0.611816406 0.961669922
vn -0.947440684 0.086848661 -0.307918072
vt 0.613037109 0.973144531
vt 0.432617188 0.043212891
vt 0.447021484 0.076416016
vt 0.432373047 0.077636719
v -0.181243911 0.877746582 0.059150700
vt 0.420166016 0.065429688
vn -0.781176150 0.599690676 -0.173594609
vt 0.394531250 0.079833984
v -0.177902222 0.867919922 0.081573494
vt 0.391845703 0.067138672
vn -0.944794059 0.188958779 0.267691761
vt 0.356933594 0.076171875
v -0.175292969 0.857574463 0.096664436
vt 0.371093750 0.059082031
vn -0.970400989 0.149899304 0.189346671
vt 0.355957031 0.033203125
v -0.175842285 0.886993408 0.079780586
vt 0.407226562 0.054687500
vn -0.905063093 0.424986124 -0.015740126
v -0.173919678 0.876586914 0.091972359
vt 0.388916016 0.056884766
vn -0.993389487 0.031536132 0.110376738
v -0.172027588 0.863525391 0.125335708
vt 0.369873047 0.036865234
vn -0.850077569 0.086581968 0.519491971
v -0.156585693 0.859100342 0.126541138
vt 0.372802734 0.023925781
vn 0.425831139 -0.457373977 0.780690074
vt 0.364257812 0.005126953
v -0.164093032 0.888000488 0.070388801
vt 0.417236328 0.039550781
vn 0.086450748 0.864508510 -0.495127618
v -0.175384521 0.892761230 0.083786018
vt 0.404785156 0.050781250
vn -0.740249395 0.669374287 -0.062999874
v -0.173645020 0.882995605 0.110130318
vt 0.385498047 0.041748047
vn -0.754713178 0.455972582 0.471695870
v -0.158416748 0.879425049 0.076522835
vt 0.413085938 0.022705078
vn 0.980128467 -0.062728181 -0.188184798
v -0.164443970 0.897857666 0.105667122
vt 0.395019531 0.037841797
vn -0.063219875 0.932493210 0.355611801
vt 0.419921875 0.013671875
v -0.159240723 0.894531250 0.082580574
vt 0.409179688 0.034423828
vn 0.615299642 0.749403477 -0.244542301
v -0.153182983 0.885772705 0.106140144
vt 0.391845703 0.027832031
vn 0.911917031 0.385206372 0.141504228
v -0.162292480 0.856262207 0.092773445
vt 0.397460938 0.006835938
vn 0.978442669 -0.142031953 -0.149922803
vt 0.401611328 0.003417969
v -0.152297974 0.864807129 0.115936287
vt 0.382324219 0.017822266
vn 0.982274711 -0.157163903 -0.102156684
v -0.156661987 0.881225586 0.122093208
vt 0.382324219 0.029296875
vn 0.220938742 0.583909392 0.781175971
vt 0.000732422 0.646728516
vt 0.010009766 0.674804688
vt 0.000000000 0.667968750
v -0.032299019 0.610366821 0.201324463
vt 0.148681641 0.260986328
vn 0.015680227 0.415523380 0.909447312
vt 0.152832031 0.264648438
vt 0.137451172 0.280029297
vt 0.144775391 0.262451172
v -0.042457558 0.608642578 0.204467773
vt 0.150146484 0.255615234
vn -0.062726229 0.713511586 0.697829902
v -0.030263878 0.622695923 0.211013794
vt 0.159912109 0.256103516
vn 0.385516077 0.180956557 -0.904782951
vt 0.154296875 0.276123047
vt 0.165039062 0.267578125
v -0.053855874 0.620162964 0.200103760
vt 0.152832031 0.244873047
vn 0.417503953 -0.070896938 -0.905905128
vt 0.144531250 0.236816406
v -0.025926568 0.661376953 0.222228989
vt 0.180908203 0.253662109
vn 0.440849125 0.330636919 -0.834464729
v -0.067939743 0.645538330 0.193618789
vt 0.162841797 0.231201172
vn 0.510514796 0.243476361 -0.824678063
vt 0.189208984 0.264648438
v -0.083023056 0.628021240 0.183502212
vt 0.150634766 0.225585938
vn 0.450708956 -0.284658343 -0.846067965
vt 0.133789062 0.225830078
v -0.115417466 0.619918823 0.170089737
vt 0.140869141 0.210205078
vn 0.543914378 -0.362609655 -0.756750643
vt 0.132324219 0.211181641
v -0.108123764 0.648101807 0.165390030
vt 0.156494141 0.206298828
vn 0.583636820 0.110417776 -0.804472506
v -0.135086045 0.630859375 0.149307266
vt 0.141845703 0.194335938
vn 0.715360999 -0.204388872 -0.668194473
v -0.126541123 0.650909424 0.151870742
vt 0.154052734 0.194824219
vn 0.708573461 0.133841664 -0.692827642
v -0.143981919 0.644973755 0.131103531
vt 0.145751953 0.183349609
vn 0.836801589 0.055260498 -0.544710577
v -0.100913987 0.683074951 0.187805176
vt 0.178222656 0.209960938
vn 0.559454024 0.401861459 -0.724926651
v -0.120155320 0.686462402 0.173095703
vt 0.176757812 0.197021484
vn 0.667472839 0.345515460 -0.659620404
v -0.136108384 0.678192139 0.149765015
vt 0.167480469 0.185546875
vn 0.770198405 0.243634209 -0.589437723
v -0.149520859 0.650054932 0.120407119
vt 0.145996094 0.176757812
vn 0.950959325 0.141465053 -0.275070995
v -0.150802597 0.685302734 0.133468628
vt 0.170410156 0.175537109
vn -0.638091981 -0.259963453 0.724746644
v -0.153289780 0.699234009 0.141967773
vt 0.177734375 0.173583984
vn 0.583909333 0.718050718 -0.378752172
v -0.075447068 0.679306030 0.204666138
vt 0.182373047 0.225097656
vn 0.455185473 0.580754042 -0.674930394
v -0.108383164 0.690826416 0.190658569
vt 0.182128906 0.205566406
vn 0.442580491 0.829838634 -0.339838743
vt 0.193115234 0.232666016
v -0.029487588 0.676284790 0.231780991
vt 0.190673828 0.252197266
vn 0.314882457 0.818694592 -0.480195969
vt 0.197265625 0.262451172
vt 0.186279297 0.205566406
v -0.161209092 0.710250854 0.135192871
vt 0.176025391 0.161132812
vn -0.768869758 -0.070610501 0.635494590
v -0.154312119 0.702133179 0.155746460
vt 0.183349609 0.175781250
vn -0.149255082 0.942663670 0.298510164
vt 0.190185547 0.174804688
v -0.169311523 0.703750610 0.118576065
vt 0.185546875 0.156250000
v -0.181045532 0.703903198 0.122818008
vt 0.189453125 0.155029297
vn -0.543965161 0.748937547 0.378410608
vt 0.194824219 0.150878906
vt 0.192626953 0.135253906
vt 0.188476562 0.136962891
vt 0.186279297 0.141601562
vt 0.184326172 0.148193359
vt 0.184570312 0.140380859
vt 0.180419922 0.152832031
vt 0.181396484 0.144531250
v -0.155837998 0.751007080 0.144866943
vt 0.175292969 0.145751953
vn -0.761774838 0.070680141 0.643974781
vt 0.154541016 0.865722656
v -0.025554638 0.637527466 0.191406250
vt 0.146728516 0.850341797
vn -0.165595651 0.031542093 0.985689282
vt 0.163085938 0.851318359
vt 0.155761719 0.838867188
vt 0.150878906 0.833251953
v -0.034996014 0.669311523 0.207702622
vt 0.141113281 0.866455078
vn -0.235927999 -0.393213511 0.888662636
vt 0.149658203 0.880371094
v -0.068771347 0.631271362 0.184783950
vt 0.131591797 0.838623047
vn -0.275710166 0.622317433 0.732601523
vt 0.136962891 0.828369141
vt 0.130126953 0.822509766
v -0.053672772 0.633544922 0.181091309
vt 0.134521484 0.844726562
vn -0.362418145 -0.275753021 0.890288472
v -0.099441513 0.629165649 0.169021621
vt 0.117919922 0.833984375
vn -0.409055859 0.660782635 0.629316866
vt 0.115722656 0.819824219
v -0.080512986 0.667572021 0.189300537
vt 0.118896484 0.860107422
vn -0.433003694 -0.393639833 0.810898066
v -0.099006638 0.629852295 0.163116470
vt 0.115478516 0.835205078
vn -0.551454604 0.645989776 0.527821004
v -0.133056626 0.631027222 0.129104629
vt 0.098144531 0.826660156
vn -0.417776346 0.646371007 0.638488472
v -0.087165818 0.636718750 0.165863052
vt 0.118408203 0.840576172
vn -0.544083416 -0.307525486 0.780641735
v -0.120567307 0.639160156 0.138229385
vt 0.100097656 0.833984375
vn -0.686980009 -0.236889720 0.686980247
v -0.114944443 0.666671753 0.163421631
vt 0.101562500 0.851318359
vn -0.635201216 -0.376415610 0.674411356
v -0.140594468 0.659088135 0.128280640
vt 0.088623047 0.836914062
vn -0.715648472 -0.408942074 0.566227555
v -0.140640244 0.649520874 0.118530281
vt 0.088867188 0.830078125
vn -0.505506396 -0.173767850 0.845143735
vt 0.081054688 0.848144531
vt 0.083984375 0.829833984
v -0.127685532 0.708923340 0.168380737
vt 0.091064453 0.868164062
vn -0.709079146 -0.165451810 0.685443342
v -0.106285080 0.697921753 0.184265137
vt 0.103515625 0.869873047
vn -0.559193730 -0.204775214 0.803348958
v -0.150115952 0.738494873 0.147003174
vt 0.073730469 0.869628906
vn -0.677585483 -0.063031219 0.732738018
vt 0.070800781 0.853759766
vt 0.068603516 0.873291016
v -0.146087632 0.763092041 0.148376465
vt 0.067871094 0.881347656
vn -0.629843116 0.141714722 0.763684988
v -0.111213669 0.734146118 0.184341431
vt 0.093750000 0.884277344
vn -0.613488853 0.070787199 0.786524415
v -0.113609307 0.765075684 0.174072266
vt 0.081787109 0.892822266
vn -0.621950805 0.133837536 0.771534145
v -0.142639160 0.787475586 0.146530151
vt 0.063964844 0.896240234
vn -0.645269275 0.243943289 0.723960817
v -0.097679131 0.793365479 0.185272217
vt 0.079345703 0.905029297
vn -0.741146028 0.149806142 0.654416382
v -0.086379990 0.760223389 0.194961548
vt 0.095458984 0.899658203
vn -0.614726007 -0.031524409 0.788110495
v -0.086212143 0.730087280 0.199096680
vt 0.107177734 0.890380859
vn -0.605829775 -0.377660155 0.700245023
v -0.092857346 0.778869629 0.201736450
vt 0.087402344 0.906738281
vn -0.804022431 -0.149768889 0.575428009
v -0.091621384 0.804229736 0.200973511
vt 0.079101562 0.913330078
vn -0.786038220 0.408739895 0.463762641
v -0.088157639 0.740783691 0.196670532
vt 0.102539062 0.894042969
vn -0.628966570 0.369517893 0.684001267
v -0.078804001 0.799652100 0.212280273
vt 0.084228516 0.917968750
vn -0.243973374 0.220363185 0.944413602
v -0.073905930 0.822265625 0.196960449
vt 0.077636719 0.927001953
vn -0.268215865 0.851979911 0.449656069
v -0.060852040 0.812011719 0.203292847
vt 0.084960938 0.929199219
vn 0.363957882 0.450991184 0.814948797
v -0.078102097 0.769104004 0.209533691
vt 0.093261719 0.909912109
vn -0.251718819 -0.322514832 0.912481129
v -0.062988266 0.786865234 0.211364746
vt 0.091064453 0.920166016
vn 0.323155493 -0.031527299 0.945820570
v -0.052711472 0.793304443 0.204025254
vt 0.092529297 0.926269531
vn -0.031393927 0.259000868 0.965366781
v -0.055492390 0.820739746 0.189620957
vt 0.082275391 0.937011719
vn -0.180376828 0.603870571 0.776404977
v -0.066093430 0.762084961 0.203643799
vt 0.098144531 0.911376953
vn 0.110263698 -0.330790669 0.937240303
v -0.058467850 0.758636475 0.207229614
vt 0.101318359 0.913574219
vn -0.514239788 0.522151232 0.680378973
v -0.024299609 0.804962158 0.205200180
vt 0.092041016 0.941650391
vn -0.204775110 0.307162851 0.929364443
v -0.026645645 0.779815674 0.213455185
vt 0.103759766 0.932128906
vn -0.361611009 0.558138907 0.746805549
vt 0.104980469 0.944335938
vt 0.095703125 0.947021484
v -0.041931141 0.825897217 0.194732651
vt 0.084228516 0.950683594
vn -0.322494835 0.401152223 0.857364595
vt 0.110839844 0.938476562
v -0.021627415 0.822601318 0.200225815
vt 0.089843750 0.953613281
vn 0.078801326 0.630410075 0.772252262
vt 0.097900391 0.952148438
vt 0.090087891 0.959472656
v -0.039836865 0.767242432 0.224685654
vt 0.111083984 0.924560547
vn -0.567192912 0.764134884 0.307229519
v -0.025567986 0.762573242 0.255874634
vt 0.127197266 0.930908203
vn -0.511731744 0.763661265 0.393639863
vt 0.125000000 0.943115234
vt 0.140136719 0.943359375
vt 0.158935547 0.938232422
v -0.070892319 0.745178223 0.222747803
vt 0.110595703 0.906005859
vn -0.591800034 0.741722643 0.315626711
v -0.038661934 0.748565674 0.268356323
vt 0.135009766 0.922119141
vn -0.608548343 0.663870871 0.434677422
v -0.077400193 0.738342285 0.221694946
vt 0.113037109 0.901611328
vn -0.827978849 0.031542040 0.559871554
v -0.036777470 0.739624023 0.273818970
vt 0.140136719 0.919433594
vn -0.676097214 -0.471695870 0.566035032
vt 0.164794922 0.932861328
v -0.025024390 0.731567383 0.269912720
vt 0.146484375 0.914306641
vn -0.496602029 -0.717314184 0.488719642
vt 0.161621094 0.917724609
vt 0.158203125 0.904541016
v -0.048408486 0.724365234 0.239898667
vt 0.132324219 0.901123047
vn -0.600813925 -0.569192171 0.561286807
v -0.028228737 0.707763672 0.239837632
vt 0.143798828 0.894042969
vn -0.472866178 -0.788110435 0.394055307
v -0.081939682 0.724563599 0.201873779
vt 0.111083984 0.887939453
vn -0.550277650 -0.558138907 0.621027887
v -0.043567639 0.707565308 0.215560898
vt 0.132080078 0.884033203
vn -0.377251625 -0.463705242 0.801660001
v -0.076690659 0.702209473 0.202072144
vt 0.115966797 0.877441406
vn -0.440467119 -0.173040673 0.880934536
v -0.054302197 0.689712524 0.208694443
vt 0.128906250 0.874511719
vn -0.339203537 -0.276095986 0.899284244
vt 0.008056641 0.622070312
vt 0.007324219 0.610839844
v -0.032138832 0.910552979 0.078445427
vt 0.028076172 0.603271484
vn 0.165673181 -0.007889142 0.986149132
vt 0.009521484 0.587890625
v -0.043685921 0.901428223 0.088760369
vt 0.044921875 0.605224609
vn -0.039394472 0.787890315 0.614554405
vt 0.035888672 0.629394531
v -0.051582344 0.924255371 0.089828476
vt 0.036865234 0.587158203
vn 0.566227555 -0.503313303 0.652734399
vt 0.000000000 0.585937500
vt 0.010009766 0.579833984
v -0.043155678 0.917297363 0.094970688
vt 0.034423828 0.579101562
vn 0.149922580 -0.410314739 -0.899536073
v -0.070770271 0.896301270 0.095634453
vt 0.060302734 0.589599609
vn 0.597776949 -0.770817637 -0.220233664
v -0.059829716 0.887359619 0.111648552
vt 0.065429688 0.609375000
vn -0.086557865 0.967874110 0.236066818
v -0.078079231 0.886260986 0.098960869
vt 0.069091797 0.592285156
vn -0.102131285 0.722775757 0.683494270
v -0.106582642 0.859649658 0.120796204
vt 0.101806641 0.586425781
vn 0.779987216 -0.614535272 -0.118179955
v -0.083572388 0.876617432 0.112838738
vt 0.079833984 0.579833984
vn 0.283192486 -0.723714292 -0.629316807
vt 0.019531250 0.563964844
vt 0.009765625 0.566406250
v -0.047340401 0.908691406 0.095993035
vt 0.042480469 0.576416016
vn 0.298473209 -0.604801178 -0.738328695
vt 0.062500000 0.569580078
vt 0.076904297 0.569824219
vt 0.028564453 0.556884766
vt 0.026123047 0.556152344
vt 0.012451172 0.556640625
vt 0.022216797 0.548095703
v -0.037345890 0.901458740 0.111701958
vt 0.042724609 0.560302734
vn 0.447696149 -0.824703515 -0.345590055
v -0.061634064 0.879211426 0.126892090
vt 0.066650391 0.558349609
vn 0.559454143 -0.756445110 -0.338824391
v -0.039222714 0.875549316 0.160430893
vt 0.060546875 0.526611328
vn 0.530046046 -0.727824450 -0.435112447
v -0.015842436 0.901611328 0.155761704
vt 0.032958984 0.524902344
vn 0.572747290 -0.815968633 -0.078458562
vt 0.021240234 0.523193359
vt 0.166503906 0.703369141
vt 0.184570312 0.692138672
vt 0.187500000 0.718750000
v -0.042663574 0.876312256 0.142486557
vt 0.169433594 0.740478516
vn -0.188748300 0.833638489 0.519057810
vt 0.143554688 0.716308594
vt 0.186279297 0.733154297
vt 0.150146484 0.750732422
v -0.072311401 0.866455078 0.140716553
vt 0.188476562 0.751464844
vn 0.959114850 0.000000054 0.283017337
v -0.053363796 0.855957031 0.163681015
vt 0.172607422 0.768310547
vn -0.165410712 0.795547009 0.582875967
v -0.066139214 0.853393555 0.168182373
vt 0.183349609 0.775390625
vn 0.526369214 -0.762057006 -0.377100408
v -0.042076103 0.846435547 0.175659165
vt 0.158935547 0.776611328
vn 0.015793195 0.726484418 0.687001407
vt 0.137207031 0.789062500
vt 0.134033203 0.797851562
v -0.051372521 0.853454590 0.173233017
vt 0.168701172 0.775634766
vn -0.173201427 0.621950924 0.763661146
vt 0.151855469 0.801513672
v -0.068824761 0.839263916 0.171661377
vt 0.180419922 0.788574219
vn -0.473808855 0.473808944 0.742300689
v -0.078048699 0.853637695 0.160293579
vt 0.191894531 0.780517578
vn 0.330544770 -0.857842386 -0.393505692
v -0.094413757 0.856414795 0.136154175
vt 0.213134766 0.792236328
vn -0.576449513 0.536966681 0.615932405
vt 0.164062500 0.806884766
vt 0.135742188 0.817626953
v -0.089027397 0.813690186 0.180709839
vt 0.191162109 0.814208984
vn -0.534126580 0.628384292 0.565545857
v -0.117317192 0.808715820 0.161285400
vt 0.212890625 0.831542969
vn -0.605473876 0.487524450 0.629063845
vt 0.172851562 0.820312500
vt 0.163085938 0.818603516
vt 0.187988281 0.831298828
vt 0.197998047 0.828369141
vt 0.448486328 0.994384766
vt 0.432128906 0.990234375
vt 0.452880859 0.965087891
vt 0.471679688 0.986083984
v -0.030363077 0.869445801 0.173248276
vt 0.463867188 0.958740234
vn 0.710624814 -0.694833100 -0.110541694
vt 0.448730469 0.937255859
v -0.062187187 0.846862793 0.183670044
vt 0.483154297 0.983398438
vn 0.463519216 -0.872044563 0.157125130
vt 0.475341797 0.995849609
vt 0.055175781 0.864501953
v -0.102790833 0.854095459 0.135604858
vt 0.033447266 0.825195312
vn 0.527477264 -0.716424406 -0.456622154
vt 0.049804688 0.833984375
vt 0.039794922 0.884277344
v -0.113143921 0.838989258 0.143417358
vt 0.023681641 0.825683594
vn 0.276535153 -0.892813563 -0.355545223
v -0.090850830 0.866119385 0.125579834
vt 0.042236328 0.825683594
vn 0.267675042 -0.889625907 -0.370021403
v -0.107376099 0.858459473 0.121803284
vt 0.042724609 0.816406250
vn -0.094234265 0.109940156 0.989461064
v -0.112594604 0.848510742 0.125457764
vt 0.044677734 0.802734375
vn -0.697315633 -0.195875198 0.689480841
v -0.125595093 0.823425293 0.137374878
vt 0.059570312 0.789062500
vn -0.556901217 0.525526583 0.643181860
vt 0.023925781 0.810302734
vt 0.027343750 0.798339844
vt 0.047363281 0.791992188
vt 0.645751953 0.240478516
v -0.023590092 0.943542480 0.119201638
vt 0.667236328 0.239746094
vn -0.023703096 0.956021607 -0.292337209
vt 0.655029297 0.246093750
vt 0.669677734 0.255859375
vt 0.653076172 0.212402344
v -0.030916218 0.946136475 0.124237046
vt 0.675781250 0.244384766
vn 0.628364861 0.761892378 0.157091096
vt 0.678710938 0.257080078
v -0.039596565 0.953735352 0.104225144
vt 0.663085938 0.216308594
vn 0.614116073 0.692848980 -0.377917737
vt 0.660644531 0.184570312
vt 0.663818359 0.186279297
v -0.056255344 0.970886230 0.119567856
vt 0.676513672 0.206054688
vn 0.407883853 0.902050972 -0.141190678
vt 0.692382812 0.273193359
vt 0.682617188 0.275878906
v -0.025520323 0.921508789 0.161834702
vt 0.704833984 0.269287109
vn 0.850789487 0.401761711 0.338740081
vt 0.713623047 0.276611328
vt 0.695556641 0.282714844
vt 0.717773438 0.286621094
vt 0.711914062 0.296875000
v -0.028356547 0.885620117 0.181015000
vt 0.743896484 0.282226562
vn 0.763590217 0.015744189 0.645509124
vt 0.755371094 0.289550781
v -0.034870140 0.899597168 0.180053696
vt 0.736572266 0.274414062
vn 0.677585661 0.063031271 0.732737839
v -0.040817253 0.873107910 0.191772446
vt 0.762939453 0.276611328
vn 0.463462114 -0.361343175 0.809094608
vt 0.795166016 0.277343750
v -0.051456444 0.883605957 0.193099961
vt 0.761718750 0.268066406
vn 0.377251863 -0.110031702 0.919551015
v -0.070014946 0.869506836 0.195953369
vt 0.780761719 0.261718750
vn 0.102109417 -0.361309767 0.926838160
v -0.050590508 0.906341553 0.198852524
vt 0.745117188 0.259765625
vn 0.667864382 -0.141430020 0.730722070
v -0.090599053 0.836730957 0.180313110
vt 0.808837891 0.247558594
vt 0.834716797 0.227539062
v -0.095657341 0.877929688 0.203460693
vt 0.787353516 0.238525391
vn -0.031596977 -0.292273283 0.955812752
v -0.058097832 0.906188965 0.202575684
vt 0.750244141 0.255615234
vn -0.102203801 0.290888101 0.951282620
v -0.044128411 0.919921875 0.193405136
vt 0.732910156 0.257324219
vn 0.565807760 0.314337671 0.762268722
v -0.030815121 0.913391113 0.176223740
vt 0.722167969 0.268554688
vn 0.855672181 0.086352296 0.510263085
v -0.033401486 0.942291260 0.170379624
vt 0.707275391 0.250976562
vn 0.628384352 0.565545797 0.534126580
v -0.047508236 0.931610107 0.179000840
vt 0.720703125 0.248046875
vn -0.700244963 0.605829835 0.377660275
v -0.032444000 0.952270508 0.143875107
vt 0.685546875 0.241943359
vn 0.833200514 0.550226748 0.055022541
v -0.045330048 0.960845947 0.144363388
vt 0.687011719 0.227783203
vn -0.173206866 0.826669276 0.535366654
v -0.060470574 0.911956787 0.189941406
vt 0.742919922 0.246337891
vn -0.776715636 0.611957610 -0.149066553
v -0.076423652 0.966705322 0.112236008
vt 0.686279297 0.186767578
vn -0.559037685 0.259834498 0.787377357
v -0.048358917 0.949920654 0.149520859
vt 0.696044922 0.228027344
vn -0.961375237 -0.063041031 0.267924368
v -0.046363827 0.920471191 0.169342026
vt 0.723388672 0.236816406
vn -0.669374347 0.629999399 0.393749684
v -0.051837925 0.950531006 0.128295884
vt 0.698486328 0.209716797
vn -0.663146377 0.457886815 0.592095137
v -0.077133171 0.888244629 0.185974121
vt 0.760009766 0.230224609
vn -0.512160420 0.795818508 0.323055059
v -0.088516235 0.920349121 0.136932373
vt 0.732666016 0.193115234
vn -0.448152572 0.691884696 0.566087425
v -0.076042183 0.952484131 0.107208237
vt 0.698974609 0.185302734
vn -0.480777144 0.504422069 0.717225075
v -0.074851982 0.899475098 0.195083618
vt 0.760498047 0.241455078
vn -0.417815357 0.875047147 -0.244382516
v -0.102615349 0.886444092 0.198135376
vt 0.784423828 0.229492188
vn -0.315498978 0.843959868 0.433811128
v -0.109497063 0.881530762 0.181182861
vt 0.783203125 0.214599609
vn 0.031446300 0.943391621 -0.330187082
v -0.110290520 0.878082275 0.171463013
vt 0.778564453 0.206787109
vn -0.346897870 0.835708618 0.425738394
v -0.102180488 0.944519043 0.098495476
vt 0.710937500 0.163818359
vn -0.353804559 0.424565583 0.833406568
v -0.131576538 0.883819580 0.145690918
vt 0.775878906 0.178710938
vn -0.321699739 0.776787221 0.541397154
v -0.138656616 0.887817383 0.160568237
vt 0.790283203 0.183593750
vn 0.149806127 0.961913109 0.228651404
v -0.127075195 0.922698975 0.103729241
vt 0.738769531 0.153320312
vn -0.307659328 0.615318835 0.725760639
v -0.136108398 0.903076172 0.120178223
vt 0.761962891 0.158935547
vn 0.520784080 0.599690735 0.607581317
v -0.115882881 0.951385498 0.101135246
vt 0.710205078 0.151611328
vn -0.205265895 0.300004214 0.931591868
v -0.134414673 0.939941406 0.104331963
vt 0.734863281 0.141113281
vn 0.023710497 0.569050014 0.821961045
v -0.149032593 0.906219482 0.129653931
vt 0.771728516 0.151611328
vn -0.023677105 0.733992040 0.678745210
vt 0.718505859 0.135742188
v -0.101112373 0.966156006 0.094818108
vt 0.693359375 0.159179688
vn -0.401263952 0.889074981 -0.220301747
vt 0.686523438 0.142822266
vt 0.767822266 0.135009766
v -0.082977302 0.967651367 0.093963608
vt 0.680175781 0.176025391
vn 0.031629592 0.861909270 -0.506075203
v -0.154937744 0.891021729 0.140823364
vt 0.788574219 0.164062500
vn -0.969646871 -0.007883340 0.244382694
v -0.147506714 0.875518799 0.127395630
vt 0.800537109 0.158935547
vn -0.891395628 -0.386534423 -0.236653581
vt 0.782226562 0.131835938
vt 0.805664062 0.154541016
vt 0.802001953 0.136474609
v -0.142791748 0.867523193 0.143981934
vt 0.816650391 0.177490234
vn -0.793481886 -0.597075641 0.117844000
v -0.143600464 0.877960205 0.165710449
vt 0.802490234 0.187988281
vn -0.879710734 -0.243491411 0.408437252
v -0.127105713 0.887603760 0.188720703
vt 0.796386719 0.210449219
vn -0.188865215 0.975803435 0.110171333
v -0.128478989 0.881744385 0.192108154
vt 0.801025391 0.212890625
vn -0.552553058 -0.394680828 0.734106421
v -0.125778198 0.858642578 0.170043945
vt 0.821289062 0.207519531
vn -0.616470754 -0.640181184 0.458401471
vt 0.829345703 0.204589844
vt 0.818115234 0.164794922
v -0.107597344 0.861633301 0.186416626
vt 0.806640625 0.228515625
vn -0.299695969 -0.694033086 0.654599488
v -0.114654534 0.858093262 0.172988892
vt 0.815673828 0.221923828
vn -0.480881691 -0.480881810 0.733147740
v -0.087127678 0.862060547 0.190902710
vt 0.799316406 0.241943359
vn -0.259769917 -0.472309172 0.842284799
v -0.110786431 0.838165283 0.171737671
vt 0.822021484 0.228759766
vn -0.549971879 -0.628539443 0.549972057
vt 0.840087891 0.208251953
vt 0.870849609 0.231933594
vt 0.892333984 0.247070312
v -0.137298569 0.613601685 0.152069107
vt 0.876708984 0.243164062
vn 0.883397162 0.323386520 -0.339161545
vt 0.863281250 0.234130859
vt 0.879394531 0.252441406
v -0.141357407 0.631362915 0.134063736
vt 0.888427734 0.250976562
vn 0.940366328 0.339796245 0.015804337
vt 0.891113281 0.258300781
v -0.144897446 0.641586304 0.123466507
vt 0.895263672 0.256103516
vn 0.584783912 0.600588799 0.545271337
vt 0.898437500 0.260742188
vt 0.900878906 0.256347656
vt 0.898681641 0.239746094
vt 0.432617188 0.999755859
vt 0.404541016 0.999755859
vt 0.428222656 0.995117188
vt 0.050781250 0.137939453
vt 0.039062500 0.122070312
vt 0.061523438 0.113525391
v -0.149719238 0.784149170 0.140502930
vt 0.505126953 0.884521484
vn -0.811778903 0.307372630 0.496525139
vt 0.481445312 0.899414062
vt 0.489257812 0.885742188
v -0.135894775 0.820465088 0.135589600
vt 0.531250000 0.869140625
vn -0.695071399 0.418622583 0.584492028
vt 0.503417969 0.875488281
vt 0.477783203 0.865722656
vt 0.533447266 0.860351562
vt 0.542968750 0.850097656
vt 0.512939453 0.848876953
vt 0.534423828 0.828125000
vt 0.495605469 0.833984375
vt 0.507812500 0.826171875
v -0.110206604 0.871154785 0.107406616
vt 0.458251953 0.908447266
vn 0.463705242 -0.801659942 -0.377251774
vt 0.466552734 0.877441406
vt 0.465576172 0.942138672
vt 0.444580078 0.916015625
vt 0.010986328 0.774414062
vt 0.006347656 0.788574219
vt 0.005126953 0.774169922
f 1/1/1 2/2/2 3/3/3
f 2/2/2 1/1/1 4/4/4
f 3/3/3 2/2/2 5/5/5
f 2/2/2 4/4/4 6/6/6
f 2/2/2 6/6/6 5/5/5
f 3/3/3 5/5/5 7/7/7
f 5/5/5 6/6/6 8/8/8
f 7/7/7 5/5/5 9/9/9
f 9/9/9 5/5/5 8/8/8
f 7/7/7 9/9/9 10/10/10
f 9/9/9 8/8/8 11/11/11
f 9/9/9 11/11/11 10/10/10
f 8/8/8 6/6/6 12/12/12
f 11/11/11 8/8/8 13/13/13
f 13/13/13 8/8/8 12/12/12
f 11/11/11 13/13/13 14/14/14
f 11/11/11 14/14/14 15/15/15
f 11/11/11 15/15/15 10/10/10
f 14/14/14 13/13/13 16/16/16
f 17/17/17 7/7/7 10/10/10
f 7/7/7 17/17/17 18/18/18
f 7/7/7 18/18/18 3/3/3
f 18/18/18 17/17/17 19/19/19
f 18/18/18 19/19/19 20/20/20
f 18/18/18 20/20/20 3/3/3
f 3/3/3 20/20/20 1/1/1
f 17/17/17 10/10/10 21/21/21
f 17/17/17 21/21/21 22/22/22
f 22/22/22 21/21/21 23/23/23
f 21/21/21 10/10/10 24/24/24
f 21/21/21 24/24/24 23/23/23
f 24/24/24 10/10/10 15/15/15
f 23/23/23 24/24/24 25/25/25
f 25/25/25 24/24/24 15/15/15
f 23/23/23 25/25/25 26/26/26
f 23/23/23 26/26/26 27/27/27
f 27/27/27 26/26/26 28/28/28
f 28/28/28 26/26/26 29/29/29
f 29/29/29 26/26/26 30/30/30
f 30/30/30 26/26/26 31/31/31
f 31/31/31 26/26/26 25/25/25
f 30/30/30 31/31/31 32/32/32
f 32/32/32 31/31/31 33/33/33
f 33/33/33 31/31/31 25/25/25
f 33/33/33 25/25/25 15/15/15
f 33/33/33 15/15/15 34/34/34
f 33/33/33 34/34/34 35/35/35
f 34/34/34 15/15/15 14/14/14
f 34/34/34 14/14/14 16/16/16
f 36/36/36 34/34/34 37/37/37
f 37/37/37 34/34/34 16/16/16
f 37/37/37 16/16/16 38/38/38
f 38/38/38 16/16/16 39/39/39
f 38/38/38 39/39/39 40/40/40
f 39/39/39 16/16/16 41/41/41
f 41/41/41 16/16/16 13/13/13
f 40/40/40 39/39/39 42/42/42
f 42/42/42 39/39/39 41/41/41
f 41/41/41 13/13/13 12/12/12
f 40/40/40 42/42/42 43/43/43
f 40/40/40 43/43/43 44/44/44
f 42/42/42 41/41/41 45/45/45
f 41/41/41 12/12/12 46/46/46
f 41/41/41 46/46/46 45/45/45
f 43/43/43 42/42/42 47/47/47
f 47/47/47 42/42/42 45/45/45
f 43/43/43 47/47/47 48/48/48
f 43/43/43 48/48/48 49/49/49
f 49/49/49 48/48/48 50/50/50
f 48/48/48 47/47/47 51/51/51
f 48/48/48 51/51/51 50/50/50
f 47/47/47 45/45/45 52/52/52
f 47/47/47 52/52/52 51/51/51
f 50/50/50 51/51/51 53/53/53
f 50/50/50 53/53/53 54/54/54
f 54/54/54 53/53/53 55/55/55
f 55/55/55 53/53/53 56/56/56
f 56/56/56 53/53/53 51/51/51
f 51/51/51 52/52/52 57/57/57
f 51/51/51 57/57/57 56/56/56
f 56/56/56 57/57/57 58/58/58
f 56/56/56 58/58/58 59/59/59
f 59/59/59 58/58/58 60/60/60
f 60/60/60 58/58/58 57/57/57
f 57/57/57 52/52/52 61/61/61
f 60/60/60 57/57/57 62/62/62
f 62/62/62 57/57/57 61/61/61
f 61/61/61 52/52/52 63/63/63
f 63/63/63 52/52/52 45/45/45
f 62/62/62 61/61/61 64/64/64
f 64/64/64 61/61/61 63/63/63
f 60/60/60 62/62/62 65/65/65
f 65/65/65 62/62/62 64/64/64
f 60/60/60 65/65/65 66/66/66
f 60/60/60 66/66/66 67/67/67
f 67/67/67 66/66/66 68/68/68
f 63/63/63 45/45/45 69/69/69
f 69/69/69 45/45/45 46/46/46
f 64/64/64 63/63/63 70/70/70
f 70/70/70 63/63/63 69/69/69
f 69/69/69 46/46/46 71/71/71
f 71/71/71 46/46/46 12/12/12
f 69/69/69 71/71/71 72/72/72
f 69/69/69 72/72/72 70/70/70
f 71/71/71 12/12/12 73/73/73
f 73/73/73 12/12/12 6/6/6
f 72/72/72 71/71/71 74/74/74
f 74/74/74 71/71/71 73/73/73
f 73/73/73 6/6/6 4/4/4
f 72/72/72 74/74/74 75/75/75
f 74/74/74 73/73/73 76/76/76
f 74/74/74 76/76/76 75/75/75
f 76/76/76 73/73/73 77/77/77
f 77/77/77 73/73/73 4/4/4
f 75/75/75 76/76/76 78/78/78
f 78/78/78 76/76/76 77/77/77
f 72/72/72 75/75/75 79/79/79
f 79/79/79 75/75/75 78/78/78
f 80/80/80 70/70/70 72/72/72
f 80/80/80 72/72/72 79/79/79
f 70/70/70 80/80/80 81/81/81
f 80/80/80 79/79/79 82/82/82
f 80/80/80 82/82/82 81/81/81
f 82/82/82 79/79/79 83/83/83
f 81/81/81 82/82/82 84/84/84
f 83/83/83 79/79/79 85/85/85
f 81/81/81 84/84/84 86/86/86
f 85/85/85 79/79/79 87/87/87
f 87/87/87 79/79/79 78/78/78
f 85/85/85 87/87/87 88/88/88
f 81/81/81 86/86/86 89/89/89
f 89/89/89 86/86/86 90/90/90
f 91/91/91 70/70/70 81/81/81
f 91/91/91 81/81/81 89/89/89
f 70/70/70 91/91/91 64/64/64
f 91/91/91 89/89/89 92/92/92
f 64/64/64 91/91/91 93/93/93
f 93/93/93 91/91/91 92/92/92
f 64/64/64 93/93/93 65/65/65
f 92/92/92 89/89/89 94/94/94
f 92/92/92 94/94/94 93/93/93
f 93/93/93 94/94/94 65/65/65
f 94/94/94 89/89/89 90/90/90
f 65/65/65 94/94/94 66/66/66
f 66/66/66 94/94/94 90/90/90
f 66/66/66 90/90/90 95/95/95
f 96/96/96 88/88/88 87/87/87
f 88/88/88 96/96/96 97/97/97
f 97/97/97 96/96/96 98/98/98
f 96/96/96 87/87/87 99/99/99
f 99/99/99 87/87/87 78/78/78
f 96/96/96 99/99/99 100/100/100
f 96/96/96 100/100/100 98/98/98
f 99/99/99 78/78/78 101/101/101
f 99/99/99 101/101/101 100/100/100
f 101/101/101 78/78/78 102/102/102
f 102/102/102 78/78/78 77/77/77
f 100/100/100 101/101/101 103/103/103
f 102/102/102 77/77/77 104/104/104
f 104/104/104 77/77/77 4/4/4
f 101/101/101 102/102/102 105/105/105
f 101/101/101 105/105/105 103/103/103
f 100/100/100 103/103/103 106/106/106
f 100/100/100 106/106/106 98/98/98
f 104/104/104 4/4/4 107/107/107
f 107/107/107 4/4/4 1/1/1
f 102/102/102 104/104/104 108/108/108
f 108/108/108 104/104/104 107/107/107
f 102/102/102 108/108/108 109/109/109
f 102/102/102 109/109/109 105/105/105
f 107/107/107 1/1/1 110/110/110
f 110/110/110 1/1/1 20/20/20
f 108/108/108 107/107/107 111/111/111
f 111/111/111 107/107/107 110/110/110
f 109/109/109 108/108/108 112/112/112
f 112/112/112 108/108/108 111/111/111
f 111/111/111 110/110/110 113/113/113
f 113/113/113 110/110/110 20/20/20
f 111/111/111 113/113/113 112/112/112
f 113/113/113 20/20/20 114/114/114
f 113/113/113 114/114/114 115/115/115
f 113/113/113 115/115/115 112/112/112
f 112/112/112 115/115/115 116/116/116
f 112/112/112 116/116/116 109/109/109
f 116/116/116 115/115/115 117/117/117
f 116/116/116 117/117/117 118/118/118
f 109/109/109 116/116/116 119/119/119
f 119/119/119 116/116/116 118/118/118
f 109/109/109 119/119/119 105/105/105
f 105/105/105 119/119/119 103/103/103
f 119/119/119 118/118/118 120/120/120
f 119/119/119 120/120/120 103/103/103
f 120/120/120 118/118/118 121/121/121
f 120/120/120 121/121/121 122/122/122
f 103/103/103 120/120/120 106/106/106
f 106/106/106 120/120/120 122/122/122
f 106/106/106 122/122/122 123/123/123
f 106/106/106 123/123/123 124/124/124
f 124/124/124 123/123/123 125/125/125
f 125/125/125 123/123/123 126/126/126
f 106/106/106 124/124/124 98/98/98
f 124/124/124 125/125/125 127/127/127
f 124/124/124 127/127/127 98/98/98
f 127/127/127 125/125/125 128/128/128
f 127/127/127 128/128/128 129/129/129
f 98/98/98 127/127/127 130/130/130
f 130/130/130 127/127/127 129/129/129
f 98/98/98 130/130/130 131/131/131
f 98/98/98 131/131/131 132/132/132
f 130/130/130 129/129/129 133/133/133
f 133/133/133 129/129/129 134/134/134
f 130/130/130 133/133/133 135/135/135
f 130/130/130 135/135/135 131/131/131
f 131/131/131 135/135/135 136/136/136
f 83/137/83 137/138/137 82/139/82
f 82/139/82 137/138/137 138/140/138
f 137/138/137 83/137/83 139/141/139
f 138/140/138 137/138/137 140/142/140
f 140/142/140 137/138/137 139/141/139
f 82/139/82 138/140/138 141/143/141
f 82/139/82 141/143/141 84/144/84
f 139/141/139 83/137/83 142/145/142
f 142/145/142 83/137/83 85/146/85
f 142/145/142 85/146/85 143/147/143
f 143/147/143 85/146/85 88/148/88
f 143/147/143 88/148/88 97/149/97
f 142/145/142 143/147/143 144/150/144
f 142/145/142 144/150/144 145/151/145
f 142/145/142 145/151/145 139/141/139
f 145/151/145 144/150/144 146/152/146
f 139/141/139 145/151/145 147/153/147
f 139/141/139 147/153/147 140/142/140
f 145/151/145 146/152/146 148/154/148
f 145/151/145 148/154/148 147/153/147
f 148/154/148 146/152/146 149/155/149
f 140/142/140 147/153/147 150/156/150
f 150/156/150 147/153/147 148/154/148
f 148/154/148 149/155/149 151/157/151
f 148/154/148 151/157/151 150/156/150
f 151/157/151 149/155/149 152/158/152
f 150/156/150 151/157/151 153/159/153
f 153/159/153 151/157/151 152/158/152
f 150/156/150 153/159/153 154/160/154
f 153/159/153 152/158/152 155/161/155
f 153/159/153 155/161/155 154/160/154
f 156/162/156 152/158/152 157/163/157
f 152/158/152 156/162/156 155/161/155
f 155/161/155 156/162/156 158/164/158
f 158/164/158 156/162/156 159/165/159
f 158/164/158 159/165/159 160/166/160
f 158/164/158 160/166/160 161/167/161
f 158/164/158 161/167/161 155/161/155
f 155/161/155 161/167/161 162/168/162
f 155/161/155 162/168/162 154/160/154
f 162/168/162 161/167/161 163/169/163
f 162/168/162 163/169/163 164/170/164
f 162/168/162 164/170/164 165/171/165
f 162/168/162 165/171/165 154/160/154
f 165/171/165 164/170/164 166/172/166
f 165/171/165 166/172/166 167/173/167
f 165/171/165 167/173/167 154/160/154
f 167/173/167 166/172/166 168/174/168
f 154/160/154 167/173/167 169/175/169
f 154/160/154 169/175/169 150/156/150
f 150/156/150 169/175/169 140/142/140
f 167/173/167 168/174/168 170/176/170
f 167/173/167 170/176/170 169/175/169
f 170/176/170 168/174/168 171/177/171
f 140/142/140 169/175/169 172/178/172
f 172/178/172 169/175/169 170/176/170
f 140/142/140 172/178/172 138/140/138
f 170/176/170 171/177/171 173/179/173
f 170/176/170 173/179/173 172/178/172
f 138/140/138 172/178/172 174/180/174
f 174/180/174 172/178/172 173/179/173
f 138/140/138 174/180/174 141/143/141
f 174/180/174 173/179/173 175/181/175
f 174/180/174 175/181/175 141/143/141
f 175/181/175 173/179/173 176/182/176
f 141/143/141 175/181/175 177/183/177
f 141/143/141 177/183/177 84/144/84
f 175/181/175 176/182/176 178/184/178
f 175/181/175 178/184/178 177/183/177
f 84/144/84 177/183/177 179/185/179
f 179/185/179 177/183/177 178/184/178
f 84/144/84 179/185/179 86/186/86
f 178/184/178 176/182/176 180/187/180
f 180/187/180 176/182/176 181/188/181
f 180/187/180 181/188/181 182/189/182
f 178/184/178 180/187/180 183/190/183
f 183/190/183 180/187/180 182/189/182
f 178/184/178 183/190/183 179/185/179
f 183/190/183 182/189/182 184/191/184
f 185/192/185 86/186/86 179/185/179
f 185/192/185 179/185/179 183/190/183
f 185/192/185 183/190/183 184/191/184
f 86/186/86 185/192/185 90/193/90
f 90/193/90 185/192/185 184/191/184
f 186/194/186 143/195/143 97/196/97
f 186/194/186 97/196/97 98/197/98
f 143/195/143 186/194/186 144/198/144
f 186/194/186 98/197/98 132/199/132
f 144/198/144 186/194/186 187/200/187
f 144/198/144 187/200/187 146/201/146
f 146/201/146 187/200/187 149/202/149
f 187/200/187 186/194/186 188/203/188
f 188/203/188 186/194/186 132/199/132
f 149/202/149 187/200/187 189/204/189
f 149/202/149 189/204/189 190/205/190
f 149/202/149 190/205/190 152/206/152
f 152/206/152 190/205/190 157/207/157
f 189/204/189 187/200/187 191/208/191
f 191/208/191 187/200/187 188/203/188
f 191/208/191 188/203/188 192/209/192
f 191/208/191 192/209/192 193/210/193
f 193/210/193 192/209/192 194/211/194
f 194/211/194 192/209/192 195/212/195
f 195/212/195 192/209/192 188/203/188
f 194/211/194 195/212/195 196/213/196
f 196/213/196 195/212/195 197/214/197
f 195/212/195 188/203/188 198/215/198
f 195/212/195 198/215/198 197/214/197
f 198/215/198 188/203/188 132/199/132
f 197/214/197 198/215/198 199/216/199
f 198/215/198 132/199/132 200/217/200
f 198/215/198 200/217/200 199/216/199
f 200/217/200 132/199/132 136/218/136
f 136/218/136 132/199/132 131/219/131
f 200/217/200 136/218/136 201/220/201
f 201/220/201 136/218/136 202/221/202
f 200/217/200 201/220/201 199/216/199
f 197/214/197 199/216/199 203/222/203
f 197/214/197 203/222/203 204/223/204
f 199/216/199 201/220/201 205/224/205
f 204/223/204 203/222/203 206/225/206
f 204/223/204 206/225/206 207/226/207
f 203/222/203 199/216/199 208/227/208
f 208/227/208 199/216/199 205/224/205
f 203/222/203 208/227/208 209/228/209
f 203/222/203 209/228/209 206/225/206
f 208/227/208 205/224/205 210/229/210
f 208/227/208 210/229/210 209/228/209
f 211/230/211 205/224/205 201/220/201
f 205/224/205 211/230/211 210/229/210
f 211/230/211 201/220/201 212/231/212
f 209/228/209 210/229/210 213/232/213
f 210/229/210 211/230/211 214/233/214
f 210/229/210 214/233/214 213/232/213
f 211/230/211 212/231/212 215/234/215
f 211/230/211 215/234/215 214/233/214
f 215/234/215 212/231/212 216/235/216
f 215/234/215 216/235/216 217/236/217
f 215/234/215 217/236/217 218/237/218
f 215/234/215 218/237/218 214/233/214
f 214/233/214 218/237/218 219/238/219
f 214/233/214 219/238/219 220/239/220
f 214/233/214 220/239/220 213/232/213
f 213/232/213 220/239/220 221/240/221
f 213/232/213 221/240/221 222/241/222
f 222/241/222 221/240/221 223/242/223
f 222/241/222 223/242/223 224/243/224
f 222/241/222 224/243/224 225/244/225
f 213/232/213 222/241/222 226/245/226
f 213/232/213 226/245/226 209/228/209
f 209/228/209 226/245/226 206/225/206
f 226/245/226 222/241/222 227/246/227
f 227/246/227 222/241/222 225/244/225
f 226/245/226 227/246/227 206/225/206
f 227/246/227 225/244/225 228/247/228
f 228/247/228 225/244/225 229/248/229
f 206/225/206 227/246/227 230/249/230
f 206/225/206 230/249/230 207/226/207
f 207/226/207 230/249/230 231/250/231
f 230/249/230 227/246/227 232/251/232
f 230/249/230 232/251/232 231/250/231
f 232/251/232 227/246/227 228/247/228
f 231/250/231 232/251/232 233/252/233
f 233/252/233 232/251/232 228/247/228
f 234/253/234 114/254/114 20/255/20
f 234/253/234 20/255/20 19/256/19
f 114/254/114 234/253/234 235/257/235
f 234/253/234 19/256/19 236/258/236
f 234/253/234 236/258/236 235/257/235
f 236/258/236 19/256/19 237/259/237
f 237/259/237 19/256/19 17/260/17
f 235/257/235 236/258/236 238/261/238
f 236/258/236 237/259/237 239/262/239
f 236/258/236 239/262/239 238/261/238
f 237/259/237 17/260/17 240/263/240
f 237/259/237 240/263/240 239/262/239
f 240/263/240 17/260/17 22/264/22
f 238/261/238 239/262/239 241/265/241
f 241/265/241 239/262/239 240/263/240
f 240/263/240 22/264/22 242/266/242
f 240/263/240 242/266/242 241/265/241
f 242/266/242 22/264/22 23/267/23
f 242/266/242 23/267/23 27/268/27
f 242/266/242 27/268/27 243/269/243
f 241/265/241 242/266/242 244/270/244
f 244/270/244 242/266/242 243/269/243
f 243/269/243 27/268/27 245/271/245
f 243/269/243 245/271/245 244/270/244
f 245/271/245 27/268/27 28/272/28
f 245/271/245 28/272/28 246/273/246
f 245/271/245 246/273/246 244/270/244
f 246/273/246 28/272/28 247/274/247
f 247/274/247 28/272/28 248/275/248
f 247/274/247 248/275/248 249/276/249
f 247/274/247 249/276/249 250/277/250
f 246/273/246 247/274/247 251/278/251
f 246/273/246 251/278/251 244/270/244
f 247/274/247 250/277/250 252/279/252
f 247/274/247 252/279/252 251/278/251
f 252/279/252 250/277/250 253/280/253
f 253/280/253 250/277/250 254/281/254
f 253/280/253 254/281/254 255/282/255
f 252/279/252 253/280/253 256/283/256
f 256/283/256 253/280/253 255/282/255
f 251/278/251 252/279/252 257/284/257
f 257/284/257 252/279/252 256/283/256
f 256/283/256 255/282/255 258/285/258
f 258/285/258 255/282/255 259/286/259
f 257/284/257 256/283/256 260/287/260
f 258/285/258 259/286/259 261/288/261
f 261/288/261 259/286/259 262/289/262
f 256/283/256 258/285/258 263/290/263
f 256/283/256 263/290/263 260/287/260
f 258/285/258 261/288/261 264/291/264
f 258/285/258 264/291/264 263/290/263
f 261/288/261 262/289/262 265/292/265
f 264/291/264 261/288/261 266/293/266
f 266/293/266 261/288/261 265/292/265
f 264/291/264 266/293/266 267/294/267
f 265/292/265 262/289/262 268/295/268
f 267/294/267 266/293/266 269/296/269
f 269/296/269 266/293/266 265/292/265
f 264/291/264 267/294/267 270/297/270
f 264/291/264 270/297/270 263/290/263
f 270/297/270 267/294/267 269/296/269
f 268/295/268 262/289/262 271/298/271
f 269/296/269 265/292/265 272/299/272
f 272/299/272 265/292/265 268/295/268
f 263/290/263 270/297/270 273/300/273
f 263/290/263 273/300/273 260/287/260
f 270/297/270 269/296/269 274/301/274
f 270/297/270 274/301/274 273/300/273
f 274/301/274 269/296/269 275/302/275
f 275/302/275 269/296/269 272/299/272
f 273/300/273 274/301/274 276/303/276
f 274/301/274 275/302/275 277/304/277
f 274/301/274 277/304/277 276/303/276
f 273/300/273 276/303/276 278/305/278
f 273/300/273 278/305/278 260/287/260
f 276/303/276 277/304/277 279/306/279
f 276/303/276 279/306/279 278/305/278
f 277/304/277 275/302/275 280/307/280
f 279/306/279 277/304/277 281/308/281
f 281/308/281 277/304/277 280/307/280
f 260/287/260 278/305/278 282/309/282
f 278/305/278 279/306/279 283/310/283
f 278/305/278 283/310/283 282/309/282
f 279/306/279 281/308/281 284/311/284
f 279/306/279 284/311/284 283/310/283
f 284/311/284 281/308/281 285/312/285
f 285/312/285 281/308/281 280/307/280
f 283/310/283 284/311/284 286/313/286
f 286/313/286 284/311/284 285/312/285
f 283/310/283 286/313/286 287/314/287
f 283/310/283 287/314/287 282/309/282
f 286/313/286 285/312/285 288/315/288
f 289/316/289 260/287/260 282/309/282
f 260/287/260 289/316/289 257/284/257
f 257/284/257 289/316/289 251/278/251
f 289/316/289 282/309/282 290/317/290
f 289/316/289 290/317/290 251/278/251
f 290/317/290 282/309/282 291/318/291
f 291/318/291 282/309/282 287/314/287
f 251/278/251 290/317/290 292/319/292
f 251/278/251 292/319/292 244/270/244
f 290/317/290 291/318/291 293/320/293
f 290/317/290 293/320/293 292/319/292
f 244/270/244 292/319/292 294/321/294
f 294/321/294 292/319/292 293/320/293
f 244/270/244 294/321/294 241/265/241
f 241/265/241 294/321/294 238/261/238
f 238/261/238 294/321/294 295/322/295
f 295/322/295 294/321/294 293/320/293
f 238/261/238 295/322/295 235/257/235
f 296/323/296 293/320/293 291/318/291
f 293/320/293 296/323/296 295/322/295
f 235/257/235 295/322/295 297/324/297
f 297/324/297 295/322/295 296/323/296
f 235/257/235 297/324/297 114/254/114
f 114/254/114 297/324/297 115/325/115
f 115/325/115 297/324/297 117/326/117
f 117/326/117 297/324/297 296/323/296
f 117/326/117 296/323/296 291/318/291
f 117/326/117 291/318/291 287/314/287
f 117/326/117 287/314/287 298/327/298
f 117/326/117 298/327/298 118/328/118
f 118/328/118 298/327/298 121/329/121
f 121/329/121 298/327/298 299/330/299
f 121/329/121 299/330/299 122/331/122
f 298/327/298 287/314/287 300/332/300
f 298/327/298 300/332/300 299/330/299
f 300/332/300 287/314/287 301/333/301
f 301/333/301 287/314/287 286/313/286
f 299/330/299 300/332/300 302/334/302
f 302/334/302 300/332/300 301/333/301
f 301/333/301 286/313/286 288/315/288
f 302/334/302 301/333/301 303/335/303
f 303/335/303 301/333/301 288/315/288
f 299/330/299 302/334/302 304/336/304
f 304/336/304 302/334/302 303/335/303
f 299/330/299 304/336/304 305/337/305
f 299/330/299 305/337/305 122/331/122
f 304/336/304 303/335/303 306/338/306
f 303/335/303 288/315/288 307/339/307
f 303/335/303 307/339/307 306/338/306
f 307/339/307 288/315/288 308/340/308
f 308/340/308 288/315/288 285/312/285
f 307/339/307 308/340/308 309/341/309
f 307/339/307 309/341/309 306/338/306
f 309/341/309 308/340/308 310/342/310
f 309/341/309 310/342/310 306/338/306
f 308/340/308 285/312/285 311/343/311
f 308/340/308 311/343/311 310/342/310
f 311/343/311 285/312/285 280/307/280
f 306/338/306 310/342/310 312/344/312
f 313/345/313 304/336/304 306/338/306
f 313/345/313 306/338/306 312/344/312
f 304/336/304 313/345/313 305/337/305
f 311/343/311 280/307/280 314/346/314
f 310/342/310 311/343/311 315/347/315
f 315/347/315 311/343/311 314/346/314
f 314/346/314 280/307/280 316/348/316
f 316/348/316 280/307/280 275/302/275
f 316/348/316 275/302/275 272/299/272
f 314/346/314 316/348/316 317/349/317
f 314/346/314 317/349/317 315/347/315
f 316/348/316 272/299/272 318/350/318
f 316/348/316 318/350/318 317/349/317
f 319/351/319 310/342/310 315/347/315
f 310/342/310 319/351/319 312/344/312
f 315/347/315 317/349/317 320/352/320
f 319/351/319 315/347/315 321/353/321
f 321/353/321 315/347/315 320/352/320
f 319/351/319 321/353/321 322/354/322
f 319/351/319 322/354/322 312/344/312
f 321/353/321 320/352/320 323/355/323
f 322/354/322 321/353/321 324/356/324
f 324/356/324 321/353/321 323/355/323
f 322/354/322 324/356/324 325/357/325
f 322/354/322 325/357/325 312/344/312
f 324/356/324 323/355/323 326/358/326
f 324/356/324 326/358/326 325/357/325
f 323/355/323 320/352/320 327/359/327
f 312/344/312 325/357/325 328/360/328
f 312/344/312 328/360/328 313/345/313
f 313/345/313 328/360/328 329/361/329
f 313/345/313 329/361/329 305/337/305
f 329/361/329 328/360/328 330/362/330
f 329/361/329 330/362/330 305/337/305
f 330/362/330 328/360/328 325/357/325
f 330/362/330 325/357/325 331/363/331
f 331/363/331 325/357/325 326/358/326
f 305/337/305 330/362/330 332/364/332
f 332/364/332 330/362/330 331/363/331
f 305/337/305 332/364/332 333/365/333
f 305/337/305 333/365/333 122/331/122
f 122/331/122 333/365/333 123/366/123
f 333/365/333 332/364/332 334/367/334
f 333/365/333 334/367/334 123/366/123
f 334/367/334 332/364/332 331/363/331
f 123/366/123 334/367/334 126/368/126
f 334/367/334 331/363/331 335/369/335
f 126/368/126 334/367/334 336/370/336
f 336/370/336 334/367/334 335/369/335
f 335/369/335 331/363/331 337/371/337
f 337/371/337 331/363/331 326/358/326
f 335/369/335 337/371/337 336/370/336
f 126/368/126 336/370/336 338/372/338
f 126/368/126 338/372/338 128/373/128
f 126/368/126 128/373/128 125/374/125
f 128/373/128 338/372/338 134/375/134
f 134/375/134 338/372/338 336/370/336
f 128/373/128 134/375/134 129/376/129
f 336/370/336 337/371/337 339/377/339
f 336/370/336 339/377/339 134/375/134
f 135/378/135 133/379/133 134/375/134
f 135/378/135 134/375/134 339/377/339
f 135/378/135 339/377/339 202/380/202
f 135/378/135 202/380/202 136/381/136
f 212/382/212 201/383/201 202/380/202
f 212/382/212 202/380/202 216/384/216
f 216/384/216 202/380/202 339/377/339
f 216/384/216 339/377/339 340/385/340
f 340/385/340 339/377/339 337/371/337
f 216/384/216 340/385/340 341/386/341
f 216/384/216 341/386/341 217/387/217
f 340/385/340 337/371/337 342/388/342
f 342/388/342 337/371/337 326/358/326
f 341/386/341 340/385/340 343/389/343
f 343/389/343 340/385/340 342/388/342
f 341/386/341 343/389/343 344/390/344
f 341/386/341 344/390/344 345/391/345
f 343/389/343 342/388/342 346/392/346
f 346/392/346 342/388/342 326/358/326
f 343/389/343 346/392/346 344/390/344
f 346/392/346 326/358/326 323/355/323
f 346/392/346 323/355/323 327/359/327
f 346/392/346 327/359/327 344/390/344
f 344/390/344 327/359/327 347/393/347
f 348/394/348 349/395/349 327/359/327
f 348/394/348 327/359/327 320/352/320
f 348/394/348 320/352/320 317/349/317
f 348/394/348 317/349/317 350/396/350
f 348/394/348 350/396/350 351/397/351
f 350/396/350 317/349/317 318/350/318
f 350/396/350 318/350/318 352/398/352
f 352/398/352 318/350/318 353/399/353
f 352/398/352 353/399/353 354/400/354
f 354/400/354 353/399/353 355/401/355
f 353/399/353 318/350/318 356/402/356
f 356/402/356 318/350/318 272/299/272
f 356/402/356 272/299/272 268/295/268
f 353/399/353 356/402/356 357/403/357
f 357/403/357 356/402/356 268/295/268
f 355/401/355 353/399/353 358/404/358
f 358/404/358 353/399/353 357/403/357
f 355/401/355 358/404/358 359/405/359
f 359/405/359 358/404/358 360/406/360
f 360/406/360 358/404/358 361/407/361
f 361/407/361 358/404/358 357/403/357
f 360/406/360 361/407/361 362/408/362
f 361/407/361 357/403/357 363/409/363
f 361/407/361 363/409/363 364/410/364
f 363/409/363 357/403/357 365/411/365
f 365/411/365 357/403/357 268/295/268
f 363/409/363 365/411/365 366/412/366
f 365/411/365 268/295/268 271/298/271
f 365/411/365 271/298/271 366/412/366
f 184/413/184 95/414/95 90/415/90
f 95/414/95 184/413/184 367/416/367
f 367/416/367 184/413/184 182/417/182
f 95/414/95 367/416/367 368/418/368
f 95/414/95 368/418/368 66/419/66
f 367/416/367 182/417/182 369/420/369
f 66/419/66 368/418/368 68/421/68
f 368/418/368 367/416/367 370/422/370
f 370/422/370 367/416/367 369/420/369
f 68/421/68 368/418/368 371/423/371
f 368/418/368 370/422/370 372/424/68
f 368/418/368 372/424/68 371/423/371
f 369/420/369 182/417/182 373/425/372
f 373/425/372 182/417/182 181/426/181
f 370/422/370 369/420/369 374/427/373
f 369/420/369 373/425/372 375/428/374
f 369/420/369 375/428/374 374/427/373
f 373/425/372 181/426/181 376/429/375
f 373/425/372 376/429/375 375/428/374
f 376/429/375 181/426/181 377/430/376
f 377/430/376 181/426/181 176/431/176
f 375/428/374 376/429/375 378/432/377
f 378/432/377 376/429/375 377/430/376
f 374/427/373 375/428/374 379/433/378
f 379/433/378 375/428/374 378/432/377
f 380/434/379 370/422/370 374/427/373
f 380/434/379 374/427/373 379/433/378
f 370/422/370 380/434/379 372/424/68
f 379/433/378 378/432/377 381/435/380
f 379/433/378 381/435/380 380/434/379
f 382/436/381 378/432/377 377/430/376
f 378/432/377 382/436/381 381/435/380
f 383/437/382 377/430/376 176/431/176
f 377/430/376 383/437/382 382/436/381
f 383/437/382 176/431/176 173/438/173
f 383/437/382 173/438/173 171/439/171
f 383/437/382 171/439/171 382/436/381
f 384/440/383 372/424/68 380/434/379
f 372/424/68 384/440/383 385/441/384
f 384/440/383 380/434/379 386/442/385
f 386/442/385 380/434/379 381/435/380
f 384/440/383 386/442/385 385/441/384
f 382/436/381 171/439/171 387/443/386
f 388/444/387 381/435/380 382/436/381
f 388/444/387 382/436/381 387/443/386
f 387/443/386 171/439/171 389/445/388
f 389/445/388 171/439/171 390/446/389
f 388/444/387 387/443/386 391/447/390
f 391/447/390 387/443/386 389/445/388
f 381/435/380 388/444/387 392/448/391
f 381/435/380 392/448/391 386/442/385
f 388/444/387 391/447/390 393/449/392
f 388/444/387 393/449/392 392/448/391
f 386/442/385 392/448/391 394/450/393
f 394/450/393 392/448/391 393/449/392
f 386/442/385 394/450/393 385/441/384
f 393/449/392 391/447/390 395/451/394
f 393/449/392 395/451/394 394/450/393
f 394/450/393 395/451/394 396/452/395
f 394/450/393 396/452/395 385/441/384
f 395/451/394 391/447/390 397/453/396
f 397/453/396 391/447/390 389/445/388
f 396/452/395 395/451/394 398/454/397
f 396/452/395 398/454/397 385/441/384
f 398/454/397 395/451/394 397/453/396
f 385/441/384 398/454/397 371/423/371
f 385/441/384 371/423/371 372/424/68
f 398/454/397 397/453/396 399/455/398
f 398/454/397 399/455/398 371/423/371
f 397/453/396 389/445/388 400/456/399
f 397/453/396 400/456/399 399/455/398
f 371/423/371 399/455/398 401/457/400
f 371/423/371 401/457/400 68/421/68
f 399/455/398 400/456/399 402/458/401
f 399/455/398 402/458/401 401/457/400
f 400/456/399 389/445/388 403/459/402
f 400/456/399 403/459/402 402/458/401
f 403/459/402 389/445/388 404/460/403
f 404/460/403 389/445/388 390/446/389
f 404/460/403 390/446/389 54/461/54
f 404/460/403 54/461/54 55/462/55
f 404/460/403 55/462/55 405/463/404
f 403/459/402 404/460/403 406/464/405
f 406/464/405 404/460/403 405/463/404
f 403/459/402 406/464/405 402/458/401
f 402/458/401 406/464/405 407/465/406
f 407/465/406 406/464/405 405/463/404
f 402/458/401 407/465/406 401/457/400
f 407/465/406 405/463/404 408/466/407
f 407/465/406 408/466/407 401/457/400
f 401/457/400 408/466/407 68/421/68
f 408/466/407 405/463/404 67/467/67
f 408/466/407 67/467/67 68/421/68
f 409/468/408 410/469/409 411/470/410
f 410/469/409 409/468/408 412/471/411
f 409/468/408 411/470/410 413/472/412
f 409/468/408 413/472/412 412/471/411
f 413/472/412 411/470/410 191/473/191
f 413/472/412 191/473/191 193/474/193
f 191/473/191 411/470/410 414/475/413
f 191/473/191 414/475/413 189/476/189
f 189/476/189 414/475/413 190/477/190
f 414/475/413 411/470/410 415/478/414
f 414/475/413 415/478/414 190/477/190
f 415/478/414 411/470/410 410/469/409
f 190/477/190 415/478/414 157/479/157
f 157/479/157 415/478/414 410/469/409
f 416/480/415 413/472/412 193/474/193
f 416/480/415 193/474/193 194/481/194
f 413/472/412 416/480/415 417/482/416
f 413/472/412 417/482/416 412/471/411
f 416/480/415 194/481/194 418/483/417
f 416/480/415 418/483/417 417/482/416
f 418/483/417 194/481/194 196/484/196
f 418/483/417 196/484/196 419/485/418
f 419/485/418 196/484/196 197/486/197
f 417/482/416 418/483/417 420/487/419
f 417/482/416 420/487/419 412/471/411
f 420/487/419 418/483/417 421/488/420
f 420/487/419 421/488/420 422/489/421
f 420/487/419 422/489/421 412/471/411
f 422/489/421 421/488/420 423/490/422
f 422/489/421 423/490/422 424/491/423
f 424/491/423 423/490/422 425/492/424
f 412/471/411 422/489/421 426/493/425
f 412/471/411 426/493/425 410/469/409
f 410/469/409 426/493/425 427/494/426
f 427/494/426 426/493/425 428/495/427
f 427/494/426 428/495/427 429/496/428
f 427/494/426 429/496/428 430/497/429
f 427/494/426 430/497/429 431/498/430
f 427/494/426 431/498/430 410/469/409
f 410/469/409 431/498/430 157/479/157
f 157/479/157 431/498/430 432/499/431
f 157/479/157 432/499/431 156/500/156
f 432/499/431 431/498/430 159/501/159
f 432/499/431 159/501/159 156/500/156
f 168/502/168 390/503/389 171/504/171
f 390/503/389 168/502/168 433/505/432
f 433/505/432 168/502/168 166/506/166
f 390/503/389 433/505/432 434/507/433
f 390/503/389 434/507/433 54/508/54
f 54/508/54 434/507/433 50/509/50
f 50/509/50 434/507/433 435/510/434
f 435/510/434 434/507/433 436/511/435
f 435/510/434 436/511/435 49/512/49
f 49/512/49 436/511/435 437/513/436
f 436/511/435 434/507/433 438/514/437
f 438/514/437 434/507/433 433/505/432
f 437/513/436 436/511/435 439/515/438
f 439/515/438 436/511/435 438/514/437
f 438/514/437 433/505/432 440/516/439
f 440/516/439 433/505/432 166/506/166
f 438/514/437 440/516/439 439/515/438
f 437/513/436 439/515/438 441/517/440
f 437/513/436 441/517/440 442/518/441
f 442/518/441 441/517/440 443/519/442
f 443/519/442 441/517/440 444/520/443
f 444/520/443 441/517/440 439/515/438
f 444/520/443 439/515/438 445/521/444
f 445/521/444 439/515/438 440/516/439
f 444/520/443 445/521/444 446/522/445
f 446/522/445 445/521/444 447/523/446
f 447/523/446 445/521/444 448/524/447
f 447/523/446 448/524/447 449/525/448
f 445/521/444 440/516/439 450/526/449
f 445/521/444 450/526/449 448/524/447
f 450/526/449 440/516/439 451/527/450
f 451/527/450 440/516/439 166/506/166
f 451/527/450 166/506/166 164/528/164
f 450/526/449 451/527/450 452/529/451
f 452/529/451 451/527/450 164/528/164
f 450/526/449 452/529/451 448/524/447
f 452/529/451 164/528/164 163/530/163
f 453/531/452 449/525/448 448/524/447
f 453/531/452 448/524/447 452/529/451
f 453/531/452 452/529/451 163/530/163
f 449/525/448 453/531/452 454/532/453
f 453/531/452 163/530/163 455/533/454
f 453/531/452 455/533/454 454/532/453
f 456/534/455 457/535/456 454/532/453
f 456/534/455 454/532/453 455/533/454
f 456/534/455 455/533/454 458/536/457
f 456/534/455 458/536/457 459/537/458
f 455/533/454 163/530/163 460/538/459
f 460/538/459 163/530/163 161/539/161
f 458/536/457 455/533/454 461/540/460
f 461/540/460 455/533/454 460/538/459
f 460/538/459 161/539/161 462/541/461
f 460/538/459 462/541/461 461/540/460
f 462/541/461 161/539/161 160/542/160
f 462/541/461 160/542/160 463/543/462
f 463/543/462 160/542/160 464/544/463
f 462/541/461 463/543/462 465/545/464
f 462/541/461 465/545/464 461/540/460
f 466/546/465 458/536/457 461/540/460
f 466/546/465 461/540/460 465/545/464
f 458/536/457 466/546/465 459/537/458
f 466/546/465 465/545/464 467/547/466
f 467/547/466 465/545/464 468/548/467
f 459/537/458 466/546/465 469/549/468
f 469/549/468 466/546/465 467/547/466
f 469/549/468 467/547/466 470/550/469
f 459/537/458 469/549/468 471/551/470
f 469/549/468 470/550/469 472/552/471
f 469/549/468 472/552/471 471/551/470
f 471/551/470 472/552/471 473/553/472
f 473/553/472 472/552/471 474/554/473
f 55/555/55 56/556/56 405/557/404
f 405/557/404 56/556/56 59/558/59
f 405/557/404 59/558/59 67/559/67
f 67/559/67 59/558/59 60/560/60
f 435/561/434 49/562/49 50/563/50
f 437/564/436 44/565/44 49/566/49
f 49/566/49 44/565/44 43/567/43
f 44/565/44 437/564/436 442/568/441
f 44/565/44 442/568/441 475/569/474
f 475/569/474 442/568/441 476/570/475
f 476/570/475 442/568/441 443/571/442
f 476/570/475 443/571/442 477/572/476
f 476/570/475 477/572/476 478/573/477
f 476/570/475 478/573/477 479/574/478
f 476/570/475 479/574/478 475/569/474
f 479/574/478 478/573/477 480/575/479
f 44/565/44 475/569/474 481/576/480
f 44/565/44 481/576/480 40/577/40
f 40/577/40 481/576/480 38/578/38
f 38/578/38 481/576/480 482/579/481
f 38/578/38 482/579/481 37/580/37
f 481/576/480 475/569/474 483/581/482
f 481/576/480 483/581/482 482/579/481
f 37/580/37 482/579/481 36/582/36
f 483/581/482 475/569/474 484/583/483
f 484/583/483 475/569/474 479/574/478
f 482/579/481 483/581/482 485/584/484
f 485/584/484 483/581/482 484/583/483
f 36/582/36 482/579/481 486/585/485
f 486/585/485 482/579/481 485/584/484
f 36/582/36 486/585/485 487/586/486
f 36/582/36 487/586/486 35/587/35
f 36/582/36 35/587/35 34/588/34
f 486/585/485 485/584/484 488/589/487
f 488/589/487 485/584/484 484/583/483
f 486/585/485 488/589/487 489/590/488
f 490/591/489 484/583/483 479/574/478
f 484/583/483 490/591/489 488/589/487
f 490/591/489 479/574/478 480/575/479
f 489/590/488 488/589/487 491/592/490
f 489/590/488 491/592/490 492/593/491
f 492/593/491 491/592/490 493/594/492
f 490/591/489 480/575/479 494/595/493
f 494/595/493 480/575/479 495/596/494
f 488/589/487 490/591/489 496/597/495
f 496/597/495 490/591/489 494/595/493
f 494/595/493 495/596/494 497/598/496
f 488/589/487 496/597/495 498/599/497
f 488/589/487 498/599/497 491/592/490
f 499/600/498 493/594/492 491/592/490
f 499/600/498 491/592/490 498/599/497
f 493/594/492 499/600/498 500/601/499
f 498/599/497 496/597/495 501/602/500
f 501/602/500 496/597/495 494/595/493
f 499/600/498 498/599/497 502/603/501
f 502/603/501 498/599/497 501/602/500
f 501/602/500 494/595/493 503/604/502
f 503/604/502 494/595/493 497/598/496
f 501/602/500 503/604/502 502/603/501
f 503/604/502 497/598/496 504/605/503
f 503/604/502 504/605/503 505/606/504
f 503/604/502 505/606/504 502/603/501
f 499/600/498 502/603/501 506/607/505
f 506/607/505 502/603/501 505/606/504
f 499/600/498 506/607/505 500/601/499
f 506/607/505 505/606/504 507/608/506
f 506/607/505 507/608/506 500/601/499
f 500/601/499 507/608/506 508/609/507
f 419/610/418 421/611/420 418/612/417
f 421/611/420 419/610/418 423/613/422
f 204/614/204 419/610/418 197/615/197
f 419/610/418 204/614/204 509/616/508
f 419/610/418 509/616/508 423/613/422
f 509/616/508 204/614/204 207/617/207
f 423/613/422 509/616/508 510/618/509
f 509/616/508 207/617/207 511/619/510
f 509/616/508 511/619/510 510/618/509
f 511/619/510 207/617/207 231/620/231
f 511/619/510 231/620/231 512/621/511
f 511/619/510 512/621/511 513/622/512
f 511/619/510 513/622/512 510/618/509
f 513/622/512 512/621/511 514/623/513
f 513/622/512 514/623/513 515/624/514
f 425/625/424 423/613/422 510/618/509
f 513/622/512 515/624/514 516/626/515
f 513/622/512 516/626/515 510/618/509
f 516/626/515 515/624/514 517/627/516
f 510/618/509 516/626/515 518/628/517
f 518/628/517 516/626/515 517/627/516
f 510/618/509 518/628/517 425/625/424
f 518/628/517 517/627/516 519/629/518
f 425/625/424 518/628/517 428/630/427
f 428/630/427 518/628/517 519/629/518
f 425/625/424 428/630/427 422/631/421
f 422/631/421 428/630/427 426/632/425
f 425/625/424 422/631/421 520/633/519
f 425/625/424 520/633/519 521/634/520
f 520/633/519 422/631/421 424/635/423
f 428/630/427 519/629/518 522/636/521
f 428/630/427 522/636/521 429/637/428
f 522/636/521 519/629/518 523/638/522
f 429/637/428 522/636/521 430/639/429
f 430/639/429 522/636/521 523/638/522
f 520/640/519 524/641/523 521/642/520
f 521/642/520 524/641/523 425/643/424
f 524/641/523 520/640/519 424/644/423
f 524/641/523 424/644/423 425/643/424
f 525/645/524 526/646/525 527/647/526
f 527/647/526 526/646/525 528/648/313
f 528/648/313 526/646/525 529/649/527
f 527/647/526 528/648/313 530/650/528
f 529/649/527 526/646/525 531/651/529
f 528/648/313 529/649/527 532/652/530
f 532/652/530 529/649/527 531/651/529
f 528/648/313 532/652/530 533/653/531
f 528/648/313 533/653/531 530/650/528
f 533/653/531 532/652/530 534/654/532
f 534/654/532 532/652/530 535/655/533
f 535/655/533 532/652/530 531/651/529
f 533/653/531 534/654/532 536/656/534
f 537/657/535 531/651/529 526/646/525
f 537/657/535 526/646/525 525/645/524
f 534/654/532 535/655/533 538/658/536
f 534/654/532 538/658/536 536/656/534
f 533/653/531 536/656/534 539/659/537
f 533/653/531 539/659/537 530/650/528
f 539/659/537 536/656/534 540/660/538
f 540/660/538 536/656/534 541/661/539
f 541/661/539 536/656/534 538/658/536
f 538/658/536 535/655/533 542/662/540
f 540/660/538 541/661/539 543/663/541
f 539/659/537 540/660/538 544/664/542
f 544/664/542 540/660/538 543/663/541
f 545/665/543 530/650/528 539/659/537
f 545/665/543 539/659/537 544/664/542
f 544/664/542 543/663/541 546/666/544
f 546/666/544 543/663/541 547/667/545
f 547/667/545 543/663/541 548/668/546
f 548/668/546 543/663/541 541/661/539
f 544/664/542 546/666/544 549/669/547
f 544/664/542 549/669/547 545/665/543
f 549/669/547 546/666/544 550/670/548
f 549/669/547 550/670/548 551/671/549
f 549/669/547 551/671/549 545/665/543
f 551/671/549 550/670/548 552/672/550
f 545/665/543 551/671/549 553/673/551
f 545/665/543 553/673/551 530/650/528
f 551/671/549 552/672/550 554/674/552
f 551/671/549 554/674/552 553/673/551
f 554/674/552 552/672/550 555/675/553
f 554/674/552 555/675/553 556/676/554
f 554/674/552 556/676/554 553/673/551
f 556/676/554 555/675/553 557/677/555
f 530/650/528 553/673/551 558/678/556
f 558/678/556 553/673/551 556/676/554
f 530/650/528 558/678/556 527/647/526
f 556/676/554 557/677/555 559/679/557
f 556/676/554 559/679/557 558/678/556
f 559/679/557 557/677/555 560/680/558
f 527/647/526 558/678/556 525/645/524
f 525/645/524 558/678/556 559/679/557
f 559/679/557 560/680/558 561/681/559
f 561/681/559 560/680/558 562/682/560
f 525/645/524 559/679/557 563/683/561
f 563/683/561 559/679/557 561/681/559
f 561/681/559 562/682/560 564/684/562
f 561/681/559 564/684/562 563/683/561
f 564/684/562 562/682/560 565/685/563
f 525/645/524 563/683/561 566/686/564
f 566/686/564 563/683/561 564/684/562
f 525/645/524 566/686/564 537/657/535
f 564/684/562 565/685/563 567/687/565
f 567/687/565 565/685/563 568/688/566
f 567/687/565 568/688/566 229/689/229
f 567/687/565 229/689/229 225/690/225
f 564/684/562 567/687/565 569/691/567
f 569/691/567 567/687/565 225/690/225
f 564/684/562 569/691/567 566/686/564
f 569/691/567 225/690/225 224/692/224
f 570/693/568 537/657/535 566/686/564
f 570/693/568 566/686/564 569/691/567
f 570/693/568 569/691/567 224/692/224
f 537/657/535 570/693/568 531/651/529
f 570/693/568 224/692/224 571/694/569
f 570/693/568 571/694/569 531/651/529
f 571/694/569 224/692/224 223/695/223
f 531/651/529 571/694/569 572/696/570
f 572/696/570 571/694/569 223/695/223
f 531/651/529 572/696/570 535/655/533
f 535/655/533 572/696/570 573/697/571
f 573/697/571 572/696/570 223/695/223
f 535/655/533 573/697/571 542/662/540
f 573/697/571 223/695/223 574/698/572
f 573/697/571 574/698/572 575/699/573
f 574/698/572 223/695/223 221/700/221
f 574/698/572 221/700/221 220/701/220
f 574/698/572 220/701/220 219/702/219
f 542/662/540 573/697/571 576/703/574
f 542/662/540 576/703/574 538/658/536
f 538/658/536 576/703/574 577/704/575
f 538/658/536 577/704/575 541/661/539
f 541/661/539 577/704/575 548/668/546
f 577/704/575 576/703/574 578/705/576
f 578/705/576 576/703/574 579/706/577
f 548/668/546 577/704/575 580/707/578
f 580/707/578 577/704/575 578/705/576
f 548/668/546 580/707/578 581/708/579
f 581/708/579 580/707/578 582/709/580
f 582/709/580 580/707/578 578/705/576
f 582/709/580 578/705/576 579/706/577
f 582/709/580 579/706/577 583/710/581
f 582/709/580 583/710/581 584/711/582
f 562/712/560 585/713/583 565/714/563
f 565/714/563 585/713/583 586/715/584
f 585/713/583 562/712/560 587/716/432
f 587/716/432 562/712/560 560/717/558
f 585/713/583 587/716/432 588/718/585
f 585/713/583 588/718/585 586/715/584
f 587/716/432 560/717/558 589/719/586
f 587/716/432 589/719/586 588/718/585
f 565/714/563 586/715/584 568/720/566
f 589/719/586 560/717/558 590/721/587
f 586/715/584 588/718/585 591/722/588
f 591/722/588 588/718/585 589/719/586
f 568/720/566 586/715/584 592/723/589
f 586/715/584 591/722/588 593/724/590
f 586/715/584 593/724/590 592/723/589
f 591/722/588 589/719/586 594/725/591
f 594/725/591 589/719/586 590/721/587
f 593/724/590 591/722/588 595/726/592
f 595/726/592 591/722/588 594/725/591
f 593/724/590 595/726/592 596/727/593
f 595/726/592 594/725/591 597/728/594
f 595/726/592 597/728/594 596/727/593
f 598/729/595 592/723/589 593/724/590
f 598/729/595 593/724/590 596/727/593
f 592/723/589 598/729/595 599/730/596
f 592/723/589 599/730/596 568/720/566
f 568/720/566 599/730/596 600/731/597
f 568/720/566 600/731/597 229/732/229
f 599/730/596 598/729/595 601/733/598
f 599/730/596 601/733/598 600/731/597
f 598/729/595 596/727/593 602/734/599
f 598/729/595 602/734/599 601/733/598
f 601/733/598 602/734/599 603/735/600
f 600/731/597 601/733/598 604/736/601
f 229/732/229 600/731/597 228/737/228
f 600/731/597 604/736/601 605/738/602
f 228/737/228 600/731/597 606/739/603
f 606/739/603 600/731/597 605/738/602
f 228/737/228 606/739/603 233/740/233
f 233/740/233 606/739/603 605/738/602
f 233/740/233 605/738/602 607/741/604
f 608/742/605 603/735/600 602/734/599
f 608/742/605 602/734/599 596/727/593
f 603/735/600 608/742/605 609/743/606
f 608/742/605 596/727/593 610/744/607
f 610/744/607 596/727/593 597/728/594
f 609/743/606 608/742/605 611/745/608
f 611/745/608 608/742/605 610/744/607
f 609/743/606 611/745/608 612/746/609
f 611/745/608 610/744/607 613/747/610
f 613/747/610 610/744/607 597/728/594
f 611/745/608 613/747/610 612/746/609
f 609/743/606 612/746/609 614/748/611
f 614/748/611 612/746/609 615/749/612
f 615/749/612 612/746/609 616/750/613
f 615/749/612 616/750/613 617/751/614
f 612/746/609 613/747/610 618/752/615
f 612/746/609 618/752/615 616/750/613
f 617/751/614 616/750/613 619/753/616
f 617/751/614 619/753/616 581/754/579
f 581/754/579 619/753/616 548/755/546
f 548/755/546 619/753/616 547/756/545
f 619/753/616 616/750/613 620/757/617
f 619/753/616 620/757/617 547/756/545
f 616/750/613 618/752/615 621/758/618
f 616/750/613 621/758/618 620/757/617
f 621/758/618 618/752/615 622/759/619
f 622/759/619 618/752/615 613/747/610
f 620/757/617 621/758/618 623/760/620
f 623/760/620 621/758/618 622/759/619
f 547/756/545 620/757/617 624/761/621
f 624/761/621 620/757/617 623/760/620
f 547/756/545 624/761/621 546/762/544
f 546/762/544 624/761/621 625/763/622
f 625/763/622 624/761/621 623/760/620
f 546/762/544 625/763/622 550/764/548
f 626/765/623 622/759/619 613/747/610
f 626/765/623 613/747/610 597/728/594
f 627/766/624 623/760/620 622/759/619
f 627/766/624 622/759/619 626/765/623
f 625/763/622 623/760/620 628/767/625
f 625/763/622 628/767/625 550/764/548
f 628/767/625 623/760/620 627/766/624
f 550/764/548 628/767/625 629/768/626
f 550/764/548 629/768/626 552/769/550
f 628/767/625 627/766/624 630/770/627
f 630/770/627 627/766/624 626/765/623
f 628/767/625 630/770/627 629/768/626
f 552/769/550 629/768/626 555/771/553
f 631/772/628 626/765/623 597/728/594
f 626/765/623 631/772/628 630/770/627
f 631/772/628 597/728/594 594/725/591
f 631/772/628 594/725/591 590/721/587
f 630/770/627 631/772/628 632/773/629
f 632/773/629 631/772/628 590/721/587
f 630/770/627 632/773/629 629/768/626
f 633/774/630 555/771/553 629/768/626
f 633/774/630 629/768/626 632/773/629
f 555/771/553 633/774/630 557/775/555
f 633/774/630 632/773/629 634/776/631
f 633/774/630 634/776/631 557/775/555
f 634/776/631 632/773/629 590/721/587
f 557/775/555 634/776/631 635/777/632
f 635/777/632 634/776/631 590/721/587
f 557/775/555 635/777/632 560/717/558
f 560/717/558 635/777/632 590/721/587
f 636/778/633 217/779/217 341/780/341
f 636/778/633 341/780/341 345/781/345
f 344/782/344 347/783/347 345/781/345
f 327/784/327 349/785/349 347/783/347
f 347/783/347 349/785/349 637/786/634
f 347/783/347 637/786/634 345/781/345
f 217/779/217 636/778/633 638/787/635
f 217/779/217 638/787/635 218/788/218
f 218/788/218 638/787/635 219/789/219
f 219/789/219 638/787/635 639/790/636
f 219/789/219 639/790/636 575/791/573
f 219/789/219 575/791/573 574/792/572
f 639/790/636 638/787/635 640/793/637
f 640/793/637 638/787/635 636/778/633
f 575/791/573 639/790/636 641/794/638
f 641/794/638 639/790/636 640/793/637
f 576/795/574 573/796/571 575/791/573
f 576/795/574 575/791/573 642/797/639
f 642/797/639 575/791/573 641/794/638
f 576/795/574 642/797/639 579/798/577
f 579/798/577 642/797/639 583/799/581
f 583/799/581 642/797/639 643/800/640
f 643/800/640 642/797/639 644/801/641
f 644/801/641 642/797/639 641/794/638
f 643/800/640 644/801/641 645/802/642
f 644/801/641 641/794/638 646/803/643
f 646/803/643 641/794/638 640/793/637
f 645/802/642 644/801/641 647/804/644
f 647/804/644 644/801/641 646/803/643
f 645/802/642 647/804/644 648/805/645
f 645/802/642 648/805/645 649/806/646
f 647/804/644 646/803/643 650/807/647
f 650/807/647 646/803/643 640/793/637
f 648/805/645 647/804/644 651/808/648
f 651/808/648 647/804/644 650/807/647
f 648/805/645 651/808/648 652/809/649
f 648/805/645 652/809/649 653/810/650
f 648/805/645 653/810/650 654/811/651
f 652/809/649 651/808/648 655/812/652
f 655/812/652 651/808/648 650/807/647
f 654/811/651 653/810/650 656/813/653
f 652/809/649 655/812/652 657/814/654
f 652/809/649 657/814/654 653/810/650
f 655/812/652 650/807/647 658/815/655
f 658/815/655 650/807/647 640/793/637
f 655/812/652 658/815/655 659/816/656
f 655/812/652 659/816/656 657/814/654
f 658/815/655 640/793/637 660/817/657
f 658/815/655 660/817/657 659/816/656
f 657/814/654 659/816/656 661/818/658
f 660/817/657 640/793/637 662/819/659
f 662/819/659 640/793/637 636/778/633
f 659/816/656 660/817/657 663/820/660
f 661/818/658 659/816/656 664/821/661
f 664/821/661 659/816/656 663/820/660
f 661/818/658 664/821/661 665/822/662
f 661/818/658 665/822/662 657/814/654
f 663/820/660 660/817/657 666/823/663
f 666/823/663 660/817/657 662/819/659
f 663/820/660 666/823/663 667/824/664
f 657/814/654 665/822/662 668/825/665
f 668/825/665 665/822/662 669/826/666
f 657/814/654 668/825/665 653/810/650
f 653/810/650 668/825/665 670/827/667
f 670/827/667 668/825/665 671/828/668
f 653/810/650 670/827/667 656/813/653
f 656/813/653 670/827/667 672/829/669
f 656/813/653 672/829/669 673/830/670
f 672/829/669 670/827/667 674/831/671
f 672/829/669 674/831/671 675/832/672
f 670/827/667 671/828/668 676/833/673
f 670/827/667 676/833/673 674/831/671
f 676/833/673 671/828/668 677/834/674
f 675/832/672 674/831/671 678/835/675
f 676/833/673 677/834/674 679/836/676
f 676/833/673 679/836/676 674/831/671
f 679/836/676 677/834/674 680/837/677
f 679/836/676 680/837/677 681/838/678
f 681/838/678 680/837/677 682/839/679
f 674/831/671 679/836/676 683/840/680
f 683/840/680 679/836/676 681/838/678
f 674/831/671 683/840/680 678/835/675
f 683/840/680 681/838/678 684/841/681
f 683/840/680 684/841/681 678/835/675
f 678/835/675 684/841/681 685/842/682
f 686/843/683 636/778/633 345/781/345
f 686/843/683 345/781/345 637/786/634
f 636/778/633 686/843/683 687/844/684
f 636/778/633 687/844/684 662/819/659
f 662/819/659 687/844/684 666/823/663
f 687/844/684 686/843/683 688/845/685
f 688/845/685 686/843/683 637/786/634
f 687/844/684 688/845/685 666/823/663
f 666/823/663 688/845/685 689/846/686
f 666/823/663 689/846/686 667/824/664
f 667/824/664 689/846/686 690/847/687
f 690/847/687 689/846/686 691/848/301
f 691/848/301 689/846/686 692/849/688
f 689/846/686 688/845/685 693/850/689
f 689/846/686 693/850/689 692/849/688
f 693/850/689 688/845/685 637/786/634
f 692/849/688 693/850/689 694/851/690
f 694/851/690 693/850/689 637/786/634
f 694/851/690 637/786/634 695/852/691
f 696/853/692 697/854/693 698/855/694
f 696/853/692 698/855/694 699/856/695
f 697/854/693 696/853/692 700/857/696
f 701/858/697 698/855/694 349/859/349
f 700/857/696 696/853/692 702/860/698
f 702/860/698 696/853/692 703/861/699
f 349/859/349 698/855/694 704/862/700
f 349/859/349 704/862/700 637/863/634
f 705/864/701 698/855/694 697/854/693
f 698/855/694 705/864/701 704/862/700
f 706/865/702 697/854/693 700/857/696
f 697/854/693 706/865/702 705/864/701
f 707/866/703 700/857/696 702/860/698
f 700/857/696 707/866/703 706/865/702
f 708/867/704 702/860/698 709/868/705
f 702/860/698 708/867/704 707/866/703
f 707/866/703 708/867/704 710/869/706
f 710/869/706 708/867/704 711/870/707
f 710/869/706 711/870/707 712/871/708
f 710/869/706 712/871/708 713/872/709
f 713/872/709 712/871/708 714/873/710
f 707/866/703 710/869/706 715/874/711
f 715/874/711 710/869/706 713/872/709
f 707/866/703 715/874/711 716/875/712
f 707/866/703 716/875/712 706/865/702
f 715/874/711 713/872/709 717/876/713
f 713/872/709 714/873/710 718/877/714
f 718/877/714 714/873/710 719/878/715
f 718/877/714 719/878/715 720/879/716
f 718/877/714 720/879/716 721/880/717
f 713/872/709 718/877/714 722/881/718
f 722/881/718 718/877/714 721/880/717
f 713/872/709 722/881/718 717/876/713
f 722/881/718 721/880/717 723/882/719
f 724/883/720 715/874/711 717/876/713
f 715/874/711 724/883/720 716/875/712
f 717/876/713 722/881/718 725/884/721
f 725/884/721 722/881/718 723/882/719
f 725/884/721 723/882/719 682/885/679
f 725/884/721 682/885/679 680/886/677
f 725/884/721 680/886/677 677/887/674
f 725/884/721 677/887/674 717/876/713
f 717/876/713 677/887/674 724/883/720
f 726/888/722 716/875/712 724/883/720
f 726/888/722 724/883/720 677/887/674
f 716/875/712 726/888/722 706/865/702
f 726/888/722 677/887/674 671/889/668
f 726/888/722 671/889/668 727/890/723
f 726/888/722 727/890/723 706/865/702
f 727/890/723 671/889/668 668/891/665
f 727/890/723 668/891/665 669/892/666
f 727/890/723 669/892/666 706/865/702
f 706/865/702 669/892/666 705/864/701
f 705/864/701 669/892/666 728/893/724
f 705/864/701 728/893/724 704/862/700
f 728/893/724 669/892/666 729/894/725
f 729/894/725 669/892/666 665/895/662
f 729/894/725 665/895/662 730/896/726
f 729/894/725 730/896/726 728/893/724
f 730/896/726 665/895/662 664/897/661
f 730/896/726 664/897/661 663/898/660
f 730/896/726 663/898/660 667/899/664
f 731/900/727 704/862/700 728/893/724
f 731/900/727 728/893/724 730/896/726
f 730/896/726 667/899/664 732/901/728
f 730/896/726 732/901/728 731/900/727
f 732/901/728 667/899/664 690/902/687
f 732/901/728 690/902/687 733/903/729
f 733/903/729 690/902/687 691/904/301
f 732/901/728 733/903/729 734/905/730
f 732/901/728 734/905/730 731/900/727
f 734/905/730 733/903/729 735/906/731
f 736/907/732 704/862/700 731/900/727
f 736/907/732 731/900/727 734/905/730
f 736/907/732 734/905/730 735/906/731
f 704/862/700 736/907/732 637/863/634
f 736/907/732 735/906/731 695/908/691
f 736/907/732 695/908/691 637/863/634
f 737/909/733 431/910/430 430/911/429
f 737/909/733 430/911/429 738/912/734
f 738/912/734 430/911/429 523/913/522
f 737/909/733 738/912/734 739/914/735
f 738/912/734 523/913/522 740/915/736
f 740/915/736 523/913/522 519/916/518
f 739/914/735 738/912/734 741/917/737
f 741/917/737 738/912/734 740/915/736
f 737/909/733 739/914/735 742/918/738
f 742/918/738 739/914/735 741/917/737
f 743/919/739 431/910/430 737/909/733
f 743/919/739 737/909/733 742/918/738
f 431/910/430 743/919/739 744/920/740
f 431/910/430 744/920/740 159/921/159
f 743/919/739 742/918/738 745/922/741
f 743/919/739 745/922/741 744/920/740
f 742/918/738 741/917/737 746/923/742
f 742/918/738 746/923/742 745/922/741
f 159/921/159 744/920/740 464/924/463
f 159/921/159 464/924/463 160/925/160
f 464/924/463 744/920/740 747/926/743
f 744/920/740 745/922/741 748/927/744
f 744/920/740 748/927/744 747/926/743
f 748/927/744 745/922/741 749/928/745
f 749/928/745 745/922/741 746/923/742
f 747/926/743 748/927/744 750/929/746
f 747/926/743 750/929/746 464/924/463
f 750/929/746 748/927/744 749/928/745
f 464/924/463 750/929/746 463/930/462
f 465/931/464 463/930/462 749/928/745
f 463/930/462 750/929/746 751/932/747
f 751/932/747 750/929/746 749/928/745
f 751/932/747 749/928/745 463/930/462
f 752/933/748 749/928/745 746/923/742
f 752/933/748 746/923/742 753/934/749
f 752/933/748 753/934/749 754/935/750
f 754/935/750 753/934/749 755/936/751
f 755/936/751 753/934/749 756/937/752
f 756/937/752 753/934/749 757/938/753
f 756/937/752 757/938/753 515/939/514
f 753/934/749 746/923/742 758/940/754
f 753/934/749 758/940/754 757/938/753
f 758/940/754 746/923/742 741/917/737
f 758/940/754 741/917/737 740/915/736
f 757/938/753 758/940/754 759/941/755
f 759/941/755 758/940/754 740/915/736
f 757/938/753 759/941/755 515/939/514
f 759/941/755 740/915/736 519/916/518
f 759/941/755 519/916/518 515/939/514
f 515/939/514 519/916/518 517/942/516
f 467/943/466 468/944/467 749/945/745
f 749/945/745 468/944/467 465/946/464
f 467/943/466 749/945/745 752/947/748
f 467/943/466 752/947/748 760/948/756
f 467/943/466 760/948/756 470/949/469
f 760/948/756 752/947/748 761/950/757
f 761/950/757 752/947/748 754/951/750
f 470/949/469 760/948/756 762/952/758
f 761/950/757 754/951/750 755/953/751
f 470/949/469 762/952/758 763/954/759
f 470/949/469 763/954/759 472/955/471
f 472/955/471 763/954/759 474/956/473
f 474/956/473 763/954/759 764/957/760
f 764/957/760 763/954/759 762/952/758
f 764/957/760 762/952/758 760/948/756
f 764/957/760 760/948/756 761/950/757
f 761/950/757 755/953/751 765/958/761
f 764/957/760 761/950/757 766/959/762
f 766/959/762 761/950/757 765/958/761
f 764/957/760 766/959/762 767/960/763
f 767/960/763 766/959/762 768/961/764
f 768/961/764 766/959/762 765/958/761
f 765/958/761 755/953/751 756/962/752
f 769/963/765 770/964/766 768/961/764
f 765/958/761 756/962/752 514/965/513
f 514/965/513 756/962/752 515/966/514
f 768/961/764 765/958/761 771/967/767
f 771/967/767 765/958/761 514/965/513
f 768/961/764 771/967/767 769/963/765
f 771/967/767 514/965/513 772/968/768
f 772/968/768 514/965/513 512/969/511
f 769/963/765 771/967/767 773/970/769
f 773/970/769 771/967/767 772/968/768
f 769/963/765 773/970/769 774/971/770
f 774/971/770 773/970/769 775/972/771
f 775/972/771 773/970/769 776/973/772
f 773/970/769 772/968/768 777/974/773
f 777/974/773 772/968/768 512/969/511
f 773/970/769 777/974/773 776/973/772
f 777/974/773 512/969/511 231/975/231
f 776/973/772 777/974/773 607/976/604
f 607/976/604 777/974/773 231/975/231
f 607/976/604 231/975/231 233/977/233
f 778/978/774 779/979/775 780/980/776
f 780/980/776 779/979/775 781/981/777
f 781/981/777 779/979/775 782/982/778
f 780/980/776 781/981/777 783/983/779
f 782/982/778 779/979/775 784/984/780
f 784/984/780 779/979/775 778/978/774
f 780/980/776 783/983/779 785/985/781
f 778/978/774 780/980/776 786/986/782
f 786/986/782 780/980/776 785/985/781
f 785/985/781 783/983/779 787/987/783
f 785/985/781 787/987/783 786/986/782
f 787/987/783 783/983/779 788/988/784
f 787/987/783 788/988/784 789/989/785
f 787/987/783 789/989/785 790/990/786
f 787/987/783 790/990/786 786/986/782
f 790/990/786 789/989/785 457/991/456
f 790/990/786 457/991/456 459/992/458
f 790/990/786 459/992/458 786/986/782
f 459/992/458 457/991/456 456/993/455
f 786/986/782 459/992/458 473/994/472
f 786/986/782 473/994/472 778/978/774
f 473/994/472 459/992/458 471/995/470
f 778/978/774 473/994/472 784/984/780
f 784/984/780 473/994/472 791/996/787
f 784/984/780 791/996/787 792/997/788
f 791/996/787 473/994/472 474/998/473
f 791/996/787 474/998/473 792/997/788
f 781/999/777 782/1000/778 793/1001/789
f 793/1001/789 782/1000/778 794/1002/790
f 781/999/777 793/1001/789 795/1003/791
f 793/1001/789 794/1002/790 796/1004/792
f 793/1001/789 796/1004/792 795/1003/791
f 781/999/777 795/1003/791 797/1005/793
f 781/999/777 797/1005/793 783/1006/779
f 783/1006/779 797/1005/793 788/1007/784
f 788/1007/784 797/1005/793 798/1008/794
f 797/1005/793 795/1003/791 799/1009/795
f 797/1005/793 799/1009/795 798/1008/794
f 795/1003/791 796/1004/792 800/1010/796
f 795/1003/791 800/1010/796 799/1009/795
f 800/1010/796 796/1004/792 801/1011/797
f 799/1009/795 800/1010/796 802/1012/798
f 802/1012/798 800/1010/796 801/1011/797
f 801/1011/797 796/1004/792 803/1013/799
f 801/1011/797 803/1013/799 802/1012/798
f 803/1013/799 796/1004/792 804/1014/800
f 804/1014/800 796/1004/792 794/1002/790
f 803/1013/799 804/1014/800 805/1015/801
f 805/1015/801 804/1014/800 794/1002/790
f 803/1013/799 805/1015/801 806/1016/802
f 803/1013/799 806/1016/802 802/1012/798
f 805/1015/801 794/1002/790 807/1017/803
f 802/1012/798 806/1016/802 808/1018/804
f 802/1012/798 808/1018/804 799/1009/795
f 799/1009/795 808/1018/804 809/1019/805
f 808/1018/804 806/1016/802 810/1020/806
f 808/1018/804 810/1020/806 809/1019/805
f 811/1021/807 806/1016/802 805/1015/801
f 811/1021/807 805/1015/801 807/1017/803
f 806/1016/802 811/1021/807 810/1020/806
f 812/1022/808 807/1017/803 794/1002/790
f 807/1017/803 812/1022/808 811/1021/807
f 812/1022/808 794/1002/790 782/1000/778
f 812/1022/808 782/1000/778 784/1023/780
f 811/1021/807 812/1022/808 813/1024/809
f 813/1024/809 812/1022/808 784/1023/780
f 811/1021/807 813/1024/809 810/1020/806
f 813/1024/809 784/1023/780 792/1025/788
f 810/1020/806 813/1024/809 814/1026/810
f 810/1020/806 814/1026/810 809/1019/805
f 814/1026/810 813/1024/809 792/1025/788
f 809/1019/805 814/1026/810 815/1027/811
f 815/1027/811 814/1026/810 792/1025/788
f 815/1027/811 792/1025/788 816/1028/812
f 816/1028/812 792/1025/788 817/1029/813
f 816/1028/812 817/1029/813 818/1030/814
f 817/1029/813 792/1025/788 474/1031/473
f 817/1029/813 474/1031/473 764/1032/760
f 446/1033/445 443/1034/442 444/1035/443
f 819/1036/815 446/1037/445 447/1038/446
f 446/1037/445 819/1036/815 820/1039/816
f 819/1036/815 447/1038/446 821/1040/817
f 821/1040/817 447/1038/446 449/1041/448
f 822/1042/818 823/1043/819 819/1036/815
f 822/1042/818 819/1036/815 821/1040/817
f 822/1042/818 821/1040/817 824/1044/820
f 821/1040/817 449/1041/448 825/1045/821
f 824/1044/820 821/1040/817 826/1046/822
f 826/1046/822 821/1040/817 825/1045/821
f 824/1044/820 826/1046/822 827/1047/823
f 827/1047/823 826/1046/822 828/1048/824
f 828/1048/824 826/1046/822 825/1045/821
f 825/1045/821 449/1041/448 454/1049/453
f 828/1048/824 825/1045/821 829/1050/825
f 829/1050/825 825/1045/821 454/1049/453
f 828/1048/824 829/1050/825 830/1051/826
f 829/1050/825 454/1049/453 457/1052/456
f 830/1051/826 829/1050/825 789/1053/785
f 789/1053/785 829/1050/825 457/1052/456
f 831/1054/827 832/1055/828 833/1056/829
f 833/1056/829 832/1055/828 834/1057/830
f 833/1056/829 834/1057/830 835/1058/831
f 832/1055/828 831/1054/827 836/1059/832
f 836/1059/832 831/1054/827 798/1008/794
f 834/1057/830 832/1055/828 837/1060/833
f 834/1057/830 837/1060/833 835/1058/831
f 837/1060/833 832/1055/828 836/1059/832
f 835/1058/831 837/1060/833 838/1061/834
f 838/1061/834 837/1060/833 836/1059/832
f 838/1061/834 836/1059/832 798/1008/794
f 835/1058/831 838/1061/834 839/1062/835
f 838/1061/834 798/1008/794 799/1009/795
f 788/1063/784 840/1064/836 789/1065/785
f 789/1065/785 840/1064/836 830/1066/826
f 840/1064/836 788/1063/784 841/1067/837
f 840/1064/836 841/1067/837 842/1068/838
f 841/1067/837 788/1063/784 843/1069/839
f 843/1069/839 788/1063/784 798/1070/794
f 842/1068/838 841/1067/837 844/1071/840
f 843/1069/839 798/1070/794 839/1072/835
f 842/1068/838 844/1071/840 845/1073/841
f 844/1071/840 841/1067/837 846/1074/842
f 844/1071/840 846/1074/842 845/1073/841
f 842/1068/838 845/1073/841 847/1075/843
f 847/1075/843 845/1073/841 846/1074/842
f 847/1075/843 846/1074/842 841/1067/837
f 847/1075/843 841/1067/837 843/1069/839
f 847/1075/843 843/1069/839 848/1076/844
f 848/1076/844 843/1069/839 818/1077/814
f 818/1077/814 843/1069/839 816/1078/812
f 849/1079/845 843/1069/839 839/1072/835
f 843/1069/839 849/1079/845 816/1078/812
f 816/1078/812 849/1079/845 815/1080/811
f 849/1079/845 839/1072/835 838/1081/834
f 815/1080/811 849/1079/845 809/1082/805
f 809/1082/805 849/1079/845 838/1081/834
f 809/1082/805 838/1081/834 799/1083/795
f 798/1084/794 831/1085/827 839/1086/835
f 839/1086/835 831/1085/827 835/1087/831
f 835/1087/831 831/1085/827 833/1088/829
f 850/1089/846 851/1090/847 852/1091/848
f 852/1091/848 851/1090/847 853/1092/849
f 853/1092/849 851/1090/847 854/1093/850
f 852/1091/848 853/1092/849 855/1094/851
f 854/1093/850 851/1090/847 856/1095/852
f 856/1095/852 851/1090/847 850/1089/846
f 854/1093/850 856/1095/852 857/1096/853
f 852/1091/848 855/1094/851 858/1097/854
f 858/1097/854 855/1094/851 859/1098/855
f 857/1096/853 856/1095/852 860/1099/856
f 860/1099/856 856/1095/852 850/1089/846
f 852/1091/848 858/1097/854 861/1100/857
f 861/1100/857 858/1097/854 862/1101/858
f 862/1101/858 858/1097/854 863/1102/859
f 862/1101/858 863/1102/859 827/1103/823
f 862/1101/858 827/1103/823 828/1104/824
f 862/1101/858 828/1104/824 830/1105/826
f 862/1101/858 830/1105/826 864/1106/860
f 862/1101/858 864/1106/860 861/1100/857
f 852/1091/848 861/1100/857 865/1107/861
f 865/1107/861 861/1100/857 864/1106/860
f 852/1091/848 865/1107/861 850/1089/846
f 865/1107/861 864/1106/860 866/1108/862
f 865/1107/861 866/1108/862 850/1089/846
f 850/1089/846 866/1108/862 860/1099/856
f 860/1099/856 866/1108/862 867/1109/863
f 867/1109/863 866/1108/862 868/1110/864
f 867/1109/863 868/1110/864 869/1111/865
f 867/1109/863 869/1111/865 860/1099/856
f 869/1111/865 868/1110/864 870/1112/866
f 870/1112/866 868/1110/864 871/1113/867
f 870/1112/866 871/1113/867 872/1114/868
f 870/1112/866 872/1114/868 873/1115/869
f 870/1112/866 873/1115/869 874/1116/870
f 870/1112/866 874/1116/870 869/1111/865
f 874/1116/870 873/1115/869 875/1117/871
f 874/1116/870 875/1117/871 869/1111/865
f 869/1111/865 875/1117/871 876/1118/872
f 869/1111/865 876/1118/872 860/1099/856
f 876/1118/872 875/1117/871 877/1119/873
f 860/1099/856 876/1118/872 878/1120/874
f 876/1118/872 877/1119/873 879/1121/875
f 876/1118/872 879/1121/875 878/1120/874
f 879/1121/875 877/1119/873 880/1122/876
f 880/1122/876 877/1119/873 881/1123/877
f 878/1120/874 879/1121/875 882/1124/878
f 860/1099/856 878/1120/874 883/1125/879
f 883/1125/879 878/1120/874 882/1124/878
f 860/1099/856 883/1125/879 857/1096/853
f 857/1096/853 883/1125/879 884/1126/880
f 880/1122/876 881/1123/877 885/1127/881
f 880/1122/876 885/1127/881 879/1121/875
f 885/1127/881 881/1123/877 884/1126/880
f 879/1121/875 885/1127/881 882/1124/878
f 885/1127/881 884/1126/880 883/1125/879
f 885/1127/881 883/1125/879 882/1124/878
f 842/1128/838 866/1129/862 840/1130/836
f 840/1130/836 866/1129/862 830/1131/826
f 830/1131/826 866/1129/862 864/1132/860
f 866/1129/862 842/1128/838 886/1133/882
f 886/1133/882 842/1128/838 847/1134/843
f 866/1129/862 886/1133/882 868/1135/864
f 886/1133/882 847/1134/843 848/1136/844
f 868/1135/864 886/1133/882 887/1137/883
f 887/1137/883 886/1133/882 848/1136/844
f 868/1135/864 887/1137/883 871/1138/867
f 888/1139/884 872/1140/868 871/1138/867
f 887/1137/883 848/1136/844 889/1141/885
f 871/1138/867 887/1137/883 890/1142/886
f 890/1142/886 887/1137/883 889/1141/885
f 871/1138/867 890/1142/886 891/1143/887
f 871/1138/867 891/1143/887 888/1139/884
f 890/1142/886 889/1141/885 892/1144/888
f 890/1142/886 892/1144/888 891/1143/887
f 889/1141/885 848/1136/844 893/1145/889
f 888/1139/884 891/1143/887 894/1146/890
f 893/1145/889 848/1136/844 818/1147/814
f 888/1139/884 894/1146/890 895/1148/891
f 893/1145/889 818/1147/814 817/1149/813
f 894/1146/890 891/1143/887 896/1150/892
f 894/1146/890 896/1150/892 895/1148/891
f 896/1150/892 891/1143/887 892/1144/888
f 895/1148/891 896/1150/892 897/1151/893
f 895/1148/891 897/1151/893 898/1152/894
f 896/1150/892 892/1144/888 899/1153/895
f 896/1150/892 899/1153/895 897/1151/893
f 898/1152/894 897/1151/893 900/1154/896
f 898/1152/894 900/1154/896 901/1155/897
f 900/1154/896 897/1151/893 902/1156/898
f 902/1156/898 897/1151/893 899/1153/895
f 900/1154/896 902/1156/898 903/1157/899
f 899/1153/895 892/1144/888 904/1158/900
f 899/1153/895 904/1158/900 902/1156/898
f 904/1158/900 892/1144/888 905/1159/901
f 905/1159/901 892/1144/888 889/1141/885
f 905/1159/901 889/1141/885 893/1145/889
f 902/1156/898 904/1158/900 906/1160/902
f 902/1156/898 906/1160/902 907/1161/903
f 907/1161/903 906/1160/902 908/1162/904
f 906/1160/902 904/1158/900 909/1163/905
f 906/1160/902 909/1163/905 908/1162/904
f 909/1163/905 904/1158/900 905/1159/901
f 908/1162/904 909/1163/905 910/1164/906
f 911/1165/907 910/1164/906 775/1166/771
f 775/1166/771 910/1164/906 774/1167/770
f 774/1167/770 910/1164/906 909/1163/905
f 909/1163/905 905/1159/901 912/1168/908
f 909/1163/905 912/1168/908 774/1167/770
f 912/1168/908 905/1159/901 893/1145/889
f 774/1167/770 912/1168/908 770/1169/766
f 774/1167/770 770/1169/766 769/1170/765
f 912/1168/908 893/1145/889 767/1171/763
f 912/1168/908 767/1171/763 770/1169/766
f 770/1169/766 767/1171/763 768/1172/764
f 767/1171/763 893/1145/889 817/1149/813
f 767/1171/763 817/1149/813 764/1173/760
f 913/1174/909 607/1175/604 605/1176/602
f 913/1174/909 605/1176/602 604/1177/601
f 607/1175/604 913/1174/909 914/1178/910
f 914/1178/910 913/1174/909 604/1177/601
f 607/1175/604 914/1178/910 776/1179/772
f 603/1180/600 604/1177/601 601/1181/598
f 604/1177/601 603/1180/600 915/1182/911
f 914/1178/910 604/1177/601 916/1183/912
f 916/1183/912 604/1177/601 915/1182/911
f 609/1184/606 614/1185/611 603/1180/600
f 603/1180/600 614/1185/611 915/1182/911
f 915/1182/911 614/1185/611 917/1186/913
f 915/1182/911 917/1186/913 918/1187/914
f 914/1178/910 916/1183/912 919/1188/915
f 914/1178/910 919/1188/915 776/1179/772
f 916/1183/912 915/1182/911 920/1189/916
f 920/1189/916 915/1182/911 918/1187/914
f 916/1183/912 920/1189/916 919/1188/915
f 920/1189/916 918/1187/914 921/1190/917
f 921/1190/917 918/1187/914 922/1191/918
f 919/1188/915 920/1189/916 923/1192/919
f 923/1192/919 920/1189/916 921/1190/917
f 924/1193/920 776/1179/772 919/1188/915
f 924/1193/920 919/1188/915 923/1192/919
f 776/1179/772 924/1193/920 775/1194/771
f 775/1194/771 924/1193/920 925/1195/921
f 775/1194/771 925/1195/921 911/1196/907
f 925/1195/921 924/1193/920 926/1197/922
f 926/1197/922 924/1193/920 923/1192/919
f 925/1195/921 926/1197/922 911/1196/907
f 927/1198/923 923/1192/919 921/1190/917
f 923/1192/919 927/1198/923 926/1197/922
f 927/1198/923 921/1190/917 922/1191/918
f 927/1198/923 922/1191/918 928/1199/924
f 928/1199/924 922/1191/918 929/1200/925
f 929/1200/925 922/1191/918 930/1201/926
f 911/1196/907 926/1197/922 931/1202/927
f 911/1196/907 931/1202/927 910/1203/906
f 926/1197/922 927/1198/923 932/1204/928
f 926/1197/922 932/1204/928 931/1202/927
f 932/1204/928 927/1198/923 933/1205/929
f 932/1204/928 933/1205/929 934/1206/930
f 910/1203/906 931/1202/927 908/1207/904
f 931/1202/927 932/1204/928 935/1208/931
f 935/1208/931 932/1204/928 936/1209/932
f 908/1207/904 931/1202/927 937/1210/933
f 937/1210/933 931/1202/927 935/1208/931
f 908/1207/904 937/1210/933 907/1211/903
f 937/1210/933 935/1208/931 938/1212/934
f 937/1210/933 938/1212/934 907/1211/903
f 872/1213/868 939/1214/935 873/1215/869
f 939/1214/935 872/1213/868 940/1216/936
f 940/1216/936 872/1213/868 888/1217/884
f 873/1215/869 939/1214/935 941/1218/937
f 940/1216/936 888/1217/884 942/1219/938
f 942/1219/938 888/1217/884 895/1220/891
f 940/1216/936 942/1219/938 943/1221/939
f 940/1216/936 943/1221/939 944/1222/940
f 942/1219/938 895/1220/891 945/1223/941
f 943/1221/939 942/1219/938 946/1224/942
f 946/1224/942 942/1219/938 945/1223/941
f 945/1223/941 895/1220/891 947/1225/943
f 947/1225/943 895/1220/891 898/1226/894
f 943/1221/939 946/1224/942 948/1227/944
f 943/1221/939 948/1227/944 944/1222/940
f 948/1227/944 946/1224/942 949/1228/945
f 946/1224/942 945/1223/941 950/1229/946
f 946/1224/942 950/1229/946 949/1228/945
f 945/1223/941 947/1225/943 951/1230/947
f 945/1223/941 951/1230/947 950/1229/946
f 951/1230/947 947/1225/943 952/1231/948
f 952/1231/948 947/1225/943 898/1226/894
f 952/1231/948 898/1226/894 953/1232/949
f 953/1232/949 898/1226/894 901/1233/897
f 952/1231/948 953/1232/949 954/1234/950
f 952/1231/948 954/1234/950 955/1235/951
f 952/1231/948 955/1235/951 951/1230/947
f 956/1236/952 950/1229/946 951/1230/947
f 956/1236/952 951/1230/947 955/1235/951
f 950/1229/946 956/1236/952 957/1237/953
f 950/1229/946 957/1237/953 949/1228/945
f 956/1236/952 955/1235/951 958/1238/954
f 956/1236/952 958/1238/954 957/1237/953
f 958/1238/954 955/1235/951 959/1239/955
f 958/1238/954 959/1239/955 960/1240/956
f 961/1241/957 962/1242/958 960/1240/956
f 960/1240/956 962/1242/958 963/1243/959
f 960/1240/956 963/1243/959 958/1238/954
f 958/1238/954 963/1243/959 957/1237/953
f 957/1237/953 963/1243/959 964/1244/960
f 957/1237/953 964/1244/960 949/1228/945
f 964/1244/960 963/1243/959 965/1245/961
f 965/1245/961 963/1243/959 966/1246/962
f 949/1228/945 964/1244/960 967/1247/963
f 967/1247/963 964/1244/960 965/1245/961
f 949/1228/945 967/1247/963 968/1248/964
f 949/1228/945 968/1248/964 948/1227/944
f 967/1247/963 965/1245/961 969/1249/965
f 969/1249/965 965/1245/961 970/1250/966
f 969/1249/965 970/1250/966 971/1251/967
f 967/1247/963 969/1249/965 972/1252/968
f 967/1247/963 972/1252/968 968/1248/964
f 969/1249/965 971/1251/967 973/1253/969
f 969/1249/965 973/1253/969 972/1252/968
f 973/1253/969 971/1251/967 974/1254/970
f 968/1248/964 944/1222/940 948/1227/944
f 968/1248/964 972/1252/968 975/1255/971
f 975/1255/971 972/1252/968 973/1253/969
f 944/1222/940 968/1248/964 976/1256/972
f 976/1256/972 968/1248/964 975/1255/971
f 973/1253/969 974/1254/970 977/1257/973
f 975/1255/971 973/1253/969 978/1258/974
f 975/1255/971 978/1258/974 976/1256/972
f 978/1258/974 973/1253/969 977/1257/973
f 977/1257/973 974/1254/970 979/1259/975
f 977/1257/973 979/1259/975 978/1258/974
f 979/1259/975 974/1254/970 980/1260/976
f 976/1256/972 978/1258/974 981/1261/977
f 981/1261/977 978/1258/974 979/1259/975
f 979/1259/975 980/1260/976 982/1262/978
f 982/1262/978 980/1260/976 983/1263/979
f 982/1262/978 983/1263/979 984/1264/980
f 984/1264/980 983/1263/979 985/1265/981
f 979/1259/975 982/1262/978 986/1266/982
f 986/1266/982 982/1262/978 984/1264/980
f 984/1264/980 985/1265/981 987/1267/983
f 979/1259/975 986/1266/982 988/1268/984
f 979/1259/975 988/1268/984 981/1261/977
f 986/1266/982 984/1264/980 989/1269/985
f 986/1266/982 989/1269/985 988/1268/984
f 984/1264/980 987/1267/983 990/1270/986
f 984/1264/980 990/1270/986 989/1269/985
f 990/1270/986 987/1267/983 991/1271/987
f 991/1271/987 987/1267/983 992/1272/988
f 989/1269/985 990/1270/986 993/1273/989
f 990/1270/986 991/1271/987 994/1274/990
f 990/1270/986 994/1274/990 993/1273/989
f 989/1269/985 993/1273/989 995/1275/991
f 996/1276/992 988/1268/984 989/1269/985
f 996/1276/992 989/1269/985 995/1275/991
f 997/1277/993 981/1261/977 988/1268/984
f 997/1277/993 988/1268/984 996/1276/992
f 981/1261/977 997/1277/993 998/1278/994
f 981/1261/977 998/1278/994 976/1256/972
f 976/1256/972 998/1278/994 944/1222/940
f 998/1278/994 997/1277/993 999/1279/995
f 999/1279/995 997/1277/993 996/1276/992
f 944/1222/940 998/1278/994 1000/1280/996
f 1000/1280/996 998/1278/994 999/1279/995
f 944/1222/940 1000/1280/996 940/1216/936
f 940/1216/936 1000/1280/996 939/1214/935
f 1000/1280/996 999/1279/995 1001/1281/997
f 1000/1280/996 1001/1281/997 939/1214/935
f 1001/1281/997 999/1279/995 996/1276/992
f 1001/1281/997 996/1276/992 1002/1282/998
f 1002/1282/998 996/1276/992 995/1275/991
f 939/1214/935 1001/1281/997 1003/1283/999
f 1003/1283/999 1001/1281/997 1002/1282/998
f 939/1214/935 1003/1283/999 1004/1284/1000
f 1003/1283/999 1002/1282/998 1005/1285/1001
f 1003/1283/999 1005/1285/1001 1004/1284/1000
f 1005/1285/1001 1002/1282/998 995/1275/991
f 939/1214/935 1004/1284/1000 941/1218/937
f 1005/1285/1001 995/1275/991 859/1286/855
f 941/1218/937 1004/1284/1000 1006/1287/1002
f 1006/1287/1002 1004/1284/1000 1005/1285/1001
f 1005/1285/1001 859/1286/855 855/1288/851
f 1005/1285/1001 855/1288/851 1006/1287/1002
f 1006/1287/1002 855/1288/851 853/1289/849
f 1006/1287/1002 853/1289/849 854/1290/850
f 859/1286/855 995/1275/991 863/1291/859
f 859/1286/855 863/1291/859 858/1292/854
f 863/1291/859 995/1275/991 993/1273/989
f 863/1291/859 993/1273/989 1007/1293/1003
f 863/1291/859 1007/1293/1003 827/1294/823
f 827/1294/823 1007/1293/1003 824/1295/820
f 1007/1293/1003 993/1273/989 994/1274/990
f 1007/1293/1003 994/1274/990 824/1295/820
f 1008/1296/1004 1006/1287/1002 854/1290/850
f 1006/1287/1002 1008/1296/1004 941/1218/937
f 1008/1296/1004 854/1290/850 857/1297/853
f 824/1295/820 994/1274/990 823/1298/819
f 824/1295/820 823/1298/819 822/1299/818
f 823/1298/819 994/1274/990 1009/1300/1005
f 1009/1300/1005 994/1274/990 991/1271/987
f 1009/1300/1005 991/1271/987 1010/1301/1006
f 823/1298/819 1009/1300/1005 820/1302/816
f 820/1302/816 1009/1300/1005 1010/1301/1006
f 823/1298/819 820/1302/816 819/1303/815
f 820/1302/816 1010/1301/1006 1011/1304/1007
f 820/1302/816 1011/1304/1007 446/1305/445
f 446/1305/445 1011/1304/1007 443/1306/442
f 1012/1307/1008 1008/1296/1004 857/1297/853
f 1012/1307/1008 857/1297/853 884/1308/880
f 1012/1307/1008 884/1308/880 881/1309/877
f 1012/1307/1008 881/1309/877 877/1310/873
f 1008/1296/1004 1012/1307/1008 1013/1311/1009
f 1013/1311/1009 1012/1307/1008 877/1310/873
f 1008/1296/1004 1013/1311/1009 941/1218/937
f 1013/1311/1009 877/1310/873 875/1312/871
f 941/1218/937 1013/1311/1009 873/1215/869
f 873/1215/869 1013/1311/1009 875/1312/871
f 907/1313/903 1014/1314/1010 902/1315/898
f 902/1315/898 1014/1314/1010 903/1316/899
f 1014/1314/1010 907/1313/903 938/1317/934
f 903/1318/899 901/1319/897 900/1320/896
f 1015/1321/1011 1016/1322/1012 1017/1323/1013
f 1015/1321/1011 1017/1323/1013 1018/1324/1014
f 1018/1324/1014 1017/1323/1013 1019/1325/1015
f 1019/1325/1015 1017/1323/1013 1020/1326/1016
f 1020/1326/1016 1017/1323/1013 934/1327/930
f 1020/1326/1016 934/1327/930 933/1328/929
f 934/1327/930 1017/1323/1013 1016/1322/1012
f 932/1329/928 934/1327/930 936/1330/932
f 936/1330/932 934/1327/930 1016/1322/1012
f 1018/1324/1014 1019/1325/1015 1021/1331/1017
f 1021/1331/1017 1019/1325/1015 1022/1332/1018
f 1023/1333/1019 1015/1321/1011 1018/1324/1014
f 1024/1334/1020 1016/1322/1012 1015/1321/1011
f 1024/1334/1020 1015/1321/1011 1023/1333/1019
f 936/1330/932 1016/1322/1012 1025/1335/1021
f 1021/1331/1017 1022/1332/1018 1026/1336/1022
f 1026/1336/1022 1022/1332/1018 1027/1337/1023
f 1026/1336/1022 1027/1337/1023 1028/1338/1024
f 1021/1331/1017 1026/1336/1022 1029/1339/1025
f 1029/1339/1025 1026/1336/1022 1028/1338/1024
f 936/1330/932 1025/1335/1021 1030/1340/1026
f 936/1330/932 1030/1340/1026 935/1341/931
f 935/1341/931 1030/1340/1026 938/1342/934
f 938/1342/934 1030/1340/1026 1031/1343/1027
f 1031/1343/1027 1030/1340/1026 1025/1335/1021
f 938/1342/934 1031/1343/1027 1014/1344/1010
f 1014/1344/1010 1031/1343/1027 903/1345/899
f 903/1345/899 1031/1343/1027 901/1346/897
f 901/1346/897 1031/1343/1027 1032/1347/1028
f 1032/1347/1028 1031/1343/1027 1025/1335/1021
f 1032/1347/1028 1025/1335/1021 1033/1348/1029
f 1032/1347/1028 1033/1348/1029 1034/1349/1030
f 1033/1348/1029 1025/1335/1021 1016/1322/1012
f 1034/1349/1030 1033/1348/1029 1035/1350/1031
f 1033/1348/1029 1016/1322/1012 1024/1334/1020
f 1033/1348/1029 1024/1334/1020 1035/1350/1031
f 1035/1350/1031 1024/1334/1020 1036/1351/1032
f 1036/1351/1032 1024/1334/1020 1037/1352/1033
f 1037/1352/1033 1024/1334/1020 1023/1333/1019
f 1037/1352/1033 1023/1333/1019 1038/1353/1034
f 1038/1353/1034 1023/1333/1019 1039/1354/1035
f 1039/1354/1035 1023/1333/1019 1040/1355/1036
f 1040/1355/1036 1023/1333/1019 1018/1324/1014
f 1039/1354/1035 1040/1355/1036 1041/1356/1037
f 1040/1355/1036 1018/1324/1014 1042/1357/1038
f 1042/1357/1038 1018/1324/1014 1021/1331/1017
f 1041/1356/1037 1040/1355/1036 1043/1358/1039
f 1043/1358/1039 1040/1355/1036 1042/1357/1038
f 1042/1357/1038 1021/1331/1017 1044/1359/1040
f 1042/1357/1038 1044/1359/1040 1043/1358/1039
f 1044/1359/1040 1021/1331/1017 1029/1339/1025
f 1041/1356/1037 1043/1358/1039 1045/1360/1041
f 1045/1360/1041 1043/1358/1039 1044/1359/1040
f 1041/1356/1037 1045/1360/1041 1046/1361/1042
f 1046/1361/1042 1045/1360/1041 1047/1362/1043
f 1045/1360/1041 1044/1359/1040 1048/1363/1044
f 1045/1360/1041 1048/1363/1044 1047/1362/1043
f 1048/1363/1044 1044/1359/1040 1029/1339/1025
f 1047/1362/1043 1048/1363/1044 1049/1364/1045
f 1047/1362/1043 1049/1364/1045 1050/1365/1046
f 1048/1363/1044 1029/1339/1025 1051/1366/1047
f 1048/1363/1044 1051/1366/1047 1049/1364/1045
f 1051/1366/1047 1029/1339/1025 1052/1367/1048
f 1050/1365/1046 1049/1364/1045 1053/1368/1049
f 1052/1367/1048 1029/1339/1025 1028/1338/1024
f 1049/1364/1045 1051/1366/1047 1054/1369/1050
f 1054/1369/1050 1051/1366/1047 1052/1367/1048
f 1053/1368/1049 1049/1364/1045 1055/1370/1051
f 1055/1370/1051 1049/1364/1045 1054/1369/1050
f 1052/1367/1048 1028/1338/1024 1056/1371/1052
f 1056/1371/1052 1028/1338/1024 1057/1372/1053
f 1055/1370/1051 1054/1369/1050 1058/1373/1054
f 1054/1369/1050 1052/1367/1048 1059/1374/1055
f 1054/1369/1050 1059/1374/1055 1058/1373/1054
f 1055/1370/1051 1058/1373/1054 1060/1375/1056
f 1060/1375/1056 1058/1373/1054 1059/1374/1055
f 1061/1376/1057 1053/1368/1049 1055/1370/1051
f 1061/1376/1057 1055/1370/1051 1060/1375/1056
f 1062/1377/1058 1063/1378/1059 1053/1368/1049
f 1062/1377/1058 1053/1368/1049 1061/1376/1057
f 1062/1377/1058 1061/1376/1057 1064/1379/1060
f 1065/1380/1061 1059/1374/1055 1052/1367/1048
f 1065/1380/1061 1052/1367/1048 1056/1371/1052
f 1065/1380/1061 1056/1371/1052 1066/1381/1062
f 1066/1381/1062 1056/1371/1052 1067/1382/1063
f 1059/1374/1055 1065/1380/1061 1068/1383/1064
f 1068/1383/1064 1065/1380/1061 1066/1381/1062
f 1059/1374/1055 1068/1383/1064 1060/1375/1056
f 1068/1383/1064 1066/1381/1062 1069/1384/1065
f 1070/1385/1066 1064/1379/1060 1061/1376/1057
f 1064/1379/1060 1070/1385/1066 1071/1386/1067
f 1072/1387/1068 1061/1376/1057 1060/1375/1056
f 1061/1376/1057 1072/1387/1068 1070/1385/1066
f 1072/1387/1068 1060/1375/1056 1073/1388/1069
f 1073/1388/1069 1060/1375/1056 1068/1383/1064
f 1070/1385/1066 1072/1387/1068 1074/1389/1070
f 1071/1386/1067 1070/1385/1066 1075/1390/1071
f 1075/1390/1071 1070/1385/1066 1074/1389/1070
f 1071/1386/1067 1075/1390/1071 1076/1391/1072
f 1076/1391/1072 1075/1390/1071 1077/1392/1073
f 1077/1392/1073 1075/1390/1071 1074/1389/1070
f 1076/1391/1072 1077/1392/1073 1078/1393/1074
f 1076/1391/1072 1078/1393/1074 1079/1394/1075
f 1079/1394/1075 1078/1393/1074 1080/1395/1076
f 1081/1396/1077 1080/1395/1076 1082/1397/1078
f 1082/1397/1078 1080/1395/1076 1083/1398/1079
f 1083/1398/1079 1080/1395/1076 1078/1393/1074
f 1078/1393/1074 1077/1392/1073 1084/1399/1080
f 1078/1393/1074 1084/1399/1080 1083/1398/1079
f 1084/1399/1080 1077/1392/1073 1074/1389/1070
f 1083/1398/1079 1084/1399/1080 1085/1400/1081
f 1084/1399/1080 1074/1389/1070 1086/1401/1082
f 1084/1399/1080 1086/1401/1082 1085/1400/1081
f 1087/1402/1083 1074/1389/1070 1072/1387/1068
f 1074/1389/1070 1087/1402/1083 1086/1401/1082
f 1087/1402/1083 1072/1387/1068 1073/1388/1069
f 1085/1400/1081 1086/1401/1082 1088/1403/1084
f 1085/1400/1081 1088/1403/1084 1089/1404/1085
f 1089/1404/1085 1088/1403/1084 1090/1405/1086
f 1088/1403/1084 1086/1401/1082 1091/1406/1087
f 1088/1403/1084 1091/1406/1087 1090/1405/1086
f 1090/1405/1086 1091/1406/1087 1092/1407/1088
f 1090/1405/1086 1092/1407/1088 1093/1408/376
f 1092/1407/1088 1091/1406/1087 1094/1409/1089
f 1091/1406/1087 1086/1401/1082 1095/1410/1090
f 1091/1406/1087 1095/1410/1090 1094/1409/1089
f 1095/1410/1090 1086/1401/1082 1087/1402/1083
f 1096/1411/1091 1087/1402/1083 1073/1388/1069
f 1087/1402/1083 1096/1411/1091 1095/1410/1090
f 1096/1411/1091 1073/1388/1069 1068/1383/1064
f 1094/1409/1089 1095/1410/1090 1097/1412/1092
f 1097/1412/1092 1095/1410/1090 1096/1411/1091
f 1094/1409/1089 1097/1412/1092 1098/1413/1093
f 1094/1409/1089 1098/1413/1093 1099/1414/1094
f 1097/1412/1092 1096/1411/1091 1100/1415/1095
f 1100/1415/1095 1096/1411/1091 1068/1383/1064
f 1098/1413/1093 1097/1412/1092 1101/1416/1096
f 1101/1416/1096 1097/1412/1092 1100/1415/1095
f 1102/1417/1097 1103/1418/1098 1098/1413/1093
f 1102/1417/1097 1098/1413/1093 1101/1416/1096
f 1102/1417/1097 1101/1416/1096 1104/1419/1099
f 1104/1419/1099 1101/1416/1096 1105/1420/1100
f 1105/1420/1100 1101/1416/1096 1106/1421/1101
f 1106/1421/1101 1101/1416/1096 1100/1415/1095
f 1105/1420/1100 1106/1421/1101 1107/1422/1102
f 1107/1422/1102 1106/1421/1101 1108/1423/1103
f 1106/1421/1101 1100/1415/1095 1109/1424/1104
f 1106/1421/1101 1109/1424/1104 1108/1423/1103
f 1109/1424/1104 1100/1415/1095 1068/1383/1064
f 1108/1423/1103 1109/1424/1104 1069/1384/1065
f 1069/1384/1065 1109/1424/1104 1068/1383/1064
f 581/1425/579 582/1426/580 617/1427/614
f 617/1427/614 582/1426/580 1110/1428/1105
f 617/1427/614 1110/1428/1105 615/1429/612
f 1110/1428/1105 582/1426/580 584/1430/582
f 1110/1428/1105 584/1430/582 673/1431/670
f 1110/1428/1105 673/1431/670 1111/1432/1106
f 673/1431/670 584/1430/582 654/1433/651
f 654/1433/651 584/1430/582 649/1434/646
f 654/1433/651 649/1434/646 648/1435/645
f 673/1431/670 654/1433/651 656/1436/653
f 1111/1432/1106 673/1431/670 675/1437/672
f 675/1437/672 673/1431/670 672/1438/669
f 1111/1432/1106 675/1437/672 1112/1439/1107
f 1112/1439/1107 675/1437/672 1113/1440/1108
f 1112/1439/1107 1113/1440/1108 1114/1441/1109
f 1113/1440/1108 675/1437/672 678/1442/675
f 1113/1440/1108 678/1442/675 1115/1443/1110
f 583/1444/581 1116/1445/1111 584/1446/582
f 584/1446/582 1116/1445/1111 649/1447/646
f 1116/1445/1111 583/1444/581 643/1448/640
f 649/1447/646 1116/1445/1111 1117/1449/1112
f 649/1447/646 1117/1449/1112 1118/1450/1113
f 1118/1450/1113 1117/1449/1112 1119/1451/1114
f 1116/1445/1111 643/1448/640 1120/1452/1115
f 1116/1445/1111 1120/1452/1115 1117/1449/1112
f 1120/1452/1115 643/1448/640 645/1453/642
f 1119/1451/1114 1117/1449/1112 1121/1454/1116
f 1120/1452/1115 645/1453/642 1122/1455/1117
f 1122/1455/1117 645/1453/642 1118/1456/1113
f 1118/1456/1113 645/1453/642 649/1457/646
f 1122/1455/1117 1118/1456/1113 1119/1458/1114
f 1120/1452/1115 1122/1455/1117 1123/1459/1118
f 1120/1452/1115 1123/1459/1118 1117/1449/1112
f 1117/1449/1112 1123/1459/1118 1121/1454/1116
f 1121/1454/1116 1123/1459/1118 1124/1460/1119
f 1124/1460/1119 1123/1459/1118 1125/1461/1120
f 1121/1454/1116 1124/1460/1119 917/1462/913
f 1121/1454/1116 917/1462/913 1126/1463/1121
f 1126/1463/1121 917/1462/913 615/1464/612
f 1126/1463/1121 615/1464/612 1110/1465/1105
f 615/1464/612 917/1462/913 614/1466/611
f 917/1462/913 1124/1460/1119 918/1467/914
f 918/1467/914 1124/1460/1119 1125/1461/1120
f 918/1467/914 1125/1461/1120 930/1468/926
f 930/1468/926 1125/1461/1120 929/1469/925
f 918/1467/914 930/1468/926 1099/1470/1094
f 918/1467/914 1099/1470/1094 1127/1471/31
f 1126/1472/1121 1110/1473/1105 1111/1474/1106
f 1126/1472/1121 1111/1474/1106 1128/1475/1122
f 1126/1472/1121 1128/1475/1122 1129/1476/1123
f 1126/1472/1121 1129/1476/1123 1121/1477/1116
f 1121/1477/1116 1129/1476/1123 1130/1478/1124
f 1129/1476/1123 1128/1475/1122 1131/1479/1125
f 1129/1476/1123 1131/1479/1125 1130/1478/1124
f 1131/1479/1125 1128/1475/1122 1132/1480/1126
f 1132/1480/1126 1128/1475/1122 1133/1481/1127
f 1130/1478/1124 1131/1479/1125 1134/1482/1128
f 1132/1480/1126 1133/1481/1127 1135/1483/1129
f 1135/1483/1129 1133/1481/1127 1107/1484/1102
f 1135/1483/1129 1107/1484/1102 1108/1485/1103
f 1131/1479/1125 1132/1480/1126 1057/1486/1053
f 1057/1486/1053 1132/1480/1126 1135/1483/1129
f 1131/1479/1125 1057/1486/1053 1134/1482/1128
f 1135/1483/1129 1108/1485/1103 1067/1487/1063
f 1135/1483/1129 1067/1487/1063 1057/1486/1053
f 1067/1487/1063 1108/1485/1103 1069/1488/1065
f 1067/1487/1063 1069/1488/1065 1066/1489/1062
f 1057/1486/1053 1067/1487/1063 1056/1490/1052
f 1028/1491/1024 1027/1492/1023 1057/1486/1053
f 1057/1486/1053 1027/1492/1023 1136/1493/1130
f 1057/1486/1053 1136/1493/1130 1134/1482/1128
f 1136/1493/1130 1027/1492/1023 1022/1494/1018
f 1136/1493/1130 1022/1494/1018 1019/1495/1015
f 1134/1482/1128 1136/1493/1130 1137/1496/1131
f 1137/1496/1131 1136/1493/1130 1019/1495/1015
f 1137/1496/1131 1019/1495/1015 933/1497/929
f 933/1497/929 1019/1495/1015 1020/1498/1016
f 1137/1496/1131 933/1497/929 927/1499/923
f 1134/1482/1128 1137/1496/1131 1138/1500/1132
f 1138/1500/1132 1137/1496/1131 927/1499/923
f 1138/1500/1132 927/1499/923 928/1501/924
f 1134/1482/1128 1138/1500/1132 1130/1478/1124
f 1130/1478/1124 1138/1500/1132 1127/1502/31
f 1139/1503/1133 1113/1504/1108 1115/1505/1110
f 1113/1504/1108 1139/1503/1133 1114/1506/1109
f 1139/1503/1133 1115/1505/1110 1140/1507/1134
f 1140/1507/1134 1115/1505/1110 1141/1508/1135
f 1114/1506/1109 1139/1503/1133 1133/1509/1127
f 1133/1509/1127 1139/1503/1133 1140/1507/1134
f 1114/1506/1109 1133/1509/1127 1142/1510/1136
f 1114/1506/1109 1142/1510/1136 1112/1511/1107
f 1112/1511/1107 1142/1510/1136 1111/1512/1106
f 1111/1512/1106 1142/1510/1136 1128/1513/1122
f 1128/1513/1122 1142/1510/1136 1133/1509/1127
f 1140/1507/1134 1141/1508/1135 1143/1514/1137
f 1143/1514/1137 1141/1508/1135 1144/1515/1138
f 1143/1514/1137 1144/1515/1138 1145/1516/1139
f 1146/1517/1140 1133/1509/1127 1140/1507/1134
f 1146/1517/1140 1140/1507/1134 1143/1514/1137
f 1133/1509/1127 1146/1517/1140 1107/1518/1102
f 1107/1518/1102 1146/1517/1140 1105/1519/1100
f 1146/1517/1140 1143/1514/1137 1147/1520/1141
f 1147/1520/1141 1143/1514/1137 1145/1516/1139
f 1146/1517/1140 1147/1520/1141 1105/1519/1100
f 1147/1520/1141 1145/1516/1139 1148/1521/1142
f 1147/1520/1141 1148/1521/1142 1105/1519/1100
f 1148/1521/1142 1145/1516/1139 1149/1522/1143
f 1105/1519/1100 1148/1521/1142 1104/1523/1099
f 1148/1521/1142 1149/1522/1143 1150/1524/1144
f 1148/1521/1142 1150/1524/1144 1104/1523/1099
f 1104/1523/1099 1150/1524/1144 1102/1525/1097
f 1102/1525/1097 1150/1524/1144 1151/1526/1145
f 1102/1525/1097 1151/1526/1145 1103/1527/1098
f 1151/1526/1145 1150/1524/1144 1152/1528/1146
f 1103/1527/1098 1151/1526/1145 1153/1529/1147
f 1151/1526/1145 1152/1528/1146 1154/1530/1148
f 1151/1526/1145 1154/1530/1148 1153/1529/1147
f 1154/1530/1148 1152/1528/1146 1155/1531/1149
f 1155/1531/1149 1152/1528/1146 1156/1532/1150
f 1153/1529/1147 1154/1530/1148 1122/1533/1117
f 1153/1529/1147 1122/1533/1117 1119/1534/1114
f 1154/1530/1148 1155/1531/1149 1157/1535/1151
f 1154/1530/1148 1157/1535/1151 1122/1533/1117
f 1157/1535/1151 1155/1531/1149 1158/1536/1152
f 1157/1535/1151 1158/1536/1152 1159/1537/1153
f 1157/1535/1151 1159/1537/1153 1122/1533/1117
f 1159/1537/1153 1158/1536/1152 1160/1538/1154
f 1159/1537/1153 1160/1538/1154 1161/1539/1155
f 1161/1539/1155 1160/1538/1154 1162/1540/1156
f 1159/1537/1153 1161/1539/1155 929/1541/925
f 1122/1533/1117 1159/1537/1153 1163/1542/1157
f 1163/1542/1157 1159/1537/1153 929/1541/925
f 1122/1533/1117 1163/1542/1157 1123/1543/1118
f 1163/1542/1157 929/1541/925 1125/1544/1120
f 1163/1542/1157 1125/1544/1120 1123/1543/1118
f 1164/1545/1158 682/1546/679 1165/1547/1159
f 682/1546/679 1164/1545/1158 681/1548/678
f 681/1548/678 1164/1545/1158 684/1549/681
f 1165/1547/1159 682/1546/679 723/1550/719
f 684/1549/681 1164/1545/1158 1166/1551/1160
f 684/1549/681 1166/1551/1160 685/1552/682
f 1166/1551/1160 1164/1545/1158 1167/1553/1161
f 1167/1553/1161 1164/1545/1158 1165/1547/1159
f 685/1552/682 1166/1551/1160 1141/1554/1135
f 685/1552/682 1141/1554/1135 1115/1555/1110
f 685/1552/682 1115/1555/1110 678/1556/675
f 1141/1554/1135 1166/1551/1160 1144/1557/1138
f 1144/1557/1138 1166/1551/1160 1167/1553/1161
f 1167/1553/1161 1165/1547/1159 1168/1558/1162
f 1144/1557/1138 1167/1553/1161 1169/1559/1163
f 1144/1557/1138 1169/1559/1163 1145/1560/1139
f 1145/1560/1139 1169/1559/1163 1149/1561/1143
f 1167/1553/1161 1168/1558/1162 1170/1562/1164
f 1167/1553/1161 1170/1562/1164 1169/1559/1163
f 1168/1558/1162 1165/1547/1159 1171/1563/1165
f 1168/1558/1162 1171/1563/1165 1170/1562/1164
f 1149/1561/1143 1169/1559/1163 1172/1564/1166
f 1149/1561/1143 1172/1564/1166 1150/1565/1144
f 1150/1565/1144 1172/1564/1166 1152/1566/1146
f 1152/1566/1146 1172/1564/1166 1156/1567/1150
f 1156/1567/1150 1172/1564/1166 1173/1568/1167
f 1173/1568/1167 1172/1564/1166 1174/1569/1168
f 1174/1569/1168 1172/1564/1166 1169/1559/1163
f 1173/1568/1167 1174/1569/1168 1175/1570/1169
f 1174/1569/1168 1169/1559/1163 1176/1571/1170
f 1176/1571/1170 1169/1559/1163 1177/1572/1171
f 1177/1572/1171 1169/1559/1163 1170/1562/1164
f 1176/1571/1170 1177/1572/1171 1178/1573/1172
f 1178/1573/1172 1177/1572/1171 1179/1574/1173
f 1178/1573/1172 1179/1574/1173 1180/1575/1174
f 1177/1572/1171 1170/1562/1164 1181/1576/1175
f 1177/1572/1171 1181/1576/1175 1179/1574/1173
f 1181/1576/1175 1170/1562/1164 1171/1563/1165
f 1180/1575/1174 1179/1574/1173 1182/1577/1176
f 1182/1577/1176 1179/1574/1173 1181/1576/1175
f 1180/1575/1174 1182/1577/1176 1183/1578/1177
f 1183/1578/1177 1182/1577/1176 1184/1579/1178
f 1182/1577/1176 1181/1576/1175 1185/1580/1179
f 1185/1580/1179 1181/1576/1175 1171/1563/1165
f 1182/1577/1176 1185/1580/1179 1184/1579/1178
f 1185/1580/1179 1171/1563/1165 1186/1581/1180
f 1184/1579/1178 1185/1580/1179 1187/1582/1181
f 1187/1582/1181 1185/1580/1179 1186/1581/1180
f 1184/1579/1178 1187/1582/1181 1188/1583/1182
f 1184/1579/1178 1188/1583/1182 1189/1584/1183
f 1188/1583/1182 1187/1582/1181 1190/1585/1184
f 1188/1583/1182 1190/1585/1184 1191/1586/1185
f 1190/1585/1184 1187/1582/1181 1192/1587/1186
f 1192/1587/1186 1187/1582/1181 1186/1581/1180
f 1191/1586/1185 1190/1585/1184 1193/1588/1187
f 1193/1588/1187 1190/1585/1184 1192/1587/1186
f 1191/1586/1185 1193/1588/1187 1194/1589/1188
f 1193/1588/1187 1192/1587/1186 1195/1590/1189
f 1193/1588/1187 1195/1590/1189 1194/1589/1188
f 1195/1590/1189 1192/1587/1186 1186/1581/1180
f 1194/1589/1188 1195/1590/1189 720/1591/716
f 1194/1589/1188 720/1591/716 719/1592/715
f 720/1591/716 1195/1590/1189 721/1593/717
f 721/1593/717 1195/1590/1189 1196/1594/1190
f 1196/1594/1190 1195/1590/1189 1186/1581/1180
f 721/1593/717 1196/1594/1190 723/1550/719
f 1196/1594/1190 1186/1581/1180 1197/1595/1191
f 1196/1594/1190 1197/1595/1191 723/1550/719
f 1197/1595/1191 1186/1581/1180 1171/1563/1165
f 723/1550/719 1197/1595/1191 1165/1547/1159
f 1165/1547/1159 1197/1595/1191 1171/1563/1165
f 1198/1596/1192 1199/1597/1193 1200/1598/1194
f 1198/1596/1192 1200/1598/1194 1201/1599/1195
f 1200/1598/1194 1199/1597/1193 1202/1600/1196
f 1175/1601/1169 1198/1596/1192 1203/1602/1197
f 1198/1596/1192 1175/1601/1169 1204/1603/1198
f 1204/1603/1198 1175/1601/1169 1174/1604/1168
f 1204/1603/1198 1174/1604/1168 1176/1605/1170
f 1204/1603/1198 1176/1605/1170 1178/1606/1172
f 1198/1596/1192 1204/1603/1198 1205/1607/1199
f 1198/1596/1192 1205/1607/1199 1199/1597/1193
f 1204/1603/1198 1178/1606/1172 1206/1608/1200
f 1204/1603/1198 1206/1608/1200 1205/1607/1199
f 1206/1608/1200 1178/1606/1172 1180/1609/1174
f 1206/1608/1200 1180/1609/1174 1207/1610/1201
f 1205/1607/1199 1206/1608/1200 1208/1611/1202
f 1205/1607/1199 1208/1611/1202 1199/1597/1193
f 1208/1611/1202 1206/1608/1200 1207/1610/1201
f 1207/1610/1201 1180/1609/1174 1183/1612/1177
f 1199/1597/1193 1208/1611/1202 1209/1613/1203
f 1199/1597/1193 1209/1613/1203 1202/1600/1196
f 1208/1611/1202 1207/1610/1201 1210/1614/1204
f 1208/1611/1202 1210/1614/1204 1209/1613/1203
f 1207/1610/1201 1183/1612/1177 1211/1615/1205
f 1211/1615/1205 1183/1612/1177 1184/1616/1178
f 1210/1614/1204 1207/1610/1201 1212/1617/1206
f 1212/1617/1206 1207/1610/1201 1211/1615/1205
f 1210/1614/1204 1212/1617/1206 1213/1618/1207
f 1210/1614/1204 1213/1618/1207 1209/1613/1203
f 1213/1618/1207 1212/1617/1206 1214/1619/1208
f 1209/1613/1203 1213/1618/1207 1215/1620/1209
f 1215/1620/1209 1213/1618/1207 1214/1619/1208
f 1209/1613/1203 1215/1620/1209 1216/1621/1210
f 1214/1619/1208 1212/1617/1206 1217/1622/1211
f 1214/1619/1208 1217/1622/1211 1218/1623/1212
f 1217/1622/1211 1212/1617/1206 1211/1615/1205
f 1209/1613/1203 1216/1621/1210 1219/1624/1213
f 1219/1624/1213 1216/1621/1210 1220/1625/1214
f 1209/1613/1203 1219/1624/1213 1202/1600/1196
f 1202/1600/1196 1219/1624/1213 1221/1626/1215
f 1217/1622/1211 1211/1615/1205 1222/1627/1216
f 1222/1627/1216 1211/1615/1205 1223/1628/1217
f 1223/1628/1217 1211/1615/1205 1224/1629/1218
f 1223/1628/1217 1224/1629/1218 1225/1630/1219
f 1225/1630/1219 1224/1629/1218 1226/1631/1220
f 1226/1631/1220 1224/1629/1218 1211/1615/1205
f 1226/1631/1220 1211/1615/1205 1184/1616/1178
f 1226/1631/1220 1184/1616/1178 1189/1632/1183
f 1203/1633/1197 1198/1634/1192 1201/1635/1195
f 1203/1633/1197 1201/1635/1195 1227/1636/1221
f 1227/1636/1221 1201/1635/1195 1228/1637/1222
f 1228/1637/1222 1201/1635/1195 1200/1638/1194
f 1203/1633/1197 1227/1636/1221 1229/1639/1223
f 1228/1637/1222 1200/1638/1194 1230/1640/1224
f 1230/1640/1224 1200/1638/1194 1202/1641/1196
f 1230/1640/1224 1202/1641/1196 1221/1642/1215
f 1203/1633/1197 1229/1639/1223 1231/1643/1225
f 1228/1637/1222 1230/1640/1224 1232/1644/1226
f 1203/1633/1197 1231/1643/1225 1233/1645/1227
f 1203/1633/1197 1233/1645/1227 1175/1646/1169
f 1231/1643/1225 1229/1639/1223 1234/1647/1228
f 1231/1643/1225 1234/1647/1228 1233/1645/1227
f 1175/1646/1169 1233/1645/1227 1235/1648/1229
f 1235/1648/1229 1233/1645/1227 1234/1647/1228
f 1175/1646/1169 1235/1648/1229 1173/1649/1167
f 1234/1647/1228 1229/1639/1223 1236/1650/1230
f 1236/1650/1230 1229/1639/1223 1227/1636/1221
f 1235/1648/1229 1234/1647/1228 1237/1651/1231
f 1235/1648/1229 1237/1651/1231 1173/1649/1167
f 1237/1651/1231 1234/1647/1228 1238/1652/1232
f 1238/1652/1232 1234/1647/1228 1236/1650/1230
f 1173/1649/1167 1237/1651/1231 1239/1653/1233
f 1239/1653/1233 1237/1651/1231 1240/1654/1234
f 1237/1651/1231 1238/1652/1232 1241/1655/1235
f 1173/1649/1167 1239/1653/1233 1242/1656/1236
f 1173/1649/1167 1242/1656/1236 1156/1657/1150
f 1242/1656/1236 1239/1653/1233 1243/1658/1237
f 1242/1656/1236 1243/1658/1237 1156/1657/1150
f 1156/1657/1150 1243/1658/1237 1155/1659/1149
f 1241/1655/1235 1238/1652/1232 1244/1660/1238
f 1244/1660/1238 1238/1652/1232 1236/1650/1230
f 1241/1655/1235 1244/1660/1238 1245/1661/1239
f 1245/1661/1239 1244/1660/1238 1246/1662/1240
f 1245/1661/1239 1246/1662/1240 1247/1663/1241
f 1247/1663/1241 1246/1662/1240 1248/1664/1242
f 1246/1662/1240 1244/1660/1238 1249/1665/1243
f 1246/1662/1240 1249/1665/1243 1248/1664/1242
f 1249/1665/1243 1244/1660/1238 1236/1650/1230
f 1248/1664/1242 1249/1665/1243 1250/1666/1244
f 1249/1665/1243 1236/1650/1230 1251/1667/1245
f 1249/1665/1243 1251/1667/1245 1250/1666/1244
f 1251/1667/1245 1236/1650/1230 1227/1636/1221
f 1251/1667/1245 1227/1636/1221 1228/1637/1222
f 1248/1664/1242 1250/1666/1244 1252/1668/1246
f 1251/1667/1245 1228/1637/1222 1232/1644/1226
f 1251/1667/1245 1232/1644/1226 1250/1666/1244
f 1252/1668/1246 1250/1666/1244 1253/1669/1247
f 1253/1669/1247 1250/1666/1244 1232/1644/1226
f 1252/1668/1246 1253/1669/1247 1254/1670/1248
f 1252/1668/1246 1254/1670/1248 1255/1671/1249
f 1254/1670/1248 1253/1669/1247 1256/1672/1250
f 1255/1671/1249 1254/1670/1248 1257/1673/1251
f 1257/1673/1251 1254/1670/1248 1256/1672/1250
f 1255/1671/1249 1257/1673/1251 1258/1674/1252
f 1258/1674/1252 1257/1673/1251 1259/1675/1253
f 1259/1675/1253 1257/1673/1251 1256/1672/1250
f 1258/1674/1252 1259/1675/1253 1260/1676/1254
f 1258/1674/1252 1260/1676/1254 1261/1677/1255
f 1259/1675/1253 1256/1672/1250 1262/1678/1256
f 1259/1675/1253 1262/1678/1256 1260/1676/1254
f 1261/1677/1255 1260/1676/1254 1263/1679/1257
f 1263/1679/1257 1260/1676/1254 1264/1680/1258
f 1263/1679/1257 1264/1680/1258 1265/1681/1259
f 1264/1680/1258 1260/1676/1254 1266/1682/1260
f 1266/1682/1260 1260/1676/1254 1262/1678/1256
f 1265/1681/1259 1264/1680/1258 1267/1683/1261
f 1267/1683/1261 1264/1680/1258 1266/1682/1260
f 1265/1681/1259 1267/1683/1261 1268/1684/1262
f 1265/1681/1259 1268/1684/1262 1269/1685/1263
f 1268/1684/1262 1267/1683/1261 1270/1686/1264
f 1270/1686/1264 1267/1683/1261 1266/1682/1260
f 1268/1684/1262 1270/1686/1264 1271/1687/1265
f 1271/1687/1265 1270/1686/1264 1272/1688/1266
f 1272/1688/1266 1270/1686/1264 1273/1689/1267
f 1273/1689/1267 1270/1686/1264 1266/1682/1260
f 1272/1688/1266 1273/1689/1267 1274/1690/1268
f 1273/1689/1267 1266/1682/1260 1275/1691/1269
f 1275/1691/1269 1266/1682/1260 1262/1678/1256
f 1274/1690/1268 1273/1689/1267 1276/1692/1270
f 1274/1690/1268 1276/1692/1270 1277/1693/1271
f 1277/1693/1271 1276/1692/1270 1278/1694/1272
f 1276/1692/1270 1273/1689/1267 1279/1695/1273
f 1279/1695/1273 1273/1689/1267 1275/1691/1269
f 1278/1694/1272 1276/1692/1270 1280/1696/1274
f 1280/1696/1274 1276/1692/1270 1279/1695/1273
f 1279/1695/1273 1275/1691/1269 1281/1697/1275
f 1281/1697/1275 1275/1691/1269 1262/1678/1256
f 1280/1696/1274 1279/1695/1273 1282/1698/1276
f 1282/1698/1276 1279/1695/1273 1281/1697/1275
f 1281/1697/1275 1262/1678/1256 1283/1699/1277
f 1283/1699/1277 1262/1678/1256 1256/1672/1250
f 1282/1698/1276 1281/1697/1275 1284/1700/1278
f 1283/1699/1277 1256/1672/1250 1285/1701/1279
f 1285/1701/1279 1256/1672/1250 1253/1669/1247
f 1285/1701/1279 1253/1669/1247 1232/1644/1226
f 1281/1697/1275 1283/1699/1277 1286/1702/1280
f 1286/1702/1280 1283/1699/1277 1285/1701/1279
f 1281/1697/1275 1286/1702/1280 1284/1700/1278
f 1285/1701/1279 1232/1644/1226 1287/1703/1281
f 1285/1701/1279 1287/1703/1281 1286/1702/1280
f 1287/1703/1281 1232/1644/1226 1230/1640/1224
f 1286/1702/1280 1287/1703/1281 1284/1700/1278
f 1287/1703/1281 1230/1640/1224 1221/1642/1215
f 1287/1703/1281 1221/1642/1215 1284/1700/1278
f 1284/1700/1278 1221/1642/1215 1219/1704/1213
f 1284/1700/1278 1219/1704/1213 1288/1705/1282
f 1284/1700/1278 1288/1705/1282 1282/1698/1276
f 1288/1705/1282 1219/1704/1213 1220/1706/1214
f 1282/1698/1276 1288/1705/1282 1280/1696/1274
f 1288/1705/1282 1220/1706/1214 1289/1707/1283
f 1288/1705/1282 1289/1707/1283 1280/1696/1274
f 1289/1707/1283 1220/1706/1214 1290/1708/1284
f 1290/1708/1284 1220/1706/1214 1216/1709/1210
f 1280/1696/1274 1289/1707/1283 1291/1710/1285
f 1280/1696/1274 1291/1710/1285 1278/1694/1272
f 1290/1708/1284 1216/1709/1210 1215/1711/1209
f 1291/1710/1285 1289/1707/1283 1292/1712/1286
f 1292/1712/1286 1289/1707/1283 1290/1708/1284
f 1278/1694/1272 1291/1710/1285 1293/1713/1287
f 1293/1713/1287 1291/1710/1285 1292/1712/1286
f 1278/1694/1272 1293/1713/1287 1294/1714/1288
f 1292/1712/1286 1290/1708/1284 1295/1715/1289
f 1292/1712/1286 1295/1715/1289 1293/1713/1287
f 1295/1715/1289 1290/1708/1284 1215/1711/1209
f 1293/1713/1287 1295/1715/1289 1296/1716/1290
f 1296/1716/1290 1295/1715/1289 1297/1717/1291
f 1297/1717/1291 1295/1715/1289 1215/1711/1209
f 1297/1717/1291 1215/1711/1209 1298/1718/1292
f 1298/1718/1292 1215/1711/1209 1214/1719/1208
f 1297/1717/1291 1298/1718/1292 1299/1720/1293
f 1298/1718/1292 1214/1719/1208 1218/1721/1212
f 1298/1718/1292 1218/1721/1212 1299/1720/1293
f 1240/1722/1234 1237/1723/1231 1241/1724/1235
f 1240/1722/1234 1241/1724/1235 1300/1725/1294
f 1240/1722/1234 1300/1725/1294 1301/1726/1295
f 1240/1722/1234 1301/1726/1295 1302/1727/1296
f 1240/1722/1234 1302/1727/1296 1239/1728/1233
f 1239/1728/1233 1302/1727/1296 1303/1729/1297
f 1303/1729/1297 1302/1727/1296 1304/1730/1298
f 1304/1730/1298 1302/1727/1296 1301/1726/1295
f 1304/1730/1298 1301/1726/1295 1305/1731/1299
f 1304/1730/1298 1305/1731/1299 1306/1732/1300
f 1306/1732/1300 1305/1731/1299 1307/1733/1301
f 1305/1731/1299 1301/1726/1295 1308/1734/1302
f 1308/1734/1302 1301/1726/1295 1300/1725/1294
f 1307/1733/1301 1305/1731/1299 1309/1735/1303
f 1309/1735/1303 1305/1731/1299 1308/1734/1302
f 1308/1734/1302 1300/1725/1294 1310/1736/1304
f 1308/1734/1302 1310/1736/1304 1309/1735/1303
f 1310/1736/1304 1300/1725/1294 1311/1737/1305
f 1311/1737/1305 1300/1725/1294 1241/1724/1235
f 1310/1736/1304 1311/1737/1305 1312/1738/1306
f 1311/1737/1305 1241/1724/1235 1313/1739/1307
f 1311/1737/1305 1313/1739/1307 1312/1738/1306
f 1310/1736/1304 1312/1738/1306 1314/1740/1308
f 1310/1736/1304 1314/1740/1308 1315/1741/1309
f 1310/1736/1304 1315/1741/1309 1309/1735/1303
f 1314/1740/1308 1312/1738/1306 1316/1742/1310
f 1312/1738/1306 1313/1739/1307 1317/1743/1311
f 1312/1738/1306 1317/1743/1311 1316/1742/1310
f 1314/1740/1308 1316/1742/1310 1318/1744/1312
f 1314/1740/1308 1318/1744/1312 1315/1741/1309
f 1309/1735/1303 1315/1741/1309 1319/1745/1313
f 1309/1735/1303 1319/1745/1313 1320/1746/1314
f 1319/1745/1313 1315/1741/1309 1321/1747/1315
f 1321/1747/1315 1315/1741/1309 1318/1744/1312
f 1320/1746/1314 1319/1745/1313 1322/1748/1316
f 1322/1748/1316 1319/1745/1313 1321/1747/1315
f 1309/1735/1303 1320/1746/1314 1323/1749/1317
f 1323/1749/1317 1320/1746/1314 1322/1748/1316
f 1309/1735/1303 1323/1749/1317 1307/1733/1301
f 1307/1733/1301 1323/1749/1317 1324/1750/1318
f 1324/1750/1318 1323/1749/1317 1325/1751/1319
f 1325/1751/1319 1323/1749/1317 1322/1748/1316
f 1322/1748/1316 1321/1747/1315 1326/1752/1320
f 1326/1752/1320 1321/1747/1315 1318/1744/1312
f 1325/1751/1319 1322/1748/1316 1327/1753/1321
f 1322/1748/1316 1326/1752/1320 1328/1754/1322
f 1328/1754/1322 1326/1752/1320 1318/1744/1312
f 1322/1748/1316 1328/1754/1322 1327/1753/1321
f 1329/1755/1323 1327/1753/1321 1330/1756/1324
f 1330/1756/1324 1327/1753/1321 1331/1757/1325
f 1331/1757/1325 1327/1753/1321 1332/1758/1326
f 1332/1758/1326 1327/1753/1321 1328/1754/1322
f 1331/1757/1325 1332/1758/1326 1333/1759/1327
f 1333/1759/1327 1332/1758/1326 1334/1760/1328
f 1334/1760/1328 1332/1758/1326 1328/1754/1322
f 1333/1759/1327 1334/1760/1328 1335/1761/1329
f 1334/1760/1328 1328/1754/1322 1336/1762/1330
f 1334/1760/1328 1336/1762/1330 1335/1761/1329
f 1335/1761/1329 1336/1762/1330 1337/1763/1331
f 1335/1761/1329 1337/1763/1331 1338/1764/1332
f 1336/1762/1330 1328/1754/1322 1339/1765/1333
f 1339/1765/1333 1328/1754/1322 1318/1744/1312
f 1339/1765/1333 1318/1744/1312 1316/1742/1310
f 1337/1763/1331 1336/1762/1330 1340/1766/1334
f 1340/1766/1334 1336/1762/1330 1339/1765/1333
f 1337/1763/1331 1340/1766/1334 1341/1767/1335
f 1339/1765/1333 1316/1742/1310 1342/1768/1336
f 1339/1765/1333 1342/1768/1336 1340/1766/1334
f 1342/1768/1336 1316/1742/1310 1317/1743/1311
f 1340/1766/1334 1342/1768/1336 1343/1769/1337
f 1340/1766/1334 1343/1769/1337 1341/1767/1335
f 1343/1769/1337 1342/1768/1336 1317/1743/1311
f 1247/1770/1241 1248/1771/1242 1341/1767/1335
f 1247/1770/1241 1341/1767/1335 1343/1769/1337
f 1343/1769/1337 1317/1743/1311 1344/1772/1338
f 1344/1772/1338 1317/1743/1311 1345/1773/1339
f 1345/1773/1339 1317/1743/1311 1313/1739/1307
f 1344/1772/1338 1345/1773/1339 1346/1774/1340
f 1346/1774/1340 1345/1773/1339 1313/1739/1307
f 1344/1772/1338 1346/1774/1340 1343/1769/1337
f 1346/1774/1340 1313/1739/1307 1241/1724/1235
f 1247/1770/1241 1343/1769/1337 1347/1775/1341
f 1347/1775/1341 1343/1769/1337 1346/1774/1340
f 1347/1775/1341 1346/1774/1340 1241/1724/1235
f 1247/1770/1241 1347/1775/1341 1245/1776/1239
f 1245/1776/1239 1347/1775/1341 1241/1724/1235
f 1248/1777/1242 1252/1778/1246 1348/1779/1342
f 1248/1777/1242 1348/1779/1342 1341/1780/1335
f 1341/1780/1335 1348/1779/1342 1337/1781/1331
f 1337/1781/1331 1348/1779/1342 1349/1782/1343
f 1349/1782/1343 1348/1779/1342 1350/1783/1344
f 1350/1783/1344 1348/1779/1342 1252/1778/1246
f 1350/1783/1344 1252/1778/1246 1255/1784/1249
f 1223/1785/1217 1351/1786/1345 1222/1787/1216
f 1222/1787/1216 1351/1786/1345 1352/1788/1346
f 1351/1786/1345 1223/1785/1217 1225/1789/1219
f 1351/1786/1345 1225/1789/1219 1353/1790/1347
f 1353/1790/1347 1225/1789/1219 1354/1791/1348
f 1354/1791/1348 1225/1789/1219 1226/1792/1220
f 1354/1791/1348 1226/1792/1220 1355/1793/1349
f 1355/1793/1349 1226/1792/1220 1356/1794/1350
f 1355/1793/1349 1356/1794/1350 1354/1791/1348
f 1356/1794/1350 1226/1792/1220 1189/1795/1183
f 1354/1791/1348 1356/1794/1350 1357/1796/1351
f 1349/1797/1343 1338/1798/1332 1337/1799/1331
f 1338/1798/1332 1349/1797/1343 1358/1800/1352
f 1358/1800/1352 1349/1797/1343 1350/1801/1344
f 1338/1798/1332 1358/1800/1352 1359/1802/1353
f 1338/1798/1332 1359/1802/1353 1335/1803/1329
f 1358/1800/1352 1350/1801/1344 1360/1804/1354
f 1360/1804/1354 1350/1801/1344 1255/1805/1249
f 1360/1804/1354 1255/1805/1249 1258/1806/1252
f 1360/1804/1354 1258/1806/1252 1261/1807/1255
f 1360/1804/1354 1261/1807/1255 1361/1808/1355
f 1361/1808/1355 1261/1807/1255 1263/1809/1257
f 1361/1808/1355 1263/1809/1257 1265/1810/1259
f 1361/1808/1355 1265/1810/1259 1362/1811/1356
f 1362/1811/1356 1265/1810/1259 1363/1812/1357
f 1362/1811/1356 1363/1812/1357 1364/1813/1358
f 1362/1811/1356 1364/1813/1358 1365/1814/1359
f 1361/1808/1355 1362/1811/1356 1366/1815/1360
f 1361/1808/1355 1366/1815/1360 1360/1804/1354
f 1362/1811/1356 1365/1814/1359 1367/1816/1361
f 1362/1811/1356 1367/1816/1361 1366/1815/1360
f 1367/1816/1361 1365/1814/1359 1368/1817/1362
f 1367/1816/1361 1368/1817/1362 1369/1818/1363
f 1366/1815/1360 1367/1816/1361 1370/1819/1364
f 1370/1819/1364 1367/1816/1361 1369/1818/1363
f 1360/1804/1354 1366/1815/1360 1371/1820/1365
f 1371/1820/1365 1366/1815/1360 1370/1819/1364
f 1360/1804/1354 1371/1820/1365 1358/1800/1352
f 1370/1819/1364 1369/1818/1363 1372/1821/1366
f 1370/1819/1364 1372/1821/1366 1371/1820/1365
f 1372/1821/1366 1369/1818/1363 1373/1822/1367
f 1358/1800/1352 1371/1820/1365 1374/1823/1368
f 1374/1823/1368 1371/1820/1365 1372/1821/1366
f 1358/1800/1352 1374/1823/1368 1359/1802/1353
f 1374/1823/1368 1372/1821/1366 1375/1824/1369
f 1375/1824/1369 1372/1821/1366 1376/1825/1370
f 1375/1824/1369 1376/1825/1370 1377/1826/1371
f 1374/1823/1368 1375/1824/1369 1378/1827/1372
f 1374/1823/1368 1378/1827/1372 1359/1802/1353
f 1375/1824/1369 1377/1826/1371 1379/1828/1373
f 1375/1824/1369 1379/1828/1373 1378/1827/1372
f 1379/1828/1373 1377/1826/1371 1380/1829/1374
f 1380/1829/1374 1377/1826/1371 1381/1830/1375
f 1380/1829/1374 1381/1830/1375 1382/1831/1376
f 1380/1829/1374 1382/1831/1376 1383/1832/1377
f 1383/1832/1377 1382/1831/1376 1384/1833/1378
f 1379/1828/1373 1380/1829/1374 1385/1834/1379
f 1385/1834/1379 1380/1829/1374 1383/1832/1377
f 1386/1835/1380 1378/1827/1372 1379/1828/1373
f 1386/1835/1380 1379/1828/1373 1385/1834/1379
f 1383/1832/1377 1384/1833/1378 1387/1836/1381
f 1387/1836/1381 1384/1833/1378 1388/1837/1382
f 1385/1834/1379 1383/1832/1377 1389/1838/1383
f 1389/1838/1383 1383/1832/1377 1387/1836/1381
f 1387/1836/1381 1388/1837/1382 1390/1839/1384
f 1387/1836/1381 1390/1839/1384 1389/1838/1383
f 1390/1839/1384 1388/1837/1382 1391/1840/1385
f 1390/1839/1384 1391/1840/1385 1392/1841/1386
f 1385/1834/1379 1389/1838/1383 1393/1842/1387
f 1385/1834/1379 1393/1842/1387 1386/1835/1380
f 1389/1838/1383 1390/1839/1384 1394/1843/1388
f 1393/1842/1387 1389/1838/1383 1395/1844/1389
f 1395/1844/1389 1389/1838/1383 1394/1843/1388
f 1390/1839/1384 1392/1841/1386 1396/1845/1390
f 1390/1839/1384 1396/1845/1390 1394/1843/1388
f 1396/1845/1390 1392/1841/1386 1397/1846/1391
f 1397/1846/1391 1392/1841/1386 1398/1847/1392
f 1397/1846/1391 1398/1847/1392 1399/1848/1393
f 1396/1845/1390 1397/1846/1391 1400/1849/1394
f 1396/1845/1390 1400/1849/1394 1394/1843/1388
f 1400/1849/1394 1397/1846/1391 1399/1848/1393
f 1394/1843/1388 1400/1849/1394 1395/1844/1389
f 1400/1849/1394 1399/1848/1393 1401/1850/1395
f 1400/1849/1394 1401/1850/1395 1395/1844/1389
f 1401/1850/1395 1399/1848/1393 1402/1851/1396
f 1395/1844/1389 1401/1850/1395 1403/1852/1397
f 1395/1844/1389 1403/1852/1397 1404/1853/1398
f 1404/1853/1398 1403/1852/1397 1405/1854/1399
f 1395/1844/1389 1404/1853/1398 1406/1855/1400
f 1395/1844/1389 1406/1855/1400 1393/1842/1387
f 1404/1853/1398 1405/1854/1399 1407/1856/1401
f 1404/1853/1398 1407/1856/1401 1406/1855/1400
f 1407/1856/1401 1405/1854/1399 1408/1857/1402
f 1393/1842/1387 1406/1855/1400 1409/1858/1403
f 1409/1858/1403 1406/1855/1400 1407/1856/1401
f 1393/1842/1387 1409/1858/1403 1386/1835/1380
f 1407/1856/1401 1408/1857/1402 1410/1859/1404
f 1407/1856/1401 1410/1859/1404 1409/1858/1403
f 1410/1859/1404 1408/1857/1402 1411/1860/1405
f 1386/1835/1380 1409/1858/1403 1412/1861/1406
f 1412/1861/1406 1409/1858/1403 1410/1859/1404
f 1386/1835/1380 1412/1861/1406 1413/1862/1407
f 1386/1835/1380 1413/1862/1407 1378/1827/1372
f 1410/1859/1404 1411/1860/1405 1414/1863/1408
f 1410/1859/1404 1414/1863/1408 1412/1861/1406
f 1414/1863/1408 1411/1860/1405 1415/1864/1409
f 1413/1862/1407 1412/1861/1406 1416/1865/1410
f 1416/1865/1410 1412/1861/1406 1414/1863/1408
f 1378/1827/1372 1413/1862/1407 1417/1866/1411
f 1417/1866/1411 1413/1862/1407 1416/1865/1410
f 1378/1827/1372 1417/1866/1411 1359/1802/1353
f 1414/1863/1408 1415/1864/1409 1418/1867/1412
f 1414/1863/1408 1418/1867/1412 1416/1865/1410
f 1418/1867/1412 1415/1864/1409 1419/1868/1413
f 1359/1802/1353 1417/1866/1411 1420/1869/1414
f 1420/1869/1414 1417/1866/1411 1416/1865/1410
f 1359/1802/1353 1420/1869/1414 1335/1803/1329
f 1335/1803/1329 1420/1869/1414 1333/1870/1327
f 1420/1869/1414 1416/1865/1410 1421/1871/1415
f 1420/1869/1414 1421/1871/1415 1333/1870/1327
f 1421/1871/1415 1416/1865/1410 1418/1867/1412
f 1333/1870/1327 1421/1871/1415 1331/1872/1325
f 1331/1872/1325 1421/1871/1415 1330/1873/1324
f 1421/1871/1415 1418/1867/1412 1422/1874/1416
f 1421/1871/1415 1422/1874/1416 1330/1873/1324
f 1422/1874/1416 1418/1867/1412 1419/1868/1413
f 1330/1873/1324 1422/1874/1416 1329/1875/1323
f 1329/1875/1323 1422/1874/1416 1419/1868/1413
f 1329/1875/1323 1419/1868/1413 1423/1876/1417
f 1127/1877/31 1121/1878/1116 1130/1879/1124
f 1121/1878/1116 1127/1877/31 930/1880/926
f 1121/1878/1116 930/1880/926 1119/1881/1114
f 930/1880/926 1127/1877/31 922/1882/918
f 922/1882/918 1127/1877/31 918/1883/914
f 1424/1884/1418 1425/1885/1419 1426/1886/1420
f 1426/1886/1420 1425/1885/1419 1427/1887/1421
f 1426/1886/1420 1427/1887/1421 1093/1888/376
f 1426/1886/1420 1093/1888/376 1424/1884/1418
f 1427/1887/1421 1425/1885/1419 1428/1889/1422
f 1428/1889/1422 1425/1885/1419 1424/1884/1418
f 1424/1884/1418 1093/1888/376 1092/1890/1088
f 1424/1884/1418 1092/1890/1088 928/1891/924
f 1424/1884/1418 928/1891/924 1428/1889/1422
f 1428/1889/1422 928/1891/924 1429/1892/1423
f 1429/1892/1423 928/1891/924 929/1893/925
f 1429/1892/1423 929/1893/925 1430/1894/1424
f 1430/1894/1424 929/1893/925 1161/1895/1155
f 928/1896/924 1127/1897/31 1138/1898/1132
f 1127/1897/31 928/1896/924 1099/1899/1094
f 1099/1899/1094 928/1896/924 1092/1900/1088
f 1099/1899/1094 1092/1900/1088 1094/1901/1089
f 930/1902/926 1153/1903/1147 1119/1904/1114
f 1153/1903/1147 930/1902/926 1099/1905/1094
f 1153/1903/1147 1099/1905/1094 1103/1906/1098
f 1103/1906/1098 1099/1905/1094 1098/1907/1093
f 1427/1908/1421 1428/1909/1422 1431/1910/1425
f 1431/1910/1425 1428/1909/1422 1432/1911/1426
f 1432/1911/1426 1428/1909/1422 1429/1912/1423
f 1427/1908/1421 1431/1910/1425 1433/1913/1427
f 1427/1908/1421 1433/1913/1427 1093/1914/376
f 1093/1914/376 1433/1913/1427 1090/1915/1086
f 1090/1915/1086 1433/1913/1427 1434/1916/1428
f 1090/1915/1086 1434/1916/1428 1089/1917/1085
f 1433/1913/1427 1431/1910/1425 1435/1918/1429
f 1433/1913/1427 1435/1918/1429 1434/1916/1428
f 1089/1917/1085 1434/1916/1428 1436/1919/1430
f 1435/1918/1429 1431/1910/1425 1437/1920/1431
f 1437/1920/1431 1431/1910/1425 1432/1911/1426
f 1089/1917/1085 1436/1919/1430 1085/1921/1081
f 1434/1916/1428 1435/1918/1429 1438/1922/1432
f 1434/1916/1428 1438/1922/1432 1436/1919/1430
f 1435/1918/1429 1437/1920/1431 1439/1923/1433
f 1435/1918/1429 1439/1923/1433 1438/1922/1432
f 1085/1921/1081 1436/1919/1430 1440/1924/1434
f 1085/1921/1081 1440/1924/1434 1083/1925/1079
f 1083/1925/1079 1440/1924/1434 1082/1926/1078
f 1082/1926/1078 1440/1924/1434 1441/1927/1435
f 1441/1927/1435 1440/1924/1434 1442/1928/1436
f 1442/1928/1436 1440/1924/1434 1436/1919/1430
f 1442/1928/1436 1436/1919/1430 1443/1929/1437
f 1443/1929/1437 1436/1919/1430 1438/1922/1432
f 1442/1928/1436 1443/1929/1437 1444/1930/1438
f 1443/1929/1437 1438/1922/1432 1445/1931/1439
f 1445/1931/1439 1438/1922/1432 1439/1923/1433
f 1444/1930/1438 1443/1929/1437 1446/1932/1440
f 1446/1932/1440 1443/1929/1437 1445/1931/1439
f 1444/1930/1438 1446/1932/1440 1447/1933/1441
f 1447/1933/1441 1446/1932/1440 1448/1934/1442
f 1447/1933/1441 1448/1934/1442 1449/1935/1443
f 1446/1932/1440 1445/1931/1439 1450/1936/1444
f 1446/1932/1440 1450/1936/1444 1448/1934/1442
f 1445/1931/1439 1439/1923/1433 1451/1937/1445
f 1445/1931/1439 1451/1937/1445 1450/1936/1444
f 1451/1937/1445 1439/1923/1433 1452/1938/1446
f 1452/1938/1446 1439/1923/1433 1437/1920/1431
f 1450/1936/1444 1451/1937/1445 1453/1939/1447
f 1453/1939/1447 1451/1937/1445 1452/1938/1446
f 1448/1934/1442 1450/1936/1444 1454/1940/1448
f 1454/1940/1448 1450/1936/1444 1453/1939/1447
f 1455/1941/1449 1449/1935/1443 1448/1934/1442
f 1455/1941/1449 1448/1934/1442 1454/1940/1448
f 1449/1935/1443 1455/1941/1449 1456/1942/1450
f 1455/1941/1449 1454/1940/1448 1457/1943/1451
f 1455/1941/1449 1457/1943/1451 1456/1942/1450
f 1457/1943/1451 1454/1940/1448 1453/1939/1447
f 1456/1942/1450 1457/1943/1451 1458/1944/1452
f 1456/1942/1450 1458/1944/1452 1459/1945/1453
f 1457/1943/1451 1453/1939/1447 1460/1946/1454
f 1457/1943/1451 1460/1946/1454 1458/1944/1452
f 1459/1945/1453 1458/1944/1452 1461/1947/1455
f 1459/1945/1453 1461/1947/1455 1462/1948/1456
f 1458/1944/1452 1460/1946/1454 1463/1949/1457
f 1458/1944/1452 1463/1949/1457 1461/1947/1455
f 1460/1946/1454 1453/1939/1447 1464/1950/1458
f 1460/1946/1454 1464/1950/1458 1463/1949/1457
f 1464/1950/1458 1453/1939/1447 1452/1938/1446
f 1462/1948/1456 1461/1947/1455 1465/1951/1459
f 1465/1951/1459 1461/1947/1455 1463/1949/1457
f 1462/1948/1456 1465/1951/1459 1466/1952/1460
f 1465/1951/1459 1463/1949/1457 1467/1953/1461
f 1465/1951/1459 1467/1953/1461 1466/1952/1460
f 1467/1953/1461 1463/1949/1457 1464/1950/1458
f 1466/1952/1460 1467/1953/1461 1468/1954/1462
f 1466/1952/1460 1468/1954/1462 1469/1955/1463
f 1469/1955/1463 1468/1954/1462 1470/1956/1464
f 1470/1956/1464 1468/1954/1462 1471/1957/1465
f 1468/1954/1462 1467/1953/1461 1472/1958/1466
f 1468/1954/1462 1472/1958/1466 1471/1957/1465
f 1467/1953/1461 1464/1950/1458 1473/1959/1467
f 1467/1953/1461 1473/1959/1467 1472/1958/1466
f 1473/1959/1467 1464/1950/1458 1474/1960/1468
f 1472/1958/1466 1473/1959/1467 1475/1961/1469
f 1475/1961/1469 1473/1959/1467 1474/1960/1468
f 1471/1957/1465 1472/1958/1466 1476/1962/1470
f 1471/1957/1465 1476/1962/1470 1477/1963/1471
f 1471/1957/1465 1477/1963/1471 1478/1964/1472
f 1477/1963/1471 1476/1962/1470 1479/1965/1473
f 1477/1963/1471 1479/1965/1473 1480/1966/1474
f 1477/1963/1471 1480/1966/1474 1481/1967/1475
f 1476/1962/1470 1472/1958/1466 1482/1968/1476
f 1482/1968/1476 1472/1958/1466 1475/1961/1469
f 1476/1962/1470 1482/1968/1476 1483/1969/1477
f 1482/1968/1476 1475/1961/1469 1484/1970/1478
f 1482/1968/1476 1484/1970/1478 1485/1971/1479
f 1485/1971/1479 1484/1970/1478 1486/1972/1480
f 1485/1971/1479 1486/1972/1480 1487/1973/1481
f 1484/1970/1478 1475/1961/1469 1488/1974/1482
f 1484/1970/1478 1488/1974/1482 1486/1972/1480
f 1486/1972/1480 1488/1974/1482 1487/1973/1481
f 1488/1974/1482 1475/1961/1469 1474/1960/1468
f 1487/1973/1481 1488/1974/1482 1489/1975/1483
f 1489/1975/1483 1488/1974/1482 1474/1960/1468
f 1487/1973/1481 1489/1975/1483 1490/1976/1484
f 1489/1975/1483 1474/1960/1468 1464/1950/1458
f 1490/1976/1484 1489/1975/1483 1491/1977/1485
f 1489/1975/1483 1464/1950/1458 1492/1978/1486
f 1489/1975/1483 1492/1978/1486 1491/1977/1485
f 1492/1978/1486 1464/1950/1458 1452/1938/1446
f 1491/1977/1485 1492/1978/1486 1493/1979/1487
f 1493/1979/1487 1492/1978/1486 1494/1980/1488
f 1494/1980/1488 1492/1978/1486 1452/1938/1446
f 1493/1979/1487 1494/1980/1488 1495/1981/1489
f 1494/1980/1488 1452/1938/1446 1496/1982/1490
f 1496/1982/1490 1452/1938/1446 1437/1920/1431
f 1496/1982/1490 1437/1920/1431 1432/1911/1426
f 1494/1980/1488 1496/1982/1490 1497/1983/1491
f 1494/1980/1488 1497/1983/1491 1498/1984/1492
f 1496/1982/1490 1432/1911/1426 1499/1985/1493
f 1496/1982/1490 1499/1985/1493 1497/1983/1491
f 1499/1985/1493 1432/1911/1426 1429/1912/1423
f 1499/1985/1493 1429/1912/1423 1430/1986/1424
f 1497/1983/1491 1499/1985/1493 1500/1987/1494
f 1500/1987/1494 1499/1985/1493 1430/1986/1424
f 1497/1983/1491 1500/1987/1494 1501/1988/1495
f 1500/1987/1494 1430/1986/1424 1162/1989/1156
f 1162/1989/1156 1430/1986/1424 1161/1990/1155
f 1500/1987/1494 1162/1989/1156 1502/1991/1496
f 1502/1992/1496 1155/1993/1149 1243/1994/1237
f 1155/1993/1149 1502/1992/1496 1158/1995/1152
f 1158/1995/1152 1502/1992/1496 1160/1996/1154
f 1160/1996/1154 1502/1992/1496 1162/1997/1156
f 1502/1992/1496 1243/1994/1237 1303/1998/1297
f 1303/1998/1297 1243/1994/1237 1239/1999/1233
f 1502/2000/1496 1503/2001/1497 1500/2002/1494
f 1503/2001/1497 1502/2000/1496 1303/2003/1297
f 1500/2002/1494 1503/2001/1497 1501/2004/1495
f 1503/2001/1497 1303/2003/1297 1304/2005/1298
f 1503/2001/1497 1304/2005/1298 1504/2006/1498
f 1504/2006/1498 1304/2005/1298 1306/2007/1300
f 1501/2004/1495 1503/2001/1497 1505/2008/1499
f 1505/2008/1499 1503/2001/1497 1504/2006/1498
f 1501/2004/1495 1505/2008/1499 1498/2009/1492
f 1501/2004/1495 1498/2009/1492 1497/2010/1491
f 1505/2008/1499 1504/2006/1498 1506/2011/1500
f 1498/2009/1492 1505/2008/1499 1507/2012/1501
f 1507/2012/1501 1505/2008/1499 1506/2011/1500
f 1506/2011/1500 1504/2006/1498 1508/2013/1502
f 1508/2013/1502 1504/2006/1498 1306/2007/1300
f 1507/2012/1501 1506/2011/1500 1509/2014/1503
f 1508/2013/1502 1306/2007/1300 1510/2015/1504
f 1510/2015/1504 1306/2007/1300 1307/2016/1301
f 1506/2011/1500 1508/2013/1502 1511/2017/1505
f 1506/2011/1500 1511/2017/1505 1509/2014/1503
f 1508/2013/1502 1510/2015/1504 1512/2018/1506
f 1508/2013/1502 1512/2018/1506 1511/2017/1505
f 1510/2015/1504 1307/2016/1301 1513/2019/1507
f 1510/2015/1504 1513/2019/1507 1512/2018/1506
f 1512/2018/1506 1513/2019/1507 1511/2017/1505
f 1511/2017/1505 1513/2019/1507 1509/2014/1503
f 1513/2019/1507 1307/2016/1301 1324/2020/1318
f 1513/2019/1507 1324/2020/1318 1509/2014/1503
f 1514/2021/1508 1515/2022/1509 1509/2014/1503
f 1516/2023/1510 1507/2012/1501 1509/2014/1503
f 1516/2023/1510 1509/2014/1503 1515/2022/1509
f 1507/2012/1501 1516/2023/1510 1498/2009/1492
f 1498/2009/1492 1516/2023/1510 1495/2024/1489
f 1498/2009/1492 1495/2024/1489 1494/2025/1488
f 1516/2023/1510 1515/2022/1509 1517/2026/1511
f 1516/2023/1510 1517/2026/1511 1495/2024/1489
f 1517/2026/1511 1515/2022/1509 1518/2027/1512
f 1495/2024/1489 1517/2026/1511 1491/2028/1485
f 1495/2024/1489 1491/2028/1485 1493/2029/1487
f 1491/2028/1485 1517/2026/1511 1490/2030/1484
f 1490/2030/1484 1517/2026/1511 1519/2031/1513
f 1324/2032/1318 1325/2033/1319 1520/2034/1514
f 1324/2032/1318 1520/2034/1514 1509/2035/1503
f 1509/2035/1503 1520/2034/1514 1521/2036/1515
f 1521/2036/1515 1520/2034/1514 1522/2037/1516
f 1522/2037/1516 1520/2034/1514 1523/2038/1517
f 1523/2038/1517 1520/2034/1514 1524/2039/1518
f 1524/2039/1518 1520/2034/1514 1325/2033/1319
f 1523/2038/1517 1524/2039/1518 1525/2040/1519
f 1525/2040/1519 1524/2039/1518 1526/2041/1520
f 1524/2039/1518 1325/2033/1319 1527/2042/1521
f 1524/2039/1518 1527/2042/1521 1526/2041/1520
f 1527/2042/1521 1325/2033/1319 1327/2043/1321
f 1527/2042/1521 1327/2043/1321 1329/2044/1323
f 1527/2042/1521 1329/2044/1323 1423/2045/1417
f 1527/2042/1521 1423/2045/1417 1526/2041/1520
f 1526/2041/1520 1423/2045/1417 1528/2046/1522
f 1526/2041/1520 1528/2046/1522 1529/2047/1523
f 1415/2048/1409 1530/2049/1524 1419/2050/1413
f 1419/2050/1413 1530/2049/1524 1531/2051/1525
f 1419/2050/1413 1531/2051/1525 1423/2052/1417
f 1530/2049/1524 1415/2048/1409 1532/2053/1526
f 1530/2049/1524 1532/2053/1526 1531/2051/1525
f 1532/2053/1526 1415/2048/1409 1411/2054/1405
f 1423/2052/1417 1531/2051/1525 1528/2055/1522
f 1532/2053/1526 1411/2054/1405 1533/2056/1527
f 1533/2056/1527 1411/2054/1405 1408/2057/1402
f 1531/2051/1525 1532/2053/1526 1534/2058/1528
f 1534/2058/1528 1532/2053/1526 1533/2056/1527
f 1528/2055/1522 1531/2051/1525 1535/2059/1529
f 1535/2059/1529 1531/2051/1525 1534/2058/1528
f 1528/2055/1522 1535/2059/1529 1536/2060/1530
f 1528/2055/1522 1536/2060/1530 1529/2061/1523
f 1535/2059/1529 1534/2058/1528 1537/2062/1531
f 1537/2062/1531 1534/2058/1528 1533/2056/1527
f 1536/2060/1530 1535/2059/1529 1538/2063/1532
f 1538/2063/1532 1535/2059/1529 1537/2062/1531
f 1529/2061/1523 1536/2060/1530 1539/2064/1533
f 1539/2064/1533 1536/2060/1530 1538/2063/1532
f 1538/2063/1532 1537/2062/1531 1540/2065/1534
f 1538/2063/1532 1540/2065/1534 1539/2064/1533
f 1537/2062/1531 1533/2056/1527 1541/2066/1535
f 1541/2066/1535 1533/2056/1527 1408/2057/1402
f 1537/2062/1531 1541/2066/1535 1540/2065/1534
f 1541/2066/1535 1408/2057/1402 1405/2067/1399
f 1541/2066/1535 1405/2067/1399 1542/2068/1536
f 1541/2066/1535 1542/2068/1536 1540/2065/1534
f 1542/2068/1536 1405/2067/1399 1403/2069/1397
f 1543/2070/1537 1539/2064/1533 1540/2065/1534
f 1543/2070/1537 1540/2065/1534 1542/2068/1536
f 1539/2064/1533 1543/2070/1537 1544/2071/1428
f 1539/2064/1533 1544/2071/1428 1529/2061/1523
f 1526/2072/1520 1529/2061/1523 1525/2073/1519
f 1525/2073/1519 1529/2061/1523 1544/2071/1428
f 1542/2068/1536 1403/2069/1397 1545/2074/1538
f 1545/2074/1538 1403/2069/1397 1401/2075/1395
f 1543/2070/1537 1542/2068/1536 1546/2076/1539
f 1546/2076/1539 1542/2068/1536 1545/2074/1538
f 1547/2077/1540 1544/2071/1428 1543/2070/1537
f 1547/2077/1540 1543/2070/1537 1546/2076/1539
f 1525/2073/1519 1544/2071/1428 1548/2078/1541
f 1525/2073/1519 1548/2078/1541 1523/2079/1517
f 1523/2079/1517 1548/2078/1541 1522/2080/1516
f 1548/2078/1541 1544/2071/1428 1549/2081/1542
f 1548/2078/1541 1549/2081/1542 1522/2080/1516
f 1549/2081/1542 1544/2071/1428 1547/2077/1540
f 1547/2077/1540 1546/2076/1539 1550/2082/1543
f 1547/2077/1540 1550/2082/1543 1549/2081/1542
f 1551/2083/1544 1546/2076/1539 1545/2074/1538
f 1546/2076/1539 1551/2083/1544 1550/2082/1543
f 1551/2083/1544 1545/2074/1538 1401/2075/1395
f 1522/2080/1516 1549/2081/1542 1552/2084/1545
f 1552/2084/1545 1549/2081/1542 1550/2082/1543
f 1522/2080/1516 1552/2084/1545 1553/2085/1546
f 1522/2080/1516 1553/2085/1546 1521/2086/1515
f 1521/2086/1515 1553/2085/1546 1554/2087/1547
f 1554/2087/1547 1553/2085/1546 1555/2088/1548
f 1555/2088/1548 1553/2085/1546 1552/2084/1545
f 1554/2087/1547 1555/2088/1548 1556/2089/1549
f 1552/2084/1545 1550/2082/1543 1557/2090/1550
f 1552/2084/1545 1557/2090/1550 1555/2088/1548
f 1557/2090/1550 1550/2082/1543 1551/2083/1544
f 1556/2089/1549 1555/2088/1548 1558/2091/1551
f 1558/2091/1551 1555/2088/1548 1557/2090/1550
f 1558/2091/1551 1557/2090/1550 1551/2083/1544
f 1558/2091/1551 1551/2083/1544 1401/2075/1395
f 1556/2089/1549 1558/2091/1551 1559/2092/1552
f 1559/2092/1552 1558/2091/1551 1401/2075/1395
f 1560/2093/1553 1514/2094/1508 1509/2095/1503
f 1521/2096/1515 1554/2097/1547 1509/2095/1503
f 1509/2095/1503 1554/2097/1547 1560/2093/1553
f 1560/2093/1553 1554/2097/1547 1561/2098/1554
f 1561/2098/1554 1554/2097/1547 1556/2099/1549
f 1514/2094/1508 1560/2093/1553 1562/2100/1555
f 1514/2094/1508 1562/2100/1555 1563/2101/1556
f 1514/2094/1508 1563/2101/1556 1515/2102/1509
f 1515/2102/1509 1563/2101/1556 1562/2100/1555
f 1515/2102/1509 1562/2100/1555 1518/2103/1512
f 1518/2103/1512 1562/2100/1555 1560/2093/1553
f 1518/2103/1512 1560/2093/1553 1561/2098/1554
f 1518/2103/1512 1561/2098/1554 1483/2104/1477
f 1518/2103/1512 1483/2104/1477 1517/2105/1511
f 1483/2104/1477 1561/2098/1554 1564/2106/1557
f 1483/2104/1477 1564/2106/1557 1479/2107/1473
f 1483/2104/1477 1479/2107/1473 1476/2108/1470
f 1517/2105/1511 1483/2104/1477 1519/2109/1513
f 1519/2109/1513 1483/2104/1477 1482/2110/1476
f 1519/2109/1513 1482/2110/1476 1485/2111/1479
f 1519/2109/1513 1485/2111/1479 1487/2112/1481
f 1519/2109/1513 1487/2112/1481 1490/2113/1484
f 1561/2114/1554 1565/2115/1558 1566/2116/1559
f 1561/2114/1554 1566/2116/1559 1564/2117/1557
f 1566/2116/1559 1565/2115/1558 1567/2118/1560
f 1564/2117/1557 1566/2116/1559 1568/2119/1561
f 1564/2117/1557 1568/2119/1561 1479/2120/1473
f 1479/2120/1473 1568/2119/1561 1480/2121/1474
f 1568/2119/1561 1566/2116/1559 1569/2122/1562
f 1568/2119/1561 1569/2122/1562 1480/2121/1474
f 1480/2121/1474 1569/2122/1562 1570/2123/1563
f 1480/2121/1474 1570/2123/1563 1481/2124/1475
f 1570/2123/1563 1569/2122/1562 1571/2125/1564
f 1571/2125/1564 1569/2122/1562 1566/2116/1559
f 1571/2125/1564 1566/2116/1559 1572/2126/1565
f 1572/2126/1565 1566/2116/1559 1567/2118/1560
f 1573/2127/1566 1574/2128/1567 1571/2125/1564
f 1573/2127/1566 1571/2125/1564 1572/2126/1565
f 1573/2127/1566 1572/2126/1565 1575/2129/1568
f 1576/2130/1569 1574/2131/1567 1575/2129/1568
f 1576/2130/1569 1575/2129/1568 1577/2132/1570
f 1577/2132/1570 1575/2129/1568 1572/2126/1565
f 1572/2126/1565 1567/2118/1560 1578/2133/1571
f 1572/2126/1565 1578/2133/1571 1577/2132/1570
f 1578/2133/1571 1567/2118/1560 1579/2134/1572
f 1577/2132/1570 1578/2133/1571 1580/2135/1573
f 1578/2133/1571 1579/2134/1572 1581/2136/1574
f 1578/2133/1571 1581/2136/1574 1580/2135/1573
f 1561/2137/1554 1582/2138/1575 1565/2139/1558
f 1582/2138/1575 1561/2137/1554 1556/2140/1549
f 1565/2139/1558 1582/2138/1575 1567/2141/1560
f 1582/2138/1575 1556/2140/1549 1559/2142/1552
f 1579/2143/1572 1567/2141/1560 1581/2144/1574
f 1581/2144/1574 1567/2141/1560 1580/2145/1573
f 1401/2146/1395 1402/2147/1396 1559/2142/1552
f 1559/2142/1552 1402/2147/1396 1583/2148/1576
f 1582/2138/1575 1559/2142/1552 1584/2149/1577
f 1584/2149/1577 1559/2142/1552 1583/2148/1576
f 1585/2150/1578 1567/2141/1560 1582/2138/1575
f 1585/2150/1578 1582/2138/1575 1584/2149/1577
f 1567/2141/1560 1585/2150/1578 1580/2145/1573
f 1585/2150/1578 1584/2149/1577 1583/2148/1576
f 1585/2150/1578 1583/2148/1576 1573/2151/1566
f 1573/2151/1566 1583/2148/1576 1586/2152/1579
f 1585/2150/1578 1573/2151/1566 1575/2153/1568
f 1580/2145/1573 1585/2150/1578 1587/2154/1580
f 1587/2154/1580 1585/2150/1578 1575/2153/1568
f 1580/2145/1573 1587/2154/1580 1577/2155/1570
f 1587/2154/1580 1575/2153/1568 1588/2156/1581
f 1587/2154/1580 1588/2156/1581 1577/2155/1570
f 1577/2155/1570 1588/2156/1581 1576/2157/1569
f 1588/2158/1581 1589/2159/1582 1576/2160/1569
f 1589/2159/1582 1588/2158/1581 1590/2161/1583
f 1589/2159/1582 1590/2161/1583 1591/2162/1584
f 1591/2162/1584 1590/2161/1583 1592/2163/1585
f 1591/2162/1584 1592/2163/1585 1593/2164/1586
f 1593/2164/1586 1592/2163/1585 1594/2165/1587
f 1592/2163/1585 1590/2161/1583 1595/2166/1588
f 1595/2166/1588 1590/2161/1583 1596/2167/1589
f 1596/2167/1589 1590/2161/1583 1597/2168/1590
f 1590/2169/1583 1588/2170/1581 1597/2171/1590
f 1597/2171/1590 1588/2170/1581 1598/2172/1591
f 1598/2172/1591 1588/2170/1581 1575/2173/1568
f 1598/2172/1591 1575/2173/1568 1599/2174/1592
f 1597/2171/1590 1598/2172/1591 1594/2175/1587
f 1597/2171/1590 1594/2175/1587 1592/2176/1585
f 1597/2171/1590 1592/2176/1585 1595/2177/1588
f 1597/2171/1590 1595/2177/1588 1596/2178/1589
f 33/2179/33 35/2180/35 32/2181/32
f 32/2181/32 35/2180/35 1600/2182/1593
f 1600/2182/1593 35/2180/35 487/2183/486
f 32/2181/32 1600/2182/1593 1601/2184/1594
f 32/2181/32 1601/2184/1594 30/2185/30
f 30/2185/30 1601/2184/1594 29/2186/29
f 1601/2184/1594 1600/2182/1593 1602/2187/1595
f 29/2186/29 1601/2184/1594 1603/2188/1596
f 1603/2188/1596 1601/2184/1594 1602/2187/1595
f 1602/2187/1595 1600/2182/1593 1604/2189/1597
f 1604/2189/1597 1600/2182/1593 487/2183/486
f 1602/2187/1595 1604/2189/1597 1605/2190/1598
f 486/2191/485 489/2192/488 487/2183/486
f 487/2183/486 489/2192/488 1606/2193/1599
f 1606/2193/1599 489/2192/488 492/2194/491
f 1604/2189/1597 487/2183/486 1607/2195/1600
f 1607/2195/1600 487/2183/486 1606/2193/1599
f 1604/2189/1597 1607/2195/1600 1608/2196/1601
f 1604/2189/1597 1608/2196/1601 1605/2190/1598
f 1606/2193/1599 492/2194/491 1609/2197/1602
f 1609/2197/1602 492/2194/491 493/2198/492
f 1607/2195/1600 1606/2193/1599 1610/2199/1603
f 1610/2199/1603 1606/2193/1599 1609/2197/1602
f 1607/2195/1600 1610/2199/1603 1611/2200/1604
f 1607/2195/1600 1611/2200/1604 1608/2196/1601
f 1610/2199/1603 1609/2197/1602 1612/2201/1605
f 1612/2201/1605 1609/2197/1602 493/2198/492
f 1611/2200/1604 1610/2199/1603 1613/2202/1606
f 1613/2202/1606 1610/2199/1603 1612/2201/1605
f 1612/2201/1605 493/2198/492 1614/2203/1607
f 1612/2201/1605 1614/2203/1607 1613/2202/1606
f 1614/2203/1607 493/2198/492 500/2204/499
f 1614/2203/1607 500/2204/499 508/2205/507
f 1613/2202/1606 1614/2203/1607 1615/2206/1608
f 1613/2202/1606 1615/2206/1608 1611/2200/1604
f 1611/2200/1604 1615/2206/1608 1616/2207/1609
f 1611/2200/1604 1616/2207/1609 1608/2196/1601
f 1616/2207/1609 1615/2206/1608 1617/2208/1610
f 1617/2208/1610 1615/2206/1608 1618/2209/1611
f 1617/2208/1610 1618/2209/1611 1619/2210/1612
f 1617/2208/1610 1619/2210/1612 1620/2211/1613
f 1617/2208/1610 1620/2211/1613 1616/2207/1609
f 1616/2207/1609 1620/2211/1613 1608/2196/1601
f 1608/2196/1601 1620/2211/1613 1621/2212/1614
f 1621/2212/1614 1620/2211/1613 1622/2213/1615
f 1608/2196/1601 1621/2212/1614 1605/2190/1598
f 1605/2190/1598 1621/2212/1614 1623/2214/1616
f 1605/2190/1598 1623/2214/1616 1624/2215/1617
f 1605/2190/1598 1624/2215/1617 1602/2187/1595
f 1624/2215/1617 1623/2214/1616 1625/2216/1618
f 1602/2187/1595 1624/2215/1617 1603/2188/1596
f 1603/2188/1596 1624/2215/1617 1625/2216/1618
f 1603/2188/1596 1625/2216/1618 1626/2217/1619
f 1626/2217/1619 1625/2216/1618 1627/2218/1620
f 1626/2217/1619 1627/2218/1620 1628/2219/1621
f 1628/2219/1621 1627/2218/1620 1629/2220/1622
f 1603/2188/1596 1626/2217/1619 248/2221/248
f 248/2221/248 1626/2217/1619 1628/2219/1621
f 248/2221/248 1628/2219/1621 249/2222/249
f 1603/2188/1596 248/2221/248 29/2186/29
f 29/2186/29 248/2221/248 28/2223/28
f 1629/2224/1622 249/2225/249 1628/2226/1621
f 249/2225/249 1629/2224/1622 254/2227/254
f 249/2225/249 254/2227/254 250/2228/250
f 254/2227/254 1629/2224/1622 1630/2229/1623
f 1630/2229/1623 1629/2224/1622 1631/2230/1624
f 1631/2230/1624 1629/2224/1622 1627/2231/1620
f 1631/2230/1624 1627/2231/1620 1632/2232/1625
f 254/2227/254 1630/2229/1623 1633/2233/1626
f 1630/2229/1623 1631/2230/1624 1634/2234/1627
f 1630/2229/1623 1634/2234/1627 1633/2233/1626
f 1631/2230/1624 1632/2232/1625 1635/2235/1628
f 1634/2234/1627 1631/2230/1624 1636/2236/1629
f 1636/2236/1629 1631/2230/1624 1635/2235/1628
f 1635/2235/1628 1632/2232/1625 1637/2237/1630
f 1635/2235/1628 1637/2237/1630 1638/2238/1631
f 1638/2238/1631 1637/2237/1630 1639/2239/1632
f 1638/2238/1631 1639/2239/1632 1640/2240/1633
f 1635/2235/1628 1638/2238/1631 1641/2241/1634
f 1635/2235/1628 1641/2241/1634 1636/2236/1629
f 1638/2238/1631 1640/2240/1633 1642/2242/1635
f 1641/2241/1634 1638/2238/1631 1643/2243/1636
f 1643/2243/1636 1638/2238/1631 1642/2242/1635
f 1641/2241/1634 1643/2243/1636 1644/2244/1637
f 1641/2241/1634 1644/2244/1637 1636/2236/1629
f 1643/2243/1636 1642/2242/1635 1645/2245/1638
f 1642/2242/1635 1640/2240/1633 1646/2246/1639
f 1642/2242/1635 1646/2246/1639 1645/2245/1638
f 1646/2246/1639 1640/2240/1633 1647/2247/1640
f 1643/2243/1636 1645/2245/1638 1648/2248/1641
f 1643/2243/1636 1648/2248/1641 1644/2244/1637
f 1645/2245/1638 1646/2246/1639 1649/2249/1642
f 1644/2244/1637 1648/2248/1641 1650/2250/1643
f 1649/2249/1642 1646/2246/1639 1651/2251/1644
f 1651/2251/1644 1646/2246/1639 1652/2252/1645
f 1651/2251/1644 1652/2252/1645 1653/2253/1646
f 1649/2249/1642 1651/2251/1644 1654/2254/1647
f 1654/2254/1647 1651/2251/1644 1653/2253/1646
f 1645/2245/1638 1649/2249/1642 1655/2255/1648
f 1656/2256/1649 1648/2248/1641 1645/2245/1638
f 1656/2256/1649 1645/2245/1638 1655/2255/1648
f 1648/2248/1641 1656/2256/1649 1657/2257/1650
f 1656/2256/1649 1655/2255/1648 1658/2258/1651
f 1656/2256/1649 1658/2258/1651 1657/2257/1650
f 1655/2255/1648 1649/2249/1642 1659/2259/1652
f 1659/2259/1652 1649/2249/1642 1654/2254/1647
f 1658/2258/1651 1655/2255/1648 1660/2260/1653
f 1660/2260/1653 1655/2255/1648 1659/2259/1652
f 1658/2258/1651 1660/2260/1653 1661/2261/1654
f 1658/2258/1651 1661/2261/1654 1657/2257/1650
f 1660/2260/1653 1659/2259/1652 1662/2262/1655
f 1659/2259/1652 1654/2254/1647 1663/2263/1656
f 1659/2259/1652 1663/2263/1656 1662/2262/1655
f 1663/2263/1656 1654/2254/1647 1664/2264/1657
f 1665/2265/1658 1648/2248/1641 1657/2257/1650
f 1648/2248/1641 1665/2265/1658 1650/2250/1643
f 1650/2250/1643 1665/2265/1658 1666/2266/1659
f 1650/2250/1643 1666/2266/1659 1644/2244/1637
f 1665/2265/1658 1657/2257/1650 1667/2267/1660
f 1665/2265/1658 1667/2267/1660 1666/2266/1659
f 1667/2267/1660 1657/2257/1650 1668/2268/1661
f 1668/2268/1661 1657/2257/1650 1661/2261/1654
f 1644/2244/1637 1666/2266/1659 1669/2269/1662
f 1644/2244/1637 1669/2269/1662 1636/2236/1629
f 1666/2266/1659 1667/2267/1660 1670/2270/1663
f 1666/2266/1659 1670/2270/1663 1669/2269/1662
f 1636/2236/1629 1669/2269/1662 1671/2271/1664
f 1671/2271/1664 1669/2269/1662 1670/2270/1663
f 1636/2236/1629 1671/2271/1664 1634/2234/1627
f 1634/2234/1627 1671/2271/1664 1633/2233/1626
f 1633/2233/1626 1671/2271/1664 1670/2270/1663
f 1672/2272/1665 1667/2267/1660 1668/2268/1661
f 1667/2267/1660 1672/2272/1665 1670/2270/1663
f 1672/2272/1665 1668/2268/1661 1673/2273/1666
f 1633/2233/1626 1670/2270/1663 1674/2274/1667
f 1670/2270/1663 1672/2272/1665 1675/2275/1668
f 1670/2270/1663 1675/2275/1668 1674/2274/1667
f 1633/2233/1626 1674/2274/1667 1676/2276/1669
f 1633/2233/1626 1676/2276/1669 254/2227/254
f 254/2227/254 1676/2276/1669 255/2277/255
f 255/2277/255 1676/2276/1669 259/2278/259
f 1676/2276/1669 1674/2274/1667 1677/2279/1670
f 1676/2276/1669 1677/2279/1670 259/2278/259
f 1677/2279/1670 1674/2274/1667 1675/2275/1668
f 259/2278/259 1677/2279/1670 262/2280/262
f 262/2280/262 1677/2279/1670 271/2281/271
f 271/2281/271 1677/2279/1670 1675/2275/1668
f 271/2281/271 1675/2275/1668 366/2282/366
f 366/2282/366 1675/2275/1668 1678/2283/1671
f 366/2282/366 1678/2283/1671 363/2284/363
f 1679/2285/1672 1675/2275/1668 1672/2272/1665
f 1675/2275/1668 1679/2285/1672 1678/2283/1671
f 1679/2285/1672 1672/2272/1665 1673/2273/1666
f 363/2284/363 1678/2283/1671 364/2286/364
f 362/2287/362 361/2288/361 364/2286/364
f 362/2287/362 364/2286/364 1680/2289/1673
f 1678/2283/1671 1679/2285/1672 1681/2290/1674
f 1681/2290/1674 1679/2285/1672 1673/2273/1666
f 364/2286/364 1678/2283/1671 1682/2291/1675
f 1682/2291/1675 1678/2283/1671 1681/2290/1674
f 364/2286/364 1682/2291/1675 1680/2289/1673
f 1681/2290/1674 1673/2273/1666 1683/2292/1676
f 1681/2290/1674 1683/2292/1676 1682/2291/1675
f 1680/2289/1673 1682/2291/1675 1684/2293/1677
f 1684/2293/1677 1682/2291/1675 1683/2292/1676
f 1680/2289/1673 1684/2293/1677 1685/2294/1678
f 1683/2292/1676 1673/2273/1666 1686/2295/1679
f 1683/2292/1676 1686/2295/1679 1684/2293/1677
f 1686/2295/1679 1673/2273/1666 1687/2296/1680
f 1687/2296/1680 1673/2273/1666 1668/2268/1661
f 1684/2293/1677 1686/2295/1679 1688/2297/1681
f 1684/2293/1677 1688/2297/1681 1689/2298/1682
f 1687/2296/1680 1668/2268/1661 1661/2261/1654
f 1688/2297/1681 1686/2295/1679 1690/2299/1683
f 1690/2299/1683 1686/2295/1679 1687/2296/1680
f 1688/2297/1681 1690/2299/1683 1691/2300/1654
f 1688/2297/1681 1691/2300/1654 1692/2301/1684
f 1690/2299/1683 1687/2296/1680 1693/2302/1685
f 1693/2302/1685 1687/2296/1680 1661/2261/1654
f 1692/2301/1684 1691/2300/1654 1694/2303/1686
f 1690/2299/1683 1693/2302/1685 1695/2304/1687
f 1690/2299/1683 1695/2304/1687 1691/2300/1654
f 1693/2302/1685 1661/2261/1654 1696/2305/1688
f 1693/2302/1685 1696/2305/1688 1695/2304/1687
f 1696/2305/1688 1661/2261/1654 1697/2306/1689
f 1697/2306/1689 1661/2261/1654 1660/2260/1653
f 1695/2304/1687 1696/2305/1688 1698/2307/1690
f 1695/2304/1687 1698/2307/1690 1691/2300/1654
f 1697/2306/1689 1660/2260/1653 1662/2262/1655
f 1699/2308/1691 1694/2303/1686 1691/2300/1654
f 1699/2308/1691 1691/2300/1654 1698/2307/1690
f 1694/2303/1686 1699/2308/1691 1700/2309/1692
f 1694/2303/1686 1700/2309/1692 1701/2310/1693
f 1699/2308/1691 1698/2307/1690 1702/2311/1694
f 1699/2308/1691 1702/2311/1694 1700/2309/1692
f 1702/2311/1694 1698/2307/1690 1703/2312/1695
f 1700/2309/1692 1702/2311/1694 1704/2313/1696
f 1700/2309/1692 1704/2313/1696 1701/2310/1693
f 1704/2313/1696 1702/2311/1694 1703/2312/1695
f 1701/2310/1693 1704/2313/1696 1705/2314/1697
f 1701/2310/1693 1705/2314/1697 1706/2315/1698
f 962/2316/958 961/2317/957 1706/2315/1698
f 962/2316/958 1706/2315/1698 1705/2314/1697
f 962/2316/958 1705/2314/1697 963/2318/959
f 963/2318/959 1705/2314/1697 966/2319/962
f 1705/2314/1697 1704/2313/1696 1707/2320/1699
f 1705/2314/1697 1707/2320/1699 966/2319/962
f 1707/2320/1699 1704/2313/1696 1703/2312/1695
f 966/2319/962 1707/2320/1699 1708/2321/1700
f 966/2319/962 1708/2321/1700 965/2322/961
f 1707/2320/1699 1703/2312/1695 1709/2323/1701
f 1707/2320/1699 1709/2323/1701 1708/2321/1700
f 965/2322/961 1708/2321/1700 970/2324/966
f 970/2324/966 1708/2321/1700 1710/2325/1702
f 1710/2325/1702 1708/2321/1700 1709/2323/1701
f 970/2324/966 1710/2325/1702 1711/2326/1703
f 1710/2325/1702 1709/2323/1701 1712/2327/1704
f 1710/2325/1702 1712/2327/1704 1711/2326/1703
f 970/2324/966 1711/2326/1703 1713/2328/1705
f 970/2324/966 1713/2328/1705 971/2329/967
f 1713/2328/1705 1711/2326/1703 1714/2330/1706
f 1713/2328/1705 1714/2330/1706 971/2329/967
f 971/2329/967 1714/2330/1706 1715/2331/1707
f 971/2329/967 1715/2331/1707 974/2332/970
f 974/2332/970 1715/2331/1707 980/2333/976
f 980/2333/976 1715/2331/1707 1716/2334/1708
f 980/2333/976 1716/2334/1708 983/2335/979
f 983/2335/979 1716/2334/1708 1717/2336/1709
f 1716/2334/1708 1715/2331/1707 1718/2337/1710
f 1718/2337/1710 1715/2331/1707 1714/2330/1706
f 1717/2336/1709 1716/2334/1708 1719/2338/1711
f 1719/2338/1711 1716/2334/1708 1718/2337/1710
f 1717/2336/1709 1719/2338/1711 1653/2253/1646
f 1653/2253/1646 1719/2338/1711 1654/2254/1647
f 1654/2254/1647 1719/2338/1711 1664/2264/1657
f 1664/2264/1657 1719/2338/1711 1718/2337/1710
f 1718/2337/1710 1714/2330/1706 1720/2339/1712
f 1718/2337/1710 1720/2339/1712 1664/2264/1657
f 1720/2339/1712 1714/2330/1706 1711/2326/1703
f 1664/2264/1657 1720/2339/1712 1721/2340/1713
f 1721/2340/1713 1720/2339/1712 1711/2326/1703
f 1664/2264/1657 1721/2340/1713 1663/2263/1656
f 1721/2340/1713 1711/2326/1703 1712/2327/1704
f 1663/2263/1656 1721/2340/1713 1662/2262/1655
f 1662/2262/1655 1721/2340/1713 1712/2327/1704
f 1662/2262/1655 1712/2327/1704 1722/2341/1714
f 1722/2341/1714 1712/2327/1704 1709/2323/1701
f 1662/2262/1655 1722/2341/1714 1723/2342/1715
f 1662/2262/1655 1723/2342/1715 1697/2306/1689
f 1722/2341/1714 1709/2323/1701 1724/2343/1716
f 1722/2341/1714 1724/2343/1716 1723/2342/1715
f 1724/2343/1716 1709/2323/1701 1703/2312/1695
f 1697/2306/1689 1723/2342/1715 1725/2344/1717
f 1725/2344/1717 1723/2342/1715 1724/2343/1716
f 1725/2344/1717 1724/2343/1716 1703/2312/1695
f 1697/2306/1689 1725/2344/1717 1696/2305/1688
f 1725/2344/1717 1703/2312/1695 1698/2307/1690
f 1725/2344/1717 1698/2307/1690 1696/2305/1688
f 507/2345/506 1726/2346/1718 508/2347/507
f 1726/2346/1718 507/2345/506 1727/2348/1719
f 1727/2348/1719 507/2345/506 505/2349/504
f 508/2347/507 1726/2346/1718 1728/2350/1720
f 508/2347/507 1728/2350/1720 1729/2351/1721
f 1729/2351/1721 1728/2350/1720 1730/2352/1722
f 1727/2348/1719 505/2349/504 504/2353/503
f 1726/2346/1718 1727/2348/1719 1731/2354/1723
f 1726/2346/1718 1731/2354/1723 1728/2350/1720
f 1731/2354/1723 1727/2348/1719 504/2353/503
f 1730/2352/1722 1728/2350/1720 1732/2355/1724
f 1732/2355/1724 1728/2350/1720 1731/2354/1723
f 1731/2354/1723 504/2353/503 1733/2356/1725
f 1731/2354/1723 1733/2356/1725 1732/2355/1724
f 1733/2356/1725 504/2353/503 1734/2357/1726
f 1734/2357/1726 504/2353/503 497/2358/496
f 1732/2355/1724 1733/2356/1725 1735/2359/1727
f 1735/2359/1727 1733/2356/1725 1734/2357/1726
f 1734/2357/1726 497/2358/496 495/2360/494
f 1735/2359/1727 1734/2357/1726 1736/2361/1728
f 1736/2361/1728 1734/2357/1726 495/2360/494
f 1732/2355/1724 1735/2359/1727 1737/2362/1729
f 1737/2362/1729 1735/2359/1727 1736/2361/1728
f 1738/2363/1730 1730/2352/1722 1732/2355/1724
f 1738/2363/1730 1732/2355/1724 1737/2362/1729
f 1730/2352/1722 1738/2363/1730 1739/2364/1731
f 1739/2364/1731 1738/2363/1730 1740/2365/1732
f 1739/2364/1731 1740/2365/1732 1741/2366/1733
f 1740/2365/1732 1738/2363/1730 1742/2367/1734
f 1742/2367/1734 1738/2363/1730 1737/2362/1729
f 1740/2365/1732 1742/2367/1734 1743/2368/1735
f 1742/2367/1734 1737/2362/1729 1744/2369/1736
f 1742/2367/1734 1744/2369/1736 1743/2368/1735
f 1744/2369/1736 1737/2362/1729 1736/2361/1728
f 1743/2368/1735 1744/2369/1736 1745/2370/1737
f 1745/2370/1737 1744/2369/1736 1736/2361/1728
f 1745/2370/1737 1736/2361/1728 495/2360/494
f 1743/2368/1735 1745/2370/1737 1746/2371/1738
f 1745/2370/1737 495/2360/494 1747/2372/1739
f 1745/2370/1737 1747/2372/1739 1746/2371/1738
f 1747/2372/1739 495/2360/494 480/2373/479
f 1747/2372/1739 480/2373/479 1748/2374/1740
f 1747/2372/1739 1748/2374/1740 1746/2371/1738
f 1748/2374/1740 480/2373/479 478/2375/477
f 1746/2371/1738 1748/2374/1740 1749/2376/1741
f 1748/2374/1740 478/2375/477 1750/2377/1742
f 1748/2374/1740 1750/2377/1742 1749/2376/1741
f 1746/2371/1738 1749/2376/1741 1751/2378/1743
f 1746/2371/1738 1751/2378/1743 1622/2379/1615
f 1622/2379/1615 1751/2378/1743 1621/2380/1614
f 1621/2380/1614 1751/2378/1743 1623/2381/1616
f 1623/2381/1616 1751/2378/1743 1752/2382/1744
f 1623/2381/1616 1752/2382/1744 1625/2383/1618
f 1751/2378/1743 1749/2376/1741 1753/2384/1745
f 1752/2382/1744 1751/2378/1743 1754/2385/1746
f 1754/2385/1746 1751/2378/1743 1753/2384/1745
f 1753/2384/1745 1749/2376/1741 1755/2386/1747
f 1755/2386/1747 1749/2376/1741 1750/2377/1742
f 1754/2385/1746 1753/2384/1745 1756/2387/1748
f 1753/2384/1745 1755/2386/1747 1757/2388/1749
f 1753/2384/1745 1757/2388/1749 1756/2387/1748
f 1754/2385/1746 1756/2387/1748 1758/2389/1750
f 1754/2385/1746 1758/2389/1750 1752/2382/1744
f 1758/2389/1750 1756/2387/1748 1647/2390/1640
f 1647/2390/1640 1756/2387/1748 1757/2388/1749
f 1647/2390/1640 1757/2388/1749 1646/2391/1639
f 1646/2391/1639 1757/2388/1749 1652/2392/1645
f 1758/2389/1750 1647/2390/1640 1639/2393/1632
f 1639/2393/1632 1647/2390/1640 1640/2394/1633
f 1752/2382/1744 1758/2389/1750 1759/2395/1751
f 1759/2395/1751 1758/2389/1750 1639/2393/1632
f 1759/2395/1751 1639/2393/1632 1637/2396/1630
f 1752/2382/1744 1759/2395/1751 1625/2383/1618
f 1759/2395/1751 1637/2396/1630 1632/2397/1625
f 1759/2395/1751 1632/2397/1625 1625/2383/1618
f 1625/2383/1618 1632/2397/1625 1627/2398/1620
f 1760/2399/1752 1652/2392/1645 1757/2388/1749
f 1760/2399/1752 1757/2388/1749 1755/2386/1747
f 1652/2392/1645 1760/2399/1752 1761/2400/1753
f 1760/2399/1752 1755/2386/1747 1762/2401/1754
f 1760/2399/1752 1762/2401/1754 1761/2400/1753
f 1762/2401/1754 1755/2386/1747 1750/2377/1742
f 1652/2392/1645 1761/2400/1753 1653/2402/1646
f 1653/2402/1646 1761/2400/1753 1763/2403/1755
f 1653/2402/1646 1763/2403/1755 1717/2404/1709
f 1717/2404/1709 1763/2403/1755 983/2405/979
f 983/2405/979 1763/2403/1755 985/2406/981
f 1763/2403/1755 1761/2400/1753 1764/2407/1756
f 1763/2403/1755 1764/2407/1756 985/2406/981
f 1764/2407/1756 1761/2400/1753 1762/2401/1754
f 985/2406/981 1764/2407/1756 992/2408/988
f 985/2406/981 992/2408/988 987/2409/983
f 1764/2407/1756 1762/2401/1754 1765/2410/1757
f 1764/2407/1756 1765/2410/1757 992/2408/988
f 1765/2410/1757 1762/2401/1754 1750/2377/1742
f 992/2408/988 1765/2410/1757 1766/2411/1758
f 992/2408/988 1766/2411/1758 991/2412/987
f 991/2412/987 1766/2411/1758 1010/2413/1006
f 1766/2411/1758 1765/2410/1757 1767/2414/1759
f 1767/2414/1759 1765/2410/1757 1750/2377/1742
f 1766/2411/1758 1767/2414/1759 1010/2413/1006
f 1767/2414/1759 1750/2377/1742 478/2375/477
f 1767/2414/1759 478/2375/477 477/2415/476
f 1767/2414/1759 477/2415/476 1010/2413/1006
f 1010/2413/1006 477/2415/476 1011/2416/1007
f 1011/2416/1007 477/2415/476 443/2417/442
f 1768/2418/1760 1615/2419/1608 1614/2420/1607
f 1615/2419/1608 1768/2418/1760 1618/2421/1611
f 1768/2418/1760 1614/2420/1607 1769/2422/1761
f 1769/2422/1761 1614/2420/1607 508/2423/507
f 1769/2422/1761 508/2423/507 1729/2424/1721
f 1769/2422/1761 1729/2424/1721 1770/2425/1762
f 1770/2425/1762 1729/2424/1721 1730/2426/1722
f 1770/2425/1762 1730/2426/1722 1739/2427/1731
f 1769/2422/1761 1770/2425/1762 1771/2428/1763
f 1769/2422/1761 1771/2428/1763 1768/2418/1760
f 1770/2425/1762 1739/2427/1731 1772/2429/1764
f 1772/2429/1764 1739/2427/1731 1741/2430/1733
f 1771/2428/1763 1770/2425/1762 1773/2431/1765
f 1773/2431/1765 1770/2425/1762 1772/2429/1764
f 1772/2429/1764 1741/2430/1733 1774/2432/1766
f 1773/2431/1765 1772/2429/1764 1775/2433/1767
f 1775/2433/1767 1772/2429/1764 1774/2432/1766
f 1774/2432/1766 1741/2430/1733 1776/2434/1768
f 1774/2432/1766 1776/2434/1768 1775/2433/1767
f 1776/2434/1768 1741/2430/1733 1740/2435/1732
f 1776/2434/1768 1740/2435/1732 1743/2436/1735
f 1776/2434/1768 1743/2436/1735 1777/2437/1769
f 1777/2437/1769 1743/2436/1735 1746/2438/1738
f 1776/2434/1768 1777/2437/1769 1778/2439/1770
f 1778/2439/1770 1777/2437/1769 1746/2438/1738
f 1775/2433/1767 1776/2434/1768 1779/2440/1771
f 1779/2440/1771 1776/2434/1768 1778/2439/1770
f 1780/2441/1772 1773/2431/1765 1775/2433/1767
f 1773/2431/1765 1780/2441/1772 1771/2428/1763
f 1780/2441/1772 1775/2433/1767 1779/2440/1771
f 1778/2439/1770 1746/2438/1738 1781/2442/1773
f 1781/2442/1773 1746/2438/1738 1622/2443/1615
f 1781/2442/1773 1622/2443/1615 1620/2444/1613
f 1771/2428/1763 1780/2441/1772 1782/2445/1774
f 1771/2428/1763 1782/2445/1774 1768/2418/1760
f 1780/2441/1772 1779/2440/1771 1783/2446/1775
f 1780/2441/1772 1783/2446/1775 1782/2445/1774
f 1768/2418/1760 1782/2445/1774 1784/2447/1776
f 1768/2418/1760 1784/2447/1776 1618/2421/1611
f 1782/2445/1774 1783/2446/1775 1785/2448/1777
f 1782/2445/1774 1785/2448/1777 1784/2447/1776
f 1783/2446/1775 1779/2440/1771 1786/2449/1778
f 1783/2446/1775 1786/2449/1778 1785/2448/1777
f 1786/2449/1778 1779/2440/1771 1787/2450/1779
f 1787/2450/1779 1779/2440/1771 1778/2439/1770
f 1785/2448/1777 1786/2449/1778 1788/2451/1780
f 1788/2451/1780 1786/2449/1778 1787/2450/1779
f 1784/2447/1776 1785/2448/1777 1789/2452/1781
f 1789/2452/1781 1785/2448/1777 1788/2451/1780
f 1788/2451/1780 1787/2450/1779 1790/2453/1782
f 1788/2451/1780 1790/2453/1782 1789/2452/1781
f 1787/2450/1779 1778/2439/1770 1791/2454/1783
f 1787/2450/1779 1791/2454/1783 1790/2453/1782
f 1791/2454/1783 1778/2439/1770 1781/2442/1773
f 1789/2452/1781 1790/2453/1782 1792/2455/1784
f 1792/2455/1784 1790/2453/1782 1791/2454/1783
f 1789/2452/1781 1792/2455/1784 1784/2447/1776
f 1791/2454/1783 1781/2442/1773 1793/2456/1785
f 1791/2454/1783 1793/2456/1785 1792/2455/1784
f 1793/2456/1785 1781/2442/1773 1620/2444/1613
f 1793/2456/1785 1620/2444/1613 1619/2457/1612
f 1792/2455/1784 1793/2456/1785 1794/2458/1786
f 1792/2455/1784 1794/2458/1786 1784/2447/1776
f 1794/2458/1786 1793/2456/1785 1619/2457/1612
f 1784/2447/1776 1794/2458/1786 1618/2421/1611
f 1618/2421/1611 1794/2458/1786 1619/2457/1612
f 349/2459/349 348/2460/348 1795/2461/1787
f 1795/2461/1787 348/2460/348 351/2462/351
f 349/2459/349 1795/2461/1787 701/2463/697
f 701/2463/697 1795/2461/1787 351/2462/351
f 701/2463/697 351/2462/351 1796/2464/1788
f 699/2465/695 698/2466/694 701/2463/697
f 699/2465/695 701/2463/697 1797/2467/1789
f 1797/2467/1789 701/2463/697 1796/2464/1788
f 699/2465/695 1797/2467/1789 696/2468/692
f 696/2468/692 1797/2467/1789 703/2469/699
f 1797/2467/1789 1796/2464/1788 1798/2470/1790
f 703/2469/699 1797/2467/1789 1799/2471/1791
f 1799/2471/1791 1797/2467/1789 1798/2470/1790
f 1798/2470/1790 1796/2464/1788 1800/2472/1792
f 703/2469/699 1799/2471/1791 709/2473/705
f 703/2469/699 709/2473/705 702/2474/698
f 1799/2471/1791 1798/2470/1790 1801/2475/1793
f 1799/2471/1791 1801/2475/1793 709/2473/705
f 1801/2475/1793 1798/2470/1790 1802/2476/1794
f 1802/2476/1794 1798/2470/1790 1800/2472/1792
f 709/2473/705 1801/2475/1793 1803/2477/1795
f 1804/2478/1796 1800/2472/1792 1796/2464/1788
f 1803/2477/1795 1801/2475/1793 1805/2479/1797
f 1805/2479/1797 1801/2475/1793 1802/2476/1794
f 709/2473/705 1803/2477/1795 1806/2480/1798
f 709/2473/705 1806/2480/1798 708/2481/704
f 708/2481/704 1806/2480/1798 711/2482/707
f 1806/2480/1798 1803/2477/1795 1807/2483/1799
f 1806/2480/1798 1807/2483/1799 711/2482/707
f 1807/2483/1799 1803/2477/1795 1805/2479/1797
f 694/2484/690 695/2485/691 1804/2478/1796
f 1804/2478/1796 695/2485/691 735/2486/731
f 1804/2478/1796 735/2486/731 1808/2487/1800
f 1804/2478/1796 1808/2487/1800 1800/2472/1792
f 1808/2487/1800 735/2486/731 1809/2488/1801
f 1809/2488/1801 735/2486/731 733/2489/729
f 1800/2472/1792 1808/2487/1800 1810/2490/1802
f 1810/2490/1802 1808/2487/1800 1809/2488/1801
f 1800/2472/1792 1810/2490/1802 1811/2491/1803
f 1800/2472/1792 1811/2491/1803 1802/2476/1794
f 1810/2490/1802 1809/2488/1801 1812/2492/1804
f 1810/2490/1802 1812/2492/1804 1811/2491/1803
f 1809/2488/1801 733/2489/729 1813/2493/1805
f 1813/2493/1805 733/2489/729 691/2494/301
f 1813/2493/1805 691/2494/301 692/2495/688
f 1813/2493/1805 692/2495/688 694/2496/690
f 1809/2488/1801 1813/2493/1805 1814/2497/1806
f 1814/2497/1806 1813/2493/1805 694/2496/690
f 1815/2498/1807 1812/2492/1804 1809/2488/1801
f 1815/2498/1807 1809/2488/1801 1814/2497/1806
f 1812/2492/1804 1815/2498/1807 1816/2499/1808
f 1814/2497/1806 694/2496/690 1817/2500/1809
f 1817/2500/1809 694/2496/690 1804/2501/1796
f 1815/2498/1807 1814/2497/1806 1818/2502/1810
f 1815/2498/1807 1818/2502/1810 1816/2499/1808
f 1814/2497/1806 1817/2500/1809 1819/2503/1811
f 1814/2497/1806 1819/2503/1811 1818/2502/1810
f 1817/2500/1809 1804/2501/1796 1820/2504/1812
f 1820/2504/1812 1804/2501/1796 1796/2505/1788
f 1820/2504/1812 1796/2505/1788 351/2506/351
f 1820/2504/1812 351/2506/351 350/2507/350
f 1820/2504/1812 350/2507/350 352/2508/352
f 1820/2504/1812 352/2508/352 354/2509/354
f 1817/2500/1809 1820/2504/1812 1821/2510/1813
f 1821/2510/1813 1820/2504/1812 354/2509/354
f 1817/2500/1809 1821/2510/1813 1819/2503/1811
f 1821/2510/1813 354/2509/354 1822/2511/1814
f 1821/2510/1813 1822/2511/1814 1819/2503/1811
f 1822/2511/1814 354/2509/354 355/2512/355
f 1819/2503/1811 1822/2511/1814 1823/2513/1815
f 1819/2503/1811 1823/2513/1815 1818/2502/1810
f 1822/2511/1814 355/2512/355 1824/2514/1816
f 1822/2511/1814 1824/2514/1816 1823/2513/1815
f 1824/2514/1816 355/2512/355 359/2515/359
f 1824/2514/1816 359/2515/359 360/2516/360
f 1818/2502/1810 1823/2513/1815 1825/2517/1817
f 1818/2502/1810 1825/2517/1817 1816/2499/1808
f 1823/2513/1815 1824/2514/1816 1826/2518/1818
f 1826/2518/1818 1824/2514/1816 360/2516/360
f 1825/2517/1817 1823/2513/1815 1827/2519/1819
f 1827/2519/1819 1823/2513/1815 1826/2518/1818
f 1816/2499/1808 1825/2517/1817 1828/2520/1820
f 1828/2520/1820 1825/2517/1817 1827/2519/1819
f 362/2521/362 1829/2522/1821 360/2516/360
f 360/2516/360 1829/2522/1821 1826/2518/1818
f 1826/2518/1818 1829/2522/1821 1830/2523/1822
f 1827/2519/1819 1826/2518/1818 1831/2524/1823
f 1827/2519/1819 1831/2524/1823 1828/2520/1820
f 1826/2518/1818 1830/2523/1822 1832/2525/1824
f 1826/2518/1818 1832/2525/1824 1831/2524/1823
f 1832/2525/1824 1830/2523/1822 1833/2526/1825
f 1832/2525/1824 1833/2526/1825 1834/2527/1826
f 1832/2525/1824 1834/2527/1826 1831/2524/1823
f 1831/2524/1823 1834/2527/1826 1835/2528/1827
f 1835/2528/1827 1834/2527/1826 1836/2529/1828
f 1835/2528/1827 1836/2529/1828 1837/2530/1829
f 1831/2524/1823 1835/2528/1827 1838/2531/1830
f 1831/2524/1823 1838/2531/1830 1828/2520/1820
f 1835/2528/1827 1837/2530/1829 1839/2532/1831
f 1835/2528/1827 1839/2532/1831 1838/2531/1830
f 1839/2532/1831 1837/2530/1829 1840/2533/1832
f 1839/2532/1831 1840/2533/1832 1841/2534/1833
f 1828/2520/1820 1838/2531/1830 1842/2535/1834
f 1838/2531/1830 1839/2532/1831 1843/2536/1835
f 1838/2531/1830 1843/2536/1835 1842/2535/1834
f 1843/2536/1835 1839/2532/1831 1841/2534/1833
f 1828/2520/1820 1842/2535/1834 1844/2537/1836
f 1844/2537/1836 1842/2535/1834 1843/2536/1835
f 1843/2536/1835 1841/2534/1833 1845/2538/1837
f 1843/2536/1835 1845/2538/1837 1844/2537/1836
f 1828/2520/1820 1844/2537/1836 1816/2499/1808
f 1845/2538/1837 1841/2534/1833 1846/2539/1838
f 1816/2499/1808 1844/2537/1836 1847/2540/1839
f 1816/2499/1808 1847/2540/1839 1812/2492/1804
f 1844/2537/1836 1845/2538/1837 1848/2541/1840
f 1844/2537/1836 1848/2541/1840 1847/2540/1839
f 1812/2492/1804 1847/2540/1839 1811/2491/1803
f 1811/2491/1803 1847/2540/1839 1848/2541/1840
f 1811/2491/1803 1848/2541/1840 1849/2542/1627
f 1849/2542/1627 1848/2541/1840 1845/2538/1837
f 1850/2543/1841 1845/2538/1837 1846/2539/1838
f 1845/2538/1837 1850/2543/1841 1849/2542/1627
f 1850/2543/1841 1846/2539/1838 1851/2544/1842
f 1811/2491/1803 1849/2542/1627 1852/2545/1843
f 1811/2491/1803 1852/2545/1843 1802/2476/1794
f 1802/2476/1794 1852/2545/1843 1805/2479/1797
f 1852/2545/1843 1849/2542/1627 1853/2546/1844
f 1852/2545/1843 1853/2546/1844 1805/2479/1797
f 1849/2542/1627 1850/2543/1841 1854/2547/1845
f 1849/2542/1627 1854/2547/1845 1853/2546/1844
f 1850/2543/1841 1851/2544/1842 1855/2548/1846
f 1850/2543/1841 1855/2548/1846 1854/2547/1845
f 1855/2548/1846 1851/2544/1842 1856/2549/1847
f 1855/2548/1846 1856/2549/1847 1857/2550/1848
f 1857/2550/1848 1856/2549/1847 1858/2551/1849
f 1854/2547/1845 1855/2548/1846 1859/2552/1850
f 1859/2552/1850 1855/2548/1846 1857/2550/1848
f 1857/2550/1848 1858/2551/1849 1860/2553/1851
f 1857/2550/1848 1860/2553/1851 1859/2552/1850
f 1860/2553/1851 1858/2551/1849 1861/2554/1852
f 1860/2553/1851 1861/2554/1852 1862/2555/1853
f 1854/2547/1845 1859/2552/1850 1863/2556/1854
f 1854/2547/1845 1863/2556/1854 1853/2546/1844
f 1859/2552/1850 1860/2553/1851 1864/2557/1855
f 1859/2552/1850 1864/2557/1855 1863/2556/1854
f 1860/2553/1851 1862/2555/1853 1865/2558/1856
f 1860/2553/1851 1865/2558/1856 1864/2557/1855
f 1865/2558/1856 1862/2555/1853 1866/2559/1857
f 1863/2556/1854 1864/2557/1855 1867/2560/1858
f 1853/2546/1844 1863/2556/1854 1868/2561/1859
f 1868/2561/1859 1863/2556/1854 1867/2560/1858
f 1867/2560/1858 1864/2557/1855 1869/2562/1860
f 1869/2562/1860 1864/2557/1855 1865/2558/1856
f 1868/2561/1859 1867/2560/1858 1870/2563/1861
f 1870/2563/1861 1867/2560/1858 1869/2562/1860
f 1853/2546/1844 1868/2561/1859 1871/2564/1862
f 1853/2546/1844 1871/2564/1862 1805/2479/1797
f 1805/2479/1797 1871/2564/1862 1807/2483/1799
f 1871/2564/1862 1868/2561/1859 1872/2565/1863
f 1872/2565/1863 1868/2561/1859 1870/2563/1861
f 1807/2483/1799 1871/2564/1862 1873/2566/1864
f 1873/2566/1864 1871/2564/1862 1872/2565/1863
f 1807/2483/1799 1873/2566/1864 711/2482/707
f 711/2482/707 1873/2566/1864 1874/2567/1865
f 1874/2567/1865 1873/2566/1864 1872/2565/1863
f 711/2482/707 1874/2567/1865 712/2568/708
f 712/2568/708 1874/2567/1865 714/2569/710
f 1874/2567/1865 1872/2565/1863 1875/2570/1866
f 1875/2570/1866 1872/2565/1863 1870/2563/1861
f 714/2569/710 1874/2567/1865 1876/2571/1867
f 1876/2571/1867 1874/2567/1865 1875/2570/1866
f 714/2569/710 1876/2571/1867 719/2572/715
f 719/2572/715 1876/2571/1867 1194/2573/1188
f 1194/2573/1188 1876/2571/1867 1877/2574/1868
f 1877/2574/1868 1876/2571/1867 1875/2570/1866
f 1194/2573/1188 1877/2574/1868 1191/2575/1185
f 1875/2570/1866 1870/2563/1861 1878/2576/1869
f 1875/2570/1866 1878/2576/1869 1877/2574/1868
f 1191/2575/1185 1877/2574/1868 1879/2577/1870
f 1879/2577/1870 1877/2574/1868 1878/2576/1869
f 1191/2575/1185 1879/2577/1870 1188/2578/1182
f 1879/2577/1870 1878/2576/1869 1880/2579/1811
f 1188/2578/1182 1879/2577/1870 1881/2580/546
f 1881/2580/546 1879/2577/1870 1880/2579/1811
f 1882/2581/1871 1878/2576/1869 1870/2563/1861
f 1878/2576/1869 1882/2581/1871 1880/2579/1811
f 1882/2581/1871 1870/2563/1861 1883/2582/1872
f 1883/2582/1872 1870/2563/1861 1869/2562/1860
f 1880/2579/1811 1882/2581/1871 1884/2583/1873
f 1884/2583/1873 1882/2581/1871 1883/2582/1872
f 1880/2579/1811 1884/2583/1873 1885/2584/1874
f 1883/2582/1872 1869/2562/1860 1886/2585/1875
f 1886/2585/1875 1869/2562/1860 1865/2558/1856
f 1884/2583/1873 1883/2582/1872 1887/2586/1876
f 1887/2586/1876 1883/2582/1872 1886/2585/1875
f 1884/2583/1873 1887/2586/1876 1885/2584/1874
f 1880/2579/1811 1885/2584/1874 1888/2587/1877
f 1888/2587/1877 1885/2584/1874 1887/2586/1876
f 1880/2579/1811 1888/2587/1877 1881/2580/546
f 1887/2586/1876 1886/2585/1875 1889/2588/1878
f 1889/2588/1878 1886/2585/1875 1865/2558/1856
f 1887/2586/1876 1889/2588/1878 1890/2589/1879
f 1889/2588/1878 1865/2558/1856 1891/2590/1880
f 1889/2588/1878 1891/2590/1880 1890/2589/1879
f 1891/2590/1880 1865/2558/1856 1866/2559/1857
f 1891/2590/1880 1866/2559/1857 1892/2591/1881
f 1891/2590/1880 1892/2591/1881 1890/2589/1879
f 1890/2589/1879 1892/2591/1881 1893/2592/1882
f 1893/2592/1882 1892/2591/1881 1894/2593/1883
f 1887/2586/1876 1890/2589/1879 1895/2594/1884
f 1887/2586/1876 1895/2594/1884 1888/2587/1877
f 1893/2592/1882 1894/2593/1883 1896/2595/1885
f 1895/2594/1884 1890/2589/1879 1897/2596/1886
f 1897/2596/1886 1890/2589/1879 1893/2592/1882
f 1888/2587/1877 1895/2594/1884 1898/2597/1887
f 1898/2597/1887 1895/2594/1884 1897/2596/1886
f 1893/2592/1882 1896/2595/1885 1899/2598/1888
f 1899/2598/1888 1896/2595/1885 1900/2599/1889
f 1899/2598/1888 1900/2599/1889 1901/2600/1890
f 1899/2598/1888 1901/2600/1890 1902/2601/1891
f 1899/2598/1888 1902/2601/1891 1903/2602/1892
f 1893/2592/1882 1899/2598/1888 1904/2603/1893
f 1904/2603/1893 1899/2598/1888 1903/2602/1892
f 1893/2592/1882 1904/2603/1893 1897/2596/1886
f 1904/2603/1893 1903/2602/1892 1905/2604/1894
f 1905/2604/1894 1903/2602/1892 1906/2605/1895
f 1897/2596/1886 1904/2603/1893 1907/2606/1896
f 1905/2604/1894 1906/2605/1895 1908/2607/1897
f 1897/2596/1886 1907/2606/1896 1898/2597/1887
f 1904/2603/1893 1905/2604/1894 1909/2608/1898
f 1909/2608/1898 1905/2604/1894 1908/2607/1897
f 1904/2603/1893 1909/2608/1898 1907/2606/1896
f 1898/2597/1887 1907/2606/1896 1910/2609/1899
f 1907/2606/1896 1909/2608/1898 1911/2610/1900
f 1907/2606/1896 1911/2610/1900 1910/2609/1899
f 1909/2608/1898 1908/2607/1897 1912/2611/1901
f 1909/2608/1898 1912/2611/1901 1911/2610/1900
f 1912/2611/1901 1908/2607/1897 1913/2612/1902
f 1913/2612/1902 1908/2607/1897 1914/2613/1903
f 1913/2612/1902 1914/2613/1903 1915/2614/1904
f 1913/2612/1902 1915/2614/1904 1916/2615/1905
f 1910/2609/1899 1911/2610/1900 1917/2616/1906
f 1910/2609/1899 1917/2616/1906 1898/2597/1887
f 1898/2597/1887 1917/2616/1906 1918/2617/1907
f 1898/2597/1887 1918/2617/1907 1888/2587/1877
f 1917/2616/1906 1911/2610/1900 1919/2618/1908
f 1917/2616/1906 1919/2618/1908 1918/2617/1907
f 1888/2587/1877 1918/2617/1907 1881/2580/546
f 1919/2618/1908 1911/2610/1900 1920/2619/1909
f 1920/2619/1909 1911/2610/1900 1912/2611/1901
f 1918/2617/1907 1919/2618/1908 1921/2620/1910
f 1921/2620/1910 1919/2618/1908 1920/2619/1909
f 1881/2580/546 1918/2617/1907 1922/2621/1911
f 1922/2621/1911 1918/2617/1907 1921/2620/1910
f 1881/2580/546 1922/2621/1911 1923/2622/1912
f 1881/2580/546 1923/2622/1912 1188/2578/1182
f 1188/2578/1182 1923/2622/1912 1189/2623/1183
f 1189/2623/1183 1923/2622/1912 1356/2624/1350
f 1923/2622/1912 1922/2621/1911 1924/2625/1913
f 1924/2625/1913 1922/2621/1911 1921/2620/1910
f 1356/2624/1350 1923/2622/1912 1352/2626/1346
f 1352/2626/1346 1923/2622/1912 1924/2625/1913
f 1356/2624/1350 1352/2626/1346 1357/2627/1351
f 1352/2626/1346 1924/2625/1913 1925/2628/1914
f 1925/2628/1914 1924/2625/1913 1921/2620/1910
f 1352/2626/1346 1925/2628/1914 1222/2629/1216
f 1925/2628/1914 1921/2620/1910 1926/2630/1915
f 1926/2630/1915 1921/2620/1910 1920/2619/1909
f 1222/2629/1216 1925/2628/1914 1927/2631/1916
f 1222/2629/1216 1927/2631/1916 1218/2632/1212
f 1218/2632/1212 1927/2631/1916 1299/2633/1293
f 1299/2633/1293 1927/2631/1916 1928/2634/1917
f 1927/2631/1916 1925/2628/1914 1929/2635/1918
f 1927/2631/1916 1929/2635/1918 1928/2634/1917
f 1929/2635/1918 1925/2628/1914 1926/2630/1915
f 1926/2630/1915 1920/2619/1909 1930/2636/1919
f 1930/2636/1919 1920/2619/1909 1912/2611/1901
f 1930/2636/1919 1912/2611/1901 1913/2612/1902
f 1930/2636/1919 1913/2612/1902 1931/2637/1920
f 1930/2636/1919 1931/2637/1920 1926/2630/1915
f 1931/2637/1920 1913/2612/1902 1916/2615/1905
f 1929/2635/1918 1926/2630/1915 1932/2638/1921
f 1932/2638/1921 1926/2630/1915 1931/2637/1920
f 1933/2639/1922 1934/2640/1923 1916/2615/1905
f 1916/2615/1905 1934/2640/1923 1935/2641/1924
f 1931/2637/1920 1916/2615/1905 1936/2642/1925
f 1936/2642/1925 1916/2615/1905 1935/2641/1924
f 1931/2637/1920 1936/2642/1925 1932/2638/1921
f 1929/2635/1918 1932/2638/1921 1937/2643/1926
f 1929/2635/1918 1937/2643/1926 1928/2634/1917
f 1932/2638/1921 1936/2642/1925 1938/2644/1927
f 1932/2638/1921 1938/2644/1927 1937/2643/1926
f 1936/2642/1925 1935/2641/1924 1939/2645/1928
f 1936/2642/1925 1939/2645/1928 1938/2644/1927
f 1939/2645/1928 1935/2641/1924 1940/2646/1929
f 1939/2645/1928 1940/2646/1929 1941/2647/1930
f 1939/2645/1928 1941/2647/1930 1942/2648/1931
f 1939/2645/1928 1942/2648/1931 1938/2644/1927
f 1938/2644/1927 1942/2648/1931 1937/2643/1926
f 1937/2643/1926 1942/2648/1931 1928/2634/1917
f 1928/2634/1917 1942/2648/1931 1943/2649/1932
f 1829/2650/1821 362/2651/362 1944/2652/1933
f 1944/2652/1933 362/2651/362 1680/2653/1673
f 1944/2652/1933 1680/2653/1673 1685/2654/1678
f 1829/2650/1821 1944/2652/1933 1945/2655/1934
f 1944/2652/1933 1685/2654/1678 1946/2656/1935
f 1944/2652/1933 1946/2656/1935 1945/2655/1934
f 1946/2656/1935 1685/2654/1678 1947/2657/1936
f 1689/2658/1682 1685/2654/1678 1684/2659/1677
f 1685/2654/1678 1689/2658/1682 1947/2657/1936
f 1946/2656/1935 1947/2657/1936 1948/2660/1937
f 1947/2657/1936 1689/2658/1682 1949/2661/1938
f 1946/2656/1935 1948/2660/1937 1950/2662/1939
f 1946/2656/1935 1950/2662/1939 1945/2655/1934
f 1950/2662/1939 1948/2660/1937 1951/2663/1940
f 1951/2663/1940 1948/2660/1937 1952/2664/1941
f 1952/2664/1941 1948/2660/1937 1953/2665/1942
f 1950/2662/1939 1951/2663/1940 1954/2666/1943
f 1950/2662/1939 1954/2666/1943 1945/2655/1934
f 1954/2666/1943 1951/2663/1940 1955/2667/1944
f 1954/2666/1943 1955/2667/1944 1956/2668/1945
f 1953/2665/1942 1948/2660/1937 1957/2669/1946
f 1957/2669/1946 1948/2660/1937 1947/2657/1936
f 1957/2669/1946 1947/2657/1936 1949/2661/1938
f 1953/2665/1942 1957/2669/1946 1958/2670/1947
f 1958/2670/1947 1957/2669/1946 1959/2671/1948
f 1959/2671/1948 1957/2669/1946 1949/2661/1938
f 1958/2670/1947 1959/2671/1948 1960/2672/1949
f 1954/2666/1943 1956/2668/1945 1961/2673/1950
f 1961/2673/1950 1956/2668/1945 1962/2674/1951
f 1954/2666/1943 1961/2673/1950 1963/2675/91
f 1954/2666/1943 1963/2675/91 1945/2655/1934
f 1961/2673/1950 1962/2674/1951 1964/2676/1952
f 1961/2673/1950 1964/2676/1952 1963/2675/91
f 1945/2655/1934 1963/2675/91 1965/2677/1953
f 1965/2677/1953 1963/2675/91 1964/2676/1952
f 1945/2655/1934 1965/2677/1953 1829/2650/1821
f 1829/2650/1821 1965/2677/1953 1830/2678/1822
f 1830/2678/1822 1965/2677/1953 1833/2679/1825
f 1833/2679/1825 1965/2677/1953 1964/2676/1952
f 1966/2680/1954 1964/2676/1952 1962/2674/1951
f 1964/2676/1952 1966/2680/1954 1833/2679/1825
f 1966/2680/1954 1962/2674/1951 1967/2681/1955
f 1966/2680/1954 1967/2681/1955 1968/2682/1956
f 1833/2679/1825 1966/2680/1954 1969/2683/1957
f 1969/2683/1957 1966/2680/1954 1968/2682/1956
f 1969/2683/1957 1968/2682/1956 1970/2684/1958
f 1970/2684/1958 1968/2682/1956 1971/2685/1959
f 1833/2679/1825 1969/2683/1957 1972/2686/1960
f 1833/2679/1825 1972/2686/1960 1834/2687/1826
f 1969/2683/1957 1970/2684/1958 1973/2688/1961
f 1969/2683/1957 1973/2688/1961 1972/2686/1960
f 1973/2688/1961 1970/2684/1958 1974/2689/1962
f 1834/2687/1826 1972/2686/1960 1975/2690/1963
f 1975/2690/1963 1972/2686/1960 1973/2688/1961
f 1834/2687/1826 1975/2690/1963 1976/2691/1964
f 1834/2687/1826 1976/2691/1964 1836/2692/1828
f 1976/2691/1964 1975/2690/1963 1977/2693/1965
f 1973/2688/1961 1974/2689/1962 1978/2694/1966
f 1973/2688/1961 1978/2694/1966 1975/2690/1963
f 1975/2690/1963 1978/2694/1966 1977/2693/1965
f 1978/2694/1966 1974/2689/1962 1979/2695/1967
f 1978/2694/1966 1979/2695/1967 1977/2693/1965
f 1692/2696/1684 1980/2697/1968 1688/2698/1681
f 1688/2698/1681 1980/2697/1968 1689/2658/1682
f 1689/2658/1682 1980/2697/1968 1949/2661/1938
f 1980/2697/1968 1692/2696/1684 1981/2699/1969
f 1949/2661/1938 1980/2697/1968 1982/2700/1970
f 1982/2700/1970 1980/2697/1968 1981/2699/1969
f 1949/2661/1938 1982/2700/1970 1959/2671/1948
f 1959/2671/1948 1982/2700/1970 1983/2701/1971
f 1983/2701/1971 1982/2700/1970 1981/2699/1969
f 1959/2671/1948 1983/2701/1971 1960/2672/1949
f 1981/2699/1969 1692/2696/1684 1984/2702/1972
f 1984/2702/1972 1692/2696/1684 1694/2703/1686
f 1981/2699/1969 1984/2702/1972 1985/2704/1973
f 1985/2704/1973 1984/2702/1972 1986/2705/1974
f 1983/2701/1971 1981/2699/1969 1987/2706/1975
f 1987/2706/1975 1981/2699/1969 1985/2704/1973
f 1960/2672/1949 1983/2701/1971 1988/2707/1976
f 1988/2707/1976 1983/2701/1971 1987/2706/1975
f 1960/2672/1949 1988/2707/1976 1989/2708/1977
f 1987/2706/1975 1985/2704/1973 1990/2709/1978
f 1987/2706/1975 1990/2709/1978 1988/2707/1976
f 1990/2709/1978 1985/2704/1973 1991/2710/1979
f 1990/2709/1978 1991/2710/1979 1992/2711/1980
f 1988/2707/1976 1990/2709/1978 1993/2712/1981
f 1988/2707/1976 1993/2712/1981 1989/2708/1977
f 1993/2712/1981 1990/2709/1978 1992/2711/1980
f 1989/2708/1977 1993/2712/1981 1994/2713/1982
f 1989/2708/1977 1994/2713/1982 1995/2714/1983
f 1995/2714/1983 1994/2713/1982 1996/2715/1984
f 1994/2713/1982 1993/2712/1981 1997/2716/1985
f 1997/2716/1985 1993/2712/1981 1992/2711/1980
f 1994/2713/1982 1997/2716/1985 1996/2715/1984
f 1997/2716/1985 1992/2711/1980 1998/2717/1986
f 1996/2715/1984 1997/2716/1985 1999/2718/1987
f 1999/2718/1987 1997/2716/1985 1998/2717/1986
f 1996/2715/1984 1999/2718/1987 2000/2719/1988
f 1999/2718/1987 1998/2717/1986 2001/2720/1989
f 1999/2718/1987 2001/2720/1989 2000/2719/1988
f 1955/2721/1944 1951/2722/1940 2002/2723/1990
f 1955/2721/1944 2002/2723/1990 2003/2724/1991
f 2003/2724/1991 2002/2723/1990 2004/2725/1992
f 2003/2724/1991 2004/2725/1992 2005/2726/1993
f 1955/2721/1944 2003/2724/1991 2006/2727/1994
f 1955/2721/1944 2006/2727/1994 1956/2728/1945
f 1956/2728/1945 2006/2727/1994 1962/2729/1951
f 2003/2724/1991 2005/2726/1993 2007/2730/1995
f 2003/2724/1991 2007/2730/1995 2006/2727/1994
f 2007/2730/1995 2005/2726/1993 2008/2731/1996
f 1962/2729/1951 2006/2727/1994 1967/2732/1955
f 1967/2732/1955 2006/2727/1994 2007/2730/1995
f 1967/2732/1955 2007/2730/1995 2008/2731/1996
f 1967/2732/1955 2008/2731/1996 2009/2733/1997
f 2009/2733/1997 2008/2731/1996 2010/2734/1998
f 1967/2732/1955 2009/2733/1997 1968/2735/1956
f 2009/2733/1997 2010/2734/1998 2011/2736/1999
f 2009/2733/1997 2011/2736/1999 1968/2735/1956
f 1968/2735/1956 2011/2736/1999 1971/2737/1959
f 1952/2738/1941 2002/2739/1990 1951/2740/1940
f 2002/2739/1990 1952/2738/1941 2012/2741/2000
f 2002/2739/1990 2012/2741/2000 2004/2742/1992
f 2012/2741/2000 1952/2738/1941 1953/2743/1942
f 2004/2742/1992 2012/2741/2000 2013/2744/2001
f 2012/2741/2000 1953/2743/1942 2014/2745/2002
f 2012/2741/2000 2014/2745/2002 2013/2744/2001
f 2014/2745/2002 1953/2743/1942 1958/2746/1947
f 2004/2742/1992 2013/2744/2001 2005/2747/1993
f 2014/2745/2002 1958/2746/1947 2015/2748/2003
f 2013/2744/2001 2014/2745/2002 2016/2749/2004
f 2016/2749/2004 2014/2745/2002 2015/2748/2003
f 2013/2744/2001 2016/2749/2004 2017/2750/2005
f 2005/2747/1993 2013/2744/2001 2018/2751/2006
f 2018/2751/2006 2013/2744/2001 2017/2750/2005
f 2005/2747/1993 2018/2751/2006 2019/2752/2007
f 2005/2747/1993 2019/2752/2007 2008/2753/1996
f 2017/2750/2005 2016/2749/2004 2020/2754/2008
f 2020/2754/2008 2016/2749/2004 2015/2748/2003
f 2018/2751/2006 2017/2750/2005 2021/2755/1946
f 2017/2750/2005 2020/2754/2008 2022/2756/2009
f 2017/2750/2005 2022/2756/2009 2021/2755/1946
f 2020/2754/2008 2015/2748/2003 2023/2757/2010
f 2020/2754/2008 2023/2757/2010 2022/2756/2009
f 2018/2751/2006 2021/2755/1946 2024/2758/2011
f 2018/2751/2006 2024/2758/2011 2019/2752/2007
f 2021/2755/1946 2022/2756/2009 2025/2759/2012
f 2021/2755/1946 2025/2759/2012 2024/2758/2011
f 2010/2760/1998 2008/2753/1996 2019/2752/2007
f 2025/2759/2012 2022/2756/2009 2026/2761/2013
f 2022/2756/2009 2023/2757/2010 2027/2762/2014
f 2022/2756/2009 2027/2762/2014 2026/2761/2013
f 2027/2762/2014 2023/2757/2010 2028/2763/2015
f 2028/2763/2015 2023/2757/2010 2015/2748/2003
f 2027/2762/2014 2028/2763/2015 2029/2764/2016
f 2028/2763/2015 2015/2748/2003 2030/2765/2017
f 2030/2765/2017 2015/2748/2003 1958/2746/1947
f 2030/2765/2017 1958/2746/1947 1960/2766/1949
f 2028/2763/2015 2030/2765/2017 2031/2767/2018
f 2031/2767/2018 2030/2765/2017 1960/2766/1949
f 2028/2763/2015 2031/2767/2018 2029/2764/2016
f 2031/2767/2018 1960/2766/1949 1989/2768/1977
f 2031/2767/2018 1989/2768/1977 2029/2764/2016
f 2029/2764/2016 1989/2768/1977 1995/2769/1983
f 2032/2770/2019 2027/2762/2014 2029/2764/2016
f 2027/2762/2014 2032/2770/2019 2026/2761/2013
f 2029/2764/2016 1995/2769/1983 2033/2771/2020
f 2029/2764/2016 2033/2771/2020 2032/2770/2019
f 2032/2770/2019 2033/2771/2020 2034/2772/2021
f 2034/2772/2021 2033/2771/2020 1995/2769/1983
f 2032/2770/2019 2034/2772/2021 2026/2761/2013
f 2034/2772/2021 1995/2769/1983 2035/2773/2022
f 2035/2773/2022 1995/2769/1983 1996/2774/1984
f 2035/2773/2022 1996/2774/1984 2034/2772/2021
f 2034/2772/2021 1996/2774/1984 2036/2775/2023
f 2034/2772/2021 2036/2775/2023 2026/2761/2013
f 2026/2761/2013 2036/2775/2023 2037/2776/2024
f 2026/2761/2013 2037/2776/2024 2038/2777/2025
f 2026/2761/2013 2038/2777/2025 2025/2759/2012
f 2037/2776/2024 2036/2775/2023 2039/2778/2026
f 2037/2776/2024 2039/2778/2026 2038/2777/2025
f 2025/2759/2012 2038/2777/2025 2040/2779/2027
f 2040/2779/2027 2038/2777/2025 2039/2778/2026
f 2025/2759/2012 2040/2779/2027 2024/2758/2011
f 2039/2778/2026 2036/2775/2023 2041/2780/2028
f 2041/2780/2028 2036/2775/2023 1996/2774/1984
f 2024/2758/2011 2040/2779/2027 2042/2781/2029
f 2024/2758/2011 2042/2781/2029 2019/2752/2007
f 2040/2779/2027 2039/2778/2026 2043/2782/2030
f 2040/2779/2027 2043/2782/2030 2042/2781/2029
f 2039/2778/2026 2041/2780/2028 2044/2783/2031
f 2039/2778/2026 2044/2783/2031 2043/2782/2030
f 2019/2752/2007 2042/2781/2029 2045/2784/2032
f 2045/2784/2032 2042/2781/2029 2043/2782/2030
f 2019/2752/2007 2045/2784/2032 2010/2760/1998
f 2043/2782/2030 2044/2783/2031 2046/2785/2033
f 2043/2782/2030 2046/2785/2033 2045/2784/2032
f 2010/2760/1998 2045/2784/2032 2047/2786/2034
f 2047/2786/2034 2045/2784/2032 2046/2785/2033
f 2010/2760/1998 2047/2786/2034 2048/2787/2035
f 2047/2786/2034 2046/2785/2033 2049/2788/2036
f 2049/2788/2036 2046/2785/2033 2044/2783/2031
f 2047/2786/2034 2049/2788/2036 2048/2787/2035
f 2010/2760/1998 2048/2787/2035 2011/2789/1999
f 2049/2788/2036 2044/2783/2031 2050/2790/2037
f 2050/2790/2037 2044/2783/2031 2041/2780/2028
f 2011/2789/1999 2048/2787/2035 2051/2791/2038
f 2011/2789/1999 2051/2791/2038 1971/2792/1959
f 2048/2787/2035 2049/2788/2036 2052/2793/2039
f 2048/2787/2035 2052/2793/2039 2051/2791/2038
f 1971/2792/1959 2051/2791/2038 2053/2794/2040
f 2053/2794/2040 2051/2791/2038 2052/2793/2039
f 1971/2792/1959 2053/2794/2040 1970/2795/1958
f 1970/2795/1958 2053/2794/2040 1974/2796/1962
f 2054/2797/2041 2049/2788/2036 2050/2790/2037
f 2049/2788/2036 2054/2797/2041 2052/2793/2039
f 2055/2798/2042 2050/2790/2037 2041/2780/2028
f 2050/2790/2037 2055/2798/2042 2054/2797/2041
f 2055/2798/2042 2041/2780/2028 1996/2774/1984
f 2055/2798/2042 1996/2774/1984 2000/2799/1988
f 2054/2797/2041 2055/2798/2042 2056/2800/2043
f 2056/2800/2043 2055/2798/2042 2000/2799/1988
f 2052/2793/2039 2054/2797/2041 2057/2801/2044
f 2052/2793/2039 2057/2801/2044 2053/2794/2040
f 2054/2797/2041 2056/2800/2043 2058/2802/2045
f 2054/2797/2041 2058/2802/2045 2057/2801/2044
f 2056/2800/2043 2000/2799/1988 2059/2803/2046
f 2056/2800/2043 2059/2803/2046 2058/2802/2045
f 2059/2803/2046 2000/2799/1988 2060/2804/2047
f 2060/2804/2047 2000/2799/1988 2001/2805/1989
f 2060/2804/2047 2001/2805/1989 2061/2806/2048
f 2059/2803/2046 2060/2804/2047 2062/2807/2049
f 2062/2807/2049 2060/2804/2047 2061/2806/2048
f 2059/2803/2046 2062/2807/2049 2058/2802/2045
f 2062/2807/2049 2061/2806/2048 2063/2808/2050
f 2058/2802/2045 2062/2807/2049 2064/2809/2051
f 2064/2809/2051 2062/2807/2049 2063/2808/2050
f 2058/2802/2045 2064/2809/2051 2065/2810/2052
f 2058/2802/2045 2065/2810/2052 2057/2801/2044
f 2064/2809/2051 2063/2808/2050 2066/2811/2053
f 2064/2809/2051 2066/2811/2053 2065/2810/2052
f 2066/2811/2053 2063/2808/2050 2067/2812/2054
f 2066/2811/2053 2067/2812/2054 1979/2813/1967
f 2066/2811/2053 1979/2813/1967 1974/2796/1962
f 2065/2810/2052 2066/2811/2053 2068/2814/2055
f 2065/2810/2052 2068/2814/2055 2057/2801/2044
f 2068/2814/2055 2066/2811/2053 1974/2796/1962
f 2057/2801/2044 2068/2814/2055 2053/2794/2040
f 2053/2794/2040 2068/2814/2055 1974/2796/1962
f 2069/2815/2056 953/2816/949 901/2817/897
f 953/2816/949 2069/2815/2056 954/2818/950
f 954/2818/950 2069/2815/2056 2070/2819/2057
f 954/2818/950 2070/2819/2057 2071/2820/2058
f 954/2818/950 2071/2820/2058 955/2821/951
f 955/2821/951 2071/2820/2058 959/2822/955
f 2071/2820/2058 2070/2819/2057 2072/2823/2059
f 2071/2820/2058 2072/2823/2059 959/2822/955
f 2072/2823/2059 2070/2819/2057 2073/2824/2060
f 2073/2824/2060 2070/2819/2057 2074/2825/2061
f 959/2822/955 2072/2823/2059 2075/2826/2062
f 2072/2823/2059 2073/2824/2060 2076/2827/2063
f 2072/2823/2059 2076/2827/2063 2075/2826/2062
f 2076/2827/2063 2073/2824/2060 2077/2828/2064
f 2076/2827/2063 2077/2828/2064 2078/2829/2065
f 2078/2829/2065 2077/2828/2064 2079/2830/2066
f 2076/2827/2063 2078/2829/2065 2080/2831/2067
f 2076/2827/2063 2080/2831/2067 2075/2826/2062
f 2078/2829/2065 2079/2830/2066 2081/2832/2068
f 2078/2829/2065 2081/2832/2068 2080/2831/2067
f 2081/2832/2068 2079/2830/2066 2082/2833/2069
f 2081/2832/2068 2082/2833/2069 2083/2834/2070
f 2081/2832/2068 2083/2834/2070 2084/2835/2071
f 2084/2835/2071 2083/2834/2070 2085/2836/2072
f 2081/2832/2068 2084/2835/2071 2086/2837/2073
f 2081/2832/2068 2086/2837/2073 2080/2831/2067
f 2086/2837/2073 2084/2835/2071 2087/2838/2074
f 2086/2837/2073 2087/2838/2074 2088/2839/2075
f 2088/2839/2075 2087/2838/2074 2089/2840/2076
f 2088/2839/2075 2089/2840/2076 2090/2841/2077
f 2086/2837/2073 2088/2839/2075 2091/2842/2078
f 2086/2837/2073 2091/2842/2078 2080/2831/2067
f 2088/2839/2075 2090/2841/2077 2092/2843/2079
f 2091/2842/2078 2088/2839/2075 2093/2844/2080
f 2093/2844/2080 2088/2839/2075 2092/2843/2079
f 2092/2843/2079 2090/2841/2077 2094/2845/2081
f 2094/2845/2081 2090/2841/2077 2095/2846/2082
f 2093/2844/2080 2092/2843/2079 2096/2847/2083
f 2096/2847/2083 2092/2843/2079 2094/2845/2081
f 2094/2845/2081 2095/2846/2082 2097/2848/2084
f 2094/2845/2081 2097/2848/2084 2096/2847/2083
f 2097/2848/2084 2095/2846/2082 2098/2849/2085
f 2093/2844/2080 2096/2847/2083 2099/2850/2086
f 2100/2851/2087 2091/2842/2078 2093/2844/2080
f 2100/2851/2087 2093/2844/2080 2099/2850/2086
f 2099/2850/2086 2096/2847/2083 2101/2852/2088
f 2101/2852/2088 2096/2847/2083 2097/2848/2084
f 2100/2851/2087 2099/2850/2086 2102/2853/2089
f 2091/2842/2078 2100/2851/2087 2103/2854/2090
f 2091/2842/2078 2103/2854/2090 2080/2831/2067
f 2103/2854/2090 2100/2851/2087 2104/2855/2091
f 2104/2855/2091 2100/2851/2087 2102/2853/2089
f 2080/2831/2067 2103/2854/2090 2105/2856/2092
f 2080/2831/2067 2105/2856/2092 2075/2826/2062
f 2103/2854/2090 2104/2855/2091 2106/2857/2093
f 2103/2854/2090 2106/2857/2093 2105/2856/2092
f 2104/2855/2091 2102/2853/2089 2107/2858/2094
f 2104/2855/2091 2107/2858/2094 2106/2857/2093
f 2067/2859/2054 2102/2853/2089 2099/2850/2086
f 2067/2859/2054 2099/2850/2086 2101/2852/2088
f 2102/2853/2089 2067/2859/2054 2063/2860/2050
f 2102/2853/2089 2063/2860/2050 2061/2861/2048
f 2102/2853/2089 2061/2861/2048 2107/2858/2094
f 2108/2862/2095 1979/2863/1967 2067/2859/2054
f 2108/2862/2095 2067/2859/2054 2101/2852/2088
f 2108/2862/2095 2101/2852/2088 2109/2864/2096
f 2109/2864/2096 2101/2852/2088 2110/2865/2097
f 2110/2865/2097 2101/2852/2088 2111/2866/2098
f 2110/2865/2097 2111/2866/2098 1861/2867/1852
f 2111/2866/2098 2101/2852/2088 2097/2848/2084
f 1861/2867/1852 2111/2866/2098 2112/2868/2099
f 2111/2866/2098 2097/2848/2084 2113/2869/2100
f 2111/2866/2098 2113/2869/2100 2112/2868/2099
f 2113/2869/2100 2097/2848/2084 2098/2849/2085
f 1861/2867/1852 2112/2868/2099 1862/2870/1853
f 2113/2869/2100 2098/2849/2085 2114/2871/2101
f 2114/2871/2101 2098/2849/2085 2115/2872/2102
f 2114/2871/2101 2115/2872/2102 2116/2873/2103
f 2113/2869/2100 2114/2871/2101 2117/2874/2104
f 2117/2874/2104 2114/2871/2101 2116/2873/2103
f 2113/2869/2100 2117/2874/2104 2112/2868/2099
f 1862/2870/1853 2112/2868/2099 2118/2875/2105
f 2118/2875/2105 2112/2868/2099 2117/2874/2104
f 1862/2870/1853 2118/2875/2105 1866/2876/1857
f 1866/2876/1857 2118/2875/2105 2119/2877/2106
f 2119/2877/2106 2118/2875/2105 2117/2874/2104
f 2117/2874/2104 2116/2873/2103 1894/2878/1883
f 2117/2874/2104 1894/2878/1883 2119/2877/2106
f 2119/2877/2106 1894/2878/1883 1892/2879/1881
f 1894/2878/1883 2116/2873/2103 2120/2880/2107
f 1894/2878/1883 2120/2880/2107 1896/2881/1885
f 1896/2881/1885 2120/2880/2107 2121/2882/2108
f 2121/2882/2108 2120/2880/2107 2122/2883/2109
f 1896/2881/1885 2121/2882/2108 1900/2884/1889
f 1900/2884/1889 2121/2882/2108 1901/2885/1890
f 1039/2886/1035 2123/2887/2110 1038/2888/1034
f 1038/2888/1034 2123/2887/2110 2124/2889/2111
f 1038/2888/1034 2124/2889/2111 1037/2890/1033
f 2123/2887/2110 1039/2886/1035 2125/2891/2112
f 1037/2890/1033 2124/2889/2111 1036/2892/1032
f 2125/2891/2112 1039/2886/1035 1041/2893/1037
f 2123/2887/2110 2125/2891/2112 2126/2894/2113
f 2123/2887/2110 2126/2894/2113 2124/2889/2111
f 2125/2891/2112 1041/2893/1037 2127/2895/2114
f 1036/2892/1032 2124/2889/2111 1034/2896/1030
f 1036/2892/1032 1034/2896/1030 1035/2897/1031
f 2127/2895/2114 1041/2893/1037 1046/2898/1042
f 2126/2894/2113 2125/2891/2112 2128/2899/2115
f 2128/2899/2115 2125/2891/2112 2127/2895/2114
f 2124/2889/2111 2126/2894/2113 2129/2900/2116
f 2124/2889/2111 2129/2900/2116 1034/2896/1030
f 2126/2894/2113 2128/2899/2115 2085/2901/2072
f 2126/2894/2113 2085/2901/2072 2129/2900/2116
f 2128/2899/2115 2127/2895/2114 2130/2902/2117
f 2128/2899/2115 2130/2902/2117 2085/2901/2072
f 2085/2901/2072 2130/2902/2117 2084/2903/2071
f 2129/2900/2116 2085/2901/2072 2083/2904/2070
f 2084/2903/2071 2130/2902/2117 2087/2905/2074
f 2130/2902/2117 2127/2895/2114 2131/2906/2118
f 2130/2902/2117 2131/2906/2118 2087/2905/2074
f 2129/2900/2116 2083/2904/2070 2132/2907/2119
f 2129/2900/2116 2132/2907/2119 1034/2896/1030
f 2132/2907/2119 2083/2904/2070 2133/2908/2120
f 2133/2908/2120 2083/2904/2070 2082/2909/2069
f 1034/2896/1030 2132/2907/2119 2134/2910/2121
f 2132/2907/2119 2133/2908/2120 2135/2911/2122
f 2132/2907/2119 2135/2911/2122 2134/2910/2121
f 2135/2911/2122 2133/2908/2120 2077/2912/2064
f 2135/2911/2122 2077/2912/2064 2074/2913/2061
f 2135/2911/2122 2074/2913/2061 2134/2910/2121
f 2074/2913/2061 2077/2912/2064 2073/2914/2060
f 2134/2910/2121 2074/2913/2061 2070/2915/2057
f 2134/2910/2121 2070/2915/2057 2069/2916/2056
f 1032/2917/1028 1034/2896/1030 2134/2910/2121
f 1032/2917/1028 2134/2910/2121 2069/2916/2056
f 1032/2917/1028 2069/2916/2056 901/2918/897
f 2136/2919/2123 2087/2905/2074 2131/2906/2118
f 2087/2905/2074 2136/2919/2123 2089/2920/2076
f 2089/2920/2076 2136/2919/2123 2090/2921/2077
f 2090/2921/2077 2136/2919/2123 2137/2922/2124
f 2137/2922/2124 2136/2919/2123 2131/2906/2118
f 2090/2921/2077 2137/2922/2124 2095/2923/2082
f 2137/2922/2124 2131/2906/2118 2138/2924/2125
f 2138/2924/2125 2131/2906/2118 2127/2895/2114
f 2138/2924/2125 2127/2895/2114 1046/2898/1042
f 2138/2924/2125 1046/2898/1042 2139/2925/2126
f 2139/2925/2126 1046/2898/1042 1047/2926/1043
f 2139/2925/2126 1047/2926/1043 1050/2927/1046
f 2138/2924/2125 2139/2925/2126 2140/2928/2127
f 2138/2924/2125 2140/2928/2127 2137/2922/2124
f 2139/2925/2126 1050/2927/1046 2141/2929/2128
f 2139/2925/2126 2141/2929/2128 2140/2928/2127
f 2137/2922/2124 2140/2928/2127 2142/2930/2129
f 2142/2930/2129 2140/2928/2127 2141/2929/2128
f 2141/2929/2128 1050/2927/1046 2143/2931/2130
f 2141/2929/2128 2143/2931/2130 2142/2930/2129
f 2143/2931/2130 1050/2927/1046 1053/2932/1049
f 2143/2931/2130 1053/2932/1049 1063/2933/1059
f 2142/2930/2129 2143/2931/2130 2144/2934/2131
f 2144/2934/2131 2143/2931/2130 1063/2933/1059
f 2137/2922/2124 2142/2930/2129 2145/2935/2132
f 2137/2922/2124 2145/2935/2132 2095/2923/2082
f 2142/2930/2129 2144/2934/2131 2146/2936/2133
f 2142/2930/2129 2146/2936/2133 2145/2935/2132
f 2144/2934/2131 1063/2933/1059 2147/2937/2134
f 2144/2934/2131 2147/2937/2134 2146/2936/2133
f 2147/2937/2134 1063/2933/1059 1064/2938/1060
f 1064/2938/1060 1063/2933/1059 1062/2939/1058
f 2147/2937/2134 1064/2938/1060 2148/2940/2135
f 2148/2940/2135 1064/2938/1060 1071/2941/1067
f 2148/2940/2135 1071/2941/1067 2149/2942/2136
f 2147/2937/2134 2148/2940/2135 2150/2943/2137
f 2150/2943/2137 2148/2940/2135 2149/2942/2136
f 2147/2937/2134 2150/2943/2137 2146/2936/2133
f 2150/2943/2137 2149/2942/2136 2151/2944/2138
f 2150/2943/2137 2151/2944/2138 2152/2945/2139
f 2150/2943/2137 2152/2945/2139 2146/2936/2133
f 2152/2945/2139 2151/2944/2138 2153/2946/2140
f 2146/2936/2133 2152/2945/2139 2154/2947/2141
f 2146/2936/2133 2154/2947/2141 2145/2935/2132
f 2152/2945/2139 2153/2946/2140 2155/2948/2142
f 2152/2945/2139 2155/2948/2142 2154/2947/2141
f 2145/2935/2132 2154/2947/2141 2156/2949/2143
f 2156/2949/2143 2154/2947/2141 2155/2948/2142
f 2145/2935/2132 2156/2949/2143 2095/2923/2082
f 2095/2923/2082 2156/2949/2143 2098/2950/2085
f 2156/2949/2143 2155/2948/2142 2157/2951/2144
f 2156/2949/2143 2157/2951/2144 2098/2950/2085
f 2157/2951/2144 2155/2948/2142 2153/2946/2140
f 2098/2950/2085 2157/2951/2144 2115/2952/2102
f 2115/2952/2102 2157/2951/2144 2153/2946/2140
f 2158/2953/2145 961/2954/957 960/2955/956
f 2158/2953/2145 960/2955/956 959/2822/955
f 2158/2953/2145 959/2822/955 2075/2826/2062
f 961/2954/957 2158/2953/2145 2159/2956/2146
f 2159/2956/2146 2158/2953/2145 2075/2826/2062
f 2159/2956/2146 2075/2826/2062 2105/2856/2092
f 961/2954/957 2159/2956/2146 1706/2957/1698
f 2159/2956/2146 2105/2856/2092 2106/2857/2093
f 1706/2957/1698 2159/2956/2146 2160/2958/2147
f 1706/2957/1698 2160/2958/2147 1701/2959/1693
f 1701/2959/1693 2160/2958/2147 1694/2960/1686
f 2160/2958/2147 2159/2956/2146 2161/2961/2148
f 2161/2961/2148 2159/2956/2146 2106/2857/2093
f 1694/2960/1686 2160/2958/2147 2162/2962/2149
f 1694/2960/1686 2162/2962/2149 1984/2963/1972
f 1984/2963/1972 2162/2962/2149 1986/2964/1974
f 2162/2962/2149 2160/2958/2147 2163/2965/2150
f 2162/2962/2149 2163/2965/2150 1986/2964/1974
f 2163/2965/2150 2160/2958/2147 2161/2961/2148
f 1986/2964/1974 2163/2965/2150 1991/2966/1979
f 1986/2964/1974 1991/2966/1979 1985/2967/1973
f 2163/2965/2150 2161/2961/2148 2164/2968/2151
f 2163/2965/2150 2164/2968/2151 1991/2966/1979
f 2165/2969/2152 2161/2961/2148 2106/2857/2093
f 2161/2961/2148 2165/2969/2152 2164/2968/2151
f 2165/2969/2152 2106/2857/2093 2107/2858/2094
f 2165/2969/2152 2107/2858/2094 2061/2861/2048
f 2165/2969/2152 2061/2861/2048 2164/2968/2151
f 2164/2968/2151 2061/2861/2048 2001/2970/1989
f 1991/2966/1979 2164/2968/2151 2166/2971/2153
f 2166/2971/2153 2164/2968/2151 2001/2970/1989
f 1991/2966/1979 2166/2971/2153 1992/2972/1980
f 2166/2971/2153 2001/2970/1989 1998/2973/1986
f 2166/2971/2153 1998/2973/1986 1992/2972/1980
f 1218/2974/1212 1217/2975/1211 1222/2976/1216
f 1943/2977/1932 1299/2978/1293 1928/2979/1917
f 1299/2978/1293 1943/2977/1932 1297/2980/1291
f 1297/2980/1291 1943/2977/1932 1296/2981/1290
f 1296/2981/1290 1943/2977/1932 1941/2982/1930
f 1941/2982/1930 1943/2977/1932 1942/2983/1931
f 1296/2981/1290 1941/2982/1930 2167/2984/2154
f 2167/2984/2154 1941/2982/1930 1940/2985/1929
f 1352/2986/1346 1351/2987/1345 1353/2988/1347
f 1352/2986/1346 1353/2988/1347 1357/2989/1351
f 1357/2989/1351 1353/2988/1347 1354/2990/1348
f 2167/2991/2154 1293/2992/1287 1296/2993/1290
f 1293/2992/1287 2167/2991/2154 1294/2994/1288
f 1294/2994/1288 2167/2991/2154 2168/2995/2155
f 1294/2994/1288 2168/2995/2155 1277/2996/1271
f 1294/2994/1288 1277/2996/1271 1278/2997/1272
f 2168/2995/2155 2167/2991/2154 2169/2998/2156
f 2169/2998/2156 2167/2991/2154 1940/2999/1929
f 1277/2996/1271 2168/2995/2155 2170/3000/2157
f 2170/3000/2157 2168/2995/2155 2169/2998/2156
f 2169/2998/2156 1940/2999/1929 2171/3001/2158
f 2169/2998/2156 2171/3001/2158 2170/3000/2157
f 2171/3001/2158 1940/2999/1929 1935/3002/1924
f 2171/3001/2158 1935/3002/1924 1934/3003/1923
f 1277/2996/1271 2170/3000/2157 2172/3004/2159
f 1277/2996/1271 2172/3004/2159 1274/3005/1268
f 2170/3000/2157 2171/3001/2158 2173/3006/2160
f 2171/3001/2158 1934/3003/1923 2174/3007/2161
f 2171/3001/2158 2174/3007/2161 2173/3006/2160
f 2172/3004/2159 2170/3000/2157 2175/3008/2162
f 2175/3008/2162 2170/3000/2157 2173/3006/2160
f 1274/3005/1268 2172/3004/2159 2176/3009/2163
f 2172/3004/2159 2175/3008/2162 2177/3010/2164
f 2172/3004/2159 2177/3010/2164 2176/3009/2163
f 2175/3008/2162 2173/3006/2160 2178/3011/2165
f 2178/3011/2165 2173/3006/2160 2174/3007/2161
f 2177/3010/2164 2175/3008/2162 2179/3012/2166
f 2179/3012/2166 2175/3008/2162 2178/3011/2165
f 2176/3009/2163 2177/3010/2164 2180/3013/2167
f 2180/3013/2167 2177/3010/2164 2179/3012/2166
f 2181/3014/2168 1274/3005/1268 2176/3009/2163
f 1274/3005/1268 2181/3014/2168 1272/3015/1266
f 1272/3015/1266 2181/3014/2168 1271/3016/1265
f 2181/3014/2168 2176/3009/2163 2182/3017/2169
f 2181/3014/2168 2182/3017/2169 1271/3016/1265
f 2182/3017/2169 2176/3009/2163 2180/3013/2167
f 1271/3016/1265 2182/3017/2169 2183/3018/2170
f 1271/3016/1265 2183/3018/2170 1268/3019/1262
f 2182/3017/2169 2180/3013/2167 2184/3020/2171
f 2182/3017/2169 2184/3020/2171 2183/3018/2170
f 1268/3019/1262 2183/3018/2170 1269/3021/1263
f 1265/3022/1259 1269/3021/1263 1363/3023/1357
f 1363/3023/1357 1269/3021/1263 2185/3024/2172
f 2185/3024/2172 1269/3021/1263 2183/3018/2170
f 2185/3024/2172 2183/3018/2170 2186/3025/2173
f 2186/3025/2173 2183/3018/2170 2184/3020/2171
f 2186/3025/2173 2184/3020/2171 2187/3026/2174
f 2187/3026/2174 2184/3020/2171 2188/3027/2175
f 2188/3027/2175 2184/3020/2171 2189/3028/2176
f 2189/3028/2176 2184/3020/2171 2180/3013/2167
f 2189/3028/2176 2180/3013/2167 2190/3029/2177
f 2190/3029/2177 2180/3013/2167 2179/3012/2166
f 2190/3029/2177 2179/3012/2166 2178/3011/2165
f 2189/3028/2176 2190/3029/2177 2191/3030/2178
f 2189/3028/2176 2191/3030/2178 2188/3027/2175
f 2190/3029/2177 2178/3011/2165 2192/3031/2179
f 2190/3029/2177 2192/3031/2179 2191/3030/2178
f 2192/3031/2179 2178/3011/2165 2174/3007/2161
f 2188/3027/2175 2191/3030/2178 2193/3032/2180
f 2188/3027/2175 2193/3032/2180 2194/3033/2181
f 2194/3033/2181 2193/3032/2180 2195/3034/2182
f 2193/3032/2180 2191/3030/2178 2196/3035/1847
f 2196/3035/1847 2191/3030/2178 2192/3031/2179
f 2195/3034/2182 2193/3032/2180 2197/3036/2183
f 2197/3036/2183 2193/3032/2180 2196/3035/1847
f 2195/3034/2182 2197/3036/2183 2198/3037/2184
f 2198/3037/2184 2197/3036/2183 2196/3035/1847
f 2195/3034/2182 2198/3037/2184 2199/3038/2185
f 2196/3035/1847 2192/3031/2179 2200/3039/2186
f 2200/3039/2186 2192/3031/2179 2174/3007/2161
f 2198/3037/2184 2196/3035/1847 2201/3040/2187
f 2201/3040/2187 2196/3035/1847 2200/3039/2186
f 2199/3038/2185 2198/3037/2184 2202/3041/2188
f 2199/3038/2185 2202/3041/2188 2203/3042/2189
f 2203/3042/2189 2202/3041/2188 2204/3043/2190
f 2202/3041/2188 2198/3037/2184 2205/3044/2191
f 2205/3044/2191 2198/3037/2184 2201/3040/2187
f 2204/3043/2190 2202/3041/2188 2206/3045/2192
f 2204/3043/2190 2206/3045/2192 2207/3046/2193
f 2202/3041/2188 2205/3044/2191 2208/3047/2194
f 2202/3041/2188 2208/3047/2194 2206/3045/2192
f 2209/3048/2195 2210/3049/2196 2207/3046/2193
f 2209/3048/2195 2207/3046/2193 2206/3045/2192
f 2206/3045/2192 2208/3047/2194 2211/3050/2197
f 2211/3050/2197 2208/3047/2194 2205/3044/2191
f 2209/3048/2195 2206/3045/2192 2212/3051/2198
f 2209/3048/2195 2212/3051/2198 2213/3052/2199
f 2213/3052/2199 2212/3051/2198 2214/3053/2200
f 2212/3051/2198 2206/3045/2192 2215/3054/2201
f 2215/3054/2201 2206/3045/2192 2211/3050/2197
f 2214/3053/2200 2212/3051/2198 2216/3055/1649
f 2212/3051/2198 2215/3054/2201 2217/3056/2202
f 2212/3051/2198 2217/3056/2202 2216/3055/1649
f 2215/3054/2201 2211/3050/2197 2218/3057/2203
f 2215/3054/2201 2218/3057/2203 2217/3056/2202
f 2218/3057/2203 2211/3050/2197 2219/3058/2204
f 2217/3056/2202 2218/3057/2203 2220/3059/2205
f 2220/3059/2205 2218/3057/2203 2219/3058/2204
f 2219/3058/2204 2211/3050/2197 2221/3060/2206
f 2219/3058/2204 2221/3060/2206 2220/3059/2205
f 2221/3060/2206 2211/3050/2197 2205/3044/2191
f 2217/3056/2202 2220/3059/2205 2222/3061/2207
f 2217/3056/2202 2222/3061/2207 2216/3055/1649
f 2220/3059/2205 2221/3060/2206 1914/3062/1903
f 2220/3059/2205 1914/3062/1903 2222/3061/2207
f 1914/3062/1903 2221/3060/2206 1915/3063/1904
f 2222/3061/2207 1914/3062/1903 1906/3064/1895
f 2222/3061/2207 1906/3064/1895 2216/3055/1649
f 1906/3064/1895 1914/3062/1903 1908/3065/1897
f 2216/3055/1649 1906/3064/1895 1902/3066/1891
f 1902/3066/1891 1906/3064/1895 1903/3067/1892
f 2216/3055/1649 1902/3066/1891 2214/3053/2200
f 2214/3053/2200 1902/3066/1891 2223/3068/2208
f 2223/3068/2208 1902/3066/1891 1901/3069/1890
f 2224/3070/2209 1915/3063/1904 2221/3060/2206
f 2224/3070/2209 2221/3060/2206 2205/3044/2191
f 1915/3063/1904 2224/3070/2209 1916/3071/1905
f 1916/3071/1905 2224/3070/2209 1933/3072/1922
f 2224/3070/2209 2205/3044/2191 2225/3073/2210
f 2224/3070/2209 2225/3073/2210 1933/3072/1922
f 2225/3073/2210 2205/3044/2191 2201/3040/2187
f 2225/3073/2210 2201/3040/2187 2226/3074/2211
f 2225/3073/2210 2226/3074/2211 1933/3072/1922
f 2226/3074/2211 2201/3040/2187 2200/3039/2186
f 1933/3072/1922 2226/3074/2211 2227/3075/2212
f 2227/3075/2212 2226/3074/2211 2200/3039/2186
f 1933/3072/1922 2227/3075/2212 1934/3003/1923
f 2227/3075/2212 2200/3039/2186 2174/3007/2161
f 2227/3075/2212 2174/3007/2161 1934/3003/1923
f 2228/3076/2213 2195/3077/2182 2229/3078/2214
f 2195/3077/2182 2228/3076/2213 2194/3079/2181
f 2229/3078/2214 2195/3077/2182 2199/3080/2185
f 2229/3078/2214 2199/3080/2185 2203/3081/2189
f 2229/3078/2214 2203/3081/2189 2230/3082/2215
f 2229/3078/2214 2230/3082/2215 2231/3083/2216
f 2231/3083/2216 2230/3082/2215 2232/3084/2217
f 2232/3084/2217 2230/3082/2215 2233/3085/2218
f 2232/3084/2217 2233/3085/2218 2234/3086/2219
f 2232/3084/2217 2234/3086/2219 2235/3087/2220
f 2232/3084/2217 2235/3087/2220 2236/3088/2221
f 2235/3087/2220 2234/3086/2219 2237/3089/2222
f 2238/3090/2223 2228/3091/2213 2229/3092/2214
f 2238/3090/2223 2229/3092/2214 2239/3093/2224
f 2239/3093/2224 2229/3092/2214 2231/3094/2216
f 2239/3093/2224 2231/3094/2216 2236/3095/2221
f 2236/3095/2221 2231/3094/2216 2232/3096/2217
f 2239/3093/2224 2236/3095/2221 2240/3097/2225
f 2240/3097/2225 2236/3095/2221 2241/3098/2226
f 2240/3097/2225 2241/3098/2226 2242/3099/2227
f 2240/3097/2225 2242/3099/2227 2243/3100/2228
f 2239/3093/2224 2240/3097/2225 2244/3101/2229
f 2244/3101/2229 2240/3097/2225 2243/3100/2228
f 2239/3093/2224 2244/3101/2229 2238/3090/2223
f 2244/3101/2229 2243/3100/2228 2245/3102/2230
f 2244/3101/2229 2245/3102/2230 2238/3090/2223
f 2245/3102/2230 2243/3100/2228 2246/3103/2231
f 2245/3102/2230 2246/3103/2231 2247/3104/2232
f 2245/3102/2230 2247/3104/2232 2238/3090/2223
f 2247/3104/2232 2246/3103/2231 2248/3105/2233
f 2238/3090/2223 2247/3104/2232 2249/3106/2234
f 2238/3090/2223 2249/3106/2234 2228/3091/2213
f 2247/3104/2232 2248/3105/2233 1373/3107/1367
f 2228/3091/2213 2249/3106/2234 2250/3108/2235
f 2228/3091/2213 2250/3108/2235 2194/3109/2181
f 2194/3109/2181 2250/3108/2235 2188/3110/2175
f 2188/3110/2175 2250/3108/2235 2187/3111/2174
f 2250/3108/2235 2249/3106/2234 2251/3112/2236
f 2250/3108/2235 2251/3112/2236 2187/3111/2174
f 2251/3112/2236 2249/3106/2234 2247/3104/2232
f 2187/3111/2174 2251/3112/2236 2252/3113/2237
f 2251/3112/2236 2247/3104/2232 2253/3114/2238
f 2251/3112/2236 2253/3114/2238 2252/3113/2237
f 2253/3114/2238 2247/3104/2232 1373/3107/1367
f 2187/3111/2174 2252/3113/2237 2186/3115/2173
f 2253/3114/2238 1373/3107/1367 2254/3116/2239
f 2253/3114/2238 2254/3116/2239 2252/3113/2237
f 2254/3116/2239 1373/3107/1367 1369/3117/1363
f 2254/3116/2239 1369/3117/1363 1368/3118/1362
f 1372/3119/1366 1373/3107/1367 1376/3120/1370
f 1376/3120/1370 1373/3107/1367 2248/3105/2233
f 1376/3120/1370 2248/3105/2233 1377/3121/1371
f 1377/3121/1371 2248/3105/2233 2255/3122/2240
f 1377/3121/1371 2255/3122/2240 1381/3123/1375
f 1381/3123/1375 2255/3122/2240 1382/3124/1376
f 2254/3116/2239 1368/3118/1362 2256/3125/2241
f 2254/3116/2239 2256/3125/2241 2252/3113/2237
f 2256/3125/2241 1368/3118/1362 1365/3126/1359
f 2252/3113/2237 2256/3125/2241 2186/3115/2173
f 2256/3125/2241 1365/3126/1359 1364/3127/1358
f 2256/3125/2241 1364/3127/1358 2186/3115/2173
f 2186/3115/2173 1364/3127/1358 2185/3128/2172
f 2185/3128/2172 1364/3127/1358 1363/3129/1357
f 2257/3130/2242 1837/3131/1829 1836/3132/1828
f 1837/3131/1829 2257/3130/2242 2258/3133/2243
f 1837/3131/1829 2258/3133/2243 1840/3134/1832
f 2258/3133/2243 2257/3130/2242 2259/3135/2244
f 1840/3134/1832 2258/3133/2243 2260/3136/2245
f 2260/3136/2245 2258/3133/2243 2259/3135/2244
f 1840/3137/1832 1977/3138/1965 1841/3139/1833
f 1977/3138/1965 1840/3137/1832 1976/3140/1964
f 1841/3139/1833 1977/3138/1965 1846/3141/1838
f 1846/3141/1838 1977/3138/1965 2108/3142/2095
f 2108/3142/2095 1977/3138/1965 1979/3143/1967
f 1846/3141/1838 2108/3142/2095 1851/3144/1842
f 1851/3144/1842 2108/3142/2095 2109/3145/2096
f 1851/3144/1842 2109/3145/2096 1856/3146/1847
f 1856/3146/1847 2109/3145/2096 2110/3147/2097
f 1856/3146/1847 2110/3147/2097 1858/3148/1849
f 1858/3148/1849 2110/3147/2097 1861/3149/1852
f 1836/3150/1828 2261/3151/2246 2257/3152/2242
f 2257/3152/2242 2261/3151/2246 2259/3153/2244
f 2261/3151/2246 1836/3150/1828 1976/3154/1964
f 2259/3153/2244 2261/3151/2246 2262/3155/2247
f 2259/3153/2244 2262/3155/2247 2260/3156/2245
f 2260/3156/2245 2262/3155/2247 2261/3151/2246
f 2260/3156/2245 2261/3151/2246 1976/3154/1964
f 2260/3156/2245 1976/3154/1964 1840/3157/1832
f 2223/3158/2208 2263/3159/2248 2214/3160/2200
f 1901/3161/1890 2264/3162/2249 2223/3158/2208
f 2223/3158/2208 2264/3162/2249 2265/3163/2250
f 2223/3158/2208 2265/3163/2250 2263/3159/2248
f 2265/3163/2250 2264/3162/2249 2266/3164/2251
f 2265/3163/2250 2266/3164/2251 2267/3165/2252
f 2265/3163/2250 2267/3165/2252 2268/3166/2253
f 2268/3166/2253 2267/3165/2252 2269/3167/2254
f 2263/3159/2248 2265/3163/2250 2270/3168/2255
f 2270/3168/2255 2265/3163/2250 2268/3166/2253
f 2263/3159/2248 2270/3168/2255 2271/3169/2256
f 2270/3168/2255 2268/3166/2253 2272/3170/2257
f 2270/3168/2255 2272/3170/2257 2271/3169/2256
f 2268/3166/2253 2269/3167/2254 2273/3171/2258
f 2268/3166/2253 2273/3171/2258 2272/3170/2257
f 2274/3172/2259 2214/3160/2200 2263/3159/2248
f 2274/3172/2259 2263/3159/2248 2271/3169/2256
f 2214/3160/2200 2274/3172/2259 2275/3173/2260
f 2214/3160/2200 2275/3173/2260 2213/3174/2199
f 2274/3172/2259 2271/3169/2256 2276/3175/2261
f 2274/3172/2259 2276/3175/2261 2275/3173/2260
f 2277/3176/2262 2271/3169/2256 2272/3170/2257
f 2277/3176/2262 2272/3170/2257 2273/3171/2258
f 2271/3169/2256 2277/3176/2262 2278/3177/2263
f 2271/3169/2256 2278/3177/2263 2276/3175/2261
f 2278/3177/2263 2277/3176/2262 2279/3178/2264
f 2279/3178/2264 2277/3176/2262 2273/3171/2258
f 2278/3177/2263 2279/3178/2264 2280/3179/2265
f 2279/3178/2264 2273/3171/2258 2281/3180/2266
f 2279/3178/2264 2281/3180/2266 2280/3179/2265
f 2278/3177/2263 2280/3179/2265 2282/3181/2267
f 2278/3177/2263 2282/3181/2267 2276/3175/2261
f 2282/3181/2267 2280/3179/2265 2283/3182/2268
f 2282/3181/2267 2283/3182/2268 2284/3183/2269
f 2282/3181/2267 2284/3183/2269 2285/3184/2270
f 2282/3181/2267 2285/3184/2270 2235/3185/2220
f 2282/3181/2267 2235/3185/2220 2237/3186/2222
f 2282/3181/2267 2237/3186/2222 2276/3175/2261
f 2276/3175/2261 2237/3186/2222 2286/3187/2271
f 2286/3187/2271 2237/3186/2222 2287/3188/2272
f 2286/3187/2271 2287/3188/2272 2288/3189/2273
f 2276/3175/2261 2286/3187/2271 2289/3190/2274
f 2276/3175/2261 2289/3190/2274 2275/3173/2260
f 2286/3187/2271 2288/3189/2273 2207/3191/2193
f 2289/3190/2274 2286/3187/2271 2210/3192/2196
f 2210/3192/2196 2286/3187/2271 2207/3191/2193
f 2289/3190/2274 2210/3192/2196 2290/3193/2275
f 2289/3190/2274 2290/3193/2275 2275/3173/2260
f 2290/3193/2275 2210/3192/2196 2209/3194/2195
f 2275/3173/2260 2290/3193/2275 2213/3174/2199
f 2213/3174/2199 2290/3193/2275 2209/3194/2195
f 2291/3195/2276 2207/3191/2193 2288/3189/2273
f 2207/3191/2193 2291/3195/2276 2204/3196/2190
f 2291/3195/2276 2288/3189/2273 2292/3197/2277
f 2204/3196/2190 2291/3195/2276 2293/3198/2278
f 2293/3198/2278 2291/3195/2276 2292/3197/2277
f 2293/3198/2278 2292/3197/2277 2294/3199/2279
f 2294/3199/2279 2292/3197/2277 2295/3200/2280
f 2204/3196/2190 2293/3198/2278 2296/3201/2281
f 2296/3201/2281 2293/3198/2278 2294/3199/2279
f 2296/3201/2281 2294/3199/2279 2295/3200/2280
f 2204/3196/2190 2296/3201/2281 2203/3202/2189
f 2203/3202/2189 2296/3201/2281 2295/3200/2280
f 2230/3203/2215 2203/3204/2189 2295/3205/2280
f 2230/3203/2215 2295/3205/2280 2297/3206/2282
f 2297/3206/2282 2295/3205/2280 2292/3207/2277
f 2297/3206/2282 2292/3207/2277 2298/3208/2283
f 2298/3208/2283 2292/3207/2277 2288/3209/2273
f 2298/3208/2283 2288/3209/2273 2299/3210/2284
f 2299/3210/2284 2288/3209/2273 2287/3211/2272
f 2297/3206/2282 2298/3208/2283 2300/3212/2285
f 2298/3208/2283 2299/3210/2284 2301/3213/2286
f 2298/3208/2283 2301/3213/2286 2300/3212/2285
f 2299/3210/2284 2287/3211/2272 2302/3214/2287
f 2299/3210/2284 2302/3214/2287 2301/3213/2286
f 2302/3214/2287 2287/3211/2272 2303/3215/2288
f 2303/3215/2288 2287/3211/2272 2237/3216/2222
f 2297/3206/2282 2300/3212/2285 2304/3217/2289
f 2297/3206/2282 2304/3217/2289 2230/3203/2215
f 2300/3212/2285 2301/3213/2286 2305/3218/2290
f 2300/3212/2285 2305/3218/2290 2304/3217/2289
f 2301/3213/2286 2302/3214/2287 2306/3219/2291
f 2301/3213/2286 2306/3219/2291 2305/3218/2290
f 2230/3203/2215 2304/3217/2289 2307/3220/2292
f 2305/3218/2290 2306/3219/2291 2308/3221/2293
f 2230/3203/2215 2307/3220/2292 2233/3222/2218
f 2304/3217/2289 2305/3218/2290 2309/3223/2294
f 2309/3223/2294 2305/3218/2290 2308/3221/2293
f 2304/3217/2289 2309/3223/2294 2307/3220/2292
f 2309/3223/2294 2308/3221/2293 2310/3224/2295
f 2309/3223/2294 2310/3224/2295 2307/3220/2292
f 2310/3224/2295 2308/3221/2293 2306/3219/2291
f 2233/3222/2218 2307/3220/2292 2311/3225/2296
f 2233/3222/2218 2311/3225/2296 2234/3226/2219
f 2234/3226/2219 2311/3225/2296 2237/3216/2222
f 2311/3225/2296 2307/3220/2292 2312/3227/2297
f 2311/3225/2296 2312/3227/2297 2237/3216/2222
f 2312/3227/2297 2307/3220/2292 2310/3224/2295
f 2237/3216/2222 2312/3227/2297 2303/3215/2288
f 2310/3224/2295 2306/3219/2291 2313/3228/2298
f 2310/3224/2295 2313/3228/2298 2312/3227/2297
f 2312/3227/2297 2313/3228/2298 2303/3215/2288
f 2313/3228/2298 2306/3219/2291 2302/3214/2287
f 2313/3228/2298 2302/3214/2287 2303/3215/2288
f 2119/3229/2106 1892/3230/1881 1866/3231/1857
f 2314/3232/2299 1081/3233/1077 1082/3234/1078
f 2314/3232/2299 1082/3234/1078 1441/3235/1435
f 2314/3232/2299 1441/3235/1435 2315/3236/2300
f 2314/3232/2299 2315/3236/2300 1081/3233/1077
f 1081/3233/1077 2315/3236/2300 2316/3237/2301
f 1081/3233/1077 2316/3237/2301 1080/3238/1076
f 1080/3238/1076 2316/3237/2301 1079/3239/1075
f 2316/3237/2301 2315/3236/2300 2317/3240/2302
f 2317/3240/2302 2315/3236/2300 2133/3241/2120
f 1079/3239/1075 2316/3237/2301 2318/3242/2303
f 2316/3237/2301 2317/3240/2302 2319/3243/2304
f 2316/3237/2301 2319/3243/2304 2318/3242/2303
f 1079/3239/1075 2318/3242/2303 1076/3244/1072
f 2317/3240/2302 2133/3241/2120 2320/3245/2305
f 2317/3240/2302 2320/3245/2305 2319/3243/2304
f 2320/3245/2305 2133/3241/2120 2082/3246/2069
f 2320/3245/2305 2082/3246/2069 2321/3247/2306
f 2321/3247/2306 2082/3246/2069 2079/3248/2066
f 2320/3245/2305 2321/3247/2306 2322/3249/2307
f 2320/3245/2305 2322/3249/2307 2319/3243/2304
f 2322/3249/2307 2321/3247/2306 2323/3250/2308
f 2322/3249/2307 2323/3250/2308 2324/3251/2309
f 2324/3251/2309 2323/3250/2308 2325/3252/2310
f 2319/3243/2304 2322/3249/2307 2326/3253/2311
f 2322/3249/2307 2324/3251/2309 2327/3254/2312
f 2322/3249/2307 2327/3254/2312 2326/3253/2311
f 2324/3251/2309 2325/3252/2310 2328/3255/2313
f 2324/3251/2309 2328/3255/2313 2327/3254/2312
f 2328/3255/2313 2325/3252/2310 2329/3256/2314
f 2328/3255/2313 2329/3256/2314 2330/3257/2315
f 2328/3255/2313 2330/3257/2315 2331/3258/2316
f 2328/3255/2313 2331/3258/2316 2327/3254/2312
f 2332/3259/2317 2319/3243/2304 2326/3253/2311
f 2333/3260/2318 2326/3253/2311 2327/3254/2312
f 2326/3253/2311 2333/3260/2318 2332/3259/2317
f 2333/3260/2318 2327/3254/2312 2331/3258/2316
f 2319/3243/2304 2332/3259/2317 2318/3242/2303
f 2332/3259/2317 2333/3260/2318 2149/3261/2136
f 2318/3242/2303 2332/3259/2317 2334/3262/2319
f 2334/3262/2319 2332/3259/2317 2149/3261/2136
f 2318/3242/2303 2334/3262/2319 1076/3244/1072
f 1076/3244/1072 2334/3262/2319 1071/3263/1067
f 1071/3263/1067 2334/3262/2319 2149/3261/2136
f 2149/3261/2136 2333/3260/2318 2151/3264/2138
f 2151/3264/2138 2333/3260/2318 2331/3258/2316
f 2335/3265/2320 2331/3258/2316 2330/3257/2315
f 2151/3264/2138 2331/3258/2316 2336/3266/2321
f 2151/3264/2138 2336/3266/2321 2153/3267/2140
f 2331/3258/2316 2335/3265/2320 2337/3268/1464
f 2331/3258/2316 2337/3268/1464 2336/3266/2321
f 2153/3267/2140 2336/3266/2321 2338/3269/2322
f 2338/3269/2322 2336/3266/2321 2337/3268/1464
f 2153/3267/2140 2338/3269/2322 2115/3270/2102
f 2115/3270/2102 2338/3269/2322 2116/3271/2103
f 2116/3271/2103 2338/3269/2322 2120/3272/2107
f 2120/3272/2107 2338/3269/2322 2337/3268/1464
f 2120/3272/2107 2337/3268/1464 2122/3273/2109
f 2122/3273/2109 2337/3268/1464 2266/3274/2251
f 2122/3273/2109 2266/3274/2251 2264/3275/2249
f 2266/3274/2251 2337/3268/1464 2267/3276/2252
f 2267/3276/2252 2337/3268/1464 2335/3265/2320
f 2267/3276/2252 2335/3265/2320 2269/3277/2254
f 2269/3277/2254 2335/3265/2320 2339/3278/2323
f 1444/3279/1438 2340/3280/2324 1442/3281/1436
f 1442/3281/1436 2340/3280/2324 1441/3282/1435
f 1441/3282/1435 2340/3280/2324 2315/3283/2300
f 2340/3280/2324 1444/3279/1438 2341/3284/2325
f 2341/3284/2325 1444/3279/1438 1447/3285/1441
f 2315/3283/2300 2340/3280/2324 2342/3286/2326
f 2315/3283/2300 2342/3286/2326 2133/3287/2120
f 2133/3287/2120 2342/3286/2326 2077/3288/2064
f 2342/3286/2326 2340/3280/2324 2343/3289/2327
f 2343/3289/2327 2340/3280/2324 2341/3284/2325
f 2077/3288/2064 2342/3286/2326 2344/3290/2328
f 2344/3290/2328 2342/3286/2326 2343/3289/2327
f 2077/3288/2064 2344/3290/2328 2079/3291/2066
f 2343/3289/2327 2341/3284/2325 2345/3292/2329
f 2079/3291/2066 2344/3290/2328 2346/3293/2330
f 2079/3291/2066 2346/3293/2330 2347/3294/2331
f 2344/3290/2328 2343/3289/2327 2348/3295/2332
f 2344/3290/2328 2348/3295/2332 2346/3293/2330
f 2348/3295/2332 2343/3289/2327 2345/3292/2329
f 2347/3294/2331 2346/3293/2330 2349/3296/2333
f 2349/3296/2333 2346/3293/2330 2348/3295/2332
f 2349/3296/2333 2348/3295/2332 2350/3297/2334
f 2350/3297/2334 2348/3295/2332 2345/3292/2329
f 2349/3296/2333 2350/3297/2334 2351/3298/2335
f 2349/3296/2333 2351/3298/2335 2352/3299/2336
f 2352/3299/2336 2351/3298/2335 2330/3300/2315
f 2330/3300/2315 2351/3298/2335 2350/3297/2334
f 2352/3299/2336 2330/3300/2315 2329/3301/2314
f 2330/3300/2315 2350/3297/2334 2353/3302/2337
f 2350/3297/2334 2345/3292/2329 2354/3303/2338
f 2350/3297/2334 2354/3303/2338 2353/3302/2337
f 2330/3300/2315 2353/3302/2337 2355/3304/2339
f 2330/3300/2315 2355/3304/2339 2335/3305/2320
f 2335/3305/2320 2355/3304/2339 2339/3306/2323
f 2339/3306/2323 2355/3304/2339 2356/3307/2340
f 2355/3304/2339 2353/3302/2337 2357/3308/2341
f 2355/3304/2339 2357/3308/2341 2356/3307/2340
f 2357/3308/2341 2353/3302/2337 2354/3303/2338
f 2356/3307/2340 2357/3308/2341 2358/3309/2342
f 2359/3310/2343 2358/3309/2342 2360/3311/2344
f 2358/3309/2342 2357/3308/2341 2361/3312/2345
f 2358/3309/2342 2361/3312/2345 2360/3311/2344
f 2357/3308/2341 2354/3303/2338 2362/3313/2346
f 2360/3311/2344 2361/3312/2345 2363/3314/2347
f 2360/3311/2344 2363/3314/2347 2364/3315/2348
f 2361/3312/2345 2357/3308/2341 2365/3316/2349
f 2365/3316/2349 2357/3308/2341 2362/3313/2346
f 2364/3315/2348 2363/3314/2347 2366/3317/2350
f 2364/3315/2348 2366/3317/2350 2367/3318/2351
f 2367/3318/2351 2366/3317/2350 2368/3319/2352
f 2366/3317/2350 2363/3314/2347 2369/3320/2353
f 2369/3320/2353 2363/3314/2347 2361/3312/2345
f 2368/3319/2352 2366/3317/2350 2370/3321/2354
f 2370/3321/2354 2366/3317/2350 2369/3320/2353
f 2368/3319/2352 2370/3321/2354 2371/3322/2355
f 2368/3319/2352 2371/3322/2355 2372/3323/2356
f 2370/3321/2354 2369/3320/2353 2373/3324/2357
f 2373/3324/2357 2369/3320/2353 2361/3312/2345
f 2370/3321/2354 2373/3324/2357 2371/3322/2355
f 2373/3324/2357 2361/3312/2345 2374/3325/2358
f 2373/3324/2357 2374/3325/2358 2371/3322/2355
f 2374/3325/2358 2361/3312/2345 2365/3316/2349
f 2372/3323/2356 2371/3322/2355 2375/3326/2359
f 2371/3322/2355 2374/3325/2358 2376/3327/2360
f 2371/3322/2355 2376/3327/2360 2375/3326/2359
f 2375/3326/2359 2376/3327/2360 1471/3328/1465
f 2375/3326/2359 1471/3328/1465 1478/3329/1472
f 2375/3326/2359 1478/3329/1472 2377/3330/2361
f 1471/3328/1465 2376/3327/2360 1470/3331/1464
f 2377/3330/2361 1478/3329/1472 2378/3332/2362
f 2378/3332/2362 1478/3329/1472 1477/3333/1471
f 2378/3332/2362 1477/3333/1471 1481/3334/1475
f 1470/3331/1464 2376/3327/2360 2379/3335/2363
f 2379/3335/2363 2376/3327/2360 2374/3325/2358
f 1470/3331/1464 2379/3335/2363 2380/3336/2364
f 1470/3331/1464 2380/3336/2364 1469/3337/1463
f 1469/3337/1463 2380/3336/2364 1466/3338/1460
f 1466/3338/1460 2380/3336/2364 1462/3339/1456
f 2379/3335/2363 2374/3325/2358 2381/3340/2365
f 2381/3340/2365 2374/3325/2358 2365/3316/2349
f 2380/3336/2364 2379/3335/2363 2382/3341/2366
f 2382/3341/2366 2379/3335/2363 2381/3340/2365
f 2380/3336/2364 2382/3341/2366 1462/3339/1456
f 2381/3340/2365 2365/3316/2349 2383/3342/2367
f 2381/3340/2365 2383/3342/2367 2382/3341/2366
f 2383/3342/2367 2365/3316/2349 2362/3313/2346
f 1462/3339/1456 2382/3341/2366 2384/3343/2368
f 2384/3343/2368 2382/3341/2366 2383/3342/2367
f 2384/3343/2368 2383/3342/2367 2362/3313/2346
f 1462/3339/1456 2384/3343/2368 1459/3344/1453
f 1459/3344/1453 2384/3343/2368 2385/3345/2369
f 2385/3345/2369 2384/3343/2368 2362/3313/2346
f 1459/3344/1453 2385/3345/2369 1456/3346/1450
f 1456/3346/1450 2385/3345/2369 1449/3347/1443
f 2385/3345/2369 2362/3313/2346 2386/3348/2370
f 2385/3345/2369 2386/3348/2370 1449/3347/1443
f 1449/3347/1443 2386/3348/2370 2387/3349/2371
f 1449/3347/1443 2387/3349/2371 1447/3285/1441
f 2386/3348/2370 2362/3313/2346 2388/3350/2372
f 2386/3348/2370 2388/3350/2372 2387/3349/2371
f 1447/3285/1441 2387/3349/2371 2389/3351/2373
f 2389/3351/2373 2387/3349/2371 2388/3350/2372
f 1447/3285/1441 2389/3351/2373 2341/3284/2325
f 2388/3350/2372 2362/3313/2346 2390/3352/2374
f 2388/3350/2372 2390/3352/2374 2389/3351/2373
f 2390/3352/2374 2362/3313/2346 2354/3303/2338
f 2341/3284/2325 2389/3351/2373 2391/3353/2375
f 2391/3353/2375 2389/3351/2373 2390/3352/2374
f 2390/3352/2374 2354/3303/2338 2345/3292/2329
f 2341/3284/2325 2391/3353/2375 2345/3292/2329
f 2345/3292/2329 2391/3353/2375 2390/3352/2374
f 1576/3354/1569 1589/3355/1582 2392/3356/2376
f 2392/3356/2376 1589/3355/1582 1591/3357/1584
f 1576/3354/1569 2392/3356/2376 2393/3358/2377
f 1576/3354/1569 2393/3358/2377 1574/3359/1567
f 2392/3356/2376 1591/3357/1584 2394/3360/2378
f 2392/3356/2376 2394/3360/2378 2393/3358/2377
f 1593/3361/1586 1594/3362/1587 1591/3357/1584
f 2394/3360/2378 1591/3357/1584 2395/3363/2379
f 2395/3363/2379 1591/3357/1584 1594/3362/1587
f 2393/3358/2377 2394/3360/2378 2396/3364/2380
f 2397/3365/2381 2393/3358/2377 2398/3366/2382
f 2398/3366/2382 2393/3358/2377 2396/3364/2380
f 2398/3366/2382 2396/3364/2380 2399/3367/2383
f 2399/3367/2383 2396/3364/2380 2400/3368/2384
f 2395/3363/2379 1594/3362/1587 1599/3369/1592
f 1599/3369/1592 1594/3362/1587 1598/3370/1591
f 2401/3371/2385 2394/3360/2378 2395/3363/2379
f 2394/3360/2378 2401/3371/2385 2396/3364/2380
f 2400/3368/2384 2396/3364/2380 2397/3372/2381
f 2397/3372/2381 2396/3364/2380 2401/3371/2385
f 2400/3368/2384 2397/3372/2381 2398/3373/2382
f 2395/3363/2379 1599/3369/1592 1586/3374/1579
f 2395/3363/2379 1586/3374/1579 2401/3371/2385
f 1574/3375/1567 1599/3369/1592 1575/3376/1568
f 1599/3369/1592 1574/3375/1567 1586/3374/1579
f 1586/3374/1579 1574/3375/1567 1573/3377/1566
f 2397/3372/2381 2401/3371/2385 2402/3378/2386
f 2402/3378/2386 2401/3371/2385 1586/3374/1579
f 2397/3372/2381 2402/3378/2386 2403/3379/2387
f 2403/3379/2387 2402/3378/2386 2404/3380/2388
f 2404/3380/2388 2402/3378/2386 2405/3381/2389
f 2405/3381/2389 2402/3378/2386 1586/3374/1579
f 2405/3381/2389 1586/3374/1579 1583/3382/1576
f 1574/3383/1567 2393/3384/2377 2397/3385/2381
f 1574/3383/1567 2397/3385/2381 2406/3386/2390
f 1574/3383/1567 2406/3386/2390 1571/3387/1564
f 2406/3386/2390 2397/3385/2381 2403/3388/2387
f 1571/3387/1564 2406/3386/2390 1570/3389/1563
f 2406/3386/2390 2403/3388/2387 2407/3390/2391
f 2406/3386/2390 2407/3390/2391 2408/3391/2392
f 2406/3386/2390 2408/3391/2392 1570/3389/1563
f 2408/3391/2392 2407/3390/2391 2409/3392/2393
f 1570/3389/1563 2408/3391/2392 2410/3393/2394
f 1570/3389/1563 2410/3393/2394 1481/3394/1475
f 1481/3394/1475 2410/3393/2394 2378/3395/2362
f 2410/3393/2394 2408/3391/2392 2411/3396/2395
f 2410/3393/2394 2411/3396/2395 2378/3395/2362
f 2411/3396/2395 2408/3391/2392 2409/3392/2393
f 2378/3395/2362 2411/3396/2395 2377/3397/2361
f 2411/3396/2395 2409/3392/2393 2412/3398/2396
f 2411/3396/2395 2412/3398/2396 2377/3397/2361
f 2412/3398/2396 2409/3392/2393 2413/3399/2397
f 2412/3398/2396 2413/3399/2397 2414/3400/2398
f 2377/3397/2361 2412/3398/2396 2372/3401/2356
f 2377/3397/2361 2372/3401/2356 2375/3402/2359
f 2412/3398/2396 2414/3400/2398 2415/3403/2399
f 2412/3398/2396 2415/3403/2399 2372/3401/2356
f 2415/3403/2399 2414/3400/2398 2416/3404/2400
f 2372/3401/2356 2415/3403/2399 2367/3405/2351
f 2372/3401/2356 2367/3405/2351 2368/3406/2352
f 2367/3405/2351 2415/3403/2399 2364/3407/2348
f 2364/3407/2348 2415/3403/2399 2360/3408/2344
f 2407/3409/2391 2403/3410/2387 2404/3411/2388
f 2407/3409/2391 2404/3411/2388 2409/3412/2393
f 2409/3412/2393 2404/3411/2388 2417/3413/2401
f 2417/3413/2401 2404/3411/2388 2405/3414/2389
f 2409/3412/2393 2417/3413/2401 2418/3415/2402
f 2409/3412/2393 2418/3415/2402 2413/3416/2397
f 2413/3417/2397 2419/3418/2403 2414/3419/2398
f 2418/3420/2402 2420/3421/2404 2413/3417/2397
f 2413/3417/2397 2420/3421/2404 2419/3418/2403
f 2414/3419/2398 2419/3418/2403 2421/3422/2405
f 2414/3419/2398 2421/3422/2405 2422/3423/2406
f 2422/3423/2406 2421/3422/2405 2419/3418/2403
f 2414/3419/2398 2422/3423/2406 2423/3424/2407
f 2423/3424/2407 2422/3423/2406 2419/3418/2403
f 2423/3424/2407 2419/3418/2403 2420/3421/2404
f 2414/3419/2398 2423/3424/2407 2424/3425/2408
f 2423/3424/2407 2420/3421/2404 2283/3426/2268
f 2423/3424/2407 2283/3426/2268 2280/3427/2265
f 2423/3424/2407 2280/3427/2265 2281/3428/2266
f 1382/3429/1376 2425/3430/2409 1384/3431/1378
f 1384/3431/1378 2425/3430/2409 1388/3432/1382
f 2425/3430/2409 1382/3429/1376 2255/3433/2240
f 1388/3432/1382 2425/3430/2409 2426/3434/2410
f 1388/3432/1382 2426/3434/2410 1391/3435/1385
f 2425/3430/2409 2255/3433/2240 2427/3436/2411
f 2425/3430/2409 2427/3436/2411 2426/3434/2410
f 2427/3436/2411 2255/3433/2240 2248/3437/2233
f 2427/3436/2411 2248/3437/2233 2246/3438/2231
f 2427/3436/2411 2246/3438/2231 2428/3439/2412
f 2427/3436/2411 2428/3439/2412 2426/3434/2410
f 1391/3435/1385 2426/3434/2410 1398/3440/1392
f 1391/3435/1385 1398/3440/1392 1392/3441/1386
f 1398/3440/1392 2426/3434/2410 2429/3442/2413
f 1402/3443/1396 1399/3444/1393 1398/3440/1392
f 1402/3443/1396 1398/3440/1392 2429/3442/2413
f 2405/3445/2389 1583/3446/1576 1402/3443/1396
f 2405/3445/2389 1402/3443/1396 2430/3447/2414
f 2405/3445/2389 2430/3447/2414 2417/3448/2401
f 2430/3447/2414 1402/3443/1396 2431/3449/2415
f 2431/3449/2415 1402/3443/1396 2429/3442/2413
f 2417/3448/2401 2430/3447/2414 2432/3450/2416
f 2417/3448/2401 2432/3450/2416 2418/3451/2402
f 2432/3450/2416 2430/3447/2414 2433/3452/2417
f 2433/3452/2417 2430/3447/2414 2431/3449/2415
f 2418/3451/2402 2432/3450/2416 2434/3453/2418
f 2434/3453/2418 2432/3450/2416 2433/3452/2417
f 2433/3452/2417 2431/3449/2415 2435/3454/2419
f 2418/3451/2402 2434/3453/2418 2436/3455/1450
f 2418/3451/2402 2436/3455/1450 2420/3456/2404
f 2434/3453/2418 2433/3452/2417 2437/3457/2420
f 2433/3452/2417 2435/3454/2419 2438/3458/2421
f 2433/3452/2417 2438/3458/2421 2437/3457/2420
f 2435/3454/2419 2431/3449/2415 2439/3459/2422
f 2435/3454/2419 2439/3459/2422 2438/3458/2421
f 2439/3459/2422 2431/3449/2415 2440/3460/2423
f 2440/3460/2423 2431/3449/2415 2429/3442/2413
f 2439/3459/2422 2440/3460/2423 2441/3461/2424
f 2441/3461/2424 2440/3460/2423 2429/3442/2413
f 2439/3459/2422 2441/3461/2424 2442/3462/2425
f 2439/3459/2422 2442/3462/2425 2438/3458/2421
f 2441/3461/2424 2429/3442/2413 2443/3463/2426
f 2443/3463/2426 2429/3442/2413 2426/3434/2410
f 2443/3463/2426 2426/3434/2410 2428/3439/2412
f 2441/3461/2424 2443/3463/2426 2444/3464/2427
f 2444/3464/2427 2443/3463/2426 2428/3439/2412
f 2441/3461/2424 2444/3464/2427 2442/3462/2425
f 2438/3458/2421 2442/3462/2425 2445/3465/2428
f 2444/3464/2427 2428/3439/2412 2446/3466/2429
f 2442/3462/2425 2444/3464/2427 2447/3467/2430
f 2447/3467/2430 2444/3464/2427 2446/3466/2429
f 2442/3462/2425 2447/3467/2430 2448/3468/2431
f 2442/3462/2425 2448/3468/2431 2445/3465/2428
f 2448/3468/2431 2447/3467/2430 2449/3469/2432
f 2449/3469/2432 2447/3467/2430 2446/3466/2429
f 2445/3465/2428 2448/3468/2431 2450/3470/2433
f 2448/3468/2431 2449/3469/2432 2451/3471/2434
f 2448/3468/2431 2451/3471/2434 2450/3470/2433
f 2449/3469/2432 2446/3466/2429 2452/3472/2435
f 2449/3469/2432 2452/3472/2435 2451/3471/2434
f 2445/3465/2428 2450/3470/2433 2453/3473/2436
f 2445/3465/2428 2453/3473/2436 2438/3458/2421
f 2438/3458/2421 2453/3473/2436 2454/3474/2437
f 2453/3473/2436 2450/3470/2433 2455/3475/2438
f 2453/3473/2436 2455/3475/2438 2454/3474/2437
f 2438/3458/2421 2454/3474/2437 2437/3457/2420
f 2455/3475/2438 2450/3470/2433 2456/3476/2439
f 2456/3476/2439 2450/3470/2433 2451/3471/2434
f 2457/3477/2440 2451/3471/2434 2452/3472/2435
f 2457/3477/2440 2452/3472/2435 2446/3466/2429
f 2456/3476/2439 2451/3471/2434 2458/3478/2441
f 2455/3475/2438 2456/3476/2439 2459/3479/2442
f 2459/3479/2442 2456/3476/2439 2458/3478/2441
f 2458/3478/2441 2451/3471/2434 2460/3480/2443
f 2460/3480/2443 2451/3471/2434 2457/3477/2440
f 2458/3478/2441 2460/3480/2443 2461/3481/2444
f 2458/3478/2441 2461/3481/2444 2459/3479/2442
f 2460/3480/2443 2457/3477/2440 2462/3482/2445
f 2462/3482/2445 2457/3477/2440 2446/3466/2429
f 2461/3481/2444 2460/3480/2443 2463/3483/2446
f 2463/3483/2446 2460/3480/2443 2462/3482/2445
f 2461/3481/2444 2463/3483/2446 2464/3484/2447
f 2461/3481/2444 2464/3484/2447 2459/3479/2442
f 2463/3483/2446 2462/3482/2445 2242/3485/2227
f 2462/3482/2445 2446/3466/2429 2465/3486/2448
f 2462/3482/2445 2465/3486/2448 2242/3485/2227
f 2242/3485/2227 2465/3486/2448 2243/3487/2228
f 2463/3483/2446 2242/3485/2227 2241/3488/2226
f 2463/3483/2446 2241/3488/2226 2464/3484/2447
f 2465/3486/2448 2446/3466/2429 2466/3489/2449
f 2465/3486/2448 2466/3489/2449 2243/3487/2228
f 2466/3489/2449 2446/3466/2429 2428/3439/2412
f 2243/3487/2228 2466/3489/2449 2246/3438/2231
f 2246/3438/2231 2466/3489/2449 2428/3439/2412
f 2464/3484/2447 2241/3488/2226 2467/3490/2450
f 2464/3484/2447 2467/3490/2450 2459/3479/2442
f 2467/3490/2450 2241/3488/2226 2468/3491/2451
f 2468/3491/2451 2241/3488/2226 2236/3492/2221
f 2468/3491/2451 2236/3492/2221 2285/3493/2270
f 2285/3493/2270 2236/3492/2221 2235/3494/2220
f 2467/3490/2450 2468/3491/2451 2469/3495/2452
f 2459/3479/2442 2467/3490/2450 2470/3496/2453
f 2470/3496/2453 2467/3490/2450 2469/3495/2452
f 2459/3479/2442 2470/3496/2453 2471/3497/2454
f 2459/3479/2442 2471/3497/2454 2455/3475/2438
f 2455/3475/2438 2471/3497/2454 2454/3474/2437
f 2454/3474/2437 2471/3497/2454 2472/3498/2455
f 2472/3498/2455 2471/3497/2454 2470/3496/2453
f 2454/3474/2437 2472/3498/2455 2437/3457/2420
f 2470/3496/2453 2469/3495/2452 2473/3499/2456
f 2470/3496/2453 2473/3499/2456 2472/3498/2455
f 2473/3499/2456 2469/3495/2452 2284/3500/2269
f 2284/3500/2269 2469/3495/2452 2285/3501/2270
f 2472/3498/2455 2473/3499/2456 2474/3502/2457
f 2472/3498/2455 2474/3502/2457 2437/3457/2420
f 2473/3499/2456 2284/3500/2269 2475/3503/2458
f 2473/3499/2456 2475/3503/2458 2474/3502/2457
f 2437/3457/2420 2474/3502/2457 2476/3504/2459
f 2476/3504/2459 2474/3502/2457 2475/3503/2458
f 2437/3457/2420 2476/3504/2459 2434/3453/2418
f 2434/3453/2418 2476/3504/2459 2436/3455/1450
f 2476/3504/2459 2475/3503/2458 2477/3505/2460
f 2477/3505/2460 2475/3503/2458 2284/3500/2269
f 2476/3504/2459 2477/3505/2460 2436/3455/1450
f 2477/3505/2460 2284/3500/2269 2283/3506/2268
f 2436/3455/1450 2477/3505/2460 2420/3456/2404
f 2420/3456/2404 2477/3505/2460 2283/3506/2268
f 2079/3507/2066 2347/3508/2331 2478/3509/2461
f 2079/3507/2066 2478/3509/2461 2321/3510/2306
f 2321/3510/2306 2478/3509/2461 2323/3511/2308
f 2323/3511/2308 2478/3509/2461 2479/3512/2462
f 2479/3512/2462 2478/3509/2461 2347/3508/2331
f 2323/3511/2308 2479/3512/2462 2325/3513/2310
f 2325/3513/2310 2479/3512/2462 2480/3514/2463
f 2480/3514/2463 2479/3512/2462 2347/3508/2331
f 2325/3513/2310 2480/3514/2463 2329/3515/2314
f 2329/3515/2314 2480/3514/2463 2352/3516/2336
f 2352/3516/2336 2480/3514/2463 2347/3508/2331
f 2352/3516/2336 2347/3508/2331 2349/3517/2333
f 2264/3518/2249 2121/3519/2108 2122/3520/2109
f 1901/3521/1890 2121/3522/2108 2264/3523/2249
f 2481/3524/2464 2273/3171/2258 2269/3167/2254
f 2481/3524/2464 2269/3167/2254 2339/3525/2323
f 2481/3524/2464 2339/3525/2323 2356/3526/2340
f 2273/3171/2258 2481/3524/2464 2482/3527/2465
f 2273/3171/2258 2482/3527/2465 2281/3180/2266
f 2481/3524/2464 2356/3526/2340 2359/3528/2343
f 2481/3524/2464 2359/3528/2343 2482/3527/2465
f 2359/3528/2343 2356/3526/2340 2358/3529/2342
f 2281/3180/2266 2482/3527/2465 2424/3530/2408
f 2424/3530/2408 2482/3527/2465 2359/3528/2343
f 2281/3180/2266 2424/3530/2408 2423/3531/2407
f 2424/3530/2408 2359/3528/2343 2416/3532/2400
f 2424/3530/2408 2416/3532/2400 2414/3533/2398
f 2416/3532/2400 2359/3528/2343 2360/3534/2344
f 2416/3532/2400 2360/3534/2344 2415/3535/2399
f 2483/3536/2466 2399/3537/2383 2398/3538/2382
f 2399/3537/2383 2483/3536/2466 2400/3539/2384
f 2400/3539/2384 2483/3536/2466 2398/3538/2382
f 2285/3540/2270 2469/3541/2452 2468/3542/2451
