mtllib StylizedIceKing.mtl
o tripo_node_39fdd80a-c46c-491e-8fcf-7a05af798ebc
g tripo_node_39fdd80a-c46c-491e-8fcf-7a05af798ebc
usemtl tripo_material_39fdd80a_c46c_491e_8fcf_7a05af798ebc
v 0.291351259 0.164947510 -0.273742735
vt 0.280517578 0.201660156
vn -0.741884351 -0.497220397 0.449866176
v 0.286010683 0.175109863 -0.283111632
vt 0.278076172 0.198730469
vn 0.682631075 0.039231677 -0.729709327
v 0.301818788 0.170166016 -0.263794005
vt 0.283203125 0.198974609
vn 0.784078598 0.039203938 -0.619422257
v 0.296966493 0.209259033 -0.263580382
vt 0.283935547 0.183593750
vn 0.739996850 0.188935384 -0.645529330
v 0.288940370 0.223144531 -0.271514952
vt 0.279541016 0.181640625
vn 0.693257272 0.196948096 -0.693257511
v 0.290771425 0.240905762 -0.260253966
vt 0.280761719 0.175292969
vn 0.707521737 0.322315484 -0.628908396
v 0.320434511 0.247894287 -0.228912428
vt 0.296875000 0.168457031
vn 0.699984908 0.204489991 -0.684255064
v 0.335052431 0.222198486 -0.216156080
vt 0.302734375 0.174316406
vn 0.798649788 0.031629704 -0.600964367
v 0.302795351 0.260848999 -0.233581617
vt 0.289794922 0.164794922
vn 0.659640551 0.329820335 -0.675346494
v 0.342346132 0.235137969 -0.206634596
vt 0.307861328 0.168701172
vn 0.781346262 0.102601036 -0.615606308
v 0.292846620 0.283966064 -0.234405592
vt 0.285644531 0.157470703
vn 0.684826970 0.322734624 -0.653340936
v 0.259246767 0.278198242 -0.272033751
vt 0.268554688 0.157470703
vn 0.456169873 0.401114970 -0.794365048
v 0.310607851 0.280090332 -0.218216017
vt 0.294677734 0.155517578
vn 0.472572744 0.362305850 -0.803373873
v 0.324340761 0.257904053 -0.218292311
vt 0.300781250 0.162597656
vn 0.694789648 0.213174134 -0.686894536
v 0.340881288 0.263824463 -0.195556715
vt 0.312744141 0.159423828
vn 0.790445864 0.205515936 -0.577025652
v 0.274108827 0.305786133 -0.241928160
vt 0.275634766 0.147949219
vn 0.654925227 0.362970710 -0.662816107
v 0.254608095 0.335510254 -0.245636061
vt 0.265136719 0.135498047
vn 0.504061878 0.417426348 -0.756093085
v 0.322174013 0.285980225 -0.218399122
vt 0.299804688 0.154296875
vn 0.651025355 0.298059851 -0.698087633
v 0.343536317 0.289871216 -0.185379103
vt 0.312255859 0.147949219
vn 0.770817697 0.346081436 -0.534853220
v 0.312103212 0.312805176 -0.203643873
vt 0.296386719 0.142333984
vn 0.559193730 0.519814014 -0.645829618
v 0.345428437 0.272155762 -0.183700636
vt 0.315429688 0.153564453
vn 0.739996850 0.236169249 -0.629784763
v 0.366546601 0.238189727 -0.175582960
vt 0.329101562 0.161621094
vn 0.732828796 0.157597601 -0.661910057
v 0.383758515 0.275573730 -0.141861036
vt 0.337890625 0.146484375
vn 0.916695952 0.352575451 -0.188040346
v 0.353912324 0.283462524 -0.172348097
vt 0.319824219 0.148437500
vn 0.745241225 0.282407254 -0.604037881
v 0.344360322 0.302734375 -0.172775343
vt 0.314697266 0.141357422
vn 0.668773174 0.472075284 -0.574358344
v 0.395965546 0.244537383 -0.145645216
vt 0.343750000 0.157958984
vn 0.858773589 0.015757330 -0.512112856
v 0.357574433 0.305358887 -0.157547072
vt 0.322509766 0.138427734
vn 0.720183671 0.371963054 -0.585644066
v 0.371795624 0.306045532 -0.136993483
vt 0.331787109 0.135498047
vn 0.903023779 0.369061947 -0.219866812
v 0.364776582 0.322555542 -0.134277418
vt 0.329101562 0.128662109
vn 0.847874224 0.471041292 -0.243371427
v 0.321868867 0.346359253 -0.163162321
vt 0.307861328 0.124023438
vn 0.653847337 0.472660840 -0.590826094
v 0.366149873 0.289077759 -0.109367453
vt 0.343505859 0.131347656
vn 0.889212728 0.299027324 0.346241981
v 0.338134736 0.351882935 -0.140014738
vt 0.318847656 0.116455078
vn 0.676557362 0.479883820 -0.558553338
v 0.345062226 0.364212036 -0.119926535
vt 0.323974609 0.108886719
vn 0.911494613 0.408601046 0.047146134
v 0.334960908 0.362426758 -0.144622892
vt 0.313720703 0.115722656
vn 0.652371287 0.495173484 -0.573772550
v 0.319396943 0.366516113 -0.148635954
vt 0.309082031 0.111328125
vn 0.638666928 0.536164939 -0.551934540
v 0.284301698 0.388732910 -0.168899626
vt 0.290283203 0.108642578
vn 0.606675386 0.504249752 -0.614554465
v 0.303741425 0.400436401 -0.135345548
vt 0.301757812 0.098388672
vn 0.635964334 0.549598932 -0.541747570
v 0.329986542 0.398307800 -0.107109152
vt 0.315673828 0.094970703
vn 0.915459931 0.394594848 0.078918822
v 0.308227509 0.441444397 -0.087562643
vt 0.310302734 0.080322266
vn 0.809569240 0.526613116 -0.259376734
v 0.271057069 0.413467407 -0.160873488
vt 0.284423828 0.098388672
vn 0.631174684 0.536498547 -0.560167670
v 0.334960908 0.324584961 -0.058063589
vt 0.347656250 0.104492188
vn 0.901672006 0.276829123 0.332194805
v 0.313018769 0.403694153 -0.062976919
vt 0.327148438 0.081542969
vn 0.903692722 0.290753335 0.314327776
v 0.322662324 0.347381592 -0.043666918
vt 0.348144531 0.092773438
vn 0.408740014 -0.039301854 0.911804318
v 0.310729951 0.379737854 -0.037353598
vt 0.342041016 0.081298828
vn -0.409397990 -0.433017224 0.803050160
v 0.332611054 0.320724487 -0.050846182
vt 0.350585938 0.103515625
vn 0.487584919 -0.015728481 0.872933984
v 0.359405488 0.275283813 -0.079353414
vt 0.354003906 0.126464844
vn 0.843881309 0.220828772 0.488977790
v 0.341613740 0.293075562 -0.060947500
vt 0.355224609 0.115478516
vn -0.732011139 -0.440780938 0.519491911
v 0.354553193 0.259796143 -0.073021017
vt 0.359619141 0.127441406
vn -0.472572744 -0.425315559 0.771869004
v 0.369140595 0.228393584 -0.080917440
vt 0.365966797 0.139160156
vn 0.141662151 -0.110181525 0.983764112
v 0.380828828 0.227508575 -0.093025289
vt 0.360351562 0.143066406
vn 0.867730319 0.291872978 0.402311176
v 0.389862031 0.243011504 -0.129699782
vt 0.351318359 0.151367188
vn 0.826746106 0.385814875 0.409435958
v 0.387054414 0.198944122 -0.084976278
vt 0.370117188 0.147949219
vn 0.244793788 0.205310866 0.947588325
v 0.395202607 0.224243194 -0.111785971
vt 0.359863281 0.152832031
vn 0.866894543 0.386162132 0.315234244
v 0.397247285 0.198852569 -0.084732138
vt 0.370849609 0.151855469
vn 0.915459991 0.173621774 0.363027096
v 0.398529023 0.208984405 -0.133361906
vt 0.359619141 0.161132812
vn 0.961375356 -0.063040979 -0.267924398
v 0.376617402 0.183105499 -0.151153639
vt 0.365234375 0.172119141
vn 0.662898540 -0.402474165 -0.631332040
v 0.398498505 0.146575958 -0.090705954
vt 0.386718750 0.157714844
vn -0.653948784 -0.441218525 0.614554465
v 0.398773164 0.156494170 -0.107666098
vt 0.382568359 0.165283203
vn 0.746620893 -0.416535914 -0.518705189
v 0.402465791 0.147522002 -0.089950643
vt 0.384765625 0.158447266
vn 0.977803767 -0.070969574 0.197137728
v 0.401550263 0.168945342 -0.098205648
vt 0.378662109 0.160156250
vn 0.998607934 0.047178373 -0.023589296
vt 0.732177734 0.698242188
vt 0.728027344 0.700683594
v 0.268981874 0.190032959 -0.290161192
vt 0.731933594 0.689941406
vn -0.788110375 -0.472866267 0.394055337
v 0.284820497 0.211334229 -0.248031691
vt 0.715820312 0.689453125
vn -0.759088993 -0.419080436 0.498152316
v 0.262817323 0.200714111 -0.298431456
vt 0.735351562 0.688720703
vn 0.536348224 -0.007887490 -0.843960047
vt 0.744628906 0.699707031
v 0.246536195 0.218078613 -0.298919737
vt 0.738281250 0.680419922
vn -0.762409985 -0.416574597 -0.495173365
v 0.259948671 0.216766357 -0.300598204
vt 0.739746094 0.685791016
vn 0.331459492 0.284108222 -0.899676204
v 0.266052186 0.211120605 -0.277160704
vt 0.726806641 0.682861328
vn -0.747174919 -0.424710006 0.511225104
v 0.270812929 0.243255615 -0.243286192
vt 0.710937500 0.673095703
vn -0.756562471 -0.425566435 0.496494263
v 0.289031923 0.263015747 -0.195327833
vt 0.689208984 0.679687500
vn -0.757409692 -0.449712038 0.473381221
v 0.247833192 0.219757080 -0.295440733
vt 0.735351562 0.677001953
vn -0.329728752 -0.588801503 0.737964690
v 0.260131776 0.241851807 -0.289520323
vt 0.748779297 0.690429688
vn 0.275436789 0.401350915 -0.873528600
vt 0.751708984 0.705322266
vt 0.759765625 0.700195312
v 0.241989076 0.298110962 -0.239196837
vt 0.707031250 0.653320312
vn -0.537553489 -0.529648423 0.656131685
v 0.207473695 0.231964111 -0.292663634
vt 0.752685547 0.673339844
vn -0.007895723 0.363196880 -0.931679010
v 0.231552064 0.279953003 -0.271881163
vt 0.765380859 0.692382812
vn 0.031550746 0.402273744 -0.914975643
v 0.235931337 0.326873779 -0.249466002
vt 0.779785156 0.706542969
vn 0.039475322 0.450020224 -0.892145455
vt 0.778808594 0.714599609
v 0.252716005 0.366821289 -0.227859572
vt 0.785644531 0.721923828
vn 0.094452932 0.543105066 -0.834335446
v 0.162612855 0.328414917 -0.253784239
vt 0.792236328 0.683593750
vn 0.047173813 0.424565554 -0.904167414
v 0.158111513 0.283477783 -0.272766173
vt 0.778564453 0.670166016
vn 0.007895447 0.363196880 -0.931679010
v 0.083000131 0.334182739 -0.253448546
vt 0.810546875 0.663330078
vn 0.007849582 0.376786500 -0.926266909
v 0.074188173 0.284225464 -0.272155821
vt 0.799560547 0.646240234
vn -0.023590030 0.330258459 -0.943595767
v 0.144378603 0.237152100 -0.289337218
vt 0.769775391 0.655029297
vn -0.015769694 0.323275864 -0.946173429
v 0.069747865 0.228485107 -0.290283263
vt 0.783935547 0.629150391
vn -0.031523574 0.299472630 -0.953584015
v 0.027803365 0.258514404 -0.279113829
vt 0.801757812 0.627441406
vn -0.023591492 0.306687564 -0.951517940
v 0.130569398 0.211883545 -0.296905577
vt 0.765136719 0.645751953
vn -0.015797216 0.157970756 -0.987317502
v 0.206115663 0.216857910 -0.297760069
vt 0.747558594 0.669921875
vn -0.015746210 -0.000000044 -0.999876022
v 0.201126039 0.215118408 -0.294006407
vt 0.747314453 0.667724609
vn 0.078750052 -0.692999303 0.716624379
v 0.208358705 0.251998901 -0.268463194
vt 0.732421875 0.656982422
vn 0.078458667 -0.572747290 0.815968752
v 0.085922182 0.206298828 -0.297637999
vt 0.774169922 0.628173828
vn 0.015706565 0.070680097 -0.997375369
v 0.005058233 0.200988770 -0.295166075
vt 0.800048828 0.613281250
vn -0.047304399 0.204985082 -0.977621377
v 0.017993873 0.177642822 -0.297821105
vt 0.793701172 0.610839844
vn -0.000000130 -0.031480499 -0.999504447
v 0.083625741 0.205932617 -0.293914855
vt 0.773437500 0.626953125
vn 0.189064443 -0.653847396 0.732624292
v 0.000541633 0.169647217 -0.294250548
vt 0.788085938 0.600830078
vn 0.236550868 -0.567721665 0.788502395
v 0.134658754 0.210357666 -0.293304503
vt 0.762939453 0.645263672
vn 0.055116519 -0.748008311 0.661396861
v 0.063018747 0.219604492 -0.280365050
vt 0.771240234 0.615722656
vn 0.188771829 -0.566314995 0.802279711
v 0.151687562 0.220947266 -0.285858214
vt 0.755126953 0.648193359
vn 0.055205591 -0.591487050 0.804422379
v 0.098075815 0.219482422 -0.284973204
vt 0.765380859 0.628417969
vn 0.054948166 -0.596578658 0.800671399
v 0.149688661 0.265487671 -0.253387511
vt 0.737548828 0.632812500
vn 0.047283828 -0.559523582 0.827464640
v 0.114517160 0.264984131 -0.252441466
vt 0.744140625 0.621337891
vn 0.086248793 -0.572377443 0.815441847
v 0.055282541 0.268798828 -0.242034942
vt 0.752441406 0.600585938
vn 0.134083048 -0.544218779 0.828159213
v 0.008264490 0.233642578 -0.251831114
vt 0.772216797 0.593750000
vn 0.157749653 -0.512685895 0.843959987
v 0.128280595 0.304885864 -0.227829024
vt 0.725830078 0.615234375
vn 0.101967975 -0.580432296 0.807899058
v 0.146423295 0.306915283 -0.229538009
vt 0.722412109 0.621093750
vn 0.055022813 -0.550226688 0.833200634
v 0.189453080 0.347305298 -0.200592116
vt 0.697998047 0.625244141
vn 0.070963129 -0.630782187 0.772708297
v 0.207519487 0.302871704 -0.233596861
vt 0.712646484 0.641601562
vn 0.039501462 -0.545118213 0.837428153
v 0.201705888 0.332275391 -0.215347365
vt 0.702148438 0.633300781
vn 0.031578533 -0.592095017 0.805249214
v 0.236038163 0.362487793 -0.190979078
vt 0.681884766 0.637451172
vn -0.133775249 -0.676745892 0.723960817
v 0.238388017 0.337783813 -0.210296705
vt 0.692382812 0.643554688
vn -0.339330256 -0.568181038 0.749683499
v 0.256195009 0.349975586 -0.168930128
vt 0.674316406 0.647949219
vn -0.780690074 -0.457374036 0.425831139
v 0.225768998 0.400215149 -0.154907301
vt 0.665283203 0.633056641
vn -0.605473816 -0.629063785 0.487524569
v 0.294647187 0.269592285 -0.176467970
vt 0.680175781 0.685791016
vn -0.769462109 -0.463247627 0.439692795
v 0.269012421 0.348281860 -0.144271925
vt 0.663085938 0.648437500
vn -0.774661124 -0.505901217 0.379426003
v 0.310363740 0.285217285 -0.135894850
vt 0.659912109 0.672119141
vn -0.768988252 -0.478655994 0.423728406
v 0.347534150 0.211151153 -0.156692579
vt 0.658203125 0.694091797
vn -0.764894724 -0.496787339 0.410046786
v 0.333557099 0.277542114 -0.096084677
vt 0.641845703 0.679687500
vn -0.797528625 -0.481675774 0.363231003
v 0.350341767 0.256088257 -0.085655294
vt 0.637939453 0.687744141
vn -0.841841459 -0.432722300 0.322574914
vt 0.633544922 0.688476562
vt 0.627441406 0.692871094
vt 0.629638672 0.681152344
v 0.315124482 0.291580200 -0.117103659
vt 0.649414062 0.671630859
vn -0.799725711 -0.451330394 0.395903975
v 0.301208466 0.325912476 -0.104164198
vt 0.645751953 0.661621094
vn -0.761892319 -0.502691925 0.408437252
v 0.277709931 0.378746033 -0.079292372
vt 0.635986328 0.646484375
vn -0.717046857 -0.512176394 0.472778320
v 0.310729951 0.342849731 -0.073074415
vt 0.633056641 0.662109375
vn -0.766325593 -0.458215326 0.450315177
vt 0.625732422 0.674804688
vt 0.617431641 0.655273438
vt 0.621582031 0.664550781
v 0.304565370 0.171813965 -0.251342833
vt 0.060302734 0.810058594
vn -0.620950937 -0.565930009 0.542349696
vt 0.053710938 0.817626953
vt 0.056640625 0.811767578
vt 0.063964844 0.825439453
v 0.317718446 0.179351807 -0.240799025
vt 0.063232422 0.803466797
vn 0.849341094 -0.251656622 -0.463992029
vt 0.062744141 0.782958984
v 0.313018739 0.179138184 -0.234253004
vt 0.066650391 0.805175781
vn -0.660598576 -0.534770370 0.526906192
vt 0.088134766 0.824951172
v 0.334350556 0.189819336 -0.215835646
vt 0.070800781 0.793945312
vn 0.805625796 -0.402812928 -0.434406221
v 0.324432343 0.210937500 -0.194809034
vt 0.083496094 0.801513672
vn -0.719710529 -0.466625541 0.514079094
v 0.358886689 0.195678741 -0.179473951
vt 0.083251953 0.782226562
vn 0.763945282 -0.220520303 -0.606430948
v 0.343933076 0.191833526 -0.183242872
vt 0.083251953 0.788330078
vn -0.520605683 -0.757244766 0.394398391
vt 0.096679688 0.790527344
vt 0.095458984 0.823486328
v 0.361968964 0.187713653 -0.156906202
vt 0.094238281 0.780761719
vn -0.825212598 -0.526564300 0.204338491
vt 0.128906250 0.780273438
vt 0.062011719 0.777099609
vt 0.067382812 0.769287109
vt 0.051513672 0.768554688
vt 0.071289062 0.756591797
vt 0.093017578 0.773925781
v 0.369232148 0.207458526 -0.090477072
vt 0.120849609 0.769775391
vn -0.848816395 -0.392970562 0.353673637
v 0.383850068 0.163787872 -0.115120016
vt 0.106689453 0.764892578
vn -0.797031760 -0.599746764 0.071022771
vt 0.108886719 0.759521484
vt 0.115966797 0.756103516
vt 0.127685547 0.769775391
vt 0.124511719 0.762695312
vt 0.132568359 0.765869141
v 0.301513612 0.305755615 -0.215545729
vt 0.288330078 0.146240234
vn 0.747568071 0.393456906 -0.535101533
v 0.291351259 0.306442261 -0.228103712
vt 0.283447266 0.149414062
vn 0.692376912 0.338320553 -0.637301683
v 0.275756776 0.313949585 -0.242721617
vt 0.278564453 0.146728516
vn 0.455747187 0.660047829 -0.597186208
v 0.288818300 0.320205688 -0.214813307
vt 0.282470703 0.137939453
vn 0.645829439 0.559193850 -0.519814074
v 0.302917421 0.313156128 -0.202072218
vt 0.292236328 0.141357422
vn 0.516951799 0.485621482 -0.704934478
v 0.274536073 0.326660156 -0.227066100
vt 0.274414062 0.136718750
vn 0.738967121 0.377344966 -0.558156192
v 0.288604677 0.342422485 -0.196456999
vt 0.286132812 0.128906250
vn 0.691884577 0.448152602 -0.566087544
v 0.301452577 0.342422485 -0.188125700
vt 0.293701172 0.128417969
vn 0.536966622 0.489587337 -0.687001586
v 0.261352479 0.385147095 -0.208786085
vt 0.271240234 0.115478516
vn 0.642352283 0.501348197 -0.579683959
v 0.270477235 0.384300232 -0.180267408
vt 0.282958984 0.111083984
vn 0.663146317 0.457886815 -0.592095137
v 0.269836366 0.370178223 -0.203491285
vt 0.276611328 0.119140625
vn 0.797652900 0.426467955 -0.426468074
v 0.255096376 0.404808044 -0.183578566
vt 0.274169922 0.103515625
vn 0.600588739 0.584783912 -0.545271516
v 0.240646318 0.404884338 -0.198547438
vt 0.266357422 0.104736328
vn 0.353892058 0.629141569 -0.692055881
v 0.234146073 0.402259827 -0.202575758
vt 0.263671875 0.105224609
vn 0.134375677 0.553312123 -0.822063804
vt 0.267089844 0.119873047
v 0.197067201 0.365371704 -0.231262282
vt 0.246582031 0.109863281
vn 0.055073608 0.511398971 -0.857576847
vt 0.250732422 0.121582031
vt 0.231689453 0.114257812
v 0.141982973 0.366119385 -0.235549986
vt 0.232177734 0.100585938
vn 0.070896789 0.417504102 -0.905905128
v 0.258941591 0.445602417 -0.141021803
vt 0.716552734 0.433593750
vn 0.605754793 0.574287117 -0.550686300
vt 0.735595703 0.423095703
vt 0.730712891 0.440185547
vt 0.730957031 0.453125000
v 0.255584687 0.482330322 -0.103805624
vt 0.700195312 0.417724609
vn 0.613128662 0.581686318 -0.534522593
v 0.231063798 0.440689087 -0.173538283
vt 0.717041016 0.453613281
vn 0.330095142 0.597315192 -0.730925322
vt 0.731689453 0.462158203
vt 0.720947266 0.400390625
v 0.217590287 0.500947714 -0.126770094
vt 0.691162109 0.437500000
vn 0.432722151 0.621546507 -0.653017282
v 0.199981630 0.417839050 -0.198791578
vt 0.722656250 0.473632812
vn 0.197021380 0.583183646 -0.788086057
vt 0.735351562 0.463378906
v 0.155258134 0.486515045 -0.161315978
vt 0.687988281 0.468505859
vn 0.244268611 0.606731951 -0.756445169
v 0.213027909 0.517854691 -0.113098219
vt 0.682861328 0.433105469
vn 0.402574331 0.647276580 -0.647276640
v 0.134811342 0.437149048 -0.201675475
vt 0.705322266 0.493164062
vn 0.173201397 0.558968484 -0.810898006
v 0.143096864 0.406539917 -0.220809996
vt 0.719970703 0.499755859
vn 0.141784906 0.448985964 -0.882218063
v 0.200530946 0.386680603 -0.215957716
vt 0.736328125 0.483398438
vn 0.149992600 0.426295131 -0.892062068
vt 0.743896484 0.488037109
vt 0.729492188 0.524414062
v 0.096046396 0.410850525 -0.220398009
vt 0.707275391 0.514892578
vn 0.023694742 0.434406102 -0.900405407
v 0.121055551 0.480882645 -0.174453795
vt 0.685546875 0.485351562
vn 0.157543704 0.551403344 -0.819227993
vt 0.747070312 0.527099609
vt 0.728271484 0.540771484
v 0.089408822 0.363128662 -0.240142882
vt 0.717529297 0.534423828
vn 0.039266612 0.392667472 -0.918841958
v 0.022832815 0.359054565 -0.243850753
vt 0.712890625 0.554443359
vn 0.015761582 0.346757829 -0.937822342
v 0.041351262 0.380516052 -0.234146163
vt 0.707763672 0.542480469
v 0.020748084 0.405242920 -0.221359298
vt 0.696777344 0.542724609
vn -0.015693774 0.517890036 -0.855303347
v 0.099426217 0.434951782 -0.205978453
vt 0.698730469 0.507080078
vn -0.000000134 0.527166963 -0.849761784
v 0.024782127 0.435508728 -0.200836226
vt 0.685791016 0.532226562
vn -0.031610075 0.545271397 -0.837663472
v 0.088615365 0.483856201 -0.177017272
vt 0.677978516 0.497314453
vn -0.055362493 0.529896796 -0.846253216
v 0.010946223 0.484757423 -0.167526290
vt 0.662109375 0.525634766
vn -0.055142179 0.559297800 -0.827130735
v 0.009365986 0.521318436 -0.142883345
vt 0.642089844 0.516601562
vn -0.102473587 0.551780045 -0.827670276
v 0.071678109 0.538787842 -0.140625060
vt 0.651855469 0.491699219
vn -0.094856620 0.537519991 -0.837898970
v 0.030031156 0.548717499 -0.127883956
vt 0.637451172 0.503662109
vn -0.117655344 0.588275969 -0.800055385
v 0.109779306 0.504782200 -0.162353575
vt 0.673339844 0.484130859
vn 0.126034930 0.535648942 -0.834982276
v 0.133315995 0.508920670 -0.149765074
vt 0.675292969 0.471923828
vn 0.299537659 0.591192961 -0.748844504
v 0.087364145 0.557720184 -0.132156432
vt 0.648437500 0.478515625
vn 0.251656532 0.605548799 -0.754970074
v 0.077514596 0.554954529 -0.128234923
vt 0.646484375 0.484619141
vn -0.212908983 0.654497564 -0.725467265
v 0.037288617 0.558532715 -0.120300345
vt 0.636718750 0.499267578
vn -0.055130217 0.535549283 -0.842702687
v 0.074523881 0.575523376 -0.106399588
vt 0.634277344 0.489501953
vn 0.031479351 0.605979979 -0.794856846
v 0.082511857 0.586669922 -0.107345641
vt 0.636230469 0.469970703
vn 0.172906935 0.730925202 -0.660190582
v 0.146209672 0.564102173 -0.095802374
vt 0.650146484 0.448486328
vn 0.315715045 0.663001835 -0.678787649
v 0.146758988 0.540714264 -0.117858954
vt 0.662841797 0.456054688
vn 0.299249619 0.629999340 -0.716624439
v 0.193847612 0.563102722 -0.077972479
vt 0.655761719 0.426513672
vn 0.419487000 0.672762334 -0.609443605
v 0.249847382 0.516130447 -0.070953444
vt 0.681884766 0.408203125
vn 0.581686199 0.613128781 -0.534522593
v 0.220992997 0.554637909 -0.057365496
vt 0.658691406 0.411132812
vn 0.528872192 0.615702093 -0.584127724
v 0.284362763 0.486955643 -0.067710958
vt 0.697753906 0.395751953
vn 0.691201270 0.573383033 -0.439855516
v 0.268615693 0.518428802 -0.053482134
vt 0.681640625 0.395996094
vn 0.789189577 0.552432775 -0.268324584
v 0.245727509 0.559169769 -0.034328543
vt 0.657958984 0.395996094
vn 0.669519603 0.614382803 -0.417465359
v 0.245422333 0.549571991 -0.006560882
vt 0.657958984 0.382812500
vn 0.910231054 0.368800551 0.188323542
v 0.282104462 0.484649658 -0.052745901
vt 0.696533203 0.388427734
vn 0.907398462 0.323507309 0.268274218
vt 0.720947266 0.381347656
vt 0.732910156 0.394775391
v 0.261932343 0.499064863 -0.004246791
vt 0.679687500 0.371582031
vn 0.761493325 0.125607193 0.635885954
v 0.237106293 0.556133270 0.016658705
vt 0.651367188 0.373046875
vn -0.290654510 -0.471331805 0.832686305
v 0.283050507 0.451015472 -0.020036777
vt 0.702636719 0.370117188
vn 0.847848117 0.227662936 0.478877008
v 0.298736542 0.410072327 -0.028343281
vt 0.719970703 0.367675781
vn -0.220151797 -0.345953017 0.912057996
vt 0.734375000 0.368408203
vt 0.730468750 0.343750000
v 0.276763886 0.442295074 -0.028986055
vt 0.705566406 0.364257812
vn -0.645569146 -0.464494973 0.606205404
v 0.261566132 0.483831406 -0.013322908
vt 0.687500000 0.366943359
vn -0.606205225 -0.464494973 0.645569324
v 0.239288300 0.505110264 -0.019228058
vt 0.674560547 0.359863281
vn -0.683325589 -0.471259117 0.557656705
v 0.214645356 0.545642853 -0.009900168
vt 0.653076172 0.356933594
vn -0.660516918 -0.542567551 0.518977761
v 0.245239228 0.440776825 -0.064048842
vt 0.703125000 0.342041016
vn -0.718991339 -0.450357229 0.529367387
v 0.208099321 0.513239861 -0.062889174
vt 0.668212891 0.335449219
vn -0.694292188 -0.504939854 0.512829602
v 0.201446503 0.546161652 -0.033069685
vt 0.651855469 0.344482422
vn -0.504187047 -0.622355998 0.598722339
v 0.188186601 0.524019241 -0.052738260
vt 0.654785156 0.334472656
vn -0.261059165 -0.624960065 0.735712588
v 0.205642655 0.491994858 -0.085128859
vt 0.679199219 0.324951172
vn -0.552346587 -0.544456005 0.631253421
v 0.229217485 0.435066223 -0.094955519
vt 0.707519531 0.326171875
vn -0.750712514 -0.529449940 0.395111978
vt 0.745849609 0.315917969
vt 0.724365234 0.301269531
v 0.212753251 0.465274811 -0.096008375
vt 0.692626953 0.321777344
vn -0.705432236 -0.438935697 0.556507826
v 0.212005571 0.442707062 -0.115181044
vt 0.703613281 0.312988281
vn -0.338572085 -0.661396861 0.669270694
v 0.199020341 0.400634766 -0.152862623
vt 0.717529297 0.293457031
vn 0.007890549 -0.670685768 0.741699636
vt 0.735839844 0.282958984
v 0.202209428 0.444686890 -0.114242628
vt 0.699462891 0.310791016
vn -0.407683223 -0.454723716 0.791846514
v 0.181808427 0.421844482 -0.136535719
vt 0.704833984 0.294921875
vn -0.204673544 -0.511684120 0.834438920
v 0.146560624 0.383239746 -0.167480528
vt 0.713623047 0.270019531
vn -0.039394386 -0.614554405 0.787890315
vt 0.733642578 0.263916016
v 0.123329118 0.412399292 -0.160247862
vt 0.699707031 0.267822266
vn -0.236948669 -0.450202674 0.860914052
v 0.131027177 0.375808716 -0.173904479
vt 0.712890625 0.260009766
vn -0.039258141 -0.502505839 0.863682091
v 0.176589921 0.448356628 -0.126052931
vt 0.693603516 0.299316406
vn -0.292794347 -0.395668179 0.870470166
v 0.131759599 0.438968658 -0.143371642
vt 0.689941406 0.278320312
vn -0.196448743 -0.447903425 0.872233033
v 0.171096757 0.471302032 -0.118850775
vt 0.682861328 0.302246094
vn -0.307372510 -0.496524990 0.811779022
v 0.131118730 0.464458466 -0.130508482
vt 0.679443359 0.284912109
vn -0.055205327 -0.591487050 0.804422379
v 0.123023942 0.440391541 -0.139312804
vt 0.686767578 0.275390625
vn -0.023562826 -0.628345430 0.777577519
v 0.192413285 0.474004745 -0.104377814
vt 0.684082031 0.313232422
vn -0.352846146 -0.595918059 0.721374631
v 0.166000322 0.484317780 -0.106323309
vt 0.674072266 0.304687500
vn -0.118271559 -0.725399613 0.678090990
v 0.181747392 0.509510994 -0.073394842
vt 0.664306641 0.323242188
vn -0.291031897 -0.684318483 0.668587148
v 0.162734941 0.538558960 -0.054645605
vt 0.647705078 0.322021484
vn -0.440849125 -0.551061451 0.708507776
v 0.169631928 0.586906433 -0.017341685
vt 0.630859375 0.317871094
vn -0.465926498 -0.576485515 0.671250284
v 0.150375322 0.526163101 -0.071502753
vt 0.652343750 0.311523438
vn -0.133837402 -0.621950865 0.771534026
v 0.152877763 0.556461334 -0.053737707
vt 0.640380859 0.316162109
vn -0.299779952 -0.536448419 0.788894951
v 0.144515947 0.548316956 -0.054897375
vt 0.641357422 0.311767578
vn 0.094231620 -0.533978343 0.840230763
v 0.149917558 0.509077072 -0.077835150
vt 0.657470703 0.306396484
vn -0.023603631 -0.574358225 0.818263769
v 0.119041406 0.548580170 -0.057128970
vt 0.636962891 0.300781250
vn -0.110417657 -0.583636880 0.804472446
v 0.145980790 0.496628046 -0.089073248
vt 0.662841797 0.301269531
vn -0.063111462 -0.773116887 0.631115913
v 0.117378190 0.496271133 -0.096824706
vt 0.659667969 0.288574219
vn -0.109855346 -0.674826384 0.729754210
v 0.084663346 0.501142144 -0.095466666
vt 0.651123047 0.274902344
vn -0.094957285 -0.593483746 0.799224854
v 0.050640065 0.563262939 -0.055671748
vt 0.619628906 0.276123047
vn -0.181147173 -0.519813955 0.834852815
v 0.113601640 0.481260300 -0.112556517
vt 0.666748047 0.281982422
vn 0.047117326 -0.596817732 0.800992250
v 0.015985448 0.536361694 -0.079666182
vt 0.622558594 0.257080078
vn -0.227662757 -0.478877097 0.847848117
v 0.043758351 0.515150070 -0.090034537
vt 0.638671875 0.261230469
vn -0.204186976 -0.651827991 0.730361581
v 0.073524430 0.487077713 -0.108131461
vt 0.656005859 0.267333984
vn -0.133321941 -0.635240376 0.760720074
v 0.011144593 0.497433662 -0.116333053
vt 0.637939453 0.245849609
vn -0.189093545 -0.606675506 0.772132516
v 0.063011125 0.477563858 -0.119407706
vt 0.657470703 0.260742188
vn -0.196917444 -0.614382803 0.764040232
v 0.082908586 0.463111877 -0.123695426
vt 0.668212891 0.265380859
vn -0.110212199 -0.645529211 0.755741656
v 0.062461808 0.463184357 -0.131057799
vt 0.665283203 0.257080078
vn -0.204388753 -0.715361059 0.668194413
v 0.086563066 0.440422058 -0.151687682
vt 0.682128906 0.258789062
vn -0.102578543 -0.662815988 0.741722763
v 0.050723985 0.460617065 -0.136215255
vt 0.663330078 0.251708984
vn -0.039407838 -0.535948336 0.843330622
v -0.006104993 0.467796326 -0.142318770
vt 0.648925781 0.233398438
vn -0.165164873 -0.526955009 0.833690107
v 0.062431291 0.413917542 -0.166458189
vt 0.688476562 0.243652344
vn -0.023566455 -0.502753854 0.864108324
v 0.027591659 0.441413879 -0.145843551
vt 0.665771484 0.238525391
vn -0.086227320 -0.525203526 0.846596837
v 0.026435804 0.416625977 -0.170028731
vt 0.683349609 0.230468750
vn -0.078632854 -0.534704208 0.841372967
v 0.056087445 0.375160217 -0.184371993
vt 0.703125000 0.229248047
vn -0.102109149 -0.361309767 0.926838160
v 0.112571672 0.429039001 -0.154083312
vt 0.691162109 0.266601562
vn -0.236191094 -0.535366654 0.810923219
v 0.086105302 0.421386719 -0.164337218
vt 0.690429688 0.253662109
vn -0.086482786 -0.400966197 0.912001610
v 0.113609269 0.404907227 -0.165557921
vt 0.700439453 0.261474609
vn -0.141491115 -0.345867485 0.927553773
v 0.082992509 0.395431519 -0.171264708
vt 0.699218750 0.246582031
vn -0.110181458 -0.354155093 0.928673387
v 0.078613237 0.355056763 -0.189071715
vt 0.714355469 0.236083984
vn -0.078727819 -0.417258143 0.905371487
v 0.037334394 0.361648560 -0.189147994
vt 0.709472656 0.223632812
vn -0.039270248 -0.353433430 0.934635103
v 0.005907963 0.396903992 -0.180648848
vt 0.704345703 0.211914062
vn -0.031468622 -0.424828261 0.904726863
v 0.061485242 0.320663452 -0.207702681
vt 0.723632812 0.220458984
vn 0.031415470 -0.502645314 0.863921702
v 0.099601701 0.346710205 -0.193191588
vt 0.720947266 0.239990234
vn 0.062664822 -0.587481380 0.806807816
vt 0.738769531 0.230957031
v 0.037605237 0.297424316 -0.220794708
vt 0.731689453 0.208007812
vn 0.071138047 -0.553294837 0.829942405
v 0.025100658 0.307434082 -0.216049224
vt 0.728515625 0.204101562
vn -0.015775306 -0.496926397 0.867649317
vt 0.746337891 0.202148438
v 0.009388873 0.291168213 -0.225524932
vt 0.734863281 0.195312500
vn 0.070932269 -0.449236840 0.890592396
vt 0.497070312 0.667968750
vt 0.509277344 0.686767578
vt 0.493896484 0.664550781
v -0.035869651 0.155609131 -0.296539307
vt 0.492431641 0.655029297
vn -0.023615589 -0.000000045 -0.999721110
vt 0.508789062 0.659667969
v -0.039600424 0.153350830 -0.293823242
vt 0.491210938 0.654785156
vn -0.157499716 -0.527624428 0.834749281
v -0.039035849 0.191101074 -0.272094786
vt 0.479248047 0.656005859
vn 0.047156602 -0.526580453 0.848816395
vt 0.473144531 0.686279297
vt 0.462402344 0.667968750
vt 0.529541016 0.674072266
vt 0.531250000 0.659423828
vt 0.446533203 0.667968750
v -0.029230168 0.271041870 -0.229965240
vt 0.452880859 0.655761719
vn -0.063133068 -0.378799200 0.923323095
v -0.038581900 0.244445801 -0.242752105
vt 0.462158203 0.652832031
vn -0.165962398 -0.450469702 0.877230585
v -0.083122306 0.217437744 -0.273956358
vt 0.476562500 0.638427734
vn -0.307305694 -0.441259623 0.843121171
v -0.071823172 0.274719238 -0.240615860
vt 0.457763672 0.639892578
vn -0.283569962 -0.393847346 0.874341190
v -0.056839041 0.310241699 -0.224548370
vt 0.447265625 0.645507812
vn -0.211753190 -0.376450300 0.901912272
v -0.085472159 0.305465698 -0.230026260
vt 0.449218750 0.636230469
vn -0.173572943 -0.465491354 0.867865324
v -0.068069510 0.339111328 -0.212020904
vt 0.440917969 0.645996094
vn -0.133576855 -0.455733210 0.880036652
v -0.099716239 0.297012329 -0.239746109
vt 0.453613281 0.631591797
vn -0.253346533 -0.467107862 0.847127974
v -0.086265616 0.179565430 -0.295379698
vt 0.490966797 0.638183594
vn -0.449655980 -0.725760639 0.520654500
v -0.042964991 0.178863525 -0.293579161
vt 0.498535156 0.647705078
vn 0.015728405 0.133692548 -0.990898132
v -0.118293814 0.199432373 -0.294860840
vt 0.488769531 0.626708984
vn -0.337164044 -0.470461637 0.815466881
v -0.054248866 0.229309082 -0.286590636
vt 0.510498047 0.639160156
vn 0.007898156 0.236948758 -0.971490085
v -0.100914054 0.193115234 -0.295806944
vt 0.491455078 0.631835938
vn 0.094696715 0.134153828 -0.986425579
v -0.105995238 0.257141113 -0.285400450
vt 0.507568359 0.621582031
vn 0.149899200 0.189346492 -0.970400989
v -0.041656550 0.288330078 -0.269012511
vt 0.529541016 0.635742188
vn 0.023702877 0.292337149 -0.956021607
v -0.015614565 0.311859131 -0.259185851
vt 0.541259766 0.640380859
vn 0.015728889 0.330309540 -0.943741679
v -0.053688105 0.324615479 -0.260650694
vt 0.541259766 0.632812500
vn 0.070616879 0.306007057 -0.949406624
v -0.067306578 0.274520874 -0.274810851
vt 0.520751953 0.630371094
vn 0.118330412 0.299770683 -0.946644366
v -0.093681395 0.309097290 -0.265380919
vt 0.527343750 0.620605469
vn 0.133506805 0.329840630 -0.934548557
v -0.077171385 0.335128784 -0.256408751
vt 0.537841797 0.625000000
vn 0.031527217 0.323155344 -0.945820630
v -0.110389769 0.290695190 -0.276977599
vt 0.518066406 0.617919922
vn 0.227782115 0.298473269 -0.926838219
v -0.126861632 0.291732788 -0.283782959
vt 0.514892578 0.613525391
vn 0.204775080 0.307162791 -0.929364443
v -0.130371153 0.322906494 -0.271759033
vt 0.523925781 0.609130859
vn 0.149490371 0.448471457 -0.881207168
v -0.185195982 0.297363251 -0.288848877
vt 0.507568359 0.596923828
vn 0.157990381 0.347579122 -0.924244463
v -0.198852599 0.336898774 -0.270843506
vt 0.521240234 0.591308594
vn 0.142284587 0.442663580 -0.885327220
v -0.238479674 0.350143403 -0.275756836
vt 0.519042969 0.579345703
vn 0.047224931 0.511604846 -0.857922018
v -0.241210997 0.308288544 -0.297790527
vt 0.503906250 0.578125000
vn 0.015744478 0.440849215 -0.897443056
v -0.124671996 0.256515503 -0.292510986
vt 0.503173828 0.616210938
vn 0.149181321 0.172736377 -0.973605216
v -0.137558043 0.216522217 -0.297698975
vt 0.488281250 0.618408203
vn 0.157675833 0.063070349 -0.985474825
v -0.171691954 0.222442627 -0.301849365
vt 0.485595703 0.607421875
vn -0.142049760 -0.576090515 -0.804948211
v -0.142501891 0.219024658 -0.295227051
vt 0.486572266 0.617187500
vn -0.275889933 -0.488719523 0.827670336
v -0.112121634 0.249984726 -0.268768370
vt 0.471191406 0.627197266
vn -0.276483268 -0.442373395 0.853148878
v -0.170150816 0.252685547 -0.283233643
vt 0.474609375 0.608398438
vn -0.258523405 -0.493544906 0.830408990
v -0.169189513 0.239990234 -0.299591064
vt 0.490966797 0.605468750
vn 0.142173573 0.189564928 -0.971520424
v -0.189483702 0.230865479 -0.304809570
vt 0.483642578 0.600585938
vn -0.401462793 -0.913131177 0.070846468
v -0.198883116 0.279876679 -0.297729492
vt 0.499755859 0.593750000
vn 0.283948988 0.260286689 -0.922834754
v -0.167617857 0.295898438 -0.257080078
vt 0.458740234 0.610351562
vn -0.212197438 -0.510845900 0.833071947
v -0.203521788 0.240570068 -0.307373047
vt 0.485595703 0.595214844
vn 0.352759391 0.141103759 -0.925013840
v -0.242477477 0.297439545 -0.303833008
vt 0.500976562 0.577636719
vn -0.181119367 0.401612163 -0.897721350
v -0.248504698 0.302841157 -0.294830322
vt 0.503906250 0.574951172
vn -0.542332947 0.385134876 -0.746690094
v -0.271118224 0.261413544 -0.293151855
vt 0.490722656 0.567871094
vn -0.632041037 0.308119893 -0.711045980
v -0.277801573 0.281768769 -0.281280518
vt 0.497558594 0.563964844
vn -0.574198425 0.117985889 -0.810170054
v -0.311126769 0.272369355 -0.252502441
vt 0.493408203 0.550048828
vn -0.632060766 0.221221164 -0.742671192
v -0.245666564 0.249877930 -0.323150635
vt 0.487548828 0.580566406
vn -0.181074440 0.299166203 -0.936862648
v -0.312774718 0.252899140 -0.263031006
vt 0.485839844 0.552490234
vn -0.645529330 0.188935325 -0.739996910
v -0.331085265 0.274826020 -0.242385849
vt 0.492187500 0.542968750
vn -0.590661168 0.259890765 -0.763921499
v -0.270111144 0.241302490 -0.302062988
vt 0.484375000 0.570312500
vn -0.669914782 0.118220188 -0.732965410
v -0.236343443 0.233825684 -0.322204590
vt 0.483398438 0.584716797
vn 0.329120725 0.086198293 -0.940345407
v -0.253875792 0.228973389 -0.318511963
vt 0.482421875 0.578125000
vn -0.511557460 -0.409245968 -0.755530894
v -0.343536437 0.237091035 -0.234069809
vt 0.480224609 0.540283203
vn -0.682631314 0.039231617 -0.729709089
v -0.348724425 0.275283784 -0.227478012
vt 0.491455078 0.534912109
vn -0.643974781 0.227747068 -0.730361462
v -0.361389220 0.274108857 -0.215759262
vt 0.489746094 0.529785156
vn -0.911325872 0.274968952 -0.306393921
v -0.314086974 0.230316162 -0.262023926
vt 0.478027344 0.552734375
vn -0.673686743 -0.062668584 -0.736355126
v -0.365997374 0.220733613 -0.214096054
vt 0.475097656 0.531494141
vn -0.764135063 -0.094532222 -0.638091981
v -0.373596221 0.245086640 -0.196456894
vt 0.486572266 0.521240234
vn -0.948150218 0.260741234 -0.181728661
v -0.282989562 0.226837158 -0.289825439
vt 0.479003906 0.565917969
vn -0.599914908 -0.410468131 -0.686744571
v -0.308563292 0.220581055 -0.263122559
vt 0.474853516 0.554199219
vn -0.477774322 -0.563930213 -0.673583269
v -0.382812530 0.196685761 -0.176437363
vt 0.472656250 0.517578125
vn -0.881780505 -0.118095659 -0.456636161
v -0.357513458 0.198394746 -0.214019760
vt 0.468505859 0.531982422
vn -0.517810404 -0.572729647 -0.635494471
v -0.279419005 0.222473145 -0.280181885
vt 0.475585938 0.565673828
vn 0.409957558 -0.882985413 0.228630140
v -0.303985655 0.216857910 -0.252471924
vt 0.471191406 0.553710938
vn 0.638905466 -0.678343952 0.362835109
v -0.240524352 0.228363037 -0.321472168
vt 0.481689453 0.582763672
vn 0.479098767 -0.604763865 0.636180103
v -0.275756896 0.240051270 -0.272338867
vt 0.471191406 0.568115234
vn 0.701461971 -0.441369176 0.559593022
v -0.208175719 0.235534668 -0.307952881
vt 0.482910156 0.594238281
vn -0.220199466 -0.566227436 0.794291437
v -0.284759581 0.268539399 -0.235168442
vt 0.460693359 0.563232422
vn 0.748286784 -0.448971957 0.488355488
v -0.236038268 0.257659882 -0.305450439
vt 0.474365234 0.585937500
vn 0.393639952 -0.511731684 0.763661206
v -0.255188048 0.274841279 -0.268463135
vt 0.464843750 0.577636719
vn 0.707850158 -0.432574928 0.558414876
v -0.235137999 0.299575776 -0.276153564
vt 0.461425781 0.587646484
vn 0.133916527 -0.590807617 0.795620918
v -0.214157164 0.263030976 -0.295745850
vt 0.473632812 0.593750000
vn -0.299166143 -0.527477264 0.795152485
v -0.203399718 0.278915375 -0.278259277
vt 0.466552734 0.598144531
vn -0.284099281 -0.544523776 0.789165080
v -0.209121764 0.304809541 -0.262359619
vt 0.456787109 0.597656250
vn -0.228672639 -0.559853971 0.796412170
v -0.234619200 0.338897675 -0.246566787
vt 0.451171875 0.592041016
vn 0.433057576 -0.566911459 0.700765669
v -0.229400694 0.363357514 -0.225280777
vt 0.440429688 0.598632812
vn 0.149694622 -0.646049917 0.748472512
v -0.178466856 0.343795747 -0.228912368
vt 0.443115234 0.609375000
vn -0.181978777 -0.561760902 0.807036936
v -0.143112242 0.320983887 -0.236831680
vt 0.448486328 0.619140625
vn -0.212796301 -0.543813050 0.811778963
v -0.137695357 0.339355469 -0.220794708
vt 0.440917969 0.621826172
vt 0.840820312 0.952148438
vt 0.864746094 0.985351562
vt 0.843505859 0.990478516
vt 0.739990234 0.038818359
vt 0.719726562 0.030517578
vt 0.727050781 0.001953125
vt 0.549560547 0.020507812
vt 0.528564453 0.035644531
vt 0.529541016 0.011230469
vt 0.457031250 0.864257812
vt 0.458740234 0.871826172
vt 0.450927734 0.867431641
v -0.015789080 0.325759888 -0.205642730
vt 0.475585938 0.861816406
vn -0.086544320 -0.416986883 0.904782891
vt 0.449707031 0.849121094
vt 0.468750000 0.838378906
v -0.023027470 0.313858032 -0.213211089
vt 0.475097656 0.868164062
vn -0.094182000 -0.384577006 0.918275774
vt 0.465576172 0.884033203
vt 0.484619141 0.878173828
vt 0.496337891 0.870605469
v -0.018482257 0.367263794 -0.190643355
vt 0.488037109 0.847656250
vn -0.086754009 -0.394336969 0.914861858
v -0.116973929 0.361145020 -0.203598052
vt 0.519531250 0.868164062
vn -0.118095480 -0.456636310 0.881780565
v -0.022943545 0.394371033 -0.181747481
vt 0.496337891 0.837158203
vn -0.031550746 -0.402273744 0.914975643
v -0.092781119 0.406311035 -0.179077178
vt 0.523681641 0.845703125
vn -0.109892555 -0.416022331 0.902689934
vt 0.486572266 0.828613281
v -0.119094901 0.411918640 -0.181030303
vt 0.534912109 0.851318359
vn -0.118396744 -0.402549326 0.907709360
v -0.174041793 0.398536682 -0.195404068
vt 0.547119141 0.872314453
vn -0.141264349 -0.423793465 0.894675136
v -0.200241134 0.430130005 -0.183853164
vt 0.565185547 0.868408203
vn -0.070916593 -0.464898497 0.882519305
v -0.052269030 0.432449341 -0.160568282
vt 0.514648438 0.824951172
vn -0.063083977 -0.449474275 0.891063094
vt 0.484375000 0.817138672
vt 0.471191406 0.823730469
v -0.009578752 0.431831360 -0.158279464
vt 0.500976562 0.815917969
vn -0.086450718 -0.495127559 0.864508510
vt 0.492187500 0.803710938
v -0.076004073 0.452674866 -0.155883819
vt 0.528564453 0.822509766
vn -0.134049430 -0.433689743 0.891035318
vt 0.507812500 0.800292969
vt 0.490234375 0.795410156
v -0.019491244 0.456420898 -0.151672408
vt 0.510253906 0.808105469
vn -0.078487389 -0.455227584 0.886909008
vt 0.500244141 0.773681641
vt 0.512207031 0.781494141
v -0.039691970 0.499150097 -0.123306312
vt 0.527587891 0.793212891
vn -0.141504243 -0.558156073 0.817580879
v -0.050800368 0.500357807 -0.126083419
vt 0.532714844 0.795654297
vn -0.149806008 -0.488841057 0.859414160
v -0.028118178 0.521341324 -0.109375045
vt 0.531494141 0.782470703
vn -0.236220345 -0.590551138 0.771653593
vt 0.511230469 0.762207031
v -0.051105544 0.544197083 -0.101722755
vt 0.545166016 0.781005859
vn -0.195971340 -0.533042371 0.823080242
v -0.014287038 0.535758972 -0.088928267
vt 0.533935547 0.770751953
vn -0.282877535 -0.550039828 0.785771370
vt 0.527099609 0.759765625
v -0.004686399 0.541343689 -0.089210555
vt 0.533447266 0.766601562
vn -0.329840541 -0.321987301 0.887428522
v 0.009130436 0.583923340 -0.064193770
vt 0.531005859 0.745849609
vn -0.338813692 -0.417607725 0.843094945
v -0.035816237 0.550167084 -0.094848670
vt 0.543457031 0.773925781
vn -0.181074187 -0.322784632 0.928989947
v -0.038486525 0.579963684 -0.083091773
vt 0.544189453 0.761718750
vn -0.126325294 -0.544778347 0.829010665
v -0.056572005 0.559764862 -0.090660132
vt 0.550781250 0.776367188
vn -0.039461810 -0.591929078 0.805023551
v -0.122673079 0.537528992 -0.117202789
vt 0.568847656 0.802001953
vn -0.196819767 -0.551095665 0.810898006
v -0.094909713 0.522338867 -0.124053985
vt 0.554199219 0.800537109
vn -0.165796816 -0.481600672 0.860565186
v -0.123497061 0.455387115 -0.164032012
vt 0.546142578 0.835449219
vn -0.149992600 -0.426295131 0.892062068
v -0.154800460 0.512041092 -0.139541656
vt 0.572753906 0.821533203
vn -0.102102846 -0.479098618 0.871802449
v -0.173690841 0.479295731 -0.159408584
vt 0.570556641 0.840332031
vn 0.047187220 -0.440412730 0.896554530
v -0.182983443 0.462486267 -0.165130630
vt 0.570068359 0.849365234
vn 0.345345229 -0.463076323 0.816270173
v -0.153274581 0.527120590 -0.134063751
vt 0.576171875 0.815917969
vn -0.125797063 -0.306630671 0.943479061
v -0.176055953 0.515542984 -0.131576553
vt 0.582763672 0.824951172
vn 0.486907780 -0.479054272 0.730361462
v -0.184356734 0.516902924 -0.121147178
vt 0.588378906 0.826660156
vn 0.732419789 -0.448902339 0.511906147
v -0.144760177 0.547580719 -0.123962425
vt 0.578613281 0.806152344
vn -0.356012106 -0.443037421 0.822783828
v -0.123825118 0.570922852 -0.097610503
vt 0.582519531 0.790283203
vn -0.300735980 -0.625214458 0.720183849
v -0.152725264 0.560184479 -0.117614768
vt 0.585205078 0.805419922
vn 0.157793805 -0.702181876 0.694292307
v -0.158920333 0.546363831 -0.127502471
vt 0.582763672 0.811035156
vn 0.496988416 -0.520654321 0.694205821
v -0.169845626 0.552352905 -0.100883506
vt 0.594726562 0.810302734
vn 0.668690503 -0.645089626 0.369746447
v -0.180374190 0.542339325 -0.102211021
vt 0.594970703 0.815673828
vn 0.716424525 -0.527477264 0.456622124
v -0.185867354 0.541820526 -0.087020896
vt 0.601318359 0.815429688
vn 0.642490447 -0.611149430 0.462279618
v -0.148544356 0.575256348 -0.101791404
vt 0.600830078 0.803466797
vn 0.504187226 -0.701135218 0.504187107
v -0.194870040 0.511103630 -0.106147788
vt 0.595947266 0.829833984
vn 0.605380476 -0.534621596 0.589656115
v -0.210891768 0.540325165 -0.068939224
vt 0.614990234 0.821289062
vn 0.553312242 -0.600738883 0.577025473
v -0.200729415 0.481479645 -0.126693740
vt 0.588623047 0.843750000
vn 0.668194473 -0.463805467 0.581722140
v -0.220397994 0.507667542 -0.088737503
vt 0.607666016 0.836181641
vn 0.605081320 -0.526499212 0.597222924
v -0.187286422 0.448520660 -0.172729507
vt 0.567382812 0.856445312
vn 0.431455672 -0.541280508 0.721707344
v -0.205307052 0.420822144 -0.181320205
vt 0.568603516 0.869873047
vn 0.709828734 -0.583636880 0.394349188
v -0.208740279 0.409980774 -0.195480362
vt 0.570556641 0.874267578
vn 0.007840923 -0.478287935 0.878168046
v -0.222473189 0.431602478 -0.138809219
vt 0.586669922 0.868164062
vn 0.670268714 -0.504672825 0.544100344
v -0.219619796 0.488776207 -0.105934158
vt 0.601074219 0.844726562
vn 0.670518935 -0.425976634 0.607411146
v -0.233795211 0.507865906 -0.068946853
vt 0.617919922 0.837158203
vn 0.638072371 -0.512033284 0.575052738
v -0.227844268 0.547016144 -0.039943714
vt 0.629150391 0.822753906
vn 0.291973025 -0.528707623 0.797007024
v -0.237625167 0.528249741 -0.051651016
vt 0.628906250 0.832031250
vn -0.927983940 0.267385155 0.259521037
v -0.245468184 0.508581161 -0.060512554
vt 0.623535156 0.839355469
vn -0.812789202 0.086802728 0.576054692
v -0.237518355 0.489233017 -0.080375686
vt 0.613769531 0.845458984
vn 0.630801976 -0.473101348 0.615031779
v -0.257446319 0.482242584 -0.072639473
vt 0.621582031 0.850830078
vn -0.582316160 -0.062953092 0.810521305
v -0.240249678 0.459655762 -0.098907486
vt 0.608886719 0.859619141
vn 0.597186267 -0.455747247 0.660047770
v -0.267791778 0.458927155 -0.080810554
vt 0.620849609 0.863769531
vn -0.796560585 0.157734782 0.583618820
v -0.246566817 0.437713623 -0.108276382
vt 0.605224609 0.867187500
vn 0.596725881 -0.478950858 0.643835604
v -0.284637481 0.417457551 -0.094703682
vt 0.619140625 0.879150391
vn -0.867541373 0.228715435 0.441657573
v -0.257049590 0.400032014 -0.133819595
vt 0.601562500 0.879150391
vn 0.590386629 -0.566770971 0.574642777
vt 0.386474609 0.780273438
vt 0.374023438 0.788574219
v -0.036800440 0.409652710 -0.220474288
vt 0.382812500 0.757324219
vn 0.063241474 0.529648364 -0.845856488
vt 0.401855469 0.777587891
v -0.031435069 0.375907898 -0.239868209
vt 0.365722656 0.763183594
vn 0.070773922 0.385325402 -0.920062780
vt 0.362060547 0.783935547
v -0.029989297 0.436737061 -0.201293990
vt 0.396728516 0.755859375
vn 0.055007249 0.573648393 -0.817252517
vt 0.424560547 0.764648438
vt 0.344726562 0.805664062
vt 0.341064453 0.774902344
vt 0.342285156 0.761474609
vt 0.343505859 0.747802734
v -0.060543116 0.375389099 -0.241561919
vt 0.362304688 0.750976562
vn 0.031456944 0.251656622 -0.967305303
v -0.077713072 0.390502930 -0.237686187
vt 0.365966797 0.742431641
vn 0.039301775 0.408739865 -0.911804378
v -0.064064085 0.387290955 -0.242477447
vt 0.366699219 0.748535156
vn 0.086544320 0.416986883 -0.904782891
v -0.115463316 0.376586914 -0.244873077
vt 0.353515625 0.727294922
vn 0.063099675 0.339161426 -0.938609660
v -0.067665152 0.404655457 -0.228744537
vt 0.375732422 0.745361328
vn 0.110018037 0.542232335 -0.832994699
v -0.148757994 0.395393372 -0.238204986
vt 0.359619141 0.713378906
vn 0.047279157 0.496432513 -0.866786957
v -0.110473685 0.428634644 -0.217391998
vt 0.381835938 0.724853516
vn 0.047034469 0.517380536 -0.854461908
v -0.079124503 0.441371918 -0.206558257
vt 0.392089844 0.736083984
vn 0.134053603 0.567756951 -0.812207937
v -0.133987486 0.504558563 -0.172073394
vt 0.411865234 0.703125000
vn 0.062853806 0.549971879 -0.832814693
v -0.179092467 0.506715775 -0.173370376
vt 0.406250000 0.683593750
vn -0.220520422 0.606430769 -0.763945341
v -0.209182799 0.422256470 -0.226455703
vt 0.361083984 0.683837891
vn -0.102005646 0.533567190 -0.839583874
v -0.241851866 0.420501709 -0.209335342
vt 0.361572266 0.667724609
vn -0.409804791 0.583183587 -0.701396465
v -0.244384810 0.447895020 -0.181243911
vt 0.380615234 0.659912109
vn -0.417620808 0.622491241 -0.661889315
v -0.028566411 0.478412628 -0.170242354
vt 0.417480469 0.748535156
vn 0.063062415 0.591211319 -0.804047465
v -0.112449698 0.516057968 -0.159606963
vt 0.422363281 0.709472656
vn 0.141556725 0.621277332 -0.770698488
v -0.020271350 0.525051117 -0.137893721
vt 0.440185547 0.747558594
vn 0.023610206 0.550907850 -0.834232092
vt 0.442871094 0.759765625
v -0.065513663 0.497421980 -0.161941558
vt 0.422607422 0.731201172
vn 0.165410623 0.582875967 -0.795547009
v -0.040557910 0.504888058 -0.152221724
vt 0.429199219 0.740722656
vn 0.094251685 0.557656527 -0.824703455
v -0.063873343 0.529693604 -0.139450103
vt 0.438476562 0.727539062
vn 0.087014183 0.537906587 -0.838501632
v -0.078277640 0.537036896 -0.136276275
vt 0.439208984 0.721191406
vn 0.125937283 0.613944888 -0.779237807
v -0.074745223 0.552394867 -0.124412574
vt 0.447753906 0.720947266
vn 0.007873397 0.606261611 -0.795226276
v -0.097427413 0.568420410 -0.111099273
vt 0.452148438 0.709472656
vn 0.086976111 0.672088981 -0.735344529
v -0.152618453 0.589485168 -0.102546722
vt 0.451660156 0.683105469
vn -0.118330665 0.709983170 -0.694205940
v -0.034393359 0.557323456 -0.120368995
vt 0.453857422 0.737060547
v -0.067253157 0.584854126 -0.098526038
vt 0.463623047 0.727294922
vn 0.031574339 0.686744571 -0.726212800
v -0.164550826 0.549568176 -0.137207061
vt 0.429931641 0.683593750
vn -0.173056886 0.676494539 -0.715825737
v -0.210235640 0.542659760 -0.109298721
vt 0.429931641 0.660156250
vn -0.449236989 0.669914603 -0.591101110
v -0.019800235 0.550254822 -0.119171187
vt 0.452392578 0.745361328
vn 0.070680022 0.761774898 -0.643974721
v -0.037910506 0.562026978 -0.106140174
vt 0.459960938 0.739746094
vn 0.858640432 0.512033343 -0.023632441
v -0.029710816 0.565277100 -0.105003394
vt 0.462646484 0.737548828
vn 0.165724531 0.631331980 -0.757598400
v -0.002561616 0.559825897 -0.114624068
vt 0.459228516 0.751708984
vn -0.220199704 0.566227376 -0.794291317
vt 0.458251953 0.764160156
vt 0.463134766 0.765625000
v 0.008880569 0.583496094 -0.102653548
vt 0.470703125 0.756591797
vn -0.173632652 0.449866027 -0.876054943
v -0.021642730 0.544029236 -0.106002852
vt 0.459472656 0.745605469
vn -0.362609714 0.756750464 -0.543914378
v -0.008020924 0.582763672 -0.098907515
vt 0.470703125 0.753662109
vn -0.376415730 0.243101701 -0.893987000
v -0.027423903 0.557392120 -0.092865035
vt 0.465087891 0.744628906
vn -0.102178797 0.448014110 -0.888168395
v -0.230285689 0.488655061 -0.152633682
vt 0.400878906 0.659912109
vn -0.441328257 0.646230459 -0.622587800
v -0.283935606 0.448425263 -0.161010757
vt 0.380859375 0.641113281
vn -0.512415111 0.622781277 -0.591248035
v -0.280059874 0.462490052 -0.146041885
vt 0.391113281 0.639404297
vn -0.872367680 0.487268388 -0.039295748
v -0.255035460 0.508250237 -0.114196792
vt 0.412109375 0.643066406
vn -0.810898066 0.551095665 -0.196819842
v -0.229171798 0.560661316 -0.075576797
vt 0.434326172 0.644287109
vn -0.787011445 0.566648126 -0.243973449
vt 0.431396484 0.626464844
vt 0.424316406 0.623291016
vt 0.414794922 0.621582031
vt 0.407226562 0.617919922
vt 0.392333984 0.611816406
v 0.146133423 0.000122070 0.052654225
vt 0.950195312 0.504882812
vn 0.070582300 -0.995994210 -0.054897282
v 0.115547173 0.000213623 0.025505029
vt 0.955078125 0.484619141
vn 0.298179030 -0.423728257 -0.855303347
v 0.146133423 0.019714355 0.052959401
vt 0.966796875 0.491943359
vn 0.782223761 0.165926263 -0.600495219
v 0.115463249 0.032073975 0.026075324
vt 0.961425781 0.472412109
vn 0.078701004 0.102311432 -0.991634309
v 0.071090698 0.000122070 0.036781278
vt 0.942871094 0.475341797
vn -0.338059127 -0.809769452 -0.479572147
v 0.168716431 0.000091553 0.095878556
vt 0.950195312 0.523437500
vn 0.919607818 -0.133618206 -0.369415253
v 0.184341446 0.000000000 0.148712099
vt 0.929199219 0.542480469
vn 0.070680186 -0.997375369 -0.015706666
v 0.166732788 0.014648438 0.092018083
vt 0.968505859 0.511962891
vn 0.900911391 0.237082005 -0.363525778
v 0.079887398 0.000061035 0.140121415
vt 0.894775391 0.479736328
vn -0.188271433 -0.980580688 0.054912586
v 0.132934570 0.066284180 0.058219865
vt 0.982421875 0.472900391
vn 0.812814534 0.339330375 -0.473484397
v 0.066810608 0.000122070 0.081100434
vt 0.923583984 0.473388672
vn -0.447158545 -0.894317150 0.015689872
v 0.070983894 0.022705078 0.107459992
vt 0.912353516 0.463867188
vn -0.975682557 0.078684039 0.204578727
v 0.079116829 0.019836426 0.138854936
vt 0.897949219 0.464111328
vn -0.942518175 0.133523375 0.306318551
v 0.070487969 0.030700684 0.037403077
vt 0.943603516 0.464599609
vn -0.850077689 0.086581923 -0.519491732
v 0.066490173 0.023620605 0.075798005
vt 0.927001953 0.462646484
vn -0.990530550 0.125781611 0.055029605
v 0.079071045 0.068115234 0.105094880
vt 0.918212891 0.439941406
vn -0.978046954 -0.102537207 0.181412071
v 0.073127747 0.064025879 0.071937531
vt 0.936523438 0.444091797
vn -0.999690175 0.023614686 0.007871706
v 0.075950615 0.069000244 0.040309869
vt 0.953369141 0.453613281
vn -0.583637059 0.331253290 -0.741376519
v 0.086166389 0.060363770 0.130889848
vt 0.904296875 0.442626953
vn -0.763093770 0.039334729 0.645089746
v 0.087692268 0.049926758 0.149383500
vt 0.895263672 0.450927734
vn -0.732737899 0.504249692 0.456976384
v 0.060066219 0.093902588 0.070014916
vt 0.941162109 0.429687500
vn -0.929912627 -0.260060340 -0.260060191
v 0.059116367 0.103057861 0.115859948
vt 0.917724609 0.418457031
vn -0.898780882 -0.268057466 0.346898049
v 0.089881904 0.126892090 0.141220048
vt 0.896484375 0.408203125
vn -0.536164820 -0.118271664 0.835786581
v 0.096092232 0.072631836 0.137023881
vt 0.895019531 0.438476562
vn -0.094511509 -0.504061997 0.858480752
v 0.110992439 0.076660156 0.142364457
vt 0.887939453 0.435058594
vn 0.117935017 -0.188695759 0.974928319
v 0.098899849 0.146575928 0.151229814
vt 0.889648438 0.396240234
vn 0.316069901 -0.031606924 0.948209345
v 0.077011116 0.136749268 0.134216264
vt 0.904296875 0.402343750
vn -0.590093970 -0.180962190 0.786792159
v 0.075820923 0.073486328 0.059230767
vt 0.946777344 0.444580078
vn -0.662074566 -0.031527419 -0.748774588
v 0.064109802 0.159179688 0.129486039
vt 0.911621094 0.390380859
vn -0.536298215 -0.339129806 0.772900641
v 0.051307678 0.140197754 0.114250146
vt 0.922119141 0.399902344
vn -0.845143616 -0.173767880 0.505506635
v 0.097305305 0.169891357 0.149841264
vt 0.891113281 0.387451172
vn 0.378622532 -0.457502007 0.804572523
v 0.045921322 0.165374756 0.078361474
vt 0.944824219 0.390869141
vn -0.938171983 -0.299584359 -0.173443437
v 0.047096252 0.165283203 0.115692101
vt 0.924560547 0.387207031
vn -0.803348839 -0.559193909 0.204775348
v 0.053756718 0.160766602 0.137878388
vt 0.912353516 0.383056641
vn -0.369746387 -0.645089626 0.668690503
v 0.104469307 0.182159424 0.165298417
vt 0.883544922 0.378906250
vn 0.267583966 -0.653219342 0.708310187
v 0.085754402 0.195861816 0.178131059
vt 0.889648438 0.364746094
vn -0.054925911 -0.062772579 0.996515393
v 0.064605705 0.163574219 0.061809503
vt 0.958740234 0.399658203
vn -0.612410307 -0.211988196 -0.761586964
v 0.039813995 0.166595459 0.124755830
vt 0.922119141 0.381835938
vn -0.770603120 -0.629063845 0.102223001
v 0.039756767 0.166198730 0.064247094
vt 0.951416016 0.386474609
vn -0.858693719 -0.362384558 -0.362384349
v 0.034442902 0.185516357 0.126464814
vt 0.923583984 0.371093750
vn -0.829217255 -0.221124604 0.513325095
v 0.092315659 0.180969238 0.024234727
vt 0.981201172 0.396484375
vn -0.181091264 -0.244079426 -0.952696860
v 0.095565788 0.174652100 0.034622151
vt 0.978027344 0.402343750
vn 0.376612425 -0.172614112 -0.910147011
v 0.102653496 0.130645752 0.031337693
vt 0.974365234 0.435546875
vn 0.118212767 -0.000000038 -0.992988288
v 0.033573143 0.206512451 0.063232385
vt 0.957763672 0.366699219
vn -0.822063923 0.134375751 -0.553312063
v 0.082031235 0.218444824 0.025045352
vt 0.987548828 0.376708984
vn 0.213147447 0.268408030 -0.939428151
v 0.084609970 0.219421387 0.037128404
vt 0.986572266 0.370117188
vn -0.228616074 0.086716346 -0.969646871
v 0.031055450 0.203765869 0.129028291
vt 0.925048828 0.361816406
vn -0.996914387 -0.000000040 0.078497328
v 0.039806359 0.208435059 0.068794213
vt 0.957763672 0.362792969
vn -0.927840471 -0.212302536 -0.306659013
v 0.019929873 0.307540894 0.061523397
vt 0.989746094 0.329345703
vn -0.480285287 -0.244079411 -0.842467427
v 0.039600372 0.207580566 0.129043549
vt 0.925292969 0.357177734
vn -0.946732700 0.165678173 0.276130468
v 0.055110935 0.214019775 0.152816743
vt 0.910156250 0.354248047
vn -0.646471381 0.181327358 0.741077065
v 0.030487059 0.241363525 0.130844086
vt 0.926757812 0.340087891
vn -0.858880341 -0.260028005 0.441259772
v 0.011551853 0.308807373 0.133987397
vt 0.935058594 0.314941406
vn -0.766038775 -0.639681995 0.063178584
v 0.065475464 0.218475342 0.151870683
vt 0.907958984 0.348632812
vn -0.551317692 -0.110263549 0.826976836
v 0.051555634 0.275344849 0.156173676
vt 0.909667969 0.322753906
vn -0.434094697 -0.173637897 0.883974969
v 0.084098816 0.229248047 0.159240678
vt 0.896728516 0.340820312
vn -0.079044469 0.181802616 0.980152965
v 0.095825203 0.227905273 0.164977983
vt 0.888916016 0.344970703
vn 0.418831766 0.474149138 0.774443388
v 0.073020935 0.284622192 0.162841752
vt 0.896972656 0.318115234
vn 0.251750201 -0.015734326 0.967664361
v 0.106445312 0.226989746 0.141708329
vt 0.884277344 0.336914062
vn 0.545578241 0.197673291 0.814413667
v 0.110580437 0.067230225 0.033176381
vt 0.969970703 0.463134766
vn 0.599783957 0.299892038 -0.741838217
v 0.095428459 0.056579590 0.034458123
vt 0.958496094 0.461181641
vn -0.007865136 0.487629980 -0.873014987
v 0.107841484 0.073089600 0.034519155
vt 0.970703125 0.461425781
vn 0.550907791 0.023610327 -0.834232152
v 0.103729241 0.049438477 0.038078267
vt 0.962402344 0.459472656
vn -0.543560028 0.409639299 -0.732624233
v 0.137649536 0.070007324 0.074714623
vt 0.984375000 0.466308594
vn 0.929364383 0.307162851 -0.204775348
v 0.145935059 0.093444824 0.076393075
vt 0.989746094 0.455566406
vn 0.880798280 -0.039321337 -0.471856385
v 0.094902031 0.067443848 0.044967614
vt 0.960937500 0.452148438
vn -0.496417224 0.126074120 -0.858880341
vt 0.781494141 0.797607422
vt 0.764648438 0.789794922
v 0.156692505 0.044219971 0.092231706
vt 0.777343750 0.787841797
vn 0.867865264 0.339256436 -0.362925619
vt 0.766845703 0.782714844
v 0.165618896 0.044982910 0.115875199
vt 0.784912109 0.782958984
vn 0.819914937 0.528214514 -0.220746487
v 0.176437393 0.041351318 0.143859804
vt 0.796875000 0.779296875
vn 0.810395777 0.566490352 -0.149490640
v 0.150192261 0.059326172 0.126144364
vt 0.783203125 0.770507812
vn 0.370342880 0.914037824 0.165472269
v 0.183715835 0.015655518 0.147781312
vt 0.809082031 0.787353516
vn 0.969887972 0.118279062 -0.212902382
vt 0.794433594 0.801513672
vt 0.814697266 0.791748047
v 0.182189956 0.040252686 0.162094057
vt 0.806884766 0.778076172
vn 0.685358047 0.724746644 -0.070899233
v 0.154495254 0.044219971 0.158340409
vt 0.797851562 0.767578125
vn 0.212796435 0.953643322 0.212796375
v 0.123672493 0.059753418 0.145873979
vt 0.785156250 0.754150391
vn 0.157695577 0.890979946 0.425777972
v 0.119415291 0.063415527 0.138809159
vt 0.780517578 0.753906250
vn -0.039219603 0.925582826 0.376508266
v 0.117835999 0.068420410 0.103652917
vt 0.767578125 0.764404297
vn 0.464768738 0.811375916 0.354484558
vt 0.773681641 0.742919922
vt 0.785156250 0.738281250
v 0.099052437 0.066741943 0.125244096
vt 0.769775391 0.749023438
vn 0.386727154 -0.449866056 0.805023491
vt 0.767089844 0.741455078
v 0.139572144 0.074066162 0.120216325
vt 0.754394531 0.761230469
vn 0.654803097 -0.733695030 0.181451395
vt 0.744873047 0.784423828
v 0.132369995 0.081237793 0.127075151
vt 0.753173828 0.753662109
vn 0.566227555 -0.220199525 0.794291258
vt 0.759521484 0.740478516
vt 0.725585938 0.729248047
v 0.145812988 0.091979980 0.116584726
vt 0.745849609 0.761962891
vn 0.915317476 0.015781391 0.402423918
v 0.140701294 0.159210205 0.073448136
vt 0.712402344 0.778320312
vn 0.907087862 0.094652675 -0.410161585
vt 0.718994141 0.805664062
v 0.141021729 0.157196045 0.121047929
vt 0.715087891 0.753906250
vn 0.879276931 0.070656233 0.471041083
vt 0.713623047 0.726806641
vt 0.696044922 0.801269531
v 0.136993408 0.185333252 0.073783830
vt 0.699707031 0.775878906
vn 0.950255275 -0.172773659 -0.259160638
v 0.136428833 0.186706543 0.123474076
vt 0.701171875 0.749267578
vn 0.873339295 -0.251773417 0.416999698
v 0.144027695 0.190155029 0.065017648
vt 0.694091797 0.777587891
vn 0.885742307 0.071175732 -0.458688110
vt 0.690429688 0.804687500
v 0.144088745 0.190643311 0.118240304
vt 0.697021484 0.752441406
vn 0.975410879 -0.220254019 0.007866099
v 0.143753052 0.192871094 0.133514360
vt 0.696044922 0.745117188
vn 0.714302599 -0.274731666 0.643657029
vt 0.705566406 0.719970703
vt 0.695556641 0.711181641
vt 0.669433594 0.804199219
v 0.139236450 0.218475342 0.133621171
vt 0.683105469 0.743896484
vn 0.836020410 0.173513725 0.520540833
vt 0.676757812 0.719482422
v 0.133941635 0.230010986 0.065711930
vt 0.673828125 0.775634766
vn 0.710248411 0.560307145 -0.426149189
vt 0.665283203 0.800781250
v 0.134552002 0.233734131 0.134979203
vt 0.675781250 0.743652344
vn 0.841867566 0.535018682 0.070811152
v 0.127120957 0.228332520 0.070640519
vt 0.670166016 0.775878906
vn 0.929681599 0.244238436 -0.275753140
v 0.101798996 0.261840820 0.057926130
vt 0.651611328 0.788574219
vn 0.590167046 0.086557843 -0.802627444
v 0.126602173 0.230651855 0.128951982
vt 0.671142578 0.745117188
vn 0.874422550 0.409639388 0.259963304
v 0.115150452 0.292373657 0.134124711
vt 0.644042969 0.737792969
vn 0.936079800 0.157324389 0.314648539
vt 0.668212891 0.731201172
vt 0.671142578 0.717041016
v 0.111587510 0.311874390 0.067100473
vt 0.301269531 0.380859375
vn 0.924244404 0.157990545 -0.347579271
vt 0.304443359 0.347900391
vt 0.315917969 0.364257812
vt 0.270751953 0.369873047
v 0.087333664 0.314636230 0.049961042
vt 0.312500000 0.386718750
vn 0.595991313 0.070577919 -0.799883246
v 0.066390976 0.296142578 0.033073381
vt 0.326171875 0.382812500
vn -0.015706826 -0.070680186 -0.997375369
vt 0.334472656 0.354736328
vt 0.342773438 0.393798828
v 0.048694592 0.343429565 0.034904435
vt 0.326660156 0.405761719
vn -0.015757404 -0.512112796 -0.858773649
v -0.004407898 0.308883667 0.049426995
vt 0.349121094 0.395996094
vn 0.094415054 -0.952018499 -0.291113049
v -0.002657907 0.318695068 0.041492425
vt 0.347167969 0.399658203
vn -0.118220299 -0.669914663 -0.732965410
v 0.057495099 0.342025757 0.029998735
vt 0.322509766 0.400390625
vn 0.448318750 0.424723148 -0.786524415
v 0.100654587 0.343521118 0.064338632
vt 0.300781250 0.395507812
vn 0.526499093 0.597223043 -0.605081260
v -0.003269694 0.348663330 0.013401947
vt 0.346191406 0.411376953
vn 0.031589136 -0.450146616 -0.892395854
v 0.073646531 0.343643188 0.065154985
vt 0.307128906 0.404052734
vn 0.780447364 0.149782851 -0.607014835
v 0.052673321 0.351516724 0.029069854
vt 0.325439453 0.410644531
vn 0.604316592 -0.353172094 -0.714192510
v 0.106369004 0.339950562 0.066993661
vt 0.299072266 0.392822266
vn 0.935096562 0.353608012 -0.023574000
v 0.081405625 0.354797363 0.073348954
vt 0.300048828 0.405273438
vn 0.925269604 -0.047047585 -0.376381010
v 0.080528237 0.393913269 0.046840616
vt 0.310058594 0.425292969
vn 0.733626604 -0.670518816 0.110438347
v 0.058170296 0.378623962 0.024154617
vt 0.323974609 0.424072266
vn -0.346897930 -0.898780942 -0.268057376
v 0.034999825 0.386993408 0.012530282
vt 0.334472656 0.425292969
vn -0.268048972 -0.772612154 0.575517356
v -0.005985284 0.385467529 0.003115138
vt 0.349853516 0.425048828
vn 0.260125041 -0.646370947 0.717314124
v 0.004578567 0.356689453 0.002528867
vt 0.349853516 0.432861328
vn -0.071137778 0.055329528 0.995930731
v 0.054088570 0.351593018 0.018648101
vt 0.327880859 0.435791016
vn -0.260716736 -0.347622484 0.900658309
v 0.024148921 0.310211182 0.011796912
vt 0.343750000 0.445068359
vn 0.204073936 -0.266865730 0.941879213
v -0.008800527 0.313110352 0.009150470
vt 0.357666016 0.444091797
vn 0.102093667 0.102093592 0.989522040
v -0.008943576 0.289505005 0.012888874
vt 0.357910156 0.450439453
vn 0.047291156 -0.669956207 0.740892828
v 0.078849778 0.331024170 0.034355115
vt 0.317871094 0.449218750
vn -0.572219074 -0.431124032 0.697637141
v 0.095863327 0.344070435 0.053150129
vt 0.304687500 0.450439453
vn -0.773839593 -0.371127188 0.513261080
v 0.085433938 0.403602600 0.050773568
vt 0.304931641 0.427490234
vn -0.910146892 -0.172614112 0.376612663
v 0.105255112 0.348480225 0.039630838
vt 0.306396484 0.457275391
vn 0.879033089 -0.259000838 -0.400274128
v 0.079048134 0.333938599 0.014931631
vt 0.319824219 0.455078125
vn 0.465882957 -0.481675714 -0.742254436
v 0.112655632 0.347396851 0.103073068
vt 0.278808594 0.445800781
vn -0.866652369 -0.464840859 0.181209266
v 0.093116745 0.405662537 0.074745126
vt 0.294921875 0.424804688
vn 0.196935907 -0.968924582 -0.149671257
v 0.128234848 0.351104736 0.106994577
vt 0.274414062 0.451660156
vn 0.996914387 -0.047098275 -0.062797889
v 0.095367409 0.399589539 0.038383432
vt 0.300048828 0.477539062
vn 0.913612425 0.149643466 -0.378046691
v 0.119041428 0.396057129 0.104835458
vt 0.269531250 0.470214844
vn 0.979510546 0.181683466 -0.086892202
v 0.110465989 0.442626953 0.104530275
vt 0.267822266 0.489746094
vn 0.881370842 0.472162992 -0.015738901
v 0.090980507 0.442390442 0.041839547
vt 0.297607422 0.494873047
vn 0.753294528 0.533583701 -0.384494215
v 0.097595207 0.344726562 0.143951356
vt 0.260986328 0.438232422
vn -0.603592157 -0.689819634 -0.399781704
v 0.104583740 0.347915649 0.163680971
vt 0.254638672 0.443359375
vn 0.871077418 -0.109865554 0.478700072
v 0.081863403 0.334564209 0.152313173
vt 0.252685547 0.436279297
vn -0.487947136 -0.393505752 -0.779141188
v 0.085418701 0.331512451 0.171630800
vt 0.247070312 0.439697266
vn 0.078767121 -0.890067339 0.448972046
v 0.095039360 0.370513916 0.142578065
vt 0.263671875 0.427001953
vn -0.811325610 -0.141785100 -0.567140043
v 0.079559319 0.383895874 0.159179628
vt 0.257080078 0.414794922
vn 0.290171593 -0.933254480 -0.211746827
v 0.107887261 0.382652283 0.105483957
vt 0.280029297 0.428466797
vn -0.961823404 -0.204978809 -0.181327224
v 0.090393059 0.391479492 0.136413515
vt 0.267578125 0.418945312
vn 0.471987635 -0.881043553 0.031465814
v 0.102111809 0.394393921 0.106346078
vt 0.280517578 0.421875000
vn 0.936949790 -0.338561654 -0.086608909
v 0.083984368 0.353607178 0.128417909
vt 0.272705078 0.402587891
vn 0.929364383 -0.070883669 0.362294465
v 0.075218201 0.349853516 0.148620546
vt 0.259765625 0.400390625
vn 0.823383927 -0.109784454 0.556764185
v 0.090721123 0.349548340 0.103576608
vt 0.284912109 0.401855469
vn 0.900208831 0.434311330 -0.031586412
v 0.081031792 0.344863892 0.131652772
vt 0.268554688 0.398925781
vn 0.448318899 0.786524355 0.424723059
v 0.106109612 0.340057373 0.134048402
vt 0.273925781 0.391601562
vn 0.845328391 0.489816487 0.213307053
v 0.085884094 0.342330933 0.147140443
vt 0.265380859 0.392822266
vn 0.574358344 0.251773536 0.778924108
v 0.055648804 0.347793579 0.167373613
vt 0.254882812 0.393798828
vn 0.157867536 -0.039466798 0.986671269
v 0.078498840 0.307586670 0.157058671
vt 0.255859375 0.378662109
vn 0.558743477 0.070826679 0.826310635
vt 0.252929688 0.348388672
vt 0.247070312 0.373046875
v 0.152664199 0.000091553 0.205551103
vt 0.050048828 0.961669922
vn 0.102738790 -0.940454364 0.324022114
vt 0.020507812 0.981445312
v 0.189346328 0.000244141 0.188186586
vt 0.029541016 0.965820312
vn 0.818694770 -0.480195940 0.314882487
vt 0.013427734 0.971191406
v 0.095458999 0.000061035 0.176559404
vt 0.079345703 0.982177734
vn -0.260448724 -0.954978883 0.142063037
v 0.187179580 0.036682129 0.197753847
vt 0.024902344 0.949951172
vn 0.732011259 0.519491851 0.440780818
vt 0.012695312 0.950195312
vt 0.017578125 0.930664062
v 0.119323753 0.000213623 0.216018632
vt 0.078857422 0.964355469
vn -0.551728606 -0.425619334 0.717247427
v 0.144378677 0.043060303 0.185363725
vt 0.035644531 0.932861328
vn -0.062914178 0.975169599 0.212335289
v 0.134826675 0.045013428 0.172042802
vt 0.031982422 0.927490234
vn 0.047238249 0.936891794 0.346413761
v 0.138092056 0.042907715 0.186538652
vt 0.040039062 0.927734375
vn 0.188695803 0.974928439 0.117934830
v 0.156829849 0.038635254 0.212844804
vt 0.037841797 0.946044922
vn -0.362925410 0.339256436 0.867865384
v 0.142669693 0.024353027 0.184646562
vt 0.045898438 0.940185547
vn 0.553312182 0.577025533 0.600738823
v 0.144287124 0.039459229 0.224777177
vt 0.060546875 0.939941406
vn 0.778924227 0.251773536 0.574358165
v 0.126358047 0.037292480 0.224975541
vt 0.066406250 0.934814453
vn -0.494273514 0.698259413 0.517810345
v 0.150802627 0.001007080 0.214034989
vt 0.056640625 0.958740234
vn 0.603129208 -0.242818132 0.759785891
v 0.148071304 0.009338379 0.196121171
vt 0.048583984 0.950439453
vn 0.747637630 0.503671706 0.432842702
v 0.112648025 0.041809082 0.170501664
vt 0.612304688 0.077148438
vn -0.149941355 0.946998060 0.284099400
vt 0.611572266 0.087402344
vt 0.596923828 0.085205078
vt 0.604736328 0.096923828
vt 0.617919922 0.091064453
vt 0.593261719 0.082031250
vt 0.636962891 0.087890625
v 0.093315139 0.039642334 0.167434648
vt 0.610351562 0.067626953
vn -0.371811688 0.783177912 0.498385966
vt 0.599853516 0.067138672
v 0.100402847 0.038513184 0.183792070
vt 0.618408203 0.070556641
vn -0.810998499 0.283455789 0.511795342
vt 0.642333984 0.069335938
vt 0.625244141 0.052490234
v 0.094993606 0.023223877 0.176513627
vt 0.617675781 0.061523438
vn -0.914406896 0.047296889 0.402023852
vt 0.601806641 0.052001953
vt 0.609375000 0.044677734
vt 0.635253906 0.009521484
v 0.023206688 0.308425903 -0.001671711
vt 0.084228516 0.159912109
vn 0.433057398 -0.566911578 -0.700765789
vt 0.088623047 0.163085938
v -0.004104635 0.291534424 -0.002209699
vt 0.074218750 0.167968750
vn 0.447034687 -0.470562935 -0.760743439
vt 0.076416016 0.173828125
v -0.012208006 0.288085938 -0.006936107
vt 0.069091797 0.168701172
vn 0.102690518 -0.387064695 -0.916316330
v 0.042636849 0.333557129 -0.007298036
vt 0.091308594 0.149658203
vn 0.710868597 -0.592390418 -0.379130006
v 0.008309339 0.359191895 -0.012206117
vt 0.075927734 0.140380859
vn 0.291112930 -0.094415069 -0.952018440
v -0.004174734 0.344360352 -0.014832534
vt 0.069580078 0.144287109
vn -0.133445367 -0.062797807 -0.989064693
v 0.022516228 0.325439453 -0.001403908
vt 0.083984375 0.152832031
vn 0.062978335 -0.110212356 -0.991910815
vt 0.102294922 0.149902344
v -0.003070620 0.392532349 -0.013978998
vt 0.069335938 0.126953125
vn -0.094664551 0.055220865 -0.993976474
v 0.030731175 0.409088135 -0.005082652
vt 0.083984375 0.119873047
vn 0.250843376 0.086227417 -0.964179754
v -0.004340201 0.444087982 -0.010739367
vt 0.067871094 0.106689453
vn 0.062914029 0.212335274 -0.975169599
v 0.038528416 0.373703003 -0.005349680
vt 0.089111328 0.133789062
vn 0.149034381 0.031375650 -0.988334119
v 0.043682072 0.353561401 -0.010468527
vt 0.092529297 0.141601562
vn -0.023603896 0.031471640 -0.999225974
v 0.055614449 0.351318359 -0.002941892
vt 0.099121094 0.142333984
vn 0.463461936 -0.573436022 -0.675554812
vt 0.113769531 0.145507812
vt 0.117431641 0.151855469
v 0.057422612 0.373718262 -0.002571868
vt 0.097412109 0.133300781
vn 0.553294778 0.071137898 -0.829942465
v 0.086891152 0.364471436 0.021837184
vt 0.114501953 0.132080078
vn 0.693407893 0.070916720 -0.717047036
vt 0.125244141 0.135498047
vt 0.116943359 0.112060547
v 0.076866128 0.396583557 0.017509410
vt 0.105957031 0.122802734
vn 0.636592567 0.039295837 -0.770198643
v 0.060813878 0.406242371 0.003230762
vt 0.096923828 0.119384766
vn 0.472616732 0.110277250 -0.874341190
v 0.094276406 0.400962830 0.024003929
vt 0.111572266 0.114746094
vn 0.905063033 -0.015740206 -0.424986273
v 0.085845925 0.415931702 0.017612405
vt 0.108154297 0.114501953
vn 0.252210915 0.338908523 -0.906383395
v 0.081809975 0.418395996 0.027044244
vt 0.106933594 0.109863281
vn 0.737714469 0.204048723 -0.643538356
vt 0.111572266 0.098876953
v 0.060714696 0.442825317 0.008066127
vt 0.094238281 0.103759766
vn 0.487403810 0.306592792 -0.817580819
vt 0.125488281 0.078125000
v 0.069755532 0.442558289 0.042327832
vt 0.104248047 0.093505859
vn 0.575517178 0.772612154 -0.268049240
v 0.055793736 0.442726135 0.016332576
vt 0.093994141 0.099853516
vn 0.204724342 0.968503952 -0.141732350
v 0.023479434 0.444156647 -0.002344892
vt 0.079101562 0.104980469
vn 0.244625807 0.528707623 -0.812789440
v -0.002790001 0.444324493 0.000259715
vt 0.068603516 0.102050781
vn -0.039258379 0.863682091 -0.502505958
v 0.045700047 0.444122314 0.014415693
vt 0.089111328 0.099609375
vn 0.172800243 0.832583427 -0.526255608
v 0.002068494 0.464225769 0.020431476
vt 0.071044922 0.090087891
vn 0.110212192 0.755741537 -0.645529270
v 0.054424260 0.451622009 0.025028178
vt 0.093750000 0.095214844
vn 0.400557727 0.714720905 -0.573347688
v 0.056819893 0.463859558 0.043762155
vt 0.096435547 0.086669922
vn 0.386162013 0.772324204 -0.504375100
v -0.002569939 0.469614029 0.027839618
vt 0.069580078 0.086425781
vn -0.023589257 -0.487509429 -0.872799039
vt 0.909912109 0.060058594
vt 0.933593750 0.072998047
v 0.011727320 0.308670044 0.066268884
vt 0.905517578 0.063232422
vn -0.904139400 -0.416690379 -0.094344847
vt 0.884765625 0.085205078
vt 0.907470703 0.053955078
v -0.029476179 0.303680420 0.062255830
vt 0.901367188 0.048095703
vn 0.338289052 -0.330421984 -0.881125271
vt 0.913330078 0.048583984
v -0.022054685 0.308822632 0.066474877
vt 0.898925781 0.051269531
vn 0.710957289 -0.703057706 -0.015799114
v -0.021903995 0.308792114 0.134521455
vt 0.875488281 0.068115234
vn 0.653928638 -0.748472452 0.110301144
v -0.035747528 0.258056641 0.132629365
vt 0.874267578 0.044189453
vn 0.943362534 -0.267285973 0.196533740
v -0.034503940 0.309341431 0.144760102
vt 0.866943359 0.062255859
vn 0.448485494 -0.393408179 0.802552760
v -0.006038667 0.308959961 0.156555146
vt 0.868164062 0.076904297
vn -0.086581878 -0.850077629 0.519491911
v -0.047454834 0.332046509 0.160263017
vt 0.853759766 0.063720703
vn 0.070662849 -0.423976302 0.902912498
v -0.004744052 0.329345703 0.173233002
vt 0.854003906 0.081298828
vn 0.023578366 -0.597315192 0.801659942
v 0.025571821 0.308822632 0.145065278
vt 0.876220703 0.089843750
vn -0.354759783 -0.449362546 0.819889605
vt 0.894287109 0.102783203
vt 0.884521484 0.108154297
v 0.036762238 0.330123901 0.159820512
vt 0.865966797 0.098388672
vn -0.086280361 -0.454933465 0.886335969
vt 0.861572266 0.110595703
vt 0.882568359 0.120605469
v 0.051780701 0.352386475 0.173919633
vt 0.857666016 0.108398438
vn 0.393749744 -0.417374581 0.818999171
vt 0.863525391 0.123291016
vt 0.848876953 0.126953125
v 0.057098389 0.387878418 0.183792055
vt 0.841796875 0.118164062
vn 0.283332944 -0.377777100 0.881479919
v -0.003422736 0.353942871 0.187362626
vt 0.840576172 0.085693359
vn 0.015809551 -0.316188216 0.948564768
v -0.061225891 0.353897095 0.175033540
vt 0.829589844 0.072509766
vn -0.369849384 -0.409195185 0.834128737
v 0.025159836 0.392028809 0.191238359
vt 0.829101562 0.104736328
vn 0.007879755 -0.756445110 0.654009879
v -0.006065845 0.391647339 0.195037797
vt 0.823242188 0.091552734
vn 0.204896078 -0.780180871 0.591046154
v -0.054397583 0.387489319 0.185714677
vt 0.814941406 0.081542969
vn -0.164757699 -0.517810285 0.839480460
v 0.023515705 0.298248291 0.188049287
vt 0.082031250 0.480468750
vn 0.275650233 -0.126011625 -0.952962816
v 0.022188192 0.295822144 0.206161469
vt 0.080566406 0.471435547
vn 0.290942132 -0.408891439 0.864962697
v 0.012700086 0.283599854 0.186691254
vt 0.087890625 0.476562500
vn 0.378657669 -0.520654440 -0.765204251
v 0.012108809 0.283111572 0.204101533
vt 0.086914062 0.470703125
vn -0.023589034 -0.636907399 0.770579338
v -0.013316151 0.285324097 0.184463471
vt 0.096191406 0.472412109
vn -0.181169838 -0.567140162 -0.803448498
v -0.017532343 0.286804199 0.200683564
vt 0.098876953 0.464599609
vn -0.519089937 -0.762905002 0.385385096
v -0.058837887 0.322723389 0.182357773
vt 0.111816406 0.468750000
vn -0.472969145 -0.488734752 -0.733101964
v -0.001451012 0.307250977 0.188049287
vt 0.094482422 0.484863281
vn 0.164757699 0.203985855 -0.965010226
v -0.032802578 0.311614990 0.201797456
vt 0.090576172 0.453125000
vn -0.197340280 -0.252595693 0.947234035
v -0.058116909 0.321350098 0.199340805
vt 0.094726562 0.443359375
vn -0.630468667 -0.583183646 0.512255907
v 0.003322131 0.325164795 0.215576142
vt 0.071533203 0.459716797
vn 0.102511801 -0.220794335 0.969918132
v 0.049049381 0.330352783 0.201507524
vt 0.063232422 0.479492188
vn 0.637301743 -0.409131825 0.653037369
v -0.003067726 0.338088989 0.217895463
vt 0.067382812 0.454589844
vn -0.078436665 -0.039218359 0.996147394
v -0.052040096 0.341278076 0.205551103
vt 0.083496094 0.438964844
vn -0.236948669 -0.007898262 0.971490145
v -0.002750871 0.393577576 0.214126542
vt 0.047607422 0.446777344
vn -0.007849351 0.078494824 0.996883690
v 0.038188938 0.353057861 0.208663896
vt 0.056396484 0.469726562
vn 0.244359896 0.015765201 0.969556510
v 0.067405701 0.379631042 0.198409975
vt 0.044677734 0.479003906
vn 0.495449126 0.078642756 0.865069628
v 0.067840576 0.360458374 0.200698793
vt 0.050781250 0.483154297
vn 0.542332947 -0.275096297 0.793849468
v 0.083541870 0.351654053 0.182098329
vt 0.043457031 0.489013672
vn 0.533863306 -0.314037114 0.785092831
vt 0.034912109 0.492919922
vt 0.041748047 0.495117188
v 0.063179016 0.351119995 0.184905946
vt 0.054931641 0.492187500
vn 0.047261678 -0.945233583 -0.322954774
v 0.068367004 0.345184326 0.165084779
vt 0.046142578 0.498535156
vn -0.874097168 -0.165369779 -0.456735313
vt 0.038574219 0.499755859
vt 0.044921875 0.510253906
v 0.061599731 0.373550415 0.184097230
vt 0.054687500 0.502685547
vn -0.702356935 -0.047349956 -0.710248351
vt 0.053710938 0.508300781
vt 0.066162109 0.516601562
v 0.048984528 0.330917358 0.181625322
vt 0.065429688 0.487792969
vn -0.094702870 -0.047351420 -0.994378805
v 0.045692444 0.373901367 0.189697221
vt 0.060791016 0.505371094
vn -0.275753140 -0.007878712 -0.961196303
v -0.003485678 0.383964539 0.199951127
vt 0.080810547 0.517089844
vn -0.023563806 -0.141382128 -0.989674628
v 0.010783199 0.340805054 0.200103715
vt 0.080810547 0.498779297
vn -0.306167454 0.062803499 -0.949903786
vt 0.081542969 0.521240234
v -0.001151618 0.348541260 0.202300981
vt 0.086425781 0.503906250
vn 0.196819782 0.196819887 -0.960481167
v -0.063064575 0.341506958 0.182525605
vt 0.112304688 0.510742188
vn 0.236132517 0.228261515 -0.944530666
v -0.049674988 0.357315063 0.190154985
vt 0.103515625 0.516845703
vn 0.275547713 -0.039364006 -0.960481107
vt 0.100830078 0.530029297
v 0.107353203 0.388610840 0.133148134
vt 0.179199219 0.717285156
vt 0.158935547 0.717285156
vt 0.175537109 0.696533203
vt 0.187744141 0.708251953
v 0.105880730 0.401840210 0.134658754
vt 0.183593750 0.720458984
vn 0.928558350 0.133775413 0.346241981
vt 0.202392578 0.722167969
v 0.095321648 0.410408020 0.162856996
vt 0.180908203 0.731445312
vn 0.924244523 0.157990560 0.347579002
v 0.088577263 0.442859650 0.166732728
vt 0.187011719 0.745117188
vn 0.724769115 0.535698891 0.433285713
v 0.095451355 0.395797729 0.168487489
vt 0.170898438 0.731933594
vn 0.825289190 0.086458921 0.558052480
vt 0.156494141 0.742675781
v 0.092750549 0.397766113 0.179641664
vt 0.173583984 0.735351562
vn 0.691116214 -0.235607713 0.683262348
v 0.097587585 0.415328979 0.173095644
vt 0.177246094 0.735595703
vn 0.663208485 0.544778347 0.513196945
v 0.074989319 0.414497375 0.184829652
vt 0.173828125 0.745849609
vn 0.685528398 0.126074240 0.717046797
v 0.063652039 0.403892517 0.198409975
vt 0.164550781 0.750244141
vn 0.282590002 0.054948088 0.957665741
vt 0.143798828 0.770507812
v 0.058395386 0.443988800 0.198837221
vt 0.177246094 0.760253906
vn 0.418440014 0.371069402 0.828984678
v 0.058315273 0.443862915 0.189529359
vt 0.180908203 0.760498047
vn 0.314882606 0.818694711 0.480195910
v -0.002375365 0.444587708 0.198821977
vt 0.169433594 0.784423828
vn 0.031479526 0.794856846 0.605979979
v -0.001222253 0.444396973 0.209335282
vt 0.164550781 0.782470703
vn -0.007889071 0.165673092 0.986149132
v -0.071647644 0.400924683 0.197830170
vt 0.126953125 0.792724609
vn -0.267924130 0.063041031 0.961375356
v -0.067497253 0.443309784 0.198364228
vt 0.176025391 0.809082031
vn -0.408336282 0.337662756 0.848083317
vt 0.706542969 0.833740234
v 0.096679673 0.442630768 0.104255617
vt 0.670166016 0.827392578
vn 0.670185268 0.741146147 -0.039422791
vt 0.669433594 0.820800781
v 0.075798027 0.442901611 0.151031435
vt 0.654541016 0.814697266
vn 0.615184844 0.741376638 0.268157363
vt 0.654296875 0.802734375
vt 0.639404297 0.785644531
v 0.054519650 0.466110229 0.174911454
vt 0.645019531 0.809814453
vn 0.395829439 0.664993346 0.633326948
v 0.070564263 0.464553833 0.139846742
vt 0.652343750 0.829345703
vn 0.711023808 0.624120951 0.323910713
v 0.086570725 0.464447021 0.106368959
vt 0.668212891 0.837402344
vn 0.836801589 0.544710517 -0.055260614
v 0.076919541 0.465465546 0.104278512
vt 0.669921875 0.842773438
vn 0.769960642 0.628539443 -0.109994523
v 0.065315224 0.465084076 0.057811685
vt 0.697753906 0.847412109
vn 0.700049937 0.542735398 -0.464078158
vt 0.711181641 0.847656250
v 0.076515183 0.473245621 0.104873605
vt 0.667968750 0.848144531
vn 0.678914487 -0.734174967 0.007894297
v 0.062736489 0.473752975 0.056507058
vt 0.698242188 0.854248047
vn 0.545731723 -0.798824787 -0.253093034
v 0.038478829 0.465320587 0.048934888
vt 0.712402344 0.852050781
vn 0.433662713 0.756938696 -0.488856345
v 0.040122963 0.477643967 0.050174665
vt 0.710449219 0.854492188
vn 0.291727722 -0.835760593 -0.465187460
v 0.030292487 0.471261978 0.036041211
vt 0.722900391 0.854736328
vn 0.291338563 -0.803149581 -0.519685030
vt 0.740478516 0.855712891
v -0.003788260 0.481609344 0.010810809
vt 0.744628906 0.859863281
vn -0.039295934 -0.487268448 -0.872367680
v 0.049762700 0.475341797 0.026943156
vt 0.717529297 0.861572266
vn 0.425447494 -0.685443223 -0.590899408
v 0.033809636 0.500124812 0.013685177
vt 0.739501953 0.868896484
vn 0.102203816 -0.338059157 -0.935558975
v -0.004393131 0.514458656 0.000548318
vt 0.760498047 0.870361328
vn -0.063070498 -0.157675996 -0.985474706
v 0.039501160 0.520923615 0.009019800
vt 0.746337891 0.877197266
vn 0.102626480 -0.007894394 -0.994688690
v -0.005047830 0.550827026 -0.001763390
vt 0.778808594 0.882080078
vn -0.000000130 -0.023615502 -0.999721110
v 0.046367615 0.507533550 0.002342888
vt 0.737304688 0.872558594
vn 0.267285913 -0.408790410 -0.872610331
v 0.078567475 0.521667480 0.020557346
vt 0.722412109 0.878662109
vn 0.599914789 -0.410468072 -0.686744690
v 0.080009431 0.512076378 0.024383489
vt 0.716796875 0.876220703
vn 0.598110080 -0.464322329 -0.653199255
v 0.096542336 0.516725540 0.040561620
vt 0.703613281 0.875732422
vn 0.730271399 -0.471142888 -0.494700074
v 0.081489541 0.479084015 0.067436166
vt 0.690185547 0.857910156
vn 0.644630969 -0.660353661 -0.385206401
v 0.084236130 0.478830338 0.082015939
vt 0.679931641 0.855957031
vn 0.672446430 -0.727824450 -0.134489343
v 0.104171731 0.508104324 0.063598573
vt 0.688476562 0.870849609
vn 0.908785820 -0.379319280 -0.173854783
v 0.094421364 0.520763397 0.047569219
vt 0.700439453 0.877441406
vn 0.949874520 0.149153888 -0.274757206
v 0.101898178 0.499398410 0.106491029
vt 0.665039062 0.864501953
vn 0.904726863 -0.424828261 0.031468660
v 0.097938515 0.513573647 0.071899354
vt 0.682861328 0.873779297
vn 0.939428151 -0.268408030 -0.213147685
v 0.091415390 0.478729248 0.104827821
vt 0.667480469 0.855224609
vn 0.714368522 -0.698668003 0.039250951
v 0.080787651 0.478244781 0.137557924
vt 0.652587891 0.864501953
vn 0.663001895 -0.678787589 0.315715104
v 0.065330498 0.472595215 0.136489809
vt 0.650878906 0.862548828
vn 0.638032734 -0.661663532 0.393847317
v 0.052688595 0.479167938 0.182311967
vt 0.624755859 0.881591797
vn 0.544100523 -0.670268595 0.504672766
v 0.043502800 0.473142624 0.168273881
vt 0.629150391 0.875976562
vn 0.298722327 -0.762527764 0.573861063
vt 0.991455078 0.717041016
vt 0.986083984 0.732421875
vt 0.983642578 0.731689453
v 0.042686455 0.466220856 0.169509843
vt 0.978271484 0.750488281
vn 0.315391153 0.835786521 0.449432313
vt 0.980712891 0.750000000
vt 0.975585938 0.746337891
v -0.004290109 0.470149994 0.176361039
vt 0.976806641 0.774169922
vn 0.007884665 -0.583455443 0.812106907
v -0.002673630 0.466567993 0.183639482
vt 0.974365234 0.775390625
vn -0.039231617 0.682631314 0.729709208
v -0.047866829 0.466381073 0.172470048
vt 0.992919922 0.793701172
vn -0.323587865 0.805023551 0.497220457
vt 0.960693359 0.774658203
vt 0.963134766 0.745117188
v -0.066802979 0.442405701 0.190200776
vt 0.941894531 0.792236328
vn -0.259288460 0.746436596 0.612863779
v 0.103614800 0.511482239 0.147857606
vt 0.808105469 0.897216797
vn 0.876710594 -0.418609530 0.236948699
v 0.095375054 0.522148132 0.173400819
vt 0.798583984 0.906250000
vn 0.710624874 -0.505333126 0.489541471
vt 0.799072266 0.877929688
vt 0.820068359 0.881835938
vt 0.774902344 0.890869141
v 0.104789719 0.529914856 0.142517030
vt 0.815673828 0.904785156
vn 0.908190429 -0.355378807 0.221124500
v 0.096427910 0.520795822 0.157211244
vt 0.805908203 0.903564453
vn 0.942431033 -0.054975081 0.329850703
v 0.118316635 0.533344269 0.106643617
vt 0.832519531 0.898925781
vn 0.826310813 -0.558743358 -0.070826717
vt 0.836669922 0.878906250
v 0.100295998 0.533126831 0.046420991
vt 0.852050781 0.876464844
vn 0.729911506 -0.635729253 -0.251152396
v 0.107353188 0.533794403 0.042629182
vt 0.853759766 0.880859375
vn 0.558760762 -0.818466485 -0.133787841
v 0.120376572 0.535697937 0.103019655
vt 0.834472656 0.899658203
vn 0.983368337 -0.055068590 -0.173072964
v 0.107841469 0.539627075 0.044742525
vt 0.856445312 0.882080078
vn 0.861021340 0.055294964 -0.505553961
v 0.117431626 0.534786224 0.121879518
vt 0.827148438 0.905029297
vn 0.963913262 -0.195917249 0.180243805
v 0.121421792 0.564132690 0.104705751
vt 0.840087891 0.915283203
vn 0.983733773 -0.086568534 -0.157397538
v 0.118385300 0.563423157 0.121604860
vt 0.832519531 0.919921875
vn 0.377753824 -0.873555481 0.306924880
v 0.102722161 0.533363342 0.159088075
vt 0.808593750 0.909423828
vn 0.557330072 -0.800671279 0.219792068
v 0.111457810 0.572265625 0.157226503
vt 0.816894531 0.928955078
vn 0.911044776 0.125661403 0.392691553
v 0.114944443 0.579063416 0.139144838
vt 0.825927734 0.930419922
vn -0.582298100 -0.354100287 0.731807292
v 0.110336289 0.590354919 0.135589540
vt 0.827148438 0.934814453
vn 0.725309491 0.441492766 0.528214335
v 0.110061638 0.534572601 0.164901674
vt 0.808593750 0.913574219
vn 0.854409397 -0.101901963 0.509510040
v 0.089134209 0.533000946 0.183013856
vt 0.795166016 0.914306641
vn 0.698668182 -0.039250955 0.714368343
v 0.093208306 0.569458008 0.173019350
vt 0.803710938 0.930908203
vn 0.631332040 0.165724695 0.757598281
v 0.098205552 0.607948303 0.156600893
vt 0.815429688 0.944091797
vn 0.965634525 -0.109909557 0.235520467
v 0.083068840 0.524118423 0.185531557
vt 0.791015625 0.910644531
vn 0.550430954 -0.416754723 0.723423362
v 0.058921810 0.528606415 0.208160341
vt 0.777587891 0.918457031
vn 0.463633746 -0.102156505 0.880118072
v 0.061107628 0.567321777 0.200317323
vt 0.783447266 0.936279297
vn 0.647276640 0.205234081 0.734106302
v 0.051643368 0.550159454 0.204223588
vt 0.775390625 0.929199219
vn 0.251462430 -0.479350030 0.840827107
v 0.054435726 0.493243694 0.185562089
vt 0.775634766 0.898681641
vn 0.473809063 -0.473808885 0.742300630
v 0.041957851 0.520502090 0.196487382
vt 0.767333984 0.915283203
vn -0.110109866 -0.228084952 0.967395008
v 0.037940975 0.540611267 0.200607255
vt 0.767822266 0.925292969
vn -0.007884395 -0.299612254 0.954028547
v 0.045482632 0.500320315 0.198623613
vt 0.771484375 0.906494141
v 0.040805813 0.480056763 0.182403520
vt 0.765625000 0.893554688
vn 0.094856620 -0.537519991 0.837898970
vt 0.767578125 0.887695312
v -0.003661875 0.505727291 0.199615434
vt 0.747802734 0.904052734
vn 0.079037316 -0.252918959 0.964253664
vt 0.748779297 0.884277344
v -0.004552845 0.479093552 0.190414384
vt 0.748291016 0.889648438
vn -0.047279157 -0.496432513 0.866786957
vt 0.844970703 0.182373047
vt 0.851562500 0.176513672
v -0.107399046 0.331817627 -0.257659972
vt 0.854248047 0.183837891
vn 0.126250550 0.362970680 -0.923208058
vt 0.862792969 0.181640625
vt 0.853027344 0.197265625
v -0.133224547 0.345214844 -0.257293701
vt 0.861083984 0.188720703
vn 0.141190439 0.407883883 -0.902050972
v -0.186630309 0.354614228 -0.260803223
vt 0.875732422 0.195068359
vn 0.117669560 0.462834090 -0.878600359
v -0.162719786 0.372528076 -0.250793457
vt 0.865966797 0.198242188
vn 0.062844105 0.424198627 -0.903385997
vt 0.861083984 0.205810547
vt 0.881835938 0.191650391
vt 0.873291016 0.211914062
v -0.213821471 0.355789155 -0.265991211
vt 0.884521484 0.197998047
vn 0.197377175 0.497390777 -0.844774902
v -0.207565367 0.383567810 -0.246704116
vt 0.878662109 0.204589844
vn 0.054920845 0.502134562 -0.863043904
vt 0.894042969 0.198242188
v -0.219101012 0.396377563 -0.234817520
vt 0.880126953 0.210693359
vn -0.055022813 0.550226688 -0.833200634
v -0.225570738 0.396118164 -0.242584243
vt 0.882324219 0.209960938
vn -0.094208375 0.659457684 -0.745815277
v -0.229660094 0.387382507 -0.242828384
vt 0.887695312 0.214111328
vn -0.363741636 0.561427057 -0.743297815
vt 0.886962891 0.226562500
v -0.219924986 0.354629487 -0.260375977
vt 0.887451172 0.209960938
vn -0.868839383 0.410723984 -0.276448756
v -0.235870421 0.362426728 -0.260803223
vt 0.893066406 0.202392578
vn -0.590386629 0.574642837 -0.566770911
v -0.270355284 0.360183686 -0.239181533
vt 0.901855469 0.212402344
vn -0.465419054 0.528526545 -0.709961116
v -0.250793517 0.340942353 -0.265777588
vt 0.900146484 0.200439453
vn -0.512829602 0.504939735 -0.694292247
vt 0.904052734 0.188232422
vt 0.906738281 0.187744141
v -0.275268614 0.301361054 -0.279174805
vt 0.913574219 0.194335938
vn -0.434338570 0.418544263 -0.797603250
vt 0.918945312 0.190429688
v -0.286346495 0.302810639 -0.272705078
vt 0.915771484 0.197509766
vn -0.536348462 0.512685955 -0.670435369
v -0.288238585 0.291473359 -0.278320312
vt 0.918701172 0.194580078
vn -0.690328956 0.117669635 -0.713862658
vt 0.930175781 0.197509766
v -0.317779601 0.307113618 -0.236724839
vt 0.924804688 0.208984375
vn -0.624354899 0.355645061 -0.695483744
vt 0.934570312 0.202148438
v -0.304504454 0.328994721 -0.233871445
vt 0.916748047 0.212402344
vn -0.573436141 0.463461936 -0.675554693
v -0.341766417 0.319625825 -0.210174546
vt 0.930175781 0.219238281
vn -0.872610331 0.408790350 -0.267285913
vt 0.940429688 0.206542969
v -0.332763731 0.342102021 -0.203613281
vt 0.923583984 0.224121094
vn -0.772300363 0.449195027 -0.449195027
vt 0.944335938 0.209960938
v -0.300567687 0.364318818 -0.216644287
vt 0.910644531 0.221679688
vn -0.550226808 0.455902070 -0.699573934
v -0.281677306 0.389297456 -0.213882461
vt 0.901855469 0.224853516
vn -0.424408317 0.534439862 -0.730925202
v -0.292297423 0.394706696 -0.201004028
vt 0.904541016 0.230224609
vn -0.473794311 0.560656428 -0.679104865
v -0.274475157 0.429923981 -0.184387222
vt 0.895507812 0.238037109
vn -0.393164992 0.605473876 -0.691970170
vt 0.885009766 0.240234375
vt 0.897216797 0.247314453
v -0.306304991 0.405982941 -0.181274414
vt 0.908691406 0.237304688
vn -0.820706069 0.481375635 -0.307764679
v -0.297271788 0.422103852 -0.157089233
vt 0.906738281 0.245849609
vn -0.920518219 0.354045480 0.165221334
vt 0.896240234 0.253417969
v -0.320312560 0.363525391 -0.162857056
vt 0.924072266 0.238525391
vn -0.921831548 0.346671700 0.173335969
vt 0.915039062 0.264160156
v -0.305328399 0.370544434 -0.110023499
vt 0.928466797 0.256591797
vn -0.762904823 0.110109985 0.637065053
v -0.341827422 0.307800293 -0.168136582
vt 0.940185547 0.229003906
vn -0.919607878 0.369415104 0.133618340
v -0.366607726 0.256744355 -0.197265610
vt 0.952148438 0.212646484
vn -0.904139519 0.416690379 0.094345100
vt 0.955810547 0.210693359
v -0.365417510 0.255599976 -0.170928940
vt 0.956542969 0.220214844
vn -0.897304177 0.409296602 0.165292963
v -0.379821807 0.216247529 -0.143707260
vt 0.971191406 0.218261719
vn -0.742208123 0.552708089 0.378999949
v -0.334808379 0.303207397 -0.126464829
vt 0.947509766 0.240966797
vn -0.843121052 0.307305813 0.441259772
v -0.358001739 0.252990723 -0.136322007
vt 0.961914062 0.230224609
vn -0.805023372 0.323587865 0.497220516
v -0.364318877 0.224884003 -0.137573227
vt 0.970947266 0.224121094
vn 0.275547981 -0.039363928 0.960481107
v -0.379394561 0.199035615 -0.127639756
vt 0.978027344 0.216308594
vn 0.031395126 0.227613866 0.973245323
v -0.344696075 0.257904053 -0.140777573
vt 0.962402344 0.234375000
vn 0.803373873 -0.362305790 0.472572774
v -0.323822051 0.326629639 -0.118309014
vt 0.939941406 0.246582031
vn -0.703364968 0.102738693 0.703365147
v -0.342498809 0.278274536 -0.127441391
vt 0.955566406 0.237792969
vn 0.725783408 -0.410225272 0.552226245
v -0.308441192 0.301467896 -0.162750229
vt 0.955078125 0.253173828
vn 0.754014671 -0.431987464 0.494821995
v -0.337768584 0.259704590 -0.156509385
vt 0.964355469 0.239257812
vn 0.786621690 -0.432641834 0.440508068
v -0.338775665 0.237915039 -0.173431382
vt 0.971679688 0.238769531
vn 0.826746106 -0.409436047 0.385814726
v -0.314666778 0.273101777 -0.179351792
vt 0.966552734 0.250244141
vn 0.766230106 -0.466057360 0.442359537
v -0.315216094 0.341705322 -0.117431633
vt 0.938476562 0.250976562
vn 0.729013979 -0.438976049 0.525203466
v -0.278198302 0.330383271 -0.186584488
vt 0.951904297 0.268066406
vn 0.754014671 -0.494821995 0.431987464
v -0.301635772 0.374633789 -0.109855652
vt 0.929931641 0.257324219
vn 0.706561983 -0.455339789 0.541697264
vt 0.979248047 0.264892578
v -0.290466338 0.331787109 -0.161529541
vt 0.944580078 0.262695312
vn 0.710624874 -0.489541471 0.505333066
v -0.275482208 0.371826172 -0.143814102
vt 0.929931641 0.269531250
vn 0.620797694 -0.534357429 0.573648393
v -0.279388458 0.404121369 -0.107292175
vt 0.919189453 0.266357422
vn 0.584492028 -0.537100613 0.608187437
vt 0.911132812 0.276611328
vt 0.923095703 0.277099609
v -0.255249083 0.377456665 -0.158142105
vt 0.935058594 0.275634766
vn 0.678006649 -0.575517297 0.457260251
vt 0.927490234 0.290283203
vt 0.940429688 0.298828125
v -0.243972823 0.364501923 -0.197372451
vt 0.948242188 0.282226562
vn 0.701396585 -0.583183587 0.409804612
v -0.259704649 0.320022553 -0.228820801
vt 0.965087891 0.277343750
vn 0.730361581 -0.479054272 0.486907601
vt 0.985351562 0.275878906
vt 0.963867188 0.289550781
vt 0.980957031 0.285156250
vt 0.953857422 0.292236328
v -0.220886275 0.382743835 -0.208984390
vt 0.949218750 0.293701172
vn 0.424198776 -0.628442407 0.652008951
vt 0.945068359 0.298339844
v -0.194427535 0.374053925 -0.210388198
vt 0.952392578 0.304443359
vn -0.157329068 -0.503453374 0.849577725
vt 0.959472656 0.308349609
vt 0.959472656 0.321044922
vt 0.946044922 0.311523438
vt 0.939208984 0.306152344
vt 0.954833984 0.327148438
vt 0.963134766 0.341308594
vt 0.970703125 0.338378906
v -0.314239562 0.226745605 -0.231887802
vt 0.466552734 0.550537109
vn 0.748565495 -0.472778141 0.464898467
vt 0.453125000 0.544921875
v -0.341583282 0.199676484 -0.213897690
vt 0.466308594 0.536132812
vn 0.670852959 -0.710314870 0.213094398
v -0.343780547 0.209197968 -0.198562607
vt 0.461425781 0.534179688
vn 0.801660001 -0.463705182 0.377251655
vt 0.452148438 0.533935547
v -0.362304717 0.181091279 -0.187164292
vt 0.464355469 0.525390625
vn 0.686744630 -0.726212680 -0.031574525
v -0.356414825 0.197448701 -0.174667343
vt 0.458251953 0.525634766
vn 0.866894603 -0.386162072 0.315234303
vt 0.443115234 0.523193359
v -0.384368926 0.162200898 -0.155685410
vt 0.464111328 0.515380859
vn -0.558829963 -0.590313375 -0.582442462
v -0.366699249 0.201080292 -0.145187363
vt 0.452148438 0.516113281
vn 0.835786581 -0.315391064 0.449432254
vt 0.447998047 0.514648438
v -0.376953155 0.166381806 -0.154922470
vt 0.461425781 0.516601562
vn 0.842389166 -0.488113284 0.228310972
vt 0.454589844 0.506103516
v -0.381805450 0.177978486 -0.129775986
vt 0.456298828 0.512207031
vn 0.799391806 -0.305649728 0.517253339
v -0.391662627 0.154357880 -0.129150376
vt 0.460693359 0.510742188
vn 0.575213552 -0.661889374 0.480657727
v -0.399139434 0.157470673 -0.133438081
vt 0.461669922 0.509521484
vn -0.916688323 -0.165952235 -0.363514185
v -0.397491485 0.169921845 -0.129333481
vt 0.458984375 0.508789062
vn -0.466042817 0.118485510 0.876792729
v -0.396667510 0.205627412 -0.141021714
vt 0.467285156 0.501708984
vn -0.970763624 0.236771569 0.039462052
vt 0.468994141 0.497558594
v -0.387786895 0.220916718 -0.163528427
vt 0.474121094 0.508300781
vn -0.923208117 0.362970680 -0.126250580
v -0.085838318 0.002197266 0.053565968
vt 0.510742188 0.144287109
vn 0.448360473 -0.810195208 -0.377566755
v -0.120651253 0.003295898 0.032260887
vt 0.502685547 0.163085938
vn 0.023589784 -0.330258518 -0.943595767
v -0.120422371 0.036376953 0.033210743
vt 0.488769531 0.161621094
vn 0.282146782 0.078374118 -0.956164658
v -0.084602356 0.029785156 0.055000294
vt 0.496826172 0.140625000
vn 0.955216885 0.047366157 -0.292091250
v -0.089660645 0.065826416 0.056007370
vt 0.475341797 0.144531250
vn 0.660414815 0.228000402 -0.715449631
v -0.157440186 0.003936768 0.043869019
vt 0.507568359 0.179931641
vn -0.197340399 -0.947234035 -0.252595663
v -0.092292778 0.001281738 0.098213188
vt 0.535156250 0.145996094
vn 0.322824687 -0.944852650 0.055116400
v -0.154541016 0.025177002 0.043983456
vt 0.496582031 0.179931641
vn -0.543813229 0.212796390 -0.811778903
v -0.121505745 0.067108154 0.037849415
vt 0.473144531 0.164306641
vn -0.235520765 0.164864376 -0.957783818
v -0.180877686 0.003540039 0.070930481
vt 0.514892578 0.196777344
vn -0.188515261 -0.973995626 -0.125676781
v -0.109062180 0.000640869 0.151550278
vt 0.562011719 0.159667969
vn 0.086267263 -0.995994210 0.023527455
v -0.176986694 0.025848389 0.068733215
vt 0.502197266 0.195068359
vn -0.783500969 0.242885217 -0.571955562
v -0.162216187 0.062164307 0.072074890
vt 0.480468750 0.192382812
vn -0.777865648 0.424290270 -0.463576376
v -0.152206421 0.071136475 0.063766479
vt 0.473632812 0.186767578
vn -0.876355290 -0.007895152 -0.481600523
v -0.097999573 0.069610596 0.057228073
vt 0.471191406 0.148681641
vn 0.677396357 -0.165410757 -0.716780007
v -0.137908936 0.089660645 0.050067894
vt 0.463623047 0.177246094
vn -0.605605125 0.047189940 -0.794364929
v -0.161865234 0.095275879 0.067192070
vt 0.462646484 0.193115234
vn -0.934894621 0.031424973 -0.353531480
v -0.150573730 0.151641846 0.066543572
vt 0.433593750 0.192382812
vn -0.859414220 0.173459679 -0.480956435
v -0.116172798 0.091400146 0.033210743
vt 0.459960938 0.162597656
vn 0.526499093 -0.125731155 -0.840827227
v -0.110229500 0.133026123 0.032608017
vt 0.439208984 0.166015625
vn -0.236690685 0.047338057 -0.970431149
v -0.102058418 0.175140381 0.034900650
vt 0.417724609 0.166015625
vn -0.307162941 -0.204775274 -0.929364383
v -0.145812988 0.180419922 0.069198601
vt 0.418212891 0.195068359
vn -0.947943032 -0.039497681 -0.315980852
v -0.076431282 0.165405273 0.058486920
vt 0.418457031 0.150878906
vn 0.620051384 -0.266857564 -0.737782776
v -0.057258610 0.166534424 0.075210549
vt 0.418945312 0.132324219
vn 0.867514431 -0.212935343 -0.449530333
v -0.072723389 0.088745117 0.072647072
vt 0.461181641 0.132324219
vn 0.901468754 -0.250843495 -0.352748781
v -0.090637207 0.057495117 0.070404045
vt 0.474365234 0.138916016
vn 0.996914387 -0.062797710 0.047098190
vt 0.441162109 0.012207031
vt 0.424072266 0.023193359
vt 0.431884766 0.009521484
vt 0.431640625 0.006103516
vt 0.442871094 0.048583984
vt 0.415039062 0.036376953
v -0.090881340 0.023712158 0.099609368
vt 0.448242188 0.038574219
vn 0.973515213 0.062807485 0.219825879
v -0.087608337 0.068206787 0.089881890
vt 0.453857422 0.010986328
vn 0.827130914 -0.559297860 0.055141971
vt 0.437500000 0.000244141
v -0.095054626 0.058105469 0.100700371
vt 0.458007812 0.025634766
vn 0.956559241 -0.221352473 0.189730644
v -0.086906426 0.070617676 0.127731308
vt 0.473876953 0.024902344
vn 0.683072984 -0.651667237 0.329759300
v -0.102043144 0.058410645 0.120529167
vt 0.477050781 0.031494141
vn 0.693085432 -0.401674330 0.598573565
v -0.111045830 0.071105957 0.137283310
vt 0.481689453 0.020019531
vn 0.316297084 -0.340019196 0.885631442
v -0.103149407 0.022308350 0.138992295
vt 0.465087891 0.054443359
vn 0.943129420 0.039297111 0.330095142
vt 0.464843750 0.072998047
v -0.118583664 0.017578125 0.175872788
vt 0.477294922 0.079589844
vn 0.915431499 0.000000058 0.402474046
v -0.118370041 0.046325684 0.170104966
vt 0.484863281 0.060546875
vn 0.715980828 0.535018623 0.448471308
v -0.105560295 0.057281494 0.134048447
vt 0.479248047 0.038574219
vn 0.591708004 0.757386208 0.276130259
v -0.145263672 0.068420410 0.138015732
vt 0.499511719 0.035400391
vn 0.181259736 0.977226615 0.110331967
v -0.116851799 0.071563721 0.130035385
vt 0.484375000 0.020263672
vn -0.283569992 -0.874341130 0.393847436
v -0.121681206 0.074951172 0.143112168
vt 0.482910156 0.016357422
vn -0.505711555 -0.126427904 0.853388488
v -0.154418945 0.076660156 0.118400566
vt 0.502685547 0.008789062
vn -0.567192852 -0.764135003 0.307229608
v -0.126846313 0.061279297 0.106140129
vt 0.496093750 0.022460938
vn 0.047232356 0.991880059 0.118080907
v -0.165603638 0.068267822 0.094619751
vt 0.522216797 0.020263672
vn -0.219440937 0.971809566 -0.086208932
v -0.138076782 0.067077637 0.087776177
vt 0.511962891 0.015136719
vn -0.860189736 -0.189399615 0.473499089
vt 0.516845703 0.001464844
vt 0.522705078 0.005859375
v -0.073799126 0.088531494 0.121589638
vt 0.801269531 0.986328125
vn 0.882574081 -0.299444705 0.362485647
vt 0.777099609 0.985351562
v -0.064453125 0.135589600 0.118324257
vt 0.799804688 0.961669922
vn 0.936862826 -0.181074262 0.299166143
vt 0.778564453 0.944580078
v -0.058002472 0.166473389 0.118873574
vt 0.800048828 0.945556641
vn 0.770960808 -0.574287057 0.275343060
vt 0.786865234 1.000000000
v -0.082550049 0.164062500 0.138900742
vt 0.815917969 0.950195312
vn 0.543965280 -0.378410518 0.748937488
vt 0.805908203 0.996826172
v -0.094543450 0.078063965 0.135284409
vt 0.812500000 0.993408203
vn 0.442152888 -0.150016055 0.884305477
vt 0.820312500 0.998046875
v -0.091560356 0.120941162 0.138458237
vt 0.815917969 0.972167969
vn 0.535649121 -0.126035005 0.834982276
v -0.110633843 0.133697510 0.151855454
vt 0.828857422 0.967285156
vn -0.117978521 -0.062921911 0.991020679
v -0.107322685 0.165618896 0.151123032
vt 0.830078125 0.950439453
vn -0.315498888 -0.433811098 0.843959928
vt 0.826904297 0.998291016
vt 0.161621094 0.471679688
vt 0.158691406 0.492675781
v -0.199691772 0.022613525 0.106643684
vt 0.135742188 0.491699219
vn -0.863868594 0.259160489 -0.431934148
vt 0.154296875 0.503906250
v -0.217163071 0.002960205 0.139617920
vt 0.116210938 0.502685547
vn -0.378481090 -0.914662719 -0.141930327
vt 0.133544922 0.548339844
v -0.218551621 0.040710449 0.165267944
vt 0.108398438 0.480468750
vn -0.864081681 0.463461906 -0.196382076
v -0.206207260 0.046142578 0.141174316
vt 0.120605469 0.474365234
vn -0.606374443 0.787499189 -0.110249840
vt 0.152099609 0.462646484
v -0.175048828 0.066894531 0.119804382
vt 0.138916016 0.460693359
vn -0.323135316 0.922117889 0.212796450
v -0.169082627 0.047393799 0.180343613
vt 0.112548828 0.448486328
vn -0.134153873 0.946968555 0.291981965
vt 0.139160156 0.442138672
v -0.146423325 0.064636230 0.149414048
vt 0.133300781 0.440185547
vn -0.015744597 0.897443056 0.440849215
vt 0.435302734 0.225341797
vt 0.457275391 0.209472656
v -0.162597656 0.095886230 0.115447991
vt 0.462402344 0.218750000
vn -0.959085107 0.007861324 0.283008844
vt 0.444824219 0.235107422
vt 0.472167969 0.195312500
vt 0.468261719 0.254394531
v -0.152038574 0.152404785 0.122520439
vt 0.488281250 0.234619141
vn -0.834335387 0.094453059 0.543105245
vt 0.501220703 0.211669922
vt 0.477783203 0.266113281
vt 0.515136719 0.219970703
v -0.147232056 0.182159424 0.124664292
vt 0.499267578 0.245361328
vn -0.835786462 -0.449432403 0.315391272
v -0.154739395 0.186859131 0.064666741
vt 0.483154297 0.273681641
vn -0.795472920 -0.094511695 -0.598573565
vt 0.464355469 0.293701172
v -0.121795647 0.175811768 0.162460312
vt 0.518310547 0.231689453
vn -0.617107093 -0.205702379 0.759516597
v -0.102668777 0.183410645 0.025207501
vt 0.470214844 0.299804688
vn -0.204946995 -0.134003788 -0.969556451
v -0.070465095 0.172241211 0.048713662
vt 0.459716797 0.316894531
vn 0.533320963 -0.250974625 -0.807824671
vt 0.454101562 0.309326172
v -0.050262459 0.168457031 0.063774087
vt 0.449707031 0.324462891
vn 0.911550879 -0.369335264 -0.180738643
vt 0.445800781 0.320800781
v -0.045524605 0.206390381 0.062973000
vt 0.483886719 0.339843750
vn 0.856728673 0.070739083 -0.510893404
v -0.093559280 0.218353271 0.027029019
vt 0.487792969 0.313232422
vn -0.070636727 0.251152307 -0.965366781
v -0.089881912 0.217559814 0.036685921
vt 0.489990234 0.318847656
vn 0.418557197 -0.000000021 -0.908190429
v -0.155593872 0.188964844 0.135040268
vt 0.506347656 0.248535156
vn -0.971490026 -0.007898325 0.236948937
v -0.150054947 0.213958740 0.067466728
vt 0.499511719 0.281738281
vn -0.976832390 0.212697327 -0.023632923
v -0.146743774 0.231506348 0.136566147
vt 0.528320312 0.261962891
vn -0.813397348 0.386956066 0.434338540
v -0.145339981 0.229034424 0.067611687
vt 0.506835938 0.287841797
vn -0.536165059 0.638667047 -0.551934421
v -0.111099251 0.221954346 0.054183941
vt 0.503662109 0.308593750
vn -0.511747718 0.377905905 -0.771557927
v -0.078872696 0.277832031 0.034683205
vt 0.501220703 0.343261719
vn 0.007864871 -0.047190044 -0.998854995
v -0.138427749 0.227539062 0.072303757
vt 0.510253906 0.291015625
vn -0.953406453 0.228502288 -0.196984679
v -0.113685615 0.248657227 0.058185559
vt 0.513671875 0.310302734
vn -0.559297979 0.055141982 -0.827130675
v -0.138351440 0.229248047 0.128478989
vt 0.532226562 0.267578125
vn -0.889488101 0.338477731 0.306991607
v -0.115013123 0.223632812 0.143310532
vt 0.546630859 0.257812500
vn -0.528197885 0.189205259 0.827773094
v -0.110160820 0.223419189 0.165344223
vt 0.544189453 0.246337891
vn -0.432896346 0.425025612 0.794955313
v -0.095901489 0.219848633 0.158142075
vt 0.552734375 0.245117188
vn -0.039295711 0.047155052 0.998114347
v -0.098365776 0.190216064 0.179199204
vt 0.535888672 0.229003906
vn 0.165017188 -0.196448848 0.966528535
v -0.094177239 0.219085693 0.163055405
vt 0.550781250 0.241455078
vn 0.313381135 0.579755068 0.752114475
v -0.073394775 0.214874268 0.151657090
vt 0.559570312 0.231933594
vn 0.502831638 -0.015713425 0.864241600
v -0.059906006 0.274215698 0.155761704
vt 0.582031250 0.235595703
vn 0.462933928 -0.164772987 0.870943189
v -0.069641113 0.211791992 0.157272324
vt 0.556884766 0.228515625
vn 0.643597782 0.078487583 0.761328936
v -0.049652100 0.207550049 0.130920380
vt 0.567871094 0.216796875
vn 0.879385412 -0.109923109 0.463247508
v -0.074867241 0.165161133 0.151123032
vt 0.535400391 0.209960938
vn 0.535698950 -0.433285773 0.724768996
vt 0.524414062 0.209716797
v -0.042217255 0.205108643 0.130706757
vt 0.565429688 0.212890625
vn 0.960153937 -0.047220632 0.275453836
v -0.049064636 0.169311523 0.129348725
vt 0.544677734 0.199951172
vn 0.831660450 -0.509980381 0.219683796
vt 0.538085938 0.196533203
vt 0.558837891 0.176513672
vt 0.551269531 0.179687500
vt 0.587890625 0.189941406
v -0.049423225 0.207916260 0.069351174
vt 0.589355469 0.192871094
vn 0.949874580 -0.149153829 -0.274757206
vt 0.593505859 0.210937500
v -0.126007065 0.000305176 0.187622055
vt 0.090087891 0.666015625
vn 0.479409307 -0.825212598 0.298648328
vt 0.066894531 0.651611328
vt 0.100585938 0.653076172
v -0.122192368 0.038208008 0.183792099
vt 0.129394531 0.657714844
vn 0.613470078 0.558414996 0.558414936
vt 0.131835938 0.653808594
vt 0.159179688 0.673095703
vt 0.151611328 0.670410156
vt 0.137451172 0.702880859
v -0.152984604 0.000183105 0.225707993
vt 0.103271484 0.681396484
vn 0.504422128 -0.480777144 0.717224956
v -0.190383896 0.001220703 0.207199097
vt 0.095947266 0.704833984
vn -0.228708267 -0.875400960 0.425870806
v -0.157089218 0.036529541 0.233489975
vt 0.114257812 0.686523438
vn 0.228233367 0.550907969 0.802751541
v -0.181762680 0.041046143 0.222946167
vt 0.115722656 0.697265625
vn -0.818796158 0.519620597 0.244064331
v -0.181915268 0.017120361 0.190643311
vt 0.118164062 0.710449219
vn -0.361354321 0.722708762 0.589164734
v -0.187896714 0.044067383 0.194564819
vt 0.129638672 0.719970703
vn 0.078740142 0.968503952 0.236220419
vt 0.150390625 0.742431641
vt 0.125732422 0.747558594
v -0.195404038 0.040679932 0.214874268
vt 0.114746094 0.721923828
vn 0.023568900 0.062850103 0.997744679
v -0.223083481 0.039855957 0.200393677
vt 0.116699219 0.733886719
vn -0.709189296 0.622510552 0.330955058
v -0.226608261 0.002349854 0.190689087
vt 0.093017578 0.730224609
vn -0.440467179 -0.880934477 0.173040807
vt 0.077880859 0.749267578
vt 0.389648438 0.985595703
v -0.032821678 0.297134399 -0.003669055
vt 0.403320312 0.982177734
vn -0.457559049 -0.410225332 -0.788894713
vt 0.397460938 0.990966797
vt 0.422607422 1.000000000
v -0.029871006 0.296890259 0.014796225
vt 0.395996094 0.977294922
vn -0.237081811 -0.363525599 0.900911391
vt 0.383300781 0.976318359
v -0.047630329 0.318130493 0.014222115
vt 0.404541016 0.967529297
vn -0.378657609 -0.299770713 0.875646055
v -0.070220970 0.351043701 -0.001755505
vt 0.422119141 0.958007812
vn -0.394337118 -0.086754195 -0.914861798
v -0.067230247 0.357772827 0.018291444
vt 0.415771484 0.950195312
vn 0.377906084 -0.511747539 0.771557927
v -0.047470115 0.362411499 0.014014211
vt 0.398925781 0.947753906
vn 0.212697476 0.023633091 0.976832271
vt 0.375000000 0.954589844
v -0.031208050 0.275558472 0.066764802
vt 0.492187500 0.474121094
vn 0.824398279 -0.227690950 -0.518193305
vt 0.462646484 0.467285156
vt 0.486816406 0.451660156
vt 0.489746094 0.448730469
vt 0.521972656 0.472656250
vt 0.522705078 0.493164062
vt 0.461669922 0.493164062
v -0.050022144 0.338638306 0.044036835
vt 0.470947266 0.433593750
vn 0.212374598 -0.369689345 -0.904558897
vt 0.491455078 0.439208984
v -0.060474414 0.357925415 0.027421920
vt 0.465576172 0.420898438
vn -0.323587984 -0.497220486 -0.805023491
vt 0.492187500 0.422363281
v -0.029037500 0.386451721 0.011104547
vt 0.478271484 0.406250000
vn -0.267129302 -0.392837137 -0.879955053
vt 0.487304688 0.407470703
v -0.047149681 0.387763977 0.015125241
vt 0.468750000 0.406738281
vn 0.282590002 -0.769272506 0.573029518
v -0.066680931 0.378234863 0.024917573
vt 0.461669922 0.408691406
vn -0.628966630 -0.684001207 -0.369517803
v -0.070442215 0.345962524 0.044601411
vt 0.458251953 0.428466797
vn -0.762834311 -0.047185685 -0.644870043
v -0.066680931 0.342895508 0.031848878
vt 0.460693359 0.434082031
vn -0.251462430 0.180738494 -0.950841844
vt 0.441894531 0.494628906
vt 0.439453125 0.484863281
v -0.100677505 0.328338623 0.053913094
vt 0.443115234 0.444824219
vn -0.567069948 0.086635612 -0.819100797
v -0.096107498 0.345703125 0.057239506
vt 0.443115234 0.435058594
vn -0.440562785 0.676578343 -0.590039253
v -0.124694839 0.301818848 0.067802407
vt 0.429199219 0.461914062
vn -0.933742821 0.156931490 -0.321709573
vt 0.424316406 0.498535156
v -0.121604927 0.317932129 0.134857163
vt 0.394042969 0.451660156
vn -0.908416986 0.157985538 0.387064785
vt 0.390625000 0.500488281
v -0.117958084 0.336059570 0.066970803
vt 0.432617188 0.443603516
vn -0.865524888 0.346209884 -0.361946672
v -0.117172249 0.340469360 0.110946633
vt 0.412353516 0.442382812
vn -0.905063093 0.424986124 0.015740328
v -0.111221321 0.342971802 0.130584687
vt 0.403320312 0.438964844
vn -0.583909333 0.718050659 0.378752053
v -0.110458389 0.343933105 0.073989846
vt 0.431396484 0.437744141
vn -0.551317871 0.826976776 -0.110263526
v -0.098152168 0.352005005 0.103775002
vt 0.420410156 0.431152344
vn -0.914406955 0.402023703 -0.047296811
v -0.091773994 0.354934692 0.127426118
vt 0.407958984 0.428466797
vn -0.923754513 0.094744034 0.371081024
v -0.088302627 0.357086182 0.069908120
vt 0.439697266 0.425048828
vn -0.879955292 0.267129183 -0.392837048
v -0.082489029 0.348083496 0.062293977
vt 0.446044922 0.428466797
vn -0.275096476 0.793849528 -0.542332828
v -0.086936966 0.377021790 0.055923432
vt 0.444824219 0.414550781
vn -0.816975176 -0.353498936 -0.455620587
v -0.094398513 0.374313354 0.080673195
vt 0.432861328 0.417968750
vn -0.912904918 -0.338404447 -0.228226095
v -0.105552688 0.396446228 0.106597878
vt 0.418701172 0.408691406
vn -0.897860467 -0.433178335 0.078759834
v -0.094558731 0.388755798 0.049438447
vt 0.444091797 0.406738281
vn 0.639761865 -0.489694118 0.592371941
vt 0.462158203 0.397460938
v -0.109169021 0.393707275 0.090606667
vt 0.425292969 0.405517578
vn 0.823814631 -0.423675984 0.376600832
v -0.101455703 0.343582153 0.049007393
vt 0.443115234 0.381835938
vn 0.813397408 -0.386955947 0.434338301
v -0.107872032 0.344604492 0.032405831
vt 0.449707031 0.376464844
vn -0.699207008 -0.274969041 -0.659925461
v -0.075340293 0.359695435 0.004716844
vt 0.463378906 0.391113281
vn -0.694963217 -0.023691984 -0.718654871
v -0.119766250 0.345214844 0.059631325
vt 0.436523438 0.373291016
vn -0.935241044 -0.015718391 -0.353662461
v -0.110954300 0.343780518 0.073440529
vt 0.432617188 0.379150391
vn 0.881016314 -0.346113503 0.322514772
v -0.115509041 0.387893677 0.104438759
vt 0.420410156 0.399414062
vn 0.971035898 -0.236837983 0.031578287
v -0.122108467 0.342071533 0.104179360
vt 0.419433594 0.374755859
vn 0.869898260 -0.482398093 -0.102806240
v -0.136795059 0.343811035 0.104270913
vt 0.417968750 0.366943359
vn -0.989919007 0.007856463 0.141417116
v -0.104057334 0.402915955 0.041271184
vt 0.445556641 0.345458984
vn -0.840827227 0.125731096 -0.526499093
v -0.121269241 0.437904358 0.104759187
vt 0.423583984 0.320068359
vn -0.958049595 0.282703102 -0.047117081
v -0.099174522 0.438781738 0.041519135
vt 0.443115234 0.328125000
vn -0.741146147 0.559801757 -0.370572984
vt 0.396484375 0.006591797
vt 0.423339844 0.006591797
vt 0.396728516 0.010253906
vt 0.401855469 0.045654297
vt 0.706787109 0.586181641
vt 0.741699219 0.598144531
vt 0.718261719 0.598144531
vt 0.692138672 0.594726562
vt 0.679199219 0.587890625
v -0.079421997 0.300445557 0.163986191
vt 0.698730469 0.576171875
vn -0.330340087 0.007865270 0.943829298
vt 0.736083984 0.588623047
vt 0.739990234 0.580810547
vt 0.699707031 0.557861328
vt 0.743896484 0.563476562
v -0.107337959 0.334976196 0.140426606
vt 0.687988281 0.562255859
vn -0.536749125 0.386775166 0.749870300
vt 0.685791016 0.557617188
v -0.066978455 0.343505859 0.166824311
vt 0.672607422 0.580566406
vn -0.417932093 0.212908894 0.883177578
v -0.085563667 0.343658447 0.133117646
vt 0.675537109 0.564697266
vn -0.614020944 0.495940030 0.614021063
vt 0.673583984 0.559326172
vt 0.662353516 0.586914062
vt 0.685302734 0.602050781
v -0.085144050 0.352478027 0.145751923
vt 0.668457031 0.567382812
vn -0.849341094 -0.290977985 0.440399230
vt 0.654785156 0.537353516
vt 0.676513672 0.542724609
vt 0.650390625 0.531250000
vt 0.655761719 0.529541016
v -0.105545051 0.379692078 0.134414643
vt 0.643554688 0.551025391
vn 0.910455167 -0.227613777 -0.345345229
vt 0.625976562 0.528320312
v -0.097122200 0.392585754 0.137435883
vt 0.650390625 0.555908203
vn -0.749100447 -0.654477298 0.102508612
v -0.111763008 0.343124390 0.130966157
vt 0.625244141 0.546142578
vn 0.642806172 -0.729036272 -0.235173076
vt 0.618164062 0.525390625
v -0.098556526 0.381210327 0.152923554
vt 0.643798828 0.562500000
vn 0.836801589 -0.228936270 -0.497344464
v -0.092910774 0.389083862 0.153106660
vt 0.648681641 0.564697266
vn -0.769746900 -0.526255608 0.361309916
v -0.070030212 0.385757446 0.179534882
vt 0.646972656 0.583251953
vn -0.645269275 -0.432802677 0.629531205
vt 0.648193359 0.593017578
vt 0.668945312 0.601806641
v -0.089317322 0.376785278 0.161315888
vt 0.641357422 0.569091797
vn 0.706735969 -0.109936722 -0.698883533
v -0.070953369 0.378143311 0.182220429
vt 0.642822266 0.582275391
vn 0.529648304 -0.063241623 -0.845856547
vt 0.637207031 0.593017578
v -0.074737549 0.345031738 0.179382294
vt 0.624267578 0.582031250
vn 0.434473813 -0.552966774 -0.710957289
vt 0.626464844 0.588867188
v -0.104064941 0.343627930 0.151077241
vt 0.624511719 0.560058594
vn 0.765204132 -0.378657758 -0.520654500
v -0.111053467 0.343856812 0.168991059
vt 0.615722656 0.562988281
vn -0.810395658 -0.220301762 0.542886615
vt 0.618896484 0.598632812
vt 0.622802734 0.621337891
v -0.071174622 0.345321655 0.201171845
vt 0.612548828 0.591064453
vn -0.513053000 -0.355190635 0.781419396
vt 0.612548828 0.601562500
vt 0.614501953 0.622314453
vt 0.604980469 0.613525391
vt 0.607177734 0.595947266
v -0.076629639 0.345123291 0.201873749
vt 0.612792969 0.587646484
vn -0.559020340 -0.417296976 0.716491103
v -0.076850891 0.379745483 0.197906464
vt 0.595703125 0.581787109
vn -0.548618853 0.094048992 0.830766082
v -0.089248657 0.393310547 0.183608979
vt 0.587646484 0.572998047
vn -0.714368343 0.039251015 0.698668182
vt 0.583740234 0.582031250
vt 0.581054688 0.610839844
v -0.105949409 0.397315979 0.162185639
vt 0.586669922 0.556640625
vn -0.912904859 0.133787766 0.385623753
vt 0.565917969 0.522460938
v -0.108970642 0.404502869 0.168594331
vt 0.582763672 0.558837891
vn -0.854750812 -0.039208770 0.517555654
v -0.089576721 0.401657104 0.189544648
vt 0.582275391 0.571044922
vn -0.581722140 0.322305530 0.746805549
v -0.102241524 0.416007996 0.163742036
vt 0.575683594 0.556152344
v -0.081672668 0.413520813 0.186050385
vt 0.576660156 0.572998047
vn -0.692827404 0.133841664 0.708573699
vt 0.561035156 0.576660156
vt 0.549316406 0.600585938
v -0.099121101 0.438121796 0.164199799
vt 0.564697266 0.555175781
vn -0.636651635 0.668091178 0.385134995
v -0.084342979 0.438049316 0.049304932
vt 0.540771484 0.498535156
vn -0.598073125 0.755460739 -0.267558932
vt 0.545654297 0.495605469
vt 0.556396484 0.574707031
vt 0.535888672 0.593017578
v -0.108604446 0.437984467 0.103126496
vt 0.559082031 0.523193359
vn -0.606280506 0.795250893 0.000000045
v -0.084747322 0.438125610 0.156768769
vt 0.556640625 0.553466797
vn -0.732806206 0.598852336 0.323065162
v -0.096229568 0.464374542 0.105651826
vt 0.544677734 0.524169922
vn -0.840178907 0.541797519 -0.023556333
v -0.077453636 0.463405609 0.063018762
vt 0.531738281 0.503173828
vn -0.693968415 0.630880237 -0.346984118
v -0.063636787 0.465316772 0.175399750
vt 0.542724609 0.563964844
vn -0.496602088 0.670018733 0.551780164
vt 0.525634766 0.579833984
v -0.082176216 0.464370728 0.137496918
vt 0.541748047 0.542236328
vn -0.707521856 0.628908217 0.322315544
v -0.084960952 0.464855194 0.103393517
vt 0.538330078 0.521240234
vn -0.787621379 0.614344597 -0.047257200
v -0.072425865 0.464302063 0.057960477
vt 0.529296875 0.500732422
vn -0.717314243 0.488719493 -0.496602058
vt 0.535888672 0.566650391
v -0.073844917 0.465000153 0.141967744
vt 0.538085938 0.546386719
vn -0.551249504 0.787499249 0.275624782
v -0.069725059 0.473340988 0.051074944
vt 0.525634766 0.497558594
vn -0.458975106 -0.846729994 -0.269054294
v -0.075813301 0.473697662 0.140731782
vt 0.533203125 0.546142578
vn -0.503624797 -0.810521245 0.299027354
vt 0.516601562 0.573730469
v -0.049831398 0.472160339 0.168472245
vt 0.532226562 0.564453125
vn -0.306962848 -0.676892638 0.669021904
v -0.062213905 0.475854874 0.169555634
vt 0.527832031 0.558837891
vn -0.156916976 -0.957194030 0.243221492
v -0.084854141 0.472963333 0.102668725
vt 0.535400391 0.520996094
vn -0.520136714 -0.851132810 -0.070927627
v -0.101737991 0.481693268 0.083953828
vt 0.523681641 0.508300781
vn -0.550226688 -0.833200514 -0.055022564
v -0.117935203 0.502140284 0.069473237
vt 0.514892578 0.498535156
vn -0.890371203 -0.417607784 -0.181225866
v -0.119415298 0.499277592 0.110321015
vt 0.512207031 0.513916016
vn -0.882985413 -0.465144128 -0.063070245
v -0.098320022 0.475296021 0.099166840
vt 0.526367188 0.519042969
vn -0.623653948 -0.781541109 -0.015788592
v -0.097396865 0.477371216 0.121490449
vt 0.529541016 0.529052734
vn -0.526580453 -0.848816395 0.047156576
v -0.119720474 0.499767393 0.119567841
vt 0.514160156 0.520751953
vn -0.781346262 -0.615606248 0.102601163
v -0.086578377 0.469135284 0.149475068
vt 0.528076172 0.542236328
vn -0.519813955 -0.811224878 0.267783076
v -0.081779487 0.481925964 0.162322968
vt 0.523193359 0.546386719
vn -0.219934419 -0.942576408 0.251353770
v -0.112358101 0.496034622 0.140380830
vt 0.513427734 0.530029297
vn -0.718632579 -0.671250284 0.181632534
vt 0.165527344 0.240966797
vt 0.155517578 0.221923828
vt 0.188476562 0.213623047
vt 0.164550781 0.197265625
v -0.069320701 0.407188416 0.004666774
vt 0.194335938 0.237792969
vn -0.442042649 0.094723344 -0.891978621
vt 0.192138672 0.210693359
vt 0.193359375 0.216064453
v -0.020530729 0.412193298 -0.008919754
vt 0.175048828 0.247070312
vn -0.267625421 0.078713268 -0.960302591
vt 0.172851562 0.262451172
vt 0.214355469 0.232666016
vt 0.211914062 0.208496094
v -0.026058225 0.443935394 -0.003432551
vt 0.182373047 0.259277344
vn -0.258873433 0.345164388 -0.902134240
vt 0.175292969 0.266113281
v -0.067337066 0.443576813 0.007030454
vt 0.199218750 0.252441406
vt 0.216308594 0.249023438
v -0.031263378 0.444034576 0.009467087
vt 0.187988281 0.262695312
vn -0.133937269 0.866652310 -0.480598122
v -0.063865684 0.442909241 0.016530955
vt 0.201904297 0.256103516
vn -0.307201028 0.897971988 -0.315077871
vt 0.216552734 0.256347656
v -0.027399087 0.462978363 0.032081563
vt 0.192138672 0.274169922
vn -0.244321957 0.685677290 -0.685677350
vt 0.178222656 0.277832031
vt 0.181640625 0.280517578
v -0.044662498 0.468452454 0.042137109
vt 0.201660156 0.273925781
vn -0.370297045 0.204845056 -0.906045675
v -0.033069633 0.470951080 0.034839589
vt 0.195312500 0.276855469
vn -0.204502687 -0.692162871 -0.692162752
v -0.071540855 0.452186584 0.040622681
vt 0.210205078 0.262451172
vn -0.725309491 0.528214395 -0.441492647
vt 0.217285156 0.268798828
vt 0.214843750 0.269775391
v -0.060188316 0.463413239 0.039653741
vt 0.206054688 0.267822266
vn -0.313834220 0.768893540 -0.557055533
vt 0.216308594 0.272949219
v -0.062450435 0.479154587 0.028900109
vt 0.207031250 0.281738281
vn -0.415676743 -0.768609762 -0.486263216
v -0.057106044 0.482831955 0.022951089
vt 0.203613281 0.284912109
vn -0.205516011 -0.577025592 -0.790445924
vt 0.180175781 0.289062500
v -0.068779022 0.497601032 0.020984614
vt 0.209228516 0.289306641
vn 0.094652578 -0.607354581 -0.788772106
v -0.071579009 0.518047333 0.014798128
vt 0.210449219 0.298583984
vn -0.141732395 -0.204724446 -0.968503952
vt 0.178710938 0.302978516
v -0.078300506 0.500602782 0.011317219
vt 0.213378906 0.294677734
vn -0.423571914 -0.439259708 -0.792236090
v -0.081825286 0.520483017 0.009642566
vt 0.213867188 0.302001953
vn -0.565249503 -0.031402808 -0.824322045
v -0.105888389 0.510383606 0.043449372
vt 0.226562500 0.296142578
vn -0.779213667 -0.362058908 -0.511604786
v -0.075401329 0.471315384 0.042861905
vt 0.216552734 0.280761719
vn -0.236220524 -0.771653533 -0.590551078
v -0.105072044 0.499597371 0.037288636
vt 0.223632812 0.292480469
vn -0.700744033 -0.527526379 -0.480285078
vt 0.233398438 0.293212891
v -0.084800743 0.469139099 0.056060757
vt 0.220947266 0.278808594
vn -0.596009731 -0.784223258 -0.172529027
vt 0.232421875 0.281982422
vt 0.317626953 0.969970703
vt 0.307617188 0.987304688
vt 0.305908203 0.965332031
vt 0.317626953 0.979980469
vt 0.317871094 0.987792969
vt 0.305419922 0.995605469
vt 0.314208984 0.996826172
vt 0.851318359 0.784423828
vt 0.846435547 0.769531250
vt 0.860351562 0.766601562
v -0.077224739 0.472780228 0.168533295
vt 0.857910156 0.781005859
vn -0.425236344 -0.811099112 0.401612282
v -0.102897651 0.499322653 0.172821015
vt 0.859130859 0.807861328
vn -0.678006530 -0.575517297 0.457260430
vt 0.839599609 0.787353516
vt 0.836669922 0.814941406
v -0.062629700 0.489046097 0.196166962
vt 0.878173828 0.776855469
v -0.083900459 0.496866465 0.189407319
vt 0.873291016 0.794677734
vn -0.620625079 -0.479216933 0.620625257
v -0.055774692 0.480491638 0.181503251
vt 0.871826172 0.764404297
vn -0.070653871 -0.573082507 0.816446304
vt 0.861083984 0.756103516
vt 0.882080078 0.732421875
vt 0.895019531 0.738037109
v -0.054618839 0.513497353 0.193695024
vt 0.895507812 0.775390625
vn 0.315185577 -0.464898497 0.827361822
v -0.029859547 0.515336990 0.198425248
vt 0.911376953 0.763427734
vn -0.070927605 -0.520136714 0.851132929
vt 0.916503906 0.748046875
v -0.076118469 0.513443947 0.207855195
vt 0.891357422 0.793945312
vn -0.228715330 -0.441657424 0.867541492
v -0.028989797 0.533924103 0.201538041
vt 0.927246094 0.766113281
vn 0.458415776 -0.079037122 0.885216415
v -0.000968818 0.529087067 0.202712968
vt 0.933837891 0.750976562
vn 0.015741821 -0.023612490 0.999597251
v -0.030324938 0.515410423 0.212676957
vt 0.917236328 0.772460938
vn 0.189311355 -0.394398332 0.899228215
v -0.029283529 0.557678223 0.201385453
vt 0.939453125 0.768798828
vn 0.385994434 0.039387237 0.921659827
v -0.003604419 0.579673767 0.201354936
vt 0.957031250 0.757080078
vn -0.007880490 0.118209280 0.992957532
v -0.032276161 0.575363159 0.199218705
vt 0.952392578 0.772949219
vn -0.117920205 0.393067718 0.911917031
v -0.030464176 0.547435760 0.217941239
vt 0.934570312 0.787841797
vn 0.315744787 0.055255376 0.947233975
v -0.037025455 0.560127258 0.221908525
vt 0.941406250 0.782958984
vn -0.236719951 -0.907426775 0.347189426
v -0.058631901 0.545429230 0.214584321
vt 0.917968750 0.801513672
vn -0.220015809 -0.047146242 0.974356353
v -0.091674812 0.537956238 0.200180024
vt 0.895019531 0.816162109
vn -0.674826324 -0.023540458 0.737601101
v -0.061954502 0.566284180 0.211807221
vt 0.926025391 0.814453125
vn -0.243543833 0.227831453 0.942750871
v -0.044418342 0.573150635 0.207702592
vt 0.939697266 0.811767578
vn -0.809769452 0.479572177 0.338059187
v -0.077430733 0.568786621 0.203903168
vt 0.918457031 0.825439453
vn -0.518977582 0.542567492 0.660517037
v -0.063720711 0.577339172 0.193023652
vt 0.930664062 0.831054688
vn -0.260124862 0.717314184 0.646371007
vt 0.948242188 0.816162109
vt 0.965576172 0.817382812
v -0.003838548 0.603996277 0.194122270
vt 0.968017578 0.831298828
vn -0.007870018 0.472206861 0.881452739
v -0.064895637 0.590545654 0.189346284
vt 0.935058594 0.840332031
vn -0.323628098 0.315734863 0.891950965
v -0.096420296 0.571586609 0.178741425
vt 0.906982422 0.843017578
vn -0.512685895 0.536348343 0.670435488
v -0.105636604 0.561359406 0.177093476
vt 0.895751953 0.841796875
vn -0.727642238 0.245183811 0.640641689
v -0.118659988 0.581428528 0.155624360
vt 0.896972656 0.862792969
vn -0.677333295 0.267782956 0.685209394
v -0.072624214 0.606964111 0.180938691
vt 0.937988281 0.857177734
vn -0.527101636 0.015734395 0.849656641
v -0.120079048 0.549495697 0.160736054
vt 0.878173828 0.847412109
vn -0.897276223 0.086579278 0.432896554
v -0.121940628 0.581367493 0.140853852
vt 0.893066406 0.868408203
vn -0.424565494 0.353804648 0.833406568
v -0.108955398 0.605331421 0.155914277
vt 0.912597656 0.872558594
vn -0.757504046 0.457658708 0.465549439
v -0.095146194 0.621551514 0.154769868
vt 0.928222656 0.875976562
vn -0.802627206 -0.511478245 0.306887060
v -0.102714553 0.622291565 0.171096772
vt 0.942138672 0.874511719
vn -0.353433460 -0.903218806 -0.243476301
v -0.086624153 0.603805542 0.196426362
vt 0.951904297 0.864746094
vn -0.337694049 -0.840308368 -0.424080819
v -0.071945198 0.600891113 0.191131562
vt 0.944824219 0.857177734
vn 0.015744517 -0.440849274 -0.897443056
v -0.118377693 0.527547836 0.167098969
vt 0.868408203 0.831542969
vn -0.918728530 -0.117785744 0.376914412
v -0.127532974 0.562343597 0.122863740
vt 0.857421875 0.865966797
vn -0.942663610 -0.149255112 0.298510283
v -0.092369087 0.509850502 0.182617158
vt 0.872314453 0.807373047
vn -0.709189177 -0.299435496 0.638270497
v -0.109970100 0.508391380 0.163055390
vt 0.856201172 0.820068359
vn -0.835760534 -0.291727751 0.465187579
v -0.129638687 0.510233879 0.104896516
vt 0.824707031 0.846191406
vn -0.955216825 -0.292091131 0.047366261
v -0.131195083 0.559192657 0.107643098
vt 0.847412109 0.871093750
vn -0.851000726 -0.464898556 -0.244268611
v -0.121093772 0.513578415 0.061176270
vt 0.804199219 0.863769531
vn -0.958996296 -0.157212570 -0.235818654
v -0.120727547 0.512128830 0.150970429
vt 0.851074219 0.829589844
vn -0.730361462 -0.643974721 0.227747247
v -0.116867080 0.507325172 0.114746064
vt 0.825439453 0.833740234
vn -0.519830048 -0.850631118 0.078762248
v -0.114357010 0.506563187 0.094154328
vt 0.814453125 0.841552734
vn -0.950489879 -0.290645689 -0.109973893
vt 0.783691406 0.854736328
v -0.117424026 0.502880335 0.117401093
vt 0.825195312 0.830078125
vn -0.885763884 0.462478459 0.039193191
vt 0.820556641 0.830566406
vt 0.796142578 0.840332031
v -0.115005501 0.502529383 0.157119721
vt 0.848144531 0.818603516
vn -0.954651833 -0.157793730 0.252470016
vt 0.823974609 0.825927734
vt 0.802246094 0.830566406
vt 0.815185547 0.816406250
vt 0.643554688 0.721923828
vt 0.639892578 0.731445312
v 0.184493974 0.608619690 -0.031484678
vt 0.603027344 0.716308594
vn 0.457260191 0.678006589 -0.575517356
v 0.209274262 0.618843079 0.002195043
vt 0.595703125 0.690917969
vn 0.529202044 0.742462695 -0.410724103
v 0.226913422 0.591255188 -0.015521128
vt 0.615234375 0.685546875
vn 0.739790559 0.613868892 -0.275454044
v 0.163650483 0.636032104 -0.007423950
vt 0.576660156 0.711181641
vn 0.260035962 0.866786838 -0.425513625
v 0.152023271 0.620605469 -0.036182471
vt 0.591308594 0.729003906
vn 0.259000719 0.753456950 -0.604335427
v 0.141830400 0.591003418 -0.069580153
vt 0.612548828 0.743652344
vn 0.306924790 0.684678614 -0.661069095
vt 0.635742188 0.751708984
vt 0.614257812 0.773925781
v 0.120193437 0.614883423 -0.055374209
vt 0.591064453 0.746582031
vn 0.235491484 0.784971952 -0.573029637
v 0.067596391 0.630950928 -0.049690306
vt 0.569580078 0.766357422
vn 0.141859755 0.788110435 -0.598963976
v 0.071021996 0.644027710 -0.028293669
vt 0.556884766 0.758300781
vn 0.102527522 0.883314908 -0.457430959
v 0.099510156 0.640914917 -0.018917147
vt 0.560546875 0.742919922
vn 0.212697268 0.850789487 -0.480538577
v 0.088676415 0.659469604 -0.000221107
vt 0.542480469 0.745117188
vn 0.189023152 0.842728734 -0.504062057
v 0.125320405 0.646774292 0.010015420
vt 0.550048828 0.722412109
vn 0.276095927 0.899284184 -0.339203715
v 0.190277070 0.642944336 0.033084791
vt 0.573486328 0.678222656
vn 0.370354354 0.898306489 -0.236396536
v 0.214950532 0.622062683 0.030126493
vt 0.588378906 0.676513672
vn 0.801288784 0.581327260 -0.141404033
v 0.142486542 0.648834229 0.021972587
vt 0.553222656 0.709228516
vn 0.133783564 0.967964053 -0.212479979
v 0.173858613 0.653320312 0.075744554
vt 0.543945312 0.673339844
vn 0.228900582 0.970854402 -0.071038194
v 0.188034028 0.647445679 0.058059614
vt 0.560791016 0.670166016
vn 0.521433711 0.853255332 -0.007900618
v 0.214294404 0.628433228 0.063468851
vt 0.571777344 0.652587891
vn 0.857815742 0.464322299 0.220356196
v 0.199081391 0.637847900 0.093521036
vt 0.549560547 0.653320312
vn 0.455944359 0.888305485 -0.055027872
v 0.143966645 0.654647827 0.064186022
vt 0.534179688 0.690917969
vn 0.117771141 0.989277959 -0.086365603
v 0.128372163 0.657424927 0.048885275
vt 0.531494141 0.705566406
vn 0.840827107 0.345760703 -0.416484624
v 0.131027192 0.659561157 0.058212209
vt 0.527587891 0.699218750
vn 0.955544472 -0.292191267 -0.039485425
v 0.117080659 0.659729004 0.027103357
vt 0.535156250 0.722167969
vn 0.654009700 -0.007879640 -0.756445169
v 0.103958093 0.672470093 0.021345073
vt 0.529541016 0.737304688
vn -0.055150736 0.669685900 -0.740593910
v 0.148910493 0.672332764 0.053058553
vt 0.515625000 0.699951172
vn 0.553312123 -0.822063744 -0.134375840
v 0.130065903 0.655120850 0.108413629
vt 0.513916016 0.679687500
vn 0.928989947 -0.370021403 -0.007872903
v 0.113159142 0.683746338 0.021154337
vt 0.520996094 0.733398438
vn -0.023531178 0.447089732 -0.894179523
v 0.080963105 0.678833008 0.035003599
vt 0.518066406 0.749023438
vn -0.251812518 0.865605235 -0.432802618
v 0.142715424 0.676574707 0.026170660
vt 0.515869141 0.717529297
vn 0.511795104 -0.283455789 -0.810998619
v 0.175216645 0.688919067 0.051875994
vt 0.496093750 0.700195312
vn 0.826925457 -0.338645667 -0.448902518
v 0.164901704 0.680343628 0.087005541
vt 0.498046875 0.686279297
vn 0.541797578 -0.840178847 -0.023556449
v 0.148361176 0.701187134 0.039516378
vt 0.498779297 0.722900391
vn 0.306962848 0.676892638 -0.669021904
v 0.128295869 0.693237305 0.035381246
vt 0.507080078 0.732177734
vn -0.386294156 0.922375739 0.000000010
v 0.091430634 0.675567627 0.040130552
vt 0.510986328 0.749755859
vn -0.290573955 0.918841958 0.267013907
v 0.181350678 0.713577271 0.080619738
vt 0.472167969 0.702392578
vn 0.502676308 0.824703515 -0.259192586
v 0.191696137 0.695480347 0.107696459
vt 0.462158203 0.690429688
vn 0.865069807 -0.495449036 -0.078642793
v 0.154846162 0.711502075 0.072479174
vt 0.478271484 0.723632812
vn -0.339319885 0.939047933 -0.055238113
v 0.142578095 0.702407837 0.044448782
vt 0.495605469 0.726806641
vn -0.511604965 0.857922077 -0.047225036
v 0.128265351 0.691223145 0.075248651
vt 0.483642578 0.743164062
vn -0.614955425 0.788404346 0.015768133
v 0.125259370 0.690338135 0.057655267
vt 0.495849609 0.739013672
vn -0.479468554 0.872475505 0.094321698
v 0.086730927 0.672546387 0.051124509
vt 0.504394531 0.753906250
vn -0.292245954 0.821448147 0.489709496
v 0.111694306 0.680114746 0.068122797
vt 0.489501953 0.749023438
vn -0.542031586 0.785553038 0.298510194
v 0.070465058 0.656738281 0.056598604
vt 0.494628906 0.763183594
vn -0.519813895 0.700961292 0.488310128
v 0.087226838 0.660507202 0.071433954
vt 0.485351562 0.760742188
vn -0.456198215 0.880934477 0.125847787
v 0.067695588 0.659179688 0.075393617
vt 0.483642578 0.767822266
vn -0.386246145 0.922261059 0.015765157
v 0.149795488 0.577415466 -0.036731787
vt 0.567382812 0.444091797
vn -0.338278621 -0.550686240 0.763094008
vt 0.581542969 0.456542969
vt 0.576660156 0.458251953
vt 0.573974609 0.471191406
vt 0.549804688 0.444824219
v 0.140991166 0.570388794 -0.039577551
vt 0.573730469 0.441894531
vn -0.031629562 -0.506075084 0.861909270
vt 0.592041016 0.446533203
v 0.133789018 0.597160339 -0.028722828
vt 0.564941406 0.425537109
vn -0.149569094 -0.598276854 0.787206471
v 0.083206140 0.585876465 -0.034153044
vt 0.588134766 0.409179688
vt 0.613037109 0.409667969
v 0.096687280 0.598968506 -0.026271882
vt 0.577392578 0.405273438
vn -0.094251685 -0.557656527 0.824703455
v 0.148193330 0.631210327 0.005151202
vt 0.539794922 0.411376953
vn -0.486682534 -0.659376383 0.573029578
vt 0.625244141 0.392822266
vt 0.631591797 0.424072266
v 0.038398702 0.594482422 -0.046707205
vt 0.602539062 0.391113281
vn -0.275138736 -0.479527742 0.833277822
v 0.005879838 0.606559753 -0.049438525
vt 0.610351562 0.378906250
vn -0.150086179 -0.703035772 0.695136607
v 0.031043969 0.621162415 -0.027147347
vt 0.597412109 0.366699219
vn -0.023604391 -0.881234348 0.472089857
v 0.077705346 0.604881287 -0.028947888
vt 0.582763672 0.394775391
vn -0.267849296 -0.480553359 0.835060060
v 0.059326135 0.627319336 -0.019720135
vt 0.581542969 0.372070312
vn -0.165549338 -0.622781336 0.764680922
v 0.040279351 0.632644653 -0.014742907
vt 0.585937500 0.363525391
vn 0.410788119 -0.900573969 -0.142195895
v 0.096191369 0.635864258 -0.001375262
vt 0.560791016 0.378906250
vn -0.251695454 -0.676431775 0.692162931
v 0.066085778 0.634170532 -0.007346690
vt 0.572753906 0.366699219
vn 0.369620740 -0.927983880 -0.047185630
v 0.038261376 0.616867065 -0.014565522
vt 0.586914062 0.354248047
vn 0.361622274 -0.849026263 -0.385206372
v -0.000503785 0.611984253 -0.015548755
vt 0.602783203 0.349853516
vn -0.118503958 -0.955932021 -0.268608928
v 0.018953290 0.610870361 0.002745576
vt 0.583007812 0.337890625
vn 0.031511784 -0.937472939 0.346628726
v 0.047328915 0.617401123 0.007124368
vt 0.575927734 0.347412109
vn 0.345856875 -0.903943896 0.251532197
v 0.061897244 0.625778198 0.010218562
vt 0.567382812 0.353027344
vn 0.315038860 -0.905736446 0.283534884
v 0.032207455 0.630630493 0.016105598
vt 0.569335938 0.330322266
vn -0.583020627 -0.275753021 0.764229953
v 0.018108334 0.623847961 0.010180420
vt 0.581787109 0.326904297
vn -0.306592673 0.361622274 0.880471587
v -0.005785499 0.617095947 0.006049107
vt 0.592529297 0.330322266
vn -0.410225213 -0.552226305 0.725783348
v 0.086128198 0.644454956 0.011518416
vt 0.555419922 0.367187500
vn 0.399867862 -0.901662707 0.164651424
v 0.080551118 0.641540527 0.033370908
vt 0.544433594 0.357421875
vn 0.313834161 -0.933656454 0.172608763
v 0.018012963 0.635391235 -0.005312019
vt 0.587890625 0.317138672
vn -0.315557867 0.694227457 0.646893740
v -0.001660621 0.634429932 0.002029369
vt 0.591308594 0.323242188
vn -0.346553385 0.708859265 0.614344716
v 0.037361108 0.647781372 0.002902213
vt 0.575195312 0.315673828
vn -0.577205837 0.561391950 0.593019783
v 0.031131707 0.654434204 -0.009325082
vt 0.583251953 0.305908203
vn -0.313863099 0.949435830 0.007846576
v 0.007253610 0.637588501 -0.008674673
vt 0.594238281 0.312255859
vn -0.410161436 0.591579139 0.694119513
v 0.009954414 0.653076172 -0.012412123
vt 0.592285156 0.303222656
vn -0.212690860 0.937414885 -0.275710255
v 0.019966086 0.635742188 -0.024896674
vt 0.593505859 0.292480469
vn 0.126364678 0.789780021 -0.600232899
v 0.036872834 0.636703491 0.033801977
vt 0.556884766 0.332031250
vn -0.173013851 -0.872934043 0.456127763
v 0.047733273 0.649597168 0.008886280
vt 0.568359375 0.312988281
vn -0.646210432 0.732897162 -0.212776542
v 0.031440698 0.639526367 -0.019866997
vt 0.588623047 0.292724609
vn -0.007873642 0.795226276 -0.606261671
v 0.015365560 0.632141113 -0.039154109
vt 0.598388672 0.284179688
vn -0.047143444 0.950724483 -0.306431890
v 0.047313653 0.667449951 -0.001166700
vt 0.574707031 0.305908203
vn -0.339806795 0.853468299 0.395124197
v 0.044971429 0.654449463 -0.006372510
vt 0.579101562 0.299560547
vn 0.346081316 0.534853041 -0.770817816
v 0.055564843 0.647903442 -0.009760915
vt 0.579345703 0.291503906
vn -0.102486260 0.946026325 -0.307458580
v 0.066734277 0.657775879 0.014281213
vt 0.565917969 0.299560547
vn -0.149448976 0.873095989 -0.464078039
v 0.050327260 0.637603760 -0.050602019
vt 0.592041016 0.267089844
vn -0.094865464 0.917031884 -0.387366951
vt 0.581054688 0.276611328
vt 0.566162109 0.287597656
vt 0.550781250 0.283691406
vt 0.585205078 0.261474609
vt 0.539306641 0.291259766
v 0.058486905 0.678115845 0.039413393
vt 0.540771484 0.300781250
vn 0.457872421 0.149992704 -0.876273394
vt 0.534423828 0.286376953
vt 0.528076172 0.286132812
v 0.052947968 0.664154053 0.054199159
vt 0.527587891 0.298339844
vn 0.674826443 -0.604205072 0.423728168
vt 0.518554688 0.292480469
v 0.033882108 0.654083252 0.026578847
vt 0.554687500 0.318847656
vn -0.684509158 0.597961962 -0.416999757
v 0.038879365 0.662551880 0.042133275
vt 0.542968750 0.319091797
vn 0.078555226 -0.652009010 -0.754130840
v 0.033969849 0.648208618 0.037086431
vt 0.552734375 0.325439453
vn -0.994440794 0.102600984 -0.023677034
v 0.042331666 0.660995483 0.052619878
vt 0.535644531 0.322998047
vn -0.338782161 -0.835137725 0.433326215
v 0.044101685 0.639328003 0.047744691
vt 0.546142578 0.333251953
vn -0.322814584 -0.905455768 0.275573552
v 0.056770295 0.636291504 0.055549562
vt 0.537597656 0.335693359
vn -0.854108632 -0.363787025 0.371695578
vt 0.528564453 0.324462891
vt 0.520996094 0.331298828
v 0.061614964 0.649841309 0.074760377
vt 0.522949219 0.341064453
vn -0.856966972 0.479586989 0.188690081
v 0.073875397 0.637237549 0.048667844
vt 0.535400391 0.349121094
vn 0.267030209 0.314153314 -0.911044776
v 0.086997956 0.654418945 0.058452543
vt 0.525634766 0.361083984
vn 0.481480598 -0.686701834 -0.544625580
v 0.104598969 0.636566162 0.058563165
vt 0.507324219 0.360107422
vn 0.078884453 0.765180290 -0.638965070
v 0.096397370 0.651870728 0.039592680
vt 0.534423828 0.368164062
vn 0.236220539 -0.968503952 0.078740172
v 0.117050141 0.652496338 0.062812738
vt 0.516113281 0.374267578
vn -0.110717878 -0.569405794 -0.814566612
v 0.129791230 0.636322021 0.054164816
vt 0.508056641 0.382324219
vn -0.229186490 0.482081622 -0.845618606
v 0.102500886 0.653808594 0.027879650
vt 0.540039062 0.374755859
vn -0.133506849 -0.934548557 0.329840720
v 0.124526948 0.652755737 0.056842737
vt 0.518310547 0.380615234
vn -0.306167305 -0.949903846 -0.062803477
v 0.136779755 0.644775391 0.047885824
vt 0.517333984 0.390136719
vn -0.423728287 -0.855303347 -0.298179060
v 0.162048310 0.635559082 0.052665636
vt 0.505859375 0.402587891
vn -0.512112856 -0.527870119 -0.677564502
v 0.127716035 0.645629883 0.030372553
vt 0.533203125 0.390869141
vn -0.275240898 -0.935819328 0.220192865
v 0.121589631 0.642074585 0.021409921
vt 0.541015625 0.389648438
vn -0.236125231 -0.794955254 0.558830023
v 0.110877953 0.628189087 0.000794346
vt 0.556640625 0.391845703
vn -0.204388782 -0.668194354 0.715361118
v 0.130767792 0.634521484 0.007432871
vt 0.545654297 0.399414062
vn -0.007844284 -0.745218396 0.666774392
v 0.142684907 0.642044067 0.021873405
vt 0.531494141 0.402099609
vn -0.379070759 -0.892395854 0.244816661
v 0.172943085 0.626022339 0.039585043
vt 0.509033203 0.417480469
vn -0.632040858 -0.711046040 0.308120072
v 0.176162690 0.602592468 0.009148525
vt 0.529541016 0.434814453
vn -0.598722160 -0.622355998 0.504187226
v 0.188232392 0.615203857 0.032146379
vt 0.508300781 0.430175781
vn -0.370988339 -0.820910513 0.434135497
v 0.193634003 0.575157166 -0.001521363
vt 0.536865234 0.456787109
vn -0.550788403 -0.597998977 0.582262278
vt 0.154785156 0.406982422
vt 0.151611328 0.427246094
vt 0.126953125 0.417480469
vt 0.137695312 0.392333984
vt 0.161865234 0.391601562
v 0.218383759 0.601211548 0.004074972
vt 0.136718750 0.378662109
vn 0.887894094 0.455733269 -0.062859900
vt 0.126953125 0.376708984
vt 0.130371094 0.361572266
v 0.221862763 0.602783203 0.021554869
vt 0.140380859 0.368164062
vn 0.935096562 0.353608012 0.023573725
v 0.222442597 0.588462830 0.031074446
vt 0.149658203 0.363281250
vn 0.267675161 -0.370021373 0.889625847
vt 0.165039062 0.376464844
v 0.218353242 0.608573914 0.043071669
vt 0.138427734 0.356689453
vn 0.956170797 0.015804529 0.292382687
vt 0.125976562 0.344726562
vt 0.116455078 0.353271484
v 0.212188691 0.600105286 0.035316393
vt 0.145263672 0.355712891
vn -0.362835050 -0.678344011 0.638905466
vt 0.179443359 0.358642578
vt 0.184082031 0.367919922
vt 0.195556641 0.358642578
vt 0.185791016 0.347167969
vt 0.213623047 0.353515625
vt 0.147460938 0.341796875
v 0.200500458 0.617919922 0.055141374
vt 0.134765625 0.343017578
vn 0.418439925 -0.907935619 -0.023685291
v 0.198684663 0.629226685 0.071624674
vt 0.125244141 0.336669922
vn 0.772612095 0.575517297 -0.268049240
vt 0.116699219 0.327636719
vt 0.108642578 0.333740234
v 0.217910752 0.614562988 0.117256083
vt 0.240478516 0.303955078
vn -0.039442230 -0.993945599 0.102549985
v 0.201980561 0.613288879 0.066520609
vt 0.219726562 0.324951172
vn -0.205265939 -0.963171303 0.173686698
v 0.219177216 0.610900879 0.078681864
vt 0.220458984 0.315917969
vn 0.275650382 -0.952962756 -0.126011580
v 0.226882905 0.618721008 0.079116739
vt 0.213134766 0.313232422
vn 0.787377119 0.543290257 -0.291329682
vt 0.208496094 0.326660156
v 0.225646958 0.617378235 0.122337259
vt 0.240722656 0.301025391
vn 0.745769203 0.478862405 -0.463162094
v 0.169342011 0.602752686 0.033882070
vt 0.183349609 0.342285156
vn 0.039485384 -0.955544472 0.292191327
vt 0.187255859 0.333496094
v 0.174179047 0.619575500 0.065467760
vt 0.214355469 0.337402344
vn -0.204451948 -0.896443605 0.393177062
v 0.195465058 0.621391296 0.085441515
vt 0.230712891 0.322509766
vn -0.306687534 -0.920062780 0.243777409
v 0.200561509 0.621803284 0.117744364
vt 0.252441406 0.306884766
vn -0.550447822 -0.833535373 0.047181357
v 0.192550644 0.619392395 0.113639757
vt 0.253173828 0.292724609
vn 0.268157363 0.615184784 -0.741376698
v 0.229186997 0.580718994 0.099204943
vt 0.248779297 0.262939453
vn 0.323638141 0.410468042 -0.852510691
v 0.230102524 0.585716248 0.108764566
vt 0.244628906 0.270507812
vn 0.529449821 0.363502949 -0.766517222
v 0.231079087 0.569396973 0.105094835
vt 0.246337891 0.256591797
vn 0.284729481 -0.419185281 -0.862097979
v 0.190582260 0.581840515 0.090415888
vt 0.257812500 0.259521484
vn 0.371347100 0.086911030 -0.924417615
v 0.155395478 0.631301880 0.089813158
vt 0.250000000 0.341552734
vn -0.086394764 -0.966051340 0.243476421
v 0.172210678 0.634429932 0.114074633
vt 0.259521484 0.327148438
vn -0.102387525 -0.976620197 0.189023316
v 0.184646592 0.633071899 0.120330736
vt 0.256835938 0.318847656
vn -0.323065013 -0.945556402 0.039398264
v 0.168930039 0.629241943 0.121787950
vt 0.266845703 0.328369141
vn 0.251190931 -0.368936837 -0.894868076
v 0.185058579 0.631454468 0.142715380
vt 0.273925781 0.321777344
vn -0.204985097 -0.977621377 -0.047304194
v 0.161392197 0.632293701 0.130142152
vt 0.275878906 0.334472656
vn 0.181893498 0.964826524 0.189801857
v 0.158355698 0.632049561 0.148895204
vt 0.290771484 0.339111328
vn 0.172608763 -0.933656454 -0.313834101
v 0.154129013 0.635940552 0.124092028
vt 0.275878906 0.337890625
vn 0.000000046 -0.999876022 0.015746122
v 0.179214463 0.626693726 0.171874925
vt 0.297851562 0.333251953
vn 0.062929735 -0.936079860 -0.346113533
v 0.174957260 0.620208740 0.154647753
vt 0.303955078 0.343261719
vn 0.236169264 0.865953863 0.440849185
v 0.199554428 0.622573853 0.134567186
vt 0.263671875 0.309814453
vn -0.864508450 -0.447972596 0.227916002
v 0.203384385 0.625137329 0.162322924
vt 0.278808594 0.310058594
vn 0.086582027 -0.991757095 0.094453089
v 0.173553452 0.624229431 0.117462084
vt 0.263916016 0.283691406
vn 0.157329112 0.912509382 -0.377590150
v 0.181426987 0.623748779 0.127548143
vt 0.266357422 0.292968750
vn 0.245061174 0.956529200 0.158103928
vt 0.277343750 0.284423828
vt 0.270507812 0.286865234
vt 0.268554688 0.280273438
v 0.156280503 0.621788025 0.109603807
vt 0.267333984 0.273925781
vn 0.078730285 0.724319637 -0.684954524
v 0.184524521 0.616821289 0.103317186
vt 0.258544922 0.277832031
vn 0.385134816 0.636651635 -0.668091238
v 0.182632431 0.598312378 0.089279100
vt 0.259521484 0.266845703
vn 0.220117778 0.385206312 -0.896194339
v 0.168533310 0.616256714 0.104865953
vt 0.263671875 0.273681641
vn 0.015798928 0.710957229 -0.703057826
v 0.155700654 0.595161438 0.084030077
vt 0.267333984 0.255371094
vn 0.062912092 0.511161745 -0.857179046
vt 0.096435547 0.248291016
v 0.144943208 0.596214294 0.021551065
vt 0.115234375 0.251464844
vn -0.007883234 -0.969646931 0.244382605
v 0.168670624 0.610534668 0.022355961
vt 0.097167969 0.258789062
vn 0.418348551 -0.031573504 -0.907737672
vt 0.085205078 0.262207031
v 0.165206879 0.620956421 0.033965994
vt 0.093261719 0.272460938
vn 0.141714588 0.763684809 -0.629843235
vt 0.087158203 0.275390625
vt 0.088867188 0.288574219
v 0.127014130 0.604843140 0.005960398
vt 0.119140625 0.262939453
vn 0.251781136 0.212440416 -0.944179833
v 0.132598847 0.632339478 0.041061331
vt 0.105468750 0.293945312
vn 0.078708343 0.873663723 -0.480121553
vt 0.103515625 0.303710938
vt 0.119628906 0.311035156
v 0.077400170 0.610618591 -0.000705510
vt 0.138183594 0.275878906
vn 0.086579166 0.700505137 -0.708376110
v 0.079605073 0.629791260 0.031707700
vt 0.137451172 0.299072266
vn -0.039427660 0.914719522 -0.402161211
vt 0.145019531 0.308837891
v 0.093101472 0.598434448 0.004949986
vt 0.140380859 0.261962891
vn -0.118194491 -0.984954536 0.126074240
v 0.064865083 0.628189087 0.053890169
vt 0.156494141 0.302734375
vn -0.047350001 0.899648130 -0.434040815
vt 0.155517578 0.309814453
v 0.056457493 0.632949829 0.078750551
vt 0.164062500 0.315429688
vn 0.889708698 0.385802925 -0.244079530
v 0.064186066 0.624305725 0.034122411
vt 0.153808594 0.295654297
vn -0.338059157 0.935558856 -0.102203906
v 0.054077119 0.622337341 0.035938207
vt 0.162597656 0.288330078
vn 0.180671483 0.714831173 -0.675554752
v 0.048408475 0.617462158 0.008027020
vt 0.151367188 0.284912109
vn -0.259120643 0.871587396 -0.416163355
v 0.047073331 0.608512878 0.007955495
vt 0.151367188 0.281005859
vn -0.394680798 -0.907765925 -0.142085001
v 0.049381226 0.617904663 0.030258123
vt 0.162841797 0.280761719
vn -0.432254165 -0.778057635 0.455831826
v 0.065185517 0.617813110 0.033866826
vt 0.165527344 0.266357422
vn 0.172486782 -0.956517160 0.235209152
v 0.107246369 0.608963013 0.026590282
vt 0.139404297 0.250488281
vn -0.133506835 -0.824601710 0.549734473
v 0.105163544 0.619537354 0.043353971
vt 0.146972656 0.246826172
vn -0.007865648 -0.951753318 0.306763500
v 0.085426301 0.622299194 0.057960451
vt 0.160156250 0.245361328
vn 0.952018380 -0.220301732 -0.212433949
v 0.118545510 0.632141113 0.095558099
vt 0.149658203 0.227783203
vn 0.070916787 -0.984954536 0.157592759
v 0.130157441 0.619888306 0.045219354
vt 0.131103516 0.235839844
vn -0.102857538 -0.901982367 0.419342726
vt 0.096923828 0.230224609
vt 0.109130859 0.217773438
vt 0.086669922 0.217773438
vt 0.290771484 0.035156250
v 0.187622055 0.558689117 0.101943903
vt 0.279541016 0.039550781
vn 0.142085031 -0.741999984 -0.655170143
v 0.182861313 0.572334290 0.086738519
vt 0.286376953 0.031982422
vn 0.362835050 -0.244519383 -0.899200261
vt 0.298095703 0.027832031
v 0.160613999 0.572822571 0.080665521
vt 0.282958984 0.021484375
vn 0.141281769 -0.251167834 -0.957577288
vt 0.289306641 0.013427734
v 0.140487641 0.585205078 0.081245355
vt 0.281982422 0.008544922
vn -0.369849652 -0.031476613 -0.928558350
v 0.151107773 0.558193207 0.090530328
vt 0.274169922 0.021972656
vn -0.157774106 -0.709983289 -0.686317027
v 0.119262673 0.578834534 0.095710695
vt 0.267333984 0.005126953
vn 0.637617350 0.149564594 -0.755694866
v 0.129806504 0.563858032 0.099464357
vt 0.265136719 0.013671875
vn -0.495556355 -0.684339643 -0.534886062
vt 0.259765625 0.011474609
vt 0.251953125 0.014648438
v 0.136947617 0.550041199 0.112197816
vt 0.261718750 0.023437500
vn -0.173335865 -0.945468307 -0.275761515
v 0.141281113 0.547775269 0.140106142
vt 0.250488281 0.031005859
vn -0.354484499 -0.858640432 0.370239556
vt 0.238769531 0.015869141
v 0.170349106 0.547458649 0.126266405
vt 0.262207031 0.042236328
vn -0.141403854 -0.989827394 0.015711607
v 0.132217392 0.574600220 0.158492982
vt 0.234863281 0.029052734
vn -0.690711379 -0.329657733 0.643617630
v 0.127044663 0.603080750 0.147521913
vt 0.225097656 0.018554688
vn -0.794192970 -0.110086173 0.597610772
v 0.126708969 0.594551086 0.159332216
vt 0.224365234 0.026367188
vn -0.574500442 0.558760703 0.598110139
v 0.151535019 0.566955566 0.169357240
vt 0.237548828 0.040283203
vn -0.275343031 -0.574287117 0.770960927
v 0.150360093 0.592651367 0.174636781
vt 0.225830078 0.040283203
vn -0.259504735 0.165139481 0.951517880
v 0.159973130 0.619087219 0.157775819
vt 0.211425781 0.041992188
vn -0.220828608 0.488977879 0.843881130
v 0.170410141 0.561164856 0.159957811
vt 0.245361328 0.048339844
vn -0.165164888 -0.857285023 0.487630069
v 0.178009018 0.569763184 0.172500536
vt 0.237548828 0.053222656
vn -0.219737858 -0.329606950 0.918190897
v 0.181137070 0.584304810 0.175460741
vt 0.230224609 0.054931641
vn -0.471041113 0.314027458 0.824322164
v 0.157470688 0.628341675 0.145461977
vt 0.207519531 0.036865234
vn -0.330708623 0.842519701 0.425196856
v 0.139266953 0.628784180 0.125289857
vt 0.202636719 0.023925781
vn -0.558760762 0.818466485 0.133787841
v 0.158523545 0.632278442 0.149185121
vt 0.204833984 0.038574219
vn -0.874341071 0.283570081 0.393847466
v 0.164321885 0.628952026 0.160232484
vt 0.200439453 0.037597656
vn 0.329535961 -0.878762603 -0.345228165
vt 0.197509766 0.033203125
v 0.182327256 0.554073334 0.174697801
vt 0.244140625 0.057861328
vn -0.417426288 -0.756093025 0.504062116
v 0.183120713 0.584243774 0.192413256
vt 0.228515625 0.062988281
vn -0.345259905 0.094161846 0.933771431
v 0.227661118 0.549148560 0.182327196
vt 0.250976562 0.079833984
vn -0.371080816 -0.568464339 0.734266579
v 0.221084595 0.583221436 0.199020311
vt 0.232910156 0.082031250
vn -0.376914173 0.117785744 0.918728650
v 0.208847031 0.546981812 0.161590502
vt 0.255859375 0.066894531
vn -0.229086161 -0.947943091 0.221186787
v 0.235534668 0.552303314 0.200515673
vt 0.248046875 0.087646484
vn -0.513021052 -0.457772702 0.726122320
v 0.235687256 0.579368591 0.211791918
vt 0.234130859 0.091064453
vn -0.331232637 0.260254323 0.906946898
v 0.258148193 0.571960449 0.213561937
vt 0.240722656 0.098144531
vn -0.718296587 -0.039466854 0.694616735
v 0.237442017 0.539012909 0.188583300
vt 0.256591797 0.087890625
vn -0.204187006 -0.918841958 0.337694108
v 0.215316758 0.540180206 0.165313646
vt 0.257812500 0.072021484
vn -0.574999213 -0.748286724 0.330821604
v 0.180114731 0.544300079 0.124954149
vt 0.265380859 0.046142578
vn -0.039295804 -0.998114347 -0.047154959
v 0.214431748 0.543483734 0.146530077
vt 0.264404297 0.065673828
v 0.217926010 0.539302826 0.147491381
vt 0.264892578 0.068847656
vn -0.078458488 -0.996423304 -0.031383354
v 0.250396729 0.539085388 0.143951342
vt 0.275390625 0.079833984
vn 0.078475483 -0.996638060 0.023542663
v 0.259338379 0.543842316 0.210662767
vt 0.257080078 0.099365234
vn -0.055109486 -0.952608287 0.299166262
v 0.286254883 0.542522430 0.138107210
vt 0.288330078 0.091308594
vn 0.322096646 -0.934865773 -0.149264291
v 0.196960434 0.548366547 0.107818536
vt 0.277099609 0.046630859
vn 0.031479437 -0.794856846 -0.605979979
v 0.227188095 0.547473907 0.127792284
vt 0.276611328 0.064208984
vn 0.086635664 -0.945116341 -0.315038741
v 0.234558091 0.539302826 0.134231493
vt 0.274902344 0.070068359
vn -0.393639863 -0.810898006 -0.433003724
v 0.228469834 0.549900055 0.113670275
vt 0.282226562 0.059570312
vn 0.379746318 -0.696201682 -0.609176457
vt 0.293701172 0.059814453
vt 0.298095703 0.054199219
v 0.241928086 0.565475464 0.109352037
vt 0.292236328 0.062988281
vn -0.339203775 -0.276096046 -0.899284124
v 0.247253403 0.540065765 0.114364550
vt 0.285888672 0.072753906
vn -0.220199615 -0.794291317 -0.566227376
v 0.257507294 0.563217163 0.100929178
vt 0.298339844 0.068603516
vn 0.212433726 -0.220301792 -0.952018380
v 0.269531220 0.540908813 0.122955240
vt 0.289550781 0.082275391
vn 0.345867485 -0.801783800 -0.487358809
v 0.280914277 0.563362122 0.115592875
vt 0.302001953 0.082519531
vn 0.630782187 -0.331160665 -0.701745331
vt 0.205322266 0.986328125
vt 0.198486328 0.976562500
v 0.140716523 0.602699280 0.089919977
vt 0.210693359 0.976562500
vn -0.181910709 0.624823272 -0.759279013
vt 0.229003906 0.983642578
v 0.125564560 0.599288940 0.097488336
vt 0.211181641 0.965820312
vn -0.521189928 0.536983430 -0.663332403
vt 0.198730469 0.962158203
v 0.113479592 0.602836609 0.108085565
vt 0.214599609 0.955566406
vn 0.599019706 0.748774648 -0.283746302
v 0.142898545 0.624389648 0.111076280
vt 0.229248047 0.974365234
vn -0.243604228 0.809394300 -0.534357429
vt 0.240234375 0.987304688
vt 0.244384766 0.979736328
vt 0.237060547 0.967285156
vt 0.250732422 0.978271484
v 0.109298691 0.600074768 0.131378114
vt 0.229003906 0.943115234
vn -0.157985553 0.908417046 0.387064666
vt 0.242675781 0.937255859
vt 0.236816406 0.934570312
vt 0.224853516 0.938476562
vt 0.225341797 0.930664062
vt 0.603515625 0.213378906
vt 0.617431641 0.194335938
vt 0.610351562 0.214111328
v 0.072372392 0.587409973 -0.093200743
vt 0.603027344 0.227783203
vn 0.094266251 0.738419831 -0.667720079
v 0.053134874 0.625778198 -0.064590514
vt 0.595214844 0.255126953
vn 0.102738589 0.703365028 -0.703365147
v 0.017614322 0.625061035 -0.055297904
vt 0.604736328 0.264892578
vn 0.047047522 0.925269663 -0.376380920
v 0.039916947 0.619934082 -0.067581236
vt 0.601318359 0.251708984
vn 0.244450808 0.827978969 -0.504672945
v 0.043800306 0.602531433 -0.096382201
vt 0.610839844 0.235595703
vn 0.370584428 0.709630013 -0.599243224
v 0.024826003 0.617691040 -0.089965872
vt 0.612304688 0.247070312
vn 0.134049475 0.891035318 -0.433689833
v 0.000202402 0.621505737 -0.075210623
vt 0.614990234 0.260253906
vn -0.023566693 0.864108264 -0.502753913
v 0.011704397 0.604568481 -0.103324942
vt 0.621093750 0.239013672
vn -0.086838037 0.552604735 -0.828907251
v 0.040931653 0.589996338 -0.107315123
vt 0.618164062 0.226318359
vn 0.015716743 0.392922014 -0.919437528
vt 0.623779297 0.207519531
v 0.006577922 0.593261719 -0.097816519
vt 0.629150391 0.233398438
vn -0.197482079 -0.039496440 -0.979510546
vt 0.630126953 0.227783203
vt 0.108642578 0.894287109
vt 0.109375000 0.885498047
vt 0.117919922 0.893310547
vt 0.112304688 0.897460938
v -0.012265252 0.594100952 -0.095306449
vt 0.121093750 0.898437500
vn -0.463992089 0.094371192 -0.880798280
vt 0.115478516 0.874511719
v -0.034206435 0.571449280 -0.090652503
vt 0.120361328 0.881591797
vn 0.567421854 -0.638349652 -0.520136833
vt 0.124023438 0.878662109
vt 0.125732422 0.883056641
v -0.037872359 0.589569092 -0.080909774
vt 0.134521484 0.896240234
vn -0.212302640 0.558276832 -0.802031636
v -0.009271669 0.599273682 -0.100349478
vt 0.119140625 0.901367188
vn -0.086960062 0.585003078 -0.806355655
vt 0.109619141 0.902587891
vt 0.117919922 0.917968750
v -0.026304290 0.628524780 -0.071624808
vt 0.130615234 0.919189453
vn 0.102235407 0.817884147 -0.566227496
vt 0.110107422 0.928955078
v -0.030502366 0.606811523 -0.092376754
vt 0.129394531 0.905273438
vn -0.394398481 0.189311162 -0.899228156
v -0.050869033 0.606933594 -0.070495650
vt 0.142578125 0.903808594
vn -0.298731595 0.188672453 -0.935501099
v -0.035129592 0.636184692 -0.054672290
vt 0.135498047 0.927246094
vn 0.220993638 0.891867518 -0.394631714
vt 0.112060547 0.937255859
v -0.043731734 0.616371155 -0.081802413
vt 0.137207031 0.909423828
vn -0.399966300 0.368596226 -0.839144707
v -0.059692428 0.641418457 -0.060634658
vt 0.146972656 0.922363281
vn -0.094383039 0.700006545 -0.707871914
v -0.066177413 0.626708984 -0.060615581
vt 0.152587891 0.911865234
vn -0.173979774 0.672194004 -0.719643116
v -0.013146440 0.640014648 -0.034385733
vt 0.126464844 0.938476562
vn 0.180543482 0.973365247 -0.141295016
vt 0.110107422 0.943115234
v -0.056049388 0.648223877 -0.042507216
vt 0.146728516 0.932128906
vn 0.212519377 0.976015031 0.047226470
v -0.007549325 0.641082764 -0.025650073
vt 0.123291016 0.942382812
vn -0.228900611 0.923495591 0.307831883
vt 0.112792969 0.949707031
v -0.035865825 0.645736694 -0.043899585
vt 0.137207031 0.932861328
vn 0.244420454 0.867298722 -0.433649421
v -0.038745917 0.638824463 -0.023798034
vt 0.137451172 0.941406250
vn 0.078818426 0.835474908 0.543846786
v -0.030359305 0.627731323 -0.020610856
vt 0.132812500 0.946289062
vn -0.126250550 -0.418205380 0.899536073
v -0.054695167 0.635101318 -0.018697781
vt 0.144287109 0.943359375
vn 0.047350042 -0.434040755 0.899648130
v -0.065727271 0.642395020 -0.025596660
vt 0.149658203 0.939208984
vn 0.313785851 0.917823613 0.243183941
v -0.091285750 0.659545898 -0.040313762
vt 0.164062500 0.931640625
vn -0.023715692 0.924908459 -0.379449666
v -0.077102706 0.638732910 -0.048687022
vt 0.156250000 0.922119141
vn -0.668091238 -0.385134995 -0.636651576
v -0.098915137 0.644393921 -0.033172648
vt 0.170410156 0.921875000
vn -0.094313055 0.730925202 -0.675909400
v -0.067039527 0.634033203 -0.038234755
vt 0.157958984 0.918945312
vn -0.472572982 0.362305790 -0.803373754
v -0.120956458 0.657409668 -0.015917813
vt 0.180419922 0.930664062
vn -0.369517982 0.684001148 -0.628966570
v -0.106254615 0.665084839 -0.011667290
vt 0.178955078 0.936767578
vn 0.377566665 0.920318842 -0.102257736
v -0.100845382 0.636459351 -0.055511512
vt 0.168212891 0.911865234
vn -0.023612650 0.763471901 -0.645409286
v -0.118553199 0.646957397 -0.035194434
vt 0.177490234 0.920410156
vn -0.039331190 0.833818972 -0.550635159
v -0.071426436 0.615951538 -0.070228621
vt 0.152832031 0.904296875
vn 0.047257155 0.614344656 -0.787621379
v -0.126831099 0.674636841 -0.000083840
vt 0.192626953 0.934570312
vn 0.086708233 0.961673975 -0.260124952
v -0.102485694 0.660263062 0.019866904
vt 0.191406250 0.942871094
vn 0.526125789 0.848083377 0.062820889
v -0.100502044 0.656265259 0.033393823
vt 0.195556641 0.948730469
vn 0.528411508 -0.694033146 -0.488977939
v -0.096694984 0.653152466 0.012361488
vt 0.191650391 0.949707031
vn 0.047401655 -0.987533152 0.150105089
v -0.111701995 0.663314819 0.035858117
vt 0.197753906 0.949218750
vn 0.394976228 0.900545895 0.181689009
v -0.096336395 0.659912109 0.048904378
vt 0.204589844 0.953857422
vn 0.023592796 0.975169480 0.220199510
v -0.118537933 0.660217285 0.045238458
vt 0.204101562 0.950439453
vn 0.363196909 0.892201126 0.268449783
v -0.150527984 0.676498413 0.042755093
vt 0.212890625 0.944335938
vn 0.260149181 0.938113689 0.228615865
v -0.144149810 0.680084229 0.023935284
vt 0.203857422 0.941406250
vn -0.126187891 0.985842407 -0.110414378
v -0.142334014 0.662658691 0.007925000
vt 0.198486328 0.932373047
vn -0.834568143 0.283438146 -0.472396910
v -0.159423858 0.670257568 0.049602479
vt 0.213867188 0.942871094
vn -0.676390052 0.637064993 -0.369654953
v -0.138855010 0.655014038 -0.002958093
vt 0.189208984 0.929199219
vn -0.919097066 -0.157110661 -0.361354291
v -0.125839278 0.645462036 -0.036514319
vt 0.180664062 0.920166016
vn -0.172848433 0.817101121 -0.549971998
v -0.136703536 0.638870239 -0.033683810
vt 0.184814453 0.919433594
vn -0.592131793 -0.607922137 0.528971255
v -0.140274093 0.636047363 -0.043689761
vt 0.185546875 0.916259766
vn -0.007859983 0.935327649 -0.353695393
v -0.105835006 0.629241943 -0.052524604
vt 0.170166016 0.908691406
vn 0.023550486 0.682967603 -0.730068982
v -0.143371627 0.616409302 -0.073059112
vt 0.183837891 0.904052734
vn -0.243273959 0.776906848 -0.580718279
vt 0.145751953 0.885986328
vt 0.155761719 0.873046875
v -0.052261397 0.585472107 -0.090614364
vt 0.140136719 0.890380859
vn 0.283807784 0.685869098 -0.670102119
vt 0.125732422 0.875244141
v 0.069213837 0.540752411 0.011338178
vt 0.142333984 0.128417969
vn 0.520249724 0.134003744 -0.843435466
v 0.067344636 0.528442383 0.005500262
vt 0.134765625 0.128662109
vn 0.313862950 0.007846549 -0.949435890
vt 0.124755859 0.114990234
v 0.090743989 0.529302597 0.024625720
vt 0.134521484 0.145751953
vn 0.715537906 -0.141534969 -0.684085846
v 0.062126130 0.554416656 0.012685720
vt 0.148925781 0.122802734
vn 0.196019515 0.031363107 -0.980098307
vt 0.130615234 0.082763672
v -0.004542861 0.581932068 -0.000989634
vt 0.149658203 0.081787109
vn 0.133408099 0.141255736 -0.980942965
vt 0.145996094 0.159179688
vt 0.142333984 0.159423828
v 0.084159821 0.527957916 0.033191625
vt 0.130859375 0.150878906
vn 0.781346321 -0.528789878 -0.331480324
vt 0.125732422 0.145751953
vt 0.137939453 0.160400391
vt 0.130859375 0.159912109
vt 0.125976562 0.159179688
vt 0.125000000 0.169677734
v 0.107879609 0.575752258 0.045688566
vt 0.166748047 0.153320312
vn 0.850789428 0.118165225 -0.512049317
vt 0.150146484 0.184326172
v 0.070274323 0.576492310 0.015972080
vt 0.162353516 0.125000000
vn 0.561813533 0.213647455 -0.799199760
vt 0.179443359 0.171142578
v 0.101165742 0.597976685 0.051883634
vt 0.179931641 0.149169922
vn 0.842180312 0.448638171 -0.299092233
v 0.085906953 0.604789734 0.042167604
vt 0.180175781 0.136474609
vn 0.591578960 0.410161495 -0.694119513
vt 0.189697266 0.140136719
vt 0.188720703 0.123535156
v 0.067779511 0.580886841 0.016256275
vt 0.166015625 0.122558594
vn 0.307162672 0.204775155 -0.929364383
v 0.060565919 0.605026245 0.021120016
vt 0.179199219 0.115478516
vn 0.268583715 0.489770502 -0.829450190
vt 0.190917969 0.114990234
v -0.004024062 0.605766296 0.005275201
vt 0.167236328 0.079345703
vn -0.047385462 0.544931173 -0.837140799
vt 0.192382812 0.106933594
v -0.003456147 0.634307861 0.034233041
vt 0.191894531 0.077148438
vn 0.039393160 0.583020687 -0.811501801
v 0.042701691 0.639343262 0.048366487
vt 0.201904297 0.101562500
vn 0.519813836 0.488310099 -0.700961351
vt 0.209472656 0.111083984
vt 0.212890625 0.099121094
v 0.018991441 0.662384033 0.047241155
vt 0.210449219 0.082031250
vn 0.259056568 0.023550577 -0.965575039
vt 0.212158203 0.092529297
v 0.048522923 0.661178589 0.073295534
vt 0.219970703 0.094970703
vn 0.958640873 -0.031430818 -0.282877743
vt 0.216308594 0.089355469
vt 0.214843750 0.088378906
v -0.004437955 0.662200928 0.040393777
vt 0.218505859 0.073974609
vn -0.141504467 -0.385206372 -0.911917031
vt 0.007812500 0.312255859
vt 0.001220703 0.302246094
vt 0.007812500 0.300537109
vt 0.002197266 0.318115234
vt 0.003906250 0.323974609
v -0.008732835 0.613342285 -0.036190081
vt 0.729248047 0.960693359
vn -0.062976405 -0.842310846 0.535300374
vt 0.736083984 0.968505859
vt 0.722900391 0.975097656
v -0.002407350 0.621353149 -0.022842458
vt 0.721435547 0.961669922
vn -0.268349469 -0.955008626 0.126282200
vt 0.716552734 0.968505859
vt 0.708007812 0.972412109
vt 0.710205078 0.965576172
v -0.013582265 0.620452881 -0.005748797
vt 0.715332031 0.962158203
vn -0.978229523 -0.205112681 0.031555925
vt 0.709472656 0.961669922
vt 0.699462891 0.965820312
v -0.009972610 0.629425049 -0.013546039
vt 0.715087891 0.955810547
vn -0.684509039 0.527150631 0.503547072
vt 0.708251953 0.960449219
vt 0.704833984 0.963378906
vt 0.707519531 0.954101562
vt 0.703613281 0.960205078
vt 0.718505859 0.946777344
v -0.040206950 0.619537354 -0.032192275
vt 0.729492188 0.946289062
vn -0.126297757 -0.813042521 0.568340421
vt 0.724121094 0.937255859
v -0.036621135 0.615501404 -0.045536086
vt 0.734863281 0.950927734
vn -0.086959809 -0.806355655 0.585003197
v -0.032699626 0.595947266 -0.063560531
vt 0.746582031 0.954345703
vn -0.078801133 -0.772252262 0.630410075
v -0.067817725 0.626708984 -0.033588450
vt 0.734863281 0.933837891
vn -0.070907809 -0.803623140 0.590899467
v -0.067520179 0.648178101 0.000111418
vt 0.719970703 0.927246094
vn 0.211968675 -0.675159037 0.706561863
v -0.113266028 0.631225586 -0.026008641
vt 0.732421875 0.913085938
vn -0.102235407 -0.817884147 0.566227496
v -0.118202247 0.617507935 -0.045845065
vt 0.743408203 0.914550781
vn -0.165042400 -0.746620953 0.644451857
v -0.083396956 0.612556458 -0.050449409
vt 0.743896484 0.929687500
vn -0.023540335 -0.737600982 0.674826443
v -0.101753280 0.597381592 -0.066711463
vt 0.750488281 0.920898438
vn -0.078759566 -0.700961232 0.708837271
v -0.074905440 0.608177185 -0.054687537
vt 0.748046875 0.933837891
vn -0.015769430 -0.662321329 0.749053955
vt 0.758056641 0.956542969
vt 0.747070312 0.974853516
vt 0.769287109 0.974365234
vt 0.769531250 0.951416016
vt 0.769775391 0.958740234
v -0.102539107 0.584762573 -0.076591522
vt 0.763183594 0.929687500
vn -0.157475322 -0.606280446 0.779503465
vt 0.005859375 0.344726562
vt 0.005859375 0.355712891
vt 0.000244141 0.344726562
vt 0.164550781 0.556396484
vt 0.183105469 0.575683594
vt 0.146972656 0.564941406
vt 0.167724609 0.593261719
v 0.093414284 0.626846313 0.106857233
vt 0.137695312 0.584228516
vn 0.983490050 -0.180962130 -0.000000121
vt 0.130371094 0.559082031
vt 0.139648438 0.605957031
v 0.099937424 0.610603333 0.135940492
vt 0.122314453 0.565673828
vn 0.872718096 0.471739560 0.125797063
vt 0.126953125 0.553710938
v 0.114143349 0.633468628 0.122550897
vt 0.121337891 0.592773438
vn 0.180777639 -0.966767311 -0.180777609
v 0.095245346 0.624198914 0.132354677
vt 0.122070312 0.575683594
vn 0.638905406 -0.678343952 -0.362835228
v 0.099403366 0.612373352 0.141143739
vt 0.116699219 0.565917969
vn 0.965604722 -0.125607088 -0.227663025
v 0.115776047 0.620628357 0.153015077
vt 0.103515625 0.574218750
vn 0.306924880 -0.826336265 -0.472192168
vt 0.091308594 0.603027344
vt 0.109863281 0.617431641
vt 0.119628906 0.626953125
vt 0.138427734 0.635742188
vt 0.104248047 0.629150391
vt 0.104003906 0.620117188
vt 0.107666016 0.558837891
vt 0.117919922 0.541503906
v 0.107101433 0.593536377 0.180343568
vt 0.089843750 0.552734375
vn 0.260036051 -0.866786957 -0.425513625
v 0.087951645 0.596168518 0.168762147
vt 0.097900391 0.549072266
vn 0.674930394 0.015696114 0.737714410
vt 0.090087891 0.537597656
v 0.077995285 0.601234436 0.174316347
vt 0.093017578 0.542236328
vn 0.213147685 0.268408090 0.939428151
v 0.100608818 0.601676941 0.186080873
vt 0.084960938 0.547851562
vn -0.464106679 0.487705439 0.739424407
vt 0.015869141 0.038085938
vt 0.001220703 0.046630859
vt 0.001708984 0.004394531
vt 0.020019531 0.028808594
vt 0.005126953 0.360351562
vt 0.001220703 0.370605469
vt 0.000976562 0.361083984
vt 0.007080078 0.366210938
v 0.437591553 0.556388855 0.207122698
vt 0.848876953 0.623046875
vn 0.535184145 0.377777129 -0.755554318
v 0.455291748 0.554088593 0.222534075
vt 0.835205078 0.619873047
v 0.443817139 0.540298462 0.215743914
vt 0.843505859 0.613769531
vn 0.173621699 -0.915459931 -0.363027215
v 0.453155518 0.543712616 0.240081683
vt 0.830078125 0.606445312
vn -0.007892563 -0.978686512 0.205208495
v 0.409057617 0.550804138 0.202087298
vt 0.863281250 0.611816406
vn 0.110219054 -0.574714184 -0.810897887
v 0.407379150 0.550613403 0.210739031
vt 0.862304688 0.602294922
vn -0.419080317 -0.853975177 0.308380008
v 0.395355225 0.573303223 0.189865023
vt 0.875732422 0.627197266
vn 0.695657551 0.292492449 -0.656131744
v 0.461700439 0.567047119 0.253021121
vt 0.815917969 0.627197266
vn 0.766708553 0.640241265 -0.047425400
v 0.391784668 0.560794830 0.193801790
vt 0.875976562 0.609619141
vn 0.102514893 -0.993605554 -0.047314521
v 0.435882568 0.568954468 0.232925311
vt 0.840576172 0.639648438
vn 0.502831459 0.769960701 -0.392837197
v 0.413909912 0.577484131 0.213790789
vt 0.859863281 0.639892578
vn 0.527003825 0.731512904 -0.432615221
v 0.402496338 0.588462830 0.218780413
vt 0.861328125 0.650390625
vn 0.535815179 0.780084014 -0.323065192
v 0.402923584 0.594215393 0.236419573
vt 0.852783203 0.661865234
vn 0.442262977 0.876628518 -0.189541414
v 0.392517090 0.588401794 0.208145052
vt 0.872070312 0.646972656
vn 0.307688057 0.915174901 -0.260351539
v 0.393432617 0.597824097 0.243606478
vt 0.857421875 0.668212891
vn 0.236066788 0.967874110 -0.086557925
v 0.356842041 0.601966858 0.228240877
vt 0.891845703 0.656494141
vn 0.126187772 0.985842407 -0.110414408
v 0.339080811 0.596214294 0.187087923
vt 0.920410156 0.637451172
vn 0.197039768 0.890620172 -0.409842968
v 0.337310791 0.603767395 0.216461092
vt 0.909667969 0.652099609
vn 0.047178287 0.998607934 0.023589116
v 0.333374023 0.606994629 0.207870394
vt 0.917480469 0.649414062
vn 0.212750152 0.977074921 0.007879565
v 0.393859863 0.581268311 0.175552279
vt 0.886230469 0.627929688
vn 0.306934327 0.535167634 -0.787011445
v 0.395568848 0.560440063 0.179061800
vt 0.882324219 0.617675781
vn 0.656131566 -0.537553608 -0.529648483
v 0.365753174 0.552021027 0.174774081
vt 0.898925781 0.609863281
vn 0.299027264 -0.889212668 -0.346242100
v 0.331054688 0.607666016 0.185378939
vt 0.927001953 0.640136719
vn 0.275070816 0.950959384 -0.141465098
v 0.389526367 0.563415527 0.212860018
vt 0.873046875 0.595214844
vn 0.173400506 -0.969466150 0.173400462
v 0.346893311 0.554725647 0.173644930
vt 0.915527344 0.609863281
vn -0.362485915 -0.063041061 -0.929854810
v 0.348083496 0.586639404 0.173187166
vt 0.913574219 0.628662109
vn -0.125735164 0.282903790 -0.950871229
v 0.336212158 0.561958313 0.188720614
vt 0.926757812 0.611083984
vn 0.149941251 -0.284099430 -0.946998060
v 0.332885742 0.589363098 0.173370272
vt 0.932617188 0.630859375
vn 0.916724145 -0.172375470 -0.360421598
v 0.332122803 0.554244995 0.194351107
vt 0.926269531 0.600585938
vn -0.259520948 -0.833612740 -0.487584740
v 0.339569092 0.543678284 0.184295565
vt 0.915039062 0.600585938
vn 0.015722258 -0.998361051 -0.055027734
v 0.365295410 0.553909302 0.213470370
vt 0.891601562 0.588623047
vn 0.251695603 -0.959589362 0.125847787
v 0.319305420 0.558052063 0.179611117
vt 0.938720703 0.607177734
vn 0.686317146 -0.709983230 -0.157774121
v 0.330139160 0.568244934 0.162918001
vt 0.944335938 0.622802734
vn 0.770317435 -0.322275668 -0.550226867
v 0.325531006 0.549564362 0.213668734
vt 0.923583984 0.585937500
vn -0.173142463 -0.983764112 -0.047220610
v 0.298858643 0.549980164 0.198974520
vt 0.944580078 0.589111328
vn 0.165492952 -0.985076845 0.047283709
v 0.319580078 0.550567627 0.166198641
vt 0.947998047 0.611083984
vn 0.465708911 -0.884057522 -0.039466877
vt 0.976562500 0.608642578
vt 0.963134766 0.574218750
vt 0.988525391 0.629882812
v 0.299774170 0.552059174 0.228332430
vt 0.941894531 0.572998047
vn -0.086280368 -0.760836959 0.643181860
v 0.326263428 0.552513123 0.225891024
vt 0.926513672 0.577880859
vn -0.668091118 -0.636651635 0.385135055
v 0.286712617 0.582298279 0.119872965
vt 0.983398438 0.650390625
vn 0.637143731 0.188783363 -0.747267544
v 0.327117920 0.549125671 0.227188021
vt 0.920898438 0.578613281
vn 0.126203597 -0.978077412 0.165642157
v 0.361389160 0.561523438 0.259734988
vt 0.882812500 0.561767578
vn 0.353575259 -0.919295549 -0.172858998
v 0.341156006 0.557304382 0.256774783
vt 0.898437500 0.561279297
vn 0.125731125 -0.840827167 -0.526499152
v 0.324676514 0.553657532 0.253936708
vt 0.909179688 0.560546875
vn -0.440059006 -0.887976289 0.133589461
v 0.330291748 0.557849884 0.266326845
vt 0.903564453 0.554443359
vn -0.884498537 -0.465941221 0.023692062
v 0.315246582 0.566001892 0.284362733
vt 0.910156250 0.540771484
vn -0.756938696 -0.488856256 0.433662951
v 0.377899170 0.560539246 0.238281161
vt 0.874511719 0.577880859
vn 0.481330782 -0.852192104 0.205157325
v 0.374603271 0.571205139 0.276885867
vt 0.866210938 0.552734375
vn 0.410225362 -0.788894773 0.457558930
v 0.379028320 0.568954468 0.238189608
vt 0.868652344 0.577880859
vn 0.401263952 -0.889074981 0.220301747
v 0.377227783 0.572479248 0.272155643
vt 0.863281250 0.556884766
vn -0.306431830 -0.950724602 0.047143452
v 0.399139404 0.565895081 0.224944964
vt 0.859130859 0.589599609
vn -0.354726762 -0.930172563 0.094593905
v 0.439392090 0.547489166 0.274566531
vt 0.816894531 0.580322266
vn -0.149181396 -0.973605216 0.172736481
v 0.446716309 0.564849913 0.280670047
vt 0.810302734 0.590332031
vn 0.339457303 -0.939428151 0.047366124
v 0.433746338 0.558822632 0.279449344
vt 0.809570312 0.576416016
vn -0.221159056 -0.963621795 -0.150072172
v 0.463104248 0.556682587 0.261535525
vt 0.809082031 0.608154297
vn 0.031418279 -0.997529209 -0.062836446
v 0.456817627 0.565307677 0.278716922
vt 0.800781250 0.600830078
vn 0.573861182 0.762527823 0.298722118
v 0.447509766 0.551239014 0.282623172
vt 0.803222656 0.587402344
vn 0.510483444 -0.848187983 -0.141364694
v 0.424865723 0.551273346 0.292205691
vt 0.798583984 0.573242188
vn -0.274960518 -0.887729704 -0.369232655
v 0.440277100 0.561996520 0.310851932
vt 0.785400391 0.589843750
vn 0.755882263 -0.039368797 0.653522968
v 0.433746338 0.548610747 0.304290652
vt 0.790283203 0.576660156
vn -0.007871954 -0.834438682 0.551044464
v 0.331268311 0.582969666 0.163436800
vt 0.941650391 0.632568359
vn 0.703364968 0.339828044 -0.624335408
v 0.311828613 0.603988647 0.156143099
vt 0.951171875 0.648681641
vn 0.638072193 0.512033343 -0.575052917
v 0.293731660 0.598869324 0.136016756
vt 0.967285156 0.658935547
vn 0.472206742 0.700440109 -0.535167813
v 0.310943604 0.602882385 0.164855868
vt 0.946044922 0.648925781
vn 0.520865023 0.710270643 -0.473513871
v 0.291137695 0.612579346 0.156600863
vt 0.955566406 0.661132812
vn 0.212249935 0.966916621 -0.141500056
v 0.275787324 0.601387024 0.125228807
vt 0.977783203 0.668457031
vn 0.370884299 0.702313066 -0.607619286
vt 0.323730469 0.559326172
vt 0.327148438 0.556152344
vt 0.328125000 0.557617188
vt 0.335205078 0.539550781
v 0.319671631 0.564384460 0.255462587
vt 0.342041016 0.539794922
vn -0.981759608 -0.117811210 -0.149227321
vt 0.339355469 0.519531250
v 0.322875977 0.566230774 0.237808138
vt 0.340820312 0.550781250
vn -0.912481129 -0.251718998 0.322515011
v 0.316589355 0.584915161 0.273651063
vt 0.350341797 0.524902344
vn -0.857842267 0.330544740 0.393505752
v 0.310760498 0.560710907 0.227645785
vt 0.335693359 0.560791016
vn 0.102018200 -0.494395226 0.863229811
vt 0.329833984 0.570800781
v 0.322082520 0.588676453 0.242492586
vt 0.359619141 0.546875000
vn -0.893987000 0.243101731 0.376415730
v 0.330352783 0.570037842 0.281188905
vt 0.344726562 0.506591797
vn -0.471695721 0.455972582 0.754713297
v 0.306121826 0.579551697 0.246002108
vt 0.351562500 0.560546875
vn -0.094620146 -0.063080147 0.993512928
v 0.258270264 0.580749512 0.232864305
vt 0.353271484 0.592041016
vn -0.442912579 0.071182407 0.893734574
vt 0.328613281 0.602050781
v 0.321075439 0.608093262 0.232665926
vt 0.372802734 0.556152344
vn -0.055177964 0.733079374 0.677901268
vt 0.385009766 0.549316406
vt 0.392333984 0.554199219
v 0.322784424 0.601348877 0.265838563
vt 0.361328125 0.528564453
vn -0.283008724 0.927639723 0.243701950
vt 0.393066406 0.535644531
v 0.259490967 0.614784241 0.211654589
vt 0.377685547 0.597656250
vn -0.157475442 0.952726424 0.259834468
vt 0.406005859 0.562255859
vt 0.418212891 0.598388672
v 0.256256104 0.615142822 0.193252489
vt 0.385253906 0.607910156
vn -0.189564958 0.924129188 0.331738681
v 0.374877930 0.602386475 0.276519656
vt 0.378417969 0.503173828
vn 0.047255818 0.952992380 0.299286842
vt 0.403808594 0.510498047
v 0.343444824 0.583732605 0.276122928
vt 0.356689453 0.509521484
vn -0.173805743 0.339711428 0.924331009
v 0.374542236 0.584068298 0.286041141
vt 0.369140625 0.492187500
vn -0.503250957 -0.110086150 0.857099533
vt 0.348388672 0.605468750
vt 0.354736328 0.620117188
vt 0.322021484 0.621337891
v 0.344696045 0.569084167 0.276458621
vt 0.344726562 0.495361328
vn 0.376612514 0.910146952 0.172613993
v 0.343872070 0.569465637 0.299804568
vt 0.332275391 0.499267578
vn -0.228900552 0.639343143 0.734060645
v 0.375823975 0.557197571 0.307922244
vt 0.329101562 0.481445312
vn 0.386823386 0.781541109 0.489449888
v 0.356719971 0.576210022 0.283080935
vt 0.357910156 0.499755859
vn -0.071108907 -0.576773345 0.813803494
vt 0.362792969 0.488769531
vt 0.363525391 0.484375000
vt 0.351806641 0.490234375
v 0.385559082 0.552516937 0.270965457
vt 0.343994141 0.471435547
vn 0.596891344 0.738260388 -0.314153463
v 0.394714355 0.547473907 0.291381717
vt 0.335449219 0.463134766
vn 0.967664480 0.015734434 0.251749963
v 0.384185791 0.525438309 0.278625369
vt 0.349853516 0.455566406
vn 0.472778171 -0.717046916 -0.512176335
v 0.263977021 0.581336975 0.105018534
vt 0.090820312 0.944580078
vn 0.212908730 0.417932183 -0.883177519
vt 0.091796875 0.955322266
v 0.250640839 0.581275940 0.111221239
vt 0.085693359 0.943115234
vn -0.133916542 0.401749194 -0.905905128
vt 0.098876953 0.945068359
vt 0.102294922 0.954833984
vt 0.083984375 0.951171875
vt 0.095703125 0.934326172
vt 0.104736328 0.938232422
vt 0.078125000 0.940673828
vt 0.079589844 0.948730469
v 0.256103486 0.604087830 0.120094210
vt 0.086914062 0.931884766
vn -0.007884908 0.615012646 -0.788477838
v 0.234329209 0.607368469 0.126388475
vt 0.077636719 0.927001953
vn 0.180610210 0.612504601 -0.769557118
vt 0.071289062 0.925048828
v 0.250518769 0.617416382 0.136108324
vt 0.085937500 0.921386719
vn 0.118106514 0.976347685 -0.181096807
vt 0.107910156 0.919189453
vt 0.096923828 0.894775391
v 0.228988633 0.619400024 0.138931200
vt 0.074951172 0.917480469
vn 0.150156543 0.987872243 -0.039514955
v 0.220809922 0.620964050 0.132217333
vt 0.069091797 0.919921875
vn 0.896859765 0.275351703 0.346156269
v 0.238555893 0.614608765 0.176620409
vt 0.085449219 0.899902344
vn -0.203785300 0.948385417 0.242974758
v 0.238784775 0.603248596 0.190673754
vt 0.091552734 0.888183594
vn -0.598128557 0.629609108 0.495817214
vt 0.094726562 0.874511719
vt 0.084716797 0.878173828
v 0.231246933 0.588966370 0.188278124
vt 0.086181641 0.887207031
vn -0.212007672 0.683136106 0.698840320
v 0.232177719 0.615455627 0.171508715
vt 0.080810547 0.901123047
vn 0.094327495 0.958996296 0.267261237
v 0.227615342 0.616882324 0.175064012
vt 0.078125000 0.899169922
vn -0.007912819 0.767548382 0.640942335
vt 0.062988281 0.874267578
v 0.205078110 0.620803833 0.145568773
vt 0.063720703 0.911376953
vn 0.055082239 0.991480768 0.118033372
vt 0.058837891 0.915283203
vt 0.054199219 0.921630859
vt 0.047851562 0.912841797
v 0.185150132 0.616600037 0.169326708
vt 0.057373047 0.895507812
vn -0.377917558 0.692848980 0.614116132
vt 0.053710938 0.876708984
v 0.183242783 0.619812012 0.149703905
vt 0.053955078 0.905029297
vn -0.000000022 0.987440705 0.157990456
vt 0.049804688 0.902587891
vt 0.044433594 0.898681641
vt 0.038330078 0.908203125
vt 0.039306641 0.902099609
vt 0.085937500 0.324707031
vt 0.042236328 0.333740234
v 0.413940430 0.588249207 0.270690799
vt 0.053466797 0.312255859
vn 0.387113005 0.900630236 0.197506547
vt 0.036132812 0.327636719
vt 0.088623047 0.307861328
vt 0.029296875 0.301513672
v 0.422241211 0.569084167 0.312591434
vt 0.067382812 0.285400391
vn 0.236169294 0.739996970 0.629784524
vt 0.080566406 0.285400391
v 0.383331299 0.593627930 0.284240603
vt 0.036865234 0.297363281
vn 0.181091174 0.858214498 0.480285138
vt 0.077392578 0.274414062
vt 0.032714844 0.288085938
v 0.388427734 0.582038879 0.300933719
vt 0.044921875 0.288085938
vn -0.457430810 0.102527633 0.883314967
v 0.405487061 0.558216155 0.299926639
vt 0.055419922 0.274658203
vn -0.528411448 -0.694033146 0.488977998
vt 0.063476562 0.265136719
v 0.383239746 0.572822571 0.280395389
vt 0.035400391 0.277343750
vn -0.423454493 -0.901801348 0.086259350
vt 0.029052734 0.276611328
vt 0.065673828 0.256591797
vt 0.063964844 0.248535156
vt 0.014892578 0.252929688
v 0.376403809 0.533546448 0.306884646
vt 0.019531250 0.238769531
vn 0.149806231 -0.835760474 0.528263748
vt 0.041992188 0.245361328
vt 0.000244141 0.233154297
v 0.358062744 0.535125732 0.266754031
vt 0.041748047 0.223632812
vn -0.118282728 -0.914719641 -0.386390150
vt 0.056152344 0.214111328
vt 0.048095703 0.201660156
v 0.353027344 0.537876129 0.309631228
vt 0.015625000 0.225585938
vn -0.305903405 -0.729462266 0.611807168
vt 0.001708984 0.200683594
v 0.331298828 0.542228699 0.261749208
vt 0.038818359 0.205322266
vn -0.449348569 -0.859280646 -0.244382456
vt 0.037841797 0.193603516
v 0.325714111 0.544860840 0.296508729
vt 0.019775391 0.207763672
vn -0.883177459 -0.212908894 0.417932332
vt 0.020996094 0.193847656
vt 0.025146484 0.185791016
v 0.160263047 0.604782104 0.200363100
vt 0.480712891 0.906250000
vn 0.323135316 -0.922117889 -0.212796450
v 0.179229721 0.621429443 0.205383226
vt 0.491455078 0.907470703
vn 0.307220101 0.291465133 0.905905008
v 0.146392822 0.608413696 0.210555971
vt 0.479492188 0.916748047
vn -0.180626944 0.455494285 0.871721804
v 0.170883164 0.636795044 0.184768602
vt 0.499267578 0.917724609
vn -0.142049655 0.804948330 0.576090455
v 0.193984970 0.639816284 0.178222582
vt 0.505371094 0.905517578
vn 0.276535153 0.892813563 0.355545163
v 0.139846787 0.630523682 0.181259096
vt 0.488037109 0.936035156
vn -0.331284255 0.765108943 0.552140474
v 0.175033554 0.646499634 0.167037889
vt 0.509277344 0.917968750
vn -0.133775368 0.928558409 0.346242130
v 0.123031601 0.637100220 0.160293519
vt 0.495849609 0.939941406
vn 0.212427333 0.778900027 0.590075791
v 0.167205796 0.654037476 0.133529603
vt 0.524414062 0.919677734
vn 0.086867660 0.987132728 0.134249985
v 0.123962395 0.603721619 0.202621400
vt 0.471435547 0.921142578
vn -0.471041113 0.471041203 0.745815277
vt 0.462646484 0.927001953
v 0.127700791 0.594352722 0.196350038
vt 0.467041016 0.916259766
vn 0.220199615 -0.967305303 -0.125828311
vt 0.457763672 0.916748047
v 0.153518662 0.623741150 0.169448793
vt 0.477050781 0.887939453
vt 0.459228516 0.891845703
vt 0.490234375 0.887695312
v 0.197708115 0.622108459 0.182922289
vt 0.497802734 0.895507812
vn 0.472089857 -0.881234348 -0.023604514
vt 0.504150391 0.888427734
vt 0.494873047 0.879638672
v 0.199325547 0.628890991 0.187164232
vt 0.500000000 0.899658203
vn 0.777289867 0.306205153 0.549598753
v 0.208770737 0.636917114 0.154861376
vt 0.512207031 0.892822266
vn 0.873528600 0.401351005 0.275436789
vt 0.518798828 0.880126953
v 0.200897202 0.643814087 0.147018358
vt 0.518066406 0.897949219
vn 0.337330103 0.941386521 -0.000000085
vt 0.542724609 0.889648438
v 0.213943467 0.636917114 0.120574869
vt 0.527099609 0.886962891
vn 0.653705418 0.756093144 -0.031503998
vt 0.523925781 0.878417969
vt 0.545898438 0.877441406
vt 0.553955078 0.885986328
vt 0.561767578 0.880615234
v 0.094490036 0.613021851 0.172180116
vt 0.648925781 0.905029297
vn -0.086797208 -0.063125305 0.994224131
v 0.071403489 0.616744995 0.162460268
vt 0.636718750 0.917968750
vn 0.055212386 0.717760324 0.694097757
vt 0.642822266 0.898681641
vt 0.663574219 0.888671875
vt 0.657714844 0.869140625
vt 0.632080078 0.905761719
v 0.078002915 0.627273560 0.163879335
vt 0.645751953 0.920654297
vn -0.629999340 0.393749624 0.669374406
v 0.121063218 0.664489746 0.181320131
vt 0.685058594 0.929931641
vn -0.573489010 0.337808609 0.746321440
v 0.125518784 0.650024414 0.183837831
vt 0.685546875 0.920654297
vn -0.039398044 -0.323065042 0.945556402
v 0.155014023 0.669342041 0.193862855
vt 0.707763672 0.932128906
vn 0.377100527 -0.526369214 0.762057006
v 0.153900132 0.691162109 0.193328783
vt 0.713378906 0.941650391
vn -0.071022563 0.599746764 0.797031820
v 0.069839463 0.625534058 0.150527894
vt 0.638427734 0.926025391
vn -0.078552850 0.856226444 0.510593653
v 0.035400376 0.632369995 0.156692460
vt 0.616699219 0.937744141
vn 0.213094518 0.670852900 0.710314810
v 0.056846604 0.632843018 0.147384584
vt 0.631591797 0.934326172
vn 0.299027234 0.952165782 0.062953025
v 0.054233540 0.608764648 0.183532670
vt 0.617187500 0.916748047
vn 0.196692020 0.574340522 0.794635415
v -0.003343596 0.632965088 0.164627030
vt 0.592773438 0.952392578
vn 0.007892752 0.205208495 0.978686512
v 0.013181674 0.619316101 0.177108720
vt 0.595458984 0.939453125
vn 0.094761841 0.742300689 0.663332462
vt 0.579101562 0.936279297
v 0.022689812 0.575386047 0.199768022
vt 0.587646484 0.913085938
vn 0.039336048 0.440562695 0.896859705
vt 0.570312500 0.925537109
v 0.064002983 0.580543518 0.192733705
vt 0.610839844 0.901611328
vn 0.307305902 0.441259682 0.843121052
v 0.048801415 0.576492310 0.203216508
vt 0.600097656 0.899658203
vn 0.512176275 0.858880401 -0.000000105
vt 0.629638672 0.899414062
vt 0.604736328 0.895507812
vt 0.619384766 0.885253906
v 0.049316395 0.612594604 0.190658525
vt 0.688232422 0.022949219
vn 0.142311260 0.055343289 -0.988273621
v 0.082069390 0.613510132 0.193405092
vt 0.710449219 0.025634766
vn 0.907935560 -0.023685256 -0.418440014
v 0.060565937 0.603492737 0.189407289
vt 0.694824219 0.028320312
vn 0.142213523 -0.284427285 -0.948090971
v 0.043094628 0.588554382 0.195251420
vt 0.681396484 0.034667969
vn -0.173014045 -0.456127733 -0.872934043
v 0.035148609 0.624488831 0.186798051
vt 0.678222656 0.015869141
vn 0.126168132 -0.591413558 -0.796436846
v 0.056713097 0.588516235 0.198989809
vt 0.691894531 0.036376953
vn 0.557777047 -0.793457508 -0.243536517
v 0.069274895 0.602531433 0.219222963
vt 0.707763672 0.041015625
vn 0.628345609 -0.447696090 0.636199713
v 0.056655876 0.591758728 0.210845888
vt 0.694580078 0.040527344
vn 0.322017252 -0.227768168 0.918926895
v 0.044723503 0.583160400 0.209793046
vt 0.684570312 0.041503906
vn 0.858001888 -0.133816734 0.495909184
v 0.022516241 0.610305786 0.195678666
vt 0.667480469 0.023681641
vn -0.236066982 -0.259673595 -0.936398506
v 0.032394402 0.589057922 0.203094438
vt 0.674560547 0.039794922
vn -0.195875317 -0.250720292 -0.948036015
v -0.002567298 0.593734741 0.204925492
vt 0.654296875 0.037597656
vn 0.015804363 -0.292382836 -0.956170738
v -0.003456604 0.649688721 0.192520097
vt 0.645019531 0.003906250
vn -0.039466988 0.465708822 -0.884057522
v 0.017187113 0.565017700 0.212356523
vt 0.663330078 0.056640625
vn -0.213067964 -0.576072514 -0.789140344
v -0.003713848 0.540065765 0.225387529
vt 0.647949219 0.072753906
vn 0.007869831 -0.818466485 -0.574500501
v 0.045509335 0.544601440 0.214660600
vt 0.139404297 0.986572266
vn 0.134552598 -0.514465272 0.846889079
vt 0.140625000 0.976806641
vt 0.145019531 0.988525391
v 0.028186794 0.552078247 0.214385942
vt 0.129638672 0.979248047
vn -0.196509451 -0.738875926 0.644551396
vt 0.160644531 0.947998047
vt 0.152587891 0.977539062
vt 0.145263672 0.951171875
v 0.018215174 0.560794830 0.201278642
vt 0.126953125 0.966552734
vn -0.189023122 -0.102387555 0.976620197
vt 0.119140625 0.953125000
vt 0.121337891 0.971191406
vt 0.114013672 0.960937500
vt 0.103271484 0.966064453
vt 0.097656250 0.960693359
vt 0.096191406 0.965332031
v 0.063987724 0.563278198 0.216628969
vt 0.025634766 0.512451172
vn 0.817858934 0.039320201 0.574073911
vt 0.024658203 0.498535156
vt 0.033691406 0.507568359
vt 0.038085938 0.517089844
v 0.046340939 0.573715210 0.217254594
vt 0.031738281 0.524414062
vn 0.553589046 -0.260977596 0.790841341
vt 0.015136719 0.522949219
vt 0.019287109 0.541015625
vt 0.042724609 0.520996094
v 0.046634670 0.581108093 0.233322099
vt 0.038818359 0.532226562
vn 0.794487894 0.361846030 0.487705320
v 0.029747007 0.573753357 0.241058305
vt 0.035644531 0.542236328
vn 0.315499157 -0.433811158 0.843959928
v 0.028079983 0.598182678 0.228515580
vt 0.051757812 0.539794922
vn 0.394717813 0.276302457 0.876273274
v 0.037906643 0.616470337 0.224746659
vt 0.061035156 0.534179688
vn 0.646210432 0.212776661 0.732897103
vt 0.048828125 0.515869141
v 0.022579189 0.615898132 0.230758622
vt 0.063720703 0.542236328
vn 0.212197632 0.510845959 0.833071828
v 0.023406981 0.570686340 0.232757524
vt 0.034179688 0.549560547
vn 0.567721784 -0.236550644 0.788502276
v 0.013072964 0.604545593 0.231185868
vt 0.058349609 0.546875000
vn 0.455606729 0.243513972 0.856226265
v -0.003174787 0.624633789 0.228912309
vt 0.074218750 0.550048828
vn 0.101952277 0.243116751 0.964624345
vt 0.021240234 0.547851562
v -0.003885273 0.624488831 0.241805986
vt 0.067626953 0.558593750
vn -0.007838020 0.235144153 0.971928954
vt 0.012695312 0.568359375
v -0.004001139 0.540496826 0.251647890
vt 0.023193359 0.576171875
vn 0.023563094 -0.188503608 0.981789827
vt 0.000000000 0.328369141
vt 0.006103516 0.330078125
vt 0.003662109 0.340332031
v 0.067718498 0.623901367 0.217025697
vt 0.910888672 0.943603516
vn 0.644810379 0.456085384 0.613356113
vt 0.921386719 0.929931641
vt 0.927246094 0.963623047
v 0.061565392 0.625656128 0.198074281
vt 0.907714844 0.962158203
vn 0.615031719 0.473101407 -0.630801916
vt 0.896728516 0.975097656
v 0.066062920 0.639160156 0.196914613
vt 0.897949219 0.963134766
vn 0.968203843 0.102330521 -0.228275836
vt 0.872070312 0.962646484
v 0.053905480 0.613502502 0.214034989
vt 0.905517578 0.929687500
vn -0.275650233 -0.126011565 0.952962816
vt 0.914550781 0.918701172
v 0.053058617 0.632385254 0.214126542
vt 0.899902344 0.941162109
vn 0.338645756 0.448902428 0.826925457
v 0.037651055 0.616661072 0.208023027
vt 0.887695312 0.923095703
vn 0.039485417 0.339573681 0.939750314
vt 0.887939453 0.913085938
v 0.043132775 0.633163452 0.217407182
vt 0.891357422 0.934814453
vn -0.456735313 0.165369749 0.874097168
v 0.048095692 0.651199341 0.204498246
vt 0.888916016 0.945068359
vn -0.031518556 0.969195306 0.244268686
v 0.029453270 0.620002747 0.213851884
vt 0.878906250 0.920654297
vn 0.580539584 0.345185697 0.737442017
vt 0.880371094 0.907226562
vt 0.870361328 0.893554688
v -0.006520277 0.660736084 0.234512284
vt 0.844970703 0.903564453
vn 0.243356332 0.745769322 0.620165944
v 0.025823584 0.652206421 0.203536943
vt 0.867675781 0.936279297
vn 0.559193850 0.803348899 0.204775110
v 0.033855431 0.637161255 0.201446488
vt 0.876953125 0.937011719
vn -0.173903480 0.663995326 0.727232933
v 0.031894673 0.634933472 0.190338090
vt 0.872558594 0.946044922
vn -0.433487773 0.575356305 -0.693580210
v 0.021085728 0.648529053 0.187591508
vt 0.862548828 0.946044922
vn 0.015733756 0.180939734 -0.983368337
vt 0.844970703 0.946533203
vt 0.864501953 0.966796875
v 0.050895680 0.645080566 0.178909257
vt 0.883544922 0.951171875
vn -0.338919133 0.803947508 -0.488673985
v 0.046451554 0.627120972 0.165725663
vt 0.878173828 0.954833984
vn -0.306630820 -0.125797257 -0.943479002
v 0.065193161 0.641937256 0.178451478
vt 0.887451172 0.957275391
vn 0.941357434 -0.196116090 -0.274562687
vt 0.171630859 0.686279297
vt 0.160888672 0.691894531
vt 0.169677734 0.676757812
v -0.018369678 0.610137939 0.229736283
vt 0.184570312 0.675781250
vn -0.465549290 0.331408024 0.820629478
v -0.030164720 0.569068909 0.233581498
vt 0.214111328 0.689697266
vn -0.614382684 -0.196917549 0.764040172
vt 0.221679688 0.718017578
v -0.018318182 0.622619629 0.222549394
vt 0.176757812 0.667724609
vn -0.354748756 0.228615969 0.906580508
v -0.020013815 0.643920898 0.226150468
vt 0.163330078 0.663330078
vn -0.629999280 0.086624935 0.771749377
v -0.036605839 0.596839905 0.228210405
vt 0.199951172 0.670654297
vn -0.393651873 0.259810299 0.881780505
v -0.029052738 0.614540100 0.231079057
vt 0.187011719 0.667480469
vn -0.400126100 0.486427933 0.776715636
v -0.037937172 0.619285583 0.213241532
vt 0.184570312 0.652832031
vn -0.541680574 0.478877127 0.690839231
v -0.042884834 0.620147705 0.207427934
vt 0.184814453 0.647216797
vn -0.314376324 0.235782370 0.919551134
v -0.032962810 0.652282715 0.203338578
vt 0.162841797 0.640625000
vn -0.527624488 0.834749281 0.157499894
v -0.057571419 0.605430603 0.212860078
vt 0.202636719 0.648681641
vn -0.243777156 -0.070774011 0.967245460
v -0.041435249 0.638442993 0.203918412
vt 0.174072266 0.637695312
vn 0.165292874 0.897304177 0.409296572
v -0.037975311 0.573883057 0.240646318
vt 0.215332031 0.682861328
vn -0.244747728 -0.165796906 0.955306232
vt 0.230468750 0.683349609
v -0.057163242 0.578590393 0.228301972
vt 0.217773438 0.670654297
vn -0.927553713 -0.141491279 0.345867634
vt 0.229248047 0.665527344
vt 0.236328125 0.683593750
v -0.051666267 0.584831238 0.211746171
vt 0.214599609 0.658935547
vn -0.918926895 -0.086394869 0.384849876
v -0.047737129 0.584457397 0.203414872
vt 0.222656250 0.658691406
vn 0.133453369 -0.573064923 -0.808570862
v -0.061138161 0.582855225 0.201873749
vt 0.221435547 0.650390625
vn -0.308119953 -0.932260394 -0.189612210
v -0.077316292 0.602424622 0.214828461
vt 0.213134766 0.635253906
vn -0.463247508 -0.439692676 0.769462228
vt 0.222656250 0.622802734
v -0.086082466 0.617317200 0.202484101
vt 0.212158203 0.617919922
vn 0.282965064 0.620951056 0.730992913
v -0.072662361 0.620986938 0.218444794
vt 0.203125000 0.629638672
vn -0.369654894 0.243815035 0.896610022
v -0.075164802 0.626815796 0.201354951
vt 0.202148438 0.616943359
vn -0.597980559 0.778948307 -0.188835919
v -0.072868355 0.613151550 0.191558808
vt 0.209960938 0.607177734
vn 0.678027570 0.599187255 -0.425738424
v -0.052570350 0.632873535 0.219177201
vt 0.189697266 0.633300781
vn 0.015789799 0.363162965 0.931591868
v -0.065910347 0.638031006 0.198974580
vt 0.188964844 0.616210938
vn -0.915174961 0.260351449 -0.307687998
v -0.055332195 0.651138306 0.203521684
vt 0.180175781 0.623535156
vn 0.141294926 0.973365247 0.180543497
v -0.066658035 0.639968872 0.187362641
vt 0.185058594 0.604736328
vn -0.852616847 -0.521043658 0.039473135
v -0.034770977 0.630661011 0.190765336
vt 0.165771484 0.630126953
vn 0.573719203 0.353662580 -0.738761842
v -0.065940872 0.645019531 0.184570283
vt 0.178955078 0.607910156
vn -0.614116192 0.692848980 -0.377917558
v -0.056114212 0.629455566 0.165161088
vt 0.159667969 0.603027344
vn -0.102156661 -0.463633657 -0.880118132
v -0.055187237 0.644241333 0.176635697
vt 0.168457031 0.609863281
vn 0.449194998 0.772300303 -0.449195176
vt 0.757812500 0.147460938
vt 0.789062500 0.133056641
vt 0.767089844 0.160888672
vt 0.809570312 0.147705078
vt 0.807617188 0.151367188
v 0.162033066 0.656097412 0.110717699
vt 0.809814453 0.128417969
vn 0.173287407 0.984587789 0.023630042
vt 0.820556641 0.145019531
vt 0.828857422 0.137695312
vt 0.811035156 0.117675781
v 0.130004868 0.653045654 0.117919855
vt 0.787841797 0.125732422
vn 0.775801182 0.577892840 0.253322721
v 0.148590073 0.671401978 0.122230455
vt 0.770751953 0.125000000
vn 0.550993264 -0.834361196 -0.015742699
vt 0.791748047 0.093994141
vt 0.819824219 0.099853516
v 0.147384629 0.668212891 0.149566591
vt 0.770751953 0.106689453
vn 0.646070004 -0.756374598 -0.102425776
vt 0.736572266 0.136230469
vt 0.745849609 0.160644531
v 0.192016587 0.695159912 0.132919222
vt 0.739501953 0.119140625
vn 0.691137433 -0.722552717 -0.015707729
v 0.140731797 0.655136108 0.179061830
vt 0.773193359 0.083496094
vn 0.667720079 -0.738419831 0.094266310
vt 0.801757812 0.073486328
vt 0.777099609 0.073730469
vt 0.759765625 0.075927734
v 0.161788926 0.675720215 0.164031908
vt 0.759033203 0.097900391
vn 0.582821727 -0.811224759 -0.047255855
v 0.176834092 0.685668945 0.177749544
vt 0.746093750 0.090820312
vn 0.834128857 -0.133775309 0.535101354
vt 0.743896484 0.072753906
v 0.186737046 0.691848755 0.156112581
vt 0.741210938 0.104736328
vn 0.952992320 0.047255870 0.299286723
v 0.179595917 0.712066650 0.126571566
vt 0.725097656 0.119140625
vn 0.533271849 0.831276834 0.156844571
vt 0.716308594 0.142089844
v 0.171279892 0.704391479 0.162750155
vt 0.730957031 0.095703125
vn 0.472572893 0.771868944 0.425315470
v 0.161209092 0.705535889 0.159179613
vt 0.724121094 0.093750000
vn -0.275710225 0.937414765 0.212690741
v 0.145538315 0.694213867 0.176559374
vt 0.729736328 0.075683594
vn -0.605998695 0.708310187 0.362025261
v 0.126220688 0.691787720 0.146255419
vt 0.703613281 0.082031250
vn -0.592464447 0.789952576 0.157990545
v 0.164642304 0.712158203 0.124122545
vt 0.714599609 0.115966797
vn -0.267451376 0.959678411 0.086528376
vt 0.697753906 0.139404297
v 0.142379731 0.703704834 0.108444139
vt 0.697509766 0.115966797
vn -0.574500561 0.818466365 0.007869910
vt 0.198242188 0.538818359
vt 0.212402344 0.526123047
v 0.110137910 0.675689697 0.081230097
vt 0.206542969 0.542968750
vn -0.600813985 0.790544629 0.118581749
vt 0.197265625 0.551513672
v 0.111152627 0.676132202 0.092643671
vt 0.212646484 0.548339844
vn -0.628520012 0.777793527 0.000000048
vt 0.204833984 0.574951172
vt 0.183593750 0.566650391
v 0.104721047 0.671646118 0.121078424
vt 0.229736328 0.556152344
vn -0.693774223 0.717425525 0.063070439
vt 0.230468750 0.580322266
v 0.090385415 0.661056519 0.096717767
vt 0.224121094 0.538085938
vn -0.432588428 0.896637738 0.094382949
v 0.074836701 0.658142090 0.078887880
vt 0.220703125 0.522949219
vn -0.583111227 0.803747892 0.118198261
vt 0.219238281 0.518554688
v 0.085472085 0.651168823 0.119262628
vt 0.240966797 0.542724609
vn -0.637281835 0.684487879 0.354045540
v 0.100128159 0.656616211 0.157241762
vt 0.252929688 0.563964844
vn -0.725309432 0.630703807 0.275932997
vt 0.239501953 0.599853516
vt 0.256103516 0.583984375
vt 0.244873047 0.608886719
vt 0.270996094 0.550292969
v 0.070648171 0.656738281 0.114402711
vt 0.238525391 0.533447266
vn -0.685443223 0.709079206 0.165451869
v 0.066749550 0.642059326 0.116706789
vt 0.246582031 0.531250000
vn -0.613944829 0.228261545 0.755624533
v 0.077712998 0.634994507 0.147979677
vt 0.262695312 0.545654297
vn -0.692484200 0.700353265 0.173121110
vt 0.270019531 0.541015625
v 0.070678689 0.630233765 0.122329652
vt 0.255126953 0.532714844
vn -0.779793620 0.582875967 0.228424460
v 0.065132126 0.626892090 0.138229311
vt 0.265869141 0.534179688
vn -0.039241396 0.996730208 -0.070634454
vt 0.274902344 0.536621094
v 0.064498879 0.636199951 0.106536806
vt 0.245117188 0.524169922
vn -0.977256954 0.141859829 0.157622218
v 0.062507607 0.635192871 0.081748903
vt 0.234619141 0.512451172
vn -0.906045616 0.386054188 0.173330575
v 0.064712502 0.619621277 0.111717165
vt 0.255859375 0.522705078
vn -0.676829755 0.731920540 0.078701198
v 0.061904885 0.617889404 0.101051271
vt 0.251220703 0.518310547
vn -0.623110533 0.725647748 0.291836649
vt 0.224853516 0.512939453
vt 0.215087891 0.510253906
vt 0.235107422 0.507324219
vt 0.226806641 0.501220703
v 0.059768654 0.626846313 0.111495912
vt 0.260742188 0.517089844
vn 0.889543176 0.456579715 0.015743989
vt 0.239990234 0.488769531
vt 0.229248047 0.487548828
v 0.056438424 0.667022705 0.108505189
vt 0.261230469 0.494628906
vn 0.878168166 -0.478287995 -0.007840881
v 0.064376809 0.636383057 0.106429994
vt 0.258300781 0.510986328
vn 0.993111670 0.086700268 0.078818254
v 0.051700573 0.638809204 0.132110551
vt 0.273437500 0.514892578
vn 0.895199060 0.109936781 0.431894153
v 0.050971963 0.662567139 0.122543275
vt 0.270996094 0.499755859
vn 0.866786897 -0.425513536 0.260035962
v 0.039173111 0.635116577 0.158904985
vt 0.287109375 0.526123047
vn 0.627900243 0.290403903 0.722085118
v 0.035430893 0.662475586 0.153503373
vt 0.291015625 0.510498047
vn 0.552966893 -0.560866296 0.616162956
v 0.006553157 0.662475586 0.161621049
vt 0.306152344 0.509277344
vn 0.291972995 -0.418231368 0.860136211
vt 0.287597656 0.528564453
v -0.004098190 0.639282227 0.171447709
vt 0.312988281 0.518066406
vn 0.047139134 -0.047138952 0.997775495
vt 0.312011719 0.524658203
vt 0.820800781 0.057373047
vt 0.809082031 0.064941406
v 0.032512628 0.699111938 0.018131198
vt 0.804687500 0.040283203
vn 0.346209854 -0.361946762 -0.865524888
v -0.004216705 0.662597656 0.026460595
vt 0.787353516 0.066894531
vn -0.015807511 -0.632297516 -0.774564445
vt 0.825439453 0.067138672
v 0.081054658 0.688598633 0.083045900
vt 0.849609375 0.062744141
vn 0.723177552 -0.676013708 -0.141491309
v 0.078086816 0.702789307 0.037525114
vt 0.832763672 0.040283203
vn 0.658646226 -0.415574461 -0.627282262
v 0.085006684 0.705062866 0.055702146
vt 0.845947266 0.041503906
vn 0.903135240 -0.274867207 -0.329840809
v 0.071266137 0.722885132 0.030849390
vt 0.824218750 0.026611328
vn 0.465941072 -0.023691945 -0.884498596
v 0.026712380 0.718933105 0.013626041
vt 0.801269531 0.028076172
vn 0.369849414 -0.031476583 -0.928558469
v -0.004402199 0.702926636 0.001235194
vt 0.787841797 0.032958984
vn -0.133953929 -0.165472403 -0.977074921
v -0.004281562 0.757171631 0.001352732
vt 0.788330078 0.004394531
vn 0.094761655 0.031587221 -0.994998753
v 0.080139130 0.721527100 0.044933252
vt 0.837402344 0.031982422
vn 0.930403769 0.118271701 -0.346930385
v 0.101745583 0.706130981 0.104431085
vt 0.874023438 0.038818359
v 0.069770776 0.758789062 0.030633861
vt 0.841308594 0.018554688
vn 0.756962180 0.094620280 -0.646571994
vt 0.952392578 0.957275391
vt 0.955566406 0.968505859
vt 0.947265625 0.974121094
v -0.050384551 0.636138916 0.047180131
vt 0.972656250 0.951904297
vn -0.329596937 0.431614876 -0.839687169
v -0.047611266 0.662521362 0.052497819
vt 0.974365234 0.965087891
vn -0.606374562 -0.110249966 -0.787499249
v -0.064094573 0.622627258 0.036193807
vt 0.972656250 0.940429688
vn -0.220691592 0.685719848 -0.693601847
vt 0.943359375 0.941650391
v -0.069976836 0.605033875 0.021533927
vt 0.968750000 0.932373047
vn -0.322574884 0.432722241 -0.841841459
v -0.040203128 0.578392029 0.007030444
vt 0.950683594 0.925537109
vn -0.236631766 0.134091198 -0.962301910
vt 0.936035156 0.933593750
vt 0.931884766 0.923339844
v -0.059783962 0.636672974 0.064758256
vt 0.982421875 0.955566406
vn -0.653219402 0.708310187 -0.267583758
v -0.057670619 0.660720825 0.072738603
vt 0.983154297 0.966064453
vn -0.897721350 -0.385862708 -0.212618083
v -0.068824798 0.631927490 0.047027543
vt 0.978027344 0.947021484
vn -0.047420904 0.964223564 -0.260814577
v -0.076988250 0.627822876 0.049167592
vt 0.978759766 0.942138672
vn -0.158173352 0.569423497 -0.806683362
v -0.084716827 0.611213684 0.041892968
vt 0.979736328 0.936035156
vn -0.086557984 0.236066803 -0.967874110
v -0.077781707 0.646118164 0.056606252
vt 0.985839844 0.943603516
vn 0.792894900 0.588783443 0.157008752
v -0.082756072 0.646697998 0.062065080
vt 0.989746094 0.941894531
vn 0.369335175 -0.620797575 -0.691521406
v -0.106887847 0.635116577 0.058628045
vt 0.992919922 0.935302734
vn 0.323275775 0.378469318 -0.867325664
v -0.082542449 0.629806519 0.069839433
vt 0.989257812 0.948242188
vn 0.512510598 0.851556063 0.110386789
v -0.081893943 0.644088745 0.080253556
vt 0.995361328 0.944824219
vn 0.744874775 -0.666466832 -0.031363215
v -0.081535362 0.632858276 0.100875810
vt 0.998779297 0.956542969
vn 0.432254255 0.895945251 -0.102169290
v -0.073028587 0.635498047 0.107933000
vt 0.998779297 0.961181641
vn -0.880798340 0.463991940 0.094371349
v -0.064399742 0.644638062 0.084678605
vt 0.989257812 0.961181641
vn -0.945321620 0.196941912 -0.259963304
v -0.065437339 0.667236328 0.107788041
vt 0.995849609 0.972412109
vn -0.840178847 -0.541797578 -0.023556281
v -0.059947994 0.645812988 0.069488481
vt 0.983398438 0.959716797
vn -0.939047873 0.181496590 -0.291972756
vt 0.059082031 0.414062500
vt 0.064697266 0.416259766
vt 0.050048828 0.425781250
v -0.059474975 0.662765503 0.046371415
vt 0.061767578 0.392089844
vn -0.355257064 -0.742092431 -0.568411112
vt 0.057617188 0.394531250
vt 0.053710938 0.385498047
v -0.073127776 0.673843384 0.066162065
vt 0.061767578 0.381103516
vn -0.700505137 -0.708376050 -0.086579166
vt 0.048339844 0.371093750
v -0.093894981 0.691879272 0.124420121
vt 0.058349609 0.354980469
vn -0.710624695 -0.694833159 0.110541739
v -0.111282371 0.706634521 0.105392419
vt 0.072021484 0.359130859
vn -0.982912242 -0.172992602 -0.062906250
v -0.089942947 0.709274292 0.172988847
vt 0.064208984 0.335937500
vn -0.899676085 -0.094702773 0.426162511
v -0.100730926 0.772308350 0.105453447
vt 0.105224609 0.351806641
vn -0.988790512 0.149103284 0.007847667
v -0.072677642 0.685974121 0.036857564
vt 0.072021484 0.388916016
vn -0.652009010 -0.628442407 -0.424198538
v -0.041709937 0.697296143 0.019044828
vt 0.077880859 0.403808594
vn -0.322584808 -0.416999787 -0.849735320
v -0.089424163 0.701461792 0.038761098
vt 0.079345703 0.383300781
vn -0.891950905 -0.323628217 -0.315734714
v -0.085197486 0.724487305 0.032394364
vt 0.089355469 0.384033203
vn -0.889736354 0.118106537 -0.440931141
v -0.077354468 0.770172119 0.029838515
vt 0.108154297 0.386474609
vn -0.604409933 0.078494713 -0.792797208
v -0.083671607 0.712066650 0.031963307
vt 0.084228516 0.385742188
vn -0.424198776 -0.062844291 -0.903385937
v -0.083343543 0.699523926 0.033279378
vt 0.078857422 0.386474609
vn -0.370792240 -0.260343462 -0.891478837
v -0.049243964 0.718002319 0.018690061
vt 0.087158203 0.400390625
vn -0.362801433 -0.047321968 -0.930664182
vt 0.083496094 0.420166016
vt 0.073974609 0.431152344
vt 0.106933594 0.419677734
vt 0.091308594 0.430664062
v -0.004437012 0.786041260 0.004053059
vt 0.118896484 0.417480469
vn -0.203973457 0.109831743 -0.972795904
v 0.026439626 0.798583984 0.015916763
vt 0.125976562 0.427246094
vn 0.322106421 0.086418800 -0.942750990
v -0.047344249 0.815063477 0.021774240
vt 0.127441406 0.395751953
vn -0.330544889 0.267583817 -0.905063033
vt 0.349853516 0.008789062
vt 0.339111328 0.006103516
vt 0.347656250 0.001953125
vt 0.338623047 0.011962891
vt 0.333984375 0.004638672
vt 0.341308594 0.019287109
vt 0.328613281 0.037597656
vt 0.333496094 0.014648438
vt 0.002197266 0.378417969
vt 0.008056641 0.374755859
vt 0.004638672 0.384033203
vt 0.169921875 0.472656250
vt 0.159667969 0.443847656
vt 0.183349609 0.452392578
vt 0.158203125 0.455566406
vt 0.205566406 0.462890625
vt 0.194580078 0.437988281
v 0.079017617 0.686386108 0.130355760
vt 0.191406250 0.481201172
vn 0.729889035 -0.667102754 0.149117038
vt 0.168945312 0.482177734
v 0.081123337 0.709533691 0.173080370
vt 0.208496094 0.504638672
vn 0.897637844 -0.141732216 0.417322725
v 0.052680951 0.663101196 0.152679399
vt 0.176025391 0.499023438
vn 0.645269394 -0.692484200 0.322634608
vt 0.166259766 0.501953125
v 0.066268906 0.699172974 0.170333788
vt 0.197998047 0.508789062
vn 0.528411627 -0.488977790 0.694033027
v 0.048385605 0.708892822 0.188354433
vt 0.198974609 0.524902344
vn 0.322106659 -0.086418778 0.942750871
v 0.041175827 0.662582397 0.173751786
vt 0.173339844 0.512451172
vn 0.307353616 -0.851132870 0.425566435
vt 0.155761719 0.517089844
v 0.011490809 0.662506104 0.182205155
vt 0.163574219 0.527099609
vn 0.211903363 -0.667102754 0.714192450
v 0.047840104 0.690063477 0.184661806
vt 0.187744141 0.519531250
vn 0.456127793 -0.385349184 0.802155495
v -0.004368794 0.686431885 0.197586000
vt 0.170654297 0.545654297
vn 0.070758879 -0.345931619 0.935587764
v -0.004050744 0.705932617 0.203597963
vt 0.182373047 0.552734375
vn -0.031445283 0.047168169 0.998391926
vt 0.020019531 0.709716797
v -0.004500879 0.626129150 0.172149613
vt 0.020507812 0.715087891
vn -0.070837550 0.739859462 0.669021785
vt 0.013183594 0.716552734
vt 0.012451172 0.723876953
v -0.047306076 0.633377075 0.154952958
vt 0.039794922 0.707763672
vn -0.275343090 0.770960748 0.574287117
v -0.043544784 0.625961304 0.164871171
vt 0.037841797 0.712158203
vn -0.149569184 0.787206471 0.598276854
v -0.047962204 0.637527466 0.158859208
vt 0.039062500 0.705566406
vn -0.576773286 0.071109056 0.813803554
v -0.061893482 0.638900757 0.129638642
vt 0.050781250 0.709472656
vn -0.897303998 0.023613244 0.440781057
vt 0.019531250 0.706054688
v -0.059768699 0.662429810 0.122634843
vt 0.053466797 0.699462891
vn -0.910707712 -0.062807456 0.408248425
vt 0.060546875 0.711425781
vt 0.060058594 0.699951172
v -0.002733722 0.660339355 0.166107133
vt 0.021484375 0.696777344
vn -0.173201382 -0.621950865 0.763661265
vt 0.017578125 0.697753906
v -0.044757858 0.662490845 0.153564408
vt 0.040039062 0.694824219
vn -0.498152077 -0.593038321 0.632574260
v -0.060241714 0.662689209 0.157775849
vt 0.044433594 0.689208984
vn -0.630468726 -0.748681664 0.204902455
vt 0.014404297 0.691162109
vt 0.065185547 0.682128906
v -0.049499527 0.662643433 0.174407914
vt 0.037353516 0.686279297
vn -0.291981876 -0.852271676 0.434027314
v -0.008069050 0.660400391 0.184799150
vt 0.020996094 0.687988281
vn -0.142084971 -0.655170143 0.741999984
vt 0.013671875 0.676757812
v -0.053886428 0.688049316 0.185241640
vt 0.037353516 0.674560547
vn -0.259568959 -0.338226348 0.904558957
vt 0.012939453 0.667724609
v -0.058479324 0.708221436 0.188583329
vt 0.039306641 0.666503906
vn -0.290002048 0.039189510 0.956223369
v -0.058925644 0.693283081 0.183959916
vt 0.039794922 0.672851562
vn -0.721374452 -0.352846265 0.595918238
v -0.064636245 0.718475342 0.184921220
vt 0.042480469 0.662841797
vn -0.383962482 -0.109703578 0.916808665
v -0.073143020 0.681320190 0.160018876
vt 0.048828125 0.680419922
vn -0.670518756 -0.528526664 0.520638287
vt 0.053710938 0.667236328
v 0.085662812 0.744995117 0.074729852
vt 0.656982422 0.991455078
vn 0.943741620 0.141561270 -0.298851639
vt 0.646972656 0.962402344
vt 0.678710938 0.984619141
v 0.091606110 0.770782471 0.105239794
vt 0.315673828 0.625976562
vn 0.970400989 0.149899393 0.189346403
vt 0.339599609 0.654541016
vt 0.311767578 0.651367188
v 0.085319489 0.815368652 0.105873033
vt 0.286376953 0.609863281
vn 0.962391794 0.244542211 -0.118326992
v 0.063026406 0.816162109 0.178588793
vt 0.309082031 0.570800781
vn 0.892813504 0.165921137 0.418753088
vt 0.303222656 0.672119141
vt 0.281494141 0.668701172
v 0.057201367 0.821777344 0.179275438
vt 0.302978516 0.567626953
vn 0.481480718 0.686701894 0.544625521
vt 0.281982422 0.685791016
vt 0.243896484 0.698242188
vt 0.245117188 0.666015625
v 0.061469991 0.816101074 0.029592449
vt 0.254638672 0.642822266
vn 0.737964511 0.329728872 -0.588801682
v 0.013789135 0.816528320 0.015277803
vt 0.233154297 0.656982422
vn 0.259995580 0.354539573 -0.898167014
v 0.007182080 0.828460693 0.023885665
vt 0.226562500 0.646728516
vn 0.189311087 0.678365052 -0.709917068
v 0.074623078 0.827941895 0.105186395
vt 0.273925781 0.604248047
vn 0.606111348 0.795029283 -0.023614848
v 0.053569756 0.827056885 0.037856989
vt 0.248291016 0.633300781
vn 0.424565494 0.833406508 -0.353804737
v 0.038360558 0.830474854 0.041473325
vt 0.238769531 0.630859375
vn 0.149490401 0.810395837 -0.566490352
v 0.051269494 0.829223633 0.050811701
vt 0.248535156 0.624511719
vn 0.614325523 0.700961292 -0.362294704
v 0.057395902 0.829956055 0.074470453
vt 0.258789062 0.613281250
vn 0.881479919 0.377777159 -0.283332974
v 0.063270539 0.831542969 0.091026239
vt 0.266357422 0.605712891
vn 0.884195268 -0.402624577 -0.236838132
v 0.064903229 0.829986572 0.113693170
vt 0.273925781 0.592285156
vn 0.596138060 0.776548207 0.203941852
v 0.047157265 0.827850342 0.173370302
vt 0.293457031 0.564697266
vn 0.377111971 0.911354005 0.164986402
v 0.050746892 0.831329346 0.143508852
vt 0.279785156 0.576660156
vn 0.842519701 0.425196886 0.330708504
v 0.037906624 0.830810547 0.171905458
vt 0.288818359 0.560302734
vn 0.636966586 -0.243777230 0.731331825
v 0.017349223 0.830657959 0.178237855
vt 0.290283203 0.547363281
vn 0.102156624 0.715095997 0.691521347
v -0.003624697 0.829437256 0.187545717
vt 0.292236328 0.533447266
vn 0.023710525 0.316138893 0.948416650
v 0.004498918 0.801147461 0.015216770
vt 0.317382812 0.063964844
vn 0.346242011 0.133775339 -0.928558469
vt 0.325439453 0.076416016
vt 0.303222656 0.063964844
vt 0.328369141 0.061035156
v -0.003436608 0.817169189 0.007425250
vt 0.320068359 0.052978516
vn -0.047261816 0.322954774 -0.945233583
vt 0.303955078 0.026855469
v -0.005549472 0.828430176 0.020229280
vt 0.328125000 0.044921875
vn -0.125937521 0.779237688 -0.613944948
vt 0.925048828 0.088378906
vt 0.928466797 0.080078125
vt 0.930908203 0.096191406
v -0.032302897 0.832855225 0.023553792
vt 0.927734375 0.116210938
vn -0.274757236 -0.227655962 -0.934174180
v -0.000572633 0.829772949 0.026380479
vt 0.937744141 0.098632812
vn 0.062844135 0.903385878 -0.424198627
v 0.007737118 0.841491699 0.021789489
vt 0.919921875 0.089111328
vn 0.141281798 -0.455241680 -0.879087329
v -0.029659312 0.831909180 0.026470128
vt 0.930664062 0.115722656
vn 0.141767576 -0.267782897 0.952992260
v 0.018543202 0.835418701 0.026271759
vt 0.950927734 0.088134766
vn -0.094723269 -0.181553140 0.978808463
v -0.016759913 0.842956543 0.021856250
vt 0.920410156 0.107421875
vn -0.181209207 -0.464840800 -0.866652310
v -0.004074380 0.854949951 0.004239976
vt 0.909179688 0.099609375
vn 0.039309073 -0.180822358 -0.982729971
v 0.014612156 0.848388672 0.022363601
vt 0.916503906 0.083251953
vn 0.448013961 -0.102178663 -0.888168335
v -0.001473232 0.866882324 0.015510498
vt 0.899169922 0.096435547
vn 0.236359596 0.070907876 -0.969074965
v -0.016107602 0.863128662 0.020198762
vt 0.906738281 0.111328125
vn -0.512112916 -0.015757376 -0.858773708
v -0.017959638 0.852416992 0.016757907
vt 0.913818359 0.109619141
vn -0.582821906 -0.047255885 -0.811224818
v -0.029434247 0.858032227 0.022321645
vt 0.912597656 0.119873047
vn -0.369107544 0.070680089 -0.926695168
v -0.044609111 0.843750000 0.032489724
vt 0.922607422 0.132080078
vn -0.662259698 -0.110376656 -0.741099954
v -0.044696849 0.861572266 0.028263038
vt 0.908935547 0.130859375
vn -0.623421073 -0.031565677 -0.781248987
v -0.053009074 0.859039307 0.043262430
vt 0.910888672 0.142333984
vn -0.802751660 0.228233233 -0.550907791
v -0.047817267 0.831298828 0.040641733
vt 0.932373047 0.136474609
vn 0.078487568 -0.996791542 -0.015697474
v -0.053867377 0.832641602 0.042552896
vt 0.929687500 0.142578125
vn -0.673583388 -0.336791724 -0.657918572
v -0.030935328 0.841033936 0.027393285
vt 0.937011719 0.120117188
vn 0.213307306 -0.489816427 0.845328391
v -0.054321326 0.835540771 0.048469491
vt 0.934814453 0.142578125
vn 0.306630731 -0.943479061 -0.125797197
v -0.010153811 0.845520020 0.029966297
vt 0.947753906 0.109375000
vn -0.015734306 -0.967664421 0.251750112
v 0.022890050 0.840209961 0.028718885
vt 0.956542969 0.091552734
vn -0.307143718 -0.937182307 0.165385202
v 0.007819137 0.840728760 0.042983949
vt 0.961669922 0.104248047
vn -0.031445388 -0.990530550 -0.133642957
v 0.023481332 0.840057373 0.054675993
vt 0.973144531 0.097412109
vn -0.291338652 -0.803149700 -0.519684970
v -0.017276803 0.840545654 0.035648290
vt 0.949707031 0.117675781
vn 0.102330498 -0.968203902 -0.228275672
v -0.010256805 0.840545654 0.047122896
vt 0.960449219 0.120849609
vn 0.047343884 0.694378674 -0.718050778
vt 0.984863281 0.095703125
v -0.039436381 0.839202881 0.035171453
vt 0.937255859 0.128662109
vn 0.228615969 -0.969646931 -0.086716376
vt 0.973632812 0.121093750
v -0.037509955 0.836761475 0.051982824
vt 0.947265625 0.139160156
vn -0.149522975 -0.543004155 -0.826310694
v -0.034896892 0.829437256 0.034740392
vt 0.960449219 0.143554688
vn -0.227937087 0.872448504 -0.432294309
vt 0.976562500 0.127685547
v -0.047885932 0.828918457 0.058509775
vt 0.942382812 0.149658203
vn -0.338530332 0.653442085 -0.677060366
vt 0.971679688 0.155273438
v -0.071052589 0.815124512 0.030109357
vt 0.963623047 0.178222656
vn -0.844695985 0.323668480 -0.426295042
vt 0.993896484 0.185302734
vt 0.998046875 0.221191406
v -0.067100562 0.828216553 0.055362649
vt 0.943847656 0.163818359
vn -0.528872371 0.805148900 -0.268382937
v -0.094757110 0.815185547 0.105453447
vt 0.931396484 0.190673828
vn -0.935241103 0.353662580 -0.015718231
v -0.067215003 0.834808350 0.064155526
vt 0.935058594 0.161132812
vn -0.393347323 -0.841763318 -0.369746417
v -0.070571929 0.830078125 0.087158151
vt 0.929687500 0.170410156
vn -0.738169372 0.659640610 -0.141351491
v -0.083770782 0.828277588 0.105651803
vt 0.923095703 0.177978516
vn -0.529367328 0.845407546 0.071109071
v -0.070335425 0.831756592 0.061927743
vt 0.930419922 0.160400391
vn -0.910147011 -0.251075059 -0.329535842
v -0.076011688 0.832580566 0.091796823
vt 0.923339844 0.173339844
vn -0.810897887 -0.558968544 -0.173201382
v -0.079322845 0.844726562 0.101524301
vt 0.911621094 0.178466797
vn -0.967994034 -0.165267318 -0.188876763
v -0.067764319 0.846496582 0.056861825
vt 0.920898438 0.157470703
vn -0.871829450 -0.133523464 -0.471258998
v -0.075660743 0.855499268 0.084068246
vt 0.905029297 0.168457031
vn -0.938288629 0.141925946 -0.315391004
v -0.075416602 0.859893799 0.054523420
vt 0.908691406 0.158691406
vn -0.721707463 0.541280508 -0.431455493
v -0.050117530 0.864776611 0.064216562
vt 0.896484375 0.150878906
vn 0.806658149 0.537772179 -0.245160967
v -0.069824256 0.862518311 0.063140817
vt 0.901367188 0.158691406
vn -0.772636294 -0.157680929 -0.614955246
v -0.042682685 0.862060547 0.054241125
vt 0.900146484 0.144042969
vn 0.353673577 0.392970622 0.848816395
v -0.052970920 0.848907471 0.078369088
vt 0.881591797 0.151611328
vn 0.653340876 0.527395606 0.543138683
v -0.033386268 0.842163086 0.055999700
vt 0.888671875 0.138427734
vn 0.243701965 0.911917031 0.330176800
vt 0.328125000 0.960693359
vt 0.328125000 0.983398438
vt 0.322509766 0.964355469
vt 0.315917969 0.959228516
v 0.032966573 0.833648682 0.032001432
vt 0.320556641 0.942871094
vn 0.542886436 -0.220301792 -0.810395896
vt 0.329345703 0.949462891
vt 0.313476562 0.954833984
vt 0.411621094 0.101318359
vt 0.407714844 0.145996094
vt 0.367675781 0.128173828
v 0.073776230 0.741729736 0.178115770
vt 0.395751953 0.088378906
vn 0.787206411 0.149569273 0.598276734
vt 0.422119141 0.080078125
v 0.069023110 0.777648926 0.176727220
vt 0.375244141 0.080810547
vn 0.789337099 0.086827151 0.607789457
v 0.042125687 0.728729248 0.184463441
vt 0.410400391 0.072021484
vn 0.181502402 0.378787458 0.907511473
vt 0.434570312 0.052001953
vt 0.354492188 0.073242188
v 0.017438874 0.733886719 0.190566957
vt 0.412109375 0.055419922
vn 0.408891559 0.290942073 0.864962697
v 0.055072766 0.742156982 0.177658021
vt 0.397949219 0.077148438
vn -0.173686504 0.205266029 0.963171303
v 0.022365553 0.737579346 0.179870546
vt 0.405517578 0.058349609
vn 0.338404506 0.228226259 0.912904739
v 0.016660674 0.756256104 0.182159364
vt 0.396240234 0.050292969
vn 0.573029637 -0.235491529 0.784971893
v 0.048652630 0.739883423 0.173080385
vt 0.399658203 0.072509766
vn 0.039309319 0.180822358 0.982729971
v 0.055316906 0.763214111 0.175674379
vt 0.384765625 0.074462891
vn -0.197629884 0.007905236 0.980244875
v 0.042232495 0.778045654 0.174652040
vt 0.378906250 0.063964844
vn 0.196698129 -0.157358348 0.967754185
v 0.047054272 0.795593262 0.183624208
vt 0.366699219 0.062988281
vn 0.416343242 -0.282799006 0.864108264
v -0.003977790 0.761322021 0.202636659
vt 0.391601562 0.034179688
vn 0.212690890 -0.275710195 0.937414765
v 0.039951306 0.803802490 0.186187685
vt 0.360839844 0.058593750
vn 0.212809771 0.173400506 0.961584330
vt 0.350585938 0.069580078
vt 0.334228516 0.043212891
vt 0.693115234 0.131835938
vt 0.688720703 0.138671875
v -0.003372207 0.747924805 0.196624696
vt 0.680908203 0.130126953
vn -0.078916363 -0.071024805 0.994347930
vt 0.677001953 0.136230469
vt 0.690917969 0.111083984
v -0.055973072 0.796844482 0.183837831
vt 0.644287109 0.134765625
vn -0.369689196 -0.212374672 0.904558957
v -0.017210022 0.745590210 0.191360414
vt 0.677001953 0.123535156
vn -0.425870568 0.228708357 0.875400901
v -0.037773147 0.728240967 0.187988222
vt 0.674560547 0.109130859
vn -0.259577036 0.377566755 0.888855040
vt 0.667480469 0.096679688
v -0.021335619 0.757202148 0.187164247
vt 0.670166016 0.127929688
vn -0.630880177 -0.346984178 0.693968415
vt 0.661865234 0.098876953
v -0.027795808 0.739288330 0.180892885
vt 0.672119141 0.117187500
vn -0.471331745 0.290654629 0.832686305
v -0.053497333 0.779846191 0.175643861
vt 0.650634766 0.126220703
vn -0.244420379 -0.433649272 0.867298663
v -0.027551668 0.763275146 0.180831850
vt 0.666015625 0.125976562
vn -0.331779927 -0.078995228 0.940043569
v -0.055770893 0.736312866 0.173629701
vt 0.661132812 0.109619141
vn -0.110304512 0.220609307 0.969105005
v -0.065231338 0.740249634 0.178771928
vt 0.656250000 0.106445312
vn 0.078811146 0.315244168 0.945732474
v -0.057155628 0.769226074 0.173431352
vt 0.651123047 0.120117188
vn 0.015745725 -0.007872752 0.999845147
v -0.082496658 0.742492676 0.178512529
vt 0.646972656 0.104736328
vn -0.784392059 0.141190574 0.603982091
vt 0.650634766 0.091552734
v -0.078025833 0.773345947 0.178451493
vt 0.640869141 0.118652344
vn -0.810094893 0.070784979 0.582010150
vt 0.606201172 0.102539062
v -0.071784995 0.815612793 0.179840043
vt 0.631835938 0.137451172
vn -0.901812911 0.174034059 0.395532131
v -0.066375755 0.821716309 0.179031327
vt 0.631347656 0.141357422
vn -0.505632699 0.687344551 0.521433771
vt 0.595458984 0.125244141
vt 0.566162109 0.096191406
vt 0.594482422 0.135498047
vt 0.573242188 0.142089844
vt 0.565673828 0.053222656
v -0.003803745 0.771392822 0.202133119
vt 0.549072266 0.034423828
vn -0.023709554 0.197580665 0.979999900
vt 0.550292969 0.028808594
vt 0.524169922 0.047851562
vt 0.550537109 0.067138672
v -0.045520801 0.800628662 0.187515199
vt 0.528808594 0.050537109
vn -0.188935265 0.204680026 0.960421562
vt 0.515869141 0.061279297
v -0.024604818 0.829284668 0.183914125
vt 0.537841797 0.066650391
vn -0.134191379 0.378893644 0.915659547
vt 0.567871094 0.073974609
v -0.006686233 0.837371826 0.168670595
vt 0.548095703 0.073242188
vn 0.118220374 -0.669914603 0.732965529
v -0.002269288 0.832641602 0.183273256
vt 0.545410156 0.077392578
vn 0.062929824 -0.936079741 0.346113563
v -0.020681400 0.831756592 0.189117372
vt 0.537353516 0.071044922
vn -0.180643633 -0.306308955 0.934635103
v -0.036312122 0.832122803 0.185180604
vt 0.531738281 0.070800781
vn -0.503671587 -0.102308296 0.857815921
v -0.050594352 0.829895020 0.171264589
vt 0.521484375 0.069824219
vn -0.549209654 0.761047721 0.345217556
vt 0.485595703 0.079833984
v -0.071540862 0.830505371 0.112029977
vt 0.492431641 0.083984375
vt 0.480468750 0.087890625
v 0.059055291 0.843994141 0.057823114
vt 0.953369141 0.558105469
vn 0.802279532 -0.188771665 -0.566315114
vt 0.962646484 0.541015625
vt 0.972167969 0.536865234
vt 0.977783203 0.525390625
vt 0.975341797 0.524414062
vt 0.966552734 0.520507812
vt 0.953125000 0.542236328
v 0.034797627 0.855468750 0.031722959
vt 0.981689453 0.553710938
vn 0.613412976 -0.204471022 -0.762834311
vt 0.988769531 0.539062500
v 0.041610677 0.864379883 0.028877191
vt 0.982177734 0.561035156
vn 0.684508979 0.503547013 -0.527150810
v 0.020107226 0.866363525 0.016513761
vt 0.994384766 0.560058594
vn 0.402273655 0.031550862 -0.914975703
v 0.025606114 0.867492676 0.031337675
vt 0.987304688 0.567871094
vn -0.165292978 0.141679525 -0.976014912
v 0.044143636 0.860626221 0.042205743
vt 0.975097656 0.564941406
vn 0.880498707 0.047169592 -0.471695930
v 0.043060262 0.878875732 0.027328424
vt 0.984375000 0.578369141
vn 0.456127614 -0.495449066 -0.739241481
v 0.029211000 0.907623291 0.016714029
vt 0.997070312 0.593750000
vn -0.504062116 -0.189023301 -0.842728674
v 0.045410115 0.885162354 0.040031362
vt 0.981445312 0.583740234
vn 0.914208174 -0.094573200 0.394055098
v 0.053962663 0.906219482 0.028556753
vt 0.992431641 0.598144531
vn 0.989552617 -0.070682272 0.125657335
v 0.047382314 0.913604736 0.038764883
vt 0.987060547 0.602539062
vn -0.110277168 0.472616881 0.874341130
v 0.033824883 0.861511230 0.054359373
vt 0.970458984 0.570556641
vn -0.274968922 0.659925640 0.699206948
v 0.066032372 0.859649658 0.053661279
vt 0.954589844 0.568603516
vn 0.775121450 0.522020638 -0.355923265
v 0.065437280 0.853546143 0.085021906
vt 0.931640625 0.561279297
vn 0.960481107 0.133837566 -0.244056806
v 0.063789330 0.832519531 0.072532587
vt 0.938476562 0.552978516
vn 0.944794059 -0.188958779 -0.267691761
v 0.057544671 0.835113525 0.061801843
vt 0.947021484 0.552246094
vn 0.707499981 -0.636749923 -0.306583375
vt 0.925537109 0.549560547
vt 0.937744141 0.549316406
vt 0.247558594 0.916259766
vt 0.248535156 0.930908203
vt 0.240722656 0.917724609
v 0.055339776 0.862884521 0.061283045
vt 0.256103516 0.929687500
vn 0.339796066 0.742810309 -0.576863468
v 0.041572534 0.865356445 0.064842157
vt 0.254882812 0.920654297
vn -0.911550939 0.180738494 -0.369335175
v 0.059898343 0.860717773 0.078163080
vt 0.254394531 0.941894531
vn 0.802155614 0.133692652 0.581955910
vt 0.249023438 0.948242188
v 0.064086877 0.872772217 0.059352808
vt 0.265136719 0.932861328
vn 0.574358165 -0.472075224 -0.668773293
v 0.057304341 0.910034180 0.048793722
vt 0.287353516 0.919433594
vn -0.424920440 -0.023606742 -0.904922843
v 0.073669396 0.904724121 0.069786005
vt 0.285156250 0.946289062
vn 0.714919508 0.000000062 0.699206769
v 0.077468827 0.910858154 0.047313616
vt 0.291503906 0.930419922
vn 0.353444219 -0.212066635 -0.911100984
v 0.079025224 0.942352295 0.048782274
vt 0.312011719 0.931152344
vn 0.723848641 0.684509158 -0.086547256
v 0.082519494 0.911804199 0.058109209
vt 0.290771484 0.937255859
vn 0.975803435 -0.188865140 0.110171236
vt 0.001708984 0.191650391
vt 0.000976562 0.173828125
v 0.038787801 0.882263184 0.048263486
vt 0.005371094 0.178710938
vn -0.165781334 0.323668569 0.931533813
v 0.018491704 0.870513916 0.040378507
vt 0.015869141 0.189208984
vn -0.772924483 0.362801313 0.520541131
vt 0.010498047 0.159179688
v 0.028112367 0.915863037 0.024362497
vt 0.027587891 0.160888672
vn -0.857285023 0.487629980 0.165165097
v 0.048870038 0.936370850 0.015169075
vt 0.020996094 0.143554688
vn 0.306687653 0.747059524 0.589783728
vt 0.007080078 0.151611328
vt 0.255615234 0.209960938
vt 0.260009766 0.222167969
vt 0.248046875 0.218750000
v 0.017211871 0.869537354 0.021842893
vt 0.253417969 0.207031250
vn 0.630527437 -0.133987099 -0.764514744
vt 0.262451172 0.207763672
vt 0.237792969 0.208251953
v 0.013476331 0.864685059 0.033222139
vt 0.260253906 0.203369141
vn 0.720071018 0.688419580 -0.087041683
vt 0.264404297 0.201660156
vt 0.284423828 0.217041016
vt 0.288574219 0.213378906
v 0.018096883 0.876068115 0.037113126
vt 0.260253906 0.197509766
vn 0.842389286 -0.110219091 0.527477205
v 0.018102601 0.877868652 0.011539395
vt 0.249267578 0.201416016
vn 0.418661654 0.387064666 -0.821525037
v 0.015175777 0.883758545 0.025896009
vt 0.251464844 0.191894531
vn 0.842389166 0.110219166 -0.527477443
v 0.015878636 0.883514404 0.046798639
vt 0.263916016 0.193603516
vn 0.355124384 0.189399675 0.915431380
v 0.018026307 0.903076172 0.019668516
vt 0.252197266 0.177490234
vn 0.747174919 -0.424710006 -0.511225104
v 0.018657641 0.908966064 0.035560541
vt 0.262207031 0.175537109
vn 0.243815109 0.369655043 0.896609902
v 0.030620528 0.936798096 0.019605570
vt 0.257568359 0.152343750
vn 0.848188043 0.141364709 0.510483384
v 0.031902265 0.934387207 0.006837777
vt 0.249755859 0.153808594
vn 0.749123693 -0.007885509 -0.662383199
v 0.013318968 0.953643799 0.013695651
vt 0.241699219 0.137695312
vn 0.212796509 0.543813109 0.811778843
v 0.011219929 0.948791504 -0.002512282
vt 0.233886719 0.146240234
vn 0.702597439 -0.039471772 -0.710492015
v -0.004915290 0.995971680 -0.006649083
vt 0.208740234 0.124267578
vn 0.157985479 0.908417046 -0.387064725
v 0.008325532 0.902404785 0.018907484
vt 0.245361328 0.179199219
vn 0.582298160 -0.354100287 -0.731807292
v 0.003842787 0.882476807 0.024446426
vt 0.242919922 0.193603516
vn 0.535648882 -0.126035064 -0.834982336
v -0.001670174 0.953186035 -0.019672459
vt 0.219238281 0.149414062
vn 0.551317692 -0.110263579 -0.826976836
v -0.005208541 0.920867920 -0.007567469
vt 0.225830078 0.170654297
vn 0.039321255 -0.471856236 -0.880798221
v -0.005862280 0.876861572 0.019849716
vt 0.234375000 0.200195312
vn -0.000000133 0.039339561 -0.999225974
v -0.013525060 0.950927734 -0.013732019
vt 0.210449219 0.155273438
vn -0.751651943 -0.118681937 -0.648794174
v -0.015140577 0.883941650 0.024356782
vt 0.223388672 0.199951172
vn -0.629433692 -0.212433904 -0.747452378
v -0.026798293 0.876739502 0.009717884
vt 0.224609375 0.208984375
vn -0.337694168 0.164920285 -0.926695228
vt 0.224609375 0.220703125
v -0.026664777 0.870758057 0.027097644
vt 0.217285156 0.213134766
vn -0.927840471 0.117945768 -0.353837341
v -0.025825543 0.883575439 0.026271762
vt 0.217529297 0.204345703
vn -0.970763683 0.110493369 -0.213094324
v -0.026672408 0.899169922 0.020278873
vt 0.210693359 0.197753906
vn -0.567562938 -0.417789459 -0.709453583
v -0.019563721 0.927764893 0.009929596
vt 0.207519531 0.176025391
vn -0.370619208 -0.370619178 -0.851635396
v -0.037990618 0.933197021 0.003882349
vt 0.192871094 0.176025391
vn -0.732806206 -0.323065132 -0.598852277
v -0.021715214 0.950958252 -0.000239553
vt 0.199218750 0.158935547
vn -0.800671458 0.219792083 -0.557329953
v -0.040443465 0.939392090 0.019210758
vt 0.184326172 0.169677734
vn -0.787572503 0.480419248 0.385910571
v -0.016033221 0.966827393 0.007165369
vt 0.192626953 0.148437500
vn -0.211850986 0.525704563 0.823865294
vt 0.340820312 0.721191406
v 0.014487226 0.863677979 0.041511472
vt 0.339111328 0.716064453
vn -0.094327398 0.361588806 0.927553773
vt 0.349609375 0.717041016
vt 0.338867188 0.724853516
v -0.007555525 0.877288818 0.043075502
vt 0.322265625 0.720947266
vn 0.055068765 -0.275343090 0.959767520
vt 0.333740234 0.731689453
v -0.019598046 0.861572266 0.042686407
vt 0.316162109 0.708496094
vn 0.000000107 0.353706330 0.935356557
v -0.025737803 0.882110596 0.047256414
vt 0.311767578 0.723876953
vn -0.376450211 0.211753353 0.901912332
v -0.029169125 0.909942627 0.035243928
vt 0.301513672 0.742431641
vn -0.266570240 0.360654026 0.893794775
vt 0.333496094 0.750488281
v -0.029619256 0.879241943 0.047725622
vt 0.309326172 0.720458984
vn -0.598276794 -0.440835625 0.669125497
vt 0.335205078 0.772949219
vt 0.319091797 0.779541016
vt 0.298095703 0.804931641
vt 0.292480469 0.783447266
vt 0.284423828 0.759277344
vt 0.277587891 0.752685547
vt 0.292480469 0.732177734
vt 0.300048828 0.724365234
v -0.029621165 0.878906250 0.036979619
vt 0.304687500 0.719238281
vn -0.975622237 -0.212433919 -0.055075314
vt 0.298583984 0.715332031
v -0.024787944 0.875488281 0.039340917
vt 0.306640625 0.713867188
vn -0.502691746 -0.408437133 0.761892438
v -0.024866145 0.866760254 0.040363256
vt 0.310546875 0.709472656
vn 0.401313692 0.550822675 0.731807172
vt 0.312988281 0.691650391
v -0.007026710 0.844818115 0.052627504
vt 0.328125000 0.697753906
vn 0.015797138 0.718767107 0.695071399
v 0.024108849 0.840209961 0.055721220
vt 0.348388672 0.700683594
vn -0.244064227 0.818796217 0.519620657
v -0.004771270 0.850555420 0.059738100
vt 0.330322266 0.692138672
vn 0.015781242 0.915317416 -0.402424067
v 0.036361657 0.845947266 0.068160944
vt 0.355957031 0.692138672
vn -0.502505898 0.863681972 0.039258301
v 0.022951091 0.853973389 0.078483522
vt 0.346923828 0.681884766
vn 0.134091184 0.962301970 -0.236631706
v -0.041137729 0.852783203 0.077972360
vt 0.313476562 0.675048828
vn -0.133322135 0.964624345 -0.227431774
vt 0.309082031 0.672363281
v -0.004881892 0.858642578 0.092437685
vt 0.333007812 0.671386719
vn -0.015783859 0.978595018 -0.205189317
v -0.004550488 0.860992432 0.109680116
vt 0.336914062 0.661865234
vn 0.023608839 0.999442518 0.023608834
v 0.070472687 0.833404541 0.102500848
vt 0.106201172 0.193603516
vn 0.962931275 -0.252572089 -0.094714671
vt 0.114257812 0.190673828
vt 0.124511719 0.193603516
vt 0.118652344 0.210205078
vt 0.099609375 0.186523438
v 0.070365876 0.843414307 0.102767877
vt 0.105468750 0.201171875
vn 0.970642805 -0.157828018 0.181502163
v 0.078857392 0.854156494 0.102676325
vt 0.107666016 0.210693359
vn 0.970280230 0.228765294 0.078884438
v 0.062721223 0.859283447 0.131759569
vt 0.087158203 0.210937500
vn 0.979999900 0.023709727 0.197580487
v 0.063415498 0.831207275 0.132583544
vt 0.089843750 0.190185547
vn 0.940131605 -0.237007901 0.244908124
v 0.058822606 0.848022461 0.146591112
vt 0.080810547 0.199462891
vn 0.964253724 -0.079037130 0.252918869
v 0.060836762 0.835052490 0.121009760
vt 0.093505859 0.186035156
vn 0.133953869 -0.977074921 0.165472388
vt 0.082031250 0.178710938
v 0.056144688 0.834381104 0.146530092
vt 0.081054688 0.185546875
vn 0.055034619 -0.998484433 0.000000036
vt 0.064453125 0.183837891
v 0.057880379 0.833343506 0.156631395
vt 0.075683594 0.190673828
vn 0.776906908 -0.109865546 0.619955838
v 0.027769068 0.832336426 0.184585512
vt 0.053710938 0.183349609
vn 0.450202823 -0.236948743 0.860913932
vt 0.052978516 0.177490234
v 0.030414559 0.851440430 0.177673280
vt 0.053955078 0.197021484
vn 0.545544147 0.000000060 0.838082194
v 0.005242805 0.840698242 0.190200746
vt 0.040039062 0.184814453
vn 0.330790848 -0.110263526 0.937240362
v 0.050079323 0.849456787 0.163223207
vt 0.068847656 0.200683594
vn 0.699120700 -0.015710512 0.714831054
v 0.043655373 0.856994629 0.166000307
vt 0.062500000 0.205078125
vn 0.670769393 0.260416389 0.694443524
v 0.056583378 0.860748291 0.156112611
vt 0.071289062 0.209472656
vn 0.181870773 0.869816661 0.458630532
v 0.039363835 0.864562988 0.160873353
vt 0.060791016 0.211914062
vn 0.960302591 -0.078713298 -0.267625421
v 0.067520119 0.861541748 0.152236864
vt 0.076904297 0.208007812
vn 0.946026385 0.023650713 0.323225528
v 0.056659672 0.866027832 0.144897386
vt 0.077880859 0.214599609
vn 0.275036961 0.667946815 0.691521347
v 0.033012364 0.863677979 0.149719179
vt 0.062744141 0.219970703
vn -0.259160668 0.431934237 -0.863868475
v 0.042564366 0.866333008 0.138488710
vt 0.072265625 0.222167969
vn -0.939428151 0.339457214 -0.047366019
v 0.038230870 0.852050781 0.138168275
vt 0.066162109 0.228515625
vn -0.102626652 0.994688690 0.007894324
v 0.020082450 0.849945068 0.157684267
vt 0.056396484 0.231689453
vn -0.361980468 0.763306439 -0.535101414
v 0.051063500 0.878662109 0.079086237
vt 0.058593750 0.050292969
vn -0.465781331 0.236838043 0.852616906
v 0.049232449 0.850524902 0.085060053
vt 0.066650391 0.033203125
vn -0.086267255 0.995994210 0.023527391
vt 0.070312500 0.042480469
vt 0.075439453 0.037109375
vt 0.063964844 0.073486328
vt 0.052246094 0.028564453
v 0.063095056 0.915252686 0.072875910
vt 0.055664062 0.072753906
vn -0.047173850 0.424565613 0.904167414
vt 0.046875000 0.097167969
vt 0.046142578 0.043457031
v 0.064399675 0.937805176 0.054405142
vt 0.046386719 0.083984375
vn -0.741353571 0.670372844 0.031547029
vt 0.034423828 0.077148438
v 0.052509267 0.912261963 0.062927179
vt 0.046386719 0.070556641
vn -0.927639723 0.322315454 0.188672587
vt 0.041259766 0.032714844
vt 0.045166016 0.019531250
vt 0.031982422 0.020751953
vt 0.541015625 0.955810547
v 0.070671052 0.858673096 0.103149347
vt 0.551025391 0.948486328
vn 0.951782823 -0.306772947 -0.000000111
vt 0.552978516 0.953613281
v 0.061408967 0.862030029 0.110977106
vt 0.558349609 0.948730469
vn 0.229079232 0.252776980 0.940014184
vt 0.571044922 0.964843750
v 0.050304383 0.859619141 0.121246271
vt 0.570556641 0.957031250
vn -0.204724535 0.330708623 -0.921259820
v 0.083045930 0.912902832 0.115013056
vt 0.565185547 0.914794922
vn 0.450020373 -0.039475404 0.892145395
v 0.063339196 0.862243652 0.091171198
vt 0.541748047 0.948486328
vn 0.362294465 -0.070883743 -0.929364383
vt 0.532470703 0.957763672
v 0.052997556 0.863433838 0.090820245
vt 0.535156250 0.949951172
vn -0.893315613 0.347839683 -0.284595996
v 0.070838891 0.910125732 0.086730890
vt 0.533447266 0.917968750
vn -0.784078777 0.274427474 -0.556695759
v 0.082252465 0.911254883 0.086700372
vt 0.541503906 0.915527344
vn 0.597075462 -0.196406424 -0.777769506
v 0.095550500 0.913543701 0.102546617
vt 0.553710938 0.912353516
vn 0.957665801 -0.259040713 0.125595406
v 0.088340722 0.944458008 0.099601664
vt 0.552246094 0.892578125
vn 0.102043264 0.667205572 0.737850845
v 0.093856774 0.920318604 0.098030016
vt 0.549804688 0.906494141
vn 0.809619248 0.078603834 -0.581668377
vt 0.701416016 0.075927734
vt 0.691650391 0.079345703
v 0.046802491 0.853057861 0.109481744
vt 0.688476562 0.065185547
vn -0.370792150 0.923035681 0.102559529
vt 0.680175781 0.093750000
vt 0.688232422 0.093261719
vt 0.661621094 0.079833984
vt 0.673095703 0.055908203
vt 0.685302734 0.056884766
vt 0.691894531 0.053222656
v 0.070716828 0.915649414 0.115775995
vt 0.725097656 0.049804688
vn -0.865364075 0.338278711 0.369746625
vt 0.732177734 0.067626953
vt 0.726318359 0.041503906
v 0.074691735 0.925415039 0.104484491
vt 0.733398438 0.050292969
vn -0.763921678 0.590661049 0.259890914
vt 0.748779297 0.047119141
v 0.077629052 0.924926758 0.089225702
vt 0.738525391 0.058837891
vn -0.627147377 0.501717806 -0.595789850
vt 0.739990234 0.068115234
v 0.088188134 0.943878174 0.096267618
vt 0.747802734 0.050537109
vn 0.512414932 0.228615940 -0.827747464
vt 0.753173828 0.065429688
vt 0.581787109 0.026367188
v 0.051132157 0.909851074 0.009069374
vt 0.596191406 0.017822266
vn 0.204237387 -0.290645689 -0.934779286
v 0.053554486 0.927886963 0.006892134
vt 0.600585938 0.026123047
vn 0.322954684 -0.047261704 -0.945233643
vt 0.584472656 0.001464844
vt 0.610839844 0.009033203
vt 0.606933594 0.034423828
vt 0.624023438 0.013183594
v 0.039657544 0.936492920 0.009292534
vt 0.607421875 0.028076172
vn -0.635494649 0.329515606 -0.698259354
v 0.064704865 0.918579102 0.124999925
vt 0.372802734 0.017089844
vn -0.125595644 0.259040713 -0.957665801
v 0.074378937 0.890045166 0.135833666
vt 0.375488281 0.035644531
vn 0.873528481 -0.275436908 -0.401351064
vt 0.351806641 0.044677734
vt 0.360107422 0.049804688
v 0.086250275 0.917877197 0.142211840
vt 0.388671875 0.021728516
vn 0.993111670 -0.086700179 0.078818269
v 0.072700471 0.943084717 0.146163866
vt 0.382324219 0.001220703
vn 0.377566695 0.920318842 0.102257557
vt 0.342773438 0.030761719
vt 0.338134766 0.037597656
v 0.058673829 0.927917480 0.140716478
vt 0.370117188 0.006103516
vn -0.910147011 0.376612514 -0.172613978
v 0.061908692 0.923370361 0.150268480
vt 0.364990234 0.001220703
vn -0.699984968 0.204489991 0.684255064
v 0.056430791 0.880340576 0.150451601
vt 0.018066406 0.128173828
vn 0.267683476 -0.307048559 0.913272619
vt 0.007568359 0.142089844
vt 0.002197266 0.123535156
vt 0.018554688 0.137451172
vt 0.025390625 0.138671875
vt 0.003662109 0.103759766
vt 0.024902344 0.103515625
v 0.070121735 0.912994385 0.156417772
vt 0.017089844 0.107910156
vn 0.313834220 -0.015691651 0.949348152
vt 0.016357422 0.090576172
vt 0.501708984 0.123535156
v -0.004692103 0.852783203 0.152618349
vt 0.511718750 0.101562500
vn 0.007898282 0.971490085 0.236948758
vt 0.528076172 0.116943359
vt 0.524658203 0.101074219
vt 0.500000000 0.134033203
vt 0.479980469 0.135986328
v -0.057907134 0.852813721 0.106094308
vt 0.477539062 0.112548828
vn -0.015746122 0.999876022 -0.000000042
v -0.004413152 0.847259521 0.160674989
vt 0.514404297 0.097656250
vn 0.062797621 0.486682594 -0.871318877
v -0.023164777 0.855773926 0.130050600
vt 0.497558594 0.107910156
vn -0.118073672 0.983947039 0.133816764
v -0.045360591 0.851104736 0.147399843
vt 0.492431641 0.094238281
vn 0.228615865 0.938113689 -0.260149240
v -0.051395442 0.851165771 0.131408632
vt 0.483398438 0.099121094
vn 0.434094757 0.883974910 -0.173638046
v -0.030311609 0.866333008 0.160522401
vt 0.505371094 0.088378906
vn 0.479720414 0.220199570 -0.849341333
v 0.019205069 0.868804932 0.160903871
vt 0.530273438 0.093261719
vn -0.567193031 0.212697312 -0.795645654
v -0.059608489 0.860046387 0.119476266
vt 0.475830078 0.105224609
vn 0.685868979 0.283807904 -0.670102119
v -0.058979064 0.862335205 0.110214181
vt 0.475097656 0.108886719
vn 0.857603431 0.448471516 0.251773328
v -0.053459194 0.878784180 0.140228212
vt 0.468505859 0.095214844
vn 0.943829238 0.204496384 0.259552926
v -0.048980739 0.860656738 0.139099061
vt 0.477783203 0.095947266
vn 0.900545895 0.434473962 -0.015799187
v -0.063781768 0.862640381 0.146133378
vt 0.474365234 0.088867188
vn -0.196315482 0.518273175 0.832378030
v -0.073715240 0.897735596 0.154525712
vt 0.458007812 0.083496094
vn -0.370999873 -0.284170181 0.884085119
v -0.076301605 0.920013428 0.154632524
vt 0.446044922 0.081054688
vn 0.307649970 0.197211504 0.930837929
v -0.068351775 0.928405762 0.141097978
vt 0.446044922 0.090332031
vn 0.915459871 0.363027275 -0.173621863
v -0.073799163 0.916168213 0.124587968
vt 0.446289062 0.095703125
vn -0.307143897 0.165385053 -0.937182248
v -0.082389861 0.943603516 0.145980790
vt 0.427001953 0.085937500
vn -0.368596345 0.917569458 -0.149007007
v 0.019226050 0.876037598 0.170379579
vt 0.536621094 0.088867188
vn 0.149922788 0.142032042 0.978442669
v 0.028049445 0.922515869 0.179382265
vt 0.560791016 0.083496094
vn -0.844301283 0.126250669 0.520784080
v 0.015630696 0.884460449 0.159988344
vt 0.532958984 0.085449219
vn 0.811728477 -0.031523425 -0.583183706
v -0.003018880 0.869445801 0.162994325
vt 0.520507812 0.089599609
vn 0.007894228 -0.102626652 -0.994688690
v 0.006274197 0.884155273 0.154876649
vt 0.528564453 0.083740234
vn 0.055212200 0.157749474 -0.985934496
v -0.021070506 0.884063721 0.159973085
vt 0.514160156 0.082031250
vn -0.393749744 -0.102374956 -0.913499117
v -0.018066432 0.886993408 0.155807436
vt 0.516845703 0.080078125
vn -0.180515870 0.188364178 -0.965366781
v -0.027734783 0.877258301 0.160415590
vt 0.509033203 0.084228516
vn -0.883397400 0.339161426 -0.323386371
v 0.038749672 0.867187500 0.172866762
vt 0.179199219 0.954345703
vn 0.407420576 -0.148865119 0.901025951
vt 0.184326172 0.948974609
vt 0.185302734 0.953125000
vt 0.177978516 0.943847656
v 0.050498940 0.907318115 0.183929384
vt 0.185791016 0.982666016
vn 0.753503621 -0.361053705 0.549429476
v 0.016050318 0.863037109 0.191085756
vt 0.165283203 0.941650391
vn 0.553312242 0.134375855 0.822063684
v 0.037349679 0.897552490 0.181716859
vt 0.175292969 0.977294922
vn -0.274977356 -0.188555971 0.942780077
v 0.028903939 0.861053467 0.174163759
vt 0.171875000 0.952392578
vn 0.291329622 0.787377238 0.543290198
vt 0.165771484 0.960205078
vt 0.162109375 0.990478516
vt 0.435302734 0.937988281
vt 0.452880859 0.928710938
vt 0.433593750 0.963134766
v 0.044395421 0.921142578 0.157073915
vt 0.464599609 0.971435547
vn -0.055029612 0.125781611 -0.990530550
vt 0.432128906 0.990478516
v 0.030870412 0.928771973 0.171508729
vt 0.484863281 0.959716797
vn -0.802851140 0.440780938 -0.401425451
vt 0.493652344 0.957275391
v 0.046688054 0.926513672 0.156692445
vt 0.470214844 0.973632812
vn 0.259000748 0.604335308 -0.753457129
v 0.055129979 0.914672852 0.168411195
vt 0.472900391 0.982666016
vn 0.957223475 -0.062768728 -0.282459497
vt 0.492919922 0.989501953
v 0.048450444 0.949920654 0.181610048
vt 0.484619141 0.976074219
vn 0.446993500 0.893987060 0.031367868
v 0.055644967 0.921081543 0.186416566
vt 0.488525391 0.984130859
vn 0.835968494 0.070978507 0.544167936
v 0.041778542 0.924224854 0.187637269
vt 0.491699219 0.973388672
vn -0.346596301 0.126035094 0.929508626
vt 0.498291016 0.990234375
vt 0.227783203 0.477050781
vt 0.224609375 0.483886719
vt 0.220703125 0.483642578
vt 0.223144531 0.471435547
v -0.005219002 0.847961426 0.197341859
vt 0.230957031 0.465332031
vn -0.110676132 -0.205541581 0.972370088
vt 0.237792969 0.476074219
v -0.027210256 0.855712891 0.185836732
vt 0.243896484 0.463867188
vn -0.505758882 0.047414921 0.861370862
v -0.003205796 0.859802246 0.194747865
vt 0.231689453 0.456787109
vn 0.165549591 -0.039416485 0.985413432
vt 0.211669922 0.473632812
v -0.023784658 0.864379883 0.191146791
vt 0.243896484 0.457031250
vn -0.536498427 0.197242111 0.820527256
vt 0.219238281 0.459960938
v -0.005918524 0.871154785 0.191207826
vt 0.233398438 0.450683594
vn 0.007903090 0.292410225 0.956260383
v -0.025403999 0.880889893 0.189926088
vt 0.244628906 0.451416016
vn -0.498276711 0.506186008 0.703914881
v -0.028705621 0.873443604 0.169631898
vt 0.256347656 0.458496094
vn 0.393933028 0.228481144 0.890288353
v 0.016464211 0.880493164 0.189758241
vt 0.222167969 0.450439453
vn 0.417258263 0.480240583 0.771533906
vt 0.213134766 0.450439453
v -0.004427455 0.881164551 0.184356630
vt 0.234863281 0.442382812
vn -0.204908594 0.252195358 0.945732534
v -0.026418710 0.887603760 0.172378480
vt 0.251953125 0.449462891
vn -0.913499117 0.102374882 0.393749744
vt 0.259765625 0.456787109
vt 0.263916016 0.460693359
vt 0.260498047 0.453369141
v 0.007097221 0.887268066 0.177383363
vt 0.226318359 0.440917969
vn 0.408740014 -0.125766069 0.903943956
v 0.016155219 0.886932373 0.177429140
vt 0.221191406 0.442626953
vn 0.925053060 0.015812930 0.379508793
vt 0.212402344 0.445800781
v -0.004171393 0.904052734 0.195297182
vt 0.232910156 0.427246094
vn 0.157324463 -0.314648628 0.936079741
v 0.022657370 0.928863525 0.186950624
vt 0.211181641 0.419921875
vn 0.662095129 -0.283754945 0.693623304
v 0.020259831 0.914489746 0.165847719
vt 0.205566406 0.429199219
vn 0.860404193 -0.142085060 -0.489404380
v 0.030876135 0.944549561 0.187377870
vt 0.203125000 0.404052734
vn 0.913131237 0.070846431 0.401462734
v 0.012934661 0.957977295 0.192825258
vt 0.212646484 0.402099609
vn 0.574714243 -0.110219076 0.810897827
v 0.011840794 0.969543457 0.181793153
vt 0.206054688 0.390625000
vn 0.819227815 0.535649061 -0.204807103
v 0.029983494 0.944946289 0.173156679
vt 0.195068359 0.393066406
vn 0.432722092 0.322574735 -0.841841459
v 0.005709625 0.960266113 0.204025209
vt 0.218261719 0.398925781
vn 0.781955481 0.094782546 0.616086006
v -0.003799222 0.964050293 0.211349428
vt 0.222900391 0.396972656
vn -0.062797628 0.047098357 0.996914387
v -0.001942661 0.960083008 0.177810609
vt 0.207763672 0.374755859
vn 0.015794970 0.236926600 -0.971399188
v 0.011692975 0.934020996 0.169692934
vt 0.184326172 0.375488281
vn 0.055186450 0.268049091 -0.961823404
v -0.025840785 0.944549561 0.172851503
vt 0.218505859 0.363037109
vn -0.062906526 0.275215387 -0.959322333
v -0.016452812 0.959533691 0.202728212
vt 0.228759766 0.394287109
vn -0.722619474 -0.007854561 0.691201508
v -0.018898034 0.906066895 0.181701601
vt 0.247558594 0.414306641
vn -0.567898095 -0.260286719 0.780860186
v -0.021368051 0.956054688 0.193176210
vt 0.229980469 0.387695312
vn -0.425830901 -0.102514848 0.898976624
v -0.004461792 0.999633789 0.190887392
vt 0.217041016 0.384277344
vn 0.094696924 0.654986560 0.749683380
v -0.020656612 0.968658447 0.187255800
vt 0.226074219 0.380371094
vn -0.836801648 0.481555611 0.260513783
v -0.039619472 0.944885254 0.188033998
vt 0.235595703 0.380371094
vn -0.846253157 -0.055362374 0.529896975
v -0.039901759 0.944671631 0.174667299
vt 0.228027344 0.367919922
vn -0.729754269 0.360953599 -0.580664456
v -0.004455118 1.002532959 0.181014955
vt 0.215576172 0.381103516
vn -0.117785856 0.376914263 -0.918728590
v -0.019407298 0.969238281 0.180862367
vt 0.218750000 0.372314453
vn -0.290753424 0.314327866 -0.903692663
vt 0.636962891 0.988037109
vt 0.634033203 0.960449219
vt 0.640136719 0.969726562
vt 0.642822266 0.956298828
vt 0.631591797 0.988037109
vt 0.614746094 0.960205078
vt 0.618164062 0.987548828
vt 0.613037109 0.989501953
v -0.029954936 0.914398193 0.166290224
vt 0.610595703 0.974365234
vn -0.880934536 -0.125847831 -0.456198066
vt 0.608154297 0.958496094
vt 0.608398438 0.986816406
vt 0.601806641 0.958496094
v -0.029113794 0.910980225 0.182617128
vt 0.602539062 0.976562500
vn -0.584619522 -0.308110327 0.750525296
vt 0.592773438 0.957275391
vt 0.598632812 0.983886719
vt 0.599121094 0.993408203
vt 0.593505859 0.987304688
vt 0.007324219 0.295898438
vt 0.000244141 0.276855469
vt 0.007812500 0.272216797
vt 0.324218750 0.032226562
vt 0.307373047 0.020263672
vt 0.321533203 0.014648438
vt 0.619873047 0.155273438
vt 0.604980469 0.172851562
vt 0.596923828 0.144775391
vt 0.620117188 0.170166016
vt 0.625244141 0.149658203
vt 0.615722656 0.145019531
vt 0.643798828 0.155273438
vt 0.646240234 0.145019531
vt 0.654785156 0.149658203
v -0.134689376 0.614593506 -0.059268981
vt 0.647460938 0.165283203
vn 0.473513812 -0.710270584 0.520865083
vt 0.656982422 0.153076172
v -0.144012481 0.644485474 -0.008486780
vt 0.676513672 0.154541016
vn 0.550226688 0.809619367 -0.204370052
v -0.138351470 0.634979248 -0.005705389
vt 0.677246094 0.160400391
vn 0.965366781 -0.259000808 0.031393927
v -0.135391265 0.649429321 0.023580518
vt 0.692626953 0.153564453
vn 0.613261342 0.731196284 -0.298768491
vt 0.624755859 0.185546875
vt 0.614257812 0.180908203
vt 0.614501953 0.188476562
v -0.170486495 0.581642151 -0.050693538
vt 0.652099609 0.190917969
vn 0.586887658 -0.665139139 0.461684793
vt 0.631103516 0.209228516
vt 0.641357422 0.220703125
v -0.214508101 0.558929443 -0.042491931
vt 0.657714844 0.215576172
vn 0.477774352 -0.673583329 0.563930154
vt 0.657958984 0.224365234
v -0.213836700 0.581283569 -0.019870779
vt 0.671875000 0.211425781
vn -0.605998635 -0.362025231 0.708310306
v -0.183593780 0.594123840 -0.022909189
vt 0.668701172 0.193359375
vn 0.409398168 -0.708573580 0.574731886
v -0.164505035 0.609039307 -0.018402128
vt 0.670166016 0.180175781
vn 0.519862473 -0.716779888 0.464725405
v -0.200393707 0.618019104 0.018930411
vt 0.694335938 0.194091797
vn -0.039334614 -0.763093829 0.645089686
v -0.201568648 0.621665955 -0.019397760
vt 0.692382812 0.212890625
vn -0.844354033 0.528707564 -0.086802654
v -0.152572662 0.627517700 0.000715225
vt 0.680908203 0.169189453
vn 0.385206431 -0.849026263 0.361622244
v -0.195510894 0.631942749 0.038726781
vt 0.704101562 0.188232422
vn -0.928299665 0.369746476 0.039334841
v -0.191604644 0.639205933 0.009995434
vt 0.705322266 0.200927734
vn -0.630468786 0.748681605 -0.204902291
v -0.183441192 0.655624390 0.064681977
vt 0.722900391 0.189453125
vn -0.843435466 0.520249784 -0.134003669
v -0.192596465 0.628479004 0.034435246
vt 0.701416016 0.186767578
vn 0.204724491 -0.921259820 0.330708653
v -0.190841705 0.643585205 0.067855805
vt 0.719970703 0.183837891
vn -0.984954536 0.126074135 0.118194669
v -0.185745269 0.653701782 0.082900971
vt 0.729980469 0.182861328
vn -0.828159094 -0.559993327 -0.023661554
v -0.134719878 0.635559082 0.011394468
vt 0.686523438 0.160156250
vn 0.592464447 -0.789952457 0.157990441
v -0.144119292 0.644210815 0.044609036
vt 0.705566406 0.163085938
vn 0.196255147 -0.949874580 0.243356317
v -0.132278472 0.646163940 0.042404141
vt 0.702880859 0.157226562
vn 0.385623604 -0.810596585 -0.440712750
v -0.134201080 0.655868530 0.032211270
vt 0.697998047 0.151855469
vn 0.078808613 -0.977226615 -0.197021455
v -0.111351043 0.649047852 0.042175256
vt 0.706054688 0.147216797
vn 0.180376872 -0.776405036 -0.603870511
v -0.124053985 0.635711670 0.059448205
vt 0.712646484 0.152832031
vn -0.219792247 -0.306139082 -0.926266909
v -0.144332916 0.632873535 0.058593716
vt 0.713867188 0.158935547
vn -0.196838275 0.716490984 -0.669249833
v -0.186553985 0.643692017 0.078979462
vt 0.724853516 0.180175781
vn 0.110548601 -0.939662397 0.323749274
v -0.153244048 0.646301270 0.060436215
vt 0.715087891 0.166259766
vn -0.275727302 -0.961106777 -0.015755771
v -0.150299102 0.640197754 0.078117341
vt 0.722167969 0.158935547
vn -0.800375581 -0.478656054 -0.360953540
v -0.167785674 0.644836426 0.094787568
vt 0.729980469 0.168701172
vn -0.481811047 0.774056911 -0.410724044
v -0.177169830 0.649703979 0.092643708
vt 0.731445312 0.174560547
vn -0.259040684 -0.957665801 0.125595585
v -0.206756622 0.665863037 0.105575539
vt 0.746093750 0.182861328
vn -0.669956267 -0.740892828 -0.047290906
vt 0.839599609 0.736083984
vt 0.838378906 0.756591797
vt 0.818359375 0.729980469
vt 0.798583984 0.758544922
v -0.177841231 0.609695435 -0.052757289
vt 0.846923828 0.710449219
vn -0.433905751 0.717916608 -0.544354320
vt 0.799804688 0.684570312
vt 0.856445312 0.735839844
vt 0.857666016 0.742187500
v -0.160858199 0.644485474 -0.015159637
vt 0.876464844 0.717529297
vn -0.346596509 0.819227874 -0.456877053
vt 0.880371094 0.726318359
v -0.208938643 0.605720520 -0.037769340
vt 0.852294922 0.688232422
vn -0.512033403 0.701091766 -0.496278405
vt 0.820556641 0.670410156
v -0.167465240 0.654830933 0.014525385
vt 0.895019531 0.712402344
vn -0.141465098 0.950959384 -0.275070876
vt 0.866699219 0.691406250
vt 0.899169922 0.728271484
vt 0.887207031 0.697265625
v -0.223190352 0.568672180 -0.046863575
vt 0.834960938 0.670410156
vn -0.939516068 0.307908595 0.150006875
vt 0.849853516 0.670654297
vt 0.817626953 0.652587891
vt 0.829345703 0.659179688
v -0.172348052 0.661941528 0.055591553
vt 0.917724609 0.706542969
vn -0.537167788 0.782053053 -0.315980971
vt 0.920898438 0.697998047
v -0.150314361 0.655136108 0.026075331
vt 0.905761719 0.720703125
vn -0.686039746 0.055198535 -0.725467145
vt 0.901367188 0.730224609
v -0.125732452 0.655471802 0.006863082
vt 0.906982422 0.731201172
vn -0.078545541 -0.981820107 0.172800407
vt 0.908935547 0.729980469
vt 0.910156250 0.727539062
vt 0.919433594 0.717285156
v -0.162841827 0.661239624 0.047599763
vt 0.914062500 0.712158203
vn -0.298916310 0.833818972 -0.464106768
v -0.182006866 0.674179077 0.069694489
vt 0.930664062 0.704589844
vn -0.133750588 0.951988995 -0.275368690
v -0.191345245 0.663284302 0.072845429
vt 0.928710938 0.699462891
vn -0.855066419 0.094135679 -0.509901822
vt 0.927978516 0.694335938
vt 0.948242188 0.690917969
v -0.197921783 0.680023193 0.103652924
vt 0.949707031 0.696289062
vn -0.565232098 0.792895019 -0.227662876
v -0.207824722 0.667922974 0.130264267
vt 0.961181641 0.685302734
vn -0.942518175 -0.290609807 0.164940819
v -0.194061294 0.684432983 0.135513276
vt 0.963867188 0.693359375
vn -0.996147394 -0.039218441 0.078436933
v -0.182006866 0.681076050 0.114761323
vt 0.956542969 0.700683594
vn -0.291972965 0.797006965 -0.528707623
v -0.198684707 0.707717896 0.127517670
vt 0.975585938 0.696533203
vn -0.770698547 0.369620651 -0.519041717
v -0.176330596 0.695037842 0.109611481
vt 0.962890625 0.703613281
vn 0.055205327 0.591487050 -0.804422379
v -0.180816665 0.704650879 0.132202119
vt 0.974121094 0.703369141
vn 0.517937839 0.855382264 -0.007847649
v -0.151428252 0.679367065 0.109687775
vt 0.956054688 0.711914062
vn 0.378799200 0.923323095 0.063133113
v -0.170883194 0.681838989 0.125671357
vt 0.970214844 0.711181641
vn 0.882519305 0.401861489 0.244268596
v -0.142517120 0.675933838 0.089584321
vt 0.946777344 0.715332031
vn 0.339288056 0.931069732 -0.134137258
v -0.142120391 0.673416138 0.107902490
vt 0.956787109 0.714843750
vn 0.583183646 0.748681664 0.315234274
v -0.146209747 0.672943115 0.068733186
vt 0.934814453 0.715576172
vn 0.353531599 0.934894681 0.031424947
v -0.135360748 0.660034180 0.085754357
vt 0.948242188 0.720458984
vn 0.774564445 0.632297516 0.015807308
v -0.126678497 0.651794434 0.085594140
vt 0.949707031 0.724365234
vn 0.368596226 0.917569458 -0.149007097
vt 0.924560547 0.719726562
vt 0.928955078 0.723876953
vt 0.938964844 0.729248047
v -0.123184234 0.654586792 0.070648156
vt 0.944824219 0.725341797
vn 0.567898214 0.780860126 0.260286629
v -0.115135223 0.651031494 0.068908654
vt 0.947021484 0.731201172
vn 0.070621349 0.973005533 0.219710857
v -0.109283470 0.652496338 0.087333642
vt 0.958740234 0.726806641
vn -0.031445451 0.998391926 0.047168083
v -0.090568565 0.648101807 0.078056298
vt 0.960449219 0.734619141
vn -0.180939823 0.983368337 -0.015733913
vt 0.908203125 0.031250000
vt 0.911132812 0.009765625
v -0.068580657 0.549633026 0.013407670
vt 0.939208984 0.031005859
vn -0.180939913 -0.015733944 -0.983368337
vt 0.944091797 0.016357422
vt 0.926025391 0.044433594
vt 0.949218750 0.018310547
v -0.083313018 0.574317932 0.016811334
vt 0.946044922 0.044677734
vn -0.448582709 0.188876837 -0.873555541
vt 0.939453125 0.060791016
vt 0.940917969 0.070800781
vt 0.950439453 0.066894531
v -0.090545684 0.599693298 0.037280999
vt 0.952636719 0.060546875
vn -0.512112916 0.527870119 -0.677564502
v -0.092727691 0.609100342 0.047946893
vt 0.955566406 0.066650391
vn -0.188550085 -0.903469563 0.384956658
v -0.109870940 0.596061707 0.044002499
vt 0.963623047 0.058837891
vn -0.608776689 0.395309389 -0.687838316
v -0.107231170 0.604431152 0.055179562
vt 0.967773438 0.065185547
vn -0.810998499 0.511795104 -0.283455670
v -0.096504234 0.624343872 0.075881921
vt 0.962158203 0.077880859
vn -0.692376912 -0.653037429 0.306849003
v -0.107154869 0.621978760 0.104927026
vt 0.966796875 0.089111328
vn -0.765633166 0.639343023 -0.071038052
v -0.116745025 0.571777344 0.044486966
vt 0.967529297 0.047119141
vn -0.834128857 0.133775309 -0.535101354
v -0.126312271 0.581100464 0.091537446
vt 0.987792969 0.058349609
vn -0.693257511 0.196948037 -0.693257272
v -0.122314475 0.600891113 0.104171716
vt 0.988525391 0.068115234
vn -0.410008490 0.749053895 -0.520395279
v -0.125961319 0.555393219 0.083770722
vt 0.988281250 0.043212891
vn -0.978442788 0.023671951 -0.205157220
v -0.117889427 0.530893326 0.042270631
vt 0.972167969 0.027587891
vn -0.864508569 -0.086450912 -0.495127469
vt 0.971435547 0.016357422
vt 0.983642578 0.019775391
vt 0.997802734 0.042724609
vt 0.998046875 0.005126953
vt 0.000000000 0.244140625
vt 0.004882812 0.258056641
vt 0.000488281 0.269531250
vt 0.404296875 0.239746094
vt 0.401123047 0.245849609
vt 0.383056641 0.240234375
v -0.139266983 0.563148499 0.095985383
vt 0.393798828 0.233642578
vn 0.386486232 -0.607335627 -0.694097877
v -0.154281631 0.546619415 0.112632729
vt 0.386962891 0.218261719
vn 0.244808912 -0.908162057 -0.339573652
v -0.152481094 0.545162201 0.131805390
vt 0.369384766 0.215820312
vn 0.118194610 -0.984954536 0.126074210
v -0.171066299 0.552581787 0.097961403
vt 0.396972656 0.199218750
vn -0.299286842 -0.897860467 -0.322914690
v -0.188552871 0.551414490 0.147369370
vt 0.354980469 0.177978516
vn 0.070634477 -0.981033564 0.180510208
v -0.188705459 0.554931641 0.121841408
vt 0.374023438 0.176757812
vn 0.212512821 -0.960243046 -0.181029409
v -0.137161270 0.559898376 0.152832001
vt 0.348388672 0.227294922
v -0.138519302 0.557415009 0.141601533
vt 0.356933594 0.232666016
vn 0.714721024 -0.683304548 0.149227396
vt 0.367187500 0.247558594
v -0.180999771 0.562957764 0.165756211
vt 0.331787109 0.180419922
vn 0.424408317 -0.534439862 0.730925202
v -0.136123672 0.571556091 0.150131196
vt 0.342529297 0.238037109
vn 0.880798399 -0.251656592 0.401077688
vt 0.341796875 0.255371094
vt 0.365478516 0.265136719
v -0.136215225 0.585502625 0.162338227
vt 0.327392578 0.229980469
vn 0.699703813 0.290888131 0.652532518
v -0.158218399 0.592628479 0.171859711
vt 0.312011719 0.208251953
vn 0.299584448 0.015767651 0.953939557
v -0.178695694 0.592826843 0.175216660
vt 0.299072266 0.189697266
vn 0.463705331 0.377251804 0.801659882
v -0.160522476 0.622100830 0.148147553
vt 0.289306641 0.234130859
vn 0.321038365 0.798680782 0.508963108
v -0.140960708 0.593231201 0.153137177
vt 0.321289062 0.237792969
vn 0.707106888 0.424264133 0.565685272
v -0.134765640 0.615249634 0.130325288
vt 0.306884766 0.261474609
vn 0.574358284 0.668773234 0.472075105
v -0.150787368 0.621902466 0.114646882
vt 0.289306641 0.265136719
vn 0.268349469 0.955008626 -0.126282200
v -0.173706070 0.624298096 0.124496445
vt 0.270263672 0.242431641
vn -0.047185667 0.998762369 -0.015728578
v -0.116905227 0.604011536 0.123573266
vt 0.315917969 0.279296875
vn -0.267476201 0.951900601 0.149471983
v -0.151443496 0.616249084 0.095993012
vt 0.281250000 0.277832031
vn 0.346843928 0.780399024 -0.520266116
vt 0.299072266 0.290039062
vt 0.338134766 0.282958984
vt 0.347167969 0.264160156
v -0.100326553 0.621559143 0.132537812
vt 0.325927734 0.297851562
vn -0.860565066 0.481600612 0.165797040
vt 0.338867188 0.297363281
vt 0.311767578 0.300292969
vt 0.283691406 0.319580078
v -0.099082969 0.628814697 0.109954797
vt 0.316894531 0.309814453
vn -0.409817427 -0.866921484 -0.283719659
v -0.094001792 0.630966187 0.097854577
vt 0.310791016 0.313720703
vn -0.402913451 -0.908530474 0.110603802
vt 0.302246094 0.323486328
vt 0.286865234 0.831542969
v -0.123313934 0.597404480 0.030536620
vt 0.303955078 0.845947266
vn 0.070857421 -0.976256907 0.204699054
v -0.105865508 0.606391907 0.022941554
vt 0.294433594 0.848388672
vn 0.212203994 0.424408227 -0.880254149
v -0.136077911 0.605407715 0.021919221
vt 0.311523438 0.851318359
vn -0.102043338 0.667205513 -0.737850904
vt 0.291992188 0.832763672
v -0.164871246 0.605331421 0.031288121
vt 0.329101562 0.849365234
vn -0.205362096 -0.726665676 -0.655578732
v -0.124412566 0.620407104 0.066413842
vt 0.312011719 0.830078125
vn 0.039412972 -0.867083073 0.496602148
vt 0.299804688 0.821044922
v -0.130188018 0.631881714 0.091827355
vt 0.321533203 0.820312500
vn 0.031448409 -0.951311946 0.306621224
v -0.167037994 0.600280762 0.039310429
vt 0.331298828 0.846435547
vn 0.109936818 -0.895199001 0.431894302
v -0.173278838 0.621772766 0.077300996
vt 0.340332031 0.832519531
vn 0.164773151 -0.870943248 0.462933809
v -0.189453155 0.597076416 0.052261330
vt 0.348388672 0.847900391
vn 0.338477850 -0.889488101 0.306991488
v -0.217056304 0.595893860 0.056247693
vt 0.365478516 0.852783203
vn -0.607335627 -0.386486351 -0.694097757
v -0.168243423 0.631256104 0.101081818
vt 0.343994141 0.824218750
vn 0.150086373 -0.955812752 0.252776921
v -0.159637466 0.638153076 0.132293671
vt 0.343750000 0.811523438
vn 0.023636036 -0.992710948 0.118179925
v -0.202545181 0.632080078 0.132644638
vt 0.368652344 0.814697266
vn 0.259520948 -0.959440947 0.110099785
v -0.190872222 0.621162415 0.084754914
vt 0.354003906 0.832275391
vn 0.386162192 -0.772324204 0.504374981
v -0.209655777 0.620300293 0.097137429
vt 0.367675781 0.828857422
vn 0.457601786 -0.796858132 0.394484192
v -0.217498809 0.589927673 0.071685769
vt 0.367187500 0.846191406
vn 0.455831826 -0.778057635 0.432254225
v -0.229782134 0.588394165 0.084251381
vt 0.374511719 0.843505859
vn 0.345398396 -0.894895613 0.282598555
v -0.243270889 0.593795776 0.089851357
vt 0.379882812 0.845703125
vn -0.835786581 -0.118271738 -0.536164820
v -0.237518325 0.593086243 0.101203896
vt 0.383789062 0.839355469
vn 0.078916363 0.071024805 -0.994347930
v -0.255340606 0.599754333 0.117134072
vt 0.389404297 0.849365234
vn -0.631489456 0.449936092 -0.631489277
v -0.219558731 0.621421814 0.120017983
vt 0.379150391 0.818603516
vn 0.932930231 0.339966148 -0.118592978
v -0.225463882 0.620658875 0.163497910
vt 0.372314453 0.800537109
vn 0.369426608 0.754573405 0.542349517
v -0.192291275 0.621215820 0.131011948
vt 0.388671875 0.802001953
vn -0.007867715 0.999195039 0.039338343
v -0.240249649 0.583915710 0.095703110
vt 0.389892578 0.842529297
vn -0.402173817 0.173486650 -0.898976505
v -0.196533218 0.621635437 0.111442536
vt 0.391601562 0.811035156
vn -0.039334852 0.763093829 -0.645089686
v -0.188262954 0.620666504 0.120040864
vt 0.394287109 0.803955078
vn -0.291873038 0.780957222 -0.552191973
vt 0.396484375 0.794433594
v -0.202758804 0.599906921 0.094467141
vt 0.399414062 0.822509766
vn -0.118018955 0.409131855 -0.904810905
v -0.174667373 0.618804932 0.101829499
vt 0.405761719 0.799316406
vn -0.188410774 0.808595777 -0.557381630
vt 0.407714844 0.782470703
vt 0.415283203 0.787597656
v -0.195114151 0.594619751 0.096282929
vt 0.404296875 0.819580078
vn -0.071095854 0.489770502 -0.868947744
v -0.199646011 0.577224731 0.091751084
vt 0.408691406 0.829589844
vn 0.157052338 0.164905041 -0.973725379
v -0.176284820 0.595581055 0.082702607
vt 0.414794922 0.810302734
vn -0.401674569 0.409550369 -0.819100797
v -0.153854400 0.598518372 0.083511323
vt 0.422363281 0.797363281
vn 0.227887586 0.416484445 -0.880118191
vt 0.432617188 0.777587891
vt 0.440185547 0.791503906
v -0.160446197 0.577995300 0.079582192
vt 0.426757812 0.808349609
vn 0.173686504 -0.205266029 -0.963171303
vt 0.443603516 0.805419922
v -0.193130508 0.577758789 0.094634987
vt 0.412109375 0.825683594
vn -0.395223081 -0.245038301 -0.885299385
v -0.177154556 0.577926636 0.083831765
vt 0.419677734 0.816650391
vn -0.425236464 -0.401612192 -0.811098933
v -0.160476699 0.556999207 0.090171792
vt 0.433593750 0.815673828
vn 0.086927265 -0.663808703 -0.742833495
vt 0.444824219 0.817626953
vt 0.432861328 0.823242188
v -0.192916885 0.557914734 0.109542824
vt 0.423095703 0.833007812
vn -0.220664129 -0.677753925 -0.701396465
vt 0.430175781 0.833984375
v -0.198211685 0.555282593 0.101814248
vt 0.420166016 0.837402344
vn 0.110212274 -0.755741656 -0.645529211
v -0.209167495 0.541545868 0.127838120
vt 0.426757812 0.852050781
vn 0.134338081 -0.987779796 -0.079022348
v -0.211349502 0.577697754 0.086868271
vt 0.405273438 0.835693359
vn -0.062757276 -0.353009105 -0.933512866
v -0.232666031 0.563140869 0.101661667
vt 0.408203125 0.850830078
vn -0.172800422 -0.738328755 -0.651928544
v -0.225418106 0.541347504 0.130844101
vt 0.421630859 0.862304688
vn 0.015776936 -0.986057222 -0.165657565
v -0.239364639 0.576751709 0.093048081
vt 0.398925781 0.845458984
vn -0.448485464 -0.393408298 -0.802552760
v -0.239837661 0.556941986 0.113220200
vt 0.409912109 0.857910156
vn -0.337944269 -0.620874345 -0.707325101
v -0.281555206 0.580436707 0.115661614
vt 0.399169922 0.867675781
vn -0.543105245 0.094453014 -0.834335387
v -0.263519287 0.542911530 0.135879502
vt 0.419677734 0.874511719
vn -0.219934478 -0.942576408 -0.251353651
v -0.104080230 0.618698120 0.038326230
vt 0.179443359 0.842041016
vn 0.149806023 0.654416203 -0.741146147
vt 0.186035156 0.845947266
vt 0.179199219 0.849121094
vt 0.192138672 0.843994141
vt 0.180419922 0.835693359
v -0.129211456 0.626678467 0.048549622
vt 0.166503906 0.842773438
vn -0.101980500 0.745241284 -0.658950269
v -0.109703094 0.635162354 0.045753442
vt 0.173828125 0.837158203
vn -0.031477667 0.440685391 -0.897109628
vt 0.173583984 0.832275391
vt 0.161865234 0.835449219
vt 0.165283203 0.861572266
vt 0.151611328 0.834716797
v -0.187500030 0.632431030 0.066543549
vt 0.131103516 0.844482422
vn -0.236639097 0.820348442 -0.520605743
v -0.175521880 0.609611511 0.033328984
vt 0.143066406 0.863037109
vn -0.275037050 0.667946756 -0.691521406
vt 0.150146484 0.866210938
v -0.209747344 0.604072571 0.050334908
vt 0.124511719 0.865966797
vn -0.498276889 0.506185889 -0.703914762
vt 0.119873047 0.869628906
v -0.229339629 0.621093750 0.083885171
vt 0.107421875 0.854492188
vn -0.670268714 0.504672825 -0.544100344
vt 0.098144531 0.869628906
vt 0.131103516 0.824218750
vt 0.144287109 0.825683594
v -0.227005035 0.631362915 0.093627907
vt 0.106201172 0.846923828
vn -0.353804708 0.896305084 -0.267319024
v -0.174530044 0.651382446 0.124664292
vt 0.120361328 0.813476562
vn -0.488113374 0.842389166 -0.228311032
vt 0.125000000 0.799072266
v -0.174041763 0.652069092 0.144363388
vt 0.113037109 0.805908203
vn -0.685719848 -0.693601847 0.220691592
vt 0.114990234 0.791748047
v -0.217620865 0.640777588 0.125167832
vt 0.097412109 0.832031250
vn -0.432588458 0.896637738 -0.094382904
v -0.250213623 0.616279602 0.124465927
vt 0.085205078 0.850830078
vn -0.691286683 0.706997633 -0.149255008
v -0.237365738 0.627532959 0.143966660
vt 0.082275391 0.838378906
vn -0.605605006 0.794364989 0.047190044
v -0.248519912 0.617004395 0.134796128
vt 0.080810547 0.847167969
vn -0.463805616 0.793972135 -0.393055499
v -0.238266006 0.620979309 0.157760605
vt 0.074951172 0.840087891
vn -0.110171370 0.975803435 0.188865155
v -0.255279571 0.604011536 0.112022378
vt 0.087158203 0.860351562
vn -0.853780150 0.368143648 -0.368143618
vt 0.083740234 0.861816406
vt 0.157470703 0.031738281
vt 0.138671875 0.045410156
v -0.056865703 0.609863281 0.183303788
vt 0.115234375 0.023437500
vn -0.142173633 0.663477361 0.734564185
vt 0.120605469 0.010986328
vt 0.107421875 0.016113281
vt 0.107910156 0.041015625
v -0.066673294 0.627502441 0.154876679
vt 0.091796875 0.029541016
vn 0.251812458 0.865605235 0.432802558
vt 0.100097656 0.040527344
v -0.083763137 0.635757446 0.166534394
vt 0.075683594 0.023681641
vn 0.251711130 0.967514753 0.023597844
v -0.066947952 0.644363403 0.183624238
vt 0.071289062 0.008544922
vn 0.385731041 0.834438801 -0.393603265
v -0.071495071 0.631729126 0.148300141
vt 0.084228516 0.036621094
vn 0.133783624 0.967964053 0.212479860
v -0.073066734 0.634292603 0.127838105
vt 0.073974609 0.051757812
vn 0.425025642 0.905147195 -0.007870940
v -0.062198658 0.628997803 0.122787431
vt 0.077148438 0.063232422
vn -0.403051853 0.877230585 0.260798305
vt 0.083740234 0.066894531
vt 0.068603516 0.077392578
vt 0.976562500 0.911132812
v -0.027433405 0.608642578 0.196487382
vt 0.959472656 0.906005859
vn 0.205265895 -0.300004214 -0.931591868
v -0.035140999 0.602325439 0.193771318
vt 0.961425781 0.896728516
vn 0.188555896 -0.345686048 -0.919210494
v -0.029453289 0.647644043 0.187606767
vt 0.982666016 0.921630859
vn 0.015745461 0.007872754 -0.999845147
vt 0.936767578 0.918457031
v -0.044750225 0.623626709 0.187087968
vt 0.980468750 0.902343750
vn -0.283008814 -0.581740260 -0.762551248
vt 0.996337891 0.911621094
vt 1.000000000 0.901123047
vt 0.999267578 0.892089844
v -0.059471142 0.609802246 0.192077607
vt 0.977783203 0.884765625
vn -0.165426269 0.055141993 -0.984679401
vt 0.994628906 0.879394531
vt 0.983398438 0.875976562
vt 0.976806641 0.873046875
vt 0.956542969 0.870605469
vt 0.979248047 0.860839844
vt 0.949951172 0.881591797
v -0.030935293 0.584655762 0.205505326
vt 0.942138672 0.895263672
vn 0.227831304 -0.243543983 -0.942750871
vt 0.943359375 0.879150391
vt 0.936035156 0.889892578
vt 0.923095703 0.890869141
v -0.026121145 0.565017700 0.212615922
vt 0.922851562 0.901123047
vn 0.078884497 -0.638965070 -0.765180290
vt 0.914794922 0.893310547
vt 0.900634766 0.906982422
vt 0.908935547 0.894775391
vt 0.881591797 0.897216797
vt 0.162597656 0.034667969
vt 0.167236328 0.024414062
v -0.072196975 0.626174927 0.174865693
vt 0.179687500 0.034912109
vt 0.162109375 0.022949219
vt 0.187988281 0.019531250
vt 0.194091797 0.044677734
vt 0.161865234 0.053955078
v -0.067306533 0.640151978 0.187316865
vt 0.190185547 0.047119141
vn 0.638548017 -0.559714794 0.528181553
v -0.070159920 0.648788452 0.196365327
vt 0.195556641 0.056396484
vn 0.590807617 0.716846645 -0.370239586
v -0.087158211 0.627853394 0.190444916
vt 0.173095703 0.056396484
vn 0.496741146 -0.362699747 0.788477778
v -0.083274849 0.657913208 0.215576142
vt 0.204589844 0.071533203
vn 0.386018395 0.126046851 0.913839161
v -0.100204475 0.620933533 0.208511323
vt 0.154296875 0.062255859
vn 0.355645210 0.695483863 0.624354661
v -0.100914009 0.602684021 0.225769013
vt 0.131347656 0.065185547
vn 0.456976414 0.283640534 0.843042493
v -0.112434395 0.620285034 0.214233369
vt 0.148925781 0.068115234
vn 0.251462400 0.715096056 0.652230322
v -0.092002876 0.594718933 0.216354340
vt 0.136474609 0.058593750
vn 0.557777107 -0.793457508 0.243536428
v -0.129531860 0.595550537 0.230987519
vt 0.107421875 0.061767578
vn -0.196990907 -0.914037824 -0.354583591
vt 0.147460938 0.049560547
v -0.127273574 0.627944946 0.185638398
vt 0.859619141 0.283203125
vn -0.252336442 -0.922605157 -0.291763961
vt 0.880126953 0.268554688
vt 0.892822266 0.292236328
v -0.120361343 0.633956909 0.133651704
vt 0.844726562 0.242187500
vn -0.282877594 -0.958640933 -0.031430770
vt 0.882080078 0.254150391
v -0.139144912 0.622268677 0.197845429
vt 0.858154297 0.297363281
vn -0.205157384 -0.796957374 -0.568127990
vt 0.877441406 0.337890625
v -0.175476089 0.634124756 0.187637314
vt 0.815673828 0.295898438
vn -0.000000014 -0.912509322 -0.409055889
v -0.166442871 0.607894897 0.225280732
vt 0.845458984 0.320556641
vn -0.165395379 -0.882108629 -0.441054255
v -0.154663086 0.603752136 0.235168427
vt 0.853515625 0.330322266
vn -0.368596196 -0.823459804 0.431336164
v -0.135421753 0.603584290 0.238845795
vt 0.863037109 0.339355469
vn 0.220993832 0.394631684 0.891867518
vt 0.875488281 0.355712891
v -0.190704346 0.621856689 0.222717270
vt 0.823486328 0.329833984
vn -0.662712812 -0.213014871 0.717939079
vt 0.865478516 0.371093750
v -0.166519165 0.612510681 0.235961884
vt 0.843505859 0.334472656
vn -0.260359466 0.189352468 0.946762264
v -0.159469604 0.617568970 0.233367890
vt 0.845458984 0.341552734
vn 0.180738598 0.699379623 0.691521347
v -0.171722412 0.626953125 0.224014267
vt 0.830810547 0.343017578
vn -0.078613482 0.746828616 0.660353661
v -0.142379776 0.638275146 0.204544038
vt 0.834228516 0.371826172
vn 0.157499880 0.858374238 0.488249511
v -0.201171890 0.622459412 0.199691758
vt 0.805419922 0.319335938
vn -0.031518534 -0.969195306 -0.244268686
v -0.199508682 0.635772705 0.202285752
vt 0.803466797 0.334716797
vn -0.377251714 0.801659942 0.463705271
v -0.203948990 0.629531860 0.205764756
vt 0.805419922 0.327636719
vn -0.818466425 -0.133787781 0.558760881
v -0.170303360 0.640594482 0.207015961
vt 0.819335938 0.354003906
vn -0.086259246 0.901801348 0.423454523
v -0.204315200 0.647369385 0.169845566
vt 0.776855469 0.347900391
vn -0.409957498 0.882985413 0.228630170
v -0.172988907 0.652206421 0.173156723
vt 0.791748047 0.368164062
vn -0.015721256 0.958996296 0.282982469
v -0.229690567 0.630920410 0.164733872
vt 0.768310547 0.323730469
vn -0.721729636 0.564831793 0.400089324
vt 0.769042969 0.313964844
vt 0.760253906 0.315917969
vt 0.750732422 0.320556641
vt 0.744628906 0.347900391
v -0.209869400 0.627944946 0.172576889
vt 0.784912109 0.307617188
vn 0.354495645 -0.921688557 -0.157553598
vt 0.768066406 0.280029297
v -0.177719131 0.638671875 0.169189438
vt 0.805664062 0.285888672
vn 0.180688381 -0.982001901 -0.054992083
v -0.152938858 0.639617920 0.152511567
vt 0.817138672 0.263427734
vn -0.078869820 -0.993760109 -0.078869797
vt 0.802734375 0.253662109
v -0.124084495 0.632705688 0.100921594
vt 0.827636719 0.220703125
vn -0.157990456 -0.987440705 0.000000064
vt 0.818115234 0.215820312
vt 0.852050781 0.208740234
vt 0.840576172 0.193115234
vt 0.858398438 0.218261719
v -0.110015884 0.624786377 0.127380341
vt 0.856445312 0.234130859
vn -0.386102140 -0.921917439 -0.031518452
vt 0.869384766 0.235839844
vt 0.287597656 0.909912109
vt 0.310546875 0.899902344
vt 0.306884766 0.917724609
v -0.183441177 0.555637360 0.169418320
vt 0.274169922 0.902587891
vn 0.253322959 -0.775801182 0.577892780
vt 0.269042969 0.913330078
v -0.225372329 0.552024841 0.173583969
vt 0.285888672 0.861816406
vn 0.244816631 -0.892395735 0.379070759
vt 0.315917969 0.882324219
v -0.229797378 0.546470642 0.183151230
vt 0.291992188 0.856445312
vn 0.229186416 -0.956260383 0.181768507
v -0.224411026 0.568771362 0.189117417
vt 0.266601562 0.857666016
vn 0.440781116 -0.519491792 0.732011199
v -0.218460098 0.585090637 0.197341904
vt 0.249755859 0.862060547
vn 0.282147020 0.078374207 0.956164539
v -0.178039566 0.583534241 0.186035141
vt 0.251708984 0.900878906
vn 0.495311350 -0.314483255 0.809794486
v -0.178512588 0.593261719 0.181106552
vt 0.244384766 0.904296875
vn 0.543559968 0.409639418 0.732624173
vt 0.243652344 0.909423828
v -0.182113662 0.621726990 0.166793808
vt 0.220214844 0.898681641
vn 0.393932909 0.575142086 0.716957808
v -0.217742935 0.619384766 0.179107651
vt 0.213867188 0.872558594
vn -0.031430807 0.801486731 0.597186148
v -0.183441177 0.619087219 0.154129013
vt 0.211181641 0.904541016
vn 0.102387577 0.976620197 0.189023197
vt 0.210449219 0.920898438
vt 0.193115234 0.921630859
vt 0.193359375 0.906250000
vt 0.202880859 0.866699219
vt 0.191650391 0.851562500
v -0.224456802 0.600723267 0.187149033
vt 0.211181641 0.852539062
vn 0.457901180 0.742115617 0.489480466
vt 0.444091797 0.255126953
vt 0.435791016 0.275878906
v -0.250244141 0.623497009 0.182205185
vt 0.423583984 0.262939453
vn 0.205112621 0.978229642 -0.031555861
vt 0.443359375 0.244140625
vt 0.454345703 0.252197266
v -0.229934692 0.586433411 0.205230698
vt 0.435546875 0.240234375
vn 0.640461385 0.039534707 0.766972125
v -0.247894302 0.624427795 0.200271592
vt 0.420166016 0.251953125
vn 0.550907969 0.653219402 0.519427419
v -0.252655029 0.588661194 0.220291123
vt 0.420410156 0.227050781
vn 0.600814164 -0.118581653 0.790544689
v -0.261016846 0.621063232 0.208938584
vt 0.411621094 0.246093750
vn 0.331573278 0.663146436 0.671040952
v -0.277130127 0.623146057 0.201339707
vt 0.403808594 0.252929688
vn -0.086280532 0.996147394 0.015687330
v -0.275207520 0.618675232 0.153396592
vt 0.414550781 0.282714844
vn -0.306309044 0.856094301 -0.416266024
vt 0.434082031 0.291503906
v -0.317901611 0.615470886 0.177673340
vt 0.384277344 0.275146484
vn -0.386956096 0.813397348 -0.434338361
vt 0.414306641 0.315917969
vt 0.432128906 0.301269531
vt 0.435791016 0.310791016
v -0.308868408 0.577316284 0.139068604
vt 0.391845703 0.307128906
vn -0.601189971 0.015820723 -0.798949540
v -0.331268311 0.580123901 0.154785156
vt 0.376464844 0.298828125
vn -0.627571762 0.054912455 -0.776619792
v -0.351470947 0.582168579 0.173812866
vt 0.361083984 0.291259766
vn -0.834464729 -0.000000061 -0.551061392
vt 0.390136719 0.339111328
vt 0.416259766 0.338867188
v -0.320983887 0.548763275 0.175506592
vt 0.363281250 0.317138672
vn -0.330667675 -0.889653563 -0.314921558
v -0.338409424 0.550949097 0.188583374
vt 0.353027344 0.312744141
vn -0.496972829 -0.867730379 -0.007888354
v -0.273773193 0.550559998 0.211242661
vt 0.355957031 0.354003906
vn 0.094862476 -0.972339690 0.213440448
v -0.241027832 0.547767639 0.196075425
vt 0.374511719 0.368408203
vn 0.298510253 -0.785552919 0.542031527
vt 0.345214844 0.377929688
vt 0.364990234 0.389648438
vt 0.387695312 0.371337891
vt 0.403320312 0.360107422
vt 0.376953125 0.383056641
vt 0.374511719 0.392333984
vt 0.386962891 0.377685547
vt 0.237060547 0.712890625
vt 0.249755859 0.736572266
v -0.324798584 0.618171692 0.213211060
vt 0.230957031 0.740722656
vn -0.181683451 0.979510546 0.086892046
v -0.306335449 0.613090515 0.233810425
vt 0.218261719 0.729980469
vn 0.196935937 0.701091826 0.685336769
v -0.330749512 0.613708496 0.194183350
vt 0.241699219 0.744873047
vn -0.529714644 0.830149829 -0.173936099
v -0.332672119 0.608726501 0.244979858
vt 0.212890625 0.746093750
vn 0.220199555 0.967305303 0.125828251
v -0.343170166 0.607597351 0.217010498
vt 0.228759766 0.753662109
vn -0.260708779 0.963832259 -0.055301856
v -0.342254639 0.603652954 0.197372437
vt 0.242431641 0.754150391
vn -0.236396506 0.898306370 -0.370354384
v -0.393402100 0.603202820 0.224365234
vt 0.215332031 0.782470703
vn -0.228141531 0.951900601 -0.204540625
v -0.346771240 0.590286255 0.186660767
vt 0.257080078 0.758789062
vn -0.488734871 0.472969055 -0.733102024
vt 0.264160156 0.755126953
vt 0.283447266 0.774658203
v -0.337646484 0.551990509 0.204940796
vt 0.282714844 0.783203125
vn -0.110414304 -0.985842526 0.126187906
v -0.329681396 0.607620239 0.270019531
vt 0.198486328 0.740478516
vn 0.235194743 0.807501793 0.540947676
v -0.401519775 0.604881287 0.271179199
vt 0.182861328 0.785888672
vn -0.133688480 0.983003378 0.125824407
v -0.398101807 0.604942322 0.248214737
vt 0.197753906 0.784912109
vn -0.267055124 0.958256423 -0.102109291
v -0.459045410 0.584053040 0.283172607
vt 0.181152344 0.826416016
vn -0.587986708 0.807501674 0.047038976
v -0.428894043 0.587615967 0.236862198
vt 0.203613281 0.808105469
vn -0.440849304 0.865953863 -0.236169234
v -0.463104248 0.573677063 0.250823975
vt 0.210449219 0.842285156
vn -0.807328105 0.564345717 -0.172438934
v -0.345550537 0.551010132 0.188034058
vt 0.271484375 0.781494141
vn 0.679359078 -0.181689084 -0.710957348
v -0.358642578 0.544803619 0.184402466
vt 0.269287109 0.788330078
vn -0.094676137 -0.946762204 0.307697743
v -0.356475830 0.589996338 0.173751831
vt 0.251708984 0.767578125
vn 0.205355480 0.118474364 -0.971490085
v -0.365325928 0.547462463 0.182983398
vt 0.266113281 0.791503906
vn -0.204300597 -0.722909570 -0.660047829
v -0.364196777 0.559020996 0.206970215
vt 0.266845703 0.806640625
vn -0.212988257 -0.907172561 0.362869084
v -0.332916260 0.563507080 0.241348267
vt 0.288574219 0.800292969
vn 0.338813901 -0.843094945 0.417607754
v -0.338134766 0.567138672 0.247970581
vt 0.286376953 0.808349609
vn -0.244908154 -0.940131545 0.237008035
v -0.386108398 0.588928223 0.178985596
vt 0.242675781 0.782958984
vn -0.220582008 0.575088441 -0.787792385
v -0.398345947 0.569778442 0.215591446
vt 0.248535156 0.818115234
vn -0.166128561 -0.925573885 0.340168238
v -0.370269775 0.572769165 0.242431641
vt 0.266845703 0.828369141
vn -0.227831379 -0.942750931 0.243544057
v -0.349426270 0.570549011 0.259796143
vt 0.282470703 0.820556641
vn -0.338320643 -0.692377090 -0.637301505
v -0.379241943 0.578254700 0.275299072
vt 0.272460938 0.850585938
vn -0.039310403 -0.967036128 -0.251586586
v -0.397247314 0.578941345 0.234405518
vt 0.249023438 0.834472656
vn 0.172992602 -0.982912242 0.062906407
v -0.442932129 0.562095642 0.276123047
vt 0.222900391 0.860351562
vn 0.220151976 -0.974958539 -0.031450264
v -0.456481934 0.561119080 0.258636475
vt 0.216308594 0.847656250
vn -0.227719009 -0.973695278 0.007852454
v -0.404876709 0.562820435 0.186431900
vt 0.245117188 0.801269531
vn -0.486323267 -0.666733384 -0.564762294
v -0.404998779 0.568283081 0.202911392
vt 0.239257812 0.808349609
vn -0.502831578 -0.392837167 -0.769960642
v -0.404388428 0.585189819 0.183197036
vt 0.237060547 0.793212891
vn -0.726552367 0.544914126 -0.418557256
v -0.406097412 0.587783813 0.204269424
vt 0.226562500 0.796386719
vn -0.567721784 0.662341952 -0.488871425
v -0.453399658 0.569458008 0.217956558
vt 0.217285156 0.822509766
vn -0.549159050 0.533468723 -0.643300414
v -0.416931152 0.560543060 0.215042129
vt 0.237792969 0.819335938
vn 0.300107121 -0.924013853 0.236926645
v -0.457977295 0.555557251 0.225540176
vt 0.220703125 0.830566406
vn -0.503624916 -0.574447155 -0.645269275
v -0.456695557 0.554241180 0.233383194
vt 0.220947266 0.835205078
vn 0.070987366 -0.922834694 0.378598899
v -0.453857422 0.564369202 0.249115005
vt 0.219482422 0.842773438
vn -0.181728691 -0.948150098 0.260741323
v -0.439636230 0.566764832 0.242141739
vt 0.228515625 0.838623047
vn 0.323386580 -0.883397222 0.339161426
vt 0.065429688 0.566406250
v -0.254516602 0.585174561 0.231491074
vt 0.046875000 0.584716797
vn 0.505711794 0.126427963 0.853388369
vt 0.041748047 0.579833984
vt 0.031738281 0.606201172
vt 0.080078125 0.594482422
vt 0.076660156 0.568603516
v -0.277496338 0.551799774 0.223190293
vt 0.039794922 0.608398438
vn 0.212730467 -0.772132337 0.598796606
vt 0.049316406 0.645263672
vt 0.037841797 0.645751953
v -0.297088623 0.585311890 0.244674683
vt 0.063476562 0.604003906
vn 0.298851639 -0.141561180 0.943741620
v -0.329162598 0.554744720 0.240539551
vt 0.062500000 0.629638672
vn 0.070793875 -0.747267425 0.660741806
v -0.323547363 0.586112976 0.253234863
vt 0.073730469 0.615478516
vn 0.063166767 0.078958347 0.994874597
vt 0.086914062 0.611328125
vt 0.067626953 0.631835938
v -0.328674316 0.574691772 0.285278320
vt 0.093994141 0.639892578
vn 0.978595138 -0.110486493 0.173621580
vt 0.099121094 0.618896484
v -0.340118408 0.566810608 0.266326904
vt 0.079345703 0.641357422
vn 0.724746644 -0.685358107 0.070899054
v -0.340728760 0.582878113 0.291748047
vt 0.097412109 0.646972656
vn 0.635201454 0.172523886 0.752831221
vt 0.070312500 0.636230469
vt 0.075439453 0.643554688
vt 0.319580078 0.923828125
v -0.346313477 0.555335999 0.260223389
vt 0.330078125 0.934326172
vn 0.377251714 -0.801659942 -0.463705271
vt 0.328125000 0.940429688
v -0.343200684 0.551822662 0.297119141
vt 0.335205078 0.921386719
vn 0.464898616 -0.827361882 0.315185428
v -0.373138428 0.552345276 0.264465332
vt 0.347900391 0.936767578
vn -0.268324524 -0.552432716 -0.789189458
vt 0.356689453 0.948486328
vt 0.331542969 0.894287109
v -0.392700195 0.575653076 0.283386230
vt 0.372558594 0.938232422
vn -0.307305843 -0.858880401 -0.409741014
vt 0.408203125 0.941162109
v -0.393981934 0.549140930 0.276397705
vt 0.358886719 0.930419922
vn -0.501841247 -0.799809456 -0.329333216
v -0.389587402 0.549564362 0.298492432
vt 0.354492188 0.922363281
vn -0.047140367 -0.942809105 0.329983205
v -0.449981689 0.565208435 0.285644531
vt 0.407226562 0.934570312
vn -0.322814584 -0.936949790 0.133850053
v -0.399169922 0.556324005 0.301849365
vt 0.359863281 0.919921875
vn -0.864108264 -0.282799065 0.416343242
vt 0.415771484 0.942382812
v -0.379699707 0.561626434 0.314270020
vt 0.352050781 0.910888672
vn 0.141295075 -0.180543497 0.973365247
v -0.396820068 0.574684143 0.300354004
vt 0.371093750 0.917480469
vn -0.880471647 0.361622244 0.306592882
v -0.378753662 0.576782227 0.311737061
vt 0.352539062 0.904052734
vn -0.063293032 0.901925862 0.427228034
v -0.346252441 0.583145142 0.283020020
vt 0.337402344 0.885742188
vn -0.007885460 0.749123812 0.662383080
vt 0.324707031 0.894042969
v -0.377014160 0.579704285 0.280090332
vt 0.362060547 0.896240234
vn -0.007883298 0.922347069 0.386282086
vt 0.320556641 0.872070312
v -0.395324707 0.575782776 0.301361084
vt 0.371582031 0.915283203
vn 0.708573699 -0.409397990 0.574731767
v -0.407684326 0.571159363 0.297454834
vt 0.379150391 0.928466797
vn 0.229222178 -0.972218156 -0.047425263
v -0.373565674 0.600662231 0.274780273
vt 0.362304688 0.877441406
vn 0.149117157 0.667102873 0.729888976
vt 0.394531250 0.872558594
v -0.372650146 0.589538574 0.280242920
vt 0.363037109 0.887451172
vn 0.588185728 -0.039212313 0.807774842
v -0.380615234 0.601600647 0.294921875
vt 0.374755859 0.887207031
vn 0.355257064 0.742092431 0.568411112
v -0.441619873 0.562194824 0.311859131
vt 0.401367188 0.923339844
vn -0.054883737 -0.964387059 0.258738011
v -0.413574219 0.596412659 0.285980225
vt 0.398925781 0.891845703
vn -0.260286719 0.922834694 0.283949107
v -0.413513184 0.571975708 0.318511963
vt 0.385986328 0.916259766
vn 0.205541745 -0.671962976 0.711490273
v -0.409515381 0.586891174 0.323150635
vt 0.386474609 0.907958984
vn 0.039471831 0.702597558 0.710491776
v -0.447296143 0.577865601 0.314422607
vt 0.407958984 0.919189453
vn -0.550788462 0.582262218 0.597999036
vt 0.429687500 0.920166016
vt 0.429687500 0.946289062
vt 0.344970703 0.995605469
vt 0.348876953 0.984130859
vt 0.348388672 0.996093750
v -0.088142432 0.649932861 -0.018070262
vt 0.340576172 0.987548828
vn 0.456409991 0.889212668 0.031476457
vt 0.336914062 0.998535156
vt 0.333740234 0.984863281
vt 0.339843750 0.970947266
v -0.081749000 0.651138306 0.005582292
vt 0.346679688 0.977050781
vn 0.299027413 -0.503624856 0.810521305
vt 0.366455078 0.966308594
vt 0.344482422 0.970214844
v -0.100853004 0.651962280 0.006195030
vt 0.347900391 0.968994141
vn -0.141534865 -0.857072949 0.495372504
v -0.121200599 0.643402100 -0.016763721
vt 0.361083984 0.961425781
vn -0.268583745 -0.829450130 0.489770591
vt 0.370605469 0.955322266
vt 0.356445312 0.952880859
vt 0.349853516 0.958251953
vt 0.339355469 0.951171875
vt 0.335693359 0.963134766
v -0.060939815 0.646163940 0.069671586
vt 0.042236328 0.740722656
vn 0.755718112 -0.590404749 -0.283394337
v -0.072113067 0.654907227 0.059959371
vt 0.049560547 0.742675781
vn 0.709961116 0.528526664 -0.465419054
v -0.070480376 0.655044556 0.067413285
vt 0.048095703 0.746582031
vn -0.000000066 0.984862804 -0.173335910
vt 0.062500000 0.740722656
vt 0.069091797 0.748291016
vt 0.057617188 0.760742188
vt 0.041992188 0.762939453
v -0.099227935 0.661087036 0.078842126
vt 0.040283203 0.758544922
vn -0.023613404 0.125937372 -0.991757214
vt 0.033447266 0.759765625
v -0.077240020 0.661102295 0.078758195
vt 0.041748047 0.748779297
vn 0.425144196 0.818796158 0.385778904
v -0.110313445 0.661376953 0.063232385
vt 0.036132812 0.757324219
vn -0.669685960 0.055150539 -0.740593731
v -0.104782127 0.667831421 0.084342919
vt 0.034179688 0.751708984
vn -0.094371192 0.715648651 0.692055762
v -0.083686851 0.646606445 0.089141801
vt 0.023437500 0.740234375
vn 0.426188976 0.528789997 0.733991981
v -0.065162681 0.644958496 0.084335282
vt 0.032714844 0.739257812
vn 0.645529330 -0.110212252 0.755741477
vt 0.027343750 0.731689453
vt 0.012695312 0.742675781
vt 0.042480469 0.732421875
v -0.077995330 0.657714844 0.040897328
vt 0.053466797 0.736083984
vn 0.513196945 -0.544778347 -0.663208485
vt 0.058593750 0.719726562
vt 0.047119141 0.716064453
vt 0.060302734 0.731201172
vt 0.067138672 0.735595703
vt 0.068359375 0.714843750
vt 0.577636719 0.941894531
vt 0.588378906 0.950927734
vt 0.578369141 0.967041016
vt 0.876708984 0.538574219
vt 0.853271484 0.552734375
v -0.084289573 0.646102905 0.106910661
vt 0.876708984 0.527832031
vn 0.574233830 0.818086565 0.031464759
vt 0.886230469 0.531494141
v -0.096183799 0.651245117 0.112792931
vt 0.865966797 0.527099609
vn 0.102680981 0.979418874 0.173767805
vt 0.825927734 0.554443359
vt 0.886230469 0.505615234
vt 0.890380859 0.525634766
vt 0.895751953 0.512695312
vt 0.881347656 0.480957031
vt 0.891845703 0.490478516
v -0.105949424 0.650527954 0.111892663
vt 0.849121094 0.530517578
vn 0.299166232 0.936862767 0.181074232
vt 0.786621094 0.530029297
v -0.110290542 0.641876221 0.136917084
vt 0.857910156 0.511230469
vn 0.221400917 0.972582757 0.071164511
v -0.127502456 0.648422241 0.118667565
vt 0.835205078 0.521972656
vn 0.267154008 0.817176878 0.510735452
v -0.155197158 0.653945923 0.128692597
vt 0.804931641 0.514160156
vn 0.487705469 0.739424348 0.464106679
vt 0.773681641 0.518310547
v -0.133743301 0.650466919 0.136733979
vt 0.836914062 0.511230469
vn 0.189169943 0.977378368 -0.094585069
vt 0.771240234 0.495361328
v -0.158721939 0.653640747 0.144653291
vt 0.807617188 0.504394531
vn 0.805424929 0.592224300 -0.023689101
v -0.102737442 0.639923096 0.174087495
vt 0.868896484 0.475341797
vn 0.338918954 0.803947508 -0.488674045
vt 0.889648438 0.452148438
vt 0.882324219 0.444091797
v -0.127655044 0.656234741 0.173828095
vt 0.846191406 0.480224609
vn 0.338278621 0.865364134 -0.369746566
v -0.127868667 0.682998657 0.197845414
vt 0.836914062 0.451171875
vn 0.431987435 0.754014611 -0.494822145
v -0.147720352 0.651733398 0.156127900
vt 0.826904297 0.499023438
vn 0.290753245 0.911550999 -0.290753394
v -0.140563980 0.661972046 0.176269501
vt 0.833740234 0.480224609
vn 0.512414873 0.591248095 -0.622781396
v -0.165573135 0.669265747 0.154876679
vt 0.806152344 0.492919922
vn 0.781346262 0.528789997 -0.331480384
vt 0.872802734 0.423095703
v -0.183853164 0.707092285 0.169509858
vt 0.781005859 0.466308594
vn 0.820833743 0.560377002 -0.110496990
vt 0.757324219 0.472412109
v -0.171127334 0.704437256 0.183990449
vt 0.796386719 0.460937500
vn 0.536749125 0.749870241 -0.386775255
v -0.146499649 0.695800781 0.199203447
vt 0.818359375 0.450195312
vn 0.514030635 0.703826785 -0.490306377
v -0.142898574 0.694046021 0.216796830
vt 0.821044922 0.436035156
vn 0.204547003 0.472031415 0.857523620
v -0.195922866 0.712738037 0.170745820
vt 0.774169922 0.456542969
vn 0.133709088 0.991020679 -0.000000061
v -0.210083023 0.710647583 0.171447724
vt 0.765136719 0.448730469
vn -0.959945679 -0.173105001 0.220315546
vt 0.738037109 0.455078125
vt 0.744628906 0.429443359
v -0.183700576 0.705642700 0.200393647
vt 0.790039062 0.442871094
vn -0.623712182 -0.007895085 0.781614184
v -0.175888076 0.670593262 0.176010102
vt 0.780761719 0.406982422
vn -0.702072620 -0.552192032 0.449642152
v -0.150695816 0.699005127 0.215316728
vt 0.814208984 0.437500000
vn -0.039193038 0.744668782 0.666282475
v -0.159927383 0.680938721 0.202224687
vt 0.804443359 0.421142578
vn -0.541697264 -0.455339849 0.706561923
v -0.193084732 0.662582397 0.159973130
vt 0.765869141 0.404541016
vn -0.708573461 -0.409398049 0.574732006
vt 0.744384766 0.407470703
vt 0.770507812 0.382812500
v -0.166702285 0.657562256 0.154464692
vt 0.779785156 0.388916016
vn -0.329485148 -0.831558108 0.447158635
v -0.163543716 0.668075562 0.187316865
vt 0.795898438 0.406494141
vn -0.535018504 -0.715980828 0.448471576
v -0.138565078 0.669647217 0.211349458
vt 0.826416016 0.417724609
vn -0.347189248 -0.481330723 0.804848135
v -0.153579727 0.652465820 0.165130585
vt 0.794677734 0.384033203
vn -0.385731101 0.739974022 0.551044464
v -0.119483955 0.639129639 0.192596406
vt 0.843750000 0.390380859
vn -0.416999698 -0.188830078 0.889075160
v -0.103378303 0.638961792 0.203994721
vt 0.857910156 0.401611328
vn -0.165410623 -0.582875967 0.795547009
vt 0.872802734 0.395507812
v -0.098838814 0.630310059 0.194274873
vt 0.863525391 0.392822266
vn 0.197377399 0.497390836 0.844774902
vt 0.870605469 0.380126953
v -0.199066177 0.651535034 0.159866318
vt 0.770019531 0.358154297
vn -0.180822358 0.982729971 -0.039309219
vt 0.756591797 0.378662109
vt 0.890136719 0.042968750
vt 0.871826172 0.026855469
vt 0.881835938 0.022705078
vt 0.865234375 0.030517578
vt 0.862792969 0.026123047
vt 0.867675781 0.020996094
vt 0.875000000 0.005615234
vt 0.889404297 0.011718750
vt 0.865478516 0.009765625
vt 0.861328125 0.000000000
vt 0.066162109 0.867431641
vt 0.076171875 0.863769531
vt 0.078613281 0.865478516
v -0.080215484 0.832275391 0.103851266
vt 0.069335938 0.862792969
vn -0.924244404 -0.347579181 0.157990649
vt 0.070556641 0.857177734
v -0.075248748 0.850463867 0.117011972
vt 0.061767578 0.855224609
vn -0.961106718 -0.015755881 0.275727451
v -0.067276031 0.834716797 0.137069657
vt 0.053466797 0.866943359
vn -0.313727856 -0.941183746 0.125491247
vt 0.036132812 0.874267578
v -0.069709800 0.832977295 0.147476152
vt 0.048583984 0.864501953
vn -0.929970264 -0.189146534 0.315244287
v -0.074050933 0.854858398 0.133499101
vt 0.052734375 0.855224609
vn -0.981305599 -0.039252259 0.188410804
v -0.078506500 0.859161377 0.104431100
vt 0.065185547 0.850341797
vn -0.726552248 -0.007897310 0.687065899
v -0.054222129 0.833251953 0.169403017
vt 0.036621094 0.871337891
vn -0.694378555 -0.047343999 0.718050778
v -0.062408470 0.846679688 0.159362748
vt 0.039062500 0.860595703
vn -0.805424869 -0.023688978 0.592224360
vt 0.028076172 0.880859375
vt 0.018554688 0.870605469
vt 0.020996094 0.885009766
v -0.048522972 0.852508545 0.169860780
vt 0.030029297 0.864013672
vn -0.597315133 0.023578243 0.801660001
v -0.059715293 0.863067627 0.164382890
vt 0.031250000 0.855957031
vn -0.870943308 0.384470433 0.306007177
vt 0.034667969 0.851318359
v -0.045291923 0.862792969 0.173858583
vt 0.024902344 0.860839844
vn -0.550788403 0.031473644 0.834051311
v -0.054378536 0.883666992 0.161697328
vt 0.022705078 0.851074219
vn -0.957577288 -0.141281947 -0.251167685
vt 0.013427734 0.869384766
vt 0.015869141 0.860595703
vt 0.633789062 0.952880859
vt 0.622558594 0.953857422
vt 0.634033203 0.944824219
v -0.039547008 0.868408203 0.030546132
vt 0.643310547 0.948486328
vn 0.243221298 -0.156917065 -0.957194030
vt 0.644042969 0.941894531
v -0.048980754 0.869720459 0.032745309
vt 0.651367188 0.939697266
vn -0.686295807 -0.433865190 -0.583745718
vt 0.646972656 0.928222656
v -0.055858653 0.883728027 0.038520757
vt 0.663330078 0.931152344
vn -0.917490661 -0.118641071 0.379651457
v -0.058738757 0.915374756 0.007274573
vt 0.673339844 0.957031250
vn 0.134091139 -0.236631691 -0.962301970
v -0.039997146 0.908630371 0.015516223
vt 0.671875000 0.971191406
vn 0.652008891 -0.078555301 -0.754130960
v -0.048576400 0.927307129 0.016912403
vt 0.692626953 0.966552734
vn 0.748008251 0.661396861 -0.055116527
v -0.061832473 0.903839111 0.012668556
vt 0.670654297 0.950195312
vn -0.922863424 -0.220856249 -0.315508723
v -0.058658648 0.939544678 0.012493077
vt 0.685791016 0.955566406
vn -0.872610271 0.487403899 0.031445507
v -0.057437938 0.914520264 0.039237920
vt 0.697998047 0.942626953
vn -0.102527522 0.457430959 0.883314908
v -0.062980697 0.903381348 0.028293556
vt 0.674560547 0.940429688
vn -0.992402971 -0.078762174 0.094514698
vt 0.552490234 1.000000000
vt 0.558593750 0.990966797
vt 0.558105469 0.999267578
vt 0.561767578 0.994384766
v -0.029827159 0.879028320 0.037113134
vt 0.550048828 0.989257812
vn 0.984099448 0.173201546 0.039363839
vt 0.527099609 0.993408203
vt 0.561767578 0.976562500
vt 0.572998047 0.979736328
v -0.036380813 0.910583496 0.027477207
vt 0.530761719 0.985595703
vn 0.676578343 0.440562665 0.590039194
vt 0.517333984 0.982910156
vt 0.527832031 0.966552734
vt 0.547851562 0.959960938
vt 0.563232422 0.967773438
vt 0.791748047 0.181884766
v -0.059635196 0.852081299 0.086372323
vt 0.791503906 0.190917969
vn 0.465187401 0.843645096 -0.268074214
vt 0.788574219 0.175292969
vt 0.778076172 0.182617188
v -0.069320716 0.859375000 0.079215951
vt 0.806152344 0.191650391
vn -0.528214335 0.315351933 0.788379908
vt 0.803710938 0.197753906
v -0.072517432 0.863098145 0.091056772
vt 0.798095703 0.203369141
vn -0.589237630 -0.188556060 -0.785649955
v -0.060657538 0.881103516 0.079299875
vt 0.815917969 0.176513672
vn 0.480538607 0.212697417 0.850789428
v -0.061752353 0.864501953 0.090843149
vt 0.790771484 0.199707031
vn 0.816899359 0.282772869 -0.502707481
v -0.077667274 0.889709473 0.071983285
vt 0.826904297 0.179199219
vn -0.832377970 -0.196315572 0.518273234
vt 0.801269531 0.169189453
v -0.081131019 0.907073975 0.071220346
vt 0.838134766 0.171142578
vn -0.464164108 0.188812599 0.865391016
v -0.091285743 0.912475586 0.086334184
vt 0.780761719 0.236816406
vn -0.205112770 0.031555742 -0.978229523
v -0.078041114 0.907257080 0.087013192
vt 0.775878906 0.229492188
vn 0.849131107 0.377391607 -0.369529426
v -0.106399573 0.919921875 0.099899247
vt 0.786865234 0.250000000
vn -0.896416008 -0.188719198 -0.401028037
v -0.084884681 0.928741455 0.103828371
vt 0.770263672 0.247314453
vn 0.758165121 0.639701903 0.126360714
v -0.097892798 0.946594238 0.097854562
vt 0.773681641 0.267089844
vn -0.322814733 0.905455649 -0.275573462
v -0.070602454 0.920410156 0.070671029
vt 0.842285156 0.161865234
vn 0.369620800 0.519041896 0.770698488
v -0.089363143 0.941009521 0.050773568
vt 0.863525391 0.152099609
vn -0.676389992 0.637064993 0.369655073
v -0.075019881 0.935180664 0.050163217
vt 0.855712891 0.146972656
vn 0.598110020 0.574500561 -0.558760822
v -0.058147471 0.908782959 0.057773534
vt 0.830810547 0.157226562
vn 0.954741061 0.276164770 -0.110466048
v -0.070991561 0.912841797 0.047786657
vt 0.838378906 0.147949219
vn 0.260448664 -0.142062992 -0.954978943
v -0.065254249 0.884338379 0.057334844
vt 0.814941406 0.154296875
vn 0.205253094 -0.213147610 -0.955216944
v -0.090286285 0.853759766 0.103576615
vt 0.301513672 0.956054688
vn -0.999473393 -0.007869912 0.031479608
v -0.079444915 0.858917236 0.101295419
vt 0.297851562 0.956787109
vn -0.876792729 0.118485436 -0.466042817
vt 0.302001953 0.944580078
vt 0.305908203 0.952636719
vt 0.307861328 0.958984375
vt 0.298339844 0.949707031
vt 0.298828125 0.961181641
v -0.095420867 0.892242432 0.103210405
vt 0.282958984 0.956787109
vn -0.919522762 -0.392958492 -0.007859032
vt 0.271484375 0.953857422
v -0.097641021 0.917449951 0.110191301
vt 0.270507812 0.960937500
vn -0.587751865 -0.054856844 0.807179451
vt 0.249023438 0.961425781
v -0.071189910 0.861572266 0.110717721
vt 0.296386719 0.965576172
vn -0.431243122 0.031363167 0.901690483
vt 0.259277344 0.965820312
v -0.090965301 0.912261963 0.116302446
vt 0.271728516 0.964843750
vn -0.125583783 0.078489974 0.988973260
v -0.074859649 0.902801514 0.114257760
vt 0.274414062 0.972412109
vn 0.860484719 0.331562936 0.386823267
vt 0.266845703 0.984130859
vt 0.297363281 0.972656250
vt 0.294189453 0.982910156
vt 0.299804688 0.986572266
vt 0.301025391 0.976806641
vt 0.049072266 0.166748047
vt 0.058105469 0.155517578
vt 0.061279297 0.170654297
v -0.077674903 0.881927490 0.059127759
vt 0.049804688 0.153320312
vn -0.639203787 -0.481375724 -0.599746644
vt 0.063476562 0.136230469
vt 0.039062500 0.151123047
vt 0.038085938 0.170410156
vt 0.051757812 0.171630859
vt 0.035156250 0.175048828
v -0.091995277 0.915039062 0.058708139
vt 0.045166016 0.132568359
vn -0.965010166 -0.164757863 0.203986034
vt 0.035400391 0.139160156
vt 0.048828125 0.114990234
v -0.087150618 0.910736084 0.047157235
vt 0.053466797 0.132812500
vn -0.393250108 -0.165165052 -0.904474914
vt 0.063964844 0.121337891
vt 0.568115234 0.026855469
v -0.042232540 0.863189697 0.150451601
vt 0.564453125 0.037109375
vn -0.015800666 0.450315088 -0.892729998
vt 0.559326172 0.029541016
vt 0.572998047 0.036621094
vt 0.575927734 0.045654297
v -0.049228694 0.899108887 0.154327333
vt 0.572265625 0.051269531
vn 0.227466598 0.180404618 -0.956929088
v -0.060901668 0.924316406 0.164031938
vt 0.577148438 0.065185547
vn -0.852271736 0.102588192 -0.512941182
v -0.051376369 0.927520752 0.161041200
vt 0.572753906 0.067871094
vn 0.212479770 0.495786428 -0.842050016
v -0.057846095 0.949859619 0.182022050
vt 0.586181641 0.079833984
vn -0.149085000 0.980822146 0.125545204
v -0.065971397 0.920166016 0.183212236
vt 0.586181641 0.062988281
vn -0.962182164 -0.102527641 0.252375782
v -0.052528404 0.925598145 0.188033998
vt 0.592529297 0.065429688
vn 0.204902485 -0.055165969 0.977226615
v -0.054397605 0.890838623 0.178436220
vt 0.587646484 0.048339844
vn -0.655149639 -0.347308338 0.670936584
vt 0.591552734 0.036132812
v -0.044845603 0.884521484 0.179077089
vt 0.593261719 0.043945312
vn 0.196820021 -0.196819827 0.960481048
vt 0.005371094 0.085937500
vt 0.005126953 0.091308594
vt 0.000488281 0.089843750
vt 0.000244141 0.096191406
vt 0.012451172 0.084228516
vt 0.001708984 0.068603516
v -0.040458705 0.927093506 0.170913637
vt 0.011474609 0.056884766
vn 0.785552979 0.337787777 -0.518465102
vt 0.002929688 0.055175781
vt 0.017089844 0.045166016
vt 0.017578125 0.081298828
v -0.037982967 0.922637939 0.179244936
vt 0.016601562 0.058593750
vn 0.790445983 0.205515996 0.577025414
vt 0.024902344 0.054443359
vt 0.026367188 0.076416016
vt 0.027343750 0.083496094
v -0.072105438 0.862487793 0.131149247
vt 0.757812500 0.029296875
vn -0.966438949 -0.102143995 -0.235716686
vt 0.759765625 0.058593750
vt 0.749023438 0.030273438
vt 0.744384766 0.028076172
vt 0.748046875 0.024658203
vt 0.744628906 0.021484375
vt 0.755859375 0.023681641
v -0.076446556 0.860748291 0.152587846
vt 0.765625000 0.022705078
vn -0.820629358 0.331408024 0.465549499
vt 0.773437500 0.012451172
vt 0.768798828 0.026123047
vt 0.776611328 0.040527344
v -0.095741302 0.917694092 0.142700151
vt 0.772705078 0.054199219
vn -0.993111670 -0.110345781 -0.039409056
vt 0.781250000 0.067382812
vt 0.782958984 0.051513672
f 1/1/1 2/2/2 3/3/3
f 3/3/3 2/2/2 4/4/4
f 4/4/4 2/2/2 5/5/5
f 4/4/4 5/5/5 6/6/6
f 3/3/3 4/4/4 7/7/7
f 3/3/3 7/7/7 8/8/8
f 4/4/4 6/6/6 9/9/9
f 4/4/4 9/9/9 7/7/7
f 8/8/8 7/7/7 10/10/10
f 9/9/9 6/6/6 11/11/11
f 11/11/11 6/6/6 12/12/12
f 7/7/7 9/9/9 13/13/13
f 13/13/13 9/9/9 11/11/11
f 10/10/10 7/7/7 14/14/14
f 14/14/14 7/7/7 13/13/13
f 10/10/10 14/14/14 15/15/15
f 11/11/11 12/12/12 16/16/16
f 16/16/16 12/12/12 17/17/17
f 15/15/15 14/14/14 18/18/18
f 18/18/18 14/14/14 13/13/13
f 15/15/15 18/18/18 19/19/19
f 18/18/18 13/13/13 20/20/20
f 18/18/18 20/20/20 19/19/19
f 15/15/15 19/19/19 21/21/21
f 15/15/15 21/21/21 22/22/22
f 22/22/22 21/21/21 23/23/23
f 21/21/21 19/19/19 24/24/24
f 21/21/21 24/24/24 23/23/23
f 24/24/24 19/19/19 25/25/25
f 25/25/25 19/19/19 20/20/20
f 22/22/22 23/23/23 26/26/26
f 24/24/24 25/25/25 27/27/27
f 24/24/24 27/27/27 28/28/28
f 24/24/24 28/28/28 23/23/23
f 27/27/27 25/25/25 29/29/29
f 27/27/27 29/29/29 28/28/28
f 25/25/25 20/20/20 30/30/30
f 28/28/28 29/29/29 31/31/31
f 28/28/28 31/31/31 23/23/23
f 29/29/29 25/25/25 32/32/32
f 32/32/32 25/25/25 30/30/30
f 29/29/29 32/32/32 33/33/33
f 29/29/29 33/33/33 31/31/31
f 32/32/32 30/30/30 34/34/34
f 32/32/32 34/34/34 35/35/35
f 35/35/35 34/34/34 30/30/30
f 32/32/32 35/35/35 33/33/33
f 35/35/35 30/30/30 36/36/36
f 33/33/33 35/35/35 37/37/37
f 37/37/37 35/35/35 36/36/36
f 33/33/33 37/37/37 38/38/38
f 38/38/38 37/37/37 39/39/39
f 37/37/37 36/36/36 40/40/40
f 33/33/33 38/38/38 41/41/41
f 33/33/33 41/41/41 31/31/31
f 41/41/41 38/38/38 42/42/42
f 41/41/41 42/42/42 43/43/43
f 43/43/43 42/42/42 44/44/44
f 41/41/41 43/43/43 45/45/45
f 41/41/41 45/45/45 31/31/31
f 31/31/31 45/45/45 46/46/46
f 46/46/46 45/45/45 47/47/47
f 46/46/46 47/47/47 48/48/48
f 46/46/46 48/48/48 49/49/49
f 46/46/46 49/49/49 50/50/50
f 46/46/46 50/50/50 31/31/31
f 31/31/31 50/50/50 23/23/23
f 23/23/23 50/50/50 51/51/51
f 51/51/51 50/50/50 52/52/52
f 23/23/23 51/51/51 26/26/26
f 51/51/51 52/52/52 53/53/53
f 51/51/51 53/53/53 26/26/26
f 53/53/53 52/52/52 54/54/54
f 26/26/26 53/53/53 55/55/55
f 55/55/55 53/53/53 54/54/54
f 26/26/26 55/55/55 56/56/56
f 54/54/54 52/52/52 57/57/57
f 56/56/56 55/55/55 58/58/58
f 54/54/54 57/57/57 59/59/59
f 59/59/59 57/57/57 58/58/58
f 54/54/54 59/59/59 60/60/60
f 60/60/60 59/59/59 58/58/58
f 54/54/54 60/60/60 55/55/55
f 55/55/55 60/60/60 58/58/58
f 2/61/2 1/62/1 61/63/61
f 61/63/61 1/62/1 62/64/62
f 2/61/2 61/63/61 63/65/63
f 2/61/2 63/65/63 5/66/5
f 63/65/63 61/63/61 64/67/64
f 5/66/5 63/65/63 65/68/65
f 65/68/65 63/65/63 64/67/64
f 61/63/61 62/64/62 66/69/66
f 61/63/61 66/69/66 64/67/64
f 66/69/66 62/64/62 67/70/67
f 67/70/67 62/64/62 68/71/68
f 64/67/64 66/69/66 69/72/69
f 69/72/69 66/69/66 67/70/67
f 5/66/5 65/68/65 70/73/70
f 5/66/5 70/73/70 6/74/6
f 6/74/6 70/73/70 12/75/12
f 67/70/67 68/71/68 71/76/71
f 67/70/67 71/76/71 69/72/69
f 70/73/70 65/68/65 72/77/72
f 72/77/72 65/68/65 64/67/64
f 12/75/12 70/73/70 73/78/73
f 73/78/73 70/73/70 72/77/72
f 12/75/12 73/78/73 74/79/74
f 12/75/12 74/79/74 17/80/17
f 17/80/17 74/79/74 75/81/75
f 74/79/74 73/78/73 76/82/76
f 76/82/76 73/78/73 77/83/77
f 77/83/77 73/78/73 72/77/72
f 76/82/76 77/83/77 78/84/78
f 78/84/78 77/83/77 79/85/79
f 77/83/77 72/77/72 80/86/80
f 77/83/77 80/86/80 79/85/79
f 79/85/79 80/86/80 81/87/81
f 79/85/79 81/87/81 82/88/82
f 80/86/80 72/77/72 83/89/83
f 80/86/80 83/89/83 81/87/81
f 83/89/83 72/77/72 84/90/84
f 84/90/84 72/77/72 64/67/64
f 84/90/84 64/67/64 69/72/69
f 84/90/84 69/72/69 85/91/85
f 84/90/84 85/91/85 83/89/83
f 85/91/85 69/72/69 86/92/86
f 81/87/81 83/89/83 87/93/87
f 81/87/81 87/93/87 88/94/88
f 88/94/88 87/93/87 89/95/89
f 87/93/87 83/89/83 90/96/90
f 87/93/87 90/96/90 91/97/91
f 83/89/83 85/91/85 92/98/92
f 83/89/83 92/98/92 90/96/90
f 91/97/91 90/96/90 93/99/93
f 92/98/92 85/91/85 94/100/94
f 94/100/94 85/91/85 86/92/86
f 90/96/90 92/98/92 95/101/95
f 95/101/95 92/98/92 94/100/94
f 90/96/90 95/101/95 93/99/93
f 94/100/94 86/92/86 96/102/96
f 94/100/94 96/102/96 95/101/95
f 71/76/71 86/92/86 69/72/69
f 95/101/95 96/102/96 97/103/97
f 95/101/95 97/103/97 93/99/93
f 93/99/93 97/103/97 98/104/98
f 93/99/93 98/104/98 99/105/99
f 98/104/98 97/103/97 100/106/100
f 100/106/100 97/103/97 101/107/101
f 101/107/101 97/103/97 96/102/96
f 100/106/100 101/107/101 102/108/102
f 103/109/103 96/102/96 86/92/86
f 96/102/96 103/109/103 101/107/101
f 103/109/103 86/92/86 71/76/71
f 102/108/102 101/107/101 104/110/104
f 104/110/104 101/107/101 103/109/103
f 102/108/102 104/110/104 105/111/105
f 104/110/104 103/109/103 106/112/106
f 104/110/104 106/112/106 105/111/105
f 106/112/106 103/109/103 71/76/71
f 105/111/105 106/112/106 107/113/107
f 107/113/107 106/112/106 71/76/71
f 105/111/105 107/113/107 108/114/108
f 107/113/107 71/76/71 68/71/68
f 107/113/107 68/71/68 109/115/109
f 108/114/108 107/113/107 110/116/110
f 110/116/110 107/113/107 109/115/109
f 110/116/110 109/115/109 111/117/111
f 111/117/111 109/115/109 112/118/112
f 111/117/111 112/118/112 113/119/113
f 113/119/113 112/118/112 114/120/114
f 113/119/113 114/120/114 48/121/48
f 48/121/48 114/120/114 49/122/49
f 113/119/113 48/121/48 47/123/47
f 111/117/111 113/119/113 115/124/115
f 115/124/115 113/119/113 47/123/47
f 111/117/111 115/124/115 110/116/110
f 110/116/110 115/124/115 116/125/116
f 110/116/110 116/125/116 117/126/117
f 115/124/115 47/123/47 118/127/118
f 115/124/115 118/127/118 116/125/116
f 116/125/116 118/127/118 117/126/117
f 118/127/118 47/123/47 45/128/45
f 117/126/117 118/127/118 44/129/44
f 118/127/118 45/128/45 43/130/43
f 118/127/118 43/130/43 44/129/44
f 119/131/119 1/132/1 3/133/3
f 1/132/1 119/131/119 62/134/62
f 119/131/119 3/133/3 120/135/120
f 120/135/120 3/133/3 8/136/8
f 62/134/62 119/131/119 121/137/121
f 121/137/121 119/131/119 120/135/120
f 62/134/62 121/137/121 68/138/68
f 120/135/120 8/136/8 122/139/122
f 120/135/120 122/139/122 121/137/121
f 68/138/68 121/137/121 123/140/123
f 122/139/122 8/136/8 124/141/124
f 121/137/121 122/139/122 125/142/125
f 121/137/121 125/142/125 123/140/123
f 125/142/125 122/139/122 124/141/124
f 68/138/68 123/140/123 112/143/112
f 112/143/112 123/140/123 125/142/125
f 68/138/68 112/143/112 109/144/109
f 112/143/112 125/142/125 126/145/126
f 126/145/126 125/142/125 124/141/124
f 112/143/112 126/145/126 114/146/114
f 10/147/10 124/141/124 8/136/8
f 124/141/124 10/147/10 22/148/22
f 22/148/22 10/147/10 15/149/15
f 124/141/124 22/148/22 26/150/26
f 124/141/124 26/150/26 56/151/56
f 124/141/124 56/151/56 126/145/126
f 114/146/114 126/145/126 127/152/127
f 126/145/126 56/151/56 128/153/128
f 126/145/126 128/153/128 127/152/127
f 128/153/128 56/151/56 58/154/58
f 128/153/128 58/154/58 57/155/57
f 128/153/128 57/155/57 127/152/127
f 114/146/114 127/152/127 49/156/49
f 127/152/127 57/155/57 52/157/52
f 127/152/127 52/157/52 49/156/49
f 49/156/49 52/157/52 50/158/50
f 129/159/129 11/11/11 130/160/130
f 11/11/11 129/159/129 13/13/13
f 130/160/130 11/11/11 16/16/16
f 130/160/130 16/16/16 131/161/131
f 130/160/130 131/161/131 132/162/132
f 132/162/132 131/161/131 16/16/16
f 130/160/130 132/162/132 129/159/129
f 13/13/13 129/159/129 133/163/133
f 133/163/133 129/159/129 132/162/132
f 13/13/13 133/163/133 20/20/20
f 132/162/132 16/16/16 134/164/134
f 134/164/134 16/16/16 17/17/17
f 133/163/133 132/162/132 135/165/135
f 135/165/135 132/162/132 134/164/134
f 20/20/20 133/163/133 136/166/136
f 136/166/136 133/163/133 135/165/135
f 20/20/20 136/166/136 30/30/30
f 30/30/30 136/166/136 36/36/36
f 134/164/134 17/17/17 137/167/137
f 36/36/36 136/166/136 138/168/138
f 138/168/138 136/166/136 135/165/135
f 36/36/36 138/168/138 40/40/40
f 139/169/139 135/165/135 134/164/134
f 135/165/135 139/169/139 138/168/138
f 138/168/138 139/169/139 40/40/40
f 139/169/139 134/164/134 137/167/137
f 40/40/40 139/169/139 140/170/140
f 140/170/140 139/169/139 137/167/137
f 140/170/140 137/167/137 141/171/141
f 141/171/141 137/167/137 142/172/142
f 75/173/75 137/167/137 17/17/17
f 137/167/137 75/173/75 142/172/142
f 142/172/142 75/173/75 143/174/143
f 143/174/143 75/173/75 74/175/74
f 143/174/143 74/175/74 76/176/76
f 143/174/143 76/176/76 144/177/144
f 145/178/145 37/179/37 40/180/40
f 145/178/145 40/180/40 140/181/140
f 37/179/37 145/178/145 146/182/146
f 145/178/145 140/181/140 147/183/147
f 147/183/147 140/181/140 141/184/141
f 37/179/37 146/182/146 39/185/39
f 145/178/145 147/183/147 148/186/148
f 145/178/145 148/186/148 146/182/146
f 147/183/147 141/184/141 149/187/149
f 149/187/149 141/184/141 142/188/142
f 148/186/148 147/183/147 150/189/150
f 146/182/146 148/186/148 151/190/151
f 151/190/151 148/186/148 150/189/150
f 147/183/147 149/187/149 152/191/152
f 147/183/147 152/191/152 150/189/150
f 149/187/149 142/188/142 153/192/153
f 149/187/149 153/192/153 152/191/152
f 153/192/153 142/188/142 154/193/154
f 154/193/154 142/188/142 143/194/143
f 154/193/154 143/194/143 144/195/144
f 154/193/154 144/195/144 153/192/153
f 152/191/152 153/192/153 155/196/155
f 155/196/155 153/192/153 144/195/144
f 156/197/156 150/189/150 152/191/152
f 76/198/76 78/199/78 144/195/144
f 144/195/144 78/199/78 157/200/157
f 144/195/144 157/200/157 155/196/155
f 157/200/157 78/199/78 158/201/158
f 157/200/157 158/201/158 159/202/155
f 157/200/157 159/202/155 155/196/155
f 155/196/155 159/202/155 160/203/159
f 161/204/160 152/191/152 155/196/155
f 161/204/160 155/196/155 160/203/159
f 152/191/152 161/204/160 156/197/156
f 161/204/160 160/203/159 162/205/161
f 161/204/160 162/205/161 163/206/162
f 161/204/160 163/206/162 156/197/156
f 163/206/162 162/205/161 164/207/163
f 163/206/162 164/207/163 165/208/164
f 163/206/162 165/208/164 166/209/165
f 166/209/165 165/208/164 167/210/166
f 156/197/156 163/206/162 168/211/167
f 168/211/167 163/206/162 166/209/165
f 156/197/156 168/211/167 169/212/168
f 156/197/156 169/212/168 150/189/150
f 168/211/167 166/209/165 170/213/169
f 168/211/167 170/213/169 169/212/168
f 166/209/165 167/210/166 171/214/170
f 166/209/165 171/214/170 170/213/169
f 171/214/170 167/210/166 172/215/171
f 171/214/170 172/215/171 173/216/172
f 170/213/169 171/214/170 174/217/173
f 170/213/169 174/217/173 175/218/174
f 169/212/168 170/213/169 176/219/175
f 176/219/175 170/213/169 175/218/174
f 169/212/168 176/219/175 150/189/150
f 150/189/150 176/219/175 151/190/151
f 151/190/151 176/219/175 175/218/174
f 151/190/151 175/218/174 177/220/176
f 151/190/151 177/220/176 178/221/177
f 151/190/151 178/221/177 146/182/146
f 178/221/177 177/220/176 179/222/178
f 146/182/146 178/221/177 180/223/179
f 146/182/146 180/223/179 39/185/39
f 178/221/177 179/222/178 181/224/180
f 178/221/177 181/224/180 180/223/179
f 181/224/180 179/222/178 182/225/181
f 181/224/180 182/225/181 183/226/182
f 180/223/179 181/224/180 184/227/183
f 184/227/183 181/224/180 183/226/182
f 180/223/179 184/227/183 39/185/39
f 39/185/39 184/227/183 42/228/42
f 39/185/39 42/228/42 38/229/38
f 184/227/183 183/226/182 185/230/184
f 185/230/184 183/226/182 186/231/185
f 42/228/42 184/227/183 187/232/186
f 187/232/186 184/227/183 185/230/184
f 42/228/42 187/232/186 188/233/187
f 42/228/42 188/233/187 44/234/44
f 44/234/44 188/233/187 117/235/117
f 188/233/187 187/232/186 189/236/188
f 188/233/187 189/236/188 117/235/117
f 187/232/186 185/230/184 190/237/189
f 187/232/186 190/237/189 189/236/188
f 191/238/190 185/230/184 186/231/185
f 185/230/184 191/238/190 190/237/189
f 191/238/190 186/231/185 192/239/191
f 189/236/188 190/237/189 193/240/192
f 193/240/192 190/237/189 191/238/190
f 189/236/188 193/240/192 117/235/117
f 191/238/190 192/239/191 194/241/193
f 191/238/190 194/241/193 193/240/192
f 194/241/193 192/239/191 195/242/194
f 194/241/193 195/242/194 196/243/195
f 193/240/192 194/241/193 197/244/196
f 197/244/196 194/241/193 196/243/195
f 117/235/117 193/240/192 198/245/197
f 117/235/117 198/245/197 110/246/110
f 110/246/110 198/245/197 108/247/108
f 198/245/197 193/240/192 199/248/198
f 199/248/198 193/240/192 197/244/196
f 108/247/108 198/245/197 200/249/199
f 200/249/199 198/245/197 199/248/198
f 108/247/108 200/249/199 201/250/200
f 108/247/108 201/250/200 105/251/105
f 200/249/199 199/248/198 202/252/201
f 202/252/201 199/248/198 197/244/196
f 201/250/200 200/249/199 203/253/202
f 203/253/202 200/249/199 202/252/201
f 105/251/105 201/250/200 204/254/203
f 204/254/203 201/250/200 203/253/202
f 105/251/105 204/254/203 102/255/102
f 204/254/203 203/253/202 205/256/204
f 102/255/102 204/254/203 206/257/205
f 206/257/205 204/254/203 205/256/204
f 203/253/202 202/252/201 207/258/206
f 203/253/202 207/258/206 208/259/207
f 203/253/202 208/259/207 205/256/204
f 207/258/206 202/252/201 209/260/208
f 208/259/207 207/258/206 210/261/209
f 210/261/209 207/258/206 209/260/208
f 205/256/204 208/259/207 211/262/210
f 211/262/210 208/259/207 210/261/209
f 209/260/208 202/252/201 212/263/211
f 212/263/211 202/252/201 197/244/196
f 210/261/209 209/260/208 213/264/212
f 213/264/212 209/260/208 212/263/211
f 212/263/211 197/244/196 214/265/213
f 212/263/211 214/265/213 213/264/212
f 214/265/213 197/244/196 196/243/195
f 214/265/213 196/243/195 215/266/214
f 215/266/214 196/243/195 216/267/215
f 214/265/213 215/266/214 217/268/216
f 214/265/213 217/268/216 213/264/212
f 217/268/216 215/266/214 218/269/217
f 217/268/216 218/269/217 219/270/218
f 217/268/216 219/270/218 220/271/219
f 217/268/216 220/271/219 213/264/212
f 220/271/219 219/270/218 221/272/220
f 213/264/212 220/271/219 222/273/221
f 213/264/212 222/273/221 223/274/222
f 223/274/222 222/273/221 220/271/219
f 223/274/222 220/271/219 221/272/220
f 213/264/212 223/274/222 210/261/209
f 223/274/222 221/272/220 224/275/223
f 224/275/223 221/272/220 225/276/224
f 210/261/209 223/274/222 226/277/225
f 226/277/225 223/274/222 224/275/223
f 224/275/223 225/276/224 227/278/226
f 224/275/223 227/278/226 228/279/227
f 210/261/209 226/277/225 211/262/210
f 224/275/223 228/279/227 229/280/228
f 224/275/223 229/280/228 226/277/225
f 229/280/228 228/279/227 230/281/229
f 229/280/228 230/281/229 231/282/230
f 226/277/225 229/280/228 232/283/231
f 226/277/225 232/283/231 211/262/210
f 232/283/231 229/280/228 231/282/230
f 232/283/231 231/282/230 233/284/232
f 211/262/210 232/283/231 234/285/233
f 234/285/233 232/283/231 233/284/232
f 233/284/232 231/282/230 235/286/234
f 233/284/232 235/286/234 234/285/233
f 235/286/234 231/282/230 236/287/235
f 234/285/233 235/286/234 237/288/236
f 237/288/236 235/286/234 238/289/237
f 237/288/236 238/289/237 239/290/238
f 237/288/236 239/290/238 240/291/239
f 241/292/240 211/262/210 234/285/233
f 211/262/210 241/292/240 205/256/204
f 234/285/233 237/288/236 242/293/241
f 234/285/233 242/293/241 241/292/240
f 205/256/204 241/292/240 243/294/242
f 243/294/242 241/292/240 242/293/241
f 205/256/204 243/294/242 206/257/205
f 242/293/241 237/288/236 244/295/243
f 242/293/241 244/295/243 243/294/242
f 244/295/243 237/288/236 240/291/239
f 243/294/242 244/295/243 206/257/205
f 244/295/243 240/291/239 245/296/244
f 244/295/243 245/296/244 206/257/205
f 245/296/244 240/291/239 246/297/245
f 246/297/245 240/291/239 247/298/246
f 245/296/244 246/297/245 248/299/247
f 206/257/205 245/296/244 249/300/248
f 249/300/248 245/296/244 248/299/247
f 206/257/205 249/300/248 102/255/102
f 102/255/102 249/300/248 100/301/100
f 100/301/100 249/300/248 248/299/247
f 100/301/100 248/299/247 250/302/249
f 250/302/249 248/299/247 251/303/250
f 100/301/100 250/302/249 98/304/98
f 98/304/98 250/302/249 252/305/251
f 89/306/89 87/307/87 91/308/91
f 89/306/89 91/308/91 253/309/252
f 89/306/89 253/309/252 88/310/88
f 253/309/252 91/308/91 254/311/253
f 254/311/253 91/308/91 255/312/254
f 255/312/254 91/308/91 93/313/93
f 255/312/254 93/313/93 99/314/99
f 81/315/81 88/310/88 82/316/82
f 252/317/251 256/318/255 99/314/99
f 255/312/254 99/314/99 257/319/256
f 257/319/256 99/314/99 256/318/255
f 255/312/254 257/319/256 258/320/257
f 255/312/254 258/320/257 254/311/253
f 257/319/256 256/318/255 259/321/258
f 257/319/256 259/321/258 258/320/257
f 259/321/258 256/318/255 260/322/259
f 259/321/258 260/322/259 261/323/260
f 261/323/260 260/322/259 262/324/261
f 259/321/258 261/323/260 263/325/262
f 259/321/258 263/325/262 258/320/257
f 264/326/263 254/311/253 258/320/257
f 254/311/253 264/326/263 253/309/252
f 253/309/252 264/326/263 265/327/264
f 253/309/252 265/327/264 88/310/88
f 264/326/263 258/320/257 266/328/265
f 88/310/88 265/327/264 267/329/266
f 88/310/88 267/329/266 82/316/82
f 265/327/264 264/326/263 268/330/267
f 268/330/267 264/326/263 266/328/265
f 267/329/266 265/327/264 269/331/268
f 269/331/268 265/327/264 268/330/267
f 82/316/82 267/329/266 270/332/269
f 82/316/82 270/332/269 271/333/270
f 271/333/270 270/332/269 272/334/271
f 270/332/269 267/329/266 273/335/272
f 273/335/272 267/329/266 269/331/268
f 272/334/271 270/332/269 274/336/273
f 274/336/273 270/332/269 273/335/272
f 272/334/271 274/336/273 275/337/274
f 274/336/273 273/335/272 276/338/275
f 276/338/275 273/335/272 269/331/268
f 274/336/273 276/338/275 277/339/276
f 277/339/276 276/338/275 269/331/268
f 274/336/273 277/339/276 278/340/277
f 278/340/277 277/339/276 279/341/278
f 278/340/277 279/341/278 280/342/279
f 280/342/279 279/341/278 281/343/280
f 281/343/280 279/341/278 282/344/281
f 277/339/276 269/331/268 283/345/282
f 277/339/276 283/345/282 279/341/278
f 283/345/282 269/331/268 284/346/283
f 284/346/283 269/331/268 268/330/267
f 284/346/283 268/330/267 266/328/265
f 283/345/282 284/346/283 285/347/284
f 284/346/283 266/328/265 286/348/285
f 284/346/283 286/348/285 285/347/284
f 286/348/285 266/328/265 287/349/286
f 287/349/286 266/328/265 258/320/257
f 285/347/284 286/348/285 288/350/287
f 288/350/287 286/348/285 287/349/286
f 287/349/286 258/320/257 263/325/262
f 287/349/286 263/325/262 288/350/287
f 289/351/288 283/345/282 285/347/284
f 283/345/282 289/351/288 279/341/278
f 289/351/288 285/347/284 290/352/289
f 290/352/289 285/347/284 288/350/287
f 279/341/278 289/351/288 291/353/290
f 291/353/290 289/351/288 290/352/289
f 279/341/278 291/353/290 282/344/281
f 292/354/291 288/350/287 263/325/262
f 291/353/290 290/352/289 293/355/292
f 282/344/281 291/353/290 294/356/293
f 282/344/281 294/356/293 295/357/294
f 295/357/294 294/356/293 296/358/295
f 295/357/294 296/358/295 297/359/296
f 297/359/296 296/358/295 298/360/297
f 296/358/295 294/356/293 299/361/298
f 299/361/298 294/356/293 291/353/290
f 298/360/297 296/358/295 300/362/299
f 298/360/297 300/362/299 301/363/300
f 296/358/295 299/361/298 302/364/301
f 296/358/295 302/364/301 300/362/299
f 299/361/298 291/353/290 303/365/302
f 303/365/302 291/353/290 293/355/292
f 302/364/301 299/361/298 304/366/303
f 304/366/303 299/361/298 303/365/302
f 301/363/300 300/362/299 305/367/304
f 301/363/300 305/367/304 306/368/305
f 306/368/305 305/367/304 307/369/306
f 305/367/304 300/362/299 308/370/307
f 308/370/307 300/362/299 302/364/301
f 307/369/306 305/367/304 309/371/308
f 309/371/308 305/367/304 308/370/307
f 307/369/306 309/371/308 310/372/309
f 308/370/307 302/364/301 311/373/310
f 311/373/310 302/364/301 304/366/303
f 309/371/308 308/370/307 312/374/311
f 312/374/311 308/370/307 311/373/310
f 310/372/309 309/371/308 313/375/312
f 309/371/308 312/374/311 314/376/313
f 309/371/308 314/376/313 313/375/312
f 312/374/311 311/373/310 315/377/314
f 315/377/314 311/373/310 304/366/303
f 312/374/311 315/377/314 316/378/315
f 312/374/311 316/378/315 314/376/313
f 315/377/314 304/366/303 317/379/316
f 317/379/316 304/366/303 303/365/302
f 315/377/314 317/379/316 318/380/317
f 315/377/314 318/380/317 316/378/315
f 317/379/316 303/365/302 319/381/318
f 319/381/318 303/365/302 293/355/292
f 319/381/318 293/355/292 290/352/289
f 316/378/315 318/380/317 320/382/319
f 317/379/316 319/381/318 321/383/320
f 317/379/316 321/383/320 318/380/317
f 320/382/319 318/380/317 322/384/321
f 322/384/321 318/380/317 321/383/320
f 322/384/321 321/383/320 323/385/322
f 319/381/318 290/352/289 324/386/323
f 319/381/318 324/386/323 321/383/320
f 321/383/320 324/386/323 323/385/322
f 324/386/323 290/352/289 288/350/287
f 324/386/323 288/350/287 325/387/324
f 324/386/323 325/387/324 323/385/322
f 325/387/324 288/350/287 292/354/291
f 323/385/322 325/387/324 326/388/325
f 326/388/325 325/387/324 292/354/291
f 323/385/322 326/388/325 327/389/326
f 327/389/326 326/388/325 328/390/327
f 328/390/327 326/388/325 329/391/328
f 329/391/328 326/388/325 292/354/291
f 329/391/328 292/354/291 330/392/329
f 330/392/329 292/354/291 263/325/262
f 329/391/328 330/392/329 331/393/235
f 330/392/329 263/325/262 261/323/260
f 330/392/329 261/323/260 331/393/235
f 271/394/270 78/395/78 79/396/79
f 79/397/79 82/398/82 271/399/270
f 252/400/251 99/401/99 98/402/98
f 251/403/250 252/404/251 250/405/249
f 252/404/251 251/403/250 332/406/330
f 332/406/330 251/403/250 248/407/247
f 332/406/330 248/407/247 246/408/245
f 252/404/251 332/406/330 333/409/331
f 252/404/251 333/409/331 256/410/255
f 256/410/255 333/409/331 260/411/259
f 260/411/259 333/409/331 332/406/330
f 260/411/259 332/406/330 262/412/261
f 262/412/261 332/406/330 334/413/332
f 334/413/332 332/406/330 246/408/245
f 262/412/261 334/413/332 335/414/333
f 334/413/332 246/408/245 336/415/334
f 335/414/333 334/413/332 337/416/335
f 337/416/335 334/413/332 336/415/334
f 336/415/334 246/408/245 247/417/246
f 335/414/333 337/416/335 338/418/336
f 335/414/333 338/418/336 339/419/337
f 339/419/337 338/418/336 340/420/338
f 337/416/335 336/415/334 341/421/339
f 341/421/339 336/415/334 247/417/246
f 239/422/238 247/417/246 240/423/239
f 247/417/246 239/422/238 342/424/340
f 247/417/246 342/424/340 341/421/339
f 342/424/340 239/422/238 238/425/237
f 337/416/335 341/421/339 343/426/341
f 342/424/340 238/425/237 236/427/235
f 236/427/235 238/425/237 235/428/234
f 341/421/339 342/424/340 344/429/342
f 344/429/342 342/424/340 236/427/235
f 341/421/339 344/429/342 343/426/341
f 231/430/230 230/431/229 236/427/235
f 344/429/342 236/427/235 345/432/343
f 345/432/343 236/427/235 230/431/229
f 344/429/342 345/432/343 346/433/344
f 344/429/342 346/433/344 343/426/341
f 345/432/343 230/431/229 347/434/345
f 345/432/343 347/434/345 346/433/344
f 347/434/345 230/431/229 228/435/227
f 346/433/344 347/434/345 348/436/346
f 347/434/345 228/435/227 349/437/347
f 347/434/345 349/437/347 348/436/346
f 349/437/347 228/435/227 227/438/226
f 349/437/347 227/438/226 350/439/348
f 350/439/348 227/438/226 351/440/349
f 349/437/347 350/439/348 352/441/350
f 352/441/350 350/439/348 353/442/351
f 349/437/347 352/441/350 348/436/346
f 348/436/346 352/441/350 354/443/352
f 348/436/346 354/443/352 355/444/353
f 356/445/354 346/433/344 348/436/346
f 356/445/354 348/436/346 355/444/353
f 346/433/344 356/445/354 343/426/341
f 343/426/341 356/445/354 357/446/355
f 343/426/341 357/446/355 337/416/335
f 337/416/335 357/446/355 338/418/336
f 357/446/355 356/445/354 358/447/356
f 358/447/356 356/445/354 355/444/353
f 338/418/336 357/446/355 359/448/357
f 359/448/357 357/446/355 358/447/356
f 338/418/336 359/448/357 360/449/358
f 358/447/356 355/444/353 361/450/359
f 359/448/357 358/447/356 362/451/360
f 362/451/360 358/447/356 361/450/359
f 359/448/357 362/451/360 363/452/361
f 359/448/357 363/452/361 360/449/358
f 361/450/359 355/444/353 364/453/362
f 364/453/362 355/444/353 365/454/363
f 364/453/362 365/454/363 366/455/364
f 361/450/359 364/453/362 367/456/365
f 367/456/365 364/453/362 366/455/364
f 361/450/359 367/456/365 362/451/360
f 367/456/365 366/455/364 368/457/366
f 362/451/360 367/456/365 369/458/367
f 369/458/367 367/456/365 368/457/366
f 362/451/360 369/458/367 363/452/361
f 369/458/367 368/457/366 370/459/368
f 369/458/367 370/459/368 363/452/361
f 370/459/368 368/457/366 371/460/369
f 363/452/361 370/459/368 372/461/370
f 372/461/370 370/459/368 373/462/371
f 363/452/361 372/461/370 374/463/372
f 363/452/361 374/463/372 360/449/358
f 372/461/370 373/462/371 375/464/373
f 372/461/370 375/464/373 374/463/372
f 360/449/358 374/463/372 376/465/374
f 360/449/358 376/465/374 338/418/336
f 338/418/336 376/465/374 340/420/338
f 340/420/338 376/465/374 377/466/375
f 340/420/338 377/466/375 378/467/376
f 377/466/375 376/465/374 379/468/377
f 379/468/377 376/465/374 374/463/372
f 380/469/378 374/463/372 375/464/373
f 374/463/372 380/469/378 379/468/377
f 381/470/379 375/464/373 373/462/371
f 381/470/379 373/462/371 382/471/380
f 381/470/379 382/471/380 383/472/381
f 381/470/379 383/472/381 384/473/382
f 375/464/373 381/470/379 385/474/383
f 385/474/383 381/470/379 384/473/382
f 375/464/373 385/474/383 380/469/378
f 385/474/383 384/473/382 386/475/384
f 385/474/383 386/475/384 387/476/385
f 385/474/383 387/476/385 380/469/378
f 387/476/385 386/475/384 388/477/386
f 380/469/378 387/476/385 389/478/387
f 389/478/387 387/476/385 388/477/386
f 380/469/378 389/478/387 379/468/377
f 389/478/387 388/477/386 390/479/388
f 379/468/377 389/478/387 391/480/389
f 160/481/159 159/482/155 392/483/390
f 160/481/159 392/483/390 162/484/161
f 392/483/390 159/482/155 393/485/391
f 393/485/391 159/482/155 158/486/158
f 162/484/161 392/483/390 394/487/392
f 162/484/161 394/487/392 164/488/163
f 78/489/78 271/490/270 158/486/158
f 158/486/158 271/490/270 393/485/391
f 393/485/391 271/490/270 272/491/271
f 393/485/391 272/491/271 275/492/274
f 393/485/391 275/492/274 395/493/393
f 395/493/393 275/492/274 396/494/394
f 393/485/391 395/493/393 397/495/395
f 397/495/395 395/493/393 396/494/394
f 396/494/394 275/492/274 398/496/396
f 393/485/391 397/495/395 399/497/397
f 399/497/397 397/495/395 396/494/394
f 393/485/391 399/497/397 392/483/390
f 396/494/394 398/496/396 400/498/398
f 399/497/397 396/494/394 401/499/399
f 401/499/399 396/494/394 400/498/398
f 392/483/390 399/497/397 402/500/400
f 402/500/400 399/497/397 401/499/399
f 392/483/390 402/500/400 394/487/392
f 401/499/399 400/498/398 403/501/401
f 401/499/399 403/501/401 402/500/400
f 403/501/401 400/498/398 404/502/402
f 404/502/402 400/498/398 405/503/403
f 404/502/402 405/503/403 406/504/404
f 404/502/402 406/504/404 407/505/405
f 394/487/392 402/500/400 408/506/406
f 394/487/392 408/506/406 164/488/163
f 402/500/400 403/501/401 409/507/407
f 164/488/163 408/506/406 410/508/408
f 164/488/163 410/508/408 165/509/164
f 408/506/406 402/500/400 411/510/409
f 411/510/409 402/500/400 409/507/407
f 408/506/406 411/510/409 412/511/410
f 408/506/406 412/511/410 410/508/408
f 412/511/410 411/510/409 413/512/411
f 412/511/410 413/512/411 410/508/408
f 413/512/411 411/510/409 414/513/412
f 414/513/412 411/510/409 409/507/407
f 413/512/411 414/513/412 415/514/413
f 414/513/412 409/507/407 416/515/414
f 414/513/412 416/515/414 415/514/413
f 416/515/414 409/507/407 417/516/415
f 413/512/411 415/514/413 418/517/412
f 413/512/411 418/517/412 410/508/408
f 418/517/412 415/514/413 419/518/416
f 417/516/415 409/507/407 420/519/417
f 420/519/417 409/507/407 403/501/401
f 420/519/417 403/501/401 404/502/402
f 417/516/415 420/519/417 421/520/418
f 421/520/418 420/519/417 404/502/402
f 410/508/408 418/517/412 422/521/419
f 410/508/408 422/521/419 165/509/164
f 422/521/419 418/517/412 423/522/420
f 423/522/420 418/517/412 424/523/421
f 165/509/164 422/521/419 425/524/422
f 165/509/164 425/524/422 167/525/166
f 167/525/166 425/524/422 172/526/171
f 172/526/171 425/524/422 426/527/423
f 425/524/422 422/521/419 427/528/424
f 427/528/424 422/521/419 423/522/420
f 425/524/422 427/528/424 428/529/425
f 427/528/424 423/522/420 429/530/426
f 427/528/424 429/530/426 428/529/425
f 430/531/427 404/502/402 407/505/405
f 430/531/427 407/505/405 431/532/428
f 404/502/402 430/531/427 421/520/418
f 430/531/427 431/532/428 432/533/429
f 421/520/418 430/531/427 433/534/430
f 433/534/430 430/531/427 432/533/429
f 421/520/418 433/534/430 434/535/431
f 434/535/431 433/534/430 383/536/381
f 383/536/381 433/534/430 384/537/382
f 384/537/382 433/534/430 386/538/384
f 386/538/384 433/534/430 388/539/386
f 388/539/386 433/534/430 432/533/429
f 388/539/386 432/533/429 390/540/388
f 435/541/432 436/542/433 437/543/434
f 437/543/434 436/542/433 438/544/435
f 436/542/433 435/541/432 439/545/436
f 436/542/433 439/545/436 438/544/435
f 435/541/432 437/543/434 440/546/437
f 435/541/432 440/546/437 441/547/438
f 440/546/437 437/543/434 442/548/439
f 435/541/432 441/547/438 443/549/440
f 442/548/439 437/543/434 444/550/441
f 435/541/432 443/549/440 445/551/442
f 435/541/432 445/551/442 439/545/436
f 445/551/442 443/549/440 446/552/443
f 446/552/443 443/549/440 447/553/444
f 439/545/436 445/551/442 448/554/445
f 439/545/436 448/554/445 438/544/435
f 445/551/442 446/552/443 449/555/446
f 445/551/442 449/555/446 448/554/445
f 446/552/443 447/553/444 450/556/447
f 446/552/443 450/556/447 449/555/446
f 448/554/445 449/555/446 451/557/448
f 451/557/448 449/555/446 450/556/447
f 438/544/435 448/554/445 452/558/449
f 452/558/449 448/554/445 451/557/448
f 450/556/447 447/553/444 453/559/450
f 453/559/450 447/553/444 454/560/451
f 451/557/448 450/556/447 455/561/452
f 450/556/447 453/559/450 456/562/453
f 450/556/447 456/562/453 455/561/452
f 456/562/453 453/559/450 457/563/454
f 457/563/454 453/559/450 458/564/455
f 457/563/454 458/564/455 459/565/456
f 457/563/454 459/565/456 460/566/457
f 457/563/454 460/566/457 461/567/458
f 451/557/448 455/561/452 462/568/459
f 451/557/448 462/568/459 452/558/449
f 461/567/458 460/566/457 463/569/460
f 457/563/454 461/567/458 464/570/461
f 457/563/454 464/570/461 456/562/453
f 464/570/461 461/567/458 463/569/460
f 463/569/460 460/566/457 465/571/462
f 456/562/453 464/570/461 466/572/463
f 456/562/453 466/572/463 455/561/452
f 464/570/461 463/569/460 467/573/464
f 464/570/461 467/573/464 466/572/463
f 463/569/460 465/571/462 468/574/465
f 463/569/460 468/574/465 467/573/464
f 468/574/465 465/571/462 469/575/466
f 468/574/465 469/575/466 470/576/467
f 455/561/452 466/572/463 471/577/468
f 455/561/452 471/577/468 462/568/459
f 466/572/463 467/573/464 472/578/469
f 472/578/469 467/573/464 468/574/465
f 466/572/463 472/578/469 473/579/470
f 466/572/463 473/579/470 471/577/468
f 472/578/469 468/574/465 474/580/471
f 474/580/471 468/574/465 470/576/467
f 472/578/469 474/580/471 473/579/470
f 471/577/468 473/579/470 475/581/472
f 471/577/468 475/581/472 476/582/473
f 471/577/468 476/582/473 477/583/474
f 471/577/468 477/583/474 462/568/459
f 475/581/472 473/579/470 478/584/475
f 475/581/472 478/584/475 479/585/476
f 479/585/476 478/584/475 480/586/477
f 478/584/475 473/579/470 481/587/478
f 481/587/478 473/579/470 474/580/471
f 480/586/477 478/584/475 482/588/479
f 480/586/477 482/588/479 483/589/480
f 478/584/475 481/587/478 484/590/481
f 478/584/475 484/590/481 482/588/479
f 481/587/478 474/580/471 485/591/482
f 481/587/478 485/591/482 484/590/481
f 485/591/482 474/580/471 470/576/467
f 482/588/479 484/590/481 486/592/483
f 482/588/479 486/592/483 487/593/484
f 486/592/483 484/590/481 488/594/485
f 488/594/485 484/590/481 485/591/482
f 486/592/483 488/594/485 489/595/486
f 485/591/482 470/576/467 490/596/487
f 485/591/482 490/596/487 488/594/485
f 488/594/485 490/596/487 489/595/486
f 490/596/487 470/576/467 491/597/488
f 489/595/486 490/596/487 492/598/489
f 492/598/489 490/596/487 493/599/490
f 494/600/491 437/543/434 438/544/435
f 437/543/434 494/600/491 444/550/441
f 494/600/491 438/544/435 495/601/492
f 495/601/492 438/544/435 452/558/449
f 444/550/441 494/600/491 496/602/493
f 494/600/491 495/601/492 497/603/494
f 494/600/491 497/603/494 496/602/493
f 444/550/441 496/602/493 498/604/495
f 498/604/495 496/602/493 499/605/496
f 499/605/496 496/602/493 477/583/474
f 495/601/492 452/558/449 500/606/497
f 495/601/492 500/606/497 497/603/494
f 497/603/494 500/606/497 496/602/493
f 496/602/493 500/606/497 477/583/474
f 500/606/497 452/558/449 462/568/459
f 500/606/497 462/568/459 477/583/474
f 442/607/439 444/608/441 501/609/498
f 501/609/498 444/608/441 498/610/495
f 442/607/439 501/609/498 502/611/499
f 502/611/499 501/609/498 498/610/495
f 442/607/439 502/611/499 503/612/500
f 502/611/499 498/610/495 504/613/501
f 502/611/499 504/613/501 503/612/500
f 442/607/439 503/612/500 505/614/502
f 442/607/439 505/614/502 440/615/437
f 440/615/437 505/614/502 441/616/438
f 505/614/502 503/612/500 506/617/503
f 506/617/503 503/612/500 507/618/504
f 507/618/504 503/612/500 504/613/501
f 507/618/504 504/613/501 508/619/505
f 508/619/505 504/613/501 509/620/506
f 509/620/506 504/613/501 510/621/507
f 510/621/507 504/613/501 498/610/495
f 453/622/450 454/623/451 509/620/506
f 453/622/450 509/620/506 511/624/508
f 511/624/508 509/620/506 510/621/507
f 453/622/450 511/624/508 458/625/455
f 510/621/507 498/610/495 512/626/509
f 510/621/507 512/626/509 511/624/508
f 512/626/509 498/610/495 499/627/496
f 458/625/455 511/624/508 513/628/510
f 513/628/510 511/624/508 512/626/509
f 458/625/455 513/628/510 459/629/456
f 459/629/456 513/628/510 460/630/457
f 513/628/510 512/626/509 514/631/511
f 514/631/511 512/626/509 499/627/496
f 513/628/510 514/631/511 460/630/457
f 514/631/511 499/627/496 515/632/512
f 515/632/512 499/627/496 477/633/474
f 460/630/457 514/631/511 516/634/513
f 516/634/513 514/631/511 515/632/512
f 460/630/457 516/634/513 465/635/462
f 515/632/512 477/633/474 476/636/473
f 516/634/513 515/632/512 517/637/514
f 517/637/514 515/632/512 476/636/473
f 516/634/513 517/637/514 518/638/515
f 516/634/513 518/638/515 465/635/462
f 517/637/514 476/636/473 519/639/516
f 519/639/516 476/636/473 475/640/472
f 518/638/515 517/637/514 520/641/517
f 520/641/517 517/637/514 519/639/516
f 465/635/462 518/638/515 521/642/518
f 521/642/518 518/638/515 520/641/517
f 465/635/462 521/642/518 469/643/466
f 469/643/466 521/642/518 470/644/467
f 519/639/516 475/640/472 479/645/476
f 470/644/467 521/642/518 522/646/519
f 522/646/519 521/642/518 520/641/517
f 522/646/519 520/641/517 519/639/516
f 470/644/467 522/646/519 491/647/488
f 519/639/516 479/645/476 523/648/520
f 523/648/520 479/645/476 480/649/477
f 522/646/519 519/639/516 524/650/521
f 524/650/521 519/639/516 523/648/520
f 522/646/519 524/650/521 491/647/488
f 523/648/520 480/649/477 525/651/522
f 525/651/522 480/649/477 526/652/523
f 523/648/520 525/651/522 527/653/524
f 523/648/520 527/653/524 524/650/521
f 527/653/524 525/651/522 528/654/525
f 491/647/488 524/650/521 493/655/490
f 527/653/524 528/654/525 493/655/490
f 527/653/524 493/655/490 524/650/521
f 491/647/488 493/655/490 490/656/487
f 529/657/526 525/658/522 526/659/523
f 525/658/522 529/657/526 528/660/525
f 529/657/526 526/659/523 530/661/527
f 530/661/527 526/659/523 531/662/528
f 531/662/528 526/659/523 480/663/477
f 531/662/528 480/663/477 483/664/480
f 531/662/528 483/664/480 532/665/529
f 532/665/529 483/664/480 533/666/530
f 532/665/529 533/666/530 534/667/531
f 530/661/527 531/662/528 535/668/532
f 535/668/532 531/662/528 532/665/529
f 536/669/533 529/657/526 530/661/527
f 536/669/533 530/661/527 535/668/532
f 532/665/529 534/667/531 537/670/534
f 535/668/532 532/665/529 538/671/535
f 535/668/532 538/671/535 536/669/533
f 532/665/529 537/670/534 539/672/536
f 532/665/529 539/672/536 538/671/535
f 529/657/526 536/669/533 540/673/537
f 529/657/526 540/673/537 528/660/525
f 536/669/533 538/671/535 541/674/538
f 538/671/535 539/672/536 542/675/539
f 538/671/535 542/675/539 541/674/538
f 539/672/536 537/670/534 543/676/540
f 539/672/536 543/676/540 542/675/539
f 543/676/540 537/670/534 544/677/541
f 544/677/541 537/670/534 545/678/542
f 544/677/541 545/678/542 546/679/543
f 543/676/540 544/677/541 547/680/544
f 547/680/544 544/677/541 546/679/543
f 547/680/544 546/679/543 548/681/545
f 548/681/545 546/679/543 549/682/546
f 548/681/545 549/682/546 550/683/547
f 543/676/540 547/680/544 551/684/548
f 543/676/540 551/684/548 542/675/539
f 542/675/539 551/684/548 552/685/549
f 542/675/539 552/685/549 553/686/550
f 552/685/549 551/684/548 554/687/551
f 554/687/551 551/684/548 555/688/552
f 553/686/550 552/685/549 556/689/553
f 556/689/553 552/685/549 554/687/551
f 542/675/539 553/686/550 557/690/554
f 557/690/554 553/686/550 556/689/553
f 542/675/539 557/690/554 541/674/538
f 556/689/553 554/687/551 558/691/555
f 558/691/555 554/687/551 559/692/556
f 558/691/555 559/692/556 560/693/557
f 560/693/557 559/692/556 561/694/558
f 561/694/558 559/692/556 562/695/559
f 556/689/553 558/691/555 563/696/560
f 563/696/560 558/691/555 564/697/561
f 563/696/560 564/697/561 565/698/562
f 565/698/562 564/697/561 566/699/563
f 563/696/560 565/698/562 567/700/564
f 567/700/564 565/698/562 568/701/565
f 556/689/553 563/696/560 569/702/566
f 569/702/566 563/696/560 567/700/564
f 556/689/553 569/702/566 557/690/554
f 567/700/564 568/701/565 570/703/567
f 567/700/564 570/703/567 569/702/566
f 557/690/554 569/702/566 571/704/568
f 571/704/568 569/702/566 570/703/567
f 557/690/554 571/704/568 541/674/538
f 570/703/567 568/701/565 572/705/569
f 570/703/567 572/705/569 571/704/568
f 572/705/569 568/701/565 573/706/570
f 541/674/538 571/704/568 574/707/571
f 574/707/571 571/704/568 572/705/569
f 541/674/538 574/707/571 536/669/533
f 536/669/533 574/707/571 540/673/537
f 572/705/569 573/706/570 575/708/572
f 540/673/537 574/707/571 576/709/573
f 576/709/573 574/707/571 572/705/569
f 576/709/573 572/705/569 575/708/572
f 540/673/537 576/709/573 528/660/525
f 575/708/572 573/706/570 577/710/574
f 575/708/572 577/710/574 576/709/573
f 576/709/573 577/710/574 528/660/525
f 577/710/574 573/706/570 578/711/575
f 528/660/525 577/710/574 579/712/576
f 579/712/576 577/710/574 578/711/575
f 528/660/525 579/712/576 493/713/490
f 579/712/576 578/711/575 492/714/489
f 579/712/576 492/714/489 493/713/490
f 580/715/577 441/716/438 581/717/578
f 581/717/578 441/716/438 505/718/502
f 441/716/438 580/715/577 582/719/579
f 581/717/578 505/718/502 583/720/580
f 581/717/578 583/720/580 580/715/577
f 583/720/580 505/718/502 506/721/503
f 583/720/580 506/721/503 507/722/504
f 582/719/579 580/715/577 584/723/581
f 583/720/580 507/722/504 585/724/582
f 585/724/582 507/722/504 586/725/583
f 585/724/582 586/725/583 587/726/584
f 583/720/580 585/724/582 588/727/585
f 583/720/580 588/727/585 580/715/577
f 585/724/582 587/726/584 589/728/586
f 585/724/582 589/728/586 588/727/585
f 589/728/586 587/726/584 590/729/587
f 590/729/587 587/726/584 591/730/588
f 590/729/587 591/730/588 584/723/581
f 592/731/589 584/723/581 580/715/577
f 584/723/581 592/731/589 590/729/587
f 593/732/590 580/715/577 588/727/585
f 593/732/590 588/727/585 589/728/586
f 580/715/577 593/732/590 592/731/589
f 593/732/590 589/728/586 590/729/587
f 593/732/590 590/729/587 592/731/589
f 594/733/591 586/734/583 508/735/505
f 508/735/505 586/734/583 507/736/504
f 586/734/583 594/733/591 587/737/584
f 594/733/591 508/735/505 509/738/506
f 587/737/584 594/733/591 591/739/588
f 594/733/591 509/738/506 595/740/592
f 595/740/592 509/738/506 454/741/451
f 591/739/588 594/733/591 596/742/593
f 596/742/593 594/733/591 595/740/592
f 591/739/588 596/742/593 584/743/581
f 584/743/581 596/742/593 582/744/579
f 596/742/593 595/740/592 597/745/594
f 597/745/594 595/740/592 454/741/451
f 596/742/593 597/745/594 582/744/579
f 597/745/594 454/741/451 447/746/444
f 597/745/594 447/746/444 443/747/440
f 597/745/594 443/747/440 582/744/579
f 582/744/579 443/747/440 441/748/438
f 598/749/595 548/750/545 599/751/596
f 599/751/596 548/750/545 550/752/547
f 599/751/596 550/752/547 600/753/597
f 548/750/545 598/749/595 601/754/598
f 599/751/596 600/753/597 602/755/599
f 602/755/599 600/753/597 603/756/600
f 598/749/595 599/751/596 604/757/601
f 598/749/595 604/757/601 601/754/598
f 604/757/601 599/751/596 602/755/599
f 548/750/545 601/754/598 547/758/544
f 602/755/599 603/756/600 605/759/602
f 602/755/599 605/759/602 606/760/603
f 606/760/603 605/759/602 607/761/604
f 604/757/601 602/755/599 608/762/605
f 608/762/605 602/755/599 606/760/603
f 609/763/606 601/754/598 604/757/601
f 609/763/606 604/757/601 608/762/605
f 610/764/607 547/758/544 601/754/598
f 610/764/607 601/754/598 609/763/606
f 547/758/544 610/764/607 555/765/552
f 547/758/544 555/765/552 551/766/548
f 610/764/607 609/763/606 611/767/608
f 611/767/608 609/763/606 608/762/605
f 610/764/607 611/767/608 555/765/552
f 555/765/552 611/767/608 612/768/609
f 555/765/552 612/768/609 554/769/551
f 554/769/551 612/768/609 559/770/556
f 612/768/609 611/767/608 613/771/610
f 612/768/609 613/771/610 559/770/556
f 611/767/608 608/762/605 614/772/611
f 611/767/608 614/772/611 613/771/610
f 614/772/611 608/762/605 606/760/603
f 559/770/556 613/771/610 615/773/612
f 615/773/612 613/771/610 616/774/613
f 559/770/556 615/773/612 617/775/614
f 617/775/614 615/773/612 616/774/613
f 617/775/614 616/774/613 613/771/610
f 617/775/614 613/771/610 614/772/611
f 559/770/556 617/775/614 562/776/559
f 617/775/614 614/772/611 618/777/615
f 617/775/614 618/777/615 562/776/559
f 618/777/615 614/772/611 606/760/603
f 561/778/558 562/776/559 619/779/616
f 562/776/559 618/777/615 620/780/617
f 562/776/559 620/780/617 619/779/616
f 618/777/615 606/760/603 621/781/618
f 621/781/618 606/760/603 607/761/604
f 621/781/618 607/761/604 622/782/619
f 618/777/615 621/781/618 623/783/620
f 623/783/620 621/781/618 622/782/619
f 618/777/615 623/783/620 620/780/617
f 623/783/620 622/782/619 624/784/621
f 625/785/622 619/779/616 620/780/617
f 625/785/622 620/780/617 623/783/620
f 625/785/622 623/783/620 624/784/621
f 619/779/616 625/785/622 626/786/623
f 626/786/623 625/785/622 624/784/621
f 626/786/623 624/784/621 627/787/624
f 483/788/480 482/789/479 628/790/625
f 628/790/625 482/789/479 487/791/484
f 483/788/480 628/790/625 533/792/530
f 533/792/530 628/790/625 487/791/484
f 629/793/626 534/794/531 533/792/530
f 629/793/626 533/792/530 630/795/627
f 630/795/627 533/792/530 487/791/484
f 630/795/627 487/791/484 631/796/628
f 630/795/627 631/796/628 632/797/629
f 632/797/629 631/796/628 633/798/630
f 633/798/630 631/796/628 634/799/631
f 634/799/631 631/796/628 487/791/484
f 633/798/630 634/799/631 635/800/632
f 635/800/632 634/799/631 636/801/633
f 634/799/631 487/791/484 637/802/634
f 634/799/631 637/802/634 636/801/633
f 637/802/634 487/791/484 486/803/483
f 637/802/634 486/803/483 489/804/486
f 636/801/633 637/802/634 638/805/635
f 638/805/635 637/802/634 489/804/486
f 638/805/635 489/804/486 578/806/575
f 578/806/575 489/804/486 492/807/489
f 638/805/635 578/806/575 639/808/636
f 638/805/635 639/808/636 636/801/633
f 639/808/636 578/806/575 573/809/570
f 639/808/636 573/809/570 568/810/565
f 639/808/636 568/810/565 640/811/637
f 636/801/633 639/808/636 641/812/638
f 641/812/638 639/808/636 640/811/637
f 636/801/633 641/812/638 642/813/639
f 641/812/638 640/811/637 643/814/640
f 641/812/638 643/814/640 644/815/641
f 641/812/638 644/815/641 645/816/642
f 646/817/643 647/818/644 648/819/645
f 648/819/645 647/818/644 649/820/646
f 648/819/645 649/820/646 650/821/647
f 650/821/647 649/820/646 651/822/648
f 650/821/647 651/822/648 652/823/649
f 650/821/647 652/823/649 653/824/650
f 650/821/647 653/824/650 648/819/645
f 648/819/645 653/824/650 646/817/643
f 651/822/648 649/820/646 654/825/651
f 654/825/651 649/820/646 647/818/644
f 651/822/648 654/825/651 655/826/652
f 654/825/651 647/818/644 656/827/653
f 656/827/653 647/818/644 657/828/654
f 657/828/654 647/818/644 646/817/643
f 654/825/651 656/827/653 658/829/655
f 654/825/651 658/829/655 659/830/656
f 659/830/656 658/829/655 660/831/657
f 658/829/655 656/827/653 661/832/658
f 658/829/655 661/832/658 660/831/657
f 661/832/658 656/827/653 657/828/654
f 660/831/657 661/832/658 662/833/659
f 661/832/658 657/828/654 663/834/660
f 661/832/658 663/834/660 662/833/659
f 662/833/659 663/834/660 664/835/661
f 662/833/659 664/835/661 564/836/561
f 564/836/561 664/835/661 566/837/563
f 664/835/661 663/834/660 665/838/662
f 664/835/661 665/838/662 566/837/563
f 665/838/662 663/834/660 657/828/654
f 566/837/563 665/838/662 666/839/663
f 566/837/563 666/839/663 565/840/562
f 565/840/562 666/839/663 568/841/565
f 568/841/565 666/839/663 667/842/664
f 667/842/664 666/839/663 665/838/662
f 568/841/565 667/842/664 640/843/637
f 640/843/637 667/842/664 643/844/640
f 665/838/662 657/828/654 668/845/665
f 668/845/665 657/828/654 646/817/643
f 667/842/664 665/838/662 669/846/666
f 667/842/664 669/846/666 643/844/640
f 669/846/666 665/838/662 668/845/665
f 643/844/640 669/846/666 670/847/667
f 669/846/666 668/845/665 671/848/668
f 671/848/668 668/845/665 646/817/643
f 669/846/666 671/848/668 670/847/667
f 643/844/640 670/847/667 644/849/641
f 671/848/668 646/817/643 672/850/669
f 671/848/668 672/850/669 670/847/667
f 672/850/669 646/817/643 653/824/650
f 672/850/669 653/824/650 673/851/670
f 672/850/669 673/851/670 674/852/671
f 672/850/669 674/852/671 670/847/667
f 670/847/667 674/852/671 644/849/641
f 644/849/641 674/852/671 645/853/642
f 675/854/54 564/855/561 558/856/555
f 675/854/54 558/856/555 560/857/557
f 675/854/54 560/857/557 676/858/672
f 676/858/672 560/857/557 561/859/558
f 676/858/672 561/859/558 677/860/673
f 676/858/672 677/860/673 675/854/54
f 677/860/673 561/859/558 678/861/674
f 564/855/561 675/854/54 679/862/675
f 679/862/675 675/854/54 677/860/673
f 564/855/561 679/862/675 662/863/659
f 679/862/675 677/860/673 680/864/676
f 680/864/676 677/860/673 681/865/677
f 679/862/675 680/864/676 682/866/678
f 682/866/678 680/864/676 681/865/677
f 682/866/678 681/865/677 677/860/673
f 679/862/675 682/866/678 662/863/659
f 682/866/678 677/860/673 678/861/674
f 662/863/659 682/866/678 683/867/679
f 662/863/659 683/867/679 660/868/657
f 682/866/678 678/861/674 684/869/680
f 682/866/678 684/869/680 683/867/679
f 684/869/680 678/861/674 685/870/681
f 684/869/680 685/870/681 686/871/682
f 683/867/679 684/869/680 687/872/683
f 683/867/679 687/872/683 660/868/657
f 687/872/683 684/869/680 686/871/682
f 660/868/657 687/872/683 688/873/684
f 687/872/683 686/871/682 689/874/685
f 619/875/616 690/876/686 561/877/558
f 561/877/558 690/876/686 691/878/687
f 561/877/558 691/878/687 678/879/674
f 678/879/674 691/878/687 685/880/681
f 685/880/681 691/878/687 692/881/688
f 692/881/688 691/878/687 693/882/689
f 691/878/687 690/876/686 694/883/690
f 691/878/687 694/883/690 693/882/689
f 694/883/690 690/876/686 619/875/616
f 693/882/689 694/883/690 695/884/691
f 694/883/690 619/875/616 696/885/692
f 694/883/690 696/885/692 695/884/691
f 696/885/692 619/875/616 626/886/623
f 693/882/689 695/884/691 697/887/693
f 695/884/691 696/885/692 698/888/694
f 695/884/691 698/888/694 697/887/693
f 696/885/692 626/886/623 699/889/695
f 696/885/692 699/889/695 700/890/696
f 696/885/692 700/890/696 698/888/694
f 699/889/695 626/886/623 701/891/697
f 699/889/695 701/891/697 700/890/696
f 701/891/697 626/886/623 627/892/624
f 701/891/697 627/892/624 702/893/698
f 700/890/696 701/891/697 703/894/699
f 703/894/699 701/891/697 702/893/698
f 700/890/696 703/894/699 698/888/694
f 703/894/699 702/893/698 704/895/700
f 704/895/700 702/893/698 705/896/701
f 704/895/700 705/896/701 706/897/702
f 706/897/702 705/896/701 707/898/703
f 704/895/700 706/897/702 708/899/704
f 704/895/700 708/899/704 703/894/699
f 703/894/699 708/899/704 709/900/705
f 703/894/699 709/900/705 710/901/706
f 703/894/699 710/901/706 711/902/707
f 712/903/708 698/888/694 703/894/699
f 712/903/708 703/894/699 711/902/707
f 698/888/694 712/903/708 713/904/709
f 712/903/708 711/902/707 714/905/710
f 712/903/708 714/905/710 713/904/709
f 714/905/710 711/902/707 715/906/711
f 698/888/694 713/904/709 697/887/693
f 713/904/709 714/905/710 716/907/712
f 716/907/712 714/905/710 717/908/713
f 713/904/709 716/907/712 718/909/714
f 713/904/709 718/909/714 697/887/693
f 718/909/714 716/907/712 719/910/715
f 718/909/714 719/910/715 697/887/693
f 697/887/693 719/910/715 720/911/716
f 720/911/716 719/910/715 721/912/717
f 720/911/716 721/912/717 722/913/718
f 697/914/693 720/915/716 693/916/689
f 693/916/689 720/915/716 723/917/719
f 723/917/719 720/915/716 722/918/718
f 693/916/689 723/917/719 692/919/688
f 723/917/719 722/918/718 724/920/720
f 723/917/719 724/920/720 725/921/721
f 723/917/719 725/921/721 692/919/688
f 725/921/721 724/920/720 726/922/722
f 692/919/688 725/921/721 686/923/682
f 692/919/688 686/923/682 685/924/681
f 686/923/682 725/921/721 727/925/723
f 728/926/724 729/927/725 719/928/715
f 728/926/724 719/928/715 716/929/712
f 719/928/715 729/927/725 721/930/717
f 728/926/724 716/929/712 730/931/726
f 729/927/725 728/926/724 731/932/727
f 731/932/727 728/926/724 730/931/726
f 730/931/726 716/929/712 732/933/728
f 732/933/728 716/929/712 717/934/713
f 732/933/728 717/934/713 733/935/729
f 732/933/728 733/935/729 734/936/730
f 732/933/728 734/936/730 735/937/731
f 735/937/731 734/936/730 736/938/732
f 732/933/728 735/937/731 737/939/733
f 732/933/728 737/939/733 730/931/726
f 737/939/733 735/937/731 738/940/734
f 737/939/733 738/940/734 739/941/735
f 730/931/726 737/939/733 740/942/736
f 730/931/726 740/942/736 731/932/727
f 737/939/733 739/941/735 741/943/737
f 741/943/737 739/941/735 742/944/738
f 741/943/737 742/944/738 743/945/739
f 737/939/733 741/943/737 744/946/740
f 737/939/733 744/946/740 740/942/736
f 731/932/727 740/942/736 745/947/741
f 745/947/741 740/942/736 744/946/740
f 731/932/727 745/947/741 729/927/725
f 744/946/740 741/943/737 746/948/742
f 744/946/740 746/948/742 745/947/741
f 746/948/742 741/943/737 747/949/743
f 729/927/725 745/947/741 748/950/744
f 729/927/725 748/950/744 721/930/717
f 745/947/741 746/948/742 749/951/745
f 745/947/741 749/951/745 748/950/744
f 749/951/745 746/948/742 750/952/746
f 749/951/745 750/952/746 751/953/747
f 748/950/744 749/951/745 752/954/748
f 748/950/744 752/954/748 721/930/717
f 749/951/745 751/953/747 753/955/749
f 753/955/749 751/953/747 754/956/750
f 752/954/748 749/951/745 755/957/337
f 755/957/337 749/951/745 753/955/749
f 721/930/717 752/954/748 756/958/751
f 756/958/751 752/954/748 755/957/337
f 756/958/751 755/957/337 753/955/749
f 721/930/717 756/958/751 722/959/718
f 756/958/751 753/955/749 757/960/752
f 722/959/718 756/958/751 724/961/720
f 756/958/751 757/960/752 758/962/753
f 756/958/751 758/962/753 724/961/720
f 275/963/274 274/964/273 759/965/754
f 759/965/754 274/964/273 278/966/277
f 275/963/274 759/965/754 398/967/396
f 759/965/754 278/966/277 760/968/755
f 759/965/754 760/968/755 398/967/396
f 760/968/755 278/966/277 761/969/756
f 398/967/396 760/968/755 762/970/757
f 762/970/757 760/968/755 761/969/756
f 398/967/396 762/970/757 400/971/398
f 761/969/756 278/966/277 280/972/279
f 400/971/398 762/970/757 405/973/403
f 761/969/756 280/972/279 763/974/758
f 762/970/757 761/969/756 764/975/759
f 764/975/759 761/969/756 763/974/758
f 762/970/757 764/975/759 405/973/403
f 763/974/758 280/972/279 281/976/280
f 405/973/403 764/975/759 765/977/760
f 764/975/759 763/974/758 766/978/761
f 764/975/759 766/978/761 765/977/760
f 766/978/761 763/974/758 281/976/280
f 405/973/403 765/977/760 767/979/762
f 767/979/762 765/977/760 766/978/761
f 405/973/403 767/979/762 406/980/404
f 767/979/762 766/978/761 768/981/763
f 768/981/763 766/978/761 769/982/764
f 768/981/763 769/982/764 767/979/762
f 769/982/764 766/978/761 281/976/280
f 767/979/762 769/982/764 770/983/765
f 767/979/762 770/983/765 406/980/404
f 769/982/764 281/976/280 771/984/766
f 769/982/764 771/984/766 770/983/765
f 771/984/766 281/976/280 282/985/281
f 771/984/766 282/985/281 295/986/294
f 771/984/766 295/986/294 772/987/767
f 772/987/767 295/986/294 297/988/296
f 771/984/766 772/987/767 773/989/768
f 771/984/766 773/989/768 770/983/765
f 772/987/767 297/988/296 774/990/769
f 772/987/767 774/990/769 773/989/768
f 774/990/769 297/988/296 298/991/297
f 774/990/769 298/991/297 775/992/770
f 774/990/769 775/992/770 773/989/768
f 775/992/770 298/991/297 301/993/300
f 770/983/765 773/989/768 776/994/771
f 776/994/771 773/989/768 775/992/770
f 775/992/770 301/993/300 777/995/772
f 777/995/772 301/993/300 306/996/305
f 776/994/771 775/992/770 778/997/773
f 778/997/773 775/992/770 777/995/772
f 777/995/772 306/996/305 307/998/306
f 776/994/771 778/997/773 779/999/774
f 776/994/771 779/999/774 770/983/765
f 770/983/765 779/999/774 780/1000/775
f 770/983/765 780/1000/775 406/980/404
f 780/1000/775 779/999/774 781/1001/776
f 780/1000/775 781/1001/776 406/980/404
f 406/980/404 781/1001/776 782/1002/777
f 406/980/404 782/1002/777 407/1003/405
f 407/1003/405 782/1002/777 431/1004/428
f 431/1004/428 782/1002/777 781/1001/776
f 781/1001/776 779/999/774 783/1005/778
f 781/1001/776 783/1005/778 431/1004/428
f 783/1005/778 779/999/774 778/997/773
f 431/1004/428 783/1005/778 784/1006/779
f 431/1004/428 784/1006/779 432/1007/429
f 783/1005/778 778/997/773 785/1008/780
f 783/1005/778 785/1008/780 784/1006/779
f 785/1008/780 778/997/773 777/995/772
f 432/1007/429 784/1006/779 390/1009/388
f 390/1009/388 784/1006/779 785/1008/780
f 390/1009/388 785/1008/780 786/1010/781
f 785/1008/780 777/995/772 787/1011/782
f 787/1011/782 777/995/772 307/998/306
f 787/1011/782 307/998/306 788/1012/783
f 788/1012/783 307/998/306 310/1013/309
f 788/1012/783 310/1013/309 789/1014/784
f 788/1012/783 789/1014/784 787/1011/782
f 789/1014/784 310/1013/309 790/1015/785
f 785/1008/780 787/1011/782 791/1016/786
f 791/1016/786 787/1011/782 789/1014/784
f 789/1014/784 790/1015/785 792/1017/787
f 789/1014/784 792/1017/787 791/1016/786
f 792/1017/787 790/1015/785 793/1018/788
f 793/1018/788 790/1015/785 794/1019/789
f 792/1017/787 793/1018/788 795/1020/790
f 785/1008/780 791/1016/786 796/1021/791
f 785/1008/780 796/1021/791 786/1010/781
f 791/1016/786 792/1017/787 797/1022/792
f 797/1022/792 792/1017/787 795/1020/790
f 796/1021/791 791/1016/786 798/1023/793
f 798/1023/793 791/1016/786 797/1022/792
f 797/1022/792 795/1020/790 799/1024/794
f 799/1024/794 795/1020/790 800/1025/795
f 799/1024/794 800/1025/795 801/1026/796
f 799/1024/794 801/1026/796 797/1022/792
f 797/1022/792 801/1026/796 798/1023/793
f 796/1021/791 798/1023/793 802/1027/797
f 796/1021/791 802/1027/797 786/1010/781
f 798/1023/793 801/1026/796 803/1028/798
f 786/1010/781 802/1027/797 804/1029/799
f 803/1028/798 801/1026/796 320/1030/319
f 802/1027/797 798/1023/793 805/1031/800
f 802/1027/797 805/1031/800 804/1029/799
f 805/1031/800 798/1023/793 803/1028/798
f 786/1010/781 804/1029/799 806/1032/801
f 806/1032/801 804/1029/799 805/1031/800
f 786/1010/781 806/1032/801 807/1033/802
f 786/1010/781 807/1033/802 390/1009/388
f 390/1009/388 807/1033/802 389/1034/387
f 389/1034/387 807/1033/802 391/1035/389
f 391/1035/389 807/1033/802 806/1032/801
f 806/1032/801 805/1031/800 808/1036/803
f 806/1032/801 808/1036/803 391/1035/389
f 808/1036/803 805/1031/800 803/1028/798
f 391/1035/389 808/1036/803 379/1037/377
f 379/1037/377 808/1036/803 377/1038/375
f 808/1036/803 803/1028/798 809/1039/804
f 808/1036/803 809/1039/804 377/1038/375
f 809/1039/804 803/1028/798 810/1040/805
f 810/1040/805 803/1028/798 320/1030/319
f 810/1040/805 320/1030/319 322/1041/321
f 810/1040/805 322/1041/321 327/1042/326
f 327/1042/326 322/1041/321 323/1043/322
f 810/1040/805 327/1042/326 328/1044/327
f 810/1040/805 328/1044/327 809/1039/804
f 811/1045/806 377/1038/375 809/1039/804
f 811/1045/806 809/1039/804 328/1044/327
f 377/1038/375 811/1045/806 378/1046/376
f 811/1045/806 328/1044/327 812/1047/807
f 811/1045/806 812/1047/807 378/1046/376
f 812/1047/807 328/1044/327 329/1048/328
f 812/1047/807 329/1048/328 331/1049/235
f 378/1046/376 812/1047/807 339/1050/337
f 378/1046/376 339/1050/337 340/1051/338
f 339/1050/337 812/1047/807 335/1052/333
f 335/1052/333 812/1047/807 331/1049/235
f 335/1052/333 331/1049/235 262/1053/261
f 262/1053/261 331/1049/235 261/1054/260
f 813/1055/808 316/378/315 320/382/319
f 813/1055/808 320/382/319 801/1056/796
f 316/378/315 813/1055/808 814/1057/809
f 316/378/315 814/1057/809 314/376/313
f 813/1055/808 801/1056/796 815/1058/810
f 813/1055/808 815/1058/810 814/1057/809
f 815/1058/810 801/1056/796 800/1059/795
f 314/376/313 814/1057/809 816/1060/811
f 816/1060/811 814/1057/809 815/1058/810
f 815/1058/810 800/1059/795 817/1061/812
f 815/1058/810 817/1061/812 816/1060/811
f 817/1061/812 800/1059/795 795/1062/790
f 314/376/313 816/1060/811 818/1063/813
f 817/1061/812 795/1062/790 819/1064/814
f 819/1064/814 795/1062/790 793/1065/788
f 816/1060/811 817/1061/812 820/1066/815
f 816/1060/811 820/1066/815 818/1063/813
f 314/376/313 818/1063/813 313/375/312
f 819/1064/814 793/1065/788 794/1067/789
f 817/1061/812 819/1064/814 821/1068/816
f 817/1061/812 821/1068/816 820/1066/815
f 821/1068/816 819/1064/814 794/1067/789
f 818/1063/813 820/1066/815 822/1069/817
f 822/1069/817 820/1066/815 821/1068/816
f 818/1063/813 822/1069/817 823/1070/818
f 818/1063/813 823/1070/818 313/375/312
f 822/1069/817 821/1068/816 824/1071/819
f 824/1071/819 821/1068/816 794/1067/789
f 822/1069/817 824/1071/819 823/1070/818
f 824/1071/819 794/1067/789 825/1072/820
f 824/1071/819 825/1072/820 823/1070/818
f 823/1070/818 825/1072/820 313/375/312
f 825/1072/820 794/1067/789 790/1073/785
f 313/375/312 825/1072/820 826/1074/821
f 826/1074/821 825/1072/820 790/1073/785
f 313/375/312 826/1074/821 310/372/309
f 310/372/309 826/1074/821 790/1073/785
f 827/1075/822 828/1076/823 829/1077/824
f 827/1075/822 829/1077/824 830/1078/825
f 830/1078/825 829/1077/824 831/1079/826
f 828/1076/823 827/1075/822 832/1080/827
f 832/1080/827 827/1075/822 833/1081/828
f 829/1077/824 828/1076/823 834/1082/829
f 834/1082/829 828/1076/823 832/1080/827
f 831/1079/826 829/1077/824 835/1083/830
f 835/1083/830 829/1077/824 834/1082/829
f 832/1080/827 833/1081/828 836/1084/831
f 836/1084/831 833/1081/828 837/1085/832
f 832/1080/827 836/1084/831 838/1086/833
f 832/1080/827 838/1086/833 834/1082/829
f 834/1082/829 838/1086/833 839/1087/834
f 834/1082/829 839/1087/834 840/1088/835
f 834/1082/829 840/1088/835 835/1083/830
f 841/1089/836 831/1079/826 835/1083/830
f 835/1083/830 840/1088/835 842/1090/837
f 842/1090/837 840/1088/835 843/1091/838
f 842/1090/837 843/1091/838 844/1092/839
f 835/1083/830 842/1090/837 845/1093/840
f 835/1083/830 845/1093/840 841/1089/836
f 842/1090/837 844/1092/839 846/1094/841
f 842/1090/837 846/1094/841 845/1093/840
f 846/1094/841 844/1092/839 847/1095/842
f 847/1095/842 844/1092/839 848/1096/843
f 846/1094/841 847/1095/842 849/1097/844
f 846/1094/841 849/1097/844 845/1093/840
f 845/1093/840 849/1097/844 850/1098/845
f 845/1093/840 850/1098/845 851/1099/846
f 845/1093/840 851/1099/846 841/1089/836
f 841/1089/836 851/1099/846 852/1100/847
f 852/1101/847 830/1102/825 831/1103/826
f 852/1101/847 831/1103/826 841/1104/836
f 833/1105/828 827/1106/822 830/1102/825
f 830/1102/825 852/1101/847 853/1107/848
f 830/1102/825 853/1107/848 833/1105/828
f 854/1108/849 852/1101/847 851/1109/846
f 852/1101/847 854/1108/849 855/1110/850
f 852/1101/847 855/1110/850 853/1107/848
f 855/1110/850 854/1108/849 856/1111/851
f 855/1110/850 856/1111/851 857/1112/852
f 855/1110/850 857/1112/852 853/1107/848
f 857/1112/852 856/1111/851 858/1113/853
f 859/1114/854 833/1105/828 853/1107/848
f 859/1114/854 853/1107/848 857/1112/852
f 833/1105/828 859/1114/854 837/1115/832
f 837/1115/832 859/1114/854 860/1116/855
f 860/1116/855 859/1114/854 861/1117/856
f 861/1117/856 859/1114/854 862/1118/857
f 862/1118/857 859/1114/854 857/1112/852
f 861/1117/856 862/1118/857 863/1119/858
f 864/1120/859 857/1112/852 858/1113/853
f 864/1120/859 858/1113/853 865/1121/860
f 864/1120/859 865/1121/860 866/1122/861
f 864/1120/859 866/1122/861 857/1112/852
f 863/1119/858 862/1118/857 867/1123/862
f 867/1123/862 862/1118/857 857/1112/852
f 867/1123/862 857/1112/852 866/1122/861
f 863/1119/858 867/1123/862 868/1124/863
f 867/1123/862 866/1122/861 869/1125/864
f 867/1123/862 869/1125/864 868/1124/863
f 869/1125/864 866/1122/861 840/1126/835
f 869/1125/864 840/1126/835 868/1124/863
f 868/1124/863 840/1126/835 839/1127/834
f 870/1128/865 851/1129/846 871/1130/866
f 871/1130/866 851/1129/846 850/1131/845
f 871/1130/866 850/1131/845 872/1132/867
f 851/1129/846 870/1128/865 854/1133/849
f 871/1130/866 872/1132/867 873/1134/868
f 854/1133/849 870/1128/865 856/1135/851
f 856/1135/851 870/1128/865 874/1136/869
f 856/1135/851 874/1136/869 858/1137/853
f 870/1128/865 871/1130/866 875/1138/870
f 870/1128/865 875/1138/870 874/1136/869
f 875/1138/870 871/1130/866 873/1134/868
f 874/1136/869 875/1138/870 858/1137/853
f 875/1138/870 873/1134/868 876/1139/871
f 875/1138/870 876/1139/871 858/1137/853
f 876/1139/871 873/1134/868 877/1140/872
f 858/1137/853 876/1139/871 865/1141/860
f 839/1142/834 838/1143/833 878/1144/873
f 878/1144/873 838/1143/833 836/1145/831
f 878/1144/873 836/1145/831 879/1146/874
f 879/1146/874 836/1145/831 837/1147/832
f 878/1144/873 879/1146/874 880/1148/875
f 878/1144/873 880/1148/875 881/1149/876
f 878/1144/873 881/1149/876 839/1142/834
f 839/1142/834 881/1149/876 868/1150/863
f 868/1150/863 881/1149/876 882/1151/877
f 882/1151/877 881/1149/876 883/1152/878
f 868/1150/863 882/1151/877 863/1153/858
f 882/1151/877 883/1152/878 884/1154/879
f 882/1151/877 884/1154/879 863/1153/858
f 840/1155/835 866/1156/861 885/1157/880
f 840/1155/835 885/1157/880 843/1158/838
f 885/1157/880 866/1156/861 865/1159/860
f 843/1158/838 885/1157/880 844/1160/839
f 885/1157/880 865/1159/860 886/1161/881
f 885/1157/880 886/1161/881 844/1160/839
f 886/1161/881 865/1159/860 876/1162/871
f 844/1160/839 886/1161/881 848/1163/843
f 886/1161/881 876/1162/871 877/1164/872
f 848/1163/843 886/1161/881 887/1165/882
f 887/1165/882 886/1161/881 877/1164/872
f 848/1163/843 887/1165/882 888/1166/883
f 848/1163/843 888/1166/883 847/1167/842
f 887/1165/882 877/1164/872 889/1168/884
f 847/1167/842 888/1166/883 890/1169/885
f 847/1167/842 890/1169/885 891/1170/886
f 847/1167/842 891/1170/886 849/1171/844
f 849/1171/844 891/1170/886 892/1172/887
f 849/1171/844 892/1172/887 850/1173/845
f 892/1172/887 891/1170/886 893/1174/888
f 891/1170/886 890/1169/885 894/1175/889
f 891/1170/886 894/1175/889 893/1174/888
f 894/1175/889 890/1169/885 888/1166/883
f 893/1174/888 894/1175/889 895/1176/890
f 896/1177/891 888/1166/883 887/1165/882
f 896/1177/891 887/1165/882 889/1168/884
f 888/1166/883 896/1177/891 897/1178/892
f 896/1177/891 889/1168/884 898/1179/893
f 896/1177/891 898/1179/893 897/1178/892
f 888/1166/883 897/1178/892 899/1180/894
f 888/1166/883 899/1180/894 894/1175/889
f 899/1180/894 897/1178/892 898/1179/893
f 900/1181/895 895/1176/890 894/1175/889
f 900/1181/895 894/1175/889 899/1180/894
f 895/1176/890 900/1181/895 901/1182/896
f 900/1181/895 899/1180/894 902/1183/897
f 900/1181/895 902/1183/897 903/1184/898
f 902/1183/897 899/1180/894 904/1185/899
f 904/1185/899 899/1180/894 898/1179/893
f 904/1185/899 898/1179/893 905/1186/900
f 905/1186/900 898/1179/893 906/1187/901
f 906/1187/901 898/1179/893 889/1168/884
f 905/1186/900 906/1187/901 907/1188/902
f 906/1187/901 889/1168/884 908/1189/903
f 908/1189/903 889/1168/884 877/1164/872
f 907/1188/902 906/1187/901 909/1190/904
f 909/1190/904 906/1187/901 908/1189/903
f 907/1188/902 909/1190/904 910/1191/905
f 907/1188/902 910/1191/905 911/1192/906
f 909/1190/904 908/1189/903 912/1193/907
f 909/1190/904 912/1193/907 910/1191/905
f 911/1192/906 910/1191/905 913/1194/908
f 913/1194/908 910/1191/905 912/1193/907
f 914/1195/909 908/1189/903 877/1164/872
f 908/1189/903 914/1195/909 912/1193/907
f 914/1195/909 877/1164/872 873/1196/868
f 913/1194/908 912/1193/907 915/1197/910
f 915/1197/910 912/1193/907 914/1195/909
f 914/1195/909 873/1196/868 916/1198/911
f 914/1195/909 916/1198/911 915/1197/910
f 916/1198/911 873/1196/868 872/1199/867
f 916/1198/911 872/1199/867 892/1200/887
f 916/1198/911 892/1200/887 915/1197/910
f 892/1200/887 872/1199/867 850/1201/845
f 915/1197/910 892/1200/887 893/1202/888
f 915/1197/910 893/1202/888 917/1203/912
f 915/1197/910 917/1203/912 913/1194/908
f 913/1194/908 917/1203/912 632/1204/629
f 918/1205/913 837/1206/832 860/1207/855
f 918/1205/913 860/1207/855 919/1208/914
f 919/1208/914 860/1207/855 861/1209/856
f 863/1210/858 884/1211/879 861/1209/856
f 861/1209/856 884/1211/879 919/1208/914
f 919/1208/914 884/1211/879 883/1212/878
f 918/1205/913 919/1208/914 920/1213/915
f 921/1214/916 837/1206/832 918/1205/913
f 921/1214/916 918/1205/913 920/1213/915
f 920/1213/915 919/1208/914 922/1215/917
f 920/1213/915 922/1215/917 921/1214/916
f 922/1215/917 919/1208/914 883/1212/878
f 922/1215/917 883/1212/878 923/1216/918
f 922/1215/917 923/1216/918 921/1214/916
f 923/1216/918 883/1212/878 924/1217/919
f 923/1216/918 924/1217/919 921/1214/916
f 924/1217/919 883/1212/878 925/1218/920
f 925/1218/920 883/1212/878 881/1219/876
f 925/1218/920 881/1219/876 880/1220/875
f 924/1217/919 925/1218/920 926/1221/921
f 924/1217/919 926/1221/921 921/1214/916
f 925/1218/920 880/1220/875 927/1222/922
f 925/1218/920 927/1222/922 926/1221/921
f 927/1222/922 880/1220/875 928/1223/923
f 927/1222/922 928/1223/923 926/1221/921
f 926/1221/921 928/1223/923 921/1214/916
f 921/1214/916 928/1223/923 837/1206/832
f 928/1223/923 880/1220/875 879/1224/874
f 928/1223/923 879/1224/874 837/1206/832
f 550/1225/547 929/1226/924 600/1227/597
f 600/1227/597 929/1226/924 603/1228/600
f 929/1226/924 550/1225/547 930/1229/925
f 930/1229/925 550/1225/547 549/1230/546
f 929/1226/924 930/1229/925 931/1231/926
f 931/1231/926 930/1229/925 549/1230/546
f 929/1226/924 931/1231/926 932/1232/927
f 932/1232/927 931/1231/926 933/1233/928
f 933/1233/928 931/1231/926 934/1234/929
f 934/1234/929 931/1231/926 549/1230/546
f 934/1234/929 549/1230/546 546/1235/543
f 935/1236/930 901/1237/896 629/1238/626
f 935/1236/930 629/1238/626 630/1239/627
f 935/1236/930 630/1239/627 632/1240/629
f 935/1236/930 632/1240/629 917/1241/912
f 901/1237/896 935/1236/930 895/1242/890
f 629/1238/626 901/1237/896 936/1243/931
f 629/1238/626 936/1243/931 534/1244/531
f 534/1244/531 936/1243/931 937/1245/932
f 534/1244/531 937/1245/932 537/1246/534
f 938/1247/933 545/1248/542 537/1246/534
f 938/1247/933 537/1246/534 937/1245/932
f 938/1247/933 937/1245/932 939/1249/934
f 939/1249/934 937/1245/932 940/1250/935
f 937/1245/932 936/1243/931 941/1251/936
f 937/1245/932 941/1251/936 940/1250/935
f 942/1252/937 936/1243/931 901/1237/896
f 936/1243/931 942/1252/937 941/1251/936
f 900/1253/895 903/1254/898 901/1237/896
f 942/1252/937 901/1237/896 943/1255/938
f 943/1255/938 901/1237/896 903/1254/898
f 942/1252/937 943/1255/938 944/1256/939
f 942/1252/937 944/1256/939 941/1251/936
f 943/1255/938 903/1254/898 945/1257/940
f 945/1257/940 903/1254/898 902/1258/897
f 945/1257/940 902/1258/897 946/1259/941
f 946/1259/941 902/1258/897 904/1260/899
f 943/1255/938 945/1257/940 947/1261/942
f 943/1255/938 947/1261/942 944/1256/939
f 945/1257/940 946/1259/941 948/1262/943
f 945/1257/940 948/1262/943 947/1261/942
f 948/1262/943 946/1259/941 949/1263/944
f 944/1256/939 947/1261/942 950/1264/945
f 950/1264/945 947/1261/942 948/1262/943
f 948/1262/943 949/1263/944 951/1265/946
f 948/1262/943 951/1265/946 950/1264/945
f 951/1265/946 949/1263/944 952/1266/947
f 944/1256/939 950/1264/945 953/1267/948
f 953/1267/948 950/1264/945 951/1265/946
f 944/1256/939 953/1267/948 954/1268/949
f 944/1256/939 954/1268/949 941/1251/936
f 941/1251/936 954/1268/949 953/1267/948
f 941/1251/936 953/1267/948 955/1269/950
f 941/1251/936 955/1269/950 940/1250/935
f 953/1267/948 951/1265/946 956/1270/951
f 953/1267/948 956/1270/951 955/1269/950
f 956/1270/951 951/1265/946 957/1271/952
f 940/1250/935 955/1269/950 958/1272/953
f 958/1272/953 955/1269/950 956/1270/951
f 940/1250/935 958/1272/953 933/1273/928
f 956/1270/951 957/1271/952 959/1274/954
f 956/1270/951 959/1274/954 958/1272/953
f 933/1273/928 958/1272/953 960/1275/955
f 960/1275/955 958/1272/953 959/1274/954
f 933/1273/928 960/1275/955 961/1276/956
f 933/1273/928 961/1276/956 962/1277/957
f 961/1276/956 960/1275/955 963/1278/958
f 960/1275/955 959/1274/954 964/1279/959
f 960/1275/955 964/1279/959 963/1278/958
f 964/1279/959 959/1274/954 965/1280/960
f 964/1279/959 965/1280/960 966/1281/961
f 964/1279/959 966/1281/961 963/1278/958
f 963/1278/958 966/1281/961 967/1282/962
f 961/1276/956 963/1278/958 968/1283/963
f 963/1278/958 967/1282/962 969/1284/964
f 963/1278/958 969/1284/964 968/1283/963
f 968/1283/963 969/1284/964 970/1285/965
f 893/1286/888 895/1287/890 917/1288/912
f 917/1288/912 895/1287/890 935/1289/930
f 911/1290/906 913/1291/908 632/1292/629
f 911/1290/906 632/1292/629 633/1293/630
f 911/1290/906 633/1293/630 635/1294/632
f 911/1290/906 635/1294/632 971/1295/966
f 911/1290/906 971/1295/966 907/1296/902
f 907/1296/902 971/1295/966 905/1297/900
f 905/1297/900 971/1295/966 946/1298/941
f 905/1297/900 946/1298/941 904/1299/899
f 946/1298/941 971/1295/966 972/1300/967
f 946/1298/941 972/1300/967 949/1301/944
f 971/1295/966 635/1294/632 973/1302/968
f 971/1295/966 973/1302/968 972/1300/967
f 949/1301/944 972/1300/967 974/1303/969
f 974/1303/969 972/1300/967 973/1302/968
f 949/1301/944 974/1303/969 952/1304/947
f 973/1302/968 635/1294/632 642/1305/639
f 973/1302/968 642/1305/639 974/1303/969
f 642/1305/639 635/1294/632 636/1306/633
f 952/1304/947 974/1303/969 975/1307/970
f 975/1307/970 974/1303/969 642/1305/639
f 957/1308/952 951/1309/946 952/1304/947
f 957/1308/952 952/1304/947 975/1307/970
f 965/1310/960 959/1311/954 957/1308/952
f 965/1310/960 957/1308/952 976/1312/971
f 965/1310/960 976/1312/971 966/1313/961
f 957/1308/952 975/1307/970 977/1314/972
f 957/1308/952 977/1314/972 976/1312/971
f 966/1313/961 976/1312/971 978/1315/973
f 966/1313/961 978/1315/973 967/1316/962
f 976/1312/971 977/1314/972 979/1317/974
f 977/1314/972 975/1307/970 980/1318/975
f 977/1314/972 980/1318/975 979/1317/974
f 980/1318/975 975/1307/970 981/1319/976
f 981/1319/976 975/1307/970 642/1305/639
f 981/1319/976 642/1305/639 645/1320/642
f 645/1320/642 642/1305/639 641/1321/638
f 980/1318/975 981/1319/976 982/1322/977
f 980/1318/975 982/1322/977 979/1317/974
f 981/1319/976 645/1320/642 983/1323/978
f 981/1319/976 983/1323/978 982/1322/977
f 983/1323/978 645/1320/642 674/1324/671
f 983/1323/978 674/1324/671 984/1325/979
f 983/1323/978 984/1325/979 982/1322/977
f 984/1325/979 674/1324/671 673/1326/670
f 979/1317/974 982/1322/977 985/1327/980
f 979/1317/974 985/1327/980 976/1312/971
f 985/1327/980 982/1322/977 984/1325/979
f 976/1312/971 985/1327/980 978/1315/973
f 978/1315/973 985/1327/980 986/1328/981
f 986/1328/981 985/1327/980 984/1325/979
f 978/1315/973 986/1328/981 967/1316/962
f 984/1325/979 673/1326/670 652/1329/649
f 652/1329/649 673/1326/670 653/1330/650
f 984/1325/979 652/1329/649 987/1331/982
f 655/1332/652 652/1329/649 651/1333/648
f 652/1329/649 655/1332/652 987/1331/982
f 987/1331/982 655/1332/652 654/1334/651
f 987/1331/982 654/1334/651 659/1335/656
f 984/1325/979 987/1331/982 988/1336/983
f 984/1325/979 988/1336/983 986/1328/981
f 988/1336/983 987/1331/982 989/1337/984
f 988/1336/983 989/1337/984 986/1328/981
f 989/1337/984 987/1331/982 659/1335/656
f 986/1328/981 989/1337/984 990/1338/985
f 989/1337/984 659/1335/656 688/1339/684
f 989/1337/984 688/1339/684 990/1338/985
f 688/1339/684 659/1335/656 660/1340/657
f 986/1328/981 990/1338/985 991/1341/986
f 986/1328/981 991/1341/986 967/1316/962
f 967/1316/962 991/1341/986 969/1342/964
f 991/1341/986 990/1338/985 992/1343/987
f 992/1343/987 990/1338/985 993/1344/988
f 991/1341/986 992/1343/987 994/1345/388
f 994/1345/388 992/1343/987 993/1344/988
f 991/1341/986 994/1345/388 969/1342/964
f 993/1344/988 990/1338/985 995/1346/989
f 995/1346/989 990/1338/985 688/1339/684
f 993/1344/988 995/1346/989 994/1345/388
f 995/1346/989 688/1339/684 689/1347/685
f 689/1347/685 688/1339/684 687/1348/683
f 994/1345/388 995/1346/989 996/1349/990
f 994/1345/388 996/1349/990 969/1342/964
f 996/1349/990 995/1346/989 689/1347/685
f 997/1350/991 970/1351/965 969/1342/964
f 996/1349/990 689/1347/685 727/1352/723
f 727/1352/723 689/1347/685 686/1353/682
f 969/1342/964 996/1349/990 998/1354/992
f 969/1342/964 998/1354/992 997/1350/991
f 996/1349/990 727/1352/723 999/1355/993
f 996/1349/990 999/1355/993 998/1354/992
f 997/1350/991 998/1354/992 1000/1356/994
f 1000/1356/994 998/1354/992 999/1355/993
f 997/1350/991 1000/1356/994 1001/1357/995
f 999/1355/993 727/1352/723 1002/1358/996
f 1002/1358/996 727/1352/723 725/1359/721
f 1000/1356/994 999/1355/993 1003/1360/997
f 1003/1360/997 999/1355/993 1002/1358/996
f 1001/1357/995 1000/1356/994 1004/1361/998
f 1004/1361/998 1000/1356/994 1003/1360/997
f 1001/1357/995 1004/1361/998 1005/1362/999
f 1002/1358/996 725/1359/721 726/1363/722
f 1003/1360/997 1002/1358/996 1006/1364/1000
f 1006/1364/1000 1002/1358/996 726/1363/722
f 1003/1360/997 1006/1364/1000 1004/1361/998
f 1005/1362/999 1004/1361/998 1007/1365/1001
f 1006/1364/1000 726/1363/722 1008/1366/1002
f 1006/1364/1000 1008/1366/1002 1004/1361/998
f 724/1367/720 1009/1368/1003 726/1363/722
f 726/1363/722 1009/1368/1003 1008/1366/1002
f 1008/1366/1002 1009/1368/1003 1010/1369/1004
f 1007/1365/1001 1004/1361/998 1011/1370/1005
f 1011/1370/1005 1004/1361/998 1008/1366/1002
f 1007/1365/1001 1011/1370/1005 1012/1371/1006
f 1013/1372/1007 1012/1371/1006 1014/1373/1008
f 1014/1373/1008 1012/1371/1006 1015/1374/1009
f 1015/1374/1009 1012/1371/1006 1011/1370/1005
f 1015/1374/1009 1011/1370/1005 1016/1375/1010
f 1016/1375/1010 1011/1370/1005 1008/1366/1002
f 1015/1374/1009 1016/1375/1010 1017/1376/1011
f 1016/1375/1010 1008/1366/1002 1018/1377/1012
f 1018/1377/1012 1008/1366/1002 1019/1378/1013
f 1016/1375/1010 1018/1377/1012 1020/1379/1014
f 605/1380/602 603/1381/600 932/1382/927
f 932/1382/927 603/1381/600 929/1383/924
f 605/1380/602 932/1382/927 1021/1384/1015
f 933/1385/928 962/1386/957 932/1382/927
f 932/1382/927 962/1386/957 1021/1384/1015
f 605/1380/602 1021/1384/1015 1022/1387/1016
f 605/1380/602 1022/1387/1016 607/1388/604
f 1021/1384/1015 962/1386/957 968/1389/963
f 968/1389/963 962/1386/957 961/1390/956
f 1022/1387/1016 1021/1384/1015 1023/1391/1017
f 1022/1387/1016 1023/1391/1017 607/1388/604
f 607/1388/604 1023/1391/1017 622/1392/619
f 1021/1384/1015 968/1389/963 1024/1393/449
f 1021/1384/1015 1024/1393/449 1023/1391/1017
f 1024/1393/449 968/1389/963 970/1394/965
f 622/1392/619 1023/1391/1017 1025/1395/1018
f 1025/1395/1018 1023/1391/1017 1024/1393/449
f 1024/1393/449 970/1394/965 1026/1396/1019
f 1024/1393/449 1026/1396/1019 1025/1395/1018
f 1026/1396/1019 970/1394/965 997/1397/991
f 622/1392/619 1025/1395/1018 1027/1398/1020
f 622/1392/619 1027/1398/1020 624/1399/621
f 624/1399/621 1027/1398/1020 627/1400/624
f 1027/1398/1020 1025/1395/1018 1028/1401/1021
f 627/1400/624 1027/1398/1020 1029/1402/1022
f 1029/1402/1022 1027/1398/1020 1028/1401/1021
f 1026/1396/1019 997/1397/991 1030/1403/1023
f 1030/1403/1023 997/1397/991 1001/1404/995
f 1030/1403/1023 1001/1404/995 1005/1405/999
f 1026/1396/1019 1030/1403/1023 1031/1406/1024
f 1026/1396/1019 1031/1406/1024 1025/1395/1018
f 1031/1406/1024 1030/1403/1023 1005/1405/999
f 1025/1395/1018 1031/1406/1024 1028/1401/1021
f 1028/1401/1021 1031/1406/1024 1005/1405/999
f 1028/1401/1021 1005/1405/999 1007/1407/1001
f 1032/1408/1025 1029/1402/1022 1028/1401/1021
f 1032/1408/1025 1028/1401/1021 1007/1407/1001
f 1033/1409/1026 627/1400/624 1029/1402/1022
f 1033/1409/1026 1029/1402/1022 1032/1408/1025
f 627/1400/624 1033/1409/1026 702/1410/698
f 1032/1408/1025 1007/1407/1001 1034/1411/1027
f 1032/1408/1025 1034/1411/1027 1033/1409/1026
f 702/1410/698 1033/1409/1026 1035/1412/1028
f 1035/1412/1028 1033/1409/1026 1034/1411/1027
f 702/1410/698 1035/1412/1028 705/1413/701
f 1035/1412/1028 1034/1411/1027 1036/1414/1029
f 1035/1412/1028 1036/1414/1029 1037/1415/1030
f 1037/1415/1030 1036/1414/1029 1038/1416/1031
f 1036/1414/1029 1034/1411/1027 1039/1417/1032
f 1039/1417/1032 1034/1411/1027 1007/1407/1001
f 1038/1416/1031 1036/1414/1029 1040/1418/1033
f 1040/1418/1033 1036/1414/1029 1039/1417/1032
f 1038/1416/1031 1040/1418/1033 1013/1419/1007
f 1039/1417/1032 1007/1407/1001 1041/1420/1034
f 1039/1417/1032 1041/1420/1034 1040/1418/1033
f 1040/1418/1033 1041/1420/1034 1013/1419/1007
f 1041/1420/1034 1007/1407/1001 1012/1421/1006
f 1041/1420/1034 1012/1421/1006 1013/1419/1007
f 545/1422/542 934/1423/929 546/1424/543
f 934/1423/929 545/1422/542 938/1425/933
f 934/1423/929 938/1425/933 939/1426/934
f 934/1423/929 939/1426/934 933/1427/928
f 933/1427/928 939/1426/934 940/1428/935
f 1019/1429/1013 1008/1430/1002 1010/1431/1004
f 1019/1429/1013 1010/1431/1004 1042/1432/1035
f 1019/1429/1013 1042/1432/1035 1043/1433/1036
f 1019/1429/1013 1043/1433/1036 1018/1434/1012
f 1018/1434/1012 1043/1433/1036 1020/1435/1014
f 1042/1432/1035 1010/1431/1004 1044/1436/102
f 1043/1433/1036 1042/1432/1035 1045/1437/1037
f 1045/1437/1037 1042/1432/1035 1044/1436/102
f 1044/1436/102 1010/1431/1004 1046/1438/1038
f 1046/1438/1038 1010/1431/1004 1009/1439/1003
f 1046/1438/1038 1009/1439/1003 724/1440/720
f 1046/1438/1038 724/1440/720 758/1441/753
f 1044/1436/102 1046/1438/1038 1047/1442/1039
f 1046/1438/1038 758/1441/753 1048/1443/1040
f 1046/1438/1038 1048/1443/1040 1047/1442/1039
f 1048/1443/1040 758/1441/753 757/1444/752
f 1044/1436/102 1047/1442/1039 1049/1445/1041
f 1049/1445/1041 1047/1442/1039 1048/1443/1040
f 1044/1436/102 1049/1445/1041 1045/1437/1037
f 1048/1443/1040 757/1444/752 1050/1446/1042
f 1050/1446/1042 757/1444/752 1051/1447/1043
f 1049/1445/1041 1048/1443/1040 1052/1448/1044
f 1052/1448/1044 1048/1443/1040 1050/1446/1042
f 1050/1446/1042 1051/1447/1043 1053/1449/1045
f 1053/1449/1045 1051/1447/1043 1054/1450/1046
f 1053/1449/1045 1054/1450/1046 1055/1451/1047
f 1050/1446/1042 1053/1449/1045 1056/1452/1048
f 1050/1446/1042 1056/1452/1048 1052/1448/1044
f 1056/1452/1048 1053/1449/1045 1057/1453/1049
f 1049/1445/1041 1052/1448/1044 1058/1454/1050
f 1058/1454/1050 1052/1448/1044 1056/1452/1048
f 1049/1445/1041 1058/1454/1050 1059/1455/1051
f 1049/1445/1041 1059/1455/1051 1045/1437/1037
f 1058/1454/1050 1056/1452/1048 1060/1456/1052
f 1058/1454/1050 1060/1456/1052 1059/1455/1051
f 1060/1456/1052 1056/1452/1048 1061/1457/1053
f 1060/1456/1052 1061/1457/1053 1062/1458/1054
f 1060/1456/1052 1062/1458/1054 1059/1455/1051
f 1062/1458/1054 1061/1457/1053 1063/1459/1055
f 1063/1459/1055 1061/1457/1053 1055/1460/1047
f 1054/1461/1046 1064/1462/1056 1055/1460/1047
f 1055/1460/1047 1064/1462/1056 1065/1463/1057
f 1055/1460/1047 1065/1463/1057 1063/1459/1055
f 1062/1458/1054 1063/1459/1055 1066/1464/1058
f 1066/1464/1058 1063/1459/1055 1065/1463/1057
f 1062/1458/1054 1066/1464/1058 1067/1465/1059
f 1062/1458/1054 1067/1465/1059 1059/1455/1051
f 1066/1464/1058 1065/1463/1057 1068/1466/1060
f 1066/1464/1058 1068/1466/1060 1067/1465/1059
f 1068/1466/1060 1065/1463/1057 1069/1467/1061
f 1059/1455/1051 1067/1465/1059 1070/1468/1062
f 1070/1468/1062 1067/1465/1059 1068/1466/1060
f 1070/1468/1062 1068/1466/1060 1071/1469/1063
f 1068/1466/1060 1069/1467/1061 1072/1470/1064
f 1072/1470/1064 1069/1467/1061 1073/1471/1065
f 1073/1471/1065 1069/1467/1061 1074/1472/1066
f 1074/1472/1066 1069/1467/1061 1075/1473/1067
f 1075/1473/1067 1069/1467/1061 1076/1474/1068
f 1059/1455/1051 1070/1468/1062 1077/1475/1069
f 1077/1475/1069 1070/1468/1062 1078/1476/1070
f 1059/1455/1051 1077/1475/1069 1079/1477/1071
f 1059/1455/1051 1079/1477/1071 1045/1437/1037
f 1045/1437/1037 1079/1477/1071 1043/1433/1036
f 1079/1477/1071 1077/1475/1069 1080/1478/1072
f 1079/1477/1071 1080/1478/1072 1043/1433/1036
f 1077/1475/1069 1078/1476/1070 1081/1479/1073
f 1081/1479/1073 1078/1476/1070 1082/1480/1074
f 1081/1479/1073 1082/1480/1074 1083/1481/1075
f 1077/1475/1069 1081/1479/1073 1084/1482/1076
f 1077/1475/1069 1084/1482/1076 1080/1478/1072
f 1084/1482/1076 1081/1479/1073 1085/1483/1077
f 1084/1482/1076 1085/1483/1077 1080/1478/1072
f 1085/1483/1077 1081/1479/1073 1086/1484/1078
f 1086/1484/1078 1081/1479/1073 1038/1485/1031
f 1080/1478/1072 1085/1483/1077 1087/1486/1079
f 1087/1486/1079 1085/1483/1077 1086/1484/1078
f 1087/1486/1079 1086/1484/1078 1014/1487/1008
f 1014/1487/1008 1086/1484/1078 1013/1488/1007
f 1080/1478/1072 1087/1486/1079 1088/1489/1080
f 1080/1478/1072 1088/1489/1080 1043/1433/1036
f 1043/1433/1036 1088/1489/1080 1020/1435/1014
f 1088/1489/1080 1087/1486/1079 1017/1490/1011
f 1017/1490/1011 1087/1486/1079 1014/1487/1008
f 1088/1489/1080 1017/1490/1011 1020/1435/1014
f 1017/1490/1011 1014/1487/1008 1015/1491/1009
f 1020/1435/1014 1017/1490/1011 1016/1492/1010
f 179/1493/178 177/1494/176 1089/1495/1081
f 1090/1496/1082 1091/1497/1083 1089/1495/1081
f 1090/1496/1082 1089/1495/1081 1092/1498/1084
f 1089/1495/1081 177/1494/176 1093/1499/1085
f 1089/1495/1081 1093/1499/1085 1092/1498/1084
f 1093/1499/1085 177/1494/176 1094/1500/1086
f 1094/1500/1086 177/1494/176 175/1501/174
f 1094/1500/1086 175/1501/174 174/1502/173
f 1094/1500/1086 174/1502/173 1095/1503/1087
f 1094/1500/1086 1095/1503/1087 1093/1499/1085
f 1095/1503/1087 174/1502/173 1096/1504/1088
f 1095/1503/1087 1096/1504/1088 1097/1505/1089
f 1093/1499/1085 1095/1503/1087 1098/1506/1090
f 1098/1506/1090 1095/1503/1087 1097/1505/1089
f 1093/1499/1085 1098/1506/1090 1092/1498/1084
f 1098/1506/1090 1097/1505/1089 1099/1507/1091
f 1092/1498/1084 1098/1506/1090 1100/1508/1092
f 1100/1508/1092 1098/1506/1090 1099/1507/1091
f 1101/1509/1093 1090/1496/1082 1092/1498/1084
f 1090/1496/1082 1101/1509/1093 1102/1510/1094
f 1101/1509/1093 1092/1498/1084 1103/1511/1095
f 1103/1511/1095 1092/1498/1084 1100/1508/1092
f 1101/1509/1093 1103/1511/1095 1104/1512/1096
f 1101/1509/1093 1104/1512/1096 1105/1513/1097
f 1101/1509/1093 1105/1513/1097 1106/1514/1098
f 1105/1513/1097 1104/1512/1096 1107/1515/1099
f 1104/1512/1096 1103/1511/1095 1108/1516/1100
f 1108/1516/1100 1103/1511/1095 1100/1508/1092
f 1108/1516/1100 1100/1508/1092 1109/1517/1101
f 1108/1516/1100 1109/1517/1101 1110/1518/1102
f 1111/1519/1103 1100/1508/1092 1099/1507/1091
f 1100/1508/1092 1111/1519/1103 1109/1517/1101
f 1111/1519/1103 1099/1507/1091 1112/1520/1104
f 1110/1518/1102 1109/1517/1101 1113/1521/1105
f 1113/1521/1105 1109/1517/1101 1111/1519/1103
f 1110/1518/1102 1113/1521/1105 1114/1522/1106
f 1111/1519/1103 1112/1520/1104 1115/1523/1107
f 1115/1523/1107 1112/1520/1104 1116/1524/1108
f 1113/1521/1105 1111/1519/1103 1117/1525/1109
f 1117/1525/1109 1111/1519/1103 1115/1523/1107
f 1113/1521/1105 1117/1525/1109 1118/1526/1110
f 1113/1521/1105 1118/1526/1110 1119/1527/1111
f 1117/1525/1109 1115/1523/1107 1120/1528/1112
f 1117/1525/1109 1120/1528/1112 1118/1526/1110
f 1115/1523/1107 1116/1524/1108 1121/1529/1113
f 1115/1523/1107 1121/1529/1113 1120/1528/1112
f 1121/1529/1113 1116/1524/1108 1122/1530/1114
f 1118/1526/1110 1120/1528/1112 1123/1531/1115
f 1118/1526/1110 1123/1531/1115 1124/1532/1116
f 1123/1531/1115 1120/1528/1112 1125/1533/1117
f 1125/1533/1117 1120/1528/1112 1126/1534/1118
f 1126/1534/1118 1120/1528/1112 1121/1529/1113
f 1125/1533/1117 1126/1534/1118 1127/1535/1119
f 1121/1529/1113 1122/1530/1114 1128/1536/1120
f 1121/1529/1113 1128/1536/1120 1126/1534/1118
f 1126/1534/1118 1128/1536/1120 1127/1535/1119
f 1128/1536/1120 1122/1530/1114 1129/1537/1121
f 1127/1535/1119 1128/1536/1120 1130/1538/1122
f 1130/1538/1122 1128/1536/1120 1129/1537/1121
f 1130/1538/1122 1129/1537/1121 1131/1539/1123
f 1130/1538/1122 1131/1539/1123 1132/1540/1124
f 1132/1540/1124 1131/1539/1123 1133/1541/1125
f 1134/1542/1126 219/1543/218 218/1544/217
f 1134/1542/1126 218/1544/217 215/1545/214
f 1134/1542/1126 215/1545/214 216/1546/215
f 219/1543/218 1134/1542/1126 1135/1547/1127
f 219/1543/218 1135/1547/1127 221/1548/220
f 1134/1542/1126 216/1546/215 1136/1549/1128
f 1134/1542/1126 1136/1549/1128 1135/1547/1127
f 221/1548/220 1135/1547/1127 1137/1550/807
f 221/1548/220 1137/1550/807 225/1551/224
f 1135/1547/1127 1136/1549/1128 1138/1552/1129
f 1135/1547/1127 1138/1552/1129 1137/1550/807
f 1136/1549/1128 216/1546/215 1139/1553/1130
f 351/1554/349 227/1555/226 225/1551/224
f 351/1554/349 225/1551/224 1140/1556/1131
f 1140/1556/1131 225/1551/224 1137/1550/807
f 351/1554/349 1140/1556/1131 1141/1557/1132
f 1141/1557/1132 1140/1556/1131 1142/1558/1133
f 1140/1556/1131 1137/1550/807 1143/1559/1134
f 1143/1559/1134 1137/1550/807 1138/1552/1129
f 1142/1558/1133 1140/1556/1131 1144/1560/1135
f 1144/1560/1135 1140/1556/1131 1143/1559/1134
f 1142/1558/1133 1144/1560/1135 1145/1561/1136
f 1143/1559/1134 1138/1552/1129 1146/1562/1137
f 1143/1559/1134 1146/1562/1137 1144/1560/1135
f 1145/1561/1136 1144/1560/1135 1147/1563/1138
f 1147/1563/1138 1144/1560/1135 1146/1562/1137
f 1142/1558/1133 1145/1561/1136 1148/1564/1139
f 1148/1564/1139 1145/1561/1136 1147/1563/1138
f 1142/1558/1133 1148/1564/1139 1149/1565/1140
f 1149/1565/1140 1148/1564/1139 1150/1566/1141
f 1148/1564/1139 1147/1563/1138 1151/1567/1142
f 1148/1564/1139 1151/1567/1142 1150/1566/1141
f 1151/1567/1142 1147/1563/1138 1152/1568/1143
f 1150/1566/1141 1151/1567/1142 1153/1569/1144
f 1153/1569/1144 1151/1567/1142 1152/1568/1143
f 1154/1570/1145 1155/1571/1146 1150/1566/1141
f 1154/1570/1145 1150/1566/1141 1153/1569/1144
f 1152/1568/1143 1147/1563/1138 1156/1572/1147
f 1156/1572/1147 1147/1563/1138 1146/1562/1137
f 1152/1568/1143 1156/1572/1147 1157/1573/1148
f 1158/1574/1149 1159/1575/1150 1154/1570/1145
f 1158/1574/1149 1154/1570/1145 1160/1576/1151
f 1160/1576/1151 1154/1570/1145 1153/1569/1144
f 1158/1574/1149 1160/1576/1151 1161/1577/1152
f 1158/1574/1149 1161/1577/1152 1162/1578/1153
f 1162/1578/1153 1161/1577/1152 1163/1579/1154
f 1163/1579/1154 1161/1577/1152 1164/1580/1155
f 1165/1581/1156 1153/1569/1144 1152/1568/1143
f 1165/1581/1156 1152/1568/1143 1157/1573/1148
f 1160/1576/1151 1153/1569/1144 1166/1582/1157
f 1164/1580/1155 1161/1577/1152 1167/1583/1158
f 1164/1580/1155 1167/1583/1158 1168/1584/1159
f 1169/1585/1160 1161/1577/1152 1160/1576/1151
f 1169/1585/1160 1160/1576/1151 1166/1582/1157
f 1167/1583/1158 1161/1577/1152 1170/1586/1161
f 1170/1586/1161 1161/1577/1152 1169/1585/1160
f 1168/1584/1159 1167/1583/1158 1171/1587/1162
f 1171/1587/1162 1167/1583/1158 1170/1586/1161
f 1170/1586/1161 1169/1585/1160 1172/1588/1163
f 1170/1586/1161 1172/1588/1163 1171/1587/1162
f 1172/1588/1163 1169/1585/1160 1166/1582/1157
f 1168/1584/1159 1171/1587/1162 1173/1589/1164
f 1171/1587/1162 1172/1588/1163 1097/1590/1089
f 1171/1587/1162 1097/1590/1089 1173/1589/1164
f 1097/1590/1089 1172/1588/1163 1099/1591/1091
f 1099/1591/1091 1172/1588/1163 1112/1592/1104
f 1173/1589/1164 1097/1590/1089 1096/1593/1088
f 1112/1592/1104 1172/1588/1163 1116/1594/1108
f 1116/1594/1108 1172/1588/1163 1174/1595/1165
f 1174/1595/1165 1172/1588/1163 1166/1582/1157
f 1116/1594/1108 1174/1595/1165 1122/1596/1114
f 1122/1596/1114 1174/1595/1165 1129/1597/1121
f 1129/1597/1121 1174/1595/1165 1175/1598/1166
f 1129/1597/1121 1175/1598/1166 1131/1599/1123
f 1174/1595/1165 1166/1582/1157 1176/1600/1167
f 1174/1595/1165 1176/1600/1167 1177/1601/1168
f 1176/1600/1167 1166/1582/1157 1178/1602/1169
f 1176/1600/1167 1178/1602/1169 1177/1601/1168
f 1178/1602/1169 1166/1582/1157 1153/1569/1144
f 1178/1602/1169 1153/1569/1144 1165/1581/1156
f 1177/1601/1168 1178/1602/1169 1179/1603/1170
f 1179/1603/1170 1178/1602/1169 1165/1581/1156
f 1179/1603/1170 1165/1581/1156 1180/1604/1171
f 1180/1604/1171 1165/1581/1156 1157/1573/1148
f 1179/1603/1170 1180/1604/1171 1181/1605/1172
f 1181/1605/1172 1180/1604/1171 1157/1573/1148
f 1179/1603/1170 1181/1605/1172 1175/1606/1166
f 1175/1606/1166 1181/1605/1172 1131/1607/1123
f 1131/1607/1123 1181/1605/1172 1182/1608/1173
f 1181/1605/1172 1157/1573/1148 1183/1609/1174
f 1183/1609/1174 1157/1573/1148 1184/1610/1175
f 1183/1609/1174 1184/1610/1175 1185/1611/1176
f 1184/1610/1175 1157/1573/1148 1186/1612/1177
f 1185/1611/1176 1184/1610/1175 1187/1613/1178
f 1187/1613/1178 1184/1610/1175 1186/1612/1177
f 1186/1612/1177 1157/1573/1148 1156/1572/1147
f 1185/1611/1176 1187/1613/1178 1188/1614/1179
f 1186/1612/1177 1156/1572/1147 1189/1615/1180
f 1187/1613/1178 1186/1612/1177 1190/1616/1181
f 1187/1613/1178 1190/1616/1181 1188/1614/1179
f 1190/1616/1181 1186/1612/1177 1189/1615/1180
f 1188/1614/1179 1190/1616/1181 1191/1617/1182
f 1189/1615/1180 1156/1572/1147 1146/1562/1137
f 1188/1614/1179 1191/1617/1182 1192/1618/1183
f 1191/1617/1182 1190/1616/1181 1193/1619/1184
f 1193/1619/1184 1190/1616/1181 1189/1615/1180
f 1191/1617/1182 1193/1619/1184 1192/1618/1183
f 1189/1615/1180 1146/1562/1137 1194/1620/1185
f 1189/1615/1180 1194/1620/1185 1193/1619/1184
f 1194/1620/1185 1146/1562/1137 1195/1621/1186
f 1195/1621/1186 1146/1562/1137 1138/1552/1129
f 1194/1620/1185 1195/1621/1186 1196/1622/1187
f 1196/1622/1187 1195/1621/1186 1138/1552/1129
f 1194/1620/1185 1196/1622/1187 1193/1619/1184
f 1196/1622/1187 1138/1552/1129 1136/1549/1128
f 1197/1623/1188 1192/1618/1183 1193/1619/1184
f 1197/1623/1188 1193/1619/1184 1196/1622/1187
f 1192/1618/1183 1197/1623/1188 1198/1624/1189
f 1196/1622/1187 1136/1549/1128 1139/1553/1130
f 1196/1622/1187 1139/1553/1130 1197/1623/1188
f 1197/1623/1188 1139/1553/1130 1198/1624/1189
f 1198/1624/1189 1139/1553/1130 1199/1625/1190
f 1199/1625/1190 1139/1553/1130 216/1546/215
f 1198/1624/1189 1199/1625/1190 1200/1626/1191
f 1199/1625/1190 216/1546/215 1201/1627/1192
f 1199/1625/1190 1201/1627/1192 1200/1626/1191
f 182/1628/181 179/1629/178 1089/1630/1081
f 182/1628/181 1089/1630/1081 1091/1631/1083
f 182/1628/181 1091/1631/1083 183/1632/182
f 183/1632/182 1091/1631/1083 1202/1633/1193
f 1202/1633/1193 1091/1631/1083 1090/1634/1082
f 1202/1633/1193 1090/1634/1082 1102/1635/1094
f 183/1632/182 1202/1633/1193 1203/1636/1194
f 1203/1636/1194 1202/1633/1193 1102/1635/1094
f 183/1632/182 1203/1636/1194 1204/1637/1195
f 183/1632/182 1204/1637/1195 186/1638/185
f 1203/1636/1194 1102/1635/1094 1205/1639/1196
f 1203/1636/1194 1205/1639/1196 1204/1637/1195
f 1205/1639/1196 1102/1635/1094 1106/1640/1098
f 1106/1640/1098 1102/1635/1094 1101/1641/1093
f 1204/1637/1195 1205/1639/1196 1206/1642/1197
f 1206/1642/1197 1205/1639/1196 1106/1640/1098
f 186/1638/185 1204/1637/1195 1201/1643/1192
f 1201/1643/1192 1204/1637/1195 1206/1642/1197
f 186/1638/185 1201/1643/1192 192/1644/191
f 192/1644/191 1201/1643/1192 195/1645/194
f 195/1645/194 1201/1643/1192 216/1646/215
f 195/1645/194 216/1646/215 196/1647/195
f 1201/1643/1192 1206/1642/1197 1200/1648/1191
f 1200/1648/1191 1206/1642/1197 1207/1649/1198
f 1207/1649/1198 1206/1642/1197 1106/1640/1098
f 1207/1649/1198 1106/1640/1098 1208/1650/1199
f 1208/1650/1199 1106/1640/1098 1107/1651/1099
f 1107/1651/1099 1106/1640/1098 1105/1652/1097
f 1209/1653/1200 1210/1654/1201 1211/1655/1202
f 1209/1653/1200 1211/1655/1202 1212/1656/1203
f 1212/1656/1203 1211/1655/1202 1207/1657/1198
f 1207/1657/1198 1211/1655/1202 1210/1654/1201
f 1209/1653/1200 1212/1656/1203 1213/1658/1204
f 1207/1657/1198 1210/1654/1201 1214/1659/1205
f 1207/1657/1198 1214/1659/1205 1200/1660/1191
f 1214/1659/1205 1210/1654/1201 1215/1661/1206
f 1215/1661/1206 1210/1654/1201 1216/1662/1207
f 1217/1663/1208 1210/1654/1201 1209/1653/1200
f 1210/1654/1201 1217/1663/1208 1216/1662/1207
f 1209/1653/1200 1213/1658/1204 1218/1664/1209
f 1209/1653/1200 1218/1664/1209 1217/1663/1208
f 1218/1664/1209 1213/1658/1204 1219/1665/1210
f 1219/1665/1210 1213/1658/1204 1220/1666/1211
f 1219/1665/1210 1220/1666/1211 1221/1667/1212
f 1218/1664/1209 1219/1665/1210 1222/1668/1213
f 1223/1669/1214 1216/1662/1207 1224/1670/1215
f 1224/1670/1215 1216/1662/1207 1225/1671/1216
f 1225/1671/1216 1216/1662/1207 1217/1663/1208
f 1224/1670/1215 1225/1671/1216 1226/1672/1217
f 1226/1672/1217 1225/1671/1216 1227/1673/1218
f 1227/1673/1218 1225/1671/1216 1217/1663/1208
f 1226/1672/1217 1227/1673/1218 1228/1674/1219
f 1228/1674/1219 1227/1673/1218 1229/1675/1220
f 1228/1674/1219 1229/1675/1220 1230/1676/1221
f 1229/1675/1220 1227/1673/1218 1231/1677/1222
f 1229/1675/1220 1231/1677/1222 1232/1678/1223
f 1227/1673/1218 1217/1663/1208 1233/1679/1224
f 1227/1673/1218 1233/1679/1224 1234/1680/1225
f 1233/1679/1224 1217/1663/1208 1218/1664/1209
f 1233/1679/1224 1218/1664/1209 1235/1681/1226
f 1233/1679/1224 1235/1681/1226 1236/1682/1227
f 1228/1683/1219 1236/1682/1227 1224/1684/1215
f 1224/1684/1215 1236/1682/1227 1226/1685/1217
f 1226/1685/1217 1236/1682/1227 1235/1681/1226
f 1226/1685/1217 1235/1681/1226 1237/1686/1228
f 1235/1681/1226 1218/1664/1209 1238/1687/1229
f 1238/1687/1229 1218/1664/1209 1222/1668/1213
f 1238/1687/1229 1222/1668/1213 1239/1688/1230
f 1235/1681/1226 1238/1687/1229 1240/1689/1231
f 1240/1689/1231 1238/1687/1229 1239/1688/1230
f 1235/1681/1226 1240/1689/1231 1237/1686/1228
f 1240/1689/1231 1239/1688/1230 1241/1690/1232
f 1240/1689/1231 1241/1690/1232 1237/1686/1228
f 1214/1691/1205 1242/1692/1233 1243/1693/1234
f 1214/1691/1205 1243/1693/1234 1200/1694/1191
f 1200/1694/1191 1243/1693/1234 1244/1695/1235
f 1200/1694/1191 1244/1695/1235 1198/1696/1189
f 1198/1696/1189 1244/1695/1235 1192/1697/1183
f 1244/1695/1235 1243/1693/1234 1245/1698/1236
f 1245/1698/1236 1243/1693/1234 1242/1692/1233
f 1192/1697/1183 1244/1695/1235 1246/1699/1237
f 1192/1697/1183 1246/1699/1237 1188/1700/1179
f 1188/1700/1179 1246/1699/1237 1185/1701/1176
f 1246/1699/1237 1244/1695/1235 1247/1702/1238
f 1247/1702/1238 1244/1695/1235 1245/1698/1236
f 1185/1701/1176 1246/1699/1237 1248/1703/1239
f 1248/1703/1239 1246/1699/1237 1247/1702/1238
f 1185/1701/1176 1248/1703/1239 1183/1704/1174
f 1249/1705/1240 1245/1698/1236 1242/1692/1233
f 1245/1698/1236 1249/1705/1240 1247/1702/1238
f 1183/1704/1174 1248/1703/1239 1250/1706/1241
f 1183/1704/1174 1250/1706/1241 1181/1707/1172
f 1181/1707/1172 1250/1706/1241 1251/1708/1242
f 1250/1706/1241 1248/1703/1239 1252/1709/1243
f 1250/1706/1241 1252/1709/1243 1253/1710/1244
f 1254/1711/1245 1248/1703/1239 1247/1702/1238
f 1248/1703/1239 1254/1711/1245 1252/1709/1243
f 1254/1711/1245 1247/1702/1238 1255/1712/1246
f 1255/1712/1246 1247/1702/1238 1249/1705/1240
f 1253/1710/1244 1252/1709/1243 1256/1713/1247
f 1256/1713/1247 1252/1709/1243 1254/1711/1245
f 1256/1713/1247 1254/1711/1245 1255/1712/1246
f 1256/1713/1247 1255/1712/1246 1249/1705/1240
f 1256/1713/1247 1249/1705/1240 1257/1714/1248
f 1257/1714/1248 1249/1705/1240 1258/1715/1249
f 1258/1715/1249 1249/1705/1240 1242/1692/1233
f 1257/1714/1248 1258/1715/1249 1259/1716/1250
f 1257/1714/1248 1259/1716/1250 1260/1717/1251
f 1260/1717/1251 1259/1716/1250 1261/1718/1252
f 1261/1718/1252 1259/1716/1250 1262/1719/1253
f 1262/1719/1253 1259/1716/1250 1258/1715/1249
f 1262/1719/1253 1258/1715/1249 1242/1692/1233
f 1262/1719/1253 1242/1692/1233 1214/1691/1205
f 1262/1719/1253 1214/1691/1205 1215/1720/1206
f 1262/1719/1253 1215/1720/1206 1223/1721/1214
f 1223/1721/1214 1215/1720/1206 1216/1722/1207
f 1222/1723/1213 1263/1724/1254 1264/1725/1255
f 1222/1723/1213 1264/1725/1255 1239/1726/1230
f 1239/1726/1230 1264/1725/1255 1265/1727/1256
f 1265/1727/1256 1264/1725/1255 1263/1724/1254
f 1239/1726/1230 1265/1727/1256 1241/1728/1232
f 1241/1728/1232 1265/1727/1256 1266/1729/1257
f 1266/1729/1257 1265/1727/1256 1267/1730/1258
f 1267/1730/1258 1265/1727/1256 1263/1724/1254
f 1266/1729/1257 1267/1730/1258 1268/1731/1259
f 1268/1731/1259 1267/1730/1258 1269/1732/1260
f 1268/1731/1259 1269/1732/1260 738/1733/734
f 738/1733/734 1269/1732/1260 739/1734/735
f 1269/1732/1260 1267/1730/1258 1270/1735/1261
f 1269/1732/1260 1270/1735/1261 739/1734/735
f 1270/1735/1261 1267/1730/1258 1263/1724/1254
f 739/1734/735 1270/1735/1261 1271/1736/1262
f 739/1734/735 1271/1736/1262 742/1737/738
f 1270/1735/1261 1263/1724/1254 1272/1738/1263
f 1270/1735/1261 1272/1738/1263 1271/1736/1262
f 742/1737/738 1271/1736/1262 1273/1739/1264
f 742/1737/738 1273/1739/1264 1274/1740/1265
f 1274/1740/1265 1273/1739/1264 1275/1741/1266
f 1273/1739/1264 1271/1736/1262 1276/1742/1267
f 1275/1741/1266 1273/1739/1264 1277/1743/1268
f 1277/1743/1268 1273/1739/1264 1276/1742/1267
f 1275/1741/1266 1277/1743/1268 1278/1744/1269
f 1276/1742/1267 1271/1736/1262 1279/1745/1270
f 1279/1745/1270 1271/1736/1262 1272/1738/1263
f 1277/1743/1268 1276/1742/1267 1280/1746/1271
f 1280/1746/1271 1276/1742/1267 1279/1745/1270
f 1278/1744/1269 1277/1743/1268 1281/1747/1272
f 1281/1747/1272 1277/1743/1268 1280/1746/1271
f 1275/1741/1266 1278/1744/1269 1282/1748/1273
f 1275/1741/1266 1282/1748/1273 1283/1749/1274
f 1282/1748/1273 1278/1744/1269 1284/1750/1275
f 1282/1748/1273 1284/1750/1275 1285/1751/1276
f 1282/1748/1273 1285/1751/1276 1232/1752/1223
f 1281/1747/1272 1280/1746/1271 1286/1753/1277
f 1286/1753/1277 1280/1746/1271 1279/1745/1270
f 1281/1747/1272 1286/1753/1277 1287/1754/1278
f 1286/1753/1277 1279/1745/1270 1272/1738/1263
f 1287/1754/1278 1286/1753/1277 1288/1755/1279
f 1287/1754/1278 1288/1755/1279 1289/1756/1280
f 1286/1753/1277 1272/1738/1263 1290/1757/1281
f 1286/1753/1277 1290/1757/1281 1288/1755/1279
f 1289/1756/1280 1288/1755/1279 1291/1758/1282
f 1289/1756/1280 1291/1758/1282 1292/1759/1283
f 1292/1759/1283 1291/1758/1282 1293/1760/1284
f 1293/1760/1284 1291/1758/1282 1294/1761/1285
f 1294/1761/1285 1291/1758/1282 1288/1755/1279
f 1288/1755/1279 1290/1757/1281 1295/1762/1286
f 1288/1755/1279 1295/1762/1286 1294/1761/1285
f 1296/1763/1287 1290/1757/1281 1272/1738/1263
f 1295/1762/1286 1290/1757/1281 1297/1764/831
f 1297/1764/831 1290/1757/1281 1296/1763/1287
f 1294/1761/1285 1295/1762/1286 1298/1765/1288
f 1298/1765/1288 1295/1762/1286 1297/1764/831
f 1294/1761/1285 1298/1765/1288 1299/1766/1289
f 1294/1761/1285 1299/1766/1289 1300/1767/1290
f 1300/1767/1290 1299/1766/1289 1301/1768/1291
f 1296/1763/1287 1272/1738/1263 1302/1769/1292
f 1302/1769/1292 1272/1738/1263 1263/1724/1254
f 1297/1764/831 1296/1763/1287 1303/1770/1293
f 1303/1770/1293 1296/1763/1287 1302/1769/1292
f 1298/1765/1288 1297/1764/831 1304/1771/1294
f 1298/1765/1288 1304/1771/1294 1299/1766/1289
f 1304/1771/1294 1297/1764/831 1303/1770/1293
f 1303/1770/1293 1302/1769/1292 1305/1772/1295
f 1302/1769/1292 1263/1724/1254 1221/1773/1212
f 1302/1769/1292 1221/1773/1212 1305/1772/1295
f 1305/1772/1295 1221/1773/1212 1303/1770/1293
f 1221/1773/1212 1263/1724/1254 1222/1723/1213
f 1221/1773/1212 1222/1723/1213 1219/1774/1210
f 1303/1770/1293 1221/1773/1212 1306/1775/1296
f 1303/1770/1293 1306/1775/1296 1304/1771/1294
f 1304/1771/1294 1306/1775/1296 1307/1776/1297
f 1304/1771/1294 1307/1776/1297 1299/1766/1289
f 1307/1776/1297 1306/1775/1296 1308/1777/1298
f 1299/1766/1289 1307/1776/1297 1309/1778/1299
f 1309/1778/1299 1307/1776/1297 1308/1777/1298
f 1299/1766/1289 1309/1778/1299 1301/1768/1291
f 1309/1778/1299 1308/1777/1298 1310/1779/1300
f 1309/1778/1299 1310/1779/1300 1301/1768/1291
f 1241/1780/1232 1266/1781/1257 1311/1782/1301
f 1241/1780/1232 1311/1782/1301 1237/1783/1228
f 1311/1782/1301 1266/1781/1257 1312/1784/1302
f 1312/1784/1302 1266/1781/1257 1268/1785/1259
f 1312/1784/1302 1268/1785/1259 1313/1786/1303
f 1237/1783/1228 1311/1782/1301 1314/1787/1304
f 1314/1787/1304 1311/1782/1301 1312/1784/1302
f 1237/1783/1228 1314/1787/1304 1226/1788/1217
f 1226/1788/1217 1314/1787/1304 1228/1789/1219
f 1314/1787/1304 1312/1784/1302 1283/1790/1274
f 1283/1790/1274 1312/1784/1302 1313/1786/1303
f 1314/1787/1304 1283/1790/1274 1228/1789/1219
f 1228/1789/1219 1283/1790/1274 1282/1791/1273
f 1283/1790/1274 1313/1786/1303 1315/1792/1305
f 1283/1790/1274 1315/1792/1305 1275/1793/1266
f 1275/1793/1266 1315/1792/1305 1274/1794/1265
f 1274/1794/1265 1315/1792/1305 743/1795/739
f 1274/1794/1265 743/1795/739 742/1796/738
f 174/1797/173 171/1798/170 173/1799/172
f 174/1797/173 173/1799/172 1316/1800/1306
f 174/1797/173 1316/1800/1306 1096/1593/1088
f 1096/1593/1088 1316/1800/1306 1317/1801/1307
f 1096/1593/1088 1317/1801/1307 1173/1589/1164
f 1173/1589/1164 1317/1801/1307 1318/1802/1308
f 1173/1589/1164 1318/1802/1308 1168/1584/1159
f 1317/1801/1307 1316/1800/1306 1319/1803/1309
f 1317/1801/1307 1319/1803/1309 1318/1802/1308
f 1320/1804/1310 1316/1800/1306 173/1799/172
f 1316/1800/1306 1320/1804/1310 1319/1803/1309
f 1318/1802/1308 1319/1803/1309 1321/1805/1311
f 1321/1805/1311 1319/1803/1309 1320/1804/1310
f 1318/1802/1308 1321/1805/1311 1322/1806/1312
f 1322/1806/1312 1321/1805/1311 1323/1807/1313
f 1323/1807/1313 1321/1805/1311 1320/1804/1310
f 1320/1804/1310 173/1799/172 1324/1808/1314
f 1320/1804/1310 1324/1808/1314 1323/1807/1313
f 1324/1808/1314 173/1799/172 172/1809/171
f 1323/1807/1313 1324/1808/1314 1325/1810/1315
f 1324/1808/1314 172/1809/171 426/1811/423
f 1324/1808/1314 426/1811/423 1325/1810/1315
f 426/1812/423 425/1813/422 428/1814/425
f 426/1812/423 428/1814/425 1325/1815/1315
f 1325/1815/1315 428/1814/425 1326/1816/1316
f 429/1817/426 1327/1818/1317 428/1814/425
f 1327/1818/1317 429/1817/426 423/1819/420
f 1327/1818/1317 423/1819/420 424/1820/421
f 1327/1818/1317 424/1820/421 428/1814/425
f 428/1814/425 424/1820/421 1326/1816/1316
f 1326/1816/1316 424/1820/421 1328/1821/1318
f 1325/1815/1315 1326/1816/1316 1329/1822/1319
f 1325/1815/1315 1329/1822/1319 1323/1823/1313
f 1323/1823/1313 1329/1822/1319 1322/1824/1312
f 1322/1824/1312 1329/1822/1319 1330/1825/1320
f 1322/1824/1312 1330/1825/1320 1318/1826/1308
f 1329/1822/1319 1326/1816/1316 1331/1827/1321
f 1329/1822/1319 1331/1827/1321 1330/1825/1320
f 1326/1816/1316 1328/1821/1318 1332/1828/1322
f 1326/1816/1316 1332/1828/1322 1331/1827/1321
f 1318/1826/1308 1330/1825/1320 1333/1829/1323
f 1318/1826/1308 1333/1829/1323 1168/1830/1159
f 1330/1825/1320 1331/1827/1321 1334/1831/1324
f 1334/1831/1324 1331/1827/1321 1332/1828/1322
f 1330/1825/1320 1334/1831/1324 1335/1832/1325
f 1330/1825/1320 1335/1832/1325 1333/1829/1323
f 1334/1831/1324 1332/1828/1322 1336/1833/1326
f 1334/1831/1324 1336/1833/1326 1335/1832/1325
f 1168/1830/1159 1333/1829/1323 1337/1834/1327
f 1168/1830/1159 1337/1834/1327 1164/1835/1155
f 1333/1829/1323 1335/1832/1325 1338/1836/1328
f 1339/1837/1329 1163/1838/1154 1164/1835/1155
f 1339/1837/1329 1164/1835/1155 1337/1834/1327
f 1337/1834/1327 1333/1829/1323 1340/1839/1330
f 1340/1839/1330 1333/1829/1323 1338/1836/1328
f 1340/1839/1330 1338/1836/1328 1337/1834/1327
f 1339/1837/1329 1337/1834/1327 1341/1840/1331
f 1341/1840/1331 1337/1834/1327 1338/1836/1328
f 1339/1837/1329 1341/1840/1331 1342/1841/1332
f 1342/1841/1332 1341/1840/1331 1343/1842/1333
f 1343/1842/1333 1341/1840/1331 1344/1843/1334
f 1344/1843/1334 1341/1840/1331 1338/1836/1328
f 1344/1843/1334 1338/1836/1328 1345/1844/1335
f 1345/1844/1335 1338/1836/1328 1335/1832/1325
f 1345/1844/1335 1335/1832/1325 1346/1845/1336
f 1346/1845/1336 1335/1832/1325 1336/1833/1326
f 1345/1844/1335 1346/1845/1336 1347/1846/1337
f 1346/1845/1336 1336/1833/1326 1348/1847/1338
f 1346/1845/1336 1348/1847/1338 1347/1846/1337
f 1347/1846/1337 1348/1847/1338 1336/1833/1326
f 1345/1844/1335 1347/1846/1337 1349/1848/1339
f 1345/1844/1335 1349/1848/1339 1350/1849/1340
f 1347/1846/1337 1336/1833/1326 1351/1850/1341
f 1347/1846/1337 1351/1850/1341 1352/1851/1342
f 1347/1846/1337 1352/1851/1342 1349/1848/1339
f 1351/1850/1341 1336/1833/1326 1353/1852/1343
f 1353/1852/1343 1336/1833/1326 1332/1828/1322
f 1350/1849/1340 1349/1848/1339 1354/1853/1344
f 1350/1849/1340 1354/1853/1344 1355/1854/1345
f 1356/1855/1346 1357/1856/1347 1355/1854/1345
f 1356/1855/1346 1355/1854/1345 1358/1857/1348
f 1358/1857/1348 1355/1854/1345 1354/1853/1344
f 1359/1858/1349 1358/1857/1348 1360/1859/1350
f 1360/1859/1350 1358/1857/1348 1361/1860/1351
f 1361/1860/1351 1358/1857/1348 1362/1861/1352
f 1362/1861/1352 1358/1857/1348 1354/1853/1344
f 1362/1861/1352 1354/1853/1344 1363/1862/1353
f 1362/1861/1352 1363/1862/1353 1364/1863/1354
f 1363/1862/1353 1354/1853/1344 1365/1864/1355
f 1365/1864/1355 1354/1853/1344 1349/1848/1339
f 1365/1864/1355 1349/1848/1339 1366/1865/1356
f 1365/1864/1355 1366/1865/1356 1367/1866/1357
f 1367/1866/1357 1366/1865/1356 1368/1867/1358
f 1366/1865/1356 1349/1848/1339 1352/1851/1342
f 1366/1865/1356 1352/1851/1342 1369/1868/1359
f 1366/1865/1356 1369/1868/1359 1370/1869/1360
f 1369/1868/1359 1352/1851/1342 1351/1850/1341
f 1369/1868/1359 1351/1850/1341 1353/1852/1343
f 1369/1868/1359 1353/1852/1343 419/1870/416
f 1369/1868/1359 419/1870/416 416/1871/414
f 419/1870/416 1353/1852/1343 1371/1872/1361
f 1371/1872/1361 1353/1852/1343 1332/1828/1322
f 1371/1872/1361 1332/1828/1322 1328/1821/1318
f 1371/1872/1361 1328/1821/1318 424/1820/421
f 1371/1872/1361 424/1820/421 419/1870/416
f 419/1870/416 424/1820/421 418/1873/412
f 1372/1874/1362 1373/1875/1363 706/1876/702
f 1373/1875/1363 1372/1874/1362 1374/1877/1364
f 1372/1874/1362 706/1876/702 1375/1878/1365
f 1375/1878/1365 706/1876/702 707/1879/703
f 1375/1878/1365 707/1879/703 1376/1880/1366
f 1374/1877/1364 1372/1874/1362 736/1881/732
f 1374/1877/1364 736/1881/732 734/1882/730
f 1374/1877/1364 734/1882/730 1377/1883/1367
f 1374/1877/1364 1377/1883/1367 709/1884/705
f 1377/1883/1367 734/1882/730 733/1885/729
f 1377/1883/1367 733/1885/729 715/1886/711
f 1377/1883/1367 715/1886/711 711/1887/707
f 715/1886/711 733/1885/729 717/1888/713
f 1378/1889/1368 736/1881/732 1372/1874/1362
f 736/1881/732 1378/1889/1368 735/1890/731
f 1378/1889/1368 1372/1874/1362 1379/1891/1369
f 1379/1891/1369 1372/1874/1362 1375/1878/1365
f 1268/1892/1259 1378/1889/1368 1380/1893/1370
f 1380/1893/1370 1378/1889/1368 1381/1894/1371
f 1381/1894/1371 1378/1889/1368 1379/1891/1369
f 1380/1893/1370 1381/1894/1371 1260/1895/1251
f 1260/1895/1251 1381/1894/1371 1257/1896/1248
f 1379/1891/1369 1375/1878/1365 1382/1897/1372
f 1379/1891/1369 1382/1897/1372 1381/1894/1371
f 1382/1897/1372 1375/1878/1365 1376/1880/1366
f 1257/1896/1248 1381/1894/1371 1383/1898/1373
f 1383/1898/1373 1381/1894/1371 1382/1897/1372
f 1383/1898/1373 1382/1897/1372 1376/1880/1366
f 1257/1896/1248 1383/1898/1373 1256/1899/1247
f 1383/1898/1373 1376/1880/1366 1384/1900/1374
f 1256/1899/1247 1383/1898/1373 1253/1901/1244
f 1383/1898/1373 1384/1900/1374 1385/1902/1375
f 1383/1898/1373 1385/1902/1375 1253/1901/1244
f 1253/1901/1244 1385/1902/1375 1386/1903/1376
f 1253/1901/1244 1386/1903/1376 1250/1904/1241
f 1250/1904/1241 1386/1903/1376 1251/1905/1242
f 1386/1903/1376 1385/1902/1375 1387/1906/1377
f 1386/1903/1376 1387/1906/1377 1179/1907/1170
f 1386/1903/1376 1179/1907/1170 1388/1908/1378
f 1388/1908/1378 1179/1907/1170 1175/1909/1166
f 1179/1907/1170 1387/1906/1377 1177/1910/1168
f 1177/1910/1168 1387/1906/1377 1389/1911/1379
f 1373/1912/1363 708/1913/704 706/1914/702
f 708/1913/704 1373/1912/1363 709/1915/705
f 709/1915/705 1373/1912/1363 1374/1916/1364
f 1390/1917/1380 1141/1918/1132 1142/1919/1133
f 1390/1917/1380 1142/1919/1133 1391/1920/1381
f 1391/1920/1381 1142/1919/1133 1149/1921/1140
f 1150/1922/1141 1155/1923/1146 1149/1921/1140
f 1391/1920/1381 1149/1921/1140 1392/1924/1382
f 1392/1924/1382 1149/1921/1140 1155/1923/1146
f 1392/1924/1382 1155/1923/1146 1159/1925/1150
f 1159/1925/1150 1155/1923/1146 1154/1926/1145
f 1391/1920/1381 1392/1924/1382 1393/1927/1383
f 1393/1927/1383 1392/1924/1382 1159/1925/1150
f 1393/1927/1383 1159/1925/1150 1162/1928/1153
f 1162/1928/1153 1159/1925/1150 1158/1929/1149
f 1393/1927/1383 1162/1928/1153 1339/1930/1329
f 1339/1930/1329 1162/1928/1153 1163/1931/1154
f 1393/1927/1383 1339/1930/1329 1342/1932/1332
f 1393/1927/1383 1342/1932/1332 1391/1920/1381
f 1391/1920/1381 1342/1932/1332 1390/1917/1380
f 1390/1917/1380 1342/1932/1332 1394/1933/1384
f 1394/1933/1384 1342/1932/1332 1343/1934/1333
f 1390/1917/1380 1394/1933/1384 1395/1935/1385
f 1390/1917/1380 1395/1935/1385 1396/1936/1386
f 1396/1936/1386 1395/1935/1385 1394/1933/1384
f 1390/1917/1380 1396/1936/1386 1141/1918/1132
f 1394/1933/1384 1343/1934/1333 1397/1937/1387
f 1394/1933/1384 1397/1937/1387 1396/1936/1386
f 1397/1937/1387 1343/1934/1333 1398/1938/1388
f 1397/1937/1387 1398/1938/1388 1399/1939/1389
f 1397/1937/1387 1399/1939/1389 1400/1940/1390
f 1397/1937/1387 1400/1940/1390 1401/1941/1391
f 1401/1941/1391 1400/1940/1390 1402/1942/1392
f 1401/1941/1391 1402/1942/1392 1403/1943/1393
f 1401/1941/1391 1403/1943/1393 1397/1937/1387
f 1397/1937/1387 1403/1943/1393 1396/1936/1386
f 353/1944/351 1141/1918/1132 1396/1936/1386
f 353/1944/351 1396/1936/1386 1403/1943/1393
f 1141/1918/1132 353/1944/351 351/1945/349
f 351/1945/349 353/1944/351 350/1946/348
f 353/1944/351 1403/1943/1393 354/1947/352
f 353/1944/351 354/1947/352 352/1948/350
f 354/1947/352 1403/1943/1393 1404/1949/1394
f 714/1950/710 715/1951/711 717/1952/713
f 1268/1953/1259 1380/1954/1370 1313/1955/1303
f 1313/1955/1303 1380/1954/1370 1260/1956/1251
f 1313/1955/1303 1260/1956/1251 1405/1957/1395
f 1313/1955/1303 1405/1957/1395 1315/1958/1305
f 1405/1957/1395 1260/1956/1251 1261/1959/1252
f 1315/1958/1305 1405/1957/1395 1406/1960/1396
f 1315/1958/1305 1406/1960/1396 743/1961/739
f 1405/1957/1395 1261/1959/1252 1407/1962/1397
f 1406/1960/1396 1405/1957/1395 1408/1963/1398
f 1408/1963/1398 1405/1957/1395 1407/1962/1397
f 1406/1960/1396 1408/1963/1398 1409/1964/1399
f 1406/1960/1396 1409/1964/1399 743/1961/739
f 1408/1963/1398 1407/1962/1397 1410/1965/1400
f 1408/1963/1398 1410/1965/1400 1409/1964/1399
f 1410/1965/1400 1407/1962/1397 1229/1966/1220
f 1229/1966/1220 1407/1962/1397 1230/1967/1221
f 1230/1967/1221 1407/1962/1397 1261/1959/1252
f 1230/1967/1221 1261/1959/1252 1223/1968/1214
f 1223/1968/1214 1261/1959/1252 1262/1969/1253
f 1230/1967/1221 1223/1968/1214 1224/1970/1215
f 1230/1967/1221 1224/1970/1215 1228/1971/1219
f 747/1972/743 1409/1964/1399 1410/1965/1400
f 1409/1964/1399 747/1972/743 743/1961/739
f 743/1961/739 747/1972/743 741/1973/737
f 747/1972/743 1410/1965/1400 1411/1974/1401
f 747/1972/743 1411/1974/1401 1412/1975/1402
f 747/1972/743 1412/1975/1402 746/1976/742
f 1412/1975/1402 1411/1974/1401 1413/1977/1403
f 1413/1977/1403 1411/1974/1401 1414/1978/1404
f 738/1979/734 735/1980/731 1378/1981/1368
f 738/1979/734 1378/1981/1368 1268/1982/1259
f 709/1983/705 711/1984/707 710/1985/706
f 711/1984/707 709/1983/705 1377/1986/1367
f 1415/1987/1405 1416/1988/441 1417/1989/1406
f 1417/1989/1406 1416/1988/441 1418/1990/1407
f 1415/1987/1405 1417/1989/1406 1419/1991/1408
f 1419/1991/1408 1417/1989/1406 1420/1992/1409
f 1420/1992/1409 1417/1989/1406 1418/1990/1407
f 1415/1987/1405 1419/1991/1408 1421/1993/1410
f 1418/1990/1407 1416/1988/441 1422/1994/1411
f 1419/1991/1408 1420/1992/1409 1423/1995/1412
f 1419/1991/1408 1423/1995/1412 1421/1993/1410
f 1424/1996/1413 1416/1988/441 1415/1987/1405
f 1416/1988/441 1424/1996/1413 1422/1994/1411
f 1424/1996/1413 1415/1987/1405 1425/1997/1414
f 1425/1997/1414 1415/1987/1405 1421/1993/1410
f 1424/1996/1413 1425/1997/1414 1426/1998/1415
f 1424/1996/1413 1426/1998/1415 1427/1999/1416
f 1424/1996/1413 1427/1999/1416 1422/1994/1411
f 1426/1998/1415 1425/1997/1414 1428/2000/1417
f 1426/1998/1415 1428/2000/1417 1427/1999/1416
f 1428/2000/1417 1425/1997/1414 1421/1993/1410
f 1427/1999/1416 1428/2000/1417 1429/2001/1418
f 1429/2001/1418 1428/2000/1417 1430/2002/1419
f 1430/2002/1419 1428/2000/1417 1431/2003/1420
f 1430/2002/1419 1431/2003/1420 1432/2004/1421
f 1432/2004/1421 1431/2003/1420 1433/2005/1422
f 1428/2000/1417 1421/1993/1410 1434/2006/1423
f 1428/2000/1417 1434/2006/1423 1431/2003/1420
f 1434/2006/1423 1421/1993/1410 1435/2007/1424
f 1435/2007/1424 1421/1993/1410 1423/1995/1412
f 1434/2006/1423 1435/2007/1424 1436/2008/1425
f 1436/2008/1425 1435/2007/1424 1423/1995/1412
f 1433/2005/1422 1431/2003/1420 1437/2009/1426
f 1436/2008/1425 1423/1995/1412 1438/2010/1427
f 1438/2010/1427 1423/1995/1412 1420/1992/1409
f 1434/2006/1423 1436/2008/1425 1439/2011/1428
f 1440/2012/1429 1431/2003/1420 1434/2006/1423
f 1440/2012/1429 1434/2006/1423 1439/2011/1428
f 1440/2012/1429 1439/2011/1428 1431/2003/1420
f 1431/2003/1420 1439/2011/1428 1441/2013/1430
f 1442/2014/1431 1437/2009/1426 1431/2003/1420
f 1442/2014/1431 1431/2003/1420 1441/2013/1430
f 1441/2013/1430 1439/2011/1428 1443/2015/1432
f 1444/2016/1433 1439/2011/1428 1436/2008/1425
f 1439/2011/1428 1444/2016/1433 1443/2015/1432
f 1444/2016/1433 1436/2008/1425 1445/2017/1434
f 1445/2017/1434 1436/2008/1425 1438/2010/1427
f 1442/2014/1431 1441/2013/1430 1446/2018/1435
f 1446/2018/1435 1441/2013/1430 1443/2015/1432
f 1442/2014/1431 1446/2018/1435 1447/2019/1436
f 1443/2015/1432 1444/2016/1433 1448/2020/1437
f 1446/2018/1435 1443/2015/1432 1449/2021/1438
f 1449/2021/1438 1443/2015/1432 1448/2020/1437
f 1447/2019/1436 1446/2018/1435 1450/2022/1439
f 1450/2022/1439 1446/2018/1435 1449/2021/1438
f 1450/2022/1439 1449/2021/1438 1301/2023/1291
f 1450/2022/1439 1301/2023/1291 1447/2019/1436
f 1301/2023/1291 1449/2021/1438 1300/2024/1290
f 1447/2019/1436 1301/2023/1291 1310/2025/1300
f 1300/2024/1290 1449/2021/1438 1451/2026/1440
f 1451/2026/1440 1449/2021/1438 1448/2020/1437
f 1451/2026/1440 1448/2020/1437 1452/2027/1441
f 1447/2019/1436 1310/2025/1300 1453/2028/1442
f 1454/2029/1443 1448/2020/1437 1444/2016/1433
f 1454/2029/1443 1444/2016/1433 1445/2017/1434
f 1454/2029/1443 1445/2017/1434 1455/2030/1444
f 1454/2029/1443 1455/2030/1444 1456/2031/1445
f 1454/2029/1443 1456/2031/1445 1457/2032/1446
f 1457/2032/1446 1456/2031/1445 1458/2033/1447
f 1457/2032/1446 1458/2033/1447 1459/2034/1448
f 1455/2030/1444 1445/2017/1434 1460/2035/1449
f 1455/2030/1444 1460/2035/1449 1461/2036/1450
f 1460/2035/1449 1445/2017/1434 1438/2010/1427
f 1461/2036/1450 1460/2035/1449 1462/2037/1451
f 1462/2037/1451 1460/2035/1449 1438/2010/1427
f 1461/2036/1450 1462/2037/1451 1463/2038/1452
f 1462/2037/1451 1438/2010/1427 1464/2039/1453
f 1462/2037/1451 1464/2039/1453 1463/2038/1452
f 1464/2039/1453 1438/2010/1427 1420/1992/1409
f 1464/2039/1453 1420/1992/1409 1418/1990/1407
f 1463/2038/1452 1464/2039/1453 1465/2040/1454
f 1465/2040/1454 1464/2039/1453 1418/1990/1407
f 1465/2040/1454 1418/1990/1407 1422/1994/1411
f 1465/2040/1454 1422/1994/1411 1466/2041/1455
f 1465/2040/1454 1466/2041/1455 1467/2042/1456
f 1466/2041/1455 1422/1994/1411 1468/2043/1457
f 1468/2043/1457 1422/1994/1411 1469/2044/1458
f 1468/2043/1457 1469/2044/1458 1466/2041/1455
f 1467/2042/1456 1466/2041/1455 1470/2045/1459
f 1470/2045/1459 1466/2041/1455 1469/2044/1458
f 1467/2042/1456 1470/2045/1459 1471/2046/1460
f 1470/2045/1459 1469/2044/1458 1472/2047/1461
f 1471/2046/1460 1470/2045/1459 1473/2048/1462
f 1473/2048/1462 1470/2045/1459 1472/2047/1461
f 1474/2049/1463 1442/2014/1431 1447/2019/1436
f 1442/2014/1431 1474/2049/1463 1437/2009/1426
f 1474/2049/1463 1447/2019/1436 1453/2028/1442
f 1474/2049/1463 1453/2028/1442 1475/2050/1464
f 1475/2050/1464 1453/2028/1442 1476/2051/1465
f 1437/2009/1426 1474/2049/1463 1477/2052/1466
f 1477/2052/1466 1474/2049/1463 1475/2050/1464
f 1477/2052/1466 1475/2050/1464 1476/2051/1465
f 1437/2009/1426 1477/2052/1466 1478/2053/1467
f 1478/2053/1467 1477/2052/1466 1476/2051/1465
f 1478/2053/1467 1476/2051/1465 1479/2054/1468
f 1448/2055/1437 1454/2056/1443 1452/2057/1441
f 1452/2057/1441 1454/2056/1443 1457/2058/1446
f 1452/2057/1441 1457/2058/1446 1480/2059/1469
f 1480/2059/1469 1457/2058/1446 1459/2060/1448
f 1452/2057/1441 1480/2059/1469 1481/2061/1470
f 1480/2059/1469 1459/2060/1448 1482/2062/1471
f 1452/2057/1441 1481/2061/1470 1483/2063/1472
f 1452/2057/1441 1483/2063/1472 1451/2064/1440
f 1481/2061/1470 1480/2059/1469 1484/2065/1473
f 1481/2061/1470 1484/2065/1473 1483/2063/1472
f 1484/2065/1473 1480/2059/1469 1482/2062/1471
f 1482/2062/1471 1459/2060/1448 1485/2066/1474
f 1451/2064/1440 1483/2063/1472 1486/2067/1475
f 1486/2067/1475 1483/2063/1472 1484/2065/1473
f 1451/2064/1440 1486/2067/1475 1487/2068/1476
f 1451/2064/1440 1487/2068/1476 1300/2069/1290
f 1486/2067/1475 1484/2065/1473 1488/2070/1477
f 1486/2067/1475 1488/2070/1477 1487/2068/1476
f 1488/2070/1477 1484/2065/1473 1432/2071/1421
f 1488/2070/1477 1432/2071/1421 1433/2072/1422
f 1432/2071/1421 1484/2065/1473 1489/2073/1478
f 1489/2073/1478 1484/2065/1473 1482/2062/1471
f 1432/2071/1421 1489/2073/1478 1430/2074/1419
f 1488/2070/1477 1433/2072/1422 1490/2075/1479
f 1488/2070/1477 1490/2075/1479 1487/2068/1476
f 1490/2075/1479 1433/2072/1422 1437/2076/1426
f 1490/2075/1479 1437/2076/1426 1478/2077/1467
f 1490/2075/1479 1478/2077/1467 1491/2078/1480
f 1430/2074/1419 1489/2073/1478 1492/2079/1481
f 1430/2074/1419 1492/2079/1481 1429/2080/1418
f 1492/2079/1481 1489/2073/1478 1493/2081/1482
f 1493/2081/1482 1489/2073/1478 1482/2062/1471
f 1492/2079/1481 1493/2081/1482 1494/2082/1483
f 1493/2081/1482 1482/2062/1471 1485/2066/1474
f 1490/2075/1479 1491/2078/1480 1293/2083/1284
f 1490/2075/1479 1293/2083/1284 1487/2068/1476
f 1293/2083/1284 1491/2078/1480 1292/2084/1283
f 1487/2068/1476 1293/2083/1284 1300/2069/1290
f 1300/2069/1290 1293/2083/1284 1294/2085/1285
f 1493/2081/1482 1485/2066/1474 1495/2086/1484
f 1495/2086/1484 1485/2066/1474 1496/2087/1485
f 1495/2086/1484 1496/2087/1485 1497/2088/1486
f 1493/2081/1482 1495/2086/1484 1498/2089/1487
f 1493/2081/1482 1498/2089/1487 1494/2082/1483
f 1494/2082/1483 1498/2089/1487 1461/2090/1450
f 1494/2082/1483 1461/2090/1450 1463/2091/1452
f 1461/2090/1450 1498/2089/1487 1455/2092/1444
f 1455/2092/1444 1498/2089/1487 1495/2086/1484
f 1495/2086/1484 1497/2088/1486 1499/2093/1488
f 1495/2086/1484 1499/2093/1488 1455/2092/1444
f 1499/2093/1488 1497/2088/1486 1500/2094/1489
f 1455/2092/1444 1499/2093/1488 1501/2095/1490
f 1501/2095/1490 1499/2093/1488 1500/2094/1489
f 1502/2096/1491 1308/2097/1298 1503/2098/1492
f 1308/2097/1298 1502/2096/1491 1453/2099/1442
f 1308/2097/1298 1453/2099/1442 1310/2100/1300
f 1503/2098/1492 1308/2097/1298 1306/2101/1296
f 1453/2099/1442 1502/2096/1491 1479/2102/1468
f 1453/2099/1442 1479/2102/1468 1476/2103/1465
f 1503/2098/1492 1306/2101/1296 1220/2104/1211
f 1220/2104/1211 1306/2101/1296 1221/2105/1212
f 1502/2096/1491 1503/2098/1492 1504/2106/1493
f 1502/2096/1491 1504/2106/1493 1479/2102/1468
f 1503/2098/1492 1220/2104/1211 1505/2107/1494
f 1503/2098/1492 1505/2107/1494 1504/2106/1493
f 1505/2107/1494 1220/2104/1211 1213/2108/1204
f 1479/2102/1468 1504/2106/1493 1506/2109/1495
f 1506/2109/1495 1504/2106/1493 1505/2107/1494
f 1479/2102/1468 1506/2109/1495 1478/2110/1467
f 1478/2110/1467 1506/2109/1495 1491/2111/1480
f 1505/2107/1494 1213/2108/1204 1507/2112/1496
f 1505/2107/1494 1507/2112/1496 1506/2109/1495
f 1507/2112/1496 1213/2108/1204 1508/2113/1497
f 1491/2111/1480 1506/2109/1495 1509/2114/1498
f 1509/2114/1498 1506/2109/1495 1507/2112/1496
f 1491/2111/1480 1509/2114/1498 1510/2115/1499
f 1491/2111/1480 1510/2115/1499 1292/2116/1283
f 1292/2116/1283 1510/2115/1499 1289/2117/1280
f 1510/2115/1499 1509/2114/1498 1511/2118/1500
f 1510/2115/1499 1511/2118/1500 1289/2117/1280
f 1509/2114/1498 1507/2112/1496 1512/2119/1501
f 1509/2114/1498 1512/2119/1501 1511/2118/1500
f 1289/2117/1280 1511/2118/1500 1513/2120/1502
f 1513/2120/1502 1511/2118/1500 1512/2119/1501
f 1289/2117/1280 1513/2120/1502 1287/2121/1278
f 1512/2119/1501 1507/2112/1496 1514/2122/1503
f 1512/2119/1501 1514/2122/1503 1513/2120/1502
f 1514/2122/1503 1507/2112/1496 1508/2113/1497
f 1514/2122/1503 1508/2113/1497 1233/2123/1224
f 1233/2123/1224 1508/2113/1497 1234/2124/1225
f 1514/2122/1503 1233/2123/1224 1236/2125/1227
f 1287/2121/1278 1513/2120/1502 1515/2126/1504
f 1287/2121/1278 1515/2126/1504 1281/2127/1272
f 1513/2120/1502 1514/2122/1503 1516/2128/1505
f 1516/2128/1505 1514/2122/1503 1236/2125/1227
f 1513/2120/1502 1516/2128/1505 1515/2126/1504
f 1281/2127/1272 1515/2126/1504 1232/2129/1223
f 1232/2129/1223 1515/2126/1504 1516/2128/1505
f 1232/2129/1223 1516/2128/1505 1236/2125/1227
f 1281/2127/1272 1232/2129/1223 1278/2130/1269
f 1232/2129/1223 1236/2125/1227 1228/2131/1219
f 1232/2129/1223 1228/2131/1219 1282/2132/1273
f 1422/2133/1411 1427/2134/1416 1517/2135/1506
f 1517/2135/1506 1427/2134/1416 1429/2136/1418
f 1422/2133/1411 1517/2135/1506 1469/2137/1458
f 1517/2135/1506 1429/2136/1418 1492/2138/1481
f 1469/2137/1458 1517/2135/1506 1518/2139/1507
f 1469/2137/1458 1518/2139/1507 1472/2140/1461
f 1517/2135/1506 1492/2138/1481 1519/2141/1508
f 1517/2135/1506 1519/2141/1508 1518/2139/1507
f 1472/2140/1461 1518/2139/1507 1473/2142/1462
f 1519/2141/1508 1492/2138/1481 1494/2143/1483
f 1518/2139/1507 1519/2141/1508 1520/2144/1509
f 1520/2144/1509 1519/2141/1508 1494/2143/1483
f 1518/2139/1507 1520/2144/1509 1521/2145/1510
f 1518/2139/1507 1521/2145/1510 1473/2142/1462
f 1521/2145/1510 1520/2144/1509 1494/2143/1483
f 1473/2142/1462 1521/2145/1510 1471/2146/1460
f 1521/2145/1510 1494/2143/1483 1522/2147/1511
f 1521/2145/1510 1522/2147/1511 1471/2146/1460
f 1522/2147/1511 1494/2143/1483 1463/2148/1452
f 1471/2146/1460 1522/2147/1511 1467/2149/1456
f 1522/2147/1511 1463/2148/1452 1465/2150/1454
f 1522/2147/1511 1465/2150/1454 1467/2149/1456
f 1500/2151/1489 1523/2152/1512 1501/2153/1490
f 1523/2152/1512 1500/2151/1489 1497/2154/1486
f 1501/2153/1490 1523/2152/1512 1524/2155/1513
f 1501/2153/1490 1524/2155/1513 1455/2156/1444
f 1455/2156/1444 1524/2155/1513 1456/2157/1445
f 1523/2152/1512 1497/2154/1486 1525/2158/1514
f 1523/2152/1512 1525/2158/1514 1524/2155/1513
f 1525/2158/1514 1497/2154/1486 1496/2159/1485
f 1456/2157/1445 1524/2155/1513 1526/2160/1515
f 1526/2160/1515 1524/2155/1513 1525/2158/1514
f 1456/2157/1445 1526/2160/1515 1458/2161/1447
f 1525/2158/1514 1496/2159/1485 1527/2162/1516
f 1525/2158/1514 1527/2162/1516 1526/2160/1515
f 1526/2160/1515 1527/2162/1516 1458/2161/1447
f 1527/2162/1516 1496/2159/1485 1485/2163/1474
f 1527/2162/1516 1485/2163/1474 1458/2161/1447
f 1458/2161/1447 1485/2163/1474 1459/2164/1448
f 1528/2165/1517 1529/2166/1518 1530/2167/1519
f 1530/2167/1519 1529/2166/1518 1531/2168/1520
f 1531/2168/1520 1529/2166/1518 1532/2169/1521
f 1530/2167/1519 1531/2168/1520 1533/2170/1522
f 1533/2170/1522 1531/2168/1520 1534/2171/1523
f 1534/2171/1523 1531/2168/1520 1532/2169/1521
f 1533/2170/1522 1534/2171/1523 1535/2172/1524
f 1534/2171/1523 1532/2169/1521 1536/2173/1525
f 1530/2167/1519 1533/2170/1522 1537/2174/1526
f 1537/2174/1526 1533/2170/1522 1414/2175/1404
f 1530/2167/1519 1537/2174/1526 1538/2176/1527
f 1538/2176/1527 1537/2174/1526 1414/2175/1404
f 1530/2167/1519 1538/2176/1527 1528/2165/1517
f 1538/2176/1527 1414/2175/1404 1411/2177/1401
f 1538/2176/1527 1411/2177/1401 1539/2178/697
f 1538/2176/1527 1539/2178/697 1528/2165/1517
f 1539/2178/697 1411/2177/1401 1410/2179/1400
f 1528/2165/1517 1539/2178/697 1231/2180/1222
f 1528/2165/1517 1231/2180/1222 1540/2181/1528
f 1528/2165/1517 1540/2181/1528 1529/2166/1518
f 1540/2181/1528 1231/2180/1222 1234/2182/1225
f 1234/2182/1225 1231/2180/1222 1227/2183/1218
f 1529/2166/1518 1540/2181/1528 1541/2184/1529
f 1529/2166/1518 1541/2184/1529 1532/2169/1521
f 1540/2181/1528 1234/2182/1225 1542/2185/1530
f 1540/2181/1528 1542/2185/1530 1541/2184/1529
f 1541/2184/1529 1542/2185/1530 1532/2169/1521
f 1542/2185/1530 1234/2182/1225 1508/2186/1497
f 1532/2169/1521 1542/2185/1530 1543/2187/1531
f 1532/2169/1521 1543/2187/1531 1536/2173/1525
f 1536/2173/1525 1543/2187/1531 1107/2188/1099
f 1543/2187/1531 1542/2185/1530 1544/2189/1532
f 1544/2189/1532 1542/2185/1530 1508/2186/1497
f 1543/2187/1531 1544/2189/1532 1107/2188/1099
f 1544/2189/1532 1508/2186/1497 1213/2190/1204
f 1544/2189/1532 1213/2190/1204 1212/2191/1203
f 1544/2189/1532 1212/2191/1203 1107/2188/1099
f 1107/2188/1099 1212/2191/1203 1208/2192/1199
f 1208/2192/1199 1212/2191/1203 1207/2193/1198
f 1545/2194/1533 1546/2195/1534 1414/2196/1404
f 1545/2194/1533 1414/2196/1404 1535/2197/1524
f 1535/2197/1524 1414/2196/1404 1533/2198/1522
f 1414/2196/1404 1546/2195/1534 1413/2199/1403
f 1546/2195/1534 1545/2194/1533 1547/2200/1535
f 1547/2200/1535 1545/2194/1533 1548/2201/1536
f 1548/2201/1536 1545/2194/1533 1549/2202/1537
f 1548/2201/1536 1549/2202/1537 1550/2203/1538
f 1548/2201/1536 1550/2203/1538 1551/2204/1539
f 1546/2195/1534 1547/2200/1535 1552/2205/1540
f 1546/2195/1534 1552/2205/1540 1553/2206/1541
f 1553/2206/1541 1552/2205/1540 1554/2207/1542
f 1555/2208/1543 1413/2199/1403 1546/2195/1534
f 1555/2208/1543 1546/2195/1534 1553/2206/1541
f 1556/2209/1544 1557/2210/1545 1553/2206/1541
f 1553/2206/1541 1557/2210/1545 1555/2208/1543
f 1555/2208/1543 1557/2210/1545 1064/2211/1056
f 1555/2208/1543 1064/2211/1056 1558/2212/1546
f 1558/2212/1546 1064/2211/1056 1054/2213/1046
f 1559/2214/1547 1413/2199/1403 1555/2208/1543
f 1559/2214/1547 1555/2208/1543 1558/2212/1546
f 1559/2214/1547 1558/2212/1546 1560/2215/1548
f 1413/2199/1403 1559/2214/1547 1412/2216/1402
f 1559/2214/1547 1560/2215/1548 750/2217/746
f 1559/2214/1547 750/2217/746 1412/2216/1402
f 1412/2216/1402 750/2217/746 746/2218/742
f 1561/2219/1549 1562/2220/1550 1563/2221/1551
f 1561/2219/1549 1563/2221/1551 1564/2222/1552
f 1561/2219/1549 1564/2222/1552 1565/2223/1553
f 1563/2221/1551 1562/2220/1550 1566/2224/1554
f 1563/2221/1551 1566/2224/1554 1564/2222/1552
f 1566/2224/1554 1562/2220/1550 1567/2225/1555
f 1566/2224/1554 1567/2225/1555 1568/2226/1556
f 1566/2224/1554 1568/2226/1556 1569/2227/1557
f 1566/2224/1554 1569/2227/1557 1564/2222/1552
f 1565/2223/1553 1564/2222/1552 1570/2228/1558
f 1564/2222/1552 1569/2227/1557 1571/2229/1559
f 1564/2222/1552 1571/2229/1559 1570/2228/1558
f 1570/2228/1558 1571/2229/1559 1572/2230/1560
f 1570/2228/1558 1572/2230/1560 1573/2231/1561
f 1572/2230/1560 1571/2229/1559 1574/2232/1562
f 1572/2230/1560 1574/2232/1562 1575/2233/1563
f 1576/2234/1564 754/2235/750 751/2236/747
f 754/2235/750 1576/2234/1564 1577/2237/1565
f 757/2238/752 753/2239/749 754/2235/750
f 757/2238/752 754/2235/750 1051/2240/1043
f 754/2235/750 1577/2237/1565 1578/2241/1566
f 754/2235/750 1578/2241/1566 1051/2240/1043
f 1051/2240/1043 1578/2241/1566 1054/2242/1046
f 1578/2241/1566 1577/2237/1565 1574/2243/1562
f 1054/2242/1046 1578/2241/1566 1558/2244/1546
f 1558/2244/1546 1578/2241/1566 1574/2243/1562
f 1558/2244/1546 1574/2243/1562 1571/2245/1559
f 1558/2244/1546 1571/2245/1559 1560/2246/1548
f 1560/2246/1548 1571/2245/1559 1569/2247/1557
f 1579/2248/1567 751/2249/747 750/2250/746
f 1579/2248/1567 750/2250/746 1560/2251/1548
f 1579/2248/1567 1560/2251/1548 1580/2252/1568
f 1579/2248/1567 1580/2252/1568 1576/2253/1564
f 1576/2253/1564 1580/2252/1568 1577/2254/1565
f 1580/2252/1568 1560/2251/1548 1569/2255/1557
f 1580/2252/1568 1569/2255/1557 1581/2256/1569
f 1577/2254/1565 1580/2252/1568 1582/2257/1570
f 1582/2257/1570 1580/2252/1568 1581/2256/1569
f 1581/2256/1569 1569/2255/1557 1583/2258/1571
f 1581/2256/1569 1583/2258/1571 1582/2257/1570
f 1584/2259/1572 1569/2255/1557 1568/2260/1556
f 1569/2255/1557 1584/2259/1572 1583/2258/1571
f 1583/2258/1571 1584/2259/1572 1585/2261/1573
f 1577/2254/1565 1582/2257/1570 1586/2262/1574
f 1586/2262/1574 1582/2257/1570 1583/2258/1571
f 1583/2258/1571 1585/2261/1573 1587/2263/1575
f 1587/2263/1575 1585/2261/1573 1588/2264/1576
f 1583/2258/1571 1587/2263/1575 1586/2262/1574
f 1577/2254/1565 1586/2262/1574 1574/2265/1562
f 1586/2262/1574 1587/2263/1575 1589/2266/1577
f 1574/2265/1562 1586/2262/1574 1575/2267/1563
f 1586/2262/1574 1589/2266/1577 1590/2268/1578
f 1586/2262/1574 1590/2268/1578 1575/2267/1563
f 1576/2269/1564 751/2270/747 1579/2271/1567
f 1591/2272/1579 1567/2273/1555 1562/2274/1550
f 1591/2272/1579 1562/2274/1550 1592/2275/1580
f 1592/2275/1580 1562/2274/1550 1561/2276/1549
f 1592/2275/1580 1561/2276/1549 1593/2277/1581
f 1592/2275/1580 1593/2277/1581 1591/2272/1579
f 1593/2277/1581 1561/2276/1549 1565/2278/1553
f 1567/2273/1555 1591/2272/1579 1594/2279/1582
f 1567/2273/1555 1594/2279/1582 1568/2280/1556
f 1591/2272/1579 1593/2277/1581 1595/2281/1583
f 1591/2272/1579 1595/2281/1583 1594/2279/1582
f 1568/2280/1556 1594/2279/1582 1596/2282/1584
f 1568/2280/1556 1596/2282/1584 1584/2283/1572
f 1594/2279/1582 1595/2281/1583 1597/2284/1585
f 1594/2279/1582 1597/2284/1585 1596/2282/1584
f 1595/2281/1583 1593/2277/1581 1598/2285/1586
f 1595/2281/1583 1598/2285/1586 1597/2284/1585
f 1584/2283/1572 1596/2282/1584 1599/2286/1587
f 1584/2283/1572 1599/2286/1587 1585/2287/1573
f 1585/2287/1573 1599/2286/1587 1588/2288/1576
f 1588/2288/1576 1599/2286/1587 1600/2289/1588
f 1600/2289/1588 1599/2286/1587 1601/2290/1589
f 1602/2291/1590 1596/2282/1584 1597/2284/1585
f 1596/2282/1584 1602/2291/1590 1599/2286/1587
f 1599/2286/1587 1602/2291/1590 1601/2290/1589
f 1602/2291/1590 1597/2284/1585 1598/2285/1586
f 1601/2290/1589 1602/2291/1590 1603/2292/1591
f 1603/2292/1591 1602/2291/1590 1598/2285/1586
f 1601/2290/1589 1603/2292/1591 1604/2293/1592
f 1601/2290/1589 1604/2293/1592 1573/2294/1561
f 1573/2294/1561 1604/2293/1592 1570/2295/1558
f 1570/2295/1558 1604/2293/1592 1603/2292/1591
f 1570/2295/1558 1603/2292/1591 1565/2278/1553
f 1603/2292/1591 1598/2285/1586 1605/2296/1593
f 1565/2278/1553 1603/2292/1591 1606/2297/1594
f 1606/2297/1594 1603/2292/1591 1605/2296/1593
f 1565/2278/1553 1606/2297/1594 1607/2298/1595
f 1607/2298/1595 1606/2297/1594 1605/2296/1593
f 1607/2298/1595 1605/2296/1593 1598/2285/1586
f 1565/2278/1553 1607/2298/1595 1593/2277/1581
f 1593/2277/1581 1607/2298/1595 1598/2285/1586
f 1589/2299/1577 1587/2300/1575 1588/2301/1576
f 1589/2299/1577 1588/2301/1576 1608/2302/1596
f 1609/2303/1597 1590/2304/1578 1589/2299/1577
f 1609/2303/1597 1589/2299/1577 1608/2302/1596
f 1608/2302/1596 1588/2301/1576 1610/2305/1598
f 1610/2305/1598 1588/2301/1576 1611/2306/1599
f 1609/2303/1597 1608/2302/1596 1612/2307/1600
f 1608/2302/1596 1610/2305/1598 1613/2308/1601
f 1608/2302/1596 1613/2308/1601 1612/2307/1600
f 1610/2305/1598 1611/2306/1599 1614/2309/1602
f 1610/2305/1598 1614/2309/1602 1613/2308/1601
f 1614/2309/1602 1611/2306/1599 1615/2310/1603
f 1615/2310/1603 1611/2306/1599 1616/2311/1604
f 1613/2308/1601 1614/2309/1602 1617/2312/1605
f 1617/2312/1605 1614/2309/1602 1615/2310/1603
f 1613/2308/1601 1617/2312/1605 1612/2307/1600
f 1615/2310/1603 1616/2311/1604 1618/2313/1606
f 1619/2314/1607 1609/2303/1597 1612/2307/1600
f 1609/2303/1597 1619/2314/1607 1057/2315/1049
f 1619/2314/1607 1612/2307/1600 1620/2316/1608
f 1619/2314/1607 1620/2316/1608 1057/2315/1049
f 1057/2315/1049 1620/2316/1608 1061/2317/1053
f 1057/2315/1049 1061/2317/1053 1056/2318/1048
f 1620/2316/1608 1612/2307/1600 1621/2319/1609
f 1620/2316/1608 1621/2319/1609 1061/2317/1053
f 1621/2319/1609 1612/2307/1600 1617/2312/1605
f 1061/2317/1053 1621/2319/1609 1622/2320/1610
f 1622/2320/1610 1621/2319/1609 1623/2321/1611
f 1623/2321/1611 1621/2319/1609 1617/2312/1605
f 1623/2321/1611 1617/2312/1605 1624/2322/1612
f 1623/2321/1611 1624/2322/1612 1075/2323/1067
f 1075/2323/1067 1624/2322/1612 1625/2324/1613
f 1624/2322/1612 1617/2312/1605 1626/2325/1614
f 1624/2322/1612 1626/2325/1614 1625/2324/1613
f 1625/2324/1613 1626/2325/1614 1627/2326/1615
f 1625/2324/1613 1627/2326/1615 1628/2327/1616
f 1626/2325/1614 1617/2312/1605 1629/2328/1617
f 1626/2325/1614 1629/2328/1617 1627/2326/1615
f 1629/2328/1617 1617/2312/1605 1615/2310/1603
f 1627/2326/1615 1629/2328/1617 1630/2329/1618
f 1629/2328/1617 1615/2310/1603 1618/2313/1606
f 1630/2329/1618 1629/2328/1617 1631/2330/1619
f 1631/2330/1619 1629/2328/1617 1618/2313/1606
f 1630/2329/1618 1631/2330/1619 1632/2331/1620
f 1631/2330/1619 1618/2313/1606 1633/2332/1621
f 1632/2331/1620 1631/2330/1619 1634/2333/1622
f 1632/2331/1620 1634/2333/1622 1635/2334/1623
f 1631/2330/1619 1633/2332/1621 1636/2335/1624
f 1631/2330/1619 1636/2335/1624 1634/2333/1622
f 1636/2335/1624 1633/2332/1621 1635/2334/1623
f 1636/2335/1624 1635/2334/1623 1634/2333/1622
f 1119/2336/1111 1114/2337/1106 1113/2338/1105
f 1108/2339/1100 1110/2340/1102 1114/2337/1106
f 1108/2339/1100 1114/2337/1106 1637/2341/1625
f 1108/2339/1100 1637/2341/1625 1104/2342/1096
f 1104/2342/1096 1637/2341/1625 1107/2343/1099
f 1107/2343/1099 1637/2341/1625 1536/2344/1525
f 1637/2341/1625 1114/2337/1106 1638/2345/1626
f 1637/2341/1625 1638/2345/1626 1536/2344/1525
f 1639/2346/1627 1114/2337/1106 1119/2336/1111
f 1114/2337/1106 1639/2346/1627 1638/2345/1626
f 1536/2344/1525 1638/2345/1626 1535/2347/1524
f 1536/2344/1525 1535/2347/1524 1534/2348/1523
f 1638/2345/1626 1639/2346/1627 1640/2349/1628
f 1638/2345/1626 1640/2349/1628 1535/2347/1524
f 1639/2346/1627 1119/2336/1111 1124/2350/1116
f 1124/2350/1116 1119/2336/1111 1118/2351/1110
f 1640/2349/1628 1639/2346/1627 1641/2352/1629
f 1641/2352/1629 1639/2346/1627 1124/2350/1116
f 1535/2347/1524 1640/2349/1628 1642/2353/1630
f 1535/2347/1524 1642/2353/1630 1545/2354/1533
f 1545/2354/1533 1642/2353/1630 1549/2355/1537
f 1549/2355/1537 1642/2353/1630 1550/2356/1538
f 1642/2353/1630 1640/2349/1628 1643/2357/1631
f 1642/2353/1630 1643/2357/1631 1550/2356/1538
f 1643/2357/1631 1640/2349/1628 1641/2352/1629
f 1550/2356/1538 1643/2357/1631 1644/2358/1632
f 1550/2356/1538 1644/2358/1632 1551/2359/1539
f 1643/2357/1631 1641/2352/1629 1645/2360/1633
f 1643/2357/1631 1645/2360/1633 1644/2358/1632
f 1646/2361/1634 1641/2352/1629 1124/2350/1116
f 1641/2352/1629 1646/2361/1634 1645/2360/1633
f 1646/2361/1634 1124/2350/1116 1123/2362/1115
f 1644/2358/1632 1645/2360/1633 1647/2363/1635
f 1644/2358/1632 1647/2363/1635 1551/2359/1539
f 1647/2363/1635 1645/2360/1633 1646/2361/1634
f 1551/2359/1539 1647/2363/1635 1648/2364/1636
f 1648/2364/1636 1647/2363/1635 1646/2361/1634
f 1551/2359/1539 1648/2364/1636 1649/2365/1637
f 1649/2365/1637 1648/2364/1636 1650/2366/1638
f 1648/2364/1636 1646/2361/1634 1651/2367/1639
f 1651/2367/1639 1646/2361/1634 1123/2362/1115
f 1648/2364/1636 1651/2367/1639 1650/2366/1638
f 1651/2367/1639 1123/2362/1115 1125/2368/1117
f 1650/2366/1638 1651/2367/1639 1652/2369/1640
f 1652/2369/1640 1651/2367/1639 1125/2368/1117
f 1130/2370/1122 1132/2371/1124 1653/2372/1641
f 1130/2370/1122 1653/2372/1641 1127/2373/1119
f 1653/2372/1641 1132/2371/1124 1654/2374/1642
f 1653/2372/1641 1654/2374/1642 1127/2373/1119
f 1127/2373/1119 1654/2374/1642 1652/2375/1640
f 1127/2373/1119 1652/2375/1640 1125/2376/1117
f 1652/2375/1640 1654/2374/1642 1655/2377/1643
f 1652/2375/1640 1655/2377/1643 1650/2378/1638
f 1654/2374/1642 1132/2371/1124 1656/2379/1644
f 1654/2374/1642 1656/2379/1644 1655/2377/1643
f 1656/2379/1644 1132/2371/1124 1657/2380/1645
f 1657/2380/1645 1132/2371/1124 1133/2381/1125
f 1655/2377/1643 1656/2379/1644 1658/2382/1646
f 1650/2378/1638 1655/2377/1643 1659/2383/1647
f 1659/2383/1647 1655/2377/1643 1658/2382/1646
f 1650/2378/1638 1659/2383/1647 1649/2384/1637
f 1548/2385/1536 1551/2386/1539 1649/2384/1637
f 1548/2385/1536 1649/2384/1637 1659/2383/1647
f 1548/2385/1536 1659/2383/1647 1547/2387/1535
f 1658/2382/1646 1656/2379/1644 1660/2388/1648
f 1660/2388/1648 1656/2379/1644 1657/2380/1645
f 1658/2382/1646 1660/2388/1648 1661/2389/1649
f 1547/2387/1535 1659/2383/1647 1662/2390/1650
f 1547/2387/1535 1662/2390/1650 1552/2391/1540
f 1663/2392/1651 1659/2383/1647 1658/2382/1646
f 1663/2392/1651 1658/2382/1646 1661/2389/1649
f 1659/2383/1647 1663/2392/1651 1662/2390/1650
f 1552/2391/1540 1662/2390/1650 1664/2393/1652
f 1664/2393/1652 1662/2390/1650 1663/2392/1651
f 1552/2391/1540 1664/2393/1652 1554/2394/1542
f 1665/2395/1653 1661/2389/1649 1660/2388/1648
f 1661/2389/1649 1665/2395/1653 1663/2392/1651
f 1665/2395/1653 1660/2388/1648 1666/2396/1654
f 1666/2396/1654 1660/2388/1648 1657/2380/1645
f 1663/2392/1651 1665/2395/1653 1667/2397/1655
f 1663/2392/1651 1667/2397/1655 1664/2393/1652
f 1665/2395/1653 1666/2396/1654 1668/2398/1656
f 1665/2395/1653 1668/2398/1656 1667/2397/1655
f 1666/2396/1654 1657/2380/1645 1182/2399/1173
f 1182/2399/1173 1657/2380/1645 1133/2381/1125
f 1182/2399/1173 1133/2381/1125 1131/2400/1123
f 1666/2396/1654 1182/2399/1173 1251/2401/1242
f 1666/2396/1654 1251/2401/1242 1668/2398/1656
f 1251/2401/1242 1182/2399/1173 1181/2402/1172
f 1667/2397/1655 1668/2398/1656 1669/2403/1657
f 1667/2397/1655 1669/2403/1657 1664/2393/1652
f 1669/2403/1657 1668/2398/1656 1251/2401/1242
f 1664/2393/1652 1669/2403/1657 1554/2394/1542
f 1388/2404/1378 1251/2401/1242 1386/2405/1376
f 1251/2401/1242 1388/2404/1378 1670/2406/1658
f 1669/2403/1657 1251/2401/1242 1671/2407/1659
f 1671/2407/1659 1251/2401/1242 1670/2406/1658
f 1671/2407/1659 1670/2406/1658 1672/2408/1660
f 1671/2407/1659 1672/2408/1660 1669/2403/1657
f 1672/2408/1660 1670/2406/1658 1673/2409/1661
f 1674/2410/1662 1554/2394/1542 1669/2403/1657
f 1674/2410/1662 1669/2403/1657 1672/2408/1660
f 1674/2410/1662 1672/2408/1660 1673/2409/1661
f 1674/2410/1662 1673/2409/1661 1675/2411/1663
f 1674/2410/1662 1675/2411/1663 1676/2412/1664
f 1554/2394/1542 1674/2410/1662 1553/2413/1541
f 1674/2410/1662 1676/2412/1664 1677/2414/1665
f 1674/2410/1662 1677/2414/1665 1553/2413/1541
f 1553/2413/1541 1677/2414/1665 1556/2415/1544
f 1174/2416/1165 1177/2417/1168 1678/2418/1666
f 1678/2418/1666 1177/2417/1168 1679/2419/1667
f 1175/2420/1166 1174/2416/1165 1680/2421/1668
f 1680/2421/1668 1174/2416/1165 1681/2422/1669
f 1681/2422/1669 1174/2416/1165 1678/2418/1666
f 1680/2421/1668 1681/2422/1669 1682/2423/1670
f 1681/2422/1669 1678/2418/1666 1683/2424/1671
f 1681/2422/1669 1683/2424/1671 1682/2423/1670
f 1683/2424/1671 1678/2418/1666 1684/2425/1672
f 1684/2425/1672 1678/2418/1666 1685/2426/1673
f 1683/2424/1671 1684/2425/1672 1686/2427/1674
f 1682/2423/1670 1683/2424/1671 1687/2428/1675
f 1682/2423/1670 1687/2428/1675 1688/2429/1395
f 1687/2428/1675 1683/2424/1671 1689/2430/1676
f 1385/2431/1375 1389/2432/1379 1387/2433/1377
f 1389/2432/1379 1385/2431/1375 1690/2434/1677
f 1389/2432/1379 1690/2434/1677 1691/2435/1678
f 1690/2434/1677 1385/2431/1375 1692/2436/1679
f 1692/2436/1679 1385/2431/1375 1384/2437/1374
f 1692/2436/1679 1384/2437/1374 1693/2438/1680
f 1693/2438/1680 1384/2437/1374 1694/2439/1681
f 1694/2439/1681 1384/2437/1374 1376/2440/1366
f 1694/2439/1681 1376/2440/1366 707/2441/703
f 1691/2435/1678 1690/2434/1677 1695/2442/1682
f 1691/2435/1678 1695/2442/1682 1696/2443/1683
f 1690/2434/1677 1692/2436/1679 1697/2444/1684
f 1690/2434/1677 1697/2444/1684 1695/2442/1682
f 1697/2444/1684 1692/2436/1679 1698/2445/1685
f 1698/2445/1685 1692/2436/1679 1699/2446/1686
f 1697/2444/1684 1698/2445/1685 1700/2447/1687
f 1700/2447/1687 1698/2445/1685 1701/2448/1688
f 1701/2448/1688 1698/2445/1685 1702/2449/1689
f 1697/2444/1684 1700/2447/1687 1703/2450/1690
f 1703/2450/1690 1700/2447/1687 1701/2448/1688
f 1697/2444/1684 1703/2450/1690 1695/2442/1682
f 1703/2450/1690 1701/2448/1688 1704/2451/1691
f 1695/2442/1682 1703/2450/1690 1705/2452/1692
f 1695/2442/1682 1705/2452/1692 1706/2453/1693
f 1695/2442/1682 1706/2453/1693 1707/2454/1694
f 1707/2454/1694 1706/2453/1693 1708/2455/1695
f 1707/2454/1694 1708/2455/1695 1696/2443/1683
f 1709/2456/1696 1696/2443/1683 1695/2442/1682
f 1709/2456/1696 1695/2442/1682 1707/2454/1694
f 1709/2456/1696 1707/2454/1694 1696/2443/1683
f 1389/2457/1379 1679/2458/1667 1177/2459/1168
f 1679/2458/1667 1389/2457/1379 1710/2460/1697
f 1710/2460/1697 1389/2457/1379 1691/2461/1678
f 1710/2460/1697 1691/2461/1678 1696/2462/1683
f 1710/2460/1697 1696/2462/1683 1711/2463/1698
f 1711/2463/1698 1696/2462/1683 1708/2464/1695
f 1711/2463/1698 1708/2464/1695 1712/2465/1699
f 1711/2463/1698 1712/2465/1699 1713/2466/1700
f 1713/2466/1700 1712/2465/1699 1714/2467/1701
f 1713/2466/1700 1714/2467/1701 1715/2468/1702
f 1710/2460/1697 1711/2463/1698 1716/2469/1703
f 1716/2469/1703 1711/2463/1698 1713/2466/1700
f 1710/2460/1697 1716/2469/1703 1717/2470/1704
f 1710/2460/1697 1717/2470/1704 1679/2458/1667
f 1716/2469/1703 1713/2466/1700 1718/2471/1705
f 1713/2466/1700 1715/2468/1702 1719/2472/1706
f 1713/2466/1700 1719/2472/1706 1718/2471/1705
f 1719/2472/1706 1715/2468/1702 1720/2473/1707
f 1718/2471/1705 1719/2472/1706 1721/2474/1708
f 1716/2469/1703 1718/2471/1705 1722/2475/1709
f 1722/2475/1709 1718/2471/1705 1721/2474/1708
f 1716/2469/1703 1722/2475/1709 1717/2470/1704
f 1721/2474/1708 1719/2472/1706 1723/2476/1710
f 1721/2474/1708 1723/2476/1710 1722/2475/1709
f 1722/2475/1709 1723/2476/1710 1717/2470/1704
f 1723/2476/1710 1719/2472/1706 1720/2473/1707
f 1717/2470/1704 1723/2476/1710 1685/2477/1673
f 1685/2477/1673 1723/2476/1710 1720/2473/1707
f 1717/2470/1704 1685/2477/1673 1679/2458/1667
f 1679/2458/1667 1685/2477/1673 1678/2478/1666
f 1685/2477/1673 1720/2473/1707 1686/2479/1674
f 1685/2477/1673 1686/2479/1674 1684/2480/1672
f 1686/2479/1674 1720/2473/1707 1724/2481/1711
f 1686/2479/1674 1724/2481/1711 1725/2482/1712
f 1724/2481/1711 1720/2473/1707 1726/2483/1713
f 1231/2484/1222 1278/2485/1269 1232/2486/1223
f 1278/2485/1269 1231/2484/1222 1285/2487/1276
f 1278/2485/1269 1285/2487/1276 1284/2488/1275
f 1285/2487/1276 1231/2484/1222 1539/2489/697
f 1285/2487/1276 1539/2489/697 1410/2490/1400
f 1285/2487/1276 1410/2490/1400 1229/2491/1220
f 1285/2492/1276 1232/2493/1223 1229/2494/1220
f 1670/2495/1658 1175/2496/1166 1680/2497/1668
f 1175/2496/1166 1670/2495/1658 1388/2498/1378
f 1670/2495/1658 1680/2497/1668 1688/2499/1395
f 1688/2499/1395 1680/2497/1668 1682/2500/1670
f 1670/2495/1658 1688/2499/1395 1727/2501/1714
f 1670/2495/1658 1727/2501/1714 1673/2502/1661
f 1727/2501/1714 1688/2499/1395 1728/2503/1715
f 1673/2502/1661 1727/2501/1714 1729/2504/1716
f 1729/2504/1716 1727/2501/1714 1728/2503/1715
f 1673/2502/1661 1729/2504/1716 1675/2505/1663
f 1729/2504/1716 1728/2503/1715 1730/2506/1717
f 1730/2506/1717 1728/2503/1715 1731/2507/1718
f 1675/2505/1663 1729/2504/1716 1732/2508/1719
f 1675/2505/1663 1732/2508/1719 1676/2509/1664
f 1676/2509/1664 1732/2508/1719 1733/2510/1720
f 1732/2508/1719 1729/2504/1716 1734/2511/1721
f 1732/2508/1719 1734/2511/1721 1733/2510/1720
f 1734/2511/1721 1729/2504/1716 1730/2506/1717
f 1734/2511/1721 1730/2506/1717 1731/2507/1718
f 1733/2510/1720 1734/2511/1721 1735/2512/1722
f 1735/2512/1722 1734/2511/1721 1731/2507/1718
f 1735/2512/1722 1731/2507/1718 1736/2513/1723
f 1556/2514/1544 1737/2515/1724 1557/2516/1545
f 1557/2516/1545 1737/2515/1724 1064/2517/1056
f 1737/2515/1724 1556/2514/1544 1738/2518/1725
f 1737/2515/1724 1738/2518/1725 1739/2519/1726
f 1738/2518/1725 1556/2514/1544 1740/2520/1727
f 1738/2518/1725 1740/2520/1727 1741/2521/1728
f 1740/2520/1727 1556/2514/1544 1677/2522/1665
f 1741/2521/1728 1740/2520/1727 1742/2523/1729
f 1741/2521/1728 1742/2523/1729 1706/2524/1693
f 1706/2524/1693 1742/2523/1729 1708/2525/1695
f 1740/2520/1727 1677/2522/1665 1743/2526/1730
f 1743/2526/1730 1677/2522/1665 1676/2527/1664
f 1742/2523/1729 1740/2520/1727 1744/2528/1731
f 1744/2528/1731 1740/2520/1727 1743/2526/1730
f 1708/2525/1695 1742/2523/1729 1745/2529/1732
f 1745/2529/1732 1742/2523/1729 1744/2528/1731
f 1743/2526/1730 1676/2527/1664 1733/2530/1720
f 1708/2525/1695 1745/2529/1732 1712/2531/1699
f 1744/2528/1731 1743/2526/1730 1746/2532/1733
f 1744/2528/1731 1746/2532/1733 1745/2529/1732
f 1743/2526/1730 1733/2530/1720 1747/2533/1734
f 1743/2526/1730 1747/2533/1734 1746/2532/1733
f 1747/2533/1734 1733/2530/1720 1735/2534/1722
f 1747/2533/1734 1735/2534/1722 1748/2535/1735
f 1747/2533/1734 1748/2535/1735 1746/2532/1733
f 1748/2535/1735 1735/2534/1722 1736/2536/1723
f 1748/2535/1735 1736/2536/1723 1749/2537/1736
f 1746/2532/1733 1748/2535/1735 1750/2538/1737
f 1750/2538/1737 1748/2535/1735 1749/2537/1736
f 1746/2532/1733 1750/2538/1737 1745/2529/1732
f 1750/2538/1737 1749/2537/1736 1751/2539/1738
f 1745/2529/1732 1750/2538/1737 1752/2540/1739
f 1752/2540/1739 1750/2538/1737 1751/2539/1738
f 1745/2529/1732 1752/2540/1739 1712/2531/1699
f 1752/2540/1739 1751/2539/1738 1714/2541/1701
f 1752/2540/1739 1714/2541/1701 1712/2531/1699
f 1753/2542/1740 1688/2543/1395 1687/2544/1675
f 1754/2545/1741 1688/2546/1395 1753/2547/1740
f 1754/2545/1741 1753/2547/1740 1755/2548/1742
f 1754/2545/1741 1755/2548/1742 1756/2549/1743
f 1687/2550/1675 1689/2551/1676 1753/2547/1740
f 1753/2547/1740 1689/2551/1676 1755/2548/1742
f 1756/2549/1743 1755/2548/1742 1757/2552/1744
f 1683/2553/1671 1686/2554/1674 1689/2551/1676
f 1689/2551/1676 1686/2554/1674 1725/2555/1712
f 1689/2551/1676 1725/2555/1712 1758/2556/1745
f 1689/2551/1676 1758/2556/1745 1755/2548/1742
f 1758/2556/1745 1725/2555/1712 1759/2557/1746
f 1758/2556/1745 1759/2557/1746 1760/2558/1747
f 1755/2548/1742 1758/2556/1745 1761/2559/1748
f 1755/2548/1742 1761/2559/1748 1757/2552/1744
f 1758/2556/1745 1760/2558/1747 1762/2560/1749
f 1758/2556/1745 1762/2560/1749 1761/2559/1748
f 1762/2560/1749 1760/2558/1747 1763/2561/1750
f 1762/2560/1749 1763/2561/1750 1764/2562/1751
f 1762/2560/1749 1764/2562/1751 1761/2559/1748
f 1761/2559/1748 1764/2562/1751 1765/2563/1752
f 1761/2559/1748 1765/2563/1752 1766/2564/1753
f 1761/2559/1748 1766/2564/1753 1767/2565/1754
f 1761/2559/1748 1767/2565/1754 1768/2566/1755
f 1761/2559/1748 1768/2566/1755 1757/2552/1744
f 1768/2566/1755 1767/2565/1754 1769/2567/1756
f 1768/2566/1755 1769/2567/1756 1770/2568/1757
f 1768/2566/1755 1770/2568/1757 1757/2552/1744
f 1757/2552/1744 1770/2568/1757 1771/2569/1758
f 1757/2552/1744 1771/2569/1758 1772/2570/1759
f 1773/2571/1760 1725/2572/1712 1724/2573/1711
f 1725/2572/1712 1773/2571/1760 1759/2574/1746
f 1773/2571/1760 1724/2573/1711 1774/2575/1761
f 1773/2571/1760 1774/2575/1761 1759/2574/1746
f 1774/2575/1761 1724/2573/1711 1726/2576/1713
f 1759/2574/1746 1774/2575/1761 1775/2577/1762
f 1775/2577/1762 1774/2575/1761 1726/2576/1713
f 1760/2578/1747 1759/2579/1746 1775/2580/1762
f 1760/2578/1747 1775/2580/1762 1776/2581/1763
f 1776/2581/1763 1775/2580/1762 1777/2582/1764
f 1760/2578/1747 1776/2581/1763 1778/2583/1765
f 1776/2581/1763 1777/2582/1764 1779/2584/1766
f 1779/2584/1766 1777/2582/1764 1780/2585/1767
f 1778/2583/1765 1776/2581/1763 1781/2586/1768
f 1778/2583/1765 1781/2586/1768 1782/2587/1769
f 1778/2583/1765 1782/2587/1769 1783/2588/1770
f 1783/2588/1770 1782/2587/1769 1784/2589/1771
f 1784/2589/1771 1782/2587/1769 1785/2590/1772
f 1785/2590/1772 1782/2587/1769 1786/2591/1773
f 1786/2591/1773 1782/2587/1769 1781/2586/1768
f 1785/2590/1772 1786/2591/1773 1787/2592/1774
f 1787/2592/1774 1786/2591/1773 1781/2586/1768
f 1787/2592/1774 1781/2586/1768 1776/2581/1763
f 1787/2592/1774 1776/2581/1763 1788/2593/1775
f 1787/2592/1774 1788/2593/1775 1789/2594/1776
f 1789/2594/1776 1788/2593/1775 1790/2595/1777
f 1788/2593/1775 1776/2581/1763 1791/2596/1778
f 1791/2596/1778 1776/2581/1763 1779/2584/1766
f 1790/2595/1777 1788/2593/1775 1792/2597/1779
f 1792/2597/1779 1788/2593/1775 1791/2596/1778
f 1791/2596/1778 1779/2584/1766 1793/2598/1780
f 1793/2598/1780 1779/2584/1766 1780/2585/1767
f 1792/2597/1779 1791/2596/1778 1794/2599/1781
f 1793/2598/1780 1780/2585/1767 1795/2600/1782
f 1795/2600/1782 1780/2585/1767 1796/2601/1783
f 1795/2600/1782 1796/2601/1783 1797/2602/1784
f 1797/2602/1784 1796/2601/1783 1798/2603/1785
f 1793/2598/1780 1795/2600/1782 1799/2604/1786
f 1799/2604/1786 1795/2600/1782 1797/2602/1784
f 1797/2602/1784 1798/2603/1785 1800/2605/1787
f 1797/2602/1784 1800/2605/1787 1799/2604/1786
f 1800/2605/1787 1798/2603/1785 1763/2606/1750
f 1793/2598/1780 1799/2604/1786 1801/2607/1788
f 1793/2598/1780 1801/2607/1788 1791/2596/1778
f 1801/2607/1788 1799/2604/1786 1800/2605/1787
f 1800/2605/1787 1763/2606/1750 1777/2608/1764
f 1791/2596/1778 1801/2607/1788 1802/2609/1789
f 1802/2609/1789 1801/2607/1788 1800/2605/1787
f 1791/2596/1778 1802/2609/1789 1794/2599/1781
f 1800/2605/1787 1777/2608/1764 1803/2610/1790
f 1800/2605/1787 1803/2610/1790 1802/2609/1789
f 1803/2610/1790 1777/2608/1764 1775/2611/1762
f 1794/2599/1781 1802/2609/1789 1804/2612/1791
f 1804/2612/1791 1802/2609/1789 1803/2610/1790
f 1803/2610/1790 1775/2611/1762 1726/2613/1713
f 1794/2599/1781 1804/2612/1791 1792/2597/1779
f 1803/2610/1790 1726/2613/1713 1805/2614/1792
f 1805/2614/1792 1726/2613/1713 1720/2615/1707
f 1805/2614/1792 1720/2615/1707 1715/2616/1702
f 1803/2610/1790 1805/2614/1792 1806/2617/1793
f 1803/2610/1790 1806/2617/1793 1804/2612/1791
f 1806/2617/1793 1805/2614/1792 1807/2618/1794
f 1792/2597/1779 1804/2612/1791 1808/2619/1795
f 1808/2619/1795 1804/2612/1791 1806/2617/1793
f 1808/2619/1795 1806/2617/1793 1809/2620/1796
f 1809/2620/1796 1806/2617/1793 1810/2621/1797
f 1808/2619/1795 1809/2620/1796 1811/2622/1798
f 1808/2619/1795 1811/2622/1798 1792/2597/1779
f 1811/2622/1798 1809/2620/1796 1812/2623/1799
f 1811/2622/1798 1812/2623/1799 1813/2624/1800
f 1792/2597/1779 1811/2622/1798 1814/2625/1801
f 1814/2625/1801 1811/2622/1798 1813/2624/1800
f 1814/2625/1801 1813/2624/1800 1815/2626/1802
f 1792/2597/1779 1814/2625/1801 1790/2595/1777
f 1814/2625/1801 1815/2626/1802 1816/2627/1803
f 1814/2625/1801 1816/2627/1803 1790/2595/1777
f 1790/2595/1777 1816/2627/1803 1817/2628/1804
f 1817/2628/1804 1816/2627/1803 1818/2629/1805
f 1790/2595/1777 1817/2628/1804 1819/2630/1806
f 1819/2630/1806 1817/2628/1804 1820/2631/1807
f 1819/2630/1806 1820/2631/1807 1821/2632/1808
f 1777/2633/1764 1763/2634/1750 1760/2635/1747
f 1777/2633/1764 1760/2635/1747 1778/2636/1765
f 1777/2633/1764 1778/2636/1765 1822/2637/1809
f 1777/2633/1764 1822/2637/1809 1780/2638/1767
f 1822/2637/1809 1778/2636/1765 1783/2639/1770
f 1728/2640/1715 1688/2641/1395 1754/2642/1741
f 1728/2640/1715 1754/2642/1741 1823/2643/1810
f 1728/2640/1715 1823/2643/1810 1731/2644/1718
f 1823/2643/1810 1754/2642/1741 1824/2645/1811
f 1731/2644/1718 1823/2643/1810 1825/2646/1812
f 1731/2644/1718 1825/2646/1812 1736/2647/1723
f 1824/2645/1811 1754/2642/1741 1756/2648/1743
f 1736/2647/1723 1825/2646/1812 1826/2649/1813
f 1825/2646/1812 1823/2643/1810 1827/2650/1814
f 1827/2650/1814 1823/2643/1810 1824/2645/1811
f 1826/2649/1813 1825/2646/1812 1828/2651/1815
f 1826/2649/1813 1828/2651/1815 1829/2652/1816
f 1825/2646/1812 1827/2650/1814 1830/2653/1817
f 1825/2646/1812 1830/2653/1817 1828/2651/1815
f 1827/2650/1814 1824/2645/1811 1831/2654/1818
f 1827/2650/1814 1831/2654/1818 1830/2653/1817
f 1828/2651/1815 1830/2653/1817 1832/2655/1819
f 1832/2655/1819 1830/2653/1817 1831/2654/1818
f 1828/2651/1815 1832/2655/1819 1829/2652/1816
f 1832/2655/1819 1831/2654/1818 1824/2645/1811
f 1829/2652/1816 1832/2655/1819 1833/2656/1820
f 1833/2656/1820 1832/2655/1819 1824/2645/1811
f 1833/2656/1820 1824/2645/1811 1756/2648/1743
f 1829/2652/1816 1833/2656/1820 1834/2657/1821
f 1834/2657/1821 1833/2656/1820 1835/2658/1822
f 1835/2658/1822 1833/2656/1820 1756/2648/1743
f 1835/2658/1822 1756/2648/1743 1757/2659/1744
f 1835/2658/1822 1757/2659/1744 1772/2660/1759
f 1826/2661/1813 1829/2662/1816 1836/2663/1823
f 1836/2663/1823 1829/2662/1816 1834/2664/1821
f 1826/2661/1813 1836/2663/1823 1736/2665/1723
f 1836/2663/1823 1834/2664/1821 1837/2666/1824
f 1736/2665/1723 1836/2663/1823 1838/2667/1825
f 1736/2665/1723 1838/2667/1825 1839/2668/1826
f 1736/2665/1723 1839/2668/1826 1749/2669/1736
f 1838/2667/1825 1836/2663/1823 1840/2670/1827
f 1840/2670/1827 1836/2663/1823 1837/2666/1824
f 1749/2669/1736 1839/2668/1826 1751/2671/1738
f 1838/2667/1825 1840/2670/1827 1841/2672/1828
f 1838/2667/1825 1841/2672/1828 1839/2668/1826
f 1840/2670/1827 1837/2666/1824 1842/2673/1829
f 1841/2672/1828 1840/2670/1827 1843/2674/1830
f 1843/2674/1830 1840/2670/1827 1842/2673/1829
f 1839/2668/1826 1841/2672/1828 1844/2675/1831
f 1844/2675/1831 1841/2672/1828 1843/2674/1830
f 1845/2676/1832 1751/2671/1738 1839/2668/1826
f 1845/2676/1832 1839/2668/1826 1844/2675/1831
f 1844/2675/1831 1843/2674/1830 1846/2677/1833
f 1844/2675/1831 1846/2677/1833 1845/2676/1832
f 1846/2677/1833 1843/2674/1830 1842/2673/1829
f 1751/2671/1738 1845/2676/1832 1847/2678/1834
f 1847/2678/1834 1845/2676/1832 1846/2677/1833
f 1751/2671/1738 1847/2678/1834 1714/2679/1701
f 1846/2677/1833 1842/2673/1829 1848/2680/1835
f 1846/2677/1833 1848/2680/1835 1847/2678/1834
f 1848/2680/1835 1842/2673/1829 1837/2666/1824
f 1714/2679/1701 1847/2678/1834 1715/2681/1702
f 1715/2681/1702 1847/2678/1834 1848/2680/1835
f 1848/2680/1835 1837/2666/1824 1849/2682/1836
f 1848/2680/1835 1849/2682/1836 1715/2681/1702
f 1849/2682/1836 1837/2666/1824 1850/2683/1837
f 1715/2681/1702 1849/2682/1836 1807/2684/1794
f 1807/2684/1794 1849/2682/1836 1850/2683/1837
f 1715/2681/1702 1807/2684/1794 1805/2685/1792
f 1807/2684/1794 1850/2683/1837 1810/2686/1797
f 1807/2684/1794 1810/2686/1797 1806/2687/1793
f 1835/2688/1822 1851/2689/1838 1834/2690/1821
f 1834/2690/1821 1851/2689/1838 1837/2691/1824
f 1851/2689/1838 1835/2688/1822 1772/2692/1759
f 1837/2691/1824 1851/2689/1838 1852/2693/1839
f 1852/2693/1839 1851/2689/1838 1772/2692/1759
f 1837/2691/1824 1852/2693/1839 1850/2694/1837
f 1852/2693/1839 1772/2692/1759 1853/2695/1840
f 1852/2693/1839 1853/2695/1840 1850/2694/1837
f 1853/2695/1840 1772/2692/1759 1771/2696/1758
f 1853/2695/1840 1771/2696/1758 1854/2697/1841
f 1854/2697/1841 1771/2696/1758 1855/2698/1842
f 1854/2697/1841 1855/2698/1842 1853/2695/1840
f 1853/2695/1840 1855/2698/1842 1856/2699/1843
f 1853/2695/1840 1856/2699/1843 1857/2700/1844
f 1853/2695/1840 1857/2700/1844 1858/2701/1845
f 1853/2695/1840 1858/2701/1845 1850/2694/1837
f 1850/2694/1837 1858/2701/1845 1810/2702/1797
f 1810/2702/1797 1858/2701/1845 1859/2703/381
f 1810/2702/1797 1859/2703/381 1809/2704/1796
f 1860/2705/1846 1763/2706/1750 1822/2707/1809
f 1822/2707/1809 1763/2706/1750 1780/2708/1767
f 1780/2708/1767 1763/2706/1750 1796/2709/1783
f 1796/2709/1783 1763/2706/1750 1798/2710/1785
f 1763/2706/1750 1860/2705/1846 1764/2711/1751
f 1861/2712/1847 1822/2707/1809 1783/2713/1770
f 1822/2707/1809 1861/2712/1847 1860/2705/1846
f 1862/2714/1848 1861/2712/1847 1863/2715/1849
f 1862/2714/1848 1863/2715/1849 1864/2716/1850
f 1861/2712/1847 1862/2714/1848 1865/2717/1851
f 1865/2717/1851 1862/2714/1848 1864/2716/1850
f 1861/2712/1847 1865/2717/1851 1860/2705/1846
f 1865/2717/1851 1864/2716/1850 1866/2718/1852
f 1866/2718/1852 1864/2716/1850 1867/2719/1853
f 1865/2717/1851 1866/2718/1852 1868/2720/1854
f 1868/2720/1854 1866/2718/1852 1869/2721/1855
f 1868/2720/1854 1869/2721/1855 1870/2722/1856
f 1865/2717/1851 1868/2720/1854 1871/2723/1857
f 1860/2705/1846 1865/2717/1851 1872/2724/1858
f 1860/2705/1846 1872/2724/1858 1873/2725/1859
f 1860/2705/1846 1873/2725/1859 1874/2726/1860
f 1860/2705/1846 1874/2726/1860 1875/2727/1861
f 1860/2705/1846 1875/2727/1861 1764/2711/1751
f 1875/2727/1861 1874/2726/1860 1766/2728/1753
f 1764/2711/1751 1875/2727/1861 1765/2729/1752
f 1765/2729/1752 1875/2727/1861 1766/2728/1753
f 1871/2730/1857 1872/2731/1858 1865/2732/1851
f 1872/2731/1858 1871/2730/1857 1876/2733/1862
f 1876/2733/1862 1871/2730/1857 1877/2734/1863
f 1872/2731/1858 1876/2733/1862 1878/2735/1864
f 1872/2731/1858 1878/2735/1864 1873/2736/1859
f 1876/2733/1862 1877/2734/1863 1879/2737/1865
f 1876/2733/1862 1879/2737/1865 1878/2735/1864
f 1879/2737/1865 1877/2734/1863 1880/2738/1866
f 1878/2735/1864 1879/2737/1865 1881/2739/1867
f 1879/2737/1865 1880/2738/1866 1882/2740/1868
f 1882/2740/1868 1880/2738/1866 1883/2741/1869
f 1881/2739/1867 1879/2737/1865 1884/2742/1870
f 1881/2739/1867 1884/2742/1870 1883/2741/1869
f 1884/2742/1870 1879/2737/1865 1882/2740/1868
f 1884/2742/1870 1882/2740/1868 1883/2741/1869
f 1871/2743/1857 1868/2744/1854 1885/2745/1871
f 1871/2743/1857 1885/2745/1871 1886/2746/1872
f 1885/2745/1871 1868/2744/1854 1870/2747/1856
f 1885/2745/1871 1870/2747/1856 1886/2746/1872
f 1886/2746/1872 1870/2747/1856 1887/2748/1873
f 1887/2748/1873 1870/2747/1856 1888/2749/1874
f 1888/2749/1874 1870/2747/1856 1869/2750/1855
f 1863/2751/1849 1861/2752/1847 1783/2753/1770
f 1863/2751/1849 1783/2753/1770 1889/2754/1875
f 1863/2751/1849 1889/2754/1875 1864/2755/1850
f 1889/2754/1875 1783/2753/1770 1784/2756/1771
f 1864/2755/1850 1889/2754/1875 1890/2757/1876
f 1864/2755/1850 1890/2757/1876 1886/2758/1872
f 1864/2755/1850 1886/2758/1872 1867/2759/1853
f 1867/2759/1853 1886/2758/1872 1887/2760/1873
f 1886/2758/1872 1890/2757/1876 1891/2761/1877
f 1891/2761/1877 1890/2757/1876 1889/2754/1875
f 1889/2754/1875 1784/2756/1771 1892/2762/1878
f 1889/2754/1875 1892/2762/1878 1891/2761/1877
f 1891/2761/1877 1892/2762/1878 1893/2763/1879
f 1891/2761/1877 1893/2763/1879 1894/2764/1880
f 1894/2764/1880 1893/2763/1879 1895/2765/1881
f 1894/2764/1880 1895/2765/1881 1896/2766/1882
f 1896/2766/1882 1895/2765/1881 1897/2767/1883
f 1897/2767/1883 1895/2765/1881 1898/2768/1884
f 1897/2767/1883 1898/2768/1884 1899/2769/1885
f 1899/2769/1885 1898/2768/1884 1900/2770/1886
f 1900/2770/1886 1898/2768/1884 1895/2765/1881
f 1899/2769/1885 1900/2770/1886 1901/2771/1887
f 1902/2772/1888 1895/2765/1881 1893/2763/1879
f 1895/2765/1881 1902/2772/1888 1900/2770/1886
f 1902/2772/1888 1893/2763/1879 1903/2773/1889
f 1903/2773/1889 1893/2763/1879 1892/2762/1878
f 1900/2770/1886 1902/2772/1888 1904/2774/1890
f 1900/2770/1886 1904/2774/1890 1901/2771/1887
f 1902/2772/1888 1903/2773/1889 1905/2775/1891
f 1902/2772/1888 1905/2775/1891 1904/2774/1890
f 1903/2773/1889 1892/2762/1878 1906/2776/1892
f 1903/2773/1889 1906/2776/1892 1905/2775/1891
f 1906/2776/1892 1892/2762/1878 1784/2756/1771
f 1904/2774/1890 1905/2775/1891 1907/2777/1893
f 1904/2774/1890 1907/2777/1893 1901/2771/1887
f 1905/2775/1891 1906/2776/1892 1908/2778/1894
f 1905/2775/1891 1908/2778/1894 1907/2777/1893
f 1906/2776/1892 1784/2756/1771 1909/2779/1895
f 1906/2776/1892 1909/2779/1895 1908/2778/1894
f 1909/2779/1895 1784/2756/1771 1785/2780/1772
f 1909/2779/1895 1785/2780/1772 1910/2781/1896
f 1909/2779/1895 1910/2781/1896 1911/2782/1897
f 1909/2779/1895 1911/2782/1897 1908/2778/1894
f 1908/2778/1894 1911/2782/1897 1912/2783/1898
f 1908/2778/1894 1912/2783/1898 1913/2784/1899
f 1908/2778/1894 1913/2784/1899 1907/2777/1893
f 1913/2784/1899 1912/2783/1898 1914/2785/1900
f 1907/2777/1893 1913/2784/1899 1915/2786/1901
f 1915/2786/1901 1913/2784/1899 1914/2785/1900
f 1907/2777/1893 1915/2786/1901 1901/2771/1887
f 1915/2786/1901 1914/2785/1900 1916/2787/1902
f 1901/2771/1887 1915/2786/1901 1917/2788/1903
f 1917/2788/1903 1915/2786/1901 1916/2787/1902
f 1886/2789/1872 1918/2790/1904 1871/2791/1857
f 1918/2790/1904 1886/2789/1872 1891/2792/1877
f 1918/2790/1904 1891/2792/1877 1919/2793/1905
f 1919/2793/1905 1891/2792/1877 1894/2794/1880
f 1918/2790/1904 1919/2793/1905 1920/2795/1906
f 1919/2793/1905 1894/2794/1880 1921/2796/1907
f 1921/2796/1907 1894/2794/1880 1922/2797/1908
f 1922/2797/1908 1894/2794/1880 1896/2798/1882
f 1919/2793/1905 1921/2796/1907 1923/2799/1909
f 1897/2800/1883 1899/2801/1885 1896/2798/1882
f 1896/2798/1882 1899/2801/1885 1922/2797/1908
f 1901/2802/1887 1917/2803/1903 1899/2801/1885
f 1899/2801/1885 1917/2803/1903 1922/2797/1908
f 1922/2797/1908 1917/2803/1903 1916/2804/1902
f 1922/2797/1908 1916/2804/1902 1914/2805/1900
f 1922/2797/1908 1914/2805/1900 1912/2806/1898
f 1922/2797/1908 1912/2806/1898 1911/2807/1897
f 1922/2797/1908 1911/2807/1897 1921/2796/1907
f 1921/2796/1907 1911/2807/1897 1923/2799/1909
f 1923/2799/1909 1911/2807/1897 1924/2808/1910
f 1924/2808/1910 1911/2807/1897 1910/2809/1896
f 1924/2808/1910 1910/2809/1896 1925/2810/1911
f 1924/2808/1910 1925/2810/1911 1923/2799/1909
f 1923/2799/1909 1925/2810/1911 1919/2793/1905
f 1919/2793/1905 1925/2810/1911 1920/2795/1906
f 1920/2795/1906 1925/2810/1911 1926/2811/1912
f 1920/2795/1906 1926/2811/1912 1821/2812/1808
f 1920/2795/1906 1821/2812/1808 1927/2813/1913
f 1920/2795/1906 1927/2813/1913 1918/2790/1904
f 1918/2790/1904 1927/2813/1913 1928/2814/1914
f 1928/2814/1914 1927/2813/1913 1929/2815/1915
f 1929/2815/1915 1927/2813/1913 1821/2812/1808
f 1928/2814/1914 1929/2815/1915 1930/2816/1916
f 1930/2816/1916 1929/2815/1915 1931/2817/1917
f 1929/2815/1915 1821/2812/1808 1932/2818/1918
f 1932/2818/1918 1821/2812/1808 1820/2819/1807
f 1929/2815/1915 1932/2818/1918 1933/2820/1919
f 1929/2815/1915 1933/2820/1919 1931/2817/1917
f 1931/2817/1917 1933/2820/1919 1934/2821/1920
f 1935/2822/1921 1766/2823/1753 1874/2824/1860
f 1935/2822/1921 1874/2824/1860 1873/2825/1859
f 1766/2823/1753 1935/2822/1921 1767/2826/1754
f 1935/2822/1921 1873/2825/1859 1936/2827/1922
f 1936/2827/1922 1873/2825/1859 1937/2828/1923
f 1936/2827/1922 1937/2828/1923 1938/2829/1924
f 1935/2822/1921 1936/2827/1922 1939/2830/1925
f 1935/2822/1921 1939/2830/1925 1767/2826/1754
f 1936/2827/1922 1938/2829/1924 1940/2831/1926
f 1936/2827/1922 1940/2831/1926 1939/2830/1925
f 1767/2826/1754 1939/2830/1925 1941/2832/1927
f 1767/2826/1754 1941/2832/1927 1769/2833/1756
f 1769/2833/1756 1941/2832/1927 1942/2834/1928
f 1942/2834/1928 1941/2832/1927 1939/2830/1925
f 1769/2833/1756 1942/2834/1928 1770/2835/1757
f 1942/2834/1928 1939/2830/1925 1943/2836/1929
f 1942/2834/1928 1943/2836/1929 1770/2835/1757
f 1943/2836/1929 1939/2830/1925 1940/2831/1926
f 1770/2835/1757 1943/2836/1929 1944/2837/1930
f 1770/2835/1757 1944/2837/1930 1771/2838/1758
f 1944/2837/1930 1943/2836/1929 1945/2839/1931
f 1944/2837/1930 1945/2839/1931 1946/2840/1932
f 1945/2839/1931 1943/2836/1929 1947/2841/1933
f 1947/2841/1933 1943/2836/1929 1940/2831/1926
f 1945/2839/1931 1947/2841/1933 1948/2842/1934
f 1948/2842/1934 1947/2841/1933 1949/2843/1935
f 1948/2842/1934 1949/2843/1935 1950/2844/1936
f 1947/2841/1933 1940/2831/1926 1951/2845/1937
f 1947/2841/1933 1951/2845/1937 1949/2843/1935
f 1951/2845/1937 1940/2831/1926 1938/2829/1924
f 1951/2845/1937 1938/2829/1924 1952/2846/1938
f 1951/2845/1937 1952/2846/1938 1949/2843/1935
f 1950/2844/1936 1949/2843/1935 1953/2847/1939
f 1949/2843/1935 1952/2846/1938 1954/2848/1940
f 1949/2843/1935 1954/2848/1940 1953/2847/1939
f 1953/2847/1939 1954/2848/1940 1955/2849/1941
f 1953/2847/1939 1955/2849/1941 1956/2850/1942
f 1957/2851/1943 1958/2852/1944 1878/2853/1864
f 1878/2853/1864 1958/2852/1944 1873/2854/1859
f 1957/2851/1943 1878/2853/1864 1881/2855/1867
f 1958/2852/1944 1957/2851/1943 1930/2856/1916
f 1957/2851/1943 1881/2855/1867 1959/2857/1945
f 1959/2857/1945 1881/2855/1867 1883/2858/1869
f 1930/2856/1916 1957/2851/1943 1877/2859/1863
f 1959/2857/1945 1883/2858/1869 1960/2860/1946
f 1960/2860/1946 1883/2858/1869 1880/2861/1866
f 1957/2851/1943 1959/2857/1945 1961/2862/1947
f 1961/2862/1947 1959/2857/1945 1960/2860/1946
f 1957/2851/1943 1961/2862/1947 1877/2859/1863
f 1961/2862/1947 1960/2860/1946 1880/2861/1866
f 1961/2862/1947 1880/2861/1866 1877/2859/1863
f 1930/2856/1916 1877/2859/1863 1871/2863/1857
f 1930/2856/1916 1871/2863/1857 1928/2864/1914
f 1928/2864/1914 1871/2863/1857 1918/2865/1904
f 1873/2866/1859 1962/2867/1948 1937/2868/1923
f 1937/2868/1923 1962/2867/1948 1963/2869/1949
f 1937/2868/1923 1963/2869/1949 1938/2870/1924
f 1938/2870/1924 1963/2869/1949 1964/2871/1950
f 1963/2869/1949 1962/2867/1948 1965/2872/1951
f 1962/2867/1948 1873/2866/1859 1966/2873/1952
f 1966/2873/1952 1873/2866/1859 1958/2874/1944
f 1966/2873/1952 1958/2874/1944 1967/2875/1953
f 1966/2873/1952 1967/2875/1953 1968/2876/1954
f 1966/2873/1952 1968/2876/1954 1969/2877/1955
f 1966/2873/1952 1969/2877/1955 1962/2867/1948
f 1965/2872/1951 1962/2867/1948 1970/2878/1956
f 1970/2878/1956 1962/2867/1948 1969/2877/1955
f 1965/2872/1951 1970/2878/1956 1971/2879/1957
f 1970/2878/1956 1969/2877/1955 1972/2880/1958
f 1970/2878/1956 1972/2880/1958 1971/2879/1957
f 1967/2881/1953 1958/2882/1944 1973/2883/1959
f 1931/2884/1917 1958/2882/1944 1930/2885/1916
f 1958/2882/1944 1931/2884/1917 1934/2886/1920
f 1958/2882/1944 1934/2886/1920 1973/2883/1959
f 1973/2883/1959 1934/2886/1920 1955/2887/1941
f 1973/2883/1959 1955/2887/1941 1964/2888/1950
f 1973/2883/1959 1964/2888/1950 1963/2889/1949
f 1967/2881/1953 1973/2883/1959 1974/2890/1960
f 1974/2890/1960 1973/2883/1959 1963/2889/1949
f 1967/2881/1953 1974/2890/1960 1968/2891/1954
f 1974/2890/1960 1963/2889/1949 1965/2892/1951
f 1974/2890/1960 1965/2892/1951 1975/2893/1961
f 1974/2890/1960 1975/2893/1961 1968/2891/1954
f 1975/2893/1961 1965/2892/1951 1971/2894/1957
f 1968/2891/1954 1975/2893/1961 1976/2895/1962
f 1976/2895/1962 1975/2893/1961 1971/2894/1957
f 1968/2891/1954 1976/2895/1962 1969/2896/1955
f 1976/2895/1962 1971/2894/1957 1977/2897/1963
f 1976/2895/1962 1977/2897/1963 1969/2896/1955
f 1977/2897/1963 1971/2894/1957 1972/2898/1958
f 1977/2897/1963 1972/2898/1958 1969/2896/1955
f 1869/2899/1855 1978/2900/1964 1979/2901/1965
f 1978/2900/1964 1869/2899/1855 1866/2902/1852
f 1978/2900/1964 1866/2902/1852 1867/2903/1853
f 1869/2899/1855 1979/2901/1965 1888/2904/1874
f 1978/2900/1964 1867/2903/1853 1887/2905/1873
f 1978/2900/1964 1887/2905/1873 1979/2901/1965
f 1888/2904/1874 1979/2901/1965 1980/2906/1966
f 1980/2906/1966 1979/2901/1965 1887/2905/1873
f 1980/2906/1966 1887/2905/1873 1888/2904/1874
f 1981/2907/1967 1982/2908/1968 1964/2909/1950
f 1964/2909/1950 1982/2908/1968 1938/2910/1924
f 1982/2908/1968 1981/2907/1967 1983/2911/1969
f 1983/2911/1969 1981/2907/1967 1984/2912/1970
f 1981/2907/1967 1964/2909/1950 1954/2913/1940
f 1954/2913/1940 1964/2909/1950 1955/2914/1941
f 1984/2912/1970 1981/2907/1967 1985/2915/1971
f 1985/2915/1971 1981/2907/1967 1954/2913/1940
f 1984/2912/1970 1985/2915/1971 1986/2916/1972
f 1986/2916/1972 1985/2915/1971 1954/2913/1940
f 1987/2917/1973 1938/2918/1924 1982/2919/1968
f 1938/2918/1924 1987/2917/1973 1952/2920/1938
f 1952/2920/1938 1987/2917/1973 1954/2921/1940
f 1987/2917/1973 1982/2919/1968 1983/2922/1969
f 1954/2921/1940 1987/2917/1973 1986/2923/1972
f 1987/2917/1973 1983/2922/1969 1988/2924/1974
f 1987/2917/1973 1988/2924/1974 1986/2923/1972
f 1988/2924/1974 1983/2922/1969 1984/2925/1970
f 1988/2924/1974 1984/2925/1970 1986/2923/1972
f 1934/2926/1920 1989/2927/1975 1955/2928/1941
f 1955/2928/1941 1989/2927/1975 1956/2929/1942
f 1933/2930/1919 1932/2931/1918 1934/2926/1920
f 1934/2926/1920 1932/2931/1918 1990/2932/1976
f 1956/2929/1942 1989/2927/1975 1991/2933/1977
f 1989/2927/1975 1934/2926/1920 1992/2934/1978
f 1992/2934/1978 1934/2926/1920 1990/2932/1976
f 1989/2927/1975 1992/2934/1978 1993/2935/1979
f 1989/2927/1975 1993/2935/1979 1991/2933/1977
f 1993/2935/1979 1992/2934/1978 1994/2936/1980
f 1994/2936/1980 1992/2934/1978 1990/2932/1976
f 1991/2933/1977 1993/2935/1979 1995/2937/1981
f 1956/2929/1942 1991/2933/1977 1996/2938/1982
f 1994/2936/1980 1990/2932/1976 1997/2939/1983
f 1997/2939/1983 1990/2932/1976 1998/2940/1984
f 1994/2936/1980 1997/2939/1983 1999/2941/1985
f 1994/2936/1980 1999/2941/1985 2000/2942/1986
f 2000/2942/1986 1999/2941/1985 2001/2943/1987
f 2001/2943/1987 1999/2941/1985 2002/2944/1988
f 2002/2944/1988 1999/2941/1985 2003/2945/1989
f 1999/2941/1985 1997/2939/1983 2004/2946/1990
f 1999/2941/1985 2004/2946/1990 2003/2945/1989
f 2004/2946/1990 1997/2939/1983 2005/2947/1991
f 2003/2945/1989 2004/2946/1990 2006/2948/1992
f 2006/2948/1992 2004/2946/1990 2005/2947/1991
f 2007/2949/1993 2008/2950/1994 1996/2938/1982
f 2007/2949/1993 1996/2938/1982 2009/2951/1995
f 2009/2951/1995 1996/2938/1982 2010/2952/1996
f 2010/2952/1996 1996/2938/1982 1991/2933/1977
f 2009/2951/1995 2010/2952/1996 2011/2953/1997
f 2010/2952/1996 1991/2933/1977 1995/2937/1981
f 2011/2953/1997 2010/2952/1996 2012/2954/1998
f 2012/2954/1998 2010/2952/1996 1995/2937/1981
f 2011/2953/1997 2012/2954/1998 2013/2955/1999
f 2012/2954/1998 1995/2937/1981 2014/2956/2000
f 2015/2957/2001 1948/2958/1934 1950/2959/1936
f 1948/2958/1934 2015/2957/2001 1945/2960/1931
f 2015/2957/2001 1950/2959/1936 2016/2961/2002
f 1945/2960/1931 2015/2957/2001 2017/2962/2003
f 2015/2957/2001 2016/2961/2002 2018/2963/2004
f 2017/2962/2003 2015/2957/2001 2019/2964/2005
f 2017/2962/2003 2019/2964/2005 2007/2965/1993
f 2007/2965/1993 2019/2964/2005 2015/2957/2001
f 2007/2965/1993 2015/2957/2001 2018/2963/2004
f 2007/2965/1993 2018/2963/2004 2008/2966/1994
f 1956/2967/1942 1996/2968/1982 1953/2969/1939
f 1953/2969/1939 1996/2968/1982 2020/2970/2006
f 1953/2969/1939 2020/2970/2006 1950/2971/1936
f 2020/2970/2006 1996/2968/1982 2021/2972/2007
f 2021/2972/2007 1996/2968/1982 2008/2973/1994
f 2020/2970/2006 2021/2972/2007 2022/2974/2008
f 1950/2971/1936 2020/2970/2006 2023/2975/2009
f 2023/2975/2009 2020/2970/2006 2022/2974/2008
f 1950/2971/1936 2023/2975/2009 2016/2976/2002
f 2022/2974/2008 2021/2972/2007 2024/2977/2010
f 2022/2974/2008 2024/2977/2010 2023/2975/2009
f 2016/2976/2002 2023/2975/2009 2025/2978/2011
f 2025/2978/2011 2023/2975/2009 2024/2977/2010
f 2016/2976/2002 2025/2978/2011 2026/2979/2012
f 2026/2979/2012 2025/2978/2011 2024/2977/2010
f 2026/2979/2012 2024/2977/2010 2021/2972/2007
f 2026/2979/2012 2021/2972/2007 2008/2973/1994
f 2016/2976/2002 2026/2979/2012 2018/2980/2004
f 2018/2980/2004 2026/2979/2012 2008/2973/1994
f 1855/2981/1842 1771/2982/1758 1944/2983/1930
f 1855/2981/1842 1944/2983/1930 1946/2984/1932
f 1855/2981/1842 1946/2984/1932 2027/2985/2013
f 1855/2981/1842 2027/2985/2013 1856/2986/1843
f 1856/2986/1843 2027/2985/2013 2028/2987/2014
f 2027/2985/2013 1946/2984/1932 2029/2988/2015
f 2027/2985/2013 2029/2988/2015 2028/2987/2014
f 2029/2988/2015 1946/2984/1932 1945/2989/1931
f 2028/2987/2014 2029/2988/2015 2030/2990/2016
f 2029/2988/2015 1945/2989/1931 2017/2991/2003
f 2030/2990/2016 2029/2988/2015 2031/2992/2017
f 2031/2992/2017 2029/2988/2015 2017/2991/2003
f 2030/2990/2016 2031/2992/2017 2032/2993/2018
f 2030/2990/2016 2032/2993/2018 2033/2994/2019
f 2031/2992/2017 2017/2991/2003 2034/2995/2020
f 2034/2995/2020 2017/2991/2003 2007/2996/1993
f 2032/2993/2018 2031/2992/2017 2035/2997/2021
f 2035/2997/2021 2031/2992/2017 2034/2995/2020
f 2033/2994/2019 2032/2993/2018 2036/2998/2022
f 2036/2998/2022 2032/2993/2018 2035/2997/2021
f 2033/2994/2019 2036/2998/2022 2014/2999/2000
f 2033/2994/2019 2014/2999/2000 1995/3000/1981
f 2014/2999/2000 2036/2998/2022 2012/3001/1998
f 2035/2997/2021 2034/2995/2020 2037/3002/2023
f 2038/3003/2024 2034/2995/2020 2007/2996/1993
f 2034/2995/2020 2038/3003/2024 2037/3002/2023
f 2038/3003/2024 2007/2996/1993 2009/3004/1995
f 2035/2997/2021 2037/3002/2023 2039/3005/2025
f 2038/3003/2024 2009/3004/1995 2040/3006/2026
f 2038/3003/2024 2040/3006/2026 2037/3002/2023
f 2040/3006/2026 2009/3004/1995 2041/3007/2027
f 2040/3006/2026 2041/3007/2027 2042/3008/2028
f 2037/3002/2023 2040/3006/2026 2043/3009/2029
f 2043/3009/2029 2040/3006/2026 2042/3008/2028
f 2037/3002/2023 2043/3009/2029 2039/3005/2025
f 2043/3009/2029 2042/3008/2028 2044/3010/2030
f 2044/3010/2030 2042/3008/2028 2045/3011/2031
f 2039/3005/2025 2043/3009/2029 2046/3012/2032
f 2046/3012/2032 2043/3009/2029 2044/3010/2030
f 2039/3005/2025 2046/3012/2032 2047/3013/2033
f 2044/3010/2030 2045/3011/2031 2048/3014/2034
f 2048/3014/2034 2045/3011/2031 2049/3015/2035
f 2048/3014/2034 2049/3015/2035 2050/3016/2036
f 2039/3005/2025 2047/3013/2033 2051/3017/2037
f 2039/3005/2025 2051/3017/2037 2052/3018/2038
f 2052/3018/2038 2051/3017/2037 2053/3019/2039
f 2047/3013/2033 2046/3012/2032 2054/3020/2040
f 2054/3020/2040 2046/3012/2032 2044/3010/2030
f 2047/3013/2033 2054/3020/2040 2051/3017/2037
f 2053/3019/2039 2051/3017/2037 2055/3021/2041
f 2055/3021/2041 2051/3017/2037 2054/3020/2040
f 2053/3019/2039 2055/3021/2041 2056/3022/2042
f 2056/3022/2042 2055/3021/2041 2057/3023/2043
f 2054/3020/2040 2044/3010/2030 2058/3024/2044
f 2054/3020/2040 2058/3024/2044 2055/3021/2041
f 2058/3024/2044 2044/3010/2030 2048/3014/2034
f 2057/3023/2043 2055/3021/2041 2059/3025/2045
f 2059/3025/2045 2055/3021/2041 2058/3024/2044
f 2059/3025/2045 2058/3024/2044 2048/3014/2034
f 2057/3023/2043 2059/3025/2045 2050/3016/2036
f 2050/3016/2036 2059/3025/2045 2048/3014/2034
f 2009/3026/1995 2049/3027/2035 2041/3028/2027
f 2041/3028/2027 2049/3027/2035 2045/3029/2031
f 2049/3027/2035 2009/3026/1995 2011/3030/1997
f 2049/3027/2035 2011/3030/1997 2050/3031/2036
f 2050/3031/2036 2011/3030/1997 2013/3032/1999
f 2050/3031/2036 2013/3032/1999 2012/3033/1998
f 2050/3031/2036 2012/3033/1998 2060/3034/2046
f 2050/3031/2036 2060/3034/2046 2057/3035/2043
f 2060/3034/2046 2012/3033/1998 2036/3036/2022
f 2057/3035/2043 2060/3034/2046 2056/3037/2042
f 2056/3037/2042 2060/3034/2046 2061/3038/2047
f 2061/3038/2047 2060/3034/2046 2036/3036/2022
f 2056/3037/2042 2061/3038/2047 2053/3039/2039
f 2053/3039/2039 2061/3038/2047 2052/3040/2038
f 2052/3040/2038 2061/3038/2047 2036/3036/2022
f 2052/3040/2038 2036/3036/2022 2035/3041/2021
f 2052/3040/2038 2035/3041/2021 2039/3042/2025
f 2041/3043/2027 2045/3044/2031 2042/3045/2028
f 419/3046/416 415/3047/413 416/3048/414
f 1404/3049/1394 355/3050/353 354/3051/352
f 355/3050/353 1404/3049/1394 365/3052/363
f 1402/3053/1392 1404/3049/1394 1403/3054/1393
f 1404/3049/1394 1402/3053/1392 365/3052/363
f 365/3052/363 1402/3053/1392 1400/3055/1390
f 1399/3056/1389 1367/3057/1357 1400/3055/1390
f 1400/3055/1390 1367/3057/1357 2062/3058/2048
f 1400/3055/1390 2062/3058/2048 365/3052/363
f 2062/3058/2048 1367/3057/1357 1368/3059/1358
f 2062/3058/2048 1368/3059/1358 2063/3060/2049
f 2062/3058/2048 2063/3060/2049 2064/3061/2050
f 2064/3061/2050 2063/3060/2049 2065/3062/2051
f 365/3052/363 2062/3058/2048 371/3063/369
f 365/3052/363 371/3063/369 366/3064/364
f 366/3064/364 371/3063/369 368/3065/366
f 371/3063/369 2062/3058/2048 2066/3066/2052
f 371/3063/369 2066/3066/2052 370/3067/368
f 370/3067/368 2066/3066/2052 373/3068/371
f 373/3068/371 2066/3066/2052 2067/3069/2053
f 373/3068/371 2067/3069/2053 382/3070/380
f 382/3070/380 2067/3069/2053 2068/3071/2054
f 2067/3069/2053 2066/3066/2052 2069/3072/2055
f 2067/3069/2053 2069/3072/2055 2068/3071/2054
f 2070/3073/2056 2066/3066/2052 2062/3058/2048
f 2066/3066/2052 2070/3073/2056 2069/3072/2055
f 2068/3071/2054 2069/3072/2055 2071/3074/2057
f 2071/3074/2057 2069/3072/2055 2070/3073/2056
f 2068/3071/2054 2071/3074/2057 2072/3075/2058
f 2070/3073/2056 2062/3058/2048 2073/3076/2059
f 2070/3073/2056 2073/3076/2059 2071/3074/2057
f 2073/3076/2059 2062/3058/2048 2064/3061/2050
f 2072/3075/2058 2071/3074/2057 2074/3077/2060
f 2072/3075/2058 2074/3077/2060 2075/3078/2061
f 2075/3078/2061 2074/3077/2060 2076/3079/2062
f 2074/3077/2060 2071/3074/2057 2077/3080/2063
f 2077/3080/2063 2071/3074/2057 2073/3076/2059
f 2076/3079/2062 2074/3077/2060 2078/3081/2064
f 2078/3081/2064 2074/3077/2060 2077/3080/2063
f 2076/3079/2062 2078/3081/2064 2079/3082/2065
f 2080/3083/2066 2073/3076/2059 2064/3061/2050
f 2080/3083/2066 2064/3061/2050 2065/3062/2051
f 2077/3080/2063 2073/3076/2059 2081/3084/2067
f 2081/3084/2067 2073/3076/2059 2080/3083/2066
f 2080/3083/2066 2065/3062/2051 2082/3085/2068
f 2080/3083/2066 2082/3085/2068 2081/3084/2067
f 2082/3085/2068 2065/3062/2051 2083/3086/2069
f 2082/3085/2068 2083/3086/2069 2084/3087/2070
f 2082/3085/2068 2084/3087/2070 2085/3088/2071
f 2082/3085/2068 2085/3088/2071 2086/3089/2072
f 2082/3085/2068 2086/3089/2072 2081/3084/2067
f 2087/3090/2073 2078/3081/2064 2077/3080/2063
f 2087/3090/2073 2077/3080/2063 2081/3084/2067
f 2078/3081/2064 2087/3090/2073 2079/3082/2065
f 2081/3084/2067 2086/3089/2072 2088/3091/2074
f 2081/3084/2067 2088/3091/2074 2087/3090/2073
f 2088/3091/2074 2086/3089/2072 2089/3092/2075
f 2088/3091/2074 2089/3092/2075 2090/3093/2076
f 2087/3090/2073 2088/3091/2074 2091/3094/2077
f 2091/3094/2077 2088/3091/2074 2090/3093/2076
f 2087/3090/2073 2091/3094/2077 2079/3082/2065
f 2091/3094/2077 2090/3093/2076 2092/3095/2078
f 2091/3094/2077 2092/3095/2078 2079/3082/2065
f 1370/3096/1360 1369/3097/1359 417/3098/415
f 417/3098/415 1369/3097/1359 416/3099/414
f 1370/3096/1360 417/3098/415 2093/3100/2079
f 2093/3100/2079 417/3098/415 421/3101/418
f 1368/3102/1358 1366/3103/1356 1370/3096/1360
f 1368/3102/1358 1370/3096/1360 2094/3104/2080
f 2094/3104/2080 1370/3096/1360 2093/3100/2079
f 1368/3102/1358 2094/3104/2080 2063/3105/2049
f 2093/3100/2079 421/3101/418 2095/3106/2081
f 2093/3100/2079 2095/3106/2081 2094/3104/2080
f 2095/3106/2081 421/3101/418 434/3107/431
f 2063/3105/2049 2094/3104/2080 2096/3108/2082
f 2094/3104/2080 2095/3106/2081 2072/3109/2058
f 2063/3105/2049 2096/3108/2082 2065/3110/2051
f 2094/3104/2080 2072/3109/2058 2075/3111/2061
f 2094/3104/2080 2075/3111/2061 2096/3108/2082
f 2072/3109/2058 2095/3106/2081 2097/3112/2083
f 2097/3112/2083 2095/3106/2081 434/3107/431
f 2072/3109/2058 2097/3112/2083 2068/3113/2054
f 2097/3112/2083 434/3107/431 383/3114/381
f 2068/3113/2054 2097/3112/2083 382/3115/380
f 382/3115/380 2097/3112/2083 383/3114/381
f 2096/3108/2082 2075/3111/2061 2098/3116/2084
f 2098/3116/2084 2075/3111/2061 2076/3117/2062
f 2099/3118/2085 2065/3110/2051 2096/3108/2082
f 2065/3110/2051 2099/3118/2085 2083/3119/2069
f 2083/3119/2069 2099/3118/2085 2100/3120/2086
f 2100/3120/2086 2099/3118/2085 1365/3121/1355
f 1365/3121/1355 2099/3118/2085 1363/3122/1353
f 1363/3122/1353 2099/3118/2085 1364/3123/1354
f 2099/3118/2085 2096/3108/2082 2101/3124/2087
f 2101/3124/2087 2096/3108/2082 2098/3116/2084
f 2099/3118/2085 2101/3124/2087 1364/3123/1354
f 2101/3124/2087 2098/3116/2084 2102/3125/2088
f 2101/3124/2087 2102/3125/2088 1364/3123/1354
f 2103/3126/2089 2098/3116/2084 2076/3117/2062
f 2098/3116/2084 2103/3126/2089 2102/3125/2088
f 2103/3126/2089 2076/3117/2062 2079/3127/2065
f 2103/3126/2089 2079/3127/2065 2092/3128/2078
f 2103/3126/2089 2092/3128/2078 2104/3129/2090
f 2103/3126/2089 2104/3129/2090 2102/3125/2088
f 2104/3129/2090 2092/3128/2078 2105/3130/2091
f 2104/3129/2090 2105/3130/2091 2106/3131/2092
f 2104/3129/2090 2106/3131/2092 2107/3132/2093
f 2104/3129/2090 2107/3132/2093 2102/3125/2088
f 2107/3132/2093 2106/3131/2092 2108/3133/2094
f 2107/3132/2093 2108/3133/2094 2109/3134/2095
f 2109/3134/2095 2108/3133/2094 2110/3135/2096
f 2107/3132/2093 2109/3134/2095 2111/3136/2097
f 2111/3136/2097 2109/3134/2095 2110/3135/2096
f 2107/3132/2093 2111/3136/2097 2102/3125/2088
f 2111/3136/2097 2110/3135/2096 2112/3137/2098
f 2102/3125/2088 2111/3136/2097 2113/3138/2099
f 2113/3138/2099 2111/3136/2097 2114/3139/2100
f 2102/3125/2088 2113/3138/2099 2115/3140/2101
f 2113/3138/2099 2114/3139/2100 2116/3141/2102
f 2113/3138/2099 2116/3141/2102 2115/3140/2101
f 2116/3141/2102 2114/3139/2100 2117/3142/2103
f 2102/3125/2088 2115/3140/2101 1364/3123/1354
f 1364/3123/1354 2115/3140/2101 1361/3143/1351
f 1364/3123/1354 1361/3143/1351 1362/3144/1352
f 1361/3143/1351 2115/3140/2101 1360/3145/1350
f 2115/3140/2101 2116/3141/2102 2118/3146/2104
f 2115/3140/2101 2118/3146/2104 1360/3145/1350
f 2118/3146/2104 2116/3141/2102 2117/3142/2103
f 1360/3145/1350 2118/3146/2104 2119/3147/2105
f 2119/3147/2105 2118/3146/2104 2117/3142/2103
f 2119/3147/2105 2117/3142/2103 2120/3148/2106
f 2119/3147/2105 2120/3148/2106 2121/3149/2107
f 707/3150/703 705/3151/701 2122/3152/2108
f 2122/3152/2108 705/3151/701 1035/3153/1028
f 707/3150/703 2122/3152/2108 1694/3154/1681
f 2122/3152/2108 1035/3153/1028 1037/3155/1030
f 1694/3154/1681 2122/3152/2108 2123/3156/2109
f 2123/3156/2109 2122/3152/2108 1037/3155/1030
f 1694/3154/1681 2123/3156/2109 1693/3157/1680
f 1692/3158/1679 1693/3157/1680 1699/3159/1686
f 1699/3159/1686 1693/3157/1680 2124/3160/2110
f 2124/3160/2110 1693/3157/1680 2123/3156/2109
f 1699/3159/1686 2124/3160/2110 2125/3161/2111
f 2124/3160/2110 2123/3156/2109 2126/3162/2112
f 2125/3161/2111 2124/3160/2110 2127/3163/2113
f 2127/3163/2113 2124/3160/2110 2126/3162/2112
f 2125/3161/2111 2127/3163/2113 2128/3164/2114
f 2128/3164/2114 2127/3163/2113 2129/3165/2115
f 2126/3162/2112 2123/3156/2109 2130/3166/2116
f 2126/3162/2112 2130/3166/2116 2127/3163/2113
f 2130/3166/2116 2123/3156/2109 1037/3155/1030
f 2127/3163/2113 2130/3166/2116 2131/3167/2117
f 2127/3163/2113 2131/3167/2117 2132/3168/2118
f 2131/3167/2117 2130/3166/2116 2133/3169/2119
f 2130/3166/2116 1037/3155/1030 2134/3170/2120
f 2130/3166/2116 2134/3170/2120 2133/3169/2119
f 2134/3170/2120 1037/3155/1030 1038/3171/1031
f 2133/3169/2119 2134/3170/2120 1083/3172/1075
f 1083/3172/1075 2134/3170/2120 1038/3171/1031
f 2133/3169/2119 1083/3172/1075 1082/3173/1074
f 1083/3172/1075 1038/3171/1031 1081/3174/1073
f 1038/3175/1031 1013/3176/1007 1086/3177/1078
f 2131/3178/2117 2133/3179/2119 1082/3180/1074
f 2131/3178/2117 1082/3180/1074 2135/3181/2121
f 2135/3181/2121 1082/3180/1074 2136/3182/2122
f 2136/3182/2122 1082/3180/1074 2137/3183/2123
f 2136/3182/2122 2137/3183/2123 2138/3184/2124
f 2138/3184/2124 2137/3183/2123 2139/3185/2125
f 2138/3184/2124 2139/3185/2125 2140/3186/2126
f 2139/3185/2125 2137/3183/2123 2141/3187/466
f 2137/3183/2123 1082/3180/1074 2142/3188/2127
f 2137/3183/2123 2142/3188/2127 2141/3187/466
f 2142/3188/2127 1082/3180/1074 1078/3189/1070
f 2139/3185/2125 2141/3187/466 2143/3190/2128
f 2142/3188/2127 1078/3189/1070 2144/3191/2129
f 2142/3188/2127 2144/3191/2129 2141/3187/466
f 2144/3191/2129 1078/3189/1070 1071/3192/1063
f 1071/3192/1063 1078/3189/1070 1070/3193/1062
f 2141/3187/466 2144/3191/2129 2145/3194/2130
f 2143/3190/2128 2141/3187/466 2146/3195/2131
f 2146/3195/2131 2141/3187/466 2145/3194/2130
f 2143/3190/2128 2146/3195/2131 2147/3196/2132
f 2147/3196/2132 2146/3195/2131 2148/3197/2133
f 2148/3197/2133 2146/3195/2131 2145/3194/2130
f 2145/3194/2130 2144/3191/2129 2149/3198/2134
f 2145/3194/2130 2149/3198/2134 2148/3197/2133
f 2149/3198/2134 2144/3191/2129 1071/3192/1063
f 2148/3197/2133 2149/3198/2134 2150/3199/2135
f 2150/3199/2135 2149/3198/2134 1071/3192/1063
f 2148/3197/2133 2150/3199/2135 2151/3200/2136
f 2148/3197/2133 2151/3200/2136 2152/3201/2137
f 2151/3200/2136 2150/3199/2135 2153/3202/2138
f 2153/3202/2138 2150/3199/2135 1071/3192/1063
f 2151/3200/2136 2153/3202/2138 2154/3203/2139
f 2154/3203/2139 2153/3202/2138 2132/3204/2118
f 2153/3202/2138 1071/3192/1063 1072/3205/1064
f 1072/3205/1064 1071/3192/1063 1068/3206/1060
f 2153/3202/2138 1072/3205/1064 2155/3207/2140
f 2155/3207/2140 1072/3205/1064 1073/3208/1065
f 2132/3204/2118 2153/3202/2138 2129/3209/2115
f 2129/3209/2115 2153/3202/2138 2155/3207/2140
f 2132/3204/2118 2129/3209/2115 2127/3210/2113
f 2129/3209/2115 2155/3207/2140 2156/3211/2141
f 2129/3209/2115 2156/3211/2141 2157/3212/2142
f 2129/3209/2115 2157/3212/2142 2128/3213/2114
f 1699/3214/1686 2158/3215/2143 2159/3216/2144
f 2159/3216/2144 2158/3215/2143 2160/3217/2145
f 2158/3215/2143 1699/3214/1686 2125/3218/2111
f 2160/3217/2145 2158/3215/2143 2161/3219/2146
f 2158/3215/2143 2125/3218/2111 2162/3220/2147
f 2162/3220/2147 2125/3218/2111 2128/3221/2114
f 2162/3220/2147 2128/3221/2114 2163/3222/2148
f 2158/3215/2143 2162/3220/2147 2164/3223/2149
f 2158/3215/2143 2164/3223/2149 2161/3219/2146
f 2162/3220/2147 2163/3222/2148 2165/3224/2150
f 2162/3220/2147 2165/3224/2150 2164/3223/2149
f 2161/3219/2146 2164/3223/2149 2166/3225/2151
f 2166/3225/2151 2164/3223/2149 2165/3224/2150
f 2161/3219/2146 2166/3225/2151 2167/3226/2152
f 2165/3224/2150 2163/3222/2148 2168/3227/2153
f 2168/3227/2153 2163/3222/2148 2169/3228/2154
f 2168/3227/2153 2169/3228/2154 2170/3229/2155
f 2165/3224/2150 2168/3227/2153 2171/3230/2156
f 2165/3224/2150 2171/3230/2156 2166/3225/2151
f 2168/3227/2153 2170/3229/2155 2172/3231/2157
f 2168/3227/2153 2172/3231/2157 2171/3230/2156
f 2166/3225/2151 2171/3230/2156 2173/3232/2158
f 2166/3225/2151 2173/3232/2158 2167/3226/2152
f 2173/3232/2158 2171/3230/2156 2172/3231/2157
f 2167/3226/2152 2173/3232/2158 2174/3233/2159
f 2174/3233/2159 2173/3232/2158 2172/3231/2157
f 2167/3226/2152 2174/3233/2159 2175/3234/2160
f 2175/3234/2160 2174/3233/2159 2176/3235/2161
f 2176/3235/2161 2174/3233/2159 2172/3231/2157
f 2175/3234/2160 2176/3235/2161 2177/3236/2162
f 2178/3237/2163 2172/3231/2157 2170/3229/2155
f 2172/3231/2157 2178/3237/2163 2176/3235/2161
f 2178/3237/2163 2170/3229/2155 2179/3238/2164
f 2178/3237/2163 2179/3238/2164 2180/3239/2165
f 2177/3236/2162 2176/3235/2161 2181/3240/2166
f 2178/3237/2163 2180/3239/2165 2182/3241/2167
f 2178/3237/2163 2182/3241/2167 2176/3235/2161
f 2182/3241/2167 2180/3239/2165 2183/3242/2168
f 2183/3242/2168 2180/3239/2165 2152/3243/2137
f 2176/3235/2161 2182/3241/2167 2184/3244/2169
f 2183/3242/2168 2152/3243/2137 2185/3245/2170
f 2185/3245/2170 2152/3243/2137 2151/3246/2136
f 2185/3245/2170 2151/3246/2136 2154/3247/2139
f 2184/3244/2169 2182/3241/2167 2186/3248/2171
f 2186/3248/2171 2182/3241/2167 2183/3242/2168
f 2176/3235/2161 2184/3244/2169 2187/3249/2172
f 2187/3249/2172 2184/3244/2169 2186/3248/2171
f 2176/3235/2161 2187/3249/2172 2181/3240/2166
f 2186/3248/2171 2183/3242/2168 2188/3250/2173
f 2188/3250/2173 2183/3242/2168 2185/3245/2170
f 2185/3245/2170 2154/3247/2139 2189/3251/2174
f 2185/3245/2170 2189/3251/2174 2188/3250/2173
f 2189/3251/2174 2154/3247/2139 2132/3252/2118
f 2189/3251/2174 2132/3252/2118 2131/3253/2117
f 2189/3251/2174 2131/3253/2117 2190/3254/2175
f 2189/3251/2174 2190/3254/2175 2188/3250/2173
f 2190/3254/2175 2131/3253/2117 2135/3255/2121
f 2191/3256/2176 2186/3248/2171 2188/3250/2173
f 2186/3248/2171 2191/3256/2176 2187/3249/2172
f 2188/3250/2173 2190/3254/2175 2192/3257/2177
f 2188/3250/2173 2192/3257/2177 2191/3256/2176
f 2190/3254/2175 2135/3255/2121 2193/3258/2178
f 2190/3254/2175 2193/3258/2178 2192/3257/2177
f 2193/3258/2178 2135/3255/2121 2136/3259/2122
f 2193/3258/2178 2136/3259/2122 2138/3260/2124
f 2193/3258/2178 2138/3260/2124 2192/3257/2177
f 2191/3256/2176 2192/3257/2177 2194/3261/2179
f 2194/3261/2179 2192/3257/2177 2138/3260/2124
f 2191/3256/2176 2194/3261/2179 2187/3249/2172
f 2194/3261/2179 2138/3260/2124 2140/3262/2126
f 2194/3261/2179 2140/3262/2126 2195/3263/2180
f 2194/3261/2179 2195/3263/2180 2187/3249/2172
f 2195/3263/2180 2140/3262/2126 2196/3264/2181
f 2187/3249/2172 2195/3263/2180 2197/3265/2182
f 2187/3249/2172 2197/3265/2182 2181/3240/2166
f 2195/3263/2180 2196/3264/2181 2198/3266/2183
f 2195/3263/2180 2198/3266/2183 2197/3265/2182
f 2198/3266/2183 2196/3264/2181 2199/3267/2184
f 2181/3240/2166 2197/3265/2182 2200/3268/2185
f 2200/3268/2185 2197/3265/2182 2198/3266/2183
f 2181/3240/2166 2200/3268/2185 2201/3269/2186
f 2201/3269/2186 2200/3268/2185 2198/3266/2183
f 2201/3269/2186 2198/3266/2183 2199/3267/2184
f 2181/3240/2166 2201/3269/2186 2202/3270/2187
f 2201/3269/2186 2199/3267/2184 2203/3271/2188
f 2204/3272/2189 1699/3273/1686 2159/3274/2144
f 1699/3273/1686 2204/3272/2189 1698/3275/1685
f 1698/3275/1685 2204/3272/2189 1702/3276/1689
f 2204/3272/2189 2159/3274/2144 2205/3277/2190
f 1702/3276/1689 2204/3272/2189 2206/3278/2191
f 2206/3278/2191 2204/3272/2189 2205/3277/2190
f 1702/3276/1689 2206/3278/2191 2084/3279/2070
f 2084/3279/2070 2206/3278/2191 2085/3280/2071
f 2085/3280/2071 2206/3278/2191 2205/3277/2190
f 2205/3277/2190 2159/3274/2144 2160/3281/2145
f 2085/3280/2071 2205/3277/2190 2086/3282/2072
f 2086/3282/2072 2205/3277/2190 2160/3281/2145
f 2086/3282/2072 2160/3281/2145 2207/3283/2192
f 2207/3283/2192 2160/3281/2145 2208/3284/2193
f 2208/3284/2193 2160/3281/2145 2161/3285/2146
f 2208/3284/2193 2161/3285/2146 2209/3286/2194
f 2208/3284/2193 2209/3286/2194 2207/3283/2192
f 2209/3286/2194 2161/3285/2146 2167/3287/2152
f 2209/3286/2194 2167/3287/2152 2210/3288/2195
f 2209/3286/2194 2210/3288/2195 2207/3283/2192
f 2210/3288/2195 2167/3287/2152 2175/3289/2160
f 2090/3290/2076 2086/3282/2072 2207/3283/2192
f 2086/3282/2072 2090/3290/2076 2089/3291/2075
f 2207/3283/2192 2210/3288/2195 2211/3292/2196
f 2207/3283/2192 2211/3292/2196 2090/3290/2076
f 2090/3290/2076 2211/3292/2196 2212/3293/2197
f 2090/3290/2076 2212/3293/2197 2092/3294/2078
f 2092/3294/2078 2212/3293/2197 2213/3295/2198
f 2092/3294/2078 2213/3295/2198 2105/3296/2091
f 2212/3293/2197 2211/3292/2196 2214/3297/2199
f 2214/3297/2199 2211/3292/2196 2215/3298/2200
f 2215/3298/2200 2211/3292/2196 2210/3288/2195
f 2214/3297/2199 2215/3298/2200 2216/3299/2201
f 2216/3299/2201 2215/3298/2200 2217/3300/2202
f 2216/3299/2201 2217/3300/2202 2218/3301/2203
f 2215/3298/2200 2210/3288/2195 2219/3302/2204
f 2215/3298/2200 2219/3302/2204 2217/3300/2202
f 2219/3302/2204 2210/3288/2195 2175/3289/2160
f 2217/3300/2202 2219/3302/2204 2177/3303/2162
f 2177/3303/2162 2219/3302/2204 2175/3289/2160
f 1064/3304/1056 1737/3305/1724 2220/3306/2205
f 1064/3304/1056 2220/3306/2205 1065/3307/1057
f 1065/3307/1057 2220/3306/2205 1069/3308/1061
f 2220/3306/2205 1737/3305/1724 1739/3309/1726
f 1069/3308/1061 2220/3306/2205 2221/3310/2206
f 2221/3310/2206 2220/3306/2205 1739/3309/1726
f 2221/3310/2206 1739/3309/1726 1738/3311/1725
f 2222/3312/2207 2223/3313/2208 2221/3310/2206
f 2222/3312/2207 2221/3310/2206 2224/3314/2209
f 2224/3314/2209 2221/3310/2206 1738/3311/1725
f 2224/3314/2209 1738/3311/1725 2225/3315/2210
f 2225/3315/2210 1738/3311/1725 2226/3316/2211
f 2226/3316/2211 1738/3311/1725 1741/3317/1728
f 2226/3316/2211 1741/3317/1728 1706/3318/1693
f 1633/3319/1621 2227/3320/2212 2228/3321/2213
f 2227/3320/2212 1633/3319/1621 2229/3322/2214
f 2227/3320/2212 2229/3322/2214 1572/3323/1560
f 1633/3319/1621 2228/3321/2213 2230/3324/2215
f 1633/3319/1621 2230/3324/2215 1635/3325/1623
f 1635/3325/1623 2230/3324/2215 1632/3326/1620
f 1632/3326/1620 2230/3324/2215 1630/3327/1618
f 1630/3327/1618 2230/3324/2215 2231/3328/2216
f 2231/3328/2216 2230/3324/2215 2228/3321/2213
f 1630/3327/1618 2231/3328/2216 1627/3329/1615
f 1627/3329/1615 2231/3328/2216 1628/3330/1616
f 1628/3330/1616 2231/3328/2216 1076/3331/1068
f 1076/3331/1068 2231/3328/2216 2228/3321/2213
f 1076/3331/1068 2228/3321/2213 1623/3332/1611
f 1076/3331/1068 1623/3332/1611 1075/3333/1067
f 1623/3332/1611 2228/3321/2213 1622/3334/1610
f 1622/3334/1610 2228/3321/2213 2227/3320/2212
f 1622/3334/1610 2227/3320/2212 2232/3335/2217
f 2232/3335/2217 2227/3320/2212 1572/3323/1560
f 1622/3334/1610 2232/3335/2217 1061/3336/1053
f 1061/3336/1053 2232/3335/2217 1055/3337/1047
f 1055/3337/1047 2232/3335/2217 1053/3338/1045
f 2232/3335/2217 1572/3323/1560 2233/3339/2218
f 2232/3335/2217 2233/3339/2218 1053/3338/1045
f 1053/3338/1045 2233/3339/2218 1057/3340/1049
f 2233/3339/2218 1572/3323/1560 1575/3341/1563
f 1057/3340/1049 2233/3339/2218 1609/3342/1597
f 1609/3342/1597 2233/3339/2218 1575/3341/1563
f 1609/3342/1597 1575/3341/1563 1590/3343/1578
f 1628/3344/1616 1069/3345/1061 2234/3346/855
f 1069/3345/1061 1628/3344/1616 1076/3347/1068
f 2234/3346/855 1069/3345/1061 2221/3348/2206
f 2234/3346/855 2221/3348/2206 2223/3349/2208
f 1628/3344/1616 2234/3346/855 1625/3350/1613
f 2234/3346/855 2223/3349/2208 2235/3351/2219
f 2235/3351/2219 2223/3349/2208 2236/3352/2220
f 2234/3346/855 2235/3351/2219 2237/3353/2221
f 2237/3353/2221 2235/3351/2219 2236/3352/2220
f 2237/3353/2221 2236/3352/2220 2238/3354/2222
f 2234/3346/855 2237/3353/2221 1625/3350/1613
f 1625/3350/1613 2237/3353/2221 2239/3355/2223
f 1625/3350/1613 2239/3355/2223 2240/3356/2224
f 2240/3356/2224 2239/3355/2223 2241/3357/2225
f 1625/3350/1613 2240/3356/2224 2242/3358/2226
f 2242/3358/2226 2240/3356/2224 2243/3359/2227
f 1625/3350/1613 2242/3358/2226 1075/3360/1067
f 1075/3360/1067 2242/3358/2226 2243/3359/2227
f 2244/3361/2228 1074/3362/1066 1075/3363/1067
f 1074/3362/1066 2244/3361/2228 2245/3364/2229
f 1074/3362/1066 2245/3364/2229 1073/3365/1065
f 2244/3361/2228 1075/3363/1067 2246/3366/2230
f 2246/3366/2230 1075/3363/1067 2243/3367/2227
f 2244/3361/2228 2246/3366/2230 2247/3368/2231
f 2246/3366/2230 2243/3367/2227 2248/3369/2232
f 2246/3366/2230 2248/3369/2232 2247/3368/2231
f 2248/3369/2232 2243/3367/2227 2249/3370/2233
f 2249/3370/2233 2243/3367/2227 2250/3371/2234
f 2250/3371/2234 2243/3367/2227 2240/3372/2224
f 2248/3369/2232 2249/3370/2233 2251/3373/2235
f 2250/3371/2234 2240/3372/2224 2241/3374/2225
f 2249/3370/2233 2250/3371/2234 2252/3375/2236
f 2249/3370/2233 2252/3375/2236 2251/3373/2235
f 2252/3375/2236 2250/3371/2234 2253/3376/2237
f 2253/3376/2237 2250/3371/2234 2241/3374/2225
f 2252/3375/2236 2253/3376/2237 2254/3377/2238
f 2252/3375/2236 2254/3377/2238 2251/3373/2235
f 2253/3376/2237 2241/3374/2225 2255/3378/2239
f 2253/3376/2237 2255/3378/2239 2254/3377/2238
f 2256/3379/2240 2248/3369/2232 2251/3373/2235
f 2248/3369/2232 2256/3379/2240 2247/3368/2231
f 2251/3373/2235 2254/3377/2238 2257/3380/2241
f 2256/3379/2240 2251/3373/2235 2258/3381/2242
f 2258/3381/2242 2251/3373/2235 2257/3380/2241
f 2257/3380/2241 2254/3377/2238 2259/3382/2243
f 2259/3382/2243 2254/3377/2238 2255/3378/2239
f 2257/3380/2241 2259/3382/2243 2260/3383/2244
f 2259/3382/2243 2255/3378/2239 2261/3384/2245
f 2259/3382/2243 2261/3384/2245 2260/3383/2244
f 2258/3381/2242 2257/3380/2241 2262/3385/2246
f 2262/3385/2246 2257/3380/2241 2260/3383/2244
f 2179/3386/2164 2256/3379/2240 2258/3381/2242
f 2179/3386/2164 2258/3381/2242 2262/3385/2246
f 2179/3386/2164 2262/3385/2246 2218/3387/2203
f 2218/3387/2203 2262/3385/2246 2216/3388/2201
f 2216/3388/2201 2262/3385/2246 2260/3383/2244
f 2216/3388/2201 2260/3383/2244 2214/3389/2199
f 2256/3379/2240 2179/3386/2164 2263/3390/2247
f 2256/3379/2240 2263/3390/2247 2247/3368/2231
f 2263/3390/2247 2179/3386/2164 2170/3391/2155
f 2247/3368/2231 2263/3390/2247 2264/3392/2248
f 2264/3392/2248 2263/3390/2247 2170/3391/2155
f 2247/3368/2231 2264/3392/2248 2265/3393/2249
f 2265/3393/2249 2264/3392/2248 2170/3391/2155
f 2247/3368/2231 2265/3393/2249 2244/3361/2228
f 2265/3393/2249 2170/3391/2155 2169/3394/2154
f 2244/3361/2228 2265/3393/2249 2245/3364/2229
f 2245/3364/2229 2265/3393/2249 2169/3394/2154
f 2245/3364/2229 2169/3394/2154 2266/3395/2250
f 2266/3395/2250 2169/3394/2154 2163/3396/2148
f 2266/3395/2250 2163/3396/2148 2157/3397/2142
f 2157/3397/2142 2163/3396/2148 2128/3398/2114
f 2266/3395/2250 2157/3397/2142 2156/3399/2141
f 2245/3364/2229 2266/3395/2250 2267/3400/2251
f 2267/3400/2251 2266/3395/2250 2156/3399/2141
f 2245/3364/2229 2267/3400/2251 1073/3365/1065
f 2267/3400/2251 2156/3399/2141 2155/3401/2140
f 2267/3400/2251 2155/3401/2140 1073/3365/1065
f 2139/3402/2125 2196/3403/2181 2140/3404/2126
f 2196/3403/2181 2139/3402/2125 2268/3405/2252
f 2268/3405/2252 2139/3402/2125 2143/3406/2128
f 2196/3403/2181 2268/3405/2252 2269/3407/2253
f 2196/3403/2181 2269/3407/2253 2199/3408/2184
f 2199/3408/2184 2269/3407/2253 2270/3409/2254
f 2269/3407/2253 2268/3405/2252 2271/3410/2255
f 2271/3410/2255 2268/3405/2252 2272/3411/2256
f 2268/3405/2252 2143/3406/2128 2273/3412/2257
f 2268/3405/2252 2273/3412/2257 2272/3411/2256
f 2273/3412/2257 2143/3406/2128 2274/3413/2258
f 2273/3412/2257 2274/3413/2258 2272/3411/2256
f 2274/3413/2258 2143/3406/2128 2147/3414/2132
f 2272/3411/2256 2274/3413/2258 2275/3415/2259
f 2275/3415/2259 2274/3413/2258 2147/3414/2132
f 2272/3411/2256 2275/3415/2259 2276/3416/2260
f 2275/3415/2259 2147/3414/2132 2277/3417/2261
f 2275/3415/2259 2277/3417/2261 2276/3416/2260
f 2277/3417/2261 2147/3414/2132 2148/3418/2133
f 2277/3417/2261 2148/3418/2133 2152/3419/2137
f 2277/3417/2261 2152/3419/2137 2180/3420/2165
f 2277/3417/2261 2180/3420/2165 2179/3421/2164
f 2277/3417/2261 2179/3421/2164 2276/3416/2260
f 2276/3416/2260 2179/3421/2164 2218/3422/2203
f 2276/3416/2260 2218/3422/2203 2278/3423/2262
f 2278/3424/2262 2218/3425/2203 2279/3426/2263
f 2272/3427/2256 2276/3428/2260 2278/3424/2262
f 2272/3427/2256 2278/3424/2262 2280/3429/2264
f 2280/3429/2264 2278/3424/2262 2281/3430/2265
f 2281/3430/2265 2278/3424/2262 2279/3426/2263
f 2280/3429/2264 2281/3430/2265 2282/3431/2266
f 2282/3431/2266 2281/3430/2265 2283/3432/2267
f 2283/3432/2267 2281/3430/2265 2284/3433/2268
f 2284/3433/2268 2281/3430/2265 2279/3426/2263
f 2285/3434/2269 2279/3426/2263 2218/3425/2203
f 2279/3426/2263 2285/3434/2269 2284/3433/2268
f 2285/3434/2269 2218/3425/2203 2217/3435/2202
f 2284/3433/2268 2285/3434/2269 2286/3436/2270
f 2285/3434/2269 2217/3435/2202 2202/3437/2187
f 2202/3437/2187 2217/3435/2202 2177/3438/2162
f 2202/3437/2187 2177/3438/2162 2181/3439/2166
f 2285/3434/2269 2202/3437/2187 2287/3440/2271
f 2285/3434/2269 2287/3440/2271 2286/3436/2270
f 2286/3436/2270 2287/3440/2271 2288/3441/2272
f 2286/3436/2270 2288/3441/2272 2289/3442/2273
f 2287/3440/2271 2202/3437/2187 2203/3443/2188
f 2203/3443/2188 2202/3437/2187 2201/3444/2186
f 2288/3441/2272 2287/3440/2271 2290/3445/2274
f 2288/3441/2272 2290/3445/2274 2289/3442/2273
f 2290/3445/2274 2287/3440/2271 2203/3443/2188
f 2289/3442/2273 2290/3445/2274 2291/3446/2275
f 2291/3446/2275 2290/3445/2274 2292/3447/2276
f 2292/3447/2276 2290/3445/2274 2203/3443/2188
f 2292/3447/2276 2203/3443/2188 2293/3448/2277
f 2292/3447/2276 2293/3448/2277 2282/3449/2266
f 2282/3449/2266 2293/3448/2277 2280/3450/2264
f 2293/3448/2277 2203/3443/2188 2270/3451/2254
f 2270/3451/2254 2203/3443/2188 2199/3452/2184
f 2280/3450/2264 2293/3448/2277 2271/3453/2255
f 2271/3453/2255 2293/3448/2277 2270/3451/2254
f 2280/3450/2264 2271/3453/2255 2272/3454/2256
f 2271/3453/2255 2270/3451/2254 2269/3455/2253
f 2284/3456/2268 2286/3457/2270 2294/3458/2278
f 2284/3456/2268 2294/3458/2278 2295/3459/2279
f 2294/3458/2278 2286/3457/2270 2296/3460/2280
f 2295/3459/2279 2294/3458/2278 2297/3461/2281
f 2294/3458/2278 2296/3460/2280 2298/3462/2282
f 2294/3458/2278 2298/3462/2282 2297/3461/2281
f 2298/3462/2282 2296/3460/2280 2299/3463/2283
f 2299/3463/2283 2296/3460/2280 2286/3457/2270
f 2297/3461/2281 2298/3462/2282 2300/3464/2284
f 2300/3464/2284 2298/3462/2282 2299/3463/2283
f 2299/3463/2283 2286/3457/2270 2301/3465/2285
f 2301/3465/2285 2286/3457/2270 2289/3466/2273
f 2301/3465/2285 2289/3466/2273 2291/3467/2275
f 2301/3465/2285 2291/3467/2275 2302/3468/2286
f 2303/3469/2287 2297/3461/2281 2304/3470/2288
f 2304/3470/2288 2297/3461/2281 2305/3471/2289
f 2305/3471/2289 2297/3461/2281 2300/3464/2284
f 2304/3470/2288 2305/3471/2289 2306/3472/2290
f 2306/3472/2290 2305/3471/2289 2307/3473/2291
f 2307/3473/2291 2305/3471/2289 2300/3464/2284
f 2306/3472/2290 2307/3473/2291 2308/3474/2292
f 2309/3475/2293 2301/3465/2285 2302/3468/2286
f 2309/3475/2293 2302/3468/2286 2310/3476/2294
f 2301/3465/2285 2309/3475/2293 2311/3477/2295
f 2301/3465/2285 2311/3477/2295 2299/3463/2283
f 2309/3475/2293 2310/3476/2294 2312/3478/2296
f 2309/3475/2293 2312/3478/2296 2311/3477/2295
f 2310/3476/2294 2302/3468/2286 2313/3479/2297
f 2310/3476/2294 2313/3479/2297 2312/3478/2296
f 2313/3479/2297 2302/3468/2286 2314/3480/2298
f 2313/3479/2297 2314/3480/2298 2315/3481/2299
f 2299/3463/2283 2311/3477/2295 2316/3482/2300
f 2316/3482/2300 2311/3477/2295 2312/3478/2296
f 2299/3463/2283 2316/3482/2300 2300/3464/2284
f 2312/3478/2296 2313/3479/2297 2317/3483/2301
f 2313/3479/2297 2315/3481/2299 2318/3484/2302
f 2313/3479/2297 2318/3484/2302 2317/3483/2301
f 2318/3484/2302 2315/3481/2299 2319/3485/2303
f 2318/3484/2302 2319/3485/2303 2320/3486/2304
f 2318/3484/2302 2320/3486/2304 2321/3487/2305
f 2318/3484/2302 2321/3487/2305 2317/3483/2301
f 2321/3487/2305 2320/3486/2304 2322/3488/2306
f 2321/3487/2305 2322/3488/2306 2323/3489/2307
f 2324/3490/2308 2312/3478/2296 2317/3483/2301
f 2312/3478/2296 2324/3490/2308 2316/3482/2300
f 2324/3490/2308 2317/3483/2301 2325/3491/2309
f 2316/3482/2300 2324/3490/2308 2326/3492/2310
f 2326/3492/2310 2324/3490/2308 2325/3491/2309
f 2316/3482/2300 2326/3492/2310 2300/3464/2284
f 2300/3464/2284 2326/3492/2310 2327/3493/2311
f 2327/3493/2311 2326/3492/2310 2325/3491/2309
f 2300/3464/2284 2327/3493/2311 2307/3473/2291
f 2307/3473/2291 2327/3493/2311 2328/3494/2312
f 2328/3494/2312 2327/3493/2311 2325/3491/2309
f 2307/3473/2291 2328/3494/2312 2308/3474/2292
f 2329/3495/2313 2325/3491/2309 2317/3483/2301
f 2329/3495/2313 2317/3483/2301 2321/3487/2305
f 2328/3494/2312 2325/3491/2309 2330/3496/2314
f 2328/3494/2312 2330/3496/2314 2308/3474/2292
f 2330/3496/2314 2325/3491/2309 2329/3495/2313
f 2308/3474/2292 2330/3496/2314 2331/3497/2315
f 2331/3497/2315 2330/3496/2314 2329/3495/2313
f 2308/3474/2292 2331/3497/2315 2332/3498/2316
f 2308/3474/2292 2332/3498/2316 2323/3489/2307
f 2331/3497/2315 2329/3495/2313 2333/3499/2317
f 2333/3499/2317 2329/3495/2313 2321/3487/2305
f 2331/3497/2315 2333/3499/2317 2332/3498/2316
f 2333/3499/2317 2321/3487/2305 2323/3489/2307
f 2333/3499/2317 2323/3489/2307 2332/3498/2316
f 2283/3500/2267 2334/3501/2318 2282/3502/2266
f 2282/3502/2266 2334/3501/2318 2292/3503/2276
f 2334/3501/2318 2283/3500/2267 2295/3504/2279
f 2295/3504/2279 2283/3500/2267 2284/3505/2268
f 2292/3503/2276 2334/3501/2318 2335/3506/2319
f 2292/3503/2276 2335/3506/2319 2302/3507/2286
f 2292/3503/2276 2302/3507/2286 2291/3508/2275
f 2335/3506/2319 2334/3501/2318 2336/3509/2320
f 2336/3509/2320 2334/3501/2318 2295/3504/2279
f 2302/3507/2286 2335/3506/2319 2337/3510/2321
f 2337/3510/2321 2335/3506/2319 2336/3509/2320
f 2336/3509/2320 2295/3504/2279 2338/3511/2322
f 2336/3509/2320 2338/3511/2322 2337/3510/2321
f 2338/3511/2322 2295/3504/2279 2297/3512/2281
f 2302/3507/2286 2337/3510/2321 2314/3513/2298
f 2314/3513/2298 2337/3510/2321 2338/3511/2322
f 2314/3513/2298 2338/3511/2322 2297/3512/2281
f 2314/3513/2298 2297/3512/2281 2339/3514/2323
f 2339/3514/2323 2297/3512/2281 2303/3515/2287
f 2314/3513/2298 2339/3514/2323 2340/3516/2324
f 2340/3516/2324 2339/3514/2323 2341/3517/2325
f 2314/3513/2298 2340/3516/2324 2315/3518/2299
f 2315/3518/2299 2340/3516/2324 2319/3519/2303
f 2340/3520/2324 2342/3521/2326 2319/3522/2303
f 2342/3521/2326 2340/3520/2324 2343/3523/2327
f 2319/3522/2303 2342/3521/2326 2344/3524/2328
f 2344/3524/2328 2342/3521/2326 2343/3523/2327
f 2319/3522/2303 2344/3524/2328 2320/3525/2304
f 2343/3523/2327 2340/3520/2324 2341/3526/2325
f 2320/3525/2304 2344/3524/2328 2345/3527/2329
f 2320/3525/2304 2345/3527/2329 2322/3528/2306
f 2344/3524/2328 2343/3523/2327 2346/3529/2330
f 2344/3524/2328 2346/3529/2330 2345/3527/2329
f 2346/3529/2330 2343/3523/2327 2347/3530/2331
f 2322/3528/2306 2345/3527/2329 2348/3531/2332
f 2346/3529/2330 2347/3530/2331 2349/3532/2333
f 2322/3528/2306 2348/3531/2332 2323/3533/2307
f 2347/3530/2331 2343/3523/2327 2350/3534/2334
f 2347/3530/2331 2350/3534/2334 2349/3532/2333
f 2350/3534/2334 2343/3523/2327 2341/3526/2325
f 2346/3529/2330 2349/3532/2333 2351/3535/2335
f 2351/3535/2335 2349/3532/2333 2350/3534/2334
f 2346/3529/2330 2351/3535/2335 2345/3527/2329
f 2350/3534/2334 2341/3526/2325 2352/3536/2336
f 2350/3534/2334 2352/3536/2336 2351/3535/2335
f 2352/3536/2336 2341/3526/2325 2353/3537/2337
f 2353/3537/2337 2341/3526/2325 2339/3538/2323
f 2351/3535/2335 2352/3536/2336 2354/3539/2338
f 2354/3539/2338 2352/3536/2336 2353/3537/2337
f 2353/3537/2337 2339/3538/2323 2303/3540/2287
f 2351/3535/2335 2354/3539/2338 2355/3541/2339
f 2356/3542/2340 2345/3527/2329 2351/3535/2335
f 2356/3542/2340 2351/3535/2335 2355/3541/2339
f 2345/3527/2329 2356/3542/2340 2348/3531/2332
f 2353/3537/2337 2303/3540/2287 2357/3543/2341
f 2357/3543/2341 2303/3540/2287 2304/3544/2288
f 2358/3545/2342 2354/3539/2338 2353/3537/2337
f 2358/3545/2342 2353/3537/2337 2357/3543/2341
f 2354/3539/2338 2358/3545/2342 2355/3541/2339
f 2358/3545/2342 2357/3543/2341 2359/3546/2343
f 2358/3545/2342 2359/3546/2343 2355/3541/2339
f 2359/3546/2343 2357/3543/2341 2304/3544/2288
f 2360/3547/2344 2348/3531/2332 2356/3542/2340
f 2359/3546/2343 2304/3544/2288 2361/3548/2345
f 2362/3549/2346 2356/3542/2340 2355/3541/2339
f 2356/3542/2340 2362/3549/2346 2360/3547/2344
f 2355/3541/2339 2359/3546/2343 2363/3550/2347
f 2355/3541/2339 2363/3550/2347 2362/3549/2346
f 2363/3550/2347 2359/3546/2343 2361/3548/2345
f 2360/3547/2344 2362/3549/2346 2364/3551/2348
f 2364/3551/2348 2362/3549/2346 2363/3550/2347
f 2360/3547/2344 2364/3551/2348 2348/3531/2332
f 2364/3551/2348 2363/3550/2347 2361/3548/2345
f 2306/3552/2290 2361/3548/2345 2304/3544/2288
f 2361/3548/2345 2306/3552/2290 2364/3551/2348
f 2364/3551/2348 2306/3552/2290 2348/3531/2332
f 2348/3531/2332 2306/3552/2290 2323/3533/2307
f 2323/3533/2307 2306/3552/2290 2308/3553/2292
f 1344/3554/1334 1398/3555/1388 1343/3556/1333
f 1398/3555/1388 1344/3554/1334 2365/3557/2349
f 2365/3557/2349 1344/3554/1334 1345/3558/1335
f 2365/3557/2349 1345/3558/1335 1350/3559/1340
f 2365/3557/2349 1350/3559/1340 1355/3560/1345
f 1398/3555/1388 2365/3557/2349 2366/3561/2350
f 2366/3561/2350 2365/3557/2349 1355/3560/1345
f 1398/3555/1388 2366/3561/2350 1399/3562/1389
f 2366/3561/2350 1355/3560/1345 1357/3563/1347
f 1399/3562/1389 2366/3561/2350 2367/3564/2351
f 2367/3564/2351 2366/3561/2350 1357/3563/1347
f 1399/3562/1389 2367/3564/2351 2368/3565/2352
f 1399/3562/1389 2368/3565/2352 1367/3566/1357
f 1367/3566/1357 2368/3565/2352 1365/3567/1355
f 1365/3567/1355 2368/3565/2352 2100/3568/2086
f 2100/3568/2086 2368/3565/2352 2367/3564/2351
f 2100/3568/2086 2367/3564/2351 1357/3563/1347
f 2100/3568/2086 1357/3563/1347 2083/3569/2069
f 2083/3569/2069 1357/3563/1347 1356/3570/1346
f 2369/3571/2353 2370/3572/2354 2371/3573/2355
f 2371/3573/2355 2370/3572/2354 1359/3574/1349
f 1360/3575/1350 2119/3576/2105 1359/3574/1349
f 1359/3574/1349 2119/3576/2105 2121/3577/2107
f 1359/3574/1349 2121/3577/2107 2371/3573/2355
f 2371/3573/2355 2121/3577/2107 2372/3578/2356
f 2372/3578/2356 2121/3577/2107 2120/3579/2106
f 2371/3573/2355 2372/3578/2356 2373/3580/2357
f 2371/3573/2355 2373/3580/2357 2369/3571/2353
f 2372/3578/2356 2120/3579/2106 2374/3581/2358
f 2374/3581/2358 2120/3579/2106 2375/3582/2359
f 2374/3581/2358 2375/3582/2359 2372/3578/2356
f 2372/3578/2356 2375/3582/2359 2373/3580/2357
f 2375/3582/2359 2120/3579/2106 2376/3583/2360
f 2375/3582/2359 2376/3583/2360 2373/3580/2357
f 2369/3571/2353 2373/3580/2357 2377/3584/2361
f 2377/3584/2361 2373/3580/2357 2376/3583/2360
f 2377/3584/2361 2376/3583/2360 1704/3585/1691
f 2377/3584/2361 1704/3585/1691 2369/3571/2353
f 1704/3585/1691 2376/3583/2360 1705/3586/1692
f 2369/3571/2353 1704/3585/1691 1701/3587/1688
f 2369/3571/2353 1701/3587/1688 2370/3572/2354
f 2370/3572/2354 1701/3587/1688 2378/3588/2362
f 2370/3572/2354 2378/3588/2362 1359/3574/1349
f 2378/3588/2362 1701/3587/1688 2084/3589/2070
f 2084/3589/2070 1701/3587/1688 1702/3590/1689
f 1359/3574/1349 2378/3588/2362 1356/3591/1346
f 1356/3591/1346 2378/3588/2362 2084/3589/2070
f 1359/3574/1349 1356/3591/1346 1358/3592/1348
f 1356/3591/1346 2084/3589/2070 2083/3593/2069
f 1703/3594/1690 1704/3595/1691 1705/3596/1692
f 2376/3597/2360 2120/3598/2106 2379/3599/2363
f 2376/3597/2360 2379/3599/2363 1705/3600/1692
f 2379/3599/2363 2120/3598/2106 2380/3601/2364
f 2380/3601/2364 2120/3598/2106 2117/3602/2103
f 1705/3600/1692 2379/3599/2363 2225/3603/2210
f 1705/3600/1692 2225/3603/2210 1706/3604/1693
f 1706/3604/1693 2225/3603/2210 2226/3605/2211
f 2225/3603/2210 2379/3599/2363 2222/3606/2207
f 2222/3606/2207 2379/3599/2363 2380/3601/2364
f 2225/3603/2210 2222/3606/2207 2224/3607/2209
f 2380/3601/2364 2117/3602/2103 2381/3608/2365
f 2381/3608/2365 2117/3602/2103 2114/3609/2100
f 2222/3606/2207 2380/3601/2364 2382/3610/2366
f 2382/3610/2366 2380/3601/2364 2381/3608/2365
f 2381/3608/2365 2114/3609/2100 2383/3611/2367
f 2381/3608/2365 2383/3611/2367 2382/3610/2366
f 2383/3611/2367 2114/3609/2100 2384/3612/2368
f 2384/3612/2368 2114/3609/2100 2111/3613/2097
f 2382/3610/2366 2383/3611/2367 2385/3614/2369
f 2385/3614/2369 2383/3611/2367 2384/3612/2368
f 2384/3612/2368 2111/3613/2097 2112/3615/2098
f 2384/3612/2368 2112/3615/2098 2386/3616/2370
f 2387/3617/2371 2222/3606/2207 2382/3610/2366
f 2222/3606/2207 2387/3617/2371 2223/3618/2208
f 2223/3618/2208 2387/3617/2371 2236/3619/2220
f 2387/3617/2371 2382/3610/2366 2388/3620/2372
f 2388/3620/2372 2382/3610/2366 2385/3614/2369
f 2236/3619/2220 2387/3617/2371 2389/3621/2373
f 2389/3621/2373 2387/3617/2371 2388/3620/2372
f 2390/3622/2374 2385/3614/2369 2384/3612/2368
f 2385/3614/2369 2390/3622/2374 2388/3620/2372
f 2390/3622/2374 2384/3612/2368 2386/3616/2370
f 2388/3620/2372 2390/3622/2374 2391/3623/2375
f 2388/3620/2372 2391/3623/2375 2389/3621/2373
f 2390/3622/2374 2386/3616/2370 2392/3624/2376
f 2390/3622/2374 2392/3624/2376 2391/3623/2375
f 2392/3624/2376 2386/3616/2370 2112/3615/2098
f 2238/3625/2222 2236/3619/2220 2389/3621/2373
f 2392/3624/2376 2112/3615/2098 2393/3626/2377
f 2393/3626/2377 2112/3615/2098 2110/3627/2096
f 2391/3623/2375 2392/3624/2376 2394/3628/2378
f 2394/3628/2378 2392/3624/2376 2393/3626/2377
f 2395/3629/2379 2389/3621/2373 2391/3623/2375
f 2395/3629/2379 2391/3623/2375 2394/3628/2378
f 2238/3625/2222 2389/3621/2373 2396/3630/2380
f 2396/3630/2380 2389/3621/2373 2395/3629/2379
f 2393/3626/2377 2110/3627/2096 2397/3631/2381
f 2393/3626/2377 2397/3631/2381 2394/3628/2378
f 2397/3631/2381 2110/3627/2096 2398/3632/2382
f 2398/3632/2382 2110/3627/2096 2108/3633/2094
f 2398/3632/2382 2108/3633/2094 2106/3634/2092
f 2397/3631/2381 2398/3632/2382 2399/3635/2383
f 2397/3631/2381 2399/3635/2383 2394/3628/2378
f 2398/3632/2382 2106/3634/2092 2400/3636/2384
f 2398/3632/2382 2400/3636/2384 2399/3635/2383
f 2394/3628/2378 2399/3635/2383 2401/3637/2385
f 2394/3628/2378 2401/3637/2385 2395/3629/2379
f 2395/3629/2379 2401/3637/2385 2396/3630/2380
f 2401/3637/2385 2399/3635/2383 2402/3638/2386
f 2401/3637/2385 2402/3638/2386 2396/3630/2380
f 2402/3638/2386 2399/3635/2383 2400/3636/2384
f 2403/3639/2387 2400/3636/2384 2106/3634/2092
f 2403/3639/2387 2106/3634/2092 2105/3640/2091
f 2403/3639/2387 2105/3640/2091 2213/3641/2198
f 2400/3636/2384 2403/3639/2387 2404/3642/2388
f 2404/3642/2388 2403/3639/2387 2213/3641/2198
f 2402/3638/2386 2400/3636/2384 2405/3643/2389
f 2405/3643/2389 2400/3636/2384 2404/3642/2388
f 2406/3644/2390 2396/3630/2380 2402/3638/2386
f 2406/3644/2390 2402/3638/2386 2405/3643/2389
f 2396/3630/2380 2406/3644/2390 2238/3625/2222
f 2405/3643/2389 2404/3642/2388 2407/3645/2391
f 2407/3645/2391 2404/3642/2388 2213/3641/2198
f 2406/3644/2390 2405/3643/2389 2408/3646/2392
f 2408/3646/2392 2405/3643/2389 2407/3645/2391
f 2238/3625/2222 2406/3644/2390 2409/3647/2393
f 2409/3647/2393 2406/3644/2390 2408/3646/2392
f 2238/3625/2222 2409/3647/2393 2237/3648/2221
f 2237/3648/2221 2409/3647/2393 2410/3649/2394
f 2410/3649/2394 2409/3647/2393 2408/3646/2392
f 2237/3648/2221 2410/3649/2394 2239/3650/2223
f 2239/3650/2223 2410/3649/2394 2241/3374/2225
f 2241/3374/2225 2410/3649/2394 2408/3646/2392
f 2241/3374/2225 2408/3646/2392 2255/3378/2239
f 2255/3378/2239 2408/3646/2392 2407/3645/2391
f 2255/3378/2239 2407/3645/2391 2261/3384/2245
f 2261/3384/2245 2407/3645/2391 2411/3651/2395
f 2411/3651/2395 2407/3645/2391 2213/3641/2198
f 2261/3384/2245 2411/3651/2395 2260/3383/2244
f 2411/3651/2395 2213/3641/2198 2212/3652/2197
f 2260/3383/2244 2411/3651/2395 2214/3389/2199
f 2214/3389/2199 2411/3651/2395 2212/3652/2197
f 1572/3653/1560 2229/3654/2214 1573/3655/1561
f 1633/3656/1621 1618/3657/1606 2229/3654/2214
f 2229/3654/2214 1618/3657/1606 1616/3658/1604
f 2229/3654/2214 1616/3658/1604 1573/3655/1561
f 1573/3655/1561 1616/3658/1604 1600/3659/1588
f 1573/3655/1561 1600/3659/1588 1601/3660/1589
f 1600/3659/1588 1616/3658/1604 1611/3661/1599
f 1600/3659/1588 1611/3661/1599 1588/3662/1576
f 1859/3663/381 1812/3664/1799 1809/3665/1796
f 1812/3664/1799 1859/3663/381 2412/3666/2396
f 1812/3664/1799 2412/3666/2396 1813/3667/1800
f 1813/3667/1800 2412/3666/2396 2413/3668/2397
f 2412/3666/2396 1859/3663/381 2414/3669/2398
f 2414/3669/2398 1859/3663/381 1858/3670/1845
f 2413/3668/2397 2412/3666/2396 2415/3671/2399
f 2415/3671/2399 2412/3666/2396 2414/3669/2398
f 2413/3668/2397 2415/3671/2399 2416/3672/2400
f 2413/3668/2397 2416/3672/2400 2417/3673/2401
f 2414/3669/2398 1858/3670/1845 2418/3674/2402
f 2414/3669/2398 2418/3674/2402 2415/3671/2399
f 2416/3672/2400 2415/3671/2399 2419/3675/2403
f 2419/3675/2403 2415/3671/2399 2418/3674/2402
f 2418/3674/2402 1858/3670/1845 1857/3676/1844
f 2418/3674/2402 1857/3676/1844 2028/3677/2014
f 2028/3677/2014 1857/3676/1844 1856/3678/1843
f 2419/3675/2403 2418/3674/2402 2420/3679/2404
f 2420/3679/2404 2418/3674/2402 2028/3677/2014
f 2419/3675/2403 2420/3679/2404 2421/3680/2405
f 2419/3675/2403 2421/3680/2405 2001/3681/1987
f 2420/3679/2404 2028/3677/2014 2422/3682/2406
f 2420/3679/2404 2422/3682/2406 2421/3680/2405
f 2421/3680/2405 2422/3682/2406 2423/3683/2407
f 2422/3682/2406 2028/3677/2014 2030/3684/2016
f 2422/3682/2406 2030/3684/2016 2033/3685/2019
f 1910/3686/1896 1785/3687/1772 1787/3688/1774
f 1910/3686/1896 1787/3688/1774 2424/3689/2408
f 2424/3689/2408 1787/3688/1774 1789/3690/1776
f 2424/3689/2408 1789/3690/1776 2425/3691/2409
f 2425/3691/2409 1789/3690/1776 1790/3692/1777
f 2425/3691/2409 1790/3692/1777 2426/3693/2410
f 2424/3689/2408 2425/3691/2409 2427/3694/2411
f 2424/3689/2408 2427/3694/2411 2428/3695/2412
f 2428/3695/2412 2427/3694/2411 2429/3696/2413
f 2427/3694/2411 2425/3691/2409 2430/3697/2414
f 2429/3696/2413 2427/3694/2411 2431/3698/2415
f 2431/3698/2415 2427/3694/2411 2430/3697/2414
f 2429/3696/2413 2431/3698/2415 2432/3699/2416
f 2430/3697/2414 2425/3691/2409 2433/3700/2417
f 2430/3697/2414 2433/3700/2417 2431/3698/2415
f 2433/3700/2417 2425/3691/2409 2426/3693/2410
f 2431/3698/2415 2433/3700/2417 2432/3699/2416
f 2432/3699/2416 2433/3700/2417 2426/3693/2410
f 2424/3701/2408 1926/3702/1912 1910/3703/1896
f 1910/3703/1896 1926/3702/1912 1925/3704/1911
f 1926/3702/1912 2424/3701/2408 2434/3705/2418
f 2434/3705/2418 2424/3701/2408 2428/3706/2412
f 1926/3702/1912 2434/3705/2418 1819/3707/1806
f 1926/3702/1912 1819/3707/1806 1821/3708/1808
f 2434/3705/2418 2428/3706/2412 2435/3709/2419
f 2434/3705/2418 2435/3709/2419 1819/3707/1806
f 2435/3709/2419 2428/3706/2412 2429/3710/2413
f 2435/3709/2419 2429/3710/2413 2432/3711/2416
f 2435/3709/2419 2432/3711/2416 1819/3707/1806
f 1819/3707/1806 2432/3711/2416 2426/3712/2410
f 1819/3707/1806 2426/3712/2410 1790/3713/1777
f 1820/3714/1807 2436/3715/2420 1932/3716/1918
f 1932/3716/1918 2436/3715/2420 1990/3717/1976
f 2436/3715/2420 1820/3714/1807 2437/3718/2421
f 2436/3715/2420 2437/3718/2421 1815/3719/1802
f 2436/3715/2420 1815/3719/1802 2438/3720/2422
f 2437/3718/2421 1820/3714/1807 2439/3721/2423
f 2436/3715/2420 2438/3720/2422 2440/3722/2424
f 2437/3718/2421 2439/3721/2423 2441/3723/2425
f 2439/3721/2423 1820/3714/1807 1817/3724/1804
f 2441/3723/2425 2439/3721/2423 2442/3725/2426
f 2440/3722/2424 2438/3720/2422 2443/3726/2427
f 2440/3722/2424 2443/3726/2427 2444/3727/2428
f 2443/3726/2427 2438/3720/2422 2445/3728/2429
f 2444/3727/2428 2443/3726/2427 2446/3729/2430
f 2443/3726/2427 2445/3728/2429 2447/3730/2431
f 2443/3726/2427 2447/3730/2431 2446/3729/2430
f 2442/3725/2426 2439/3721/2423 2448/3731/2432
f 2442/3725/2426 2448/3731/2432 2449/3732/2433
f 2449/3732/2433 2448/3731/2432 2450/3733/2434
f 2448/3731/2432 2439/3721/2423 2451/3734/2435
f 2448/3731/2432 2451/3734/2435 2450/3733/2434
f 2451/3734/2435 2439/3721/2423 1817/3724/1804
f 2450/3733/2434 2451/3734/2435 2452/3735/2436
f 2451/3734/2435 1817/3724/1804 2453/3736/2437
f 2451/3734/2435 2453/3736/2437 2452/3735/2436
f 2454/3737/2438 2455/3738/2439 1815/3739/1802
f 2454/3737/2438 1815/3739/1802 1813/3740/1800
f 2454/3737/2438 1813/3740/1800 2413/3741/2397
f 1815/3739/1802 2455/3738/2439 2438/3742/2422
f 2454/3737/2438 2413/3741/2397 2417/3743/2401
f 2454/3737/2438 2417/3743/2401 2455/3738/2439
f 2438/3742/2422 2455/3738/2439 2456/3744/2440
f 2456/3744/2440 2455/3738/2439 2417/3743/2401
f 2438/3742/2422 2456/3744/2440 2445/3745/2429
f 2456/3744/2440 2417/3743/2401 2457/3746/2441
f 2456/3744/2440 2457/3746/2441 2445/3745/2429
f 2445/3745/2429 2457/3746/2441 2447/3747/2431
f 2457/3746/2441 2417/3743/2401 2458/3748/2442
f 2447/3747/2431 2457/3746/2441 2446/3749/2430
f 2457/3746/2441 2458/3748/2442 2459/3750/2443
f 2457/3746/2441 2459/3750/2443 2446/3749/2430
f 2459/3750/2443 2458/3748/2442 2460/3751/2444
f 2459/3750/2443 2460/3751/2444 2446/3749/2430
f 2446/3749/2430 2460/3751/2444 2444/3752/2428
f 2460/3751/2444 2458/3748/2442 1998/3753/1984
f 2444/3752/2428 2460/3751/2444 2440/3754/2424
f 2440/3754/2424 2460/3751/2444 1998/3753/1984
f 2440/3754/2424 1998/3753/1984 2436/3755/2420
f 2436/3755/2420 1998/3753/1984 1990/3756/1976
f 1818/3757/1805 2453/3758/2437 1817/3759/1804
f 2453/3758/2437 1818/3757/1805 2461/3760/2445
f 2453/3758/2437 2461/3760/2445 2452/3761/2436
f 2461/3760/2445 1818/3757/1805 2441/3762/2425
f 2441/3762/2425 1818/3757/1805 2437/3763/2421
f 2437/3763/2421 1818/3757/1805 1816/3764/1803
f 2437/3763/2421 1816/3764/1803 1815/3765/1802
f 2461/3760/2445 2441/3762/2425 2462/3766/2446
f 2462/3766/2446 2441/3762/2425 2442/3767/2426
f 2462/3766/2446 2442/3767/2426 2449/3768/2433
f 2461/3760/2445 2462/3766/2446 2463/3769/2447
f 2463/3769/2447 2462/3766/2446 2449/3768/2433
f 2461/3760/2445 2463/3769/2447 2452/3761/2436
f 2463/3769/2447 2449/3768/2433 2450/3770/2434
f 2463/3769/2447 2450/3770/2434 2452/3761/2436
f 2001/3771/1987 2464/3772/2448 2000/3773/1986
f 2464/3772/2448 2001/3771/1987 2421/3774/2405
f 2464/3772/2448 2421/3774/2405 2423/3775/2407
f 2464/3772/2448 2423/3775/2407 2465/3776/2449
f 2465/3776/2449 2423/3775/2407 2466/3777/2450
f 2465/3776/2449 2466/3777/2450 2467/3778/2451
f 2467/3778/2451 2466/3777/2450 2468/3779/2452
f 2468/3779/2452 2466/3777/2450 2469/3780/2453
f 2469/3780/2453 2466/3777/2450 2423/3775/2407
f 2468/3779/2452 2469/3780/2453 2470/3781/2454
f 2469/3780/2453 2423/3775/2407 2471/3782/2455
f 2469/3780/2453 2471/3782/2455 2470/3781/2454
f 2471/3782/2455 2423/3775/2407 2422/3783/2406
f 2470/3781/2454 2471/3782/2455 2472/3784/2456
f 2472/3784/2456 2471/3782/2455 2422/3783/2406
f 2464/3785/2448 1993/3786/1979 2000/3787/1986
f 2000/3787/1986 1993/3786/1979 1994/3788/1980
f 1993/3786/1979 2464/3785/2448 1995/3789/1981
f 1995/3789/1981 2464/3785/2448 2465/3790/2449
f 1995/3789/1981 2465/3790/2449 2473/3791/2457
f 2473/3791/2457 2465/3790/2449 2467/3792/2451
f 2473/3791/2457 2467/3792/2451 2468/3793/2452
f 1995/3789/1981 2473/3791/2457 2033/3794/2019
f 2473/3791/2457 2468/3793/2452 2474/3795/2458
f 2473/3791/2457 2474/3795/2458 2033/3794/2019
f 2474/3795/2458 2468/3793/2452 2470/3796/2454
f 2474/3795/2458 2470/3796/2454 2033/3794/2019
f 2033/3794/2019 2470/3796/2454 2472/3797/2456
f 2033/3794/2019 2472/3797/2456 2422/3798/2406
f 2475/3799/2459 2005/3800/1991 1997/3801/1983
f 2475/3799/2459 1997/3801/1983 1998/3802/1984
f 2475/3799/2459 1998/3802/1984 2458/3803/2442
f 2417/3804/2401 2416/3805/2400 2458/3803/2442
f 2458/3803/2442 2416/3805/2400 2475/3799/2459
f 2475/3799/2459 2416/3805/2400 2476/3806/2460
f 2476/3806/2460 2416/3805/2400 2419/3807/2403
f 2476/3806/2460 2419/3807/2403 2001/3808/1987
f 2476/3806/2460 2001/3808/1987 2475/3799/2459
f 2475/3799/2459 2001/3808/1987 2002/3809/1988
f 2477/3810/2461 2005/3800/1991 2475/3799/2459
f 2477/3810/2461 2475/3799/2459 2002/3809/1988
f 2005/3800/1991 2477/3810/2461 2006/3811/1992
f 2477/3810/2461 2002/3809/1988 2003/3812/1989
f 2477/3810/2461 2003/3812/1989 2006/3811/1992
